trial_id,logic_revision,study_profile,scenario_file_sha256,scenario_selection_sha256,algorithm,comm_model,comm_level,trial_mode,grid_size,grid_cells,robot_count,top_k_rate,top_k_max_cells,max_candidate_cells,condition_id,scenario_file,host_trial_runtime_ms,robot_id,allocator_calls,allocator_calls_pre_clue,allocator_calls_post_clue,allocator_time_ms_total,allocator_time_ms_mean,allocator_time_ms_median,allocator_time_ms_p95,allocator_time_ms_max,allocator_time_pct,candidate_filter_calls,candidate_filter_time_ms_total,candidate_filter_time_ms_mean,candidate_filter_time_ms_max,allocator_time_ms_pre_clue_total,allocator_time_ms_post_clue_total,allocator_host_runtime_pct,trial_status
0,dcta_parity_v1,custom,ae14bee1828d1c0dcb7b43653aba724543f73a298e3ecda5443cfe335ed0f6b2,6bdd9a364b88f43408248d2c3ec330144acbe295f246a95740198128e5f5dcfc,PI,ideal,1.0,clue_search,28,784,4,0.25,196,196,scale_g28_r4_pi_topk025,C:\Users\lottj\Desktop\research\decentralized benchmark\topk_filter_study\results\sensitivity_suite\scenarios\clue_g28_n50.csv,682.5717,00,61,56,5,104.383,1.7111967213114754,0.0257,19.123,26.1838,15.292605890340898,5,45.700900000000004,9.14018,10.8028,1.399,102.98400000000001,15.292605890340898,completed
0,dcta_parity_v1,custom,ae14bee1828d1c0dcb7b43653aba724543f73a298e3ecda5443cfe335ed0f6b2,6bdd9a364b88f43408248d2c3ec330144acbe295f246a95740198128e5f5dcfc,PI,ideal,1.0,clue_search,28,784,4,0.25,196,196,scale_g28_r4_pi_topk025,C:\Users\lottj\Desktop\research\decentralized benchmark\topk_filter_study\results\sensitivity_suite\scenarios\clue_g28_n50.csv,682.5717,01,59,56,3,62.9101,1.0662728813559321,0.0295,17.8774,21.9781,9.216628817163091,3,25.6153,8.538433333333334,11.1178,1.7003,61.2098,9.216628817163091,completed
0,dcta_parity_v1,custom,ae14bee1828d1c0dcb7b43653aba724543f73a298e3ecda5443cfe335ed0f6b2,6bdd9a364b88f43408248d2c3ec330144acbe295f246a95740198128e5f5dcfc,PI,ideal,1.0,clue_search,28,784,4,0.25,196,196,scale_g28_r4_pi_topk025,C:\Users\lottj\Desktop\research\decentralized benchmark\topk_filter_study\results\sensitivity_suite\scenarios\clue_g28_n50.csv,682.5717,02,61,56,5,101.9168,1.670767213114754,0.0307,19.0238,22.7943,14.931295862398047,5,41.5499,8.30998,10.8497,1.8017,100.1151,14.931295862398047,completed
0,dcta_parity_v1,custom,ae14bee1828d1c0dcb7b43653aba724543f73a298e3ecda5443cfe335ed0f6b2,6bdd9a364b88f43408248d2c3ec330144acbe295f246a95740198128e5f5dcfc,PI,ideal,1.0,clue_search,28,784,4,0.25,196,196,scale_g28_r4_pi_topk025,C:\Users\lottj\Desktop\research\decentralized benchmark\topk_filter_study\results\sensitivity_suite\scenarios\clue_g28_n50.csv,682.5717,03,31,28,3,66.9948,2.161122580645161,0.0305,22.0411,25.8899,9.815056791835934,3,25.162200000000002,8.387400000000001,10.6521,0.8811,66.1137,9.815056791835934,completed
1,dcta_parity_v1,custom,ae14bee1828d1c0dcb7b43653aba724543f73a298e3ecda5443cfe335ed0f6b2,6bdd9a364b88f43408248d2c3ec330144acbe295f246a95740198128e5f5dcfc,PI,ideal,1.0,clue_search,28,784,4,0.25,196,196,scale_g28_r4_pi_topk025,C:\Users\lottj\Desktop\research\decentralized benchmark\topk_filter_study\results\sensitivity_suite\scenarios\clue_g28_n50.csv,1070.489,00,25,20,5,157.1193,6.284772,0.0247,35.3647,37.3058,14.6773390478557,5,91.3087,18.26174,21.7108,0.5592,156.5601,14.6773390478557,completed
1,dcta_parity_v1,custom,ae14bee1828d1c0dcb7b43653aba724543f73a298e3ecda5443cfe335ed0f6b2,6bdd9a364b88f43408248d2c3ec330144acbe295f246a95740198128e5f5dcfc,PI,ideal,1.0,clue_search,28,784,4,0.25,196,196,scale_g28_r4_pi_topk025,C:\Users\lottj\Desktop\research\decentralized benchmark\topk_filter_study\results\sensitivity_suite\scenarios\clue_g28_n50.csv,1070.489,01,26,20,6,183.9466,7.07486923076923,0.025849999999999998,35.1323,37.5151,17.183418045397943,6,107.1431,17.857183333333335,22.0385,0.603,183.34359999999998,17.183418045397943,completed
1,dcta_parity_v1,custom,ae14bee1828d1c0dcb7b43653aba724543f73a298e3ecda5443cfe335ed0f6b2,6bdd9a364b88f43408248d2c3ec330144acbe295f246a95740198128e5f5dcfc,PI,ideal,1.0,clue_search,28,784,4,0.25,196,196,scale_g28_r4_pi_topk025,C:\Users\lottj\Desktop\research\decentralized benchmark\topk_filter_study\results\sensitivity_suite\scenarios\clue_g28_n50.csv,1070.489,02,25,20,5,159.9893,6.399571999999999,0.0283,37.0526,37.9261,14.945440821904754,5,95.953,19.1906,24.1647,0.6,159.3893,14.945440821904754,completed
1,dcta_parity_v1,custom,ae14bee1828d1c0dcb7b43653aba724543f73a298e3ecda5443cfe335ed0f6b2,6bdd9a364b88f43408248d2c3ec330144acbe295f246a95740198128e5f5dcfc,PI,ideal,1.0,clue_search,28,784,4,0.25,196,196,scale_g28_r4_pi_topk025,C:\Users\lottj\Desktop\research\decentralized benchmark\topk_filter_study\results\sensitivity_suite\scenarios\clue_g28_n50.csv,1070.489,03,27,19,8,256.842,9.512666666666666,0.0304,37.899,38.4523,23.992960226588032,8,161.0297,20.1287125,23.2323,0.5898,256.2522,23.992960226588032,completed
2,dcta_parity_v1,custom,ae14bee1828d1c0dcb7b43653aba724543f73a298e3ecda5443cfe335ed0f6b2,6bdd9a364b88f43408248d2c3ec330144acbe295f246a95740198128e5f5dcfc,PI,ideal,1.0,clue_search,28,784,4,0.25,196,196,scale_g28_r4_pi_topk025,C:\Users\lottj\Desktop\research\decentralized benchmark\topk_filter_study\results\sensitivity_suite\scenarios\clue_g28_n50.csv,196.7804,00,44,44,0,1.1256,0.02558181818181818,0.02275,0.0369,0.091,0.5720081878073222,0,0.0,0.0,0.0,1.1256,0.0,0.5720081878073222,completed
2,dcta_parity_v1,custom,ae14bee1828d1c0dcb7b43653aba724543f73a298e3ecda5443cfe335ed0f6b2,6bdd9a364b88f43408248d2c3ec330144acbe295f246a95740198128e5f5dcfc,PI,ideal,1.0,clue_search,28,784,4,0.25,196,196,scale_g28_r4_pi_topk025,C:\Users\lottj\Desktop\research\decentralized benchmark\topk_filter_study\results\sensitivity_suite\scenarios\clue_g28_n50.csv,196.7804,01,44,44,0,1.195,0.02715909090909091,0.026250000000000002,0.0394,0.0454,0.607275927887127,0,0.0,0.0,0.0,1.195,0.0,0.607275927887127,completed
2,dcta_parity_v1,custom,ae14bee1828d1c0dcb7b43653aba724543f73a298e3ecda5443cfe335ed0f6b2,6bdd9a364b88f43408248d2c3ec330144acbe295f246a95740198128e5f5dcfc,PI,ideal,1.0,clue_search,28,784,4,0.25,196,196,scale_g28_r4_pi_topk025,C:\Users\lottj\Desktop\research\decentralized benchmark\topk_filter_study\results\sensitivity_suite\scenarios\clue_g28_n50.csv,196.7804,02,45,45,0,1.3619,0.030264444444444448,0.0275,0.0466,0.0782,0.6920912855142077,0,0.0,0.0,0.0,1.3619,0.0,0.6920912855142077,completed
2,dcta_parity_v1,custom,ae14bee1828d1c0dcb7b43653aba724543f73a298e3ecda5443cfe335ed0f6b2,6bdd9a364b88f43408248d2c3ec330144acbe295f246a95740198128e5f5dcfc,PI,ideal,1.0,clue_search,28,784,4,0.25,196,196,scale_g28_r4_pi_topk025,C:\Users\lottj\Desktop\research\decentralized benchmark\topk_filter_study\results\sensitivity_suite\scenarios\clue_g28_n50.csv,196.7804,03,28,28,0,1.0139,0.036210714285714284,0.03165,0.0746,0.0887,0.5152444044223917,0,0.0,0.0,0.0,1.0139,0.0,0.5152444044223917,completed
3,dcta_parity_v1,custom,ae14bee1828d1c0dcb7b43653aba724543f73a298e3ecda5443cfe335ed0f6b2,6bdd9a364b88f43408248d2c3ec330144acbe295f246a95740198128e5f5dcfc,PI,ideal,1.0,clue_search,28,784,4,0.25,196,196,scale_g28_r4_pi_topk025,C:\Users\lottj\Desktop\research\decentralized benchmark\topk_filter_study\results\sensitivity_suite\scenarios\clue_g28_n50.csv,1967.2475,00,55,48,7,228.0362,4.146112727272728,0.0166,34.3323,35.3735,11.591637554501913,7,126.3382,18.048314285714287,20.1279,0.8124,227.2238,11.591637554501913,completed
3,dcta_parity_v1,custom,ae14bee1828d1c0dcb7b43653aba724543f73a298e3ecda5443cfe335ed0f6b2,6bdd9a364b88f43408248d2c3ec330144acbe295f246a95740198128e5f5dcfc,PI,ideal,1.0,clue_search,28,784,4,0.25,196,196,scale_g28_r4_pi_topk025,C:\Users\lottj\Desktop\research\decentralized benchmark\topk_filter_study\results\sensitivity_suite\scenarios\clue_g28_n50.csv,1967.2475,01,62,48,14,419.4024,6.764554838709677,0.0191,34.1274,36.0318,21.319249357287276,14,241.3303,17.23787857142857,21.5741,0.9218,418.4806,21.319249357287276,completed
3,dcta_parity_v1,custom,ae14bee1828d1c0dcb7b43653aba724543f73a298e3ecda5443cfe335ed0f6b2,6bdd9a364b88f43408248d2c3ec330144acbe295f246a95740198128e5f5dcfc,PI,ideal,1.0,clue_search,28,784,4,0.25,196,196,scale_g28_r4_pi_topk025,C:\Users\lottj\Desktop\research\decentralized benchmark\topk_filter_study\results\sensitivity_suite\scenarios\clue_g28_n50.csv,1967.2475,02,57,48,9,285.6853,5.012022807017543,0.0208,34.0152,36.4623,14.522082249437348,9,161.3526,17.928066666666666,20.8333,1.0735,284.6118,14.522082249437348,completed
3,dcta_parity_v1,custom,ae14bee1828d1c0dcb7b43653aba724543f73a298e3ecda5443cfe335ed0f6b2,6bdd9a364b88f43408248d2c3ec330144acbe295f246a95740198128e5f5dcfc,PI,ideal,1.0,clue_search,28,784,4,0.25,196,196,scale_g28_r4_pi_topk025,C:\Users\lottj\Desktop\research\decentralized benchmark\topk_filter_study\results\sensitivity_suite\scenarios\clue_g28_n50.csv,1967.2475,03,43,28,15,474.2213,11.028402325581395,0.0225,34.6009,37.738,24.105828066880246,15,282.1823,18.812153333333335,23.0364,0.6445,473.5768,24.105828066880246,completed
4,dcta_parity_v1,custom,ae14bee1828d1c0dcb7b43653aba724543f73a298e3ecda5443cfe335ed0f6b2,6bdd9a364b88f43408248d2c3ec330144acbe295f246a95740198128e5f5dcfc,PI,ideal,1.0,clue_search,28,784,4,0.25,196,196,scale_g28_r4_pi_topk025,C:\Users\lottj\Desktop\research\decentralized benchmark\topk_filter_study\results\sensitivity_suite\scenarios\clue_g28_n50.csv,840.1811,00,47,42,5,121.4632,2.5843234042553194,0.0249,25.1649,29.5619,14.456787947265179,5,50.364399999999996,10.07288,12.424,1.0778,120.3854,14.456787947265179,completed
4,dcta_parity_v1,custom,ae14bee1828d1c0dcb7b43653aba724543f73a298e3ecda5443cfe335ed0f6b2,6bdd9a364b88f43408248d2c3ec330144acbe295f246a95740198128e5f5dcfc,PI,ideal,1.0,clue_search,28,784,4,0.25,196,196,scale_g28_r4_pi_topk025,C:\Users\lottj\Desktop\research\decentralized benchmark\topk_filter_study\results\sensitivity_suite\scenarios\clue_g28_n50.csv,840.1811,01,47,42,5,132.1072,2.8107914893617023,0.0276,25.9684,27.9437,15.72365767332781,5,55.6182,11.12364,11.937,1.2299,130.8773,15.72365767332781,completed
4,dcta_parity_v1,custom,ae14bee1828d1c0dcb7b43653aba724543f73a298e3ecda5443cfe335ed0f6b2,6bdd9a364b88f43408248d2c3ec330144acbe295f246a95740198128e5f5dcfc,PI,ideal,1.0,clue_search,28,784,4,0.25,196,196,scale_g28_r4_pi_topk025,C:\Users\lottj\Desktop\research\decentralized benchmark\topk_filter_study\results\sensitivity_suite\scenarios\clue_g28_n50.csv,840.1811,02,46,42,4,103.2684,2.244965217391304,0.03085,23.3532,32.2,12.291207217110692,4,47.8853,11.971325,14.1216,1.3979,101.8705,12.291207217110692,completed
4,dcta_parity_v1,custom,ae14bee1828d1c0dcb7b43653aba724543f73a298e3ecda5443cfe335ed0f6b2,6bdd9a364b88f43408248d2c3ec330144acbe295f246a95740198128e5f5dcfc,PI,ideal,1.0,clue_search,28,784,4,0.25,196,196,scale_g28_r4_pi_topk025,C:\Users\lottj\Desktop\research\decentralized benchmark\topk_filter_study\results\sensitivity_suite\scenarios\clue_g28_n50.csv,840.1811,03,31,28,3,79.2736,2.5572129032258064,0.0321,26.4179,26.9617,9.435299127771382,3,34.074,11.357999999999999,12.2058,0.9745,78.2991,9.435299127771382,completed
5,dcta_parity_v1,custom,ae14bee1828d1c0dcb7b43653aba724543f73a298e3ecda5443cfe335ed0f6b2,6bdd9a364b88f43408248d2c3ec330144acbe295f246a95740198128e5f5dcfc,PI,ideal,1.0,clue_search,28,784,4,0.25,196,196,scale_g28_r4_pi_topk025,C:\Users\lottj\Desktop\research\decentralized benchmark\topk_filter_study\results\sensitivity_suite\scenarios\clue_g28_n50.csv,8908.2991,00,53,1,52,1378.5805,26.01095283018868,28.7799,35.2524,37.1716,15.475238140578371,52,599.4269,11.527440384615385,21.8635,0.0409,1378.5396,15.475238140578371,completed
5,dcta_parity_v1,custom,ae14bee1828d1c0dcb7b43653aba724543f73a298e3ecda5443cfe335ed0f6b2,6bdd9a364b88f43408248d2c3ec330144acbe295f246a95740198128e5f5dcfc,PI,ideal,1.0,clue_search,28,784,4,0.25,196,196,scale_g28_r4_pi_topk025,C:\Users\lottj\Desktop\research\decentralized benchmark\topk_filter_study\results\sensitivity_suite\scenarios\clue_g28_n50.csv,8908.2991,01,49,1,48,1252.0204,25.55143673469388,27.9217,35.2252,37.4001,14.054539322775994,48,535.5631,11.157564583333333,19.7018,0.0987,1251.9217,14.054539322775994,completed
5,dcta_parity_v1,custom,ae14bee1828d1c0dcb7b43653aba724543f73a298e3ecda5443cfe335ed0f6b2,6bdd9a364b88f43408248d2c3ec330144acbe295f246a95740198128e5f5dcfc,PI,ideal,1.0,clue_search,28,784,4,0.25,196,196,scale_g28_r4_pi_topk025,C:\Users\lottj\Desktop\research\decentralized benchmark\topk_filter_study\results\sensitivity_suite\scenarios\clue_g28_n50.csv,8908.2991,02,62,1,61,1678.58,27.073870967741936,29.5017,35.7129,36.7433,18.842878771324596,61,743.4054,12.186973770491804,20.6575,0.0503,1678.5297,18.842878771324596,completed
5,dcta_parity_v1,custom,ae14bee1828d1c0dcb7b43653aba724543f73a298e3ecda5443cfe335ed0f6b2,6bdd9a364b88f43408248d2c3ec330144acbe295f246a95740198128e5f5dcfc,PI,ideal,1.0,clue_search,28,784,4,0.25,196,196,scale_g28_r4_pi_topk025,C:\Users\lottj\Desktop\research\decentralized benchmark\topk_filter_study\results\sensitivity_suite\scenarios\clue_g28_n50.csv,8908.2991,03,65,1,64,1679.8844,25.844375384615383,29.4111,34.522,36.2267,18.85752129719129,64,724.2563,11.3165046875,20.0064,0.0485,1679.8359,18.85752129719129,completed
6,dcta_parity_v1,custom,ae14bee1828d1c0dcb7b43653aba724543f73a298e3ecda5443cfe335ed0f6b2,6bdd9a364b88f43408248d2c3ec330144acbe295f246a95740198128e5f5dcfc,PI,ideal,1.0,clue_search,28,784,4,0.25,196,196,scale_g28_r4_pi_topk025,C:\Users\lottj\Desktop\research\decentralized benchmark\topk_filter_study\results\sensitivity_suite\scenarios\clue_g28_n50.csv,166.2499,00,34,34,0,0.8644000000000001,0.025423529411764706,0.023350000000000003,0.0406,0.0869,0.5199401623700226,0,0.0,0.0,0.0,0.8644000000000001,0.0,0.5199401623700226,completed
6,dcta_parity_v1,custom,ae14bee1828d1c0dcb7b43653aba724543f73a298e3ecda5443cfe335ed0f6b2,6bdd9a364b88f43408248d2c3ec330144acbe295f246a95740198128e5f5dcfc,PI,ideal,1.0,clue_search,28,784,4,0.25,196,196,scale_g28_r4_pi_topk025,C:\Users\lottj\Desktop\research\decentralized benchmark\topk_filter_study\results\sensitivity_suite\scenarios\clue_g28_n50.csv,166.2499,01,34,34,0,0.8777,0.02581470588235294,0.02645,0.0319,0.0411,0.5279401671820555,0,0.0,0.0,0.0,0.8777,0.0,0.5279401671820555,completed
6,dcta_parity_v1,custom,ae14bee1828d1c0dcb7b43653aba724543f73a298e3ecda5443cfe335ed0f6b2,6bdd9a364b88f43408248d2c3ec330144acbe295f246a95740198128e5f5dcfc,PI,ideal,1.0,clue_search,28,784,4,0.25,196,196,scale_g28_r4_pi_topk025,C:\Users\lottj\Desktop\research\decentralized benchmark\topk_filter_study\results\sensitivity_suite\scenarios\clue_g28_n50.csv,166.2499,02,34,34,0,0.9623,0.02830294117647059,0.02805,0.0381,0.0447,0.5788274158360396,0,0.0,0.0,0.0,0.9623,0.0,0.5788274158360396,completed
6,dcta_parity_v1,custom,ae14bee1828d1c0dcb7b43653aba724543f73a298e3ecda5443cfe335ed0f6b2,6bdd9a364b88f43408248d2c3ec330144acbe295f246a95740198128e5f5dcfc,PI,ideal,1.0,clue_search,28,784,4,0.25,196,196,scale_g28_r4_pi_topk025,C:\Users\lottj\Desktop\research\decentralized benchmark\topk_filter_study\results\sensitivity_suite\scenarios\clue_g28_n50.csv,166.2499,03,28,28,0,0.8558,0.030564285714285714,0.029449999999999997,0.0363,0.0579,0.5147672269276553,0,0.0,0.0,0.0,0.8558,0.0,0.5147672269276553,completed
7,dcta_parity_v1,custom,ae14bee1828d1c0dcb7b43653aba724543f73a298e3ecda5443cfe335ed0f6b2,6bdd9a364b88f43408248d2c3ec330144acbe295f246a95740198128e5f5dcfc,PI,ideal,1.0,clue_search,28,784,4,0.25,196,196,scale_g28_r4_pi_topk025,C:\Users\lottj\Desktop\research\decentralized benchmark\topk_filter_study\results\sensitivity_suite\scenarios\clue_g28_n50.csv,7546.8939,00,72,26,46,1237.5222,17.187808333333336,21.6714,35.8177,39.1274,16.39776862372479,46,535.5281,11.641915217391304,22.8725,0.6503,1236.8719,16.39776862372479,completed
7,dcta_parity_v1,custom,ae14bee1828d1c0dcb7b43653aba724543f73a298e3ecda5443cfe335ed0f6b2,6bdd9a364b88f43408248d2c3ec330144acbe295f246a95740198128e5f5dcfc,PI,ideal,1.0,clue_search,28,784,4,0.25,196,196,scale_g28_r4_pi_topk025,C:\Users\lottj\Desktop\research\decentralized benchmark\topk_filter_study\results\sensitivity_suite\scenarios\clue_g28_n50.csv,7546.8939,01,73,26,47,1208.5968,16.556120547945206,16.7174,35.8846,37.7468,16.01449306184098,47,525.4324,11.179412765957448,23.3442,0.6911,1207.9057,16.01449306184098,completed
7,dcta_parity_v1,custom,ae14bee1828d1c0dcb7b43653aba724543f73a298e3ecda5443cfe335ed0f6b2,6bdd9a364b88f43408248d2c3ec330144acbe295f246a95740198128e5f5dcfc,PI,ideal,1.0,clue_search,28,784,4,0.25,196,196,scale_g28_r4_pi_topk025,C:\Users\lottj\Desktop\research\decentralized benchmark\topk_filter_study\results\sensitivity_suite\scenarios\clue_g28_n50.csv,7546.8939,02,76,26,50,1397.3975,18.386809210526316,24.0473,37.0979,41.0424,18.516193794641794,50,631.5591000000001,12.631182,26.0718,0.769,1396.6285,18.516193794641794,completed
7,dcta_parity_v1,custom,ae14bee1828d1c0dcb7b43653aba724543f73a298e3ecda5443cfe335ed0f6b2,6bdd9a364b88f43408248d2c3ec330144acbe295f246a95740198128e5f5dcfc,PI,ideal,1.0,clue_search,28,784,4,0.25,196,196,scale_g28_r4_pi_topk025,C:\Users\lottj\Desktop\research\decentralized benchmark\topk_filter_study\results\sensitivity_suite\scenarios\clue_g28_n50.csv,7546.8939,03,72,27,45,1243.4562,17.270225,23.222050000000003,36.8019,39.444,16.476396998240563,45,555.2085,12.337966666666667,24.5511,0.847,1242.6092,16.476396998240563,completed
8,dcta_parity_v1,custom,ae14bee1828d1c0dcb7b43653aba724543f73a298e3ecda5443cfe335ed0f6b2,6bdd9a364b88f43408248d2c3ec330144acbe295f246a95740198128e5f5dcfc,PI,ideal,1.0,clue_search,28,784,4,0.25,196,196,scale_g28_r4_pi_topk025,C:\Users\lottj\Desktop\research\decentralized benchmark\topk_filter_study\results\sensitivity_suite\scenarios\clue_g28_n50.csv,50.8506,00,9,9,0,0.274,0.030444444444444448,0.0302,0.0438,0.0438,0.5388333667646007,0,0.0,0.0,0.0,0.274,0.0,0.5388333667646007,completed
8,dcta_parity_v1,custom,ae14bee1828d1c0dcb7b43653aba724543f73a298e3ecda5443cfe335ed0f6b2,6bdd9a364b88f43408248d2c3ec330144acbe295f246a95740198128e5f5dcfc,PI,ideal,1.0,clue_search,28,784,4,0.25,196,196,scale_g28_r4_pi_topk025,C:\Users\lottj\Desktop\research\decentralized benchmark\topk_filter_study\results\sensitivity_suite\scenarios\clue_g28_n50.csv,50.8506,01,10,10,0,0.3191,0.03191,0.03185,0.0446,0.0446,0.6275245523160002,0,0.0,0.0,0.0,0.3191,0.0,0.6275245523160002,completed
8,dcta_parity_v1,custom,ae14bee1828d1c0dcb7b43653aba724543f73a298e3ecda5443cfe335ed0f6b2,6bdd9a364b88f43408248d2c3ec330144acbe295f246a95740198128e5f5dcfc,PI,ideal,1.0,clue_search,28,784,4,0.25,196,196,scale_g28_r4_pi_topk025,C:\Users\lottj\Desktop\research\decentralized benchmark\topk_filter_study\results\sensitivity_suite\scenarios\clue_g28_n50.csv,50.8506,02,9,9,0,0.3054,0.033933333333333336,0.0311,0.0555,0.0555,0.6005828839777702,0,0.0,0.0,0.0,0.3054,0.0,0.6005828839777702,completed
8,dcta_parity_v1,custom,ae14bee1828d1c0dcb7b43653aba724543f73a298e3ecda5443cfe335ed0f6b2,6bdd9a364b88f43408248d2c3ec330144acbe295f246a95740198128e5f5dcfc,PI,ideal,1.0,clue_search,28,784,4,0.25,196,196,scale_g28_r4_pi_topk025,C:\Users\lottj\Desktop\research\decentralized benchmark\topk_filter_study\results\sensitivity_suite\scenarios\clue_g28_n50.csv,50.8506,03,10,10,0,0.4621,0.04621,0.0413,0.0992,0.0992,0.9087405065033648,0,0.0,0.0,0.0,0.4621,0.0,0.9087405065033648,completed
9,dcta_parity_v1,custom,ae14bee1828d1c0dcb7b43653aba724543f73a298e3ecda5443cfe335ed0f6b2,6bdd9a364b88f43408248d2c3ec330144acbe295f246a95740198128e5f5dcfc,PI,ideal,1.0,clue_search,28,784,4,0.25,196,196,scale_g28_r4_pi_topk025,C:\Users\lottj\Desktop\research\decentralized benchmark\topk_filter_study\results\sensitivity_suite\scenarios\clue_g28_n50.csv,1134.4079,00,34,30,4,149.6816,4.4024,0.0287,39.5714,40.7835,13.194689493964209,4,87.5352,21.8838,24.2699,0.8405,148.84109999999998,13.194689493964209,completed
9,dcta_parity_v1,custom,ae14bee1828d1c0dcb7b43653aba724543f73a298e3ecda5443cfe335ed0f6b2,6bdd9a364b88f43408248d2c3ec330144acbe295f246a95740198128e5f5dcfc,PI,ideal,1.0,clue_search,28,784,4,0.25,196,196,scale_g28_r4_pi_topk025,C:\Users\lottj\Desktop\research\decentralized benchmark\topk_filter_study\results\sensitivity_suite\scenarios\clue_g28_n50.csv,1134.4079,01,37,31,6,227.2706,6.1424486486486485,0.0292,40.1647,41.5944,20.03429277951961,6,145.9413,24.32355,26.5322,0.9314,226.3392,20.03429277951961,completed
9,dcta_parity_v1,custom,ae14bee1828d1c0dcb7b43653aba724543f73a298e3ecda5443cfe335ed0f6b2,6bdd9a364b88f43408248d2c3ec330144acbe295f246a95740198128e5f5dcfc,PI,ideal,1.0,clue_search,28,784,4,0.25,196,196,scale_g28_r4_pi_topk025,C:\Users\lottj\Desktop\research\decentralized benchmark\topk_filter_study\results\sensitivity_suite\scenarios\clue_g28_n50.csv,1134.4079,02,35,31,4,149.3067,4.265905714285714,0.0351,40.0888,41.9083,13.16164141663682,4,86.0272,21.5068,25.6672,1.0707,148.236,13.16164141663682,completed
9,dcta_parity_v1,custom,ae14bee1828d1c0dcb7b43653aba724543f73a298e3ecda5443cfe335ed0f6b2,6bdd9a364b88f43408248d2c3ec330144acbe295f246a95740198128e5f5dcfc,PI,ideal,1.0,clue_search,28,784,4,0.25,196,196,scale_g28_r4_pi_topk025,C:\Users\lottj\Desktop\research\decentralized benchmark\topk_filter_study\results\sensitivity_suite\scenarios\clue_g28_n50.csv,1134.4079,03,33,28,5,200.7472,6.083248484848484,0.0378,41.4805,42.8238,17.696209626184725,5,120.6168,24.123359999999998,26.923,1.1369,199.6103,17.696209626184725,completed
10,dcta_parity_v1,custom,ae14bee1828d1c0dcb7b43653aba724543f73a298e3ecda5443cfe335ed0f6b2,6bdd9a364b88f43408248d2c3ec330144acbe295f246a95740198128e5f5dcfc,PI,ideal,1.0,clue_search,28,784,4,0.25,196,196,scale_g28_r4_pi_topk025,C:\Users\lottj\Desktop\research\decentralized benchmark\topk_filter_study\results\sensitivity_suite\scenarios\clue_g28_n50.csv,9308.9125,00,62,15,47,1348.1213,21.74389193548387,27.0276,40.2783,43.205,14.482049326384795,47,656.7481,13.973363829787235,26.5004,0.3656,1347.7557,14.482049326384795,completed
10,dcta_parity_v1,custom,ae14bee1828d1c0dcb7b43653aba724543f73a298e3ecda5443cfe335ed0f6b2,6bdd9a364b88f43408248d2c3ec330144acbe295f246a95740198128e5f5dcfc,PI,ideal,1.0,clue_search,28,784,4,0.25,196,196,scale_g28_r4_pi_topk025,C:\Users\lottj\Desktop\research\decentralized benchmark\topk_filter_study\results\sensitivity_suite\scenarios\clue_g28_n50.csv,9308.9125,01,72,14,58,1398.9383,19.42969861111111,16.4134,39.1878,43.7238,15.027945530694376,58,598.4695,10.318439655172414,29.1624,0.401,1398.5373,15.027945530694376,completed
10,dcta_parity_v1,custom,ae14bee1828d1c0dcb7b43653aba724543f73a298e3ecda5443cfe335ed0f6b2,6bdd9a364b88f43408248d2c3ec330144acbe295f246a95740198128e5f5dcfc,PI,ideal,1.0,clue_search,28,784,4,0.25,196,196,scale_g28_r4_pi_topk025,C:\Users\lottj\Desktop\research\decentralized benchmark\topk_filter_study\results\sensitivity_suite\scenarios\clue_g28_n50.csv,9308.9125,02,62,14,48,1427.7217,23.02776935483871,29.8119,39.3732,43.7443,15.33714813626189,48,731.726,15.244291666666667,29.3496,0.4395,1427.2822,15.33714813626189,completed
10,dcta_parity_v1,custom,ae14bee1828d1c0dcb7b43653aba724543f73a298e3ecda5443cfe335ed0f6b2,6bdd9a364b88f43408248d2c3ec330144acbe295f246a95740198128e5f5dcfc,PI,ideal,1.0,clue_search,28,784,4,0.25,196,196,scale_g28_r4_pi_topk025,C:\Users\lottj\Desktop\research\decentralized benchmark\topk_filter_study\results\sensitivity_suite\scenarios\clue_g28_n50.csv,9308.9125,03,86,15,71,1844.4179,21.44671976744186,25.7436,39.2268,43.4244,19.81346263594163,71,854.9715,12.041852112676056,25.2644,0.4808,1843.9371,19.81346263594163,completed
11,dcta_parity_v1,custom,ae14bee1828d1c0dcb7b43653aba724543f73a298e3ecda5443cfe335ed0f6b2,6bdd9a364b88f43408248d2c3ec330144acbe295f246a95740198128e5f5dcfc,PI,ideal,1.0,clue_search,28,784,4,0.25,196,196,scale_g28_r4_pi_topk025,C:\Users\lottj\Desktop\research\decentralized benchmark\topk_filter_study\results\sensitivity_suite\scenarios\clue_g28_n50.csv,6771.8184,00,37,1,36,939.5469,25.39315945945946,25.8532,31.8253,32.0509,13.87436644786576,36,365.1923,10.144230555555556,14.3902,0.0439,939.503,13.87436644786576,completed
11,dcta_parity_v1,custom,ae14bee1828d1c0dcb7b43653aba724543f73a298e3ecda5443cfe335ed0f6b2,6bdd9a364b88f43408248d2c3ec330144acbe295f246a95740198128e5f5dcfc,PI,ideal,1.0,clue_search,28,784,4,0.25,196,196,scale_g28_r4_pi_topk025,C:\Users\lottj\Desktop\research\decentralized benchmark\topk_filter_study\results\sensitivity_suite\scenarios\clue_g28_n50.csv,6771.8184,01,25,1,24,617.0586,24.682343999999997,26.0574,31.0229,33.836,9.11215516352299,24,233.5022,9.729258333333332,13.941,0.0406,617.018,9.11215516352299,completed
11,dcta_parity_v1,custom,ae14bee1828d1c0dcb7b43653aba724543f73a298e3ecda5443cfe335ed0f6b2,6bdd9a364b88f43408248d2c3ec330144acbe295f246a95740198128e5f5dcfc,PI,ideal,1.0,clue_search,28,784,4,0.25,196,196,scale_g28_r4_pi_topk025,C:\Users\lottj\Desktop\research\decentralized benchmark\topk_filter_study\results\sensitivity_suite\scenarios\clue_g28_n50.csv,6771.8184,02,55,1,54,1318.8002,23.978185454545454,24.5162,30.8901,32.9212,19.474831162040612,54,511.9662,9.480855555555555,14.3172,0.0975,1318.7027,19.474831162040612,completed
11,dcta_parity_v1,custom,ae14bee1828d1c0dcb7b43653aba724543f73a298e3ecda5443cfe335ed0f6b2,6bdd9a364b88f43408248d2c3ec330144acbe295f246a95740198128e5f5dcfc,PI,ideal,1.0,clue_search,28,784,4,0.25,196,196,scale_g28_r4_pi_topk025,C:\Users\lottj\Desktop\research\decentralized benchmark\topk_filter_study\results\sensitivity_suite\scenarios\clue_g28_n50.csv,6771.8184,03,56,1,55,1432.1984,25.574971428571427,26.1333,31.4605,38.7117,21.149391720250502,55,577.3113,10.496569090909091,15.198,0.05,1432.1484,21.149391720250502,completed
12,dcta_parity_v1,custom,ae14bee1828d1c0dcb7b43653aba724543f73a298e3ecda5443cfe335ed0f6b2,6bdd9a364b88f43408248d2c3ec330144acbe295f246a95740198128e5f5dcfc,PI,ideal,1.0,clue_search,28,784,4,0.25,196,196,scale_g28_r4_pi_topk025,C:\Users\lottj\Desktop\research\decentralized benchmark\topk_filter_study\results\sensitivity_suite\scenarios\clue_g28_n50.csv,246.3465,00,52,52,0,1.3474,0.02591153846153846,0.0253,0.0364,0.0464,0.5469531736801618,0,0.0,0.0,0.0,1.3474,0.0,0.5469531736801618,completed
12,dcta_parity_v1,custom,ae14bee1828d1c0dcb7b43653aba724543f73a298e3ecda5443cfe335ed0f6b2,6bdd9a364b88f43408248d2c3ec330144acbe295f246a95740198128e5f5dcfc,PI,ideal,1.0,clue_search,28,784,4,0.25,196,196,scale_g28_r4_pi_topk025,C:\Users\lottj\Desktop\research\decentralized benchmark\topk_filter_study\results\sensitivity_suite\scenarios\clue_g28_n50.csv,246.3465,01,52,52,0,1.4827,0.028513461538461536,0.0277,0.0368,0.044,0.6018758131331274,0,0.0,0.0,0.0,1.4827,0.0,0.6018758131331274,completed
12,dcta_parity_v1,custom,ae14bee1828d1c0dcb7b43653aba724543f73a298e3ecda5443cfe335ed0f6b2,6bdd9a364b88f43408248d2c3ec330144acbe295f246a95740198128e5f5dcfc,PI,ideal,1.0,clue_search,28,784,4,0.25,196,196,scale_g28_r4_pi_topk025,C:\Users\lottj\Desktop\research\decentralized benchmark\topk_filter_study\results\sensitivity_suite\scenarios\clue_g28_n50.csv,246.3465,02,52,52,0,1.7607,0.033859615384615384,0.03215,0.0429,0.0825,0.714724991018748,0,0.0,0.0,0.0,1.7607,0.0,0.714724991018748,completed
12,dcta_parity_v1,custom,ae14bee1828d1c0dcb7b43653aba724543f73a298e3ecda5443cfe335ed0f6b2,6bdd9a364b88f43408248d2c3ec330144acbe295f246a95740198128e5f5dcfc,PI,ideal,1.0,clue_search,28,784,4,0.25,196,196,scale_g28_r4_pi_topk025,C:\Users\lottj\Desktop\research\decentralized benchmark\topk_filter_study\results\sensitivity_suite\scenarios\clue_g28_n50.csv,246.3465,03,28,28,0,0.9003,0.03215357142857143,0.03055,0.0433,0.055,0.36546084478569824,0,0.0,0.0,0.0,0.9003,0.0,0.36546084478569824,completed
13,dcta_parity_v1,custom,ae14bee1828d1c0dcb7b43653aba724543f73a298e3ecda5443cfe335ed0f6b2,6bdd9a364b88f43408248d2c3ec330144acbe295f246a95740198128e5f5dcfc,PI,ideal,1.0,clue_search,28,784,4,0.25,196,196,scale_g28_r4_pi_topk025,C:\Users\lottj\Desktop\research\decentralized benchmark\topk_filter_study\results\sensitivity_suite\scenarios\clue_g28_n50.csv,5995.1288,00,107,69,38,791.0124,7.392639252336449,0.0338,32.6204,37.3824,13.194251973368777,38,294.4912,7.749768421052631,20.9061,2.0768,788.9356,13.194251973368777,completed
13,dcta_parity_v1,custom,ae14bee1828d1c0dcb7b43653aba724543f73a298e3ecda5443cfe335ed0f6b2,6bdd9a364b88f43408248d2c3ec330144acbe295f246a95740198128e5f5dcfc,PI,ideal,1.0,clue_search,28,784,4,0.25,196,196,scale_g28_r4_pi_topk025,C:\Users\lottj\Desktop\research\decentralized benchmark\topk_filter_study\results\sensitivity_suite\scenarios\clue_g28_n50.csv,5995.1288,01,130,69,61,1168.9159,8.99166076923077,0.0392,31.8801,36.7539,19.497761249099433,61,437.6263,7.174201639344263,20.1034,2.2538,1166.6621,19.497761249099433,completed
13,dcta_parity_v1,custom,ae14bee1828d1c0dcb7b43653aba724543f73a298e3ecda5443cfe335ed0f6b2,6bdd9a364b88f43408248d2c3ec330144acbe295f246a95740198128e5f5dcfc,PI,ideal,1.0,clue_search,28,784,4,0.25,196,196,scale_g28_r4_pi_topk025,C:\Users\lottj\Desktop\research\decentralized benchmark\topk_filter_study\results\sensitivity_suite\scenarios\clue_g28_n50.csv,5995.1288,02,109,70,39,790.6834,7.2539761467889905,0.0389,34.3211,40.3825,13.188764184682736,39,319.2171,8.185053846153847,21.4474,2.5099,788.1735,13.188764184682736,completed
13,dcta_parity_v1,custom,ae14bee1828d1c0dcb7b43653aba724543f73a298e3ecda5443cfe335ed0f6b2,6bdd9a364b88f43408248d2c3ec330144acbe295f246a95740198128e5f5dcfc,PI,ideal,1.0,clue_search,28,784,4,0.25,196,196,scale_g28_r4_pi_topk025,C:\Users\lottj\Desktop\research\decentralized benchmark\topk_filter_study\results\sensitivity_suite\scenarios\clue_g28_n50.csv,5995.1288,03,67,29,38,880.7142,13.144988059701493,10.0674,33.9861,38.8217,14.690496724607483,38,349.9723,9.209797368421054,21.3845,0.982,879.7322,14.690496724607483,completed
14,dcta_parity_v1,custom,ae14bee1828d1c0dcb7b43653aba724543f73a298e3ecda5443cfe335ed0f6b2,6bdd9a364b88f43408248d2c3ec330144acbe295f246a95740198128e5f5dcfc,PI,ideal,1.0,clue_search,28,784,4,0.25,196,196,scale_g28_r4_pi_topk025,C:\Users\lottj\Desktop\research\decentralized benchmark\topk_filter_study\results\sensitivity_suite\scenarios\clue_g28_n50.csv,520.3957,00,23,21,2,73.82209999999999,3.20965652173913,0.0246,33.8497,39.3756,14.185762872368082,2,49.992900000000006,24.996450000000003,25.4247,0.5968,73.2253,14.185762872368082,completed
14,dcta_parity_v1,custom,ae14bee1828d1c0dcb7b43653aba724543f73a298e3ecda5443cfe335ed0f6b2,6bdd9a364b88f43408248d2c3ec330144acbe295f246a95740198128e5f5dcfc,PI,ideal,1.0,clue_search,28,784,4,0.25,196,196,scale_g28_r4_pi_topk025,C:\Users\lottj\Desktop\research\decentralized benchmark\topk_filter_study\results\sensitivity_suite\scenarios\clue_g28_n50.csv,520.3957,01,23,20,3,82.9811,3.6078739130434783,0.0237,40.4388,41.9935,15.94576972868915,2,51.381600000000006,25.690800000000003,25.7374,0.5175,82.4636,15.94576972868915,completed
14,dcta_parity_v1,custom,ae14bee1828d1c0dcb7b43653aba724543f73a298e3ecda5443cfe335ed0f6b2,6bdd9a364b88f43408248d2c3ec330144acbe295f246a95740198128e5f5dcfc,PI,ideal,1.0,clue_search,28,784,4,0.25,196,196,scale_g28_r4_pi_topk025,C:\Users\lottj\Desktop\research\decentralized benchmark\topk_filter_study\results\sensitivity_suite\scenarios\clue_g28_n50.csv,520.3957,02,23,21,2,81.3747,3.538030434782609,0.0281,38.2968,42.484,15.637081551596218,2,53.7463,26.87315,27.2962,0.5939,80.7808,15.637081551596218,completed
14,dcta_parity_v1,custom,ae14bee1828d1c0dcb7b43653aba724543f73a298e3ecda5443cfe335ed0f6b2,6bdd9a364b88f43408248d2c3ec330144acbe295f246a95740198128e5f5dcfc,PI,ideal,1.0,clue_search,28,784,4,0.25,196,196,scale_g28_r4_pi_topk025,C:\Users\lottj\Desktop\research\decentralized benchmark\topk_filter_study\results\sensitivity_suite\scenarios\clue_g28_n50.csv,520.3957,03,24,21,3,122.52459999999999,5.105191666666666,0.029249999999999998,40.91,41.4002,23.544506612948567,3,83.2782,27.7594,30.1418,0.6421,121.8825,23.544506612948567,completed
15,dcta_parity_v1,custom,ae14bee1828d1c0dcb7b43653aba724543f73a298e3ecda5443cfe335ed0f6b2,6bdd9a364b88f43408248d2c3ec330144acbe295f246a95740198128e5f5dcfc,PI,ideal,1.0,clue_search,28,784,4,0.25,196,196,scale_g28_r4_pi_topk025,C:\Users\lottj\Desktop\research\decentralized benchmark\topk_filter_study\results\sensitivity_suite\scenarios\clue_g28_n50.csv,522.1214,00,42,41,1,35.5488,0.8464,0.0257,0.0374,34.3924,6.808531502443685,1,19.0859,19.0859,19.0859,1.1564,34.3924,6.808531502443685,completed
15,dcta_parity_v1,custom,ae14bee1828d1c0dcb7b43653aba724543f73a298e3ecda5443cfe335ed0f6b2,6bdd9a364b88f43408248d2c3ec330144acbe295f246a95740198128e5f5dcfc,PI,ideal,1.0,clue_search,28,784,4,0.25,196,196,scale_g28_r4_pi_topk025,C:\Users\lottj\Desktop\research\decentralized benchmark\topk_filter_study\results\sensitivity_suite\scenarios\clue_g28_n50.csv,522.1214,01,43,41,2,66.5639,1.5479976744186048,0.0285,0.0793,34.6533,12.748740043982108,2,36.957300000000004,18.478650000000002,20.4048,1.2658,65.2981,12.748740043982108,completed
15,dcta_parity_v1,custom,ae14bee1828d1c0dcb7b43653aba724543f73a298e3ecda5443cfe335ed0f6b2,6bdd9a364b88f43408248d2c3ec330144acbe295f246a95740198128e5f5dcfc,PI,ideal,1.0,clue_search,28,784,4,0.25,196,196,scale_g28_r4_pi_topk025,C:\Users\lottj\Desktop\research\decentralized benchmark\topk_filter_study\results\sensitivity_suite\scenarios\clue_g28_n50.csv,522.1214,02,43,41,2,58.0818,1.350739534883721,0.0323,0.0487,31.5924,11.12419448810181,2,35.3275,17.66375,20.1817,1.3839,56.697900000000004,11.12419448810181,completed
15,dcta_parity_v1,custom,ae14bee1828d1c0dcb7b43653aba724543f73a298e3ecda5443cfe335ed0f6b2,6bdd9a364b88f43408248d2c3ec330144acbe295f246a95740198128e5f5dcfc,PI,ideal,1.0,clue_search,28,784,4,0.25,196,196,scale_g28_r4_pi_topk025,C:\Users\lottj\Desktop\research\decentralized benchmark\topk_filter_study\results\sensitivity_suite\scenarios\clue_g28_n50.csv,522.1214,03,30,28,2,81.2975,2.7099166666666665,0.03345,39.2598,41.061,15.570612505061083,2,47.429500000000004,23.714750000000002,24.6138,0.9767,80.32079999999999,15.570612505061083,completed
16,dcta_parity_v1,custom,ae14bee1828d1c0dcb7b43653aba724543f73a298e3ecda5443cfe335ed0f6b2,6bdd9a364b88f43408248d2c3ec330144acbe295f246a95740198128e5f5dcfc,PI,ideal,1.0,clue_search,28,784,4,0.25,196,196,scale_g28_r4_pi_topk025,C:\Users\lottj\Desktop\research\decentralized benchmark\topk_filter_study\results\sensitivity_suite\scenarios\clue_g28_n50.csv,3039.9127,00,46,24,22,502.7345,10.929010869565218,0.05255,25.7186,26.1125,16.53779399651839,22,159.7216,7.2600727272727275,8.457,0.7319,502.00260000000003,16.53779399651839,completed
16,dcta_parity_v1,custom,ae14bee1828d1c0dcb7b43653aba724543f73a298e3ecda5443cfe335ed0f6b2,6bdd9a364b88f43408248d2c3ec330144acbe295f246a95740198128e5f5dcfc,PI,ideal,1.0,clue_search,28,784,4,0.25,196,196,scale_g28_r4_pi_topk025,C:\Users\lottj\Desktop\research\decentralized benchmark\topk_filter_study\results\sensitivity_suite\scenarios\clue_g28_n50.csv,3039.9127,01,43,24,19,422.2915,9.820732558139534,0.0357,26.5322,26.6421,13.891566688740767,19,133.7277,7.0383,9.2603,0.8322,421.4593,13.891566688740767,completed
16,dcta_parity_v1,custom,ae14bee1828d1c0dcb7b43653aba724543f73a298e3ecda5443cfe335ed0f6b2,6bdd9a364b88f43408248d2c3ec330144acbe295f246a95740198128e5f5dcfc,PI,ideal,1.0,clue_search,28,784,4,0.25,196,196,scale_g28_r4_pi_topk025,C:\Users\lottj\Desktop\research\decentralized benchmark\topk_filter_study\results\sensitivity_suite\scenarios\clue_g28_n50.csv,3039.9127,02,45,24,21,453.8157,10.084793333333334,0.0387,26.1807,27.4918,14.928576731825228,21,152.2372,7.249390476190476,9.1587,0.8475,452.9682,14.928576731825228,completed
16,dcta_parity_v1,custom,ae14bee1828d1c0dcb7b43653aba724543f73a298e3ecda5443cfe335ed0f6b2,6bdd9a364b88f43408248d2c3ec330144acbe295f246a95740198128e5f5dcfc,PI,ideal,1.0,clue_search,28,784,4,0.25,196,196,scale_g28_r4_pi_topk025,C:\Users\lottj\Desktop\research\decentralized benchmark\topk_filter_study\results\sensitivity_suite\scenarios\clue_g28_n50.csv,3039.9127,03,52,24,28,577.8316,11.112146153846153,12.8152,26.4862,26.8202,19.008164280507135,28,188.2887,6.724596428571429,9.9869,0.9274,576.9042,19.008164280507135,completed
17,dcta_parity_v1,custom,ae14bee1828d1c0dcb7b43653aba724543f73a298e3ecda5443cfe335ed0f6b2,6bdd9a364b88f43408248d2c3ec330144acbe295f246a95740198128e5f5dcfc,PI,ideal,1.0,clue_search,28,784,4,0.25,196,196,scale_g28_r4_pi_topk025,C:\Users\lottj\Desktop\research\decentralized benchmark\topk_filter_study\results\sensitivity_suite\scenarios\clue_g28_n50.csv,1868.9289,00,74,69,5,171.5412,2.3181243243243244,0.0273,34.2303,34.9774,9.17858351914832,5,88.8362,17.76724,18.6591,1.9324000000000001,169.6088,9.17858351914832,completed
17,dcta_parity_v1,custom,ae14bee1828d1c0dcb7b43653aba724543f73a298e3ecda5443cfe335ed0f6b2,6bdd9a364b88f43408248d2c3ec330144acbe295f246a95740198128e5f5dcfc,PI,ideal,1.0,clue_search,28,784,4,0.25,196,196,scale_g28_r4_pi_topk025,C:\Users\lottj\Desktop\research\decentralized benchmark\topk_filter_study\results\sensitivity_suite\scenarios\clue_g28_n50.csv,1868.9289,01,79,68,11,368.1295,4.659867088607595,0.0307,34.9781,35.2918,19.697351782617304,11,192.9231,17.538463636363637,19.1806,2.0519,366.0776,19.697351782617304,completed
17,dcta_parity_v1,custom,ae14bee1828d1c0dcb7b43653aba724543f73a298e3ecda5443cfe335ed0f6b2,6bdd9a364b88f43408248d2c3ec330144acbe295f246a95740198128e5f5dcfc,PI,ideal,1.0,clue_search,28,784,4,0.25,196,196,scale_g28_r4_pi_topk025,C:\Users\lottj\Desktop\research\decentralized benchmark\topk_filter_study\results\sensitivity_suite\scenarios\clue_g28_n50.csv,1868.9289,02,78,69,9,319.0927,4.090932051282051,0.03465,35.5628,37.0162,17.073560155231156,9,168.1388,18.682088888888888,19.8619,2.3966,316.6961,17.073560155231156,completed
17,dcta_parity_v1,custom,ae14bee1828d1c0dcb7b43653aba724543f73a298e3ecda5443cfe335ed0f6b2,6bdd9a364b88f43408248d2c3ec330144acbe295f246a95740198128e5f5dcfc,PI,ideal,1.0,clue_search,28,784,4,0.25,196,196,scale_g28_r4_pi_topk025,C:\Users\lottj\Desktop\research\decentralized benchmark\topk_filter_study\results\sensitivity_suite\scenarios\clue_g28_n50.csv,1868.9289,03,38,29,9,313.328,8.245473684210525,0.035949999999999996,36.367,36.7953,16.76511075407951,9,165.0943,18.343811111111112,20.286,1.0126,312.3154,16.76511075407951,completed
18,dcta_parity_v1,custom,ae14bee1828d1c0dcb7b43653aba724543f73a298e3ecda5443cfe335ed0f6b2,6bdd9a364b88f43408248d2c3ec330144acbe295f246a95740198128e5f5dcfc,PI,ideal,1.0,clue_search,28,784,4,0.25,196,196,scale_g28_r4_pi_topk025,C:\Users\lottj\Desktop\research\decentralized benchmark\topk_filter_study\results\sensitivity_suite\scenarios\clue_g28_n50.csv,267.6587,00,27,26,1,24.500400000000003,0.9074222222222224,0.022,0.0444,23.9262,9.153597473200014,1,14.8636,14.8636,14.8636,0.5742,23.9262,9.153597473200014,completed
18,dcta_parity_v1,custom,ae14bee1828d1c0dcb7b43653aba724543f73a298e3ecda5443cfe335ed0f6b2,6bdd9a364b88f43408248d2c3ec330144acbe295f246a95740198128e5f5dcfc,PI,ideal,1.0,clue_search,28,784,4,0.25,196,196,scale_g28_r4_pi_topk025,C:\Users\lottj\Desktop\research\decentralized benchmark\topk_filter_study\results\sensitivity_suite\scenarios\clue_g28_n50.csv,267.6587,01,27,26,1,23.319499999999998,0.8636851851851851,0.0228,0.0859,22.6651,8.712401278194953,1,14.0856,14.0856,14.0856,0.6544,22.6651,8.712401278194953,completed
18,dcta_parity_v1,custom,ae14bee1828d1c0dcb7b43653aba724543f73a298e3ecda5443cfe335ed0f6b2,6bdd9a364b88f43408248d2c3ec330144acbe295f246a95740198128e5f5dcfc,PI,ideal,1.0,clue_search,28,784,4,0.25,196,196,scale_g28_r4_pi_topk025,C:\Users\lottj\Desktop\research\decentralized benchmark\topk_filter_study\results\sensitivity_suite\scenarios\clue_g28_n50.csv,267.6587,02,28,26,2,62.3548,2.2269571428571426,0.0271,23.9195,37.7615,23.296384537472534,2,38.0218,19.0109,23.2396,0.6738,61.681,23.296384537472534,completed
18,dcta_parity_v1,custom,ae14bee1828d1c0dcb7b43653aba724543f73a298e3ecda5443cfe335ed0f6b2,6bdd9a364b88f43408248d2c3ec330144acbe295f246a95740198128e5f5dcfc,PI,ideal,1.0,clue_search,28,784,4,0.25,196,196,scale_g28_r4_pi_topk025,C:\Users\lottj\Desktop\research\decentralized benchmark\topk_filter_study\results\sensitivity_suite\scenarios\clue_g28_n50.csv,267.6587,03,27,26,1,30.4395,1.1273888888888888,0.027,0.0553,29.7286,11.372505358503197,1,15.5791,15.5791,15.5791,0.7109,29.7286,11.372505358503197,completed
19,dcta_parity_v1,custom,ae14bee1828d1c0dcb7b43653aba724543f73a298e3ecda5443cfe335ed0f6b2,6bdd9a364b88f43408248d2c3ec330144acbe295f246a95740198128e5f5dcfc,PI,ideal,1.0,clue_search,28,784,4,0.25,196,196,scale_g28_r4_pi_topk025,C:\Users\lottj\Desktop\research\decentralized benchmark\topk_filter_study\results\sensitivity_suite\scenarios\clue_g28_n50.csv,3948.2885,00,66,41,25,575.5106,8.719857575757574,0.02805,26.7901,28.6423,14.576204347782589,25,197.0674,7.882695999999999,11.3834,0.9662,574.5444,14.576204347782589,completed
19,dcta_parity_v1,custom,ae14bee1828d1c0dcb7b43653aba724543f73a298e3ecda5443cfe335ed0f6b2,6bdd9a364b88f43408248d2c3ec330144acbe295f246a95740198128e5f5dcfc,PI,ideal,1.0,clue_search,28,784,4,0.25,196,196,scale_g28_r4_pi_topk025,C:\Users\lottj\Desktop\research\decentralized benchmark\topk_filter_study\results\sensitivity_suite\scenarios\clue_g28_n50.csv,3948.2885,01,65,41,24,567.3341,8.728216923076923,0.0359,27.993,29.4855,14.369114617637491,24,203.579,8.482458333333334,12.024,1.2053,566.1288,14.369114617637491,completed
19,dcta_parity_v1,custom,ae14bee1828d1c0dcb7b43653aba724543f73a298e3ecda5443cfe335ed0f6b2,6bdd9a364b88f43408248d2c3ec330144acbe295f246a95740198128e5f5dcfc,PI,ideal,1.0,clue_search,28,784,4,0.25,196,196,scale_g28_r4_pi_topk025,C:\Users\lottj\Desktop\research\decentralized benchmark\topk_filter_study\results\sensitivity_suite\scenarios\clue_g28_n50.csv,3948.2885,02,69,40,29,710.2502,10.293481159420288,0.0352,28.1988,32.2088,17.988812114413623,29,264.1401,9.108279310344829,14.3248,1.1908,709.0594,17.988812114413623,completed
19,dcta_parity_v1,custom,ae14bee1828d1c0dcb7b43653aba724543f73a298e3ecda5443cfe335ed0f6b2,6bdd9a364b88f43408248d2c3ec330144acbe295f246a95740198128e5f5dcfc,PI,ideal,1.0,clue_search,28,784,4,0.25,196,196,scale_g28_r4_pi_topk025,C:\Users\lottj\Desktop\research\decentralized benchmark\topk_filter_study\results\sensitivity_suite\scenarios\clue_g28_n50.csv,3948.2885,03,56,28,28,654.7723,11.6923625,6.9321,28.8814,30.9763,16.58369949409725,28,236.5966,8.449878571428572,13.9922,0.8827,653.8896,16.58369949409725,completed
20,dcta_parity_v1,custom,ae14bee1828d1c0dcb7b43653aba724543f73a298e3ecda5443cfe335ed0f6b2,6bdd9a364b88f43408248d2c3ec330144acbe295f246a95740198128e5f5dcfc,PI,ideal,1.0,clue_search,28,784,4,0.25,196,196,scale_g28_r4_pi_topk025,C:\Users\lottj\Desktop\research\decentralized benchmark\topk_filter_study\results\sensitivity_suite\scenarios\clue_g28_n50.csv,1057.1994,00,47,44,3,101.6224,2.162178723404255,0.0283,31.3903,35.9338,9.612415595392884,3,52.9486,17.649533333333334,18.5313,1.2101,100.4123,9.612415595392884,completed
20,dcta_parity_v1,custom,ae14bee1828d1c0dcb7b43653aba724543f73a298e3ecda5443cfe335ed0f6b2,6bdd9a364b88f43408248d2c3ec330144acbe295f246a95740198128e5f5dcfc,PI,ideal,1.0,clue_search,28,784,4,0.25,196,196,scale_g28_r4_pi_topk025,C:\Users\lottj\Desktop\research\decentralized benchmark\topk_filter_study\results\sensitivity_suite\scenarios\clue_g28_n50.csv,1057.1994,01,51,44,7,220.6725,4.326911764705883,0.0322,34.337,36.126,20.873309235703314,7,124.75280000000001,17.821828571428572,20.0488,1.347,219.3255,20.873309235703314,completed
20,dcta_parity_v1,custom,ae14bee1828d1c0dcb7b43653aba724543f73a298e3ecda5443cfe335ed0f6b2,6bdd9a364b88f43408248d2c3ec330144acbe295f246a95740198128e5f5dcfc,PI,ideal,1.0,clue_search,28,784,4,0.25,196,196,scale_g28_r4_pi_topk025,C:\Users\lottj\Desktop\research\decentralized benchmark\topk_filter_study\results\sensitivity_suite\scenarios\clue_g28_n50.csv,1057.1994,02,49,44,5,161.9344,3.304783673469388,0.0328,34.2646,34.7896,15.31729965037816,5,86.06530000000001,17.213060000000002,18.9825,1.4214,160.513,15.31729965037816,completed
20,dcta_parity_v1,custom,ae14bee1828d1c0dcb7b43653aba724543f73a298e3ecda5443cfe335ed0f6b2,6bdd9a364b88f43408248d2c3ec330144acbe295f246a95740198128e5f5dcfc,PI,ideal,1.0,clue_search,28,784,4,0.25,196,196,scale_g28_r4_pi_topk025,C:\Users\lottj\Desktop\research\decentralized benchmark\topk_filter_study\results\sensitivity_suite\scenarios\clue_g28_n50.csv,1057.1994,03,32,28,4,137.6675,4.302109375,0.0373,35.636,36.7692,13.021904855413272,4,75.3121,18.828025,21.56,1.0299,136.6376,13.021904855413272,completed
21,dcta_parity_v1,custom,ae14bee1828d1c0dcb7b43653aba724543f73a298e3ecda5443cfe335ed0f6b2,6bdd9a364b88f43408248d2c3ec330144acbe295f246a95740198128e5f5dcfc,PI,ideal,1.0,clue_search,28,784,4,0.25,196,196,scale_g28_r4_pi_topk025,C:\Users\lottj\Desktop\research\decentralized benchmark\topk_filter_study\results\sensitivity_suite\scenarios\clue_g28_n50.csv,5446.1889,00,49,2,47,1009.531,20.602673469387753,22.8005,25.9227,31.701,18.536466849322835,47,273.29879999999997,5.814868085106382,8.6497,0.1946,1009.3364,18.536466849322835,completed
21,dcta_parity_v1,custom,ae14bee1828d1c0dcb7b43653aba724543f73a298e3ecda5443cfe335ed0f6b2,6bdd9a364b88f43408248d2c3ec330144acbe295f246a95740198128e5f5dcfc,PI,ideal,1.0,clue_search,28,784,4,0.25,196,196,scale_g28_r4_pi_topk025,C:\Users\lottj\Desktop\research\decentralized benchmark\topk_filter_study\results\sensitivity_suite\scenarios\clue_g28_n50.csv,5446.1889,01,44,1,43,889.0452,20.205572727272727,21.90135,25.6113,26.799,16.324171201626886,42,239.5392,5.703314285714286,8.6015,0.0501,888.9951,16.324171201626886,completed
21,dcta_parity_v1,custom,ae14bee1828d1c0dcb7b43653aba724543f73a298e3ecda5443cfe335ed0f6b2,6bdd9a364b88f43408248d2c3ec330144acbe295f246a95740198128e5f5dcfc,PI,ideal,1.0,clue_search,28,784,4,0.25,196,196,scale_g28_r4_pi_topk025,C:\Users\lottj\Desktop\research\decentralized benchmark\topk_filter_study\results\sensitivity_suite\scenarios\clue_g28_n50.csv,5446.1889,02,34,2,32,702.3187,20.656432352941177,22.6305,25.8114,26.2585,12.895599342872593,32,184.6236,5.7694875,8.4345,0.0854,702.2333,12.895599342872593,completed
21,dcta_parity_v1,custom,ae14bee1828d1c0dcb7b43653aba724543f73a298e3ecda5443cfe335ed0f6b2,6bdd9a364b88f43408248d2c3ec330144acbe295f246a95740198128e5f5dcfc,PI,ideal,1.0,clue_search,28,784,4,0.25,196,196,scale_g28_r4_pi_topk025,C:\Users\lottj\Desktop\research\decentralized benchmark\topk_filter_study\results\sensitivity_suite\scenarios\clue_g28_n50.csv,5446.1889,03,39,2,37,816.8358,20.944507692307692,23.3943,26.1399,26.7503,14.998300921952964,37,224.4133,6.0652243243243245,8.5413,0.089,816.7468,14.998300921952964,completed
22,dcta_parity_v1,custom,ae14bee1828d1c0dcb7b43653aba724543f73a298e3ecda5443cfe335ed0f6b2,6bdd9a364b88f43408248d2c3ec330144acbe295f246a95740198128e5f5dcfc,PI,ideal,1.0,clue_search,28,784,4,0.25,196,196,scale_g28_r4_pi_topk025,C:\Users\lottj\Desktop\research\decentralized benchmark\topk_filter_study\results\sensitivity_suite\scenarios\clue_g28_n50.csv,4336.6707,00,76,51,25,716.3368,9.425484210526315,0.030100000000000002,33.4058,35.9216,16.518127604201077,25,315.9463,12.637852,17.9683,1.3179,715.0189,16.518127604201077,completed
22,dcta_parity_v1,custom,ae14bee1828d1c0dcb7b43653aba724543f73a298e3ecda5443cfe335ed0f6b2,6bdd9a364b88f43408248d2c3ec330144acbe295f246a95740198128e5f5dcfc,PI,ideal,1.0,clue_search,28,784,4,0.25,196,196,scale_g28_r4_pi_topk025,C:\Users\lottj\Desktop\research\decentralized benchmark\topk_filter_study\results\sensitivity_suite\scenarios\clue_g28_n50.csv,4336.6707,01,76,51,25,689.4322,9.071476315789473,0.03405,32.0708,34.285,15.897730025939024,25,311.9784,12.479136,16.9364,1.5684,687.8638,15.897730025939024,completed
22,dcta_parity_v1,custom,ae14bee1828d1c0dcb7b43653aba724543f73a298e3ecda5443cfe335ed0f6b2,6bdd9a364b88f43408248d2c3ec330144acbe295f246a95740198128e5f5dcfc,PI,ideal,1.0,clue_search,28,784,4,0.25,196,196,scale_g28_r4_pi_topk025,C:\Users\lottj\Desktop\research\decentralized benchmark\topk_filter_study\results\sensitivity_suite\scenarios\clue_g28_n50.csv,4336.6707,02,79,52,27,742.8676,9.403387341772152,0.0373,32.7382,34.2474,17.12990566703624,27,328.4626,12.165281481481482,16.5765,1.69,741.1776,17.12990566703624,completed
22,dcta_parity_v1,custom,ae14bee1828d1c0dcb7b43653aba724543f73a298e3ecda5443cfe335ed0f6b2,6bdd9a364b88f43408248d2c3ec330144acbe295f246a95740198128e5f5dcfc,PI,ideal,1.0,clue_search,28,784,4,0.25,196,196,scale_g28_r4_pi_topk025,C:\Users\lottj\Desktop\research\decentralized benchmark\topk_filter_study\results\sensitivity_suite\scenarios\clue_g28_n50.csv,4336.6707,03,54,28,26,757.1964,14.022155555555557,0.053500000000000006,34.8333,35.5438,17.460315813234335,26,343.4523,13.209703846153845,17.533,0.9472,756.2492,17.460315813234335,completed
23,dcta_parity_v1,custom,ae14bee1828d1c0dcb7b43653aba724543f73a298e3ecda5443cfe335ed0f6b2,6bdd9a364b88f43408248d2c3ec330144acbe295f246a95740198128e5f5dcfc,PI,ideal,1.0,clue_search,28,784,4,0.25,196,196,scale_g28_r4_pi_topk025,C:\Users\lottj\Desktop\research\decentralized benchmark\topk_filter_study\results\sensitivity_suite\scenarios\clue_g28_n50.csv,2335.1277,00,26,12,14,479.4951,18.44211923076923,19.651899999999998,39.3784,45.2687,20.533999061378953,14,277.1494,19.796385714285716,26.67,0.3028,479.1923,20.533999061378953,completed
23,dcta_parity_v1,custom,ae14bee1828d1c0dcb7b43653aba724543f73a298e3ecda5443cfe335ed0f6b2,6bdd9a364b88f43408248d2c3ec330144acbe295f246a95740198128e5f5dcfc,PI,ideal,1.0,clue_search,28,784,4,0.25,196,196,scale_g28_r4_pi_topk025,C:\Users\lottj\Desktop\research\decentralized benchmark\topk_filter_study\results\sensitivity_suite\scenarios\clue_g28_n50.csv,2335.1277,01,23,12,11,377.0812,16.394834782608697,0.0509,40.0399,41.704,16.14820465707293,11,224.261,20.387363636363634,24.9419,0.3716,376.7096,16.14820465707293,completed
23,dcta_parity_v1,custom,ae14bee1828d1c0dcb7b43653aba724543f73a298e3ecda5443cfe335ed0f6b2,6bdd9a364b88f43408248d2c3ec330144acbe295f246a95740198128e5f5dcfc,PI,ideal,1.0,clue_search,28,784,4,0.25,196,196,scale_g28_r4_pi_topk025,C:\Users\lottj\Desktop\research\decentralized benchmark\topk_filter_study\results\sensitivity_suite\scenarios\clue_g28_n50.csv,2335.1277,02,24,12,12,438.3545,18.264770833333333,12.3625,41.7725,42.8486,18.772185349863307,12,257.5141,21.459508333333332,26.3315,0.3612,437.9933,18.772185349863307,completed
23,dcta_parity_v1,custom,ae14bee1828d1c0dcb7b43653aba724543f73a298e3ecda5443cfe335ed0f6b2,6bdd9a364b88f43408248d2c3ec330144acbe295f246a95740198128e5f5dcfc,PI,ideal,1.0,clue_search,28,784,4,0.25,196,196,scale_g28_r4_pi_topk025,C:\Users\lottj\Desktop\research\decentralized benchmark\topk_filter_study\results\sensitivity_suite\scenarios\clue_g28_n50.csv,2335.1277,03,23,11,12,436.4849,18.977604347826087,26.6839,39.2436,43.4944,18.69212120604796,12,258.8633,21.571941666666664,26.9826,0.4102,436.0747,18.69212120604796,completed
24,dcta_parity_v1,custom,ae14bee1828d1c0dcb7b43653aba724543f73a298e3ecda5443cfe335ed0f6b2,6bdd9a364b88f43408248d2c3ec330144acbe295f246a95740198128e5f5dcfc,PI,ideal,1.0,clue_search,28,784,4,0.25,196,196,scale_g28_r4_pi_topk025,C:\Users\lottj\Desktop\research\decentralized benchmark\topk_filter_study\results\sensitivity_suite\scenarios\clue_g28_n50.csv,6815.4773,00,85,37,48,999.6105,11.760123529411764,13.5393,27.5555,38.8696,14.666771760798031,48,278.6792,5.805816666666666,22.0248,1.0124,998.5981,14.666771760798031,completed
24,dcta_parity_v1,custom,ae14bee1828d1c0dcb7b43653aba724543f73a298e3ecda5443cfe335ed0f6b2,6bdd9a364b88f43408248d2c3ec330144acbe295f246a95740198128e5f5dcfc,PI,ideal,1.0,clue_search,28,784,4,0.25,196,196,scale_g28_r4_pi_topk025,C:\Users\lottj\Desktop\research\decentralized benchmark\topk_filter_study\results\sensitivity_suite\scenarios\clue_g28_n50.csv,6815.4773,01,83,36,47,1021.5237,12.307514457831324,12.2575,27.8975,40.5738,14.988292896229,47,323.5778,6.884634042553192,22.9922,1.0731,1020.4506,14.988292896229,completed
24,dcta_parity_v1,custom,ae14bee1828d1c0dcb7b43653aba724543f73a298e3ecda5443cfe335ed0f6b2,6bdd9a364b88f43408248d2c3ec330144acbe295f246a95740198128e5f5dcfc,PI,ideal,1.0,clue_search,28,784,4,0.25,196,196,scale_g28_r4_pi_topk025,C:\Users\lottj\Desktop\research\decentralized benchmark\topk_filter_study\results\sensitivity_suite\scenarios\clue_g28_n50.csv,6815.4773,02,79,37,42,896.3391,11.346064556962025,9.5455,28.5771,39.775,13.151523518389535,42,267.4473,6.367792857142857,23.5586,1.2294,895.1097,13.151523518389535,completed
24,dcta_parity_v1,custom,ae14bee1828d1c0dcb7b43653aba724543f73a298e3ecda5443cfe335ed0f6b2,6bdd9a364b88f43408248d2c3ec330144acbe295f246a95740198128e5f5dcfc,PI,ideal,1.0,clue_search,28,784,4,0.25,196,196,scale_g28_r4_pi_topk025,C:\Users\lottj\Desktop\research\decentralized benchmark\topk_filter_study\results\sensitivity_suite\scenarios\clue_g28_n50.csv,6815.4773,03,82,28,54,1153.2923,14.06454024390244,17.165100000000002,28.6848,39.4756,16.92166592646417,54,344.6448,6.382311111111111,23.3729,0.9362,1152.3561,16.92166592646417,completed
25,dcta_parity_v1,custom,ae14bee1828d1c0dcb7b43653aba724543f73a298e3ecda5443cfe335ed0f6b2,6bdd9a364b88f43408248d2c3ec330144acbe295f246a95740198128e5f5dcfc,PI,ideal,1.0,clue_search,28,784,4,0.25,196,196,scale_g28_r4_pi_topk025,C:\Users\lottj\Desktop\research\decentralized benchmark\topk_filter_study\results\sensitivity_suite\scenarios\clue_g28_n50.csv,5929.2886,00,49,10,39,973.1432,19.860065306122447,23.8656,31.8777,42.6137,16.41247821871919,38,397.0611,10.448976315789475,25.7264,0.2827,972.8605,16.41247821871919,completed
25,dcta_parity_v1,custom,ae14bee1828d1c0dcb7b43653aba724543f73a298e3ecda5443cfe335ed0f6b2,6bdd9a364b88f43408248d2c3ec330144acbe295f246a95740198128e5f5dcfc,PI,ideal,1.0,clue_search,28,784,4,0.25,196,196,scale_g28_r4_pi_topk025,C:\Users\lottj\Desktop\research\decentralized benchmark\topk_filter_study\results\sensitivity_suite\scenarios\clue_g28_n50.csv,5929.2886,01,55,11,44,1151.9377,20.944321818181816,24.977,40.7395,43.1852,19.427924287578108,44,496.7798,11.29045,25.2103,0.3315,1151.6062,19.427924287578108,completed
25,dcta_parity_v1,custom,ae14bee1828d1c0dcb7b43653aba724543f73a298e3ecda5443cfe335ed0f6b2,6bdd9a364b88f43408248d2c3ec330144acbe295f246a95740198128e5f5dcfc,PI,ideal,1.0,clue_search,28,784,4,0.25,196,196,scale_g28_r4_pi_topk025,C:\Users\lottj\Desktop\research\decentralized benchmark\topk_filter_study\results\sensitivity_suite\scenarios\clue_g28_n50.csv,5929.2886,02,43,11,32,877.2180999999999,20.400420930232556,25.9728,33.4159,43.0975,14.79466018908238,32,387.7338,12.11668125,25.7114,0.3718,876.8463,14.79466018908238,completed
25,dcta_parity_v1,custom,ae14bee1828d1c0dcb7b43653aba724543f73a298e3ecda5443cfe335ed0f6b2,6bdd9a364b88f43408248d2c3ec330144acbe295f246a95740198128e5f5dcfc,PI,ideal,1.0,clue_search,28,784,4,0.25,196,196,scale_g28_r4_pi_topk025,C:\Users\lottj\Desktop\research\decentralized benchmark\topk_filter_study\results\sensitivity_suite\scenarios\clue_g28_n50.csv,5929.2886,03,42,10,32,859.951,20.47502380952381,26.19675,33.2408,44.3632,14.503443128067675,31,367.7052,11.861458064516128,26.645,0.3926,859.5584,14.503443128067675,completed
26,dcta_parity_v1,custom,ae14bee1828d1c0dcb7b43653aba724543f73a298e3ecda5443cfe335ed0f6b2,6bdd9a364b88f43408248d2c3ec330144acbe295f246a95740198128e5f5dcfc,PI,ideal,1.0,clue_search,28,784,4,0.25,196,196,scale_g28_r4_pi_topk025,C:\Users\lottj\Desktop\research\decentralized benchmark\topk_filter_study\results\sensitivity_suite\scenarios\clue_g28_n50.csv,2445.6459,00,14,2,12,373.0297,26.64497857142857,30.14025,36.7105,36.7105,15.252809084095126,12,213.7345,17.811208333333333,21.1685,0.0612,372.9685,15.252809084095126,completed
26,dcta_parity_v1,custom,ae14bee1828d1c0dcb7b43653aba724543f73a298e3ecda5443cfe335ed0f6b2,6bdd9a364b88f43408248d2c3ec330144acbe295f246a95740198128e5f5dcfc,PI,ideal,1.0,clue_search,28,784,4,0.25,196,196,scale_g28_r4_pi_topk025,C:\Users\lottj\Desktop\research\decentralized benchmark\topk_filter_study\results\sensitivity_suite\scenarios\clue_g28_n50.csv,2445.6459,01,18,2,16,484.6373,26.924294444444442,30.91685,36.3894,36.3894,19.81633154660697,16,280.085,17.5053125,20.4831,0.0779,484.5594,19.81633154660697,completed
26,dcta_parity_v1,custom,ae14bee1828d1c0dcb7b43653aba724543f73a298e3ecda5443cfe335ed0f6b2,6bdd9a364b88f43408248d2c3ec330144acbe295f246a95740198128e5f5dcfc,PI,ideal,1.0,clue_search,28,784,4,0.25,196,196,scale_g28_r4_pi_topk025,C:\Users\lottj\Desktop\research\decentralized benchmark\topk_filter_study\results\sensitivity_suite\scenarios\clue_g28_n50.csv,2445.6459,02,18,2,16,499.9137,27.772983333333332,31.81555,38.2236,38.2236,20.44096817123035,16,283.3171,17.70731875,21.7879,0.0773,499.83639999999997,20.44096817123035,completed
26,dcta_parity_v1,custom,ae14bee1828d1c0dcb7b43653aba724543f73a298e3ecda5443cfe335ed0f6b2,6bdd9a364b88f43408248d2c3ec330144acbe295f246a95740198128e5f5dcfc,PI,ideal,1.0,clue_search,28,784,4,0.25,196,196,scale_g28_r4_pi_topk025,C:\Users\lottj\Desktop\research\decentralized benchmark\topk_filter_study\results\sensitivity_suite\scenarios\clue_g28_n50.csv,2445.6459,03,15,2,13,457.2767,30.485113333333334,34.191,39.6835,39.6835,18.697584143313634,13,255.5865,19.6605,22.3509,0.1177,457.159,18.697584143313634,completed
27,dcta_parity_v1,custom,ae14bee1828d1c0dcb7b43653aba724543f73a298e3ecda5443cfe335ed0f6b2,6bdd9a364b88f43408248d2c3ec330144acbe295f246a95740198128e5f5dcfc,PI,ideal,1.0,clue_search,28,784,4,0.25,196,196,scale_g28_r4_pi_topk025,C:\Users\lottj\Desktop\research\decentralized benchmark\topk_filter_study\results\sensitivity_suite\scenarios\clue_g28_n50.csv,658.2829,00,110,109,1,22.1771,0.20160999999999998,0.0259,0.0296,19.3481,3.3689315034615057,1,4.9441,4.9441,4.9441,2.829,19.3481,3.3689315034615057,completed
27,dcta_parity_v1,custom,ae14bee1828d1c0dcb7b43653aba724543f73a298e3ecda5443cfe335ed0f6b2,6bdd9a364b88f43408248d2c3ec330144acbe295f246a95740198128e5f5dcfc,PI,ideal,1.0,clue_search,28,784,4,0.25,196,196,scale_g28_r4_pi_topk025,C:\Users\lottj\Desktop\research\decentralized benchmark\topk_filter_study\results\sensitivity_suite\scenarios\clue_g28_n50.csv,658.2829,01,109,108,1,22.3193,0.20476422018348622,0.0285,0.0372,19.1848,3.39053315831233,1,4.8688,4.8688,4.8688,3.1345,19.1848,3.39053315831233,completed
27,dcta_parity_v1,custom,ae14bee1828d1c0dcb7b43653aba724543f73a298e3ecda5443cfe335ed0f6b2,6bdd9a364b88f43408248d2c3ec330144acbe295f246a95740198128e5f5dcfc,PI,ideal,1.0,clue_search,28,784,4,0.25,196,196,scale_g28_r4_pi_topk025,C:\Users\lottj\Desktop\research\decentralized benchmark\topk_filter_study\results\sensitivity_suite\scenarios\clue_g28_n50.csv,658.2829,02,85,84,1,21.639,0.2545764705882353,0.0293,0.0374,19.1252,3.287188532468335,1,4.8114,4.8114,4.8114,2.5138,19.1252,3.287188532468335,completed
27,dcta_parity_v1,custom,ae14bee1828d1c0dcb7b43653aba724543f73a298e3ecda5443cfe335ed0f6b2,6bdd9a364b88f43408248d2c3ec330144acbe295f246a95740198128e5f5dcfc,PI,ideal,1.0,clue_search,28,784,4,0.25,196,196,scale_g28_r4_pi_topk025,C:\Users\lottj\Desktop\research\decentralized benchmark\topk_filter_study\results\sensitivity_suite\scenarios\clue_g28_n50.csv,658.2829,03,31,30,1,20.2883,0.6544612903225806,0.0319,0.0904,19.2634,3.082003193459833,1,4.856,4.856,4.856,1.0249,19.2634,3.082003193459833,completed
28,dcta_parity_v1,custom,ae14bee1828d1c0dcb7b43653aba724543f73a298e3ecda5443cfe335ed0f6b2,6bdd9a364b88f43408248d2c3ec330144acbe295f246a95740198128e5f5dcfc,PI,ideal,1.0,clue_search,28,784,4,0.25,196,196,scale_g28_r4_pi_topk025,C:\Users\lottj\Desktop\research\decentralized benchmark\topk_filter_study\results\sensitivity_suite\scenarios\clue_g28_n50.csv,2461.469,00,126,111,15,362.543,2.877325396825397,0.029650000000000003,25.7977,28.4582,14.728725001208629,15,116.8495,7.789966666666667,11.6178,3.268,359.275,14.728725001208629,completed
28,dcta_parity_v1,custom,ae14bee1828d1c0dcb7b43653aba724543f73a298e3ecda5443cfe335ed0f6b2,6bdd9a364b88f43408248d2c3ec330144acbe295f246a95740198128e5f5dcfc,PI,ideal,1.0,clue_search,28,784,4,0.25,196,196,scale_g28_r4_pi_topk025,C:\Users\lottj\Desktop\research\decentralized benchmark\topk_filter_study\results\sensitivity_suite\scenarios\clue_g28_n50.csv,2461.469,01,126,111,15,373.4749,2.964086507936508,0.0329,25.7423,28.0993,15.17284597124725,15,121.7385,8.1159,11.5769,3.6139,369.861,15.17284597124725,completed
28,dcta_parity_v1,custom,ae14bee1828d1c0dcb7b43653aba724543f73a298e3ecda5443cfe335ed0f6b2,6bdd9a364b88f43408248d2c3ec330144acbe295f246a95740198128e5f5dcfc,PI,ideal,1.0,clue_search,28,784,4,0.25,196,196,scale_g28_r4_pi_topk025,C:\Users\lottj\Desktop\research\decentralized benchmark\topk_filter_study\results\sensitivity_suite\scenarios\clue_g28_n50.csv,2461.469,02,99,84,15,363.1499,3.668180808080808,0.0349,26.6012,29.3578,14.75338100947036,15,122.54400000000001,8.1696,11.5652,2.8749,360.275,14.75338100947036,completed
28,dcta_parity_v1,custom,ae14bee1828d1c0dcb7b43653aba724543f73a298e3ecda5443cfe335ed0f6b2,6bdd9a364b88f43408248d2c3ec330144acbe295f246a95740198128e5f5dcfc,PI,ideal,1.0,clue_search,28,784,4,0.25,196,196,scale_g28_r4_pi_topk025,C:\Users\lottj\Desktop\research\decentralized benchmark\topk_filter_study\results\sensitivity_suite\scenarios\clue_g28_n50.csv,2461.469,03,42,30,12,283.8839,6.759140476190476,0.03165,26.9705,27.3777,11.533108887416416,12,90.2522,7.521016666666667,11.6631,0.9661,282.9178,11.533108887416416,completed
29,dcta_parity_v1,custom,ae14bee1828d1c0dcb7b43653aba724543f73a298e3ecda5443cfe335ed0f6b2,6bdd9a364b88f43408248d2c3ec330144acbe295f246a95740198128e5f5dcfc,PI,ideal,1.0,clue_search,28,784,4,0.25,196,196,scale_g28_r4_pi_topk025,C:\Users\lottj\Desktop\research\decentralized benchmark\topk_filter_study\results\sensitivity_suite\scenarios\clue_g28_n50.csv,1236.6321,00,42,35,7,160.6013,3.8238404761904765,0.0233,24.815,27.7604,12.986991037997477,7,67.6863,9.669471428571429,12.0772,0.8676,159.7337,12.986991037997477,completed
29,dcta_parity_v1,custom,ae14bee1828d1c0dcb7b43653aba724543f73a298e3ecda5443cfe335ed0f6b2,6bdd9a364b88f43408248d2c3ec330144acbe295f246a95740198128e5f5dcfc,PI,ideal,1.0,clue_search,28,784,4,0.25,196,196,scale_g28_r4_pi_topk025,C:\Users\lottj\Desktop\research\decentralized benchmark\topk_filter_study\results\sensitivity_suite\scenarios\clue_g28_n50.csv,1236.6321,01,43,35,8,188.2918,4.378879069767442,0.0256,27.4835,29.2886,15.226177615800204,8,80.8837,10.1104625,13.2333,0.9142,187.3776,15.226177615800204,completed
29,dcta_parity_v1,custom,ae14bee1828d1c0dcb7b43653aba724543f73a298e3ecda5443cfe335ed0f6b2,6bdd9a364b88f43408248d2c3ec330144acbe295f246a95740198128e5f5dcfc,PI,ideal,1.0,clue_search,28,784,4,0.25,196,196,scale_g28_r4_pi_topk025,C:\Users\lottj\Desktop\research\decentralized benchmark\topk_filter_study\results\sensitivity_suite\scenarios\clue_g28_n50.csv,1236.6321,02,42,35,7,172.6279,4.110188095238096,0.0286,26.5558,30.9404,13.959519569320577,7,76.5152,10.930742857142857,13.129,0.9782,171.6497,13.959519569320577,completed
29,dcta_parity_v1,custom,ae14bee1828d1c0dcb7b43653aba724543f73a298e3ecda5443cfe335ed0f6b2,6bdd9a364b88f43408248d2c3ec330144acbe295f246a95740198128e5f5dcfc,PI,ideal,1.0,clue_search,28,784,4,0.25,196,196,scale_g28_r4_pi_topk025,C:\Users\lottj\Desktop\research\decentralized benchmark\topk_filter_study\results\sensitivity_suite\scenarios\clue_g28_n50.csv,1236.6321,03,38,28,10,236.3757,6.220413157894737,0.03795,26.5593,27.5442,19.11447228322797,10,108.3154,10.83154,13.6277,0.915,235.4607,19.11447228322797,completed
30,dcta_parity_v1,custom,ae14bee1828d1c0dcb7b43653aba724543f73a298e3ecda5443cfe335ed0f6b2,6bdd9a364b88f43408248d2c3ec330144acbe295f246a95740198128e5f5dcfc,PI,ideal,1.0,clue_search,28,784,4,0.25,196,196,scale_g28_r4_pi_topk025,C:\Users\lottj\Desktop\research\decentralized benchmark\topk_filter_study\results\sensitivity_suite\scenarios\clue_g28_n50.csv,5200.966,00,58,26,32,677.1429,11.674877586206897,14.5095,24.5769,27.8894,13.019560212468223,32,193.04500000000002,6.0326562500000005,9.7703,0.6484,676.4945,13.019560212468223,completed
30,dcta_parity_v1,custom,ae14bee1828d1c0dcb7b43653aba724543f73a298e3ecda5443cfe335ed0f6b2,6bdd9a364b88f43408248d2c3ec330144acbe295f246a95740198128e5f5dcfc,PI,ideal,1.0,clue_search,28,784,4,0.25,196,196,scale_g28_r4_pi_topk025,C:\Users\lottj\Desktop\research\decentralized benchmark\topk_filter_study\results\sensitivity_suite\scenarios\clue_g28_n50.csv,5200.966,01,66,25,41,850.5595,12.887265151515152,17.162300000000002,25.1191,26.0964,16.35387541468258,41,252.8675,6.1675,8.9833,0.7621,849.7974,16.35387541468258,completed
30,dcta_parity_v1,custom,ae14bee1828d1c0dcb7b43653aba724543f73a298e3ecda5443cfe335ed0f6b2,6bdd9a364b88f43408248d2c3ec330144acbe295f246a95740198128e5f5dcfc,PI,ideal,1.0,clue_search,28,784,4,0.25,196,196,scale_g28_r4_pi_topk025,C:\Users\lottj\Desktop\research\decentralized benchmark\topk_filter_study\results\sensitivity_suite\scenarios\clue_g28_n50.csv,5200.966,02,65,26,39,842.8783,12.967358461538462,20.109,24.7454,29.7947,16.206187465943827,39,243.9711,6.2556692307692305,17.5082,0.8423,842.0360000000001,16.206187465943827,completed
30,dcta_parity_v1,custom,ae14bee1828d1c0dcb7b43653aba724543f73a298e3ecda5443cfe335ed0f6b2,6bdd9a364b88f43408248d2c3ec330144acbe295f246a95740198128e5f5dcfc,PI,ideal,1.0,clue_search,28,784,4,0.25,196,196,scale_g28_r4_pi_topk025,C:\Users\lottj\Desktop\research\decentralized benchmark\topk_filter_study\results\sensitivity_suite\scenarios\clue_g28_n50.csv,5200.966,03,61,25,36,753.0672,12.34536393442623,15.8422,24.6784,25.8013,14.479371716715702,36,208.1275,5.781319444444445,9.0576,0.8667,752.2005,14.479371716715702,completed
31,dcta_parity_v1,custom,ae14bee1828d1c0dcb7b43653aba724543f73a298e3ecda5443cfe335ed0f6b2,6bdd9a364b88f43408248d2c3ec330144acbe295f246a95740198128e5f5dcfc,PI,ideal,1.0,clue_search,28,784,4,0.25,196,196,scale_g28_r4_pi_topk025,C:\Users\lottj\Desktop\research\decentralized benchmark\topk_filter_study\results\sensitivity_suite\scenarios\clue_g28_n50.csv,8856.6483,00,61,8,53,1431.6117,23.469044262295082,24.6442,38.921,40.8415,16.16426046860187,53,576.0935000000001,10.869688679245284,22.7979,0.1953,1431.4164,16.16426046860187,completed
31,dcta_parity_v1,custom,ae14bee1828d1c0dcb7b43653aba724543f73a298e3ecda5443cfe335ed0f6b2,6bdd9a364b88f43408248d2c3ec330144acbe295f246a95740198128e5f5dcfc,PI,ideal,1.0,clue_search,28,784,4,0.25,196,196,scale_g28_r4_pi_topk025,C:\Users\lottj\Desktop\research\decentralized benchmark\topk_filter_study\results\sensitivity_suite\scenarios\clue_g28_n50.csv,8856.6483,01,59,7,52,1427.013,24.186661016949152,25.4469,40.6798,42.819,16.112336762881277,52,613.1372,11.7911,24.8181,0.18409999999999999,1426.8289,16.112336762881277,completed
31,dcta_parity_v1,custom,ae14bee1828d1c0dcb7b43653aba724543f73a298e3ecda5443cfe335ed0f6b2,6bdd9a364b88f43408248d2c3ec330144acbe295f246a95740198128e5f5dcfc,PI,ideal,1.0,clue_search,28,784,4,0.25,196,196,scale_g28_r4_pi_topk025,C:\Users\lottj\Desktop\research\decentralized benchmark\topk_filter_study\results\sensitivity_suite\scenarios\clue_g28_n50.csv,8856.6483,02,61,8,53,1485.9158,24.359275409836066,26.0766,38.5291,43.7897,16.77740551129257,53,615.081,11.605301886792454,25.5014,0.3146,1485.6012,16.77740551129257,completed
31,dcta_parity_v1,custom,ae14bee1828d1c0dcb7b43653aba724543f73a298e3ecda5443cfe335ed0f6b2,6bdd9a364b88f43408248d2c3ec330144acbe295f246a95740198128e5f5dcfc,PI,ideal,1.0,clue_search,28,784,4,0.25,196,196,scale_g28_r4_pi_topk025,C:\Users\lottj\Desktop\research\decentralized benchmark\topk_filter_study\results\sensitivity_suite\scenarios\clue_g28_n50.csv,8856.6483,03,60,7,53,1472.3376,24.53896,25.1235,41.089,43.6161,16.624094692797048,53,612.3987,11.554692452830189,24.9795,0.2244,1472.1132,16.624094692797048,completed
32,dcta_parity_v1,custom,ae14bee1828d1c0dcb7b43653aba724543f73a298e3ecda5443cfe335ed0f6b2,6bdd9a364b88f43408248d2c3ec330144acbe295f246a95740198128e5f5dcfc,PI,ideal,1.0,clue_search,28,784,4,0.25,196,196,scale_g28_r4_pi_topk025,C:\Users\lottj\Desktop\research\decentralized benchmark\topk_filter_study\results\sensitivity_suite\scenarios\clue_g28_n50.csv,162.4807,00,32,32,0,0.8267,0.025834375,0.02615,0.0353,0.0357,0.5087988911913846,0,0.0,0.0,0.0,0.8267,0.0,0.5087988911913846,completed
32,dcta_parity_v1,custom,ae14bee1828d1c0dcb7b43653aba724543f73a298e3ecda5443cfe335ed0f6b2,6bdd9a364b88f43408248d2c3ec330144acbe295f246a95740198128e5f5dcfc,PI,ideal,1.0,clue_search,28,784,4,0.25,196,196,scale_g28_r4_pi_topk025,C:\Users\lottj\Desktop\research\decentralized benchmark\topk_filter_study\results\sensitivity_suite\scenarios\clue_g28_n50.csv,162.4807,01,32,32,0,0.9609,0.030028125,0.02895,0.0364,0.0796,0.5913933162523303,0,0.0,0.0,0.0,0.9609,0.0,0.5913933162523303,completed
32,dcta_parity_v1,custom,ae14bee1828d1c0dcb7b43653aba724543f73a298e3ecda5443cfe335ed0f6b2,6bdd9a364b88f43408248d2c3ec330144acbe295f246a95740198128e5f5dcfc,PI,ideal,1.0,clue_search,28,784,4,0.25,196,196,scale_g28_r4_pi_topk025,C:\Users\lottj\Desktop\research\decentralized benchmark\topk_filter_study\results\sensitivity_suite\scenarios\clue_g28_n50.csv,162.4807,02,32,32,0,1.0645,0.033265625,0.033350000000000005,0.0385,0.0475,0.6551547353008695,0,0.0,0.0,0.0,1.0645,0.0,0.6551547353008695,completed
32,dcta_parity_v1,custom,ae14bee1828d1c0dcb7b43653aba724543f73a298e3ecda5443cfe335ed0f6b2,6bdd9a364b88f43408248d2c3ec330144acbe295f246a95740198128e5f5dcfc,PI,ideal,1.0,clue_search,28,784,4,0.25,196,196,scale_g28_r4_pi_topk025,C:\Users\lottj\Desktop\research\decentralized benchmark\topk_filter_study\results\sensitivity_suite\scenarios\clue_g28_n50.csv,162.4807,03,28,28,0,1.027,0.03667857142857143,0.03535,0.0492,0.0555,0.6320750710699793,0,0.0,0.0,0.0,1.027,0.0,0.6320750710699793,completed
33,dcta_parity_v1,custom,ae14bee1828d1c0dcb7b43653aba724543f73a298e3ecda5443cfe335ed0f6b2,6bdd9a364b88f43408248d2c3ec330144acbe295f246a95740198128e5f5dcfc,PI,ideal,1.0,clue_search,28,784,4,0.25,196,196,scale_g28_r4_pi_topk025,C:\Users\lottj\Desktop\research\decentralized benchmark\topk_filter_study\results\sensitivity_suite\scenarios\clue_g28_n50.csv,3867.4443,00,74,49,25,640.1752,8.651016216216217,0.0276,27.5875,31.6434,16.552926179182464,25,238.2818,9.531272,11.5531,1.3222,638.853,16.552926179182464,completed
33,dcta_parity_v1,custom,ae14bee1828d1c0dcb7b43653aba724543f73a298e3ecda5443cfe335ed0f6b2,6bdd9a364b88f43408248d2c3ec330144acbe295f246a95740198128e5f5dcfc,PI,ideal,1.0,clue_search,28,784,4,0.25,196,196,scale_g28_r4_pi_topk025,C:\Users\lottj\Desktop\research\decentralized benchmark\topk_filter_study\results\sensitivity_suite\scenarios\clue_g28_n50.csv,3867.4443,01,74,49,25,643.8307,8.700414864864864,0.027749999999999997,27.4941,29.9277,16.647445963216587,25,251.086,10.04344,12.4601,1.3166,642.5141,16.647445963216587,completed
33,dcta_parity_v1,custom,ae14bee1828d1c0dcb7b43653aba724543f73a298e3ecda5443cfe335ed0f6b2,6bdd9a364b88f43408248d2c3ec330144acbe295f246a95740198128e5f5dcfc,PI,ideal,1.0,clue_search,28,784,4,0.25,196,196,scale_g28_r4_pi_topk025,C:\Users\lottj\Desktop\research\decentralized benchmark\topk_filter_study\results\sensitivity_suite\scenarios\clue_g28_n50.csv,3867.4443,02,75,49,26,669.961,8.932813333333334,0.0311,29.5195,30.5545,17.323093702991404,26,263.0601,10.117696153846152,13.0357,1.4717,668.4893,17.323093702991404,completed
33,dcta_parity_v1,custom,ae14bee1828d1c0dcb7b43653aba724543f73a298e3ecda5443cfe335ed0f6b2,6bdd9a364b88f43408248d2c3ec330144acbe295f246a95740198128e5f5dcfc,PI,ideal,1.0,clue_search,28,784,4,0.25,196,196,scale_g28_r4_pi_topk025,C:\Users\lottj\Desktop\research\decentralized benchmark\topk_filter_study\results\sensitivity_suite\scenarios\clue_g28_n50.csv,3867.4443,03,49,28,21,529.3553,10.803169387755103,0.0365,28.1068,30.2346,13.687470560338776,21,204.2466,9.726028571428571,12.0376,0.9879,528.3674,13.687470560338776,completed
34,dcta_parity_v1,custom,ae14bee1828d1c0dcb7b43653aba724543f73a298e3ecda5443cfe335ed0f6b2,6bdd9a364b88f43408248d2c3ec330144acbe295f246a95740198128e5f5dcfc,PI,ideal,1.0,clue_search,28,784,4,0.25,196,196,scale_g28_r4_pi_topk025,C:\Users\lottj\Desktop\research\decentralized benchmark\topk_filter_study\results\sensitivity_suite\scenarios\clue_g28_n50.csv,447.8171,00,3,2,1,38.2147,12.738233333333334,0.0507,38.1312,38.1312,8.533550862617798,1,21.8112,21.8112,21.8112,0.0835,38.1312,8.533550862617798,completed
34,dcta_parity_v1,custom,ae14bee1828d1c0dcb7b43653aba724543f73a298e3ecda5443cfe335ed0f6b2,6bdd9a364b88f43408248d2c3ec330144acbe295f246a95740198128e5f5dcfc,PI,ideal,1.0,clue_search,28,784,4,0.25,196,196,scale_g28_r4_pi_topk025,C:\Users\lottj\Desktop\research\decentralized benchmark\topk_filter_study\results\sensitivity_suite\scenarios\clue_g28_n50.csv,447.8171,01,3,2,1,39.104,13.034666666666666,0.0528,39.0257,39.0257,8.732136401222732,1,22.7694,22.7694,22.7694,0.0783,39.0257,8.732136401222732,completed
34,dcta_parity_v1,custom,ae14bee1828d1c0dcb7b43653aba724543f73a298e3ecda5443cfe335ed0f6b2,6bdd9a364b88f43408248d2c3ec330144acbe295f246a95740198128e5f5dcfc,PI,ideal,1.0,clue_search,28,784,4,0.25,196,196,scale_g28_r4_pi_topk025,C:\Users\lottj\Desktop\research\decentralized benchmark\topk_filter_study\results\sensitivity_suite\scenarios\clue_g28_n50.csv,447.8171,02,5,2,3,116.1728,23.23456,38.0004,39.6568,39.6568,25.94201963256874,3,66.069,22.023,22.5077,0.0838,116.089,25.94201963256874,completed
34,dcta_parity_v1,custom,ae14bee1828d1c0dcb7b43653aba724543f73a298e3ecda5443cfe335ed0f6b2,6bdd9a364b88f43408248d2c3ec330144acbe295f246a95740198128e5f5dcfc,PI,ideal,1.0,clue_search,28,784,4,0.25,196,196,scale_g28_r4_pi_topk025,C:\Users\lottj\Desktop\research\decentralized benchmark\topk_filter_study\results\sensitivity_suite\scenarios\clue_g28_n50.csv,447.8171,03,6,2,4,149.3441,24.89068333333333,34.908699999999996,40.0485,40.0485,33.3493517777682,4,89.4481,22.362025,23.5614,0.1184,149.2257,33.3493517777682,completed
35,dcta_parity_v1,custom,ae14bee1828d1c0dcb7b43653aba724543f73a298e3ecda5443cfe335ed0f6b2,6bdd9a364b88f43408248d2c3ec330144acbe295f246a95740198128e5f5dcfc,PI,ideal,1.0,clue_search,28,784,4,0.25,196,196,scale_g28_r4_pi_topk025,C:\Users\lottj\Desktop\research\decentralized benchmark\topk_filter_study\results\sensitivity_suite\scenarios\clue_g28_n50.csv,3528.5961,00,41,20,21,582.7844,14.214253658536585,16.827,32.5212,33.598,16.516041606462128,21,249.2244,11.867828571428571,16.7947,0.5461,582.2383,16.516041606462128,completed
35,dcta_parity_v1,custom,ae14bee1828d1c0dcb7b43653aba724543f73a298e3ecda5443cfe335ed0f6b2,6bdd9a364b88f43408248d2c3ec330144acbe295f246a95740198128e5f5dcfc,PI,ideal,1.0,clue_search,28,784,4,0.25,196,196,scale_g28_r4_pi_topk025,C:\Users\lottj\Desktop\research\decentralized benchmark\topk_filter_study\results\sensitivity_suite\scenarios\clue_g28_n50.csv,3528.5961,01,37,21,16,463.3288,12.5224,0.0413,33.4971,34.2803,13.13068390003605,16,203.1353,12.69595625,16.1813,0.6334,462.6954,13.13068390003605,completed
35,dcta_parity_v1,custom,ae14bee1828d1c0dcb7b43653aba724543f73a298e3ecda5443cfe335ed0f6b2,6bdd9a364b88f43408248d2c3ec330144acbe295f246a95740198128e5f5dcfc,PI,ideal,1.0,clue_search,28,784,4,0.25,196,196,scale_g28_r4_pi_topk025,C:\Users\lottj\Desktop\research\decentralized benchmark\topk_filter_study\results\sensitivity_suite\scenarios\clue_g28_n50.csv,3528.5961,02,45,20,25,678.7112,15.08247111111111,17.9618,34.2219,34.777,19.234595877947037,25,305.8165,12.232660000000001,16.914,0.625,678.0862,19.234595877947037,completed
35,dcta_parity_v1,custom,ae14bee1828d1c0dcb7b43653aba724543f73a298e3ecda5443cfe335ed0f6b2,6bdd9a364b88f43408248d2c3ec330144acbe295f246a95740198128e5f5dcfc,PI,ideal,1.0,clue_search,28,784,4,0.25,196,196,scale_g28_r4_pi_topk025,C:\Users\lottj\Desktop\research\decentralized benchmark\topk_filter_study\results\sensitivity_suite\scenarios\clue_g28_n50.csv,3528.5961,03,41,20,21,574.548,14.013365853658536,12.4472,33.5551,34.7696,16.282622995587396,21,257.6175,12.2675,16.6134,0.678,573.87,16.282622995587396,completed
36,dcta_parity_v1,custom,ae14bee1828d1c0dcb7b43653aba724543f73a298e3ecda5443cfe335ed0f6b2,6bdd9a364b88f43408248d2c3ec330144acbe295f246a95740198128e5f5dcfc,PI,ideal,1.0,clue_search,28,784,4,0.25,196,196,scale_g28_r4_pi_topk025,C:\Users\lottj\Desktop\research\decentralized benchmark\topk_filter_study\results\sensitivity_suite\scenarios\clue_g28_n50.csv,1030.5149,00,19,13,6,180.5549,9.502889473684212,0.031,32.5344,32.5344,17.520843221189722,6,81.7223,13.620383333333335,14.3838,0.3835,180.1714,17.520843221189722,completed
36,dcta_parity_v1,custom,ae14bee1828d1c0dcb7b43653aba724543f73a298e3ecda5443cfe335ed0f6b2,6bdd9a364b88f43408248d2c3ec330144acbe295f246a95740198128e5f5dcfc,PI,ideal,1.0,clue_search,28,784,4,0.25,196,196,scale_g28_r4_pi_topk025,C:\Users\lottj\Desktop\research\decentralized benchmark\topk_filter_study\results\sensitivity_suite\scenarios\clue_g28_n50.csv,1030.5149,01,21,13,8,245.0887,11.670890476190475,0.033,32.3597,32.5408,23.783130161436773,8,111.8683,13.9835375,14.5685,0.4324,244.6563,23.783130161436773,completed
36,dcta_parity_v1,custom,ae14bee1828d1c0dcb7b43653aba724543f73a298e3ecda5443cfe335ed0f6b2,6bdd9a364b88f43408248d2c3ec330144acbe295f246a95740198128e5f5dcfc,PI,ideal,1.0,clue_search,28,784,4,0.25,196,196,scale_g28_r4_pi_topk025,C:\Users\lottj\Desktop\research\decentralized benchmark\topk_filter_study\results\sensitivity_suite\scenarios\clue_g28_n50.csv,1030.5149,02,17,13,4,124.7062,7.335658823529411,0.0308,32.0804,32.0804,12.101348558861206,4,56.9981,14.249525,15.2254,0.4047,124.3015,12.101348558861206,completed
36,dcta_parity_v1,custom,ae14bee1828d1c0dcb7b43653aba724543f73a298e3ecda5443cfe335ed0f6b2,6bdd9a364b88f43408248d2c3ec330144acbe295f246a95740198128e5f5dcfc,PI,ideal,1.0,clue_search,28,784,4,0.25,196,196,scale_g28_r4_pi_topk025,C:\Users\lottj\Desktop\research\decentralized benchmark\topk_filter_study\results\sensitivity_suite\scenarios\clue_g28_n50.csv,1030.5149,03,17,12,5,153.5306,9.031211764705882,0.0388,32.4863,32.4863,14.898435723733835,5,69.9662,13.99324,14.9489,0.4347,153.0959,14.898435723733835,completed
37,dcta_parity_v1,custom,ae14bee1828d1c0dcb7b43653aba724543f73a298e3ecda5443cfe335ed0f6b2,6bdd9a364b88f43408248d2c3ec330144acbe295f246a95740198128e5f5dcfc,PI,ideal,1.0,clue_search,28,784,4,0.25,196,196,scale_g28_r4_pi_topk025,C:\Users\lottj\Desktop\research\decentralized benchmark\topk_filter_study\results\sensitivity_suite\scenarios\clue_g28_n50.csv,180.4533,00,35,35,0,0.9687,0.02767714285714286,0.0252,0.05,0.0653,0.5368147880919883,0,0.0,0.0,0.0,0.9687,0.0,0.5368147880919883,completed
37,dcta_parity_v1,custom,ae14bee1828d1c0dcb7b43653aba724543f73a298e3ecda5443cfe335ed0f6b2,6bdd9a364b88f43408248d2c3ec330144acbe295f246a95740198128e5f5dcfc,PI,ideal,1.0,clue_search,28,784,4,0.25,196,196,scale_g28_r4_pi_topk025,C:\Users\lottj\Desktop\research\decentralized benchmark\topk_filter_study\results\sensitivity_suite\scenarios\clue_g28_n50.csv,180.4533,01,35,35,0,1.1609,0.03316857142857143,0.0272,0.1015,0.1062,0.6433243393165988,0,0.0,0.0,0.0,1.1609,0.0,0.6433243393165988,completed
37,dcta_parity_v1,custom,ae14bee1828d1c0dcb7b43653aba724543f73a298e3ecda5443cfe335ed0f6b2,6bdd9a364b88f43408248d2c3ec330144acbe295f246a95740198128e5f5dcfc,PI,ideal,1.0,clue_search,28,784,4,0.25,196,196,scale_g28_r4_pi_topk025,C:\Users\lottj\Desktop\research\decentralized benchmark\topk_filter_study\results\sensitivity_suite\scenarios\clue_g28_n50.csv,180.4533,02,35,35,0,1.1778,0.03365142857142857,0.0315,0.0537,0.0757,0.6526896432484194,0,0.0,0.0,0.0,1.1778,0.0,0.6526896432484194,completed
37,dcta_parity_v1,custom,ae14bee1828d1c0dcb7b43653aba724543f73a298e3ecda5443cfe335ed0f6b2,6bdd9a364b88f43408248d2c3ec330144acbe295f246a95740198128e5f5dcfc,PI,ideal,1.0,clue_search,28,784,4,0.25,196,196,scale_g28_r4_pi_topk025,C:\Users\lottj\Desktop\research\decentralized benchmark\topk_filter_study\results\sensitivity_suite\scenarios\clue_g28_n50.csv,180.4533,03,28,28,0,1.0504,0.037514285714285715,0.03465,0.0553,0.0565,0.5820896597623872,0,0.0,0.0,0.0,1.0504,0.0,0.5820896597623872,completed
38,dcta_parity_v1,custom,ae14bee1828d1c0dcb7b43653aba724543f73a298e3ecda5443cfe335ed0f6b2,6bdd9a364b88f43408248d2c3ec330144acbe295f246a95740198128e5f5dcfc,PI,ideal,1.0,clue_search,28,784,4,0.25,196,196,scale_g28_r4_pi_topk025,C:\Users\lottj\Desktop\research\decentralized benchmark\topk_filter_study\results\sensitivity_suite\scenarios\clue_g28_n50.csv,188.9548,00,39,39,0,0.9804,0.02513846153846154,0.0233,0.0391,0.061,0.518854244507152,0,0.0,0.0,0.0,0.9804,0.0,0.518854244507152,completed
38,dcta_parity_v1,custom,ae14bee1828d1c0dcb7b43653aba724543f73a298e3ecda5443cfe335ed0f6b2,6bdd9a364b88f43408248d2c3ec330144acbe295f246a95740198128e5f5dcfc,PI,ideal,1.0,clue_search,28,784,4,0.25,196,196,scale_g28_r4_pi_topk025,C:\Users\lottj\Desktop\research\decentralized benchmark\topk_filter_study\results\sensitivity_suite\scenarios\clue_g28_n50.csv,188.9548,01,39,39,0,1.0661,0.027335897435897438,0.0257,0.0378,0.0443,0.5642090065984035,0,0.0,0.0,0.0,1.0661,0.0,0.5642090065984035,completed
38,dcta_parity_v1,custom,ae14bee1828d1c0dcb7b43653aba724543f73a298e3ecda5443cfe335ed0f6b2,6bdd9a364b88f43408248d2c3ec330144acbe295f246a95740198128e5f5dcfc,PI,ideal,1.0,clue_search,28,784,4,0.25,196,196,scale_g28_r4_pi_topk025,C:\Users\lottj\Desktop\research\decentralized benchmark\topk_filter_study\results\sensitivity_suite\scenarios\clue_g28_n50.csv,188.9548,02,40,40,0,1.2476,0.031190000000000002,0.02945,0.0403,0.0819,0.6602637244462697,0,0.0,0.0,0.0,1.2476,0.0,0.6602637244462697,completed
38,dcta_parity_v1,custom,ae14bee1828d1c0dcb7b43653aba724543f73a298e3ecda5443cfe335ed0f6b2,6bdd9a364b88f43408248d2c3ec330144acbe295f246a95740198128e5f5dcfc,PI,ideal,1.0,clue_search,28,784,4,0.25,196,196,scale_g28_r4_pi_topk025,C:\Users\lottj\Desktop\research\decentralized benchmark\topk_filter_study\results\sensitivity_suite\scenarios\clue_g28_n50.csv,188.9548,03,28,28,0,0.9237,0.032989285714285714,0.03165,0.0384,0.0519,0.4888470681877358,0,0.0,0.0,0.0,0.9237,0.0,0.4888470681877358,completed
39,dcta_parity_v1,custom,ae14bee1828d1c0dcb7b43653aba724543f73a298e3ecda5443cfe335ed0f6b2,6bdd9a364b88f43408248d2c3ec330144acbe295f246a95740198128e5f5dcfc,PI,ideal,1.0,clue_search,28,784,4,0.25,196,196,scale_g28_r4_pi_topk025,C:\Users\lottj\Desktop\research\decentralized benchmark\topk_filter_study\results\sensitivity_suite\scenarios\clue_g28_n50.csv,5054.8282,00,50,25,25,881.8183,17.636366,13.624699999999999,42.2871,43.857,17.445069646481755,25,481.0133,19.240532,25.981,0.697,881.1213,17.445069646481755,completed
39,dcta_parity_v1,custom,ae14bee1828d1c0dcb7b43653aba724543f73a298e3ecda5443cfe335ed0f6b2,6bdd9a364b88f43408248d2c3ec330144acbe295f246a95740198128e5f5dcfc,PI,ideal,1.0,clue_search,28,784,4,0.25,196,196,scale_g28_r4_pi_topk025,C:\Users\lottj\Desktop\research\decentralized benchmark\topk_filter_study\results\sensitivity_suite\scenarios\clue_g28_n50.csv,5054.8282,01,52,26,26,916.1622,17.618503846153846,13.6926,42.5576,44.3805,18.124497287563603,26,507.7272,19.52796923076923,26.7242,0.6847,915.4775,18.124497287563603,completed
39,dcta_parity_v1,custom,ae14bee1828d1c0dcb7b43653aba724543f73a298e3ecda5443cfe335ed0f6b2,6bdd9a364b88f43408248d2c3ec330144acbe295f246a95740198128e5f5dcfc,PI,ideal,1.0,clue_search,28,784,4,0.25,196,196,scale_g28_r4_pi_topk025,C:\Users\lottj\Desktop\research\decentralized benchmark\topk_filter_study\results\sensitivity_suite\scenarios\clue_g28_n50.csv,5054.8282,02,52,25,27,965.5004,18.567315384615384,28.521900000000002,43.6391,46.3391,19.100558155468075,27,521.0094,19.296644444444446,28.2304,0.7029,964.7975,19.100558155468075,completed
39,dcta_parity_v1,custom,ae14bee1828d1c0dcb7b43653aba724543f73a298e3ecda5443cfe335ed0f6b2,6bdd9a364b88f43408248d2c3ec330144acbe295f246a95740198128e5f5dcfc,PI,ideal,1.0,clue_search,28,784,4,0.25,196,196,scale_g28_r4_pi_topk025,C:\Users\lottj\Desktop\research\decentralized benchmark\topk_filter_study\results\sensitivity_suite\scenarios\clue_g28_n50.csv,5054.8282,03,49,26,23,833.9654,17.019702040816327,0.0437,41.9473,46.2008,16.498392566536683,23,466.0617,20.26355217391304,28.3071,0.8375,833.1279,16.498392566536683,completed
40,dcta_parity_v1,custom,ae14bee1828d1c0dcb7b43653aba724543f73a298e3ecda5443cfe335ed0f6b2,6bdd9a364b88f43408248d2c3ec330144acbe295f246a95740198128e5f5dcfc,PI,ideal,1.0,clue_search,28,784,4,0.25,196,196,scale_g28_r4_pi_topk025,C:\Users\lottj\Desktop\research\decentralized benchmark\topk_filter_study\results\sensitivity_suite\scenarios\clue_g28_n50.csv,207.5857,00,41,41,0,0.9686,0.02362439024390244,0.0232,0.0264,0.0418,0.4666024682817747,0,0.0,0.0,0.0,0.9686,0.0,0.4666024682817747,completed
40,dcta_parity_v1,custom,ae14bee1828d1c0dcb7b43653aba724543f73a298e3ecda5443cfe335ed0f6b2,6bdd9a364b88f43408248d2c3ec330144acbe295f246a95740198128e5f5dcfc,PI,ideal,1.0,clue_search,28,784,4,0.25,196,196,scale_g28_r4_pi_topk025,C:\Users\lottj\Desktop\research\decentralized benchmark\topk_filter_study\results\sensitivity_suite\scenarios\clue_g28_n50.csv,207.5857,01,41,41,0,1.142,0.027853658536585363,0.0258,0.031,0.1017,0.5501342337164843,0,0.0,0.0,0.0,1.142,0.0,0.5501342337164843,completed
40,dcta_parity_v1,custom,ae14bee1828d1c0dcb7b43653aba724543f73a298e3ecda5443cfe335ed0f6b2,6bdd9a364b88f43408248d2c3ec330144acbe295f246a95740198128e5f5dcfc,PI,ideal,1.0,clue_search,28,784,4,0.25,196,196,scale_g28_r4_pi_topk025,C:\Users\lottj\Desktop\research\decentralized benchmark\topk_filter_study\results\sensitivity_suite\scenarios\clue_g28_n50.csv,207.5857,02,41,41,0,1.2073,0.029446341463414634,0.0283,0.0364,0.0452,0.5815911211610434,0,0.0,0.0,0.0,1.2073,0.0,0.5815911211610434,completed
40,dcta_parity_v1,custom,ae14bee1828d1c0dcb7b43653aba724543f73a298e3ecda5443cfe335ed0f6b2,6bdd9a364b88f43408248d2c3ec330144acbe295f246a95740198128e5f5dcfc,PI,ideal,1.0,clue_search,28,784,4,0.25,196,196,scale_g28_r4_pi_topk025,C:\Users\lottj\Desktop\research\decentralized benchmark\topk_filter_study\results\sensitivity_suite\scenarios\clue_g28_n50.csv,207.5857,03,28,28,0,0.9365,0.03344642857142857,0.03125,0.0537,0.0585,0.4511389753725811,0,0.0,0.0,0.0,0.9365,0.0,0.4511389753725811,completed
41,dcta_parity_v1,custom,ae14bee1828d1c0dcb7b43653aba724543f73a298e3ecda5443cfe335ed0f6b2,6bdd9a364b88f43408248d2c3ec330144acbe295f246a95740198128e5f5dcfc,PI,ideal,1.0,clue_search,28,784,4,0.25,196,196,scale_g28_r4_pi_topk025,C:\Users\lottj\Desktop\research\decentralized benchmark\topk_filter_study\results\sensitivity_suite\scenarios\clue_g28_n50.csv,16.6173,00,3,3,0,0.094,0.03133333333333333,0.0298,0.0432,0.0432,0.5656755309225927,0,0.0,0.0,0.0,0.094,0.0,0.5656755309225927,completed
41,dcta_parity_v1,custom,ae14bee1828d1c0dcb7b43653aba724543f73a298e3ecda5443cfe335ed0f6b2,6bdd9a364b88f43408248d2c3ec330144acbe295f246a95740198128e5f5dcfc,PI,ideal,1.0,clue_search,28,784,4,0.25,196,196,scale_g28_r4_pi_topk025,C:\Users\lottj\Desktop\research\decentralized benchmark\topk_filter_study\results\sensitivity_suite\scenarios\clue_g28_n50.csv,16.6173,01,3,3,0,0.097,0.03233333333333333,0.0259,0.0472,0.0472,0.5837290053137394,0,0.0,0.0,0.0,0.097,0.0,0.5837290053137394,completed
41,dcta_parity_v1,custom,ae14bee1828d1c0dcb7b43653aba724543f73a298e3ecda5443cfe335ed0f6b2,6bdd9a364b88f43408248d2c3ec330144acbe295f246a95740198128e5f5dcfc,PI,ideal,1.0,clue_search,28,784,4,0.25,196,196,scale_g28_r4_pi_topk025,C:\Users\lottj\Desktop\research\decentralized benchmark\topk_filter_study\results\sensitivity_suite\scenarios\clue_g28_n50.csv,16.6173,02,3,3,0,0.1453,0.048433333333333335,0.028,0.0918,0.0918,0.8743899430111992,0,0.0,0.0,0.0,0.1453,0.0,0.8743899430111992,completed
41,dcta_parity_v1,custom,ae14bee1828d1c0dcb7b43653aba724543f73a298e3ecda5443cfe335ed0f6b2,6bdd9a364b88f43408248d2c3ec330144acbe295f246a95740198128e5f5dcfc,PI,ideal,1.0,clue_search,28,784,4,0.25,196,196,scale_g28_r4_pi_topk025,C:\Users\lottj\Desktop\research\decentralized benchmark\topk_filter_study\results\sensitivity_suite\scenarios\clue_g28_n50.csv,16.6173,03,3,3,0,0.1211,0.04036666666666667,0.0449,0.0502,0.0502,0.7287585829226167,0,0.0,0.0,0.0,0.1211,0.0,0.7287585829226167,completed
42,dcta_parity_v1,custom,ae14bee1828d1c0dcb7b43653aba724543f73a298e3ecda5443cfe335ed0f6b2,6bdd9a364b88f43408248d2c3ec330144acbe295f246a95740198128e5f5dcfc,PI,ideal,1.0,clue_search,28,784,4,0.25,196,196,scale_g28_r4_pi_topk025,C:\Users\lottj\Desktop\research\decentralized benchmark\topk_filter_study\results\sensitivity_suite\scenarios\clue_g28_n50.csv,2187.8488,00,68,54,14,329.752,4.849294117647059,0.0279,25.3786,28.5205,15.071973895088181,14,120.7062,8.621871428571428,11.1099,1.5316,328.2204,15.071973895088181,completed
42,dcta_parity_v1,custom,ae14bee1828d1c0dcb7b43653aba724543f73a298e3ecda5443cfe335ed0f6b2,6bdd9a364b88f43408248d2c3ec330144acbe295f246a95740198128e5f5dcfc,PI,ideal,1.0,clue_search,28,784,4,0.25,196,196,scale_g28_r4_pi_topk025,C:\Users\lottj\Desktop\research\decentralized benchmark\topk_filter_study\results\sensitivity_suite\scenarios\clue_g28_n50.csv,2187.8488,01,66,55,11,278.592,4.221090909090909,0.0286,25.3925,28.2257,12.733603894382462,11,104.2229,9.47480909090909,11.3326,1.6288,276.9632,12.733603894382462,completed
42,dcta_parity_v1,custom,ae14bee1828d1c0dcb7b43653aba724543f73a298e3ecda5443cfe335ed0f6b2,6bdd9a364b88f43408248d2c3ec330144acbe295f246a95740198128e5f5dcfc,PI,ideal,1.0,clue_search,28,784,4,0.25,196,196,scale_g28_r4_pi_topk025,C:\Users\lottj\Desktop\research\decentralized benchmark\topk_filter_study\results\sensitivity_suite\scenarios\clue_g28_n50.csv,2187.8488,02,70,55,15,368.0208,5.25744,0.03135,27.1194,28.8563,16.821125847453445,15,144.0457,9.603046666666668,11.5672,1.7871,366.2337,16.821125847453445,completed
42,dcta_parity_v1,custom,ae14bee1828d1c0dcb7b43653aba724543f73a298e3ecda5443cfe335ed0f6b2,6bdd9a364b88f43408248d2c3ec330144acbe295f246a95740198128e5f5dcfc,PI,ideal,1.0,clue_search,28,784,4,0.25,196,196,scale_g28_r4_pi_topk025,C:\Users\lottj\Desktop\research\decentralized benchmark\topk_filter_study\results\sensitivity_suite\scenarios\clue_g28_n50.csv,2187.8488,03,42,28,14,353.0226,8.4053,0.03245,28.4892,30.5414,16.135603155026068,14,135.4225,9.673035714285716,11.5827,0.88,352.1426,16.135603155026068,completed
43,dcta_parity_v1,custom,ae14bee1828d1c0dcb7b43653aba724543f73a298e3ecda5443cfe335ed0f6b2,6bdd9a364b88f43408248d2c3ec330144acbe295f246a95740198128e5f5dcfc,PI,ideal,1.0,clue_search,28,784,4,0.25,196,196,scale_g28_r4_pi_topk025,C:\Users\lottj\Desktop\research\decentralized benchmark\topk_filter_study\results\sensitivity_suite\scenarios\clue_g28_n50.csv,882.6972,00,81,79,2,66.787,0.824530864197531,0.0248,0.0364,32.8956,7.5662412886321615,2,34.459,17.2295,17.7032,2.0418,64.7452,7.5662412886321615,completed
43,dcta_parity_v1,custom,ae14bee1828d1c0dcb7b43653aba724543f73a298e3ecda5443cfe335ed0f6b2,6bdd9a364b88f43408248d2c3ec330144acbe295f246a95740198128e5f5dcfc,PI,ideal,1.0,clue_search,28,784,4,0.25,196,196,scale_g28_r4_pi_topk025,C:\Users\lottj\Desktop\research\decentralized benchmark\topk_filter_study\results\sensitivity_suite\scenarios\clue_g28_n50.csv,882.6972,01,83,79,4,128.62460000000002,1.5496939759036146,0.0289,0.0938,34.8753,14.57176934513897,4,69.6206,17.40515,18.9107,2.392,126.2326,14.57176934513897,completed
43,dcta_parity_v1,custom,ae14bee1828d1c0dcb7b43653aba724543f73a298e3ecda5443cfe335ed0f6b2,6bdd9a364b88f43408248d2c3ec330144acbe295f246a95740198128e5f5dcfc,PI,ideal,1.0,clue_search,28,784,4,0.25,196,196,scale_g28_r4_pi_topk025,C:\Users\lottj\Desktop\research\decentralized benchmark\topk_filter_study\results\sensitivity_suite\scenarios\clue_g28_n50.csv,882.6972,02,83,80,3,103.3237,1.2448638554216869,0.0292,0.0452,35.5153,11.705452334050682,3,54.7822,18.260733333333334,19.7777,2.4247,100.899,11.705452334050682,completed
43,dcta_parity_v1,custom,ae14bee1828d1c0dcb7b43653aba724543f73a298e3ecda5443cfe335ed0f6b2,6bdd9a364b88f43408248d2c3ec330144acbe295f246a95740198128e5f5dcfc,PI,ideal,1.0,clue_search,28,784,4,0.25,196,196,scale_g28_r4_pi_topk025,C:\Users\lottj\Desktop\research\decentralized benchmark\topk_filter_study\results\sensitivity_suite\scenarios\clue_g28_n50.csv,882.6972,03,32,29,3,97.87939999999999,3.0587312499999997,0.03015,34.4569,36.4015,11.088672310278088,3,53.0325,17.6775,18.8007,0.8742,97.0052,11.088672310278088,completed
44,dcta_parity_v1,custom,ae14bee1828d1c0dcb7b43653aba724543f73a298e3ecda5443cfe335ed0f6b2,6bdd9a364b88f43408248d2c3ec330144acbe295f246a95740198128e5f5dcfc,PI,ideal,1.0,clue_search,28,784,4,0.25,196,196,scale_g28_r4_pi_topk025,C:\Users\lottj\Desktop\research\decentralized benchmark\topk_filter_study\results\sensitivity_suite\scenarios\clue_g28_n50.csv,537.4756,00,113,113,0,3.2073,0.028383185840707963,0.0276,0.039,0.0467,0.5967340656952613,0,0.0,0.0,0.0,3.2073,0.0,0.5967340656952613,completed
44,dcta_parity_v1,custom,ae14bee1828d1c0dcb7b43653aba724543f73a298e3ecda5443cfe335ed0f6b2,6bdd9a364b88f43408248d2c3ec330144acbe295f246a95740198128e5f5dcfc,PI,ideal,1.0,clue_search,28,784,4,0.25,196,196,scale_g28_r4_pi_topk025,C:\Users\lottj\Desktop\research\decentralized benchmark\topk_filter_study\results\sensitivity_suite\scenarios\clue_g28_n50.csv,537.4756,01,114,114,0,3.3636,0.029505263157894736,0.03005,0.0406,0.0443,0.6258144555771462,0,0.0,0.0,0.0,3.3636,0.0,0.6258144555771462,completed
44,dcta_parity_v1,custom,ae14bee1828d1c0dcb7b43653aba724543f73a298e3ecda5443cfe335ed0f6b2,6bdd9a364b88f43408248d2c3ec330144acbe295f246a95740198128e5f5dcfc,PI,ideal,1.0,clue_search,28,784,4,0.25,196,196,scale_g28_r4_pi_topk025,C:\Users\lottj\Desktop\research\decentralized benchmark\topk_filter_study\results\sensitivity_suite\scenarios\clue_g28_n50.csv,537.4756,02,84,84,0,2.8044,0.03338571428571428,0.0339,0.0441,0.0526,0.5217725232550091,0,0.0,0.0,0.0,2.8044,0.0,0.5217725232550091,completed
44,dcta_parity_v1,custom,ae14bee1828d1c0dcb7b43653aba724543f73a298e3ecda5443cfe335ed0f6b2,6bdd9a364b88f43408248d2c3ec330144acbe295f246a95740198128e5f5dcfc,PI,ideal,1.0,clue_search,28,784,4,0.25,196,196,scale_g28_r4_pi_topk025,C:\Users\lottj\Desktop\research\decentralized benchmark\topk_filter_study\results\sensitivity_suite\scenarios\clue_g28_n50.csv,537.4756,03,30,30,0,1.1008,0.036693333333333335,0.035750000000000004,0.0506,0.0882,0.2048092973895001,0,0.0,0.0,0.0,1.1008,0.0,0.2048092973895001,completed
45,dcta_parity_v1,custom,ae14bee1828d1c0dcb7b43653aba724543f73a298e3ecda5443cfe335ed0f6b2,6bdd9a364b88f43408248d2c3ec330144acbe295f246a95740198128e5f5dcfc,PI,ideal,1.0,clue_search,28,784,4,0.25,196,196,scale_g28_r4_pi_topk025,C:\Users\lottj\Desktop\research\decentralized benchmark\topk_filter_study\results\sensitivity_suite\scenarios\clue_g28_n50.csv,5805.7285,00,99,62,37,948.2825,9.578611111111112,0.0261,33.6707,35.0183,16.333566063242536,37,390.1993,10.545927027027027,18.931,1.5266,946.7559,16.333566063242536,completed
45,dcta_parity_v1,custom,ae14bee1828d1c0dcb7b43653aba724543f73a298e3ecda5443cfe335ed0f6b2,6bdd9a364b88f43408248d2c3ec330144acbe295f246a95740198128e5f5dcfc,PI,ideal,1.0,clue_search,28,784,4,0.25,196,196,scale_g28_r4_pi_topk025,C:\Users\lottj\Desktop\research\decentralized benchmark\topk_filter_study\results\sensitivity_suite\scenarios\clue_g28_n50.csv,5805.7285,01,100,62,38,1007.2354,10.072354,0.02975,33.842,36.6361,17.34899246494217,38,424.0723,11.159797368421053,19.8758,1.8168,1005.4186,17.34899246494217,completed
45,dcta_parity_v1,custom,ae14bee1828d1c0dcb7b43653aba724543f73a298e3ecda5443cfe335ed0f6b2,6bdd9a364b88f43408248d2c3ec330144acbe295f246a95740198128e5f5dcfc,PI,ideal,1.0,clue_search,28,784,4,0.25,196,196,scale_g28_r4_pi_topk025,C:\Users\lottj\Desktop\research\decentralized benchmark\topk_filter_study\results\sensitivity_suite\scenarios\clue_g28_n50.csv,5805.7285,02,98,63,35,920.969,9.397642857142857,0.0316,34.0045,35.7249,15.86310830759654,35,384.9242,10.997834285714285,19.904,1.8522,919.1168,15.86310830759654,completed
45,dcta_parity_v1,custom,ae14bee1828d1c0dcb7b43653aba724543f73a298e3ecda5443cfe335ed0f6b2,6bdd9a364b88f43408248d2c3ec330144acbe295f246a95740198128e5f5dcfc,PI,ideal,1.0,clue_search,28,784,4,0.25,196,196,scale_g28_r4_pi_topk025,C:\Users\lottj\Desktop\research\decentralized benchmark\topk_filter_study\results\sensitivity_suite\scenarios\clue_g28_n50.csv,5805.7285,03,63,29,34,830.7193,13.186020634920634,10.6095,34.0023,39.1069,14.308614328072695,34,327.9504,9.6456,21.324,0.9537,829.7656,14.308614328072695,completed
46,dcta_parity_v1,custom,ae14bee1828d1c0dcb7b43653aba724543f73a298e3ecda5443cfe335ed0f6b2,6bdd9a364b88f43408248d2c3ec330144acbe295f246a95740198128e5f5dcfc,PI,ideal,1.0,clue_search,28,784,4,0.25,196,196,scale_g28_r4_pi_topk025,C:\Users\lottj\Desktop\research\decentralized benchmark\topk_filter_study\results\sensitivity_suite\scenarios\clue_g28_n50.csv,5295.4296,00,71,44,27,683.4939,9.626674647887326,0.0307,30.3445,36.6039,12.907241746731936,27,258.215,9.563518518518517,21.8795,1.1608,682.3331000000001,12.907241746731936,completed
46,dcta_parity_v1,custom,ae14bee1828d1c0dcb7b43653aba724543f73a298e3ecda5443cfe335ed0f6b2,6bdd9a364b88f43408248d2c3ec330144acbe295f246a95740198128e5f5dcfc,PI,ideal,1.0,clue_search,28,784,4,0.25,196,196,scale_g28_r4_pi_topk025,C:\Users\lottj\Desktop\research\decentralized benchmark\topk_filter_study\results\sensitivity_suite\scenarios\clue_g28_n50.csv,5295.4296,01,82,44,38,1027.4122,12.529417073170732,0.040400000000000005,32.8311,37.1072,19.401866847592498,38,425.7377,11.203623684210527,22.3369,1.2342,1026.178,19.401866847592498,completed
46,dcta_parity_v1,custom,ae14bee1828d1c0dcb7b43653aba724543f73a298e3ecda5443cfe335ed0f6b2,6bdd9a364b88f43408248d2c3ec330144acbe295f246a95740198128e5f5dcfc,PI,ideal,1.0,clue_search,28,784,4,0.25,196,196,scale_g28_r4_pi_topk025,C:\Users\lottj\Desktop\research\decentralized benchmark\topk_filter_study\results\sensitivity_suite\scenarios\clue_g28_n50.csv,5295.4296,02,75,44,31,852.3953,11.365270666666667,0.0399,33.3289,38.7356,16.096811106694723,31,361.3719,11.657158064516128,23.6621,1.4902,850.9051,16.096811106694723,completed
46,dcta_parity_v1,custom,ae14bee1828d1c0dcb7b43653aba724543f73a298e3ecda5443cfe335ed0f6b2,6bdd9a364b88f43408248d2c3ec330144acbe295f246a95740198128e5f5dcfc,PI,ideal,1.0,clue_search,28,784,4,0.25,196,196,scale_g28_r4_pi_topk025,C:\Users\lottj\Desktop\research\decentralized benchmark\topk_filter_study\results\sensitivity_suite\scenarios\clue_g28_n50.csv,5295.4296,03,57,28,29,797.1712,13.985459649122808,18.1067,32.7581,37.6125,15.053947653274436,29,347.8731,11.995624137931035,23.0712,0.9726,796.1986,15.053947653274436,completed
47,dcta_parity_v1,custom,ae14bee1828d1c0dcb7b43653aba724543f73a298e3ecda5443cfe335ed0f6b2,6bdd9a364b88f43408248d2c3ec330144acbe295f246a95740198128e5f5dcfc,PI,ideal,1.0,clue_search,28,784,4,0.25,196,196,scale_g28_r4_pi_topk025,C:\Users\lottj\Desktop\research\decentralized benchmark\topk_filter_study\results\sensitivity_suite\scenarios\clue_g28_n50.csv,4237.7772,00,51,24,27,705.5537,13.834386274509805,18.8836,29.6743,32.0378,16.649145688923902,27,257.89390000000003,9.551625925925928,13.1334,0.6077,704.946,16.649145688923902,completed
47,dcta_parity_v1,custom,ae14bee1828d1c0dcb7b43653aba724543f73a298e3ecda5443cfe335ed0f6b2,6bdd9a364b88f43408248d2c3ec330144acbe295f246a95740198128e5f5dcfc,PI,ideal,1.0,clue_search,28,784,4,0.25,196,196,scale_g28_r4_pi_topk025,C:\Users\lottj\Desktop\research\decentralized benchmark\topk_filter_study\results\sensitivity_suite\scenarios\clue_g28_n50.csv,4237.7772,01,52,25,27,689.6595,13.262682692307692,16.70675,30.0475,32.3934,16.274085858029533,27,241.9845,8.962388888888889,13.4472,0.7014,688.9581,16.274085858029533,completed
47,dcta_parity_v1,custom,ae14bee1828d1c0dcb7b43653aba724543f73a298e3ecda5443cfe335ed0f6b2,6bdd9a364b88f43408248d2c3ec330144acbe295f246a95740198128e5f5dcfc,PI,ideal,1.0,clue_search,28,784,4,0.25,196,196,scale_g28_r4_pi_topk025,C:\Users\lottj\Desktop\research\decentralized benchmark\topk_filter_study\results\sensitivity_suite\scenarios\clue_g28_n50.csv,4237.7772,02,50,24,26,685.6602,13.713204000000001,15.530100000000001,32.5221,33.5199,16.179713270438096,26,268.4068,10.32333846153846,16.5519,0.7608,684.8994,16.179713270438096,completed
47,dcta_parity_v1,custom,ae14bee1828d1c0dcb7b43653aba724543f73a298e3ecda5443cfe335ed0f6b2,6bdd9a364b88f43408248d2c3ec330144acbe295f246a95740198128e5f5dcfc,PI,ideal,1.0,clue_search,28,784,4,0.25,196,196,scale_g28_r4_pi_topk025,C:\Users\lottj\Desktop\research\decentralized benchmark\topk_filter_study\results\sensitivity_suite\scenarios\clue_g28_n50.csv,4237.7772,03,52,24,28,718.1695,13.810951923076923,20.23685,30.0696,31.1463,16.946844208798893,28,269.229,9.615321428571429,14.0997,0.815,717.3545,16.946844208798893,completed
48,dcta_parity_v1,custom,ae14bee1828d1c0dcb7b43653aba724543f73a298e3ecda5443cfe335ed0f6b2,6bdd9a364b88f43408248d2c3ec330144acbe295f246a95740198128e5f5dcfc,PI,ideal,1.0,clue_search,28,784,4,0.25,196,196,scale_g28_r4_pi_topk025,C:\Users\lottj\Desktop\research\decentralized benchmark\topk_filter_study\results\sensitivity_suite\scenarios\clue_g28_n50.csv,89.758,00,18,18,0,0.4669,0.025938888888888886,0.0252,0.0376,0.0376,0.520176474520377,0,0.0,0.0,0.0,0.4669,0.0,0.520176474520377,completed
48,dcta_parity_v1,custom,ae14bee1828d1c0dcb7b43653aba724543f73a298e3ecda5443cfe335ed0f6b2,6bdd9a364b88f43408248d2c3ec330144acbe295f246a95740198128e5f5dcfc,PI,ideal,1.0,clue_search,28,784,4,0.25,196,196,scale_g28_r4_pi_topk025,C:\Users\lottj\Desktop\research\decentralized benchmark\topk_filter_study\results\sensitivity_suite\scenarios\clue_g28_n50.csv,89.758,01,17,17,0,0.5133,0.030194117647058823,0.0302,0.0399,0.0399,0.5718710309944518,0,0.0,0.0,0.0,0.5133,0.0,0.5718710309944518,completed
48,dcta_parity_v1,custom,ae14bee1828d1c0dcb7b43653aba724543f73a298e3ecda5443cfe335ed0f6b2,6bdd9a364b88f43408248d2c3ec330144acbe295f246a95740198128e5f5dcfc,PI,ideal,1.0,clue_search,28,784,4,0.25,196,196,scale_g28_r4_pi_topk025,C:\Users\lottj\Desktop\research\decentralized benchmark\topk_filter_study\results\sensitivity_suite\scenarios\clue_g28_n50.csv,89.758,02,18,18,0,0.6332,0.03517777777777778,0.0339,0.0704,0.0704,0.7054524387798302,0,0.0,0.0,0.0,0.6332,0.0,0.7054524387798302,completed
48,dcta_parity_v1,custom,ae14bee1828d1c0dcb7b43653aba724543f73a298e3ecda5443cfe335ed0f6b2,6bdd9a364b88f43408248d2c3ec330144acbe295f246a95740198128e5f5dcfc,PI,ideal,1.0,clue_search,28,784,4,0.25,196,196,scale_g28_r4_pi_topk025,C:\Users\lottj\Desktop\research\decentralized benchmark\topk_filter_study\results\sensitivity_suite\scenarios\clue_g28_n50.csv,89.758,03,18,18,0,0.6721,0.037338888888888894,0.03585,0.0858,0.0858,0.7487911940996904,0,0.0,0.0,0.0,0.6721,0.0,0.7487911940996904,completed
49,dcta_parity_v1,custom,ae14bee1828d1c0dcb7b43653aba724543f73a298e3ecda5443cfe335ed0f6b2,6bdd9a364b88f43408248d2c3ec330144acbe295f246a95740198128e5f5dcfc,PI,ideal,1.0,clue_search,28,784,4,0.25,196,196,scale_g28_r4_pi_topk025,C:\Users\lottj\Desktop\research\decentralized benchmark\topk_filter_study\results\sensitivity_suite\scenarios\clue_g28_n50.csv,9512.5879,00,73,15,58,1685.8726,23.09414520547945,26.6338,48.1566,51.7895,17.722544251075984,58,823.1645,14.192491379310344,34.0702,0.4265,1685.4461,17.722544251075984,completed
49,dcta_parity_v1,custom,ae14bee1828d1c0dcb7b43653aba724543f73a298e3ecda5443cfe335ed0f6b2,6bdd9a364b88f43408248d2c3ec330144acbe295f246a95740198128e5f5dcfc,PI,ideal,1.0,clue_search,28,784,4,0.25,196,196,scale_g28_r4_pi_topk025,C:\Users\lottj\Desktop\research\decentralized benchmark\topk_filter_study\results\sensitivity_suite\scenarios\clue_g28_n50.csv,9512.5879,01,71,15,56,1581.6077,22.276164788732395,26.0108,43.6855,49.5149,16.626471330688045,56,765.36,13.667142857142858,32.5081,0.4729,1581.1348,16.626471330688045,completed
49,dcta_parity_v1,custom,ae14bee1828d1c0dcb7b43653aba724543f73a298e3ecda5443cfe335ed0f6b2,6bdd9a364b88f43408248d2c3ec330144acbe295f246a95740198128e5f5dcfc,PI,ideal,1.0,clue_search,28,784,4,0.25,196,196,scale_g28_r4_pi_topk025,C:\Users\lottj\Desktop\research\decentralized benchmark\topk_filter_study\results\sensitivity_suite\scenarios\clue_g28_n50.csv,9512.5879,02,68,15,53,1519.5557000000001,22.346407352941178,25.27675,44.2708,52.1939,15.974156727634549,53,747.5656,14.105011320754718,35.3473,0.5595,1518.9962,15.974156727634549,completed
49,dcta_parity_v1,custom,ae14bee1828d1c0dcb7b43653aba724543f73a298e3ecda5443cfe335ed0f6b2,6bdd9a364b88f43408248d2c3ec330144acbe295f246a95740198128e5f5dcfc,PI,ideal,1.0,clue_search,28,784,4,0.25,196,196,scale_g28_r4_pi_topk025,C:\Users\lottj\Desktop\research\decentralized benchmark\topk_filter_study\results\sensitivity_suite\scenarios\clue_g28_n50.csv,9512.5879,03,68,15,53,1626.4151,23.917869117647058,27.2232,49.6098,51.7446,17.09750403462763,53,859.4619,16.216262264150945,36.3097,0.5833,1625.8318,17.09750403462763,completed
