trial_id,logic_revision,study_profile,scenario_file_sha256,scenario_selection_sha256,algorithm,comm_model,comm_level,grid_size,grid_cells,robot_count,top_k_rate,top_k_max_cells,target_cells_per_robot,actual_cells_per_robot,condition_id,scenario_file,trial_mode,robot_id,steps_total,steps_after_first_clue,unique_cells_contributed,system_revisits_by_robot,task_cell_replans,path_replans,collision_prevention_events,messages_sent,protected_messages_sent,unprotected_messages_sent,core_messages_sent,allocation_messages_sent,post_clue_messages_sent,messages_sent_by_topic,messages_delivered_to_robot,messages_dropped_to_robot,trial_status
0,dcta_parity_v1,custom,5789862b56c579a63f65129a7c7ce0c99a25e7c55fba998a5a9699fc4a7df60b,03f32103aba060045f2661de3c031f6fbcbc73f46000a9666f166ad349c5805d,ACBBA,gilbert_elliot,pGG_0.95_pBB_0.85,19,361,4,0.05,18,90.25,90.25,comm_g19_r4_ge_drop025_acbba_topk005,C:\Users\lottj\Desktop\research\decentralized benchmark\topk_filter_study\results\sensitivity_suite\scenarios\clue_g19_n50.csv,clue_search,00,30,21,31,0,1,0,0,177,31,146,64,113,159,acbba_entry:113;clue:3;collision_intent:30;state:30;target:1,490,57,completed
0,dcta_parity_v1,custom,5789862b56c579a63f65129a7c7ce0c99a25e7c55fba998a5a9699fc4a7df60b,03f32103aba060045f2661de3c031f6fbcbc73f46000a9666f166ad349c5805d,ACBBA,gilbert_elliot,pGG_0.95_pBB_0.85,19,361,4,0.05,18,90.25,90.25,comm_g19_r4_ge_drop025_acbba_topk005,C:\Users\lottj\Desktop\research\decentralized benchmark\topk_filter_study\results\sensitivity_suite\scenarios\clue_g19_n50.csv,clue_search,01,29,20,18,12,0,0,0,180,29,151,61,119,162,acbba_entry:119;clue:3;collision_intent:29;state:29,421,122,completed
0,dcta_parity_v1,custom,5789862b56c579a63f65129a7c7ce0c99a25e7c55fba998a5a9699fc4a7df60b,03f32103aba060045f2661de3c031f6fbcbc73f46000a9666f166ad349c5805d,ACBBA,gilbert_elliot,pGG_0.95_pBB_0.85,19,361,4,0.05,18,90.25,90.25,comm_g19_r4_ge_drop025_acbba_topk005,C:\Users\lottj\Desktop\research\decentralized benchmark\topk_filter_study\results\sensitivity_suite\scenarios\clue_g19_n50.csv,clue_search,02,29,19,21,9,0,1,1,179,30,149,62,117,159,acbba_entry:117;clue:3;collision_intent:30;state:29,419,125,completed
0,dcta_parity_v1,custom,5789862b56c579a63f65129a7c7ce0c99a25e7c55fba998a5a9699fc4a7df60b,03f32103aba060045f2661de3c031f6fbcbc73f46000a9666f166ad349c5805d,ACBBA,gilbert_elliot,pGG_0.95_pBB_0.85,19,361,4,0.05,18,90.25,90.25,comm_g19_r4_ge_drop025_acbba_topk005,C:\Users\lottj\Desktop\research\decentralized benchmark\topk_filter_study\results\sensitivity_suite\scenarios\clue_g19_n50.csv,clue_search,03,29,20,26,4,2,2,1,188,31,157,63,125,170,acbba_entry:125;clue:3;collision_intent:31;state:29,406,129,completed
1,dcta_parity_v1,custom,5789862b56c579a63f65129a7c7ce0c99a25e7c55fba998a5a9699fc4a7df60b,03f32103aba060045f2661de3c031f6fbcbc73f46000a9666f166ad349c5805d,ACBBA,gilbert_elliot,pGG_0.95_pBB_0.85,19,361,4,0.05,18,90.25,90.25,comm_g19_r4_ge_drop025_acbba_topk005,C:\Users\lottj\Desktop\research\decentralized benchmark\topk_filter_study\results\sensitivity_suite\scenarios\clue_g19_n50.csv,clue_search,00,55,30,40,16,2,0,0,260,55,205,113,147,210,acbba_entry:147;clue:3;collision_intent:55;state:55,728,79,completed
1,dcta_parity_v1,custom,5789862b56c579a63f65129a7c7ce0c99a25e7c55fba998a5a9699fc4a7df60b,03f32103aba060045f2661de3c031f6fbcbc73f46000a9666f166ad349c5805d,ACBBA,gilbert_elliot,pGG_0.95_pBB_0.85,19,361,4,0.05,18,90.25,90.25,comm_g19_r4_ge_drop025_acbba_topk005,C:\Users\lottj\Desktop\research\decentralized benchmark\topk_filter_study\results\sensitivity_suite\scenarios\clue_g19_n50.csv,clue_search,01,55,30,42,14,1,0,0,249,55,194,113,136,199,acbba_entry:136;clue:3;collision_intent:55;state:55,623,196,completed
1,dcta_parity_v1,custom,5789862b56c579a63f65129a7c7ce0c99a25e7c55fba998a5a9699fc4a7df60b,03f32103aba060045f2661de3c031f6fbcbc73f46000a9666f166ad349c5805d,ACBBA,gilbert_elliot,pGG_0.95_pBB_0.85,19,361,4,0.05,18,90.25,90.25,comm_g19_r4_ge_drop025_acbba_topk005,C:\Users\lottj\Desktop\research\decentralized benchmark\topk_filter_study\results\sensitivity_suite\scenarios\clue_g19_n50.csv,clue_search,02,55,30,41,15,0,0,0,263,55,208,113,150,213,acbba_entry:150;clue:3;collision_intent:55;state:55,687,117,completed
1,dcta_parity_v1,custom,5789862b56c579a63f65129a7c7ce0c99a25e7c55fba998a5a9699fc4a7df60b,03f32103aba060045f2661de3c031f6fbcbc73f46000a9666f166ad349c5805d,ACBBA,gilbert_elliot,pGG_0.95_pBB_0.85,19,361,4,0.05,18,90.25,90.25,comm_g19_r4_ge_drop025_acbba_topk005,C:\Users\lottj\Desktop\research\decentralized benchmark\topk_filter_study\results\sensitivity_suite\scenarios\clue_g19_n50.csv,clue_search,03,56,31,39,18,1,0,0,296,57,239,116,180,246,acbba_entry:180;clue:3;collision_intent:56;state:56;target:1,634,138,completed
2,dcta_parity_v1,custom,5789862b56c579a63f65129a7c7ce0c99a25e7c55fba998a5a9699fc4a7df60b,03f32103aba060045f2661de3c031f6fbcbc73f46000a9666f166ad349c5805d,ACBBA,gilbert_elliot,pGG_0.95_pBB_0.85,19,361,4,0.05,18,90.25,90.25,comm_g19_r4_ge_drop025_acbba_topk005,C:\Users\lottj\Desktop\research\decentralized benchmark\topk_filter_study\results\sensitivity_suite\scenarios\clue_g19_n50.csv,clue_search,00,3,0,4,0,0,0,0,6,3,3,6,0,0,collision_intent:3;state:3,17,0,completed
2,dcta_parity_v1,custom,5789862b56c579a63f65129a7c7ce0c99a25e7c55fba998a5a9699fc4a7df60b,03f32103aba060045f2661de3c031f6fbcbc73f46000a9666f166ad349c5805d,ACBBA,gilbert_elliot,pGG_0.95_pBB_0.85,19,361,4,0.05,18,90.25,90.25,comm_g19_r4_ge_drop025_acbba_topk005,C:\Users\lottj\Desktop\research\decentralized benchmark\topk_filter_study\results\sensitivity_suite\scenarios\clue_g19_n50.csv,clue_search,01,3,0,4,0,0,0,0,7,4,3,7,0,0,collision_intent:3;state:3;target:1,15,3,completed
2,dcta_parity_v1,custom,5789862b56c579a63f65129a7c7ce0c99a25e7c55fba998a5a9699fc4a7df60b,03f32103aba060045f2661de3c031f6fbcbc73f46000a9666f166ad349c5805d,ACBBA,gilbert_elliot,pGG_0.95_pBB_0.85,19,361,4,0.05,18,90.25,90.25,comm_g19_r4_ge_drop025_acbba_topk005,C:\Users\lottj\Desktop\research\decentralized benchmark\topk_filter_study\results\sensitivity_suite\scenarios\clue_g19_n50.csv,clue_search,02,3,0,4,0,0,0,0,6,3,3,6,0,0,collision_intent:3;state:3,15,2,completed
2,dcta_parity_v1,custom,5789862b56c579a63f65129a7c7ce0c99a25e7c55fba998a5a9699fc4a7df60b,03f32103aba060045f2661de3c031f6fbcbc73f46000a9666f166ad349c5805d,ACBBA,gilbert_elliot,pGG_0.95_pBB_0.85,19,361,4,0.05,18,90.25,90.25,comm_g19_r4_ge_drop025_acbba_topk005,C:\Users\lottj\Desktop\research\decentralized benchmark\topk_filter_study\results\sensitivity_suite\scenarios\clue_g19_n50.csv,clue_search,03,3,0,4,0,0,0,0,6,3,3,6,0,0,collision_intent:3;state:3,14,3,completed
3,dcta_parity_v1,custom,5789862b56c579a63f65129a7c7ce0c99a25e7c55fba998a5a9699fc4a7df60b,03f32103aba060045f2661de3c031f6fbcbc73f46000a9666f166ad349c5805d,ACBBA,gilbert_elliot,pGG_0.95_pBB_0.85,19,361,4,0.05,18,90.25,90.25,comm_g19_r4_ge_drop025_acbba_topk005,C:\Users\lottj\Desktop\research\decentralized benchmark\topk_filter_study\results\sensitivity_suite\scenarios\clue_g19_n50.csv,clue_search,00,44,25,41,4,1,2,1,256,47,209,93,163,218,acbba_entry:163;clue:2;collision_intent:46;state:44;target:1,581,140,completed
3,dcta_parity_v1,custom,5789862b56c579a63f65129a7c7ce0c99a25e7c55fba998a5a9699fc4a7df60b,03f32103aba060045f2661de3c031f6fbcbc73f46000a9666f166ad349c5805d,ACBBA,gilbert_elliot,pGG_0.95_pBB_0.85,19,361,4,0.05,18,90.25,90.25,comm_g19_r4_ge_drop025_acbba_topk005,C:\Users\lottj\Desktop\research\decentralized benchmark\topk_filter_study\results\sensitivity_suite\scenarios\clue_g19_n50.csv,clue_search,01,41,22,33,9,0,7,3,244,48,196,91,153,206,acbba_entry:153;clue:2;collision_intent:48;state:41,574,159,completed
3,dcta_parity_v1,custom,5789862b56c579a63f65129a7c7ce0c99a25e7c55fba998a5a9699fc4a7df60b,03f32103aba060045f2661de3c031f6fbcbc73f46000a9666f166ad349c5805d,ACBBA,gilbert_elliot,pGG_0.95_pBB_0.85,19,361,4,0.05,18,90.25,90.25,comm_g19_r4_ge_drop025_acbba_topk005,C:\Users\lottj\Desktop\research\decentralized benchmark\topk_filter_study\results\sensitivity_suite\scenarios\clue_g19_n50.csv,clue_search,02,41,22,29,13,0,10,2,244,51,193,94,150,206,acbba_entry:150;clue:2;collision_intent:51;state:41,570,161,completed
3,dcta_parity_v1,custom,5789862b56c579a63f65129a7c7ce0c99a25e7c55fba998a5a9699fc4a7df60b,03f32103aba060045f2661de3c031f6fbcbc73f46000a9666f166ad349c5805d,ACBBA,gilbert_elliot,pGG_0.95_pBB_0.85,19,361,4,0.05,18,90.25,90.25,comm_g19_r4_ge_drop025_acbba_topk005,C:\Users\lottj\Desktop\research\decentralized benchmark\topk_filter_study\results\sensitivity_suite\scenarios\clue_g19_n50.csv,clue_search,03,44,26,30,15,2,1,1,233,45,188,91,142,196,acbba_entry:142;clue:2;collision_intent:45;state:44,591,153,completed
4,dcta_parity_v1,custom,5789862b56c579a63f65129a7c7ce0c99a25e7c55fba998a5a9699fc4a7df60b,03f32103aba060045f2661de3c031f6fbcbc73f46000a9666f166ad349c5805d,ACBBA,gilbert_elliot,pGG_0.95_pBB_0.85,19,361,4,0.05,18,90.25,90.25,comm_g19_r4_ge_drop025_acbba_topk005,C:\Users\lottj\Desktop\research\decentralized benchmark\topk_filter_study\results\sensitivity_suite\scenarios\clue_g19_n50.csv,clue_search,00,21,11,21,1,1,0,0,120,21,99,44,76,100,acbba_entry:76;clue:2;collision_intent:21;state:21,274,78,completed
4,dcta_parity_v1,custom,5789862b56c579a63f65129a7c7ce0c99a25e7c55fba998a5a9699fc4a7df60b,03f32103aba060045f2661de3c031f6fbcbc73f46000a9666f166ad349c5805d,ACBBA,gilbert_elliot,pGG_0.95_pBB_0.85,19,361,4,0.05,18,90.25,90.25,comm_g19_r4_ge_drop025_acbba_topk005,C:\Users\lottj\Desktop\research\decentralized benchmark\topk_filter_study\results\sensitivity_suite\scenarios\clue_g19_n50.csv,clue_search,01,20,10,18,3,2,0,0,114,20,94,42,72,94,acbba_entry:72;clue:2;collision_intent:20;state:20,284,73,completed
4,dcta_parity_v1,custom,5789862b56c579a63f65129a7c7ce0c99a25e7c55fba998a5a9699fc4a7df60b,03f32103aba060045f2661de3c031f6fbcbc73f46000a9666f166ad349c5805d,ACBBA,gilbert_elliot,pGG_0.95_pBB_0.85,19,361,4,0.05,18,90.25,90.25,comm_g19_r4_ge_drop025_acbba_topk005,C:\Users\lottj\Desktop\research\decentralized benchmark\topk_filter_study\results\sensitivity_suite\scenarios\clue_g19_n50.csv,clue_search,02,21,11,22,0,1,0,0,130,22,108,45,85,110,acbba_entry:85;clue:2;collision_intent:21;state:21;target:1,308,34,completed
4,dcta_parity_v1,custom,5789862b56c579a63f65129a7c7ce0c99a25e7c55fba998a5a9699fc4a7df60b,03f32103aba060045f2661de3c031f6fbcbc73f46000a9666f166ad349c5805d,ACBBA,gilbert_elliot,pGG_0.95_pBB_0.85,19,361,4,0.05,18,90.25,90.25,comm_g19_r4_ge_drop025_acbba_topk005,C:\Users\lottj\Desktop\research\decentralized benchmark\topk_filter_study\results\sensitivity_suite\scenarios\clue_g19_n50.csv,clue_search,03,20,11,18,3,1,0,0,108,20,88,42,66,89,acbba_entry:66;clue:2;collision_intent:20;state:20,293,70,completed
5,dcta_parity_v1,custom,5789862b56c579a63f65129a7c7ce0c99a25e7c55fba998a5a9699fc4a7df60b,03f32103aba060045f2661de3c031f6fbcbc73f46000a9666f166ad349c5805d,ACBBA,gilbert_elliot,pGG_0.95_pBB_0.85,19,361,4,0.05,18,90.25,90.25,comm_g19_r4_ge_drop025_acbba_topk005,C:\Users\lottj\Desktop\research\decentralized benchmark\topk_filter_study\results\sensitivity_suite\scenarios\clue_g19_n50.csv,clue_search,00,75,64,37,39,0,0,0,434,76,358,155,279,412,acbba_entry:279;clue:4;collision_intent:75;state:75;target:1,912,289,completed
5,dcta_parity_v1,custom,5789862b56c579a63f65129a7c7ce0c99a25e7c55fba998a5a9699fc4a7df60b,03f32103aba060045f2661de3c031f6fbcbc73f46000a9666f166ad349c5805d,ACBBA,gilbert_elliot,pGG_0.95_pBB_0.85,19,361,4,0.05,18,90.25,90.25,comm_g19_r4_ge_drop025_acbba_topk005,C:\Users\lottj\Desktop\research\decentralized benchmark\topk_filter_study\results\sensitivity_suite\scenarios\clue_g19_n50.csv,clue_search,01,71,60,52,20,3,3,1,402,75,327,150,252,380,acbba_entry:252;clue:4;collision_intent:75;state:71,970,262,completed
5,dcta_parity_v1,custom,5789862b56c579a63f65129a7c7ce0c99a25e7c55fba998a5a9699fc4a7df60b,03f32103aba060045f2661de3c031f6fbcbc73f46000a9666f166ad349c5805d,ACBBA,gilbert_elliot,pGG_0.95_pBB_0.85,19,361,4,0.05,18,90.25,90.25,comm_g19_r4_ge_drop025_acbba_topk005,C:\Users\lottj\Desktop\research\decentralized benchmark\topk_filter_study\results\sensitivity_suite\scenarios\clue_g19_n50.csv,clue_search,02,71,60,45,27,2,6,4,410,78,332,153,257,388,acbba_entry:257;clue:4;collision_intent:78;state:71,1012,213,completed
5,dcta_parity_v1,custom,5789862b56c579a63f65129a7c7ce0c99a25e7c55fba998a5a9699fc4a7df60b,03f32103aba060045f2661de3c031f6fbcbc73f46000a9666f166ad349c5805d,ACBBA,gilbert_elliot,pGG_0.95_pBB_0.85,19,361,4,0.05,18,90.25,90.25,comm_g19_r4_ge_drop025_acbba_topk005,C:\Users\lottj\Desktop\research\decentralized benchmark\topk_filter_study\results\sensitivity_suite\scenarios\clue_g19_n50.csv,clue_search,03,72,61,53,20,0,0,0,389,72,317,148,241,367,acbba_entry:241;clue:4;collision_intent:72;state:72,1004,241,completed
6,dcta_parity_v1,custom,5789862b56c579a63f65129a7c7ce0c99a25e7c55fba998a5a9699fc4a7df60b,03f32103aba060045f2661de3c031f6fbcbc73f46000a9666f166ad349c5805d,ACBBA,gilbert_elliot,pGG_0.95_pBB_0.85,19,361,4,0.05,18,90.25,90.25,comm_g19_r4_ge_drop025_acbba_topk005,C:\Users\lottj\Desktop\research\decentralized benchmark\topk_filter_study\results\sensitivity_suite\scenarios\clue_g19_n50.csv,clue_search,00,101,100,54,48,3,4,2,595,107,488,210,385,592,acbba_entry:385;clue:2;collision_intent:106;state:101;target:1,1453,472,completed
6,dcta_parity_v1,custom,5789862b56c579a63f65129a7c7ce0c99a25e7c55fba998a5a9699fc4a7df60b,03f32103aba060045f2661de3c031f6fbcbc73f46000a9666f166ad349c5805d,ACBBA,gilbert_elliot,pGG_0.95_pBB_0.85,19,361,4,0.05,18,90.25,90.25,comm_g19_r4_ge_drop025_acbba_topk005,C:\Users\lottj\Desktop\research\decentralized benchmark\topk_filter_study\results\sensitivity_suite\scenarios\clue_g19_n50.csv,clue_search,01,100,99,60,41,2,0,0,649,100,549,202,447,647,acbba_entry:447;clue:2;collision_intent:100;state:100,1403,466,completed
6,dcta_parity_v1,custom,5789862b56c579a63f65129a7c7ce0c99a25e7c55fba998a5a9699fc4a7df60b,03f32103aba060045f2661de3c031f6fbcbc73f46000a9666f166ad349c5805d,ACBBA,gilbert_elliot,pGG_0.95_pBB_0.85,19,361,4,0.05,18,90.25,90.25,comm_g19_r4_ge_drop025_acbba_topk005,C:\Users\lottj\Desktop\research\decentralized benchmark\topk_filter_study\results\sensitivity_suite\scenarios\clue_g19_n50.csv,clue_search,02,99,97,70,30,1,8,2,610,107,503,208,402,606,acbba_entry:402;clue:2;collision_intent:107;state:99,1536,373,completed
6,dcta_parity_v1,custom,5789862b56c579a63f65129a7c7ce0c99a25e7c55fba998a5a9699fc4a7df60b,03f32103aba060045f2661de3c031f6fbcbc73f46000a9666f166ad349c5805d,ACBBA,gilbert_elliot,pGG_0.95_pBB_0.85,19,361,4,0.05,18,90.25,90.25,comm_g19_r4_ge_drop025_acbba_topk005,C:\Users\lottj\Desktop\research\decentralized benchmark\topk_filter_study\results\sensitivity_suite\scenarios\clue_g19_n50.csv,clue_search,03,94,93,32,63,3,15,3,666,109,557,205,461,664,acbba_entry:461;clue:2;collision_intent:109;state:94,1356,496,completed
7,dcta_parity_v1,custom,5789862b56c579a63f65129a7c7ce0c99a25e7c55fba998a5a9699fc4a7df60b,03f32103aba060045f2661de3c031f6fbcbc73f46000a9666f166ad349c5805d,ACBBA,gilbert_elliot,pGG_0.95_pBB_0.85,19,361,4,0.05,18,90.25,90.25,comm_g19_r4_ge_drop025_acbba_topk005,C:\Users\lottj\Desktop\research\decentralized benchmark\topk_filter_study\results\sensitivity_suite\scenarios\clue_g19_n50.csv,clue_search,00,16,3,17,0,2,0,0,55,16,39,33,22,29,acbba_entry:22;clue:1;collision_intent:16;state:16,124,29,completed
7,dcta_parity_v1,custom,5789862b56c579a63f65129a7c7ce0c99a25e7c55fba998a5a9699fc4a7df60b,03f32103aba060045f2661de3c031f6fbcbc73f46000a9666f166ad349c5805d,ACBBA,gilbert_elliot,pGG_0.95_pBB_0.85,19,361,4,0.05,18,90.25,90.25,comm_g19_r4_ge_drop025_acbba_topk005,C:\Users\lottj\Desktop\research\decentralized benchmark\topk_filter_study\results\sensitivity_suite\scenarios\clue_g19_n50.csv,clue_search,01,16,4,17,0,2,0,0,54,16,38,33,21,30,acbba_entry:21;clue:1;collision_intent:16;state:16,135,18,completed
7,dcta_parity_v1,custom,5789862b56c579a63f65129a7c7ce0c99a25e7c55fba998a5a9699fc4a7df60b,03f32103aba060045f2661de3c031f6fbcbc73f46000a9666f166ad349c5805d,ACBBA,gilbert_elliot,pGG_0.95_pBB_0.85,19,361,4,0.05,18,90.25,90.25,comm_g19_r4_ge_drop025_acbba_topk005,C:\Users\lottj\Desktop\research\decentralized benchmark\topk_filter_study\results\sensitivity_suite\scenarios\clue_g19_n50.csv,clue_search,02,16,3,17,0,0,0,0,49,16,33,33,16,23,acbba_entry:16;clue:1;collision_intent:16;state:16,131,27,completed
7,dcta_parity_v1,custom,5789862b56c579a63f65129a7c7ce0c99a25e7c55fba998a5a9699fc4a7df60b,03f32103aba060045f2661de3c031f6fbcbc73f46000a9666f166ad349c5805d,ACBBA,gilbert_elliot,pGG_0.95_pBB_0.85,19,361,4,0.05,18,90.25,90.25,comm_g19_r4_ge_drop025_acbba_topk005,C:\Users\lottj\Desktop\research\decentralized benchmark\topk_filter_study\results\sensitivity_suite\scenarios\clue_g19_n50.csv,clue_search,03,16,4,17,0,1,0,0,50,17,33,34,16,26,acbba_entry:16;clue:1;collision_intent:16;state:16;target:1,143,15,completed
8,dcta_parity_v1,custom,5789862b56c579a63f65129a7c7ce0c99a25e7c55fba998a5a9699fc4a7df60b,03f32103aba060045f2661de3c031f6fbcbc73f46000a9666f166ad349c5805d,ACBBA,gilbert_elliot,pGG_0.95_pBB_0.85,19,361,4,0.05,18,90.25,90.25,comm_g19_r4_ge_drop025_acbba_topk005,C:\Users\lottj\Desktop\research\decentralized benchmark\topk_filter_study\results\sensitivity_suite\scenarios\clue_g19_n50.csv,clue_search,00,144,131,86,59,0,4,1,956,149,807,295,661,930,acbba_entry:661;clue:2;collision_intent:148;state:144;target:1,2200,509,completed
8,dcta_parity_v1,custom,5789862b56c579a63f65129a7c7ce0c99a25e7c55fba998a5a9699fc4a7df60b,03f32103aba060045f2661de3c031f6fbcbc73f46000a9666f166ad349c5805d,ACBBA,gilbert_elliot,pGG_0.95_pBB_0.85,19,361,4,0.05,18,90.25,90.25,comm_g19_r4_ge_drop025_acbba_topk005,C:\Users\lottj\Desktop\research\decentralized benchmark\topk_filter_study\results\sensitivity_suite\scenarios\clue_g19_n50.csv,clue_search,01,146,134,93,54,3,3,3,890,150,740,298,592,866,acbba_entry:592;clue:2;collision_intent:150;state:146,2249,526,completed
8,dcta_parity_v1,custom,5789862b56c579a63f65129a7c7ce0c99a25e7c55fba998a5a9699fc4a7df60b,03f32103aba060045f2661de3c031f6fbcbc73f46000a9666f166ad349c5805d,ACBBA,gilbert_elliot,pGG_0.95_pBB_0.85,19,361,4,0.05,18,90.25,90.25,comm_g19_r4_ge_drop025_acbba_topk005,C:\Users\lottj\Desktop\research\decentralized benchmark\topk_filter_study\results\sensitivity_suite\scenarios\clue_g19_n50.csv,clue_search,02,149,136,73,77,0,1,1,909,150,759,301,608,883,acbba_entry:608;clue:2;collision_intent:150;state:149,2290,465,completed
8,dcta_parity_v1,custom,5789862b56c579a63f65129a7c7ce0c99a25e7c55fba998a5a9699fc4a7df60b,03f32103aba060045f2661de3c031f6fbcbc73f46000a9666f166ad349c5805d,ACBBA,gilbert_elliot,pGG_0.95_pBB_0.85,19,361,4,0.05,18,90.25,90.25,comm_g19_r4_ge_drop025_acbba_topk005,C:\Users\lottj\Desktop\research\decentralized benchmark\topk_filter_study\results\sensitivity_suite\scenarios\clue_g19_n50.csv,clue_search,03,148,136,75,74,4,1,1,911,149,762,299,612,887,acbba_entry:612;clue:2;collision_intent:149;state:148,2168,583,completed
9,dcta_parity_v1,custom,5789862b56c579a63f65129a7c7ce0c99a25e7c55fba998a5a9699fc4a7df60b,03f32103aba060045f2661de3c031f6fbcbc73f46000a9666f166ad349c5805d,ACBBA,gilbert_elliot,pGG_0.95_pBB_0.85,19,361,4,0.05,18,90.25,90.25,comm_g19_r4_ge_drop025_acbba_topk005,C:\Users\lottj\Desktop\research\decentralized benchmark\topk_filter_study\results\sensitivity_suite\scenarios\clue_g19_n50.csv,clue_search,00,111,104,83,29,2,10,3,717,122,595,237,480,703,acbba_entry:480;clue:4;collision_intent:121;state:111;target:1,1749,424,completed
9,dcta_parity_v1,custom,5789862b56c579a63f65129a7c7ce0c99a25e7c55fba998a5a9699fc4a7df60b,03f32103aba060045f2661de3c031f6fbcbc73f46000a9666f166ad349c5805d,ACBBA,gilbert_elliot,pGG_0.95_pBB_0.85,19,361,4,0.05,18,90.25,90.25,comm_g19_r4_ge_drop025_acbba_topk005,C:\Users\lottj\Desktop\research\decentralized benchmark\topk_filter_study\results\sensitivity_suite\scenarios\clue_g19_n50.csv,clue_search,01,113,106,56,58,1,3,3,720,116,604,233,487,706,acbba_entry:487;clue:4;collision_intent:116;state:113,1684,485,completed
9,dcta_parity_v1,custom,5789862b56c579a63f65129a7c7ce0c99a25e7c55fba998a5a9699fc4a7df60b,03f32103aba060045f2661de3c031f6fbcbc73f46000a9666f166ad349c5805d,ACBBA,gilbert_elliot,pGG_0.95_pBB_0.85,19,361,4,0.05,18,90.25,90.25,comm_g19_r4_ge_drop025_acbba_topk005,C:\Users\lottj\Desktop\research\decentralized benchmark\topk_filter_study\results\sensitivity_suite\scenarios\clue_g19_n50.csv,clue_search,02,112,105,69,44,1,4,1,722,116,606,232,490,708,acbba_entry:490;clue:4;collision_intent:116;state:112,1806,362,completed
9,dcta_parity_v1,custom,5789862b56c579a63f65129a7c7ce0c99a25e7c55fba998a5a9699fc4a7df60b,03f32103aba060045f2661de3c031f6fbcbc73f46000a9666f166ad349c5805d,ACBBA,gilbert_elliot,pGG_0.95_pBB_0.85,19,361,4,0.05,18,90.25,90.25,comm_g19_r4_ge_drop025_acbba_topk005,C:\Users\lottj\Desktop\research\decentralized benchmark\topk_filter_study\results\sensitivity_suite\scenarios\clue_g19_n50.csv,clue_search,03,112,105,63,50,2,0,0,731,112,619,228,503,717,acbba_entry:503;clue:4;collision_intent:112;state:112,1777,382,completed
10,dcta_parity_v1,custom,5789862b56c579a63f65129a7c7ce0c99a25e7c55fba998a5a9699fc4a7df60b,03f32103aba060045f2661de3c031f6fbcbc73f46000a9666f166ad349c5805d,ACBBA,gilbert_elliot,pGG_0.95_pBB_0.85,19,361,4,0.05,18,90.25,90.25,comm_g19_r4_ge_drop025_acbba_topk005,C:\Users\lottj\Desktop\research\decentralized benchmark\topk_filter_study\results\sensitivity_suite\scenarios\clue_g19_n50.csv,clue_search,00,97,86,70,28,4,2,2,537,99,438,198,339,515,acbba_entry:339;clue:2;collision_intent:99;state:97,1294,246,completed
10,dcta_parity_v1,custom,5789862b56c579a63f65129a7c7ce0c99a25e7c55fba998a5a9699fc4a7df60b,03f32103aba060045f2661de3c031f6fbcbc73f46000a9666f166ad349c5805d,ACBBA,gilbert_elliot,pGG_0.95_pBB_0.85,19,361,4,0.05,18,90.25,90.25,comm_g19_r4_ge_drop025_acbba_topk005,C:\Users\lottj\Desktop\research\decentralized benchmark\topk_filter_study\results\sensitivity_suite\scenarios\clue_g19_n50.csv,clue_search,01,96,85,68,29,3,1,1,501,97,404,195,306,479,acbba_entry:306;clue:2;collision_intent:97;state:96,1286,289,completed
10,dcta_parity_v1,custom,5789862b56c579a63f65129a7c7ce0c99a25e7c55fba998a5a9699fc4a7df60b,03f32103aba060045f2661de3c031f6fbcbc73f46000a9666f166ad349c5805d,ACBBA,gilbert_elliot,pGG_0.95_pBB_0.85,19,361,4,0.05,18,90.25,90.25,comm_g19_r4_ge_drop025_acbba_topk005,C:\Users\lottj\Desktop\research\decentralized benchmark\topk_filter_study\results\sensitivity_suite\scenarios\clue_g19_n50.csv,clue_search,02,96,85,42,55,1,0,0,529,96,433,194,335,507,acbba_entry:335;clue:2;collision_intent:96;state:96,1229,319,completed
10,dcta_parity_v1,custom,5789862b56c579a63f65129a7c7ce0c99a25e7c55fba998a5a9699fc4a7df60b,03f32103aba060045f2661de3c031f6fbcbc73f46000a9666f166ad349c5805d,ACBBA,gilbert_elliot,pGG_0.95_pBB_0.85,19,361,4,0.05,18,90.25,90.25,comm_g19_r4_ge_drop025_acbba_topk005,C:\Users\lottj\Desktop\research\decentralized benchmark\topk_filter_study\results\sensitivity_suite\scenarios\clue_g19_n50.csv,clue_search,03,98,87,58,41,2,4,1,510,103,407,203,307,488,acbba_entry:307;clue:2;collision_intent:102;state:98;target:1,1226,341,completed
11,dcta_parity_v1,custom,5789862b56c579a63f65129a7c7ce0c99a25e7c55fba998a5a9699fc4a7df60b,03f32103aba060045f2661de3c031f6fbcbc73f46000a9666f166ad349c5805d,ACBBA,gilbert_elliot,pGG_0.95_pBB_0.85,19,361,4,0.05,18,90.25,90.25,comm_g19_r4_ge_drop025_acbba_topk005,C:\Users\lottj\Desktop\research\decentralized benchmark\topk_filter_study\results\sensitivity_suite\scenarios\clue_g19_n50.csv,clue_search,00,126,76,78,49,1,0,0,527,127,400,257,270,427,acbba_entry:270;clue:4;collision_intent:127;state:126,1352,336,completed
11,dcta_parity_v1,custom,5789862b56c579a63f65129a7c7ce0c99a25e7c55fba998a5a9699fc4a7df60b,03f32103aba060045f2661de3c031f6fbcbc73f46000a9666f166ad349c5805d,ACBBA,gilbert_elliot,pGG_0.95_pBB_0.85,19,361,4,0.05,18,90.25,90.25,comm_g19_r4_ge_drop025_acbba_topk005,C:\Users\lottj\Desktop\research\decentralized benchmark\topk_filter_study\results\sensitivity_suite\scenarios\clue_g19_n50.csv,clue_search,01,123,73,96,28,1,4,1,551,128,423,255,296,451,acbba_entry:296;clue:4;collision_intent:127;state:123;target:1,1425,240,completed
11,dcta_parity_v1,custom,5789862b56c579a63f65129a7c7ce0c99a25e7c55fba998a5a9699fc4a7df60b,03f32103aba060045f2661de3c031f6fbcbc73f46000a9666f166ad349c5805d,ACBBA,gilbert_elliot,pGG_0.95_pBB_0.85,19,361,4,0.05,18,90.25,90.25,comm_g19_r4_ge_drop025_acbba_topk005,C:\Users\lottj\Desktop\research\decentralized benchmark\topk_filter_study\results\sensitivity_suite\scenarios\clue_g19_n50.csv,clue_search,02,123,72,76,48,3,12,5,577,135,442,262,315,475,acbba_entry:315;clue:4;collision_intent:135;state:123,1268,371,completed
11,dcta_parity_v1,custom,5789862b56c579a63f65129a7c7ce0c99a25e7c55fba998a5a9699fc4a7df60b,03f32103aba060045f2661de3c031f6fbcbc73f46000a9666f166ad349c5805d,ACBBA,gilbert_elliot,pGG_0.95_pBB_0.85,19,361,4,0.05,18,90.25,90.25,comm_g19_r4_ge_drop025_acbba_topk005,C:\Users\lottj\Desktop\research\decentralized benchmark\topk_filter_study\results\sensitivity_suite\scenarios\clue_g19_n50.csv,clue_search,03,123,73,70,54,2,5,2,561,129,432,256,305,461,acbba_entry:305;clue:4;collision_intent:129;state:123,1349,305,completed
12,dcta_parity_v1,custom,5789862b56c579a63f65129a7c7ce0c99a25e7c55fba998a5a9699fc4a7df60b,03f32103aba060045f2661de3c031f6fbcbc73f46000a9666f166ad349c5805d,ACBBA,gilbert_elliot,pGG_0.95_pBB_0.85,19,361,4,0.05,18,90.25,90.25,comm_g19_r4_ge_drop025_acbba_topk005,C:\Users\lottj\Desktop\research\decentralized benchmark\topk_filter_study\results\sensitivity_suite\scenarios\clue_g19_n50.csv,clue_search,00,39,19,35,5,0,0,0,174,39,135,80,94,134,acbba_entry:94;clue:2;collision_intent:39;state:39,413,137,completed
12,dcta_parity_v1,custom,5789862b56c579a63f65129a7c7ce0c99a25e7c55fba998a5a9699fc4a7df60b,03f32103aba060045f2661de3c031f6fbcbc73f46000a9666f166ad349c5805d,ACBBA,gilbert_elliot,pGG_0.95_pBB_0.85,19,361,4,0.05,18,90.25,90.25,comm_g19_r4_ge_drop025_acbba_topk005,C:\Users\lottj\Desktop\research\decentralized benchmark\topk_filter_study\results\sensitivity_suite\scenarios\clue_g19_n50.csv,clue_search,01,39,20,30,10,0,0,0,180,40,140,81,99,141,acbba_entry:99;clue:2;collision_intent:39;state:39;target:1,452,92,completed
12,dcta_parity_v1,custom,5789862b56c579a63f65129a7c7ce0c99a25e7c55fba998a5a9699fc4a7df60b,03f32103aba060045f2661de3c031f6fbcbc73f46000a9666f166ad349c5805d,ACBBA,gilbert_elliot,pGG_0.95_pBB_0.85,19,361,4,0.05,18,90.25,90.25,comm_g19_r4_ge_drop025_acbba_topk005,C:\Users\lottj\Desktop\research\decentralized benchmark\topk_filter_study\results\sensitivity_suite\scenarios\clue_g19_n50.csv,clue_search,02,37,17,36,2,1,1,1,189,39,150,78,111,149,acbba_entry:111;clue:2;collision_intent:39;state:37,455,78,completed
12,dcta_parity_v1,custom,5789862b56c579a63f65129a7c7ce0c99a25e7c55fba998a5a9699fc4a7df60b,03f32103aba060045f2661de3c031f6fbcbc73f46000a9666f166ad349c5805d,ACBBA,gilbert_elliot,pGG_0.95_pBB_0.85,19,361,4,0.05,18,90.25,90.25,comm_g19_r4_ge_drop025_acbba_topk005,C:\Users\lottj\Desktop\research\decentralized benchmark\topk_filter_study\results\sensitivity_suite\scenarios\clue_g19_n50.csv,clue_search,03,38,18,35,4,1,0,0,181,38,143,78,103,141,acbba_entry:103;clue:2;collision_intent:38;state:38,470,71,completed
13,dcta_parity_v1,custom,5789862b56c579a63f65129a7c7ce0c99a25e7c55fba998a5a9699fc4a7df60b,03f32103aba060045f2661de3c031f6fbcbc73f46000a9666f166ad349c5805d,ACBBA,gilbert_elliot,pGG_0.95_pBB_0.85,19,361,4,0.05,18,90.25,90.25,comm_g19_r4_ge_drop025_acbba_topk005,C:\Users\lottj\Desktop\research\decentralized benchmark\topk_filter_study\results\sensitivity_suite\scenarios\clue_g19_n50.csv,clue_search,00,7,0,8,0,0,0,0,14,7,7,14,0,0,collision_intent:7;state:7,35,7,completed
13,dcta_parity_v1,custom,5789862b56c579a63f65129a7c7ce0c99a25e7c55fba998a5a9699fc4a7df60b,03f32103aba060045f2661de3c031f6fbcbc73f46000a9666f166ad349c5805d,ACBBA,gilbert_elliot,pGG_0.95_pBB_0.85,19,361,4,0.05,18,90.25,90.25,comm_g19_r4_ge_drop025_acbba_topk005,C:\Users\lottj\Desktop\research\decentralized benchmark\topk_filter_study\results\sensitivity_suite\scenarios\clue_g19_n50.csv,clue_search,01,7,0,8,0,0,0,0,14,7,7,14,0,0,collision_intent:7;state:7,37,6,completed
13,dcta_parity_v1,custom,5789862b56c579a63f65129a7c7ce0c99a25e7c55fba998a5a9699fc4a7df60b,03f32103aba060045f2661de3c031f6fbcbc73f46000a9666f166ad349c5805d,ACBBA,gilbert_elliot,pGG_0.95_pBB_0.85,19,361,4,0.05,18,90.25,90.25,comm_g19_r4_ge_drop025_acbba_topk005,C:\Users\lottj\Desktop\research\decentralized benchmark\topk_filter_study\results\sensitivity_suite\scenarios\clue_g19_n50.csv,clue_search,02,7,0,8,0,0,0,0,14,7,7,14,0,0,collision_intent:7;state:7,39,2,completed
13,dcta_parity_v1,custom,5789862b56c579a63f65129a7c7ce0c99a25e7c55fba998a5a9699fc4a7df60b,03f32103aba060045f2661de3c031f6fbcbc73f46000a9666f166ad349c5805d,ACBBA,gilbert_elliot,pGG_0.95_pBB_0.85,19,361,4,0.05,18,90.25,90.25,comm_g19_r4_ge_drop025_acbba_topk005,C:\Users\lottj\Desktop\research\decentralized benchmark\topk_filter_study\results\sensitivity_suite\scenarios\clue_g19_n50.csv,clue_search,03,7,0,8,0,0,0,0,15,8,7,15,0,0,collision_intent:7;state:7;target:1,42,0,completed
14,dcta_parity_v1,custom,5789862b56c579a63f65129a7c7ce0c99a25e7c55fba998a5a9699fc4a7df60b,03f32103aba060045f2661de3c031f6fbcbc73f46000a9666f166ad349c5805d,ACBBA,gilbert_elliot,pGG_0.95_pBB_0.85,19,361,4,0.05,18,90.25,90.25,comm_g19_r4_ge_drop025_acbba_topk005,C:\Users\lottj\Desktop\research\decentralized benchmark\topk_filter_study\results\sensitivity_suite\scenarios\clue_g19_n50.csv,clue_search,00,82,76,65,18,8,0,0,560,83,477,168,392,548,acbba_entry:392;clue:3;collision_intent:82;state:82;target:1,1331,330,completed
14,dcta_parity_v1,custom,5789862b56c579a63f65129a7c7ce0c99a25e7c55fba998a5a9699fc4a7df60b,03f32103aba060045f2661de3c031f6fbcbc73f46000a9666f166ad349c5805d,ACBBA,gilbert_elliot,pGG_0.95_pBB_0.85,19,361,4,0.05,18,90.25,90.25,comm_g19_r4_ge_drop025_acbba_topk005,C:\Users\lottj\Desktop\research\decentralized benchmark\topk_filter_study\results\sensitivity_suite\scenarios\clue_g19_n50.csv,clue_search,01,77,71,36,42,3,13,3,567,90,477,170,397,555,acbba_entry:397;clue:3;collision_intent:90;state:77,1269,384,completed
14,dcta_parity_v1,custom,5789862b56c579a63f65129a7c7ce0c99a25e7c55fba998a5a9699fc4a7df60b,03f32103aba060045f2661de3c031f6fbcbc73f46000a9666f166ad349c5805d,ACBBA,gilbert_elliot,pGG_0.95_pBB_0.85,19,361,4,0.05,18,90.25,90.25,comm_g19_r4_ge_drop025_acbba_topk005,C:\Users\lottj\Desktop\research\decentralized benchmark\topk_filter_study\results\sensitivity_suite\scenarios\clue_g19_n50.csv,clue_search,02,79,72,46,34,3,3,3,551,82,469,164,387,537,acbba_entry:387;clue:3;collision_intent:82;state:79,1315,354,completed
14,dcta_parity_v1,custom,5789862b56c579a63f65129a7c7ce0c99a25e7c55fba998a5a9699fc4a7df60b,03f32103aba060045f2661de3c031f6fbcbc73f46000a9666f166ad349c5805d,ACBBA,gilbert_elliot,pGG_0.95_pBB_0.85,19,361,4,0.05,18,90.25,90.25,comm_g19_r4_ge_drop025_acbba_topk005,C:\Users\lottj\Desktop\research\decentralized benchmark\topk_filter_study\results\sensitivity_suite\scenarios\clue_g19_n50.csv,clue_search,03,80,74,37,44,2,2,2,543,83,460,166,377,531,acbba_entry:377;clue:3;collision_intent:83;state:80,1204,472,completed
15,dcta_parity_v1,custom,5789862b56c579a63f65129a7c7ce0c99a25e7c55fba998a5a9699fc4a7df60b,03f32103aba060045f2661de3c031f6fbcbc73f46000a9666f166ad349c5805d,ACBBA,gilbert_elliot,pGG_0.95_pBB_0.85,19,361,4,0.05,18,90.25,90.25,comm_g19_r4_ge_drop025_acbba_topk005,C:\Users\lottj\Desktop\research\decentralized benchmark\topk_filter_study\results\sensitivity_suite\scenarios\clue_g19_n50.csv,clue_search,00,69,38,55,15,1,0,0,333,69,264,140,193,271,acbba_entry:193;clue:2;collision_intent:69;state:69,893,148,completed
15,dcta_parity_v1,custom,5789862b56c579a63f65129a7c7ce0c99a25e7c55fba998a5a9699fc4a7df60b,03f32103aba060045f2661de3c031f6fbcbc73f46000a9666f166ad349c5805d,ACBBA,gilbert_elliot,pGG_0.95_pBB_0.85,19,361,4,0.05,18,90.25,90.25,comm_g19_r4_ge_drop025_acbba_topk005,C:\Users\lottj\Desktop\research\decentralized benchmark\topk_filter_study\results\sensitivity_suite\scenarios\clue_g19_n50.csv,clue_search,01,68,37,59,10,1,1,1,319,70,249,140,179,257,acbba_entry:179;clue:2;collision_intent:69;state:68;target:1,862,194,completed
15,dcta_parity_v1,custom,5789862b56c579a63f65129a7c7ce0c99a25e7c55fba998a5a9699fc4a7df60b,03f32103aba060045f2661de3c031f6fbcbc73f46000a9666f166ad349c5805d,ACBBA,gilbert_elliot,pGG_0.95_pBB_0.85,19,361,4,0.05,18,90.25,90.25,comm_g19_r4_ge_drop025_acbba_topk005,C:\Users\lottj\Desktop\research\decentralized benchmark\topk_filter_study\results\sensitivity_suite\scenarios\clue_g19_n50.csv,clue_search,02,69,37,38,32,2,2,2,361,71,290,142,219,297,acbba_entry:219;clue:2;collision_intent:71;state:69,707,306,completed
15,dcta_parity_v1,custom,5789862b56c579a63f65129a7c7ce0c99a25e7c55fba998a5a9699fc4a7df60b,03f32103aba060045f2661de3c031f6fbcbc73f46000a9666f166ad349c5805d,ACBBA,gilbert_elliot,pGG_0.95_pBB_0.85,19,361,4,0.05,18,90.25,90.25,comm_g19_r4_ge_drop025_acbba_topk005,C:\Users\lottj\Desktop\research\decentralized benchmark\topk_filter_study\results\sensitivity_suite\scenarios\clue_g19_n50.csv,clue_search,03,67,36,49,19,3,8,2,362,75,287,144,218,300,acbba_entry:218;clue:2;collision_intent:75;state:67,804,207,completed
16,dcta_parity_v1,custom,5789862b56c579a63f65129a7c7ce0c99a25e7c55fba998a5a9699fc4a7df60b,03f32103aba060045f2661de3c031f6fbcbc73f46000a9666f166ad349c5805d,ACBBA,gilbert_elliot,pGG_0.95_pBB_0.85,19,361,4,0.05,18,90.25,90.25,comm_g19_r4_ge_drop025_acbba_topk005,C:\Users\lottj\Desktop\research\decentralized benchmark\topk_filter_study\results\sensitivity_suite\scenarios\clue_g19_n50.csv,clue_search,00,106,100,69,38,2,1,1,681,107,574,217,464,669,acbba_entry:464;clue:4;collision_intent:107;state:106,1611,471,completed
16,dcta_parity_v1,custom,5789862b56c579a63f65129a7c7ce0c99a25e7c55fba998a5a9699fc4a7df60b,03f32103aba060045f2661de3c031f6fbcbc73f46000a9666f166ad349c5805d,ACBBA,gilbert_elliot,pGG_0.95_pBB_0.85,19,361,4,0.05,18,90.25,90.25,comm_g19_r4_ge_drop025_acbba_topk005,C:\Users\lottj\Desktop\research\decentralized benchmark\topk_filter_study\results\sensitivity_suite\scenarios\clue_g19_n50.csv,clue_search,01,105,99,61,45,1,0,0,715,106,609,215,500,703,acbba_entry:500;clue:4;collision_intent:105;state:105;target:1,1657,393,completed
16,dcta_parity_v1,custom,5789862b56c579a63f65129a7c7ce0c99a25e7c55fba998a5a9699fc4a7df60b,03f32103aba060045f2661de3c031f6fbcbc73f46000a9666f166ad349c5805d,ACBBA,gilbert_elliot,pGG_0.95_pBB_0.85,19,361,4,0.05,18,90.25,90.25,comm_g19_r4_ge_drop025_acbba_topk005,C:\Users\lottj\Desktop\research\decentralized benchmark\topk_filter_study\results\sensitivity_suite\scenarios\clue_g19_n50.csv,clue_search,02,106,99,63,44,1,0,0,694,106,588,216,478,680,acbba_entry:478;clue:4;collision_intent:106;state:106,1614,457,completed
16,dcta_parity_v1,custom,5789862b56c579a63f65129a7c7ce0c99a25e7c55fba998a5a9699fc4a7df60b,03f32103aba060045f2661de3c031f6fbcbc73f46000a9666f166ad349c5805d,ACBBA,gilbert_elliot,pGG_0.95_pBB_0.85,19,361,4,0.05,18,90.25,90.25,comm_g19_r4_ge_drop025_acbba_topk005,C:\Users\lottj\Desktop\research\decentralized benchmark\topk_filter_study\results\sensitivity_suite\scenarios\clue_g19_n50.csv,clue_search,03,98,92,71,28,1,10,2,675,108,567,210,465,663,acbba_entry:465;clue:4;collision_intent:108;state:98,1681,409,completed
17,dcta_parity_v1,custom,5789862b56c579a63f65129a7c7ce0c99a25e7c55fba998a5a9699fc4a7df60b,03f32103aba060045f2661de3c031f6fbcbc73f46000a9666f166ad349c5805d,ACBBA,gilbert_elliot,pGG_0.95_pBB_0.85,19,361,4,0.05,18,90.25,90.25,comm_g19_r4_ge_drop025_acbba_topk005,C:\Users\lottj\Desktop\research\decentralized benchmark\topk_filter_study\results\sensitivity_suite\scenarios\clue_g19_n50.csv,clue_search,00,1,0,2,0,0,0,0,2,1,1,2,0,0,collision_intent:1;state:1,3,0,completed
17,dcta_parity_v1,custom,5789862b56c579a63f65129a7c7ce0c99a25e7c55fba998a5a9699fc4a7df60b,03f32103aba060045f2661de3c031f6fbcbc73f46000a9666f166ad349c5805d,ACBBA,gilbert_elliot,pGG_0.95_pBB_0.85,19,361,4,0.05,18,90.25,90.25,comm_g19_r4_ge_drop025_acbba_topk005,C:\Users\lottj\Desktop\research\decentralized benchmark\topk_filter_study\results\sensitivity_suite\scenarios\clue_g19_n50.csv,clue_search,01,0,0,1,0,0,0,0,1,1,0,1,0,0,collision_intent:1,4,1,completed
17,dcta_parity_v1,custom,5789862b56c579a63f65129a7c7ce0c99a25e7c55fba998a5a9699fc4a7df60b,03f32103aba060045f2661de3c031f6fbcbc73f46000a9666f166ad349c5805d,ACBBA,gilbert_elliot,pGG_0.95_pBB_0.85,19,361,4,0.05,18,90.25,90.25,comm_g19_r4_ge_drop025_acbba_topk005,C:\Users\lottj\Desktop\research\decentralized benchmark\topk_filter_study\results\sensitivity_suite\scenarios\clue_g19_n50.csv,clue_search,02,1,0,2,0,0,0,0,3,2,1,3,0,0,collision_intent:1;state:1;target:1,4,0,completed
17,dcta_parity_v1,custom,5789862b56c579a63f65129a7c7ce0c99a25e7c55fba998a5a9699fc4a7df60b,03f32103aba060045f2661de3c031f6fbcbc73f46000a9666f166ad349c5805d,ACBBA,gilbert_elliot,pGG_0.95_pBB_0.85,19,361,4,0.05,18,90.25,90.25,comm_g19_r4_ge_drop025_acbba_topk005,C:\Users\lottj\Desktop\research\decentralized benchmark\topk_filter_study\results\sensitivity_suite\scenarios\clue_g19_n50.csv,clue_search,03,0,0,1,0,0,0,0,1,1,0,1,0,0,collision_intent:1,6,0,completed
18,dcta_parity_v1,custom,5789862b56c579a63f65129a7c7ce0c99a25e7c55fba998a5a9699fc4a7df60b,03f32103aba060045f2661de3c031f6fbcbc73f46000a9666f166ad349c5805d,ACBBA,gilbert_elliot,pGG_0.95_pBB_0.85,19,361,4,0.05,18,90.25,90.25,comm_g19_r4_ge_drop025_acbba_topk005,C:\Users\lottj\Desktop\research\decentralized benchmark\topk_filter_study\results\sensitivity_suite\scenarios\clue_g19_n50.csv,clue_search,00,109,44,82,28,1,0,0,394,109,285,220,174,264,acbba_entry:174;clue:2;collision_intent:109;state:109,929,207,completed
18,dcta_parity_v1,custom,5789862b56c579a63f65129a7c7ce0c99a25e7c55fba998a5a9699fc4a7df60b,03f32103aba060045f2661de3c031f6fbcbc73f46000a9666f166ad349c5805d,ACBBA,gilbert_elliot,pGG_0.95_pBB_0.85,19,361,4,0.05,18,90.25,90.25,comm_g19_r4_ge_drop025_acbba_topk005,C:\Users\lottj\Desktop\research\decentralized benchmark\topk_filter_study\results\sensitivity_suite\scenarios\clue_g19_n50.csv,clue_search,01,107,42,71,37,2,5,2,394,113,281,222,172,264,acbba_entry:172;clue:2;collision_intent:113;state:107,918,218,completed
18,dcta_parity_v1,custom,5789862b56c579a63f65129a7c7ce0c99a25e7c55fba998a5a9699fc4a7df60b,03f32103aba060045f2661de3c031f6fbcbc73f46000a9666f166ad349c5805d,ACBBA,gilbert_elliot,pGG_0.95_pBB_0.85,19,361,4,0.05,18,90.25,90.25,comm_g19_r4_ge_drop025_acbba_topk005,C:\Users\lottj\Desktop\research\decentralized benchmark\topk_filter_study\results\sensitivity_suite\scenarios\clue_g19_n50.csv,clue_search,02,111,45,73,39,1,0,0,367,112,255,225,142,235,acbba_entry:142;clue:2;collision_intent:111;state:111;target:1,946,218,completed
18,dcta_parity_v1,custom,5789862b56c579a63f65129a7c7ce0c99a25e7c55fba998a5a9699fc4a7df60b,03f32103aba060045f2661de3c031f6fbcbc73f46000a9666f166ad349c5805d,ACBBA,gilbert_elliot,pGG_0.95_pBB_0.85,19,361,4,0.05,18,90.25,90.25,comm_g19_r4_ge_drop025_acbba_topk005,C:\Users\lottj\Desktop\research\decentralized benchmark\topk_filter_study\results\sensitivity_suite\scenarios\clue_g19_n50.csv,clue_search,03,110,44,85,26,0,0,0,376,111,265,223,153,244,acbba_entry:153;clue:2;collision_intent:111;state:110,904,250,completed
19,dcta_parity_v1,custom,5789862b56c579a63f65129a7c7ce0c99a25e7c55fba998a5a9699fc4a7df60b,03f32103aba060045f2661de3c031f6fbcbc73f46000a9666f166ad349c5805d,ACBBA,gilbert_elliot,pGG_0.95_pBB_0.85,19,361,4,0.05,18,90.25,90.25,comm_g19_r4_ge_drop025_acbba_topk005,C:\Users\lottj\Desktop\research\decentralized benchmark\topk_filter_study\results\sensitivity_suite\scenarios\clue_g19_n50.csv,clue_search,00,103,83,64,40,2,4,1,662,107,555,213,449,622,acbba_entry:449;clue:3;collision_intent:107;state:103,1421,435,completed
19,dcta_parity_v1,custom,5789862b56c579a63f65129a7c7ce0c99a25e7c55fba998a5a9699fc4a7df60b,03f32103aba060045f2661de3c031f6fbcbc73f46000a9666f166ad349c5805d,ACBBA,gilbert_elliot,pGG_0.95_pBB_0.85,19,361,4,0.05,18,90.25,90.25,comm_g19_r4_ge_drop025_acbba_topk005,C:\Users\lottj\Desktop\research\decentralized benchmark\topk_filter_study\results\sensitivity_suite\scenarios\clue_g19_n50.csv,clue_search,01,102,82,56,47,2,6,3,622,108,514,213,409,582,acbba_entry:409;clue:3;collision_intent:108;state:102,1481,414,completed
19,dcta_parity_v1,custom,5789862b56c579a63f65129a7c7ce0c99a25e7c55fba998a5a9699fc4a7df60b,03f32103aba060045f2661de3c031f6fbcbc73f46000a9666f166ad349c5805d,ACBBA,gilbert_elliot,pGG_0.95_pBB_0.85,19,361,4,0.05,18,90.25,90.25,comm_g19_r4_ge_drop025_acbba_topk005,C:\Users\lottj\Desktop\research\decentralized benchmark\topk_filter_study\results\sensitivity_suite\scenarios\clue_g19_n50.csv,clue_search,02,105,85,73,33,3,0,0,593,105,488,212,381,553,acbba_entry:381;clue:2;collision_intent:105;state:105,1484,440,completed
19,dcta_parity_v1,custom,5789862b56c579a63f65129a7c7ce0c99a25e7c55fba998a5a9699fc4a7df60b,03f32103aba060045f2661de3c031f6fbcbc73f46000a9666f166ad349c5805d,ACBBA,gilbert_elliot,pGG_0.95_pBB_0.85,19,361,4,0.05,18,90.25,90.25,comm_g19_r4_ge_drop025_acbba_topk005,C:\Users\lottj\Desktop\research\decentralized benchmark\topk_filter_study\results\sensitivity_suite\scenarios\clue_g19_n50.csv,clue_search,03,103,83,68,36,4,2,2,641,106,535,212,429,601,acbba_entry:429;clue:3;collision_intent:105;state:103;target:1,1465,412,completed
20,dcta_parity_v1,custom,5789862b56c579a63f65129a7c7ce0c99a25e7c55fba998a5a9699fc4a7df60b,03f32103aba060045f2661de3c031f6fbcbc73f46000a9666f166ad349c5805d,ACBBA,gilbert_elliot,pGG_0.95_pBB_0.85,19,361,4,0.05,18,90.25,90.25,comm_g19_r4_ge_drop025_acbba_topk005,C:\Users\lottj\Desktop\research\decentralized benchmark\topk_filter_study\results\sensitivity_suite\scenarios\clue_g19_n50.csv,clue_search,00,45,43,24,22,0,1,1,273,46,227,94,179,269,acbba_entry:179;clue:3;collision_intent:46;state:45,671,163,completed
20,dcta_parity_v1,custom,5789862b56c579a63f65129a7c7ce0c99a25e7c55fba998a5a9699fc4a7df60b,03f32103aba060045f2661de3c031f6fbcbc73f46000a9666f166ad349c5805d,ACBBA,gilbert_elliot,pGG_0.95_pBB_0.85,19,361,4,0.05,18,90.25,90.25,comm_g19_r4_ge_drop025_acbba_topk005,C:\Users\lottj\Desktop\research\decentralized benchmark\topk_filter_study\results\sensitivity_suite\scenarios\clue_g19_n50.csv,clue_search,01,44,43,36,9,0,0,0,296,45,251,92,204,293,acbba_entry:204;clue:3;collision_intent:45;state:44,663,148,completed
20,dcta_parity_v1,custom,5789862b56c579a63f65129a7c7ce0c99a25e7c55fba998a5a9699fc4a7df60b,03f32103aba060045f2661de3c031f6fbcbc73f46000a9666f166ad349c5805d,ACBBA,gilbert_elliot,pGG_0.95_pBB_0.85,19,361,4,0.05,18,90.25,90.25,comm_g19_r4_ge_drop025_acbba_topk005,C:\Users\lottj\Desktop\research\decentralized benchmark\topk_filter_study\results\sensitivity_suite\scenarios\clue_g19_n50.csv,clue_search,02,46,44,38,9,0,3,3,256,49,207,98,158,252,acbba_entry:158;clue:3;collision_intent:49;state:46,617,233,completed
20,dcta_parity_v1,custom,5789862b56c579a63f65129a7c7ce0c99a25e7c55fba998a5a9699fc4a7df60b,03f32103aba060045f2661de3c031f6fbcbc73f46000a9666f166ad349c5805d,ACBBA,gilbert_elliot,pGG_0.95_pBB_0.85,19,361,4,0.05,18,90.25,90.25,comm_g19_r4_ge_drop025_acbba_topk005,C:\Users\lottj\Desktop\research\decentralized benchmark\topk_filter_study\results\sensitivity_suite\scenarios\clue_g19_n50.csv,clue_search,03,45,43,34,12,2,3,3,282,49,233,97,185,278,acbba_entry:185;clue:3;collision_intent:48;state:45;target:1,679,146,completed
21,dcta_parity_v1,custom,5789862b56c579a63f65129a7c7ce0c99a25e7c55fba998a5a9699fc4a7df60b,03f32103aba060045f2661de3c031f6fbcbc73f46000a9666f166ad349c5805d,ACBBA,gilbert_elliot,pGG_0.95_pBB_0.85,19,361,4,0.05,18,90.25,90.25,comm_g19_r4_ge_drop025_acbba_topk005,C:\Users\lottj\Desktop\research\decentralized benchmark\topk_filter_study\results\sensitivity_suite\scenarios\clue_g19_n50.csv,clue_search,00,39,1,40,0,0,0,0,82,39,43,79,3,6,acbba_entry:3;clue:1;collision_intent:39;state:39,220,21,completed
21,dcta_parity_v1,custom,5789862b56c579a63f65129a7c7ce0c99a25e7c55fba998a5a9699fc4a7df60b,03f32103aba060045f2661de3c031f6fbcbc73f46000a9666f166ad349c5805d,ACBBA,gilbert_elliot,pGG_0.95_pBB_0.85,19,361,4,0.05,18,90.25,90.25,comm_g19_r4_ge_drop025_acbba_topk005,C:\Users\lottj\Desktop\research\decentralized benchmark\topk_filter_study\results\sensitivity_suite\scenarios\clue_g19_n50.csv,clue_search,01,39,1,40,0,0,0,0,78,39,39,78,0,2,collision_intent:39;state:39,210,35,completed
21,dcta_parity_v1,custom,5789862b56c579a63f65129a7c7ce0c99a25e7c55fba998a5a9699fc4a7df60b,03f32103aba060045f2661de3c031f6fbcbc73f46000a9666f166ad349c5805d,ACBBA,gilbert_elliot,pGG_0.95_pBB_0.85,19,361,4,0.05,18,90.25,90.25,comm_g19_r4_ge_drop025_acbba_topk005,C:\Users\lottj\Desktop\research\decentralized benchmark\topk_filter_study\results\sensitivity_suite\scenarios\clue_g19_n50.csv,clue_search,02,38,1,39,0,0,0,0,81,39,42,78,3,6,acbba_entry:3;clue:1;collision_intent:39;state:38,226,16,completed
21,dcta_parity_v1,custom,5789862b56c579a63f65129a7c7ce0c99a25e7c55fba998a5a9699fc4a7df60b,03f32103aba060045f2661de3c031f6fbcbc73f46000a9666f166ad349c5805d,ACBBA,gilbert_elliot,pGG_0.95_pBB_0.85,19,361,4,0.05,18,90.25,90.25,comm_g19_r4_ge_drop025_acbba_topk005,C:\Users\lottj\Desktop\research\decentralized benchmark\topk_filter_study\results\sensitivity_suite\scenarios\clue_g19_n50.csv,clue_search,03,39,1,40,0,0,0,0,83,40,43,80,3,7,acbba_entry:3;clue:1;collision_intent:39;state:39;target:1,206,35,completed
22,dcta_parity_v1,custom,5789862b56c579a63f65129a7c7ce0c99a25e7c55fba998a5a9699fc4a7df60b,03f32103aba060045f2661de3c031f6fbcbc73f46000a9666f166ad349c5805d,ACBBA,gilbert_elliot,pGG_0.95_pBB_0.85,19,361,4,0.05,18,90.25,90.25,comm_g19_r4_ge_drop025_acbba_topk005,C:\Users\lottj\Desktop\research\decentralized benchmark\topk_filter_study\results\sensitivity_suite\scenarios\clue_g19_n50.csv,clue_search,00,73,59,56,18,1,0,0,422,74,348,149,273,394,acbba_entry:273;clue:2;collision_intent:73;state:73;target:1,995,228,completed
22,dcta_parity_v1,custom,5789862b56c579a63f65129a7c7ce0c99a25e7c55fba998a5a9699fc4a7df60b,03f32103aba060045f2661de3c031f6fbcbc73f46000a9666f166ad349c5805d,ACBBA,gilbert_elliot,pGG_0.95_pBB_0.85,19,361,4,0.05,18,90.25,90.25,comm_g19_r4_ge_drop025_acbba_topk005,C:\Users\lottj\Desktop\research\decentralized benchmark\topk_filter_study\results\sensitivity_suite\scenarios\clue_g19_n50.csv,clue_search,01,72,59,42,31,3,2,2,384,74,310,147,237,357,acbba_entry:237;clue:1;collision_intent:74;state:72,951,310,completed
22,dcta_parity_v1,custom,5789862b56c579a63f65129a7c7ce0c99a25e7c55fba998a5a9699fc4a7df60b,03f32103aba060045f2661de3c031f6fbcbc73f46000a9666f166ad349c5805d,ACBBA,gilbert_elliot,pGG_0.95_pBB_0.85,19,361,4,0.05,18,90.25,90.25,comm_g19_r4_ge_drop025_acbba_topk005,C:\Users\lottj\Desktop\research\decentralized benchmark\topk_filter_study\results\sensitivity_suite\scenarios\clue_g19_n50.csv,clue_search,02,70,56,45,26,1,4,1,400,74,326,146,254,372,acbba_entry:254;clue:2;collision_intent:74;state:70,1007,236,completed
22,dcta_parity_v1,custom,5789862b56c579a63f65129a7c7ce0c99a25e7c55fba998a5a9699fc4a7df60b,03f32103aba060045f2661de3c031f6fbcbc73f46000a9666f166ad349c5805d,ACBBA,gilbert_elliot,pGG_0.95_pBB_0.85,19,361,4,0.05,18,90.25,90.25,comm_g19_r4_ge_drop025_acbba_topk005,C:\Users\lottj\Desktop\research\decentralized benchmark\topk_filter_study\results\sensitivity_suite\scenarios\clue_g19_n50.csv,clue_search,03,70,56,48,23,0,0,0,439,70,369,142,297,411,acbba_entry:297;clue:2;collision_intent:70;state:70,950,254,completed
23,dcta_parity_v1,custom,5789862b56c579a63f65129a7c7ce0c99a25e7c55fba998a5a9699fc4a7df60b,03f32103aba060045f2661de3c031f6fbcbc73f46000a9666f166ad349c5805d,ACBBA,gilbert_elliot,pGG_0.95_pBB_0.85,19,361,4,0.05,18,90.25,90.25,comm_g19_r4_ge_drop025_acbba_topk005,C:\Users\lottj\Desktop\research\decentralized benchmark\topk_filter_study\results\sensitivity_suite\scenarios\clue_g19_n50.csv,clue_search,00,36,1,37,0,0,0,0,76,36,40,73,3,6,acbba_entry:3;clue:1;collision_intent:36;state:36,229,3,completed
23,dcta_parity_v1,custom,5789862b56c579a63f65129a7c7ce0c99a25e7c55fba998a5a9699fc4a7df60b,03f32103aba060045f2661de3c031f6fbcbc73f46000a9666f166ad349c5805d,ACBBA,gilbert_elliot,pGG_0.95_pBB_0.85,19,361,4,0.05,18,90.25,90.25,comm_g19_r4_ge_drop025_acbba_topk005,C:\Users\lottj\Desktop\research\decentralized benchmark\topk_filter_study\results\sensitivity_suite\scenarios\clue_g19_n50.csv,clue_search,01,36,1,37,0,0,0,0,76,36,40,73,3,6,acbba_entry:3;clue:1;collision_intent:36;state:36,207,23,completed
23,dcta_parity_v1,custom,5789862b56c579a63f65129a7c7ce0c99a25e7c55fba998a5a9699fc4a7df60b,03f32103aba060045f2661de3c031f6fbcbc73f46000a9666f166ad349c5805d,ACBBA,gilbert_elliot,pGG_0.95_pBB_0.85,19,361,4,0.05,18,90.25,90.25,comm_g19_r4_ge_drop025_acbba_topk005,C:\Users\lottj\Desktop\research\decentralized benchmark\topk_filter_study\results\sensitivity_suite\scenarios\clue_g19_n50.csv,clue_search,02,36,1,37,0,0,0,0,79,36,43,73,6,9,acbba_entry:6;clue:1;collision_intent:36;state:36,180,48,completed
23,dcta_parity_v1,custom,5789862b56c579a63f65129a7c7ce0c99a25e7c55fba998a5a9699fc4a7df60b,03f32103aba060045f2661de3c031f6fbcbc73f46000a9666f166ad349c5805d,ACBBA,gilbert_elliot,pGG_0.95_pBB_0.85,19,361,4,0.05,18,90.25,90.25,comm_g19_r4_ge_drop025_acbba_topk005,C:\Users\lottj\Desktop\research\decentralized benchmark\topk_filter_study\results\sensitivity_suite\scenarios\clue_g19_n50.csv,clue_search,03,36,1,37,0,0,0,0,77,37,40,74,3,7,acbba_entry:3;clue:1;collision_intent:36;state:36;target:1,216,15,completed
24,dcta_parity_v1,custom,5789862b56c579a63f65129a7c7ce0c99a25e7c55fba998a5a9699fc4a7df60b,03f32103aba060045f2661de3c031f6fbcbc73f46000a9666f166ad349c5805d,ACBBA,gilbert_elliot,pGG_0.95_pBB_0.85,19,361,4,0.05,18,90.25,90.25,comm_g19_r4_ge_drop025_acbba_topk005,C:\Users\lottj\Desktop\research\decentralized benchmark\topk_filter_study\results\sensitivity_suite\scenarios\clue_g19_n50.csv,clue_search,00,127,118,80,48,2,1,1,700,129,571,260,440,682,acbba_entry:440;clue:4;collision_intent:128;state:127;target:1,1728,372,completed
24,dcta_parity_v1,custom,5789862b56c579a63f65129a7c7ce0c99a25e7c55fba998a5a9699fc4a7df60b,03f32103aba060045f2661de3c031f6fbcbc73f46000a9666f166ad349c5805d,ACBBA,gilbert_elliot,pGG_0.95_pBB_0.85,19,361,4,0.05,18,90.25,90.25,comm_g19_r4_ge_drop025_acbba_topk005,C:\Users\lottj\Desktop\research\decentralized benchmark\topk_filter_study\results\sensitivity_suite\scenarios\clue_g19_n50.csv,clue_search,01,125,116,87,39,3,1,1,653,126,527,255,398,635,acbba_entry:398;clue:4;collision_intent:126;state:125,1771,374,completed
24,dcta_parity_v1,custom,5789862b56c579a63f65129a7c7ce0c99a25e7c55fba998a5a9699fc4a7df60b,03f32103aba060045f2661de3c031f6fbcbc73f46000a9666f166ad349c5805d,ACBBA,gilbert_elliot,pGG_0.95_pBB_0.85,19,361,4,0.05,18,90.25,90.25,comm_g19_r4_ge_drop025_acbba_topk005,C:\Users\lottj\Desktop\research\decentralized benchmark\topk_filter_study\results\sensitivity_suite\scenarios\clue_g19_n50.csv,clue_search,02,125,116,86,40,2,8,2,715,134,581,263,452,697,acbba_entry:452;clue:4;collision_intent:134;state:125,1577,507,completed
24,dcta_parity_v1,custom,5789862b56c579a63f65129a7c7ce0c99a25e7c55fba998a5a9699fc4a7df60b,03f32103aba060045f2661de3c031f6fbcbc73f46000a9666f166ad349c5805d,ACBBA,gilbert_elliot,pGG_0.95_pBB_0.85,19,361,4,0.05,18,90.25,90.25,comm_g19_r4_ge_drop025_acbba_topk005,C:\Users\lottj\Desktop\research\decentralized benchmark\topk_filter_study\results\sensitivity_suite\scenarios\clue_g19_n50.csv,clue_search,03,124,115,59,66,0,5,5,732,129,603,256,476,714,acbba_entry:476;clue:3;collision_intent:129;state:124,1657,410,completed
25,dcta_parity_v1,custom,5789862b56c579a63f65129a7c7ce0c99a25e7c55fba998a5a9699fc4a7df60b,03f32103aba060045f2661de3c031f6fbcbc73f46000a9666f166ad349c5805d,ACBBA,gilbert_elliot,pGG_0.95_pBB_0.85,19,361,4,0.05,18,90.25,90.25,comm_g19_r4_ge_drop025_acbba_topk005,C:\Users\lottj\Desktop\research\decentralized benchmark\topk_filter_study\results\sensitivity_suite\scenarios\clue_g19_n50.csv,clue_search,00,168,162,77,92,4,1,1,1070,169,901,339,731,1058,acbba_entry:731;clue:2;collision_intent:169;state:168,2452,675,completed
25,dcta_parity_v1,custom,5789862b56c579a63f65129a7c7ce0c99a25e7c55fba998a5a9699fc4a7df60b,03f32103aba060045f2661de3c031f6fbcbc73f46000a9666f166ad349c5805d,ACBBA,gilbert_elliot,pGG_0.95_pBB_0.85,19,361,4,0.05,18,90.25,90.25,comm_g19_r4_ge_drop025_acbba_topk005,C:\Users\lottj\Desktop\research\decentralized benchmark\topk_filter_study\results\sensitivity_suite\scenarios\clue_g19_n50.csv,clue_search,01,162,156,71,92,0,9,3,1049,172,877,336,713,1037,acbba_entry:713;clue:2;collision_intent:171;state:162;target:1,2544,605,completed
25,dcta_parity_v1,custom,5789862b56c579a63f65129a7c7ce0c99a25e7c55fba998a5a9699fc4a7df60b,03f32103aba060045f2661de3c031f6fbcbc73f46000a9666f166ad349c5805d,ACBBA,gilbert_elliot,pGG_0.95_pBB_0.85,19,361,4,0.05,18,90.25,90.25,comm_g19_r4_ge_drop025_acbba_topk005,C:\Users\lottj\Desktop\research\decentralized benchmark\topk_filter_study\results\sensitivity_suite\scenarios\clue_g19_n50.csv,clue_search,02,165,159,96,70,1,3,1,1037,169,868,336,701,1025,acbba_entry:701;clue:2;collision_intent:169;state:165,2455,706,completed
25,dcta_parity_v1,custom,5789862b56c579a63f65129a7c7ce0c99a25e7c55fba998a5a9699fc4a7df60b,03f32103aba060045f2661de3c031f6fbcbc73f46000a9666f166ad349c5805d,ACBBA,gilbert_elliot,pGG_0.95_pBB_0.85,19,361,4,0.05,18,90.25,90.25,comm_g19_r4_ge_drop025_acbba_topk005,C:\Users\lottj\Desktop\research\decentralized benchmark\topk_filter_study\results\sensitivity_suite\scenarios\clue_g19_n50.csv,clue_search,03,165,160,84,82,4,7,4,1042,172,870,339,703,1032,acbba_entry:703;clue:2;collision_intent:172;state:165,2474,681,completed
26,dcta_parity_v1,custom,5789862b56c579a63f65129a7c7ce0c99a25e7c55fba998a5a9699fc4a7df60b,03f32103aba060045f2661de3c031f6fbcbc73f46000a9666f166ad349c5805d,ACBBA,gilbert_elliot,pGG_0.95_pBB_0.85,19,361,4,0.05,18,90.25,90.25,comm_g19_r4_ge_drop025_acbba_topk005,C:\Users\lottj\Desktop\research\decentralized benchmark\topk_filter_study\results\sensitivity_suite\scenarios\clue_g19_n50.csv,clue_search,00,66,13,62,5,0,0,0,175,66,109,134,41,69,acbba_entry:41;clue:2;collision_intent:66;state:66,417,128,completed
26,dcta_parity_v1,custom,5789862b56c579a63f65129a7c7ce0c99a25e7c55fba998a5a9699fc4a7df60b,03f32103aba060045f2661de3c031f6fbcbc73f46000a9666f166ad349c5805d,ACBBA,gilbert_elliot,pGG_0.95_pBB_0.85,19,361,4,0.05,18,90.25,90.25,comm_g19_r4_ge_drop025_acbba_topk005,C:\Users\lottj\Desktop\research\decentralized benchmark\topk_filter_study\results\sensitivity_suite\scenarios\clue_g19_n50.csv,clue_search,01,66,13,56,11,0,0,0,187,66,121,134,53,81,acbba_entry:53;clue:2;collision_intent:66;state:66,443,90,completed
26,dcta_parity_v1,custom,5789862b56c579a63f65129a7c7ce0c99a25e7c55fba998a5a9699fc4a7df60b,03f32103aba060045f2661de3c031f6fbcbc73f46000a9666f166ad349c5805d,ACBBA,gilbert_elliot,pGG_0.95_pBB_0.85,19,361,4,0.05,18,90.25,90.25,comm_g19_r4_ge_drop025_acbba_topk005,C:\Users\lottj\Desktop\research\decentralized benchmark\topk_filter_study\results\sensitivity_suite\scenarios\clue_g19_n50.csv,clue_search,02,67,13,64,4,0,0,0,181,68,113,137,44,73,acbba_entry:44;clue:2;collision_intent:67;state:67;target:1,441,100,completed
26,dcta_parity_v1,custom,5789862b56c579a63f65129a7c7ce0c99a25e7c55fba998a5a9699fc4a7df60b,03f32103aba060045f2661de3c031f6fbcbc73f46000a9666f166ad349c5805d,ACBBA,gilbert_elliot,pGG_0.95_pBB_0.85,19,361,4,0.05,18,90.25,90.25,comm_g19_r4_ge_drop025_acbba_topk005,C:\Users\lottj\Desktop\research\decentralized benchmark\topk_filter_study\results\sensitivity_suite\scenarios\clue_g19_n50.csv,clue_search,03,65,12,59,7,0,1,1,179,67,112,134,45,73,acbba_entry:45;clue:2;collision_intent:67;state:65,461,82,completed
27,dcta_parity_v1,custom,5789862b56c579a63f65129a7c7ce0c99a25e7c55fba998a5a9699fc4a7df60b,03f32103aba060045f2661de3c031f6fbcbc73f46000a9666f166ad349c5805d,ACBBA,gilbert_elliot,pGG_0.95_pBB_0.85,19,361,4,0.05,18,90.25,90.25,comm_g19_r4_ge_drop025_acbba_topk005,C:\Users\lottj\Desktop\research\decentralized benchmark\topk_filter_study\results\sensitivity_suite\scenarios\clue_g19_n50.csv,clue_search,00,85,76,50,36,1,1,1,550,86,464,174,376,531,acbba_entry:376;clue:3;collision_intent:86;state:85,1274,355,completed
27,dcta_parity_v1,custom,5789862b56c579a63f65129a7c7ce0c99a25e7c55fba998a5a9699fc4a7df60b,03f32103aba060045f2661de3c031f6fbcbc73f46000a9666f166ad349c5805d,ACBBA,gilbert_elliot,pGG_0.95_pBB_0.85,19,361,4,0.05,18,90.25,90.25,comm_g19_r4_ge_drop025_acbba_topk005,C:\Users\lottj\Desktop\research\decentralized benchmark\topk_filter_study\results\sensitivity_suite\scenarios\clue_g19_n50.csv,clue_search,01,85,76,56,30,6,3,3,547,89,458,177,370,529,acbba_entry:370;clue:3;collision_intent:88;state:85;target:1,1248,385,completed
27,dcta_parity_v1,custom,5789862b56c579a63f65129a7c7ce0c99a25e7c55fba998a5a9699fc4a7df60b,03f32103aba060045f2661de3c031f6fbcbc73f46000a9666f166ad349c5805d,ACBBA,gilbert_elliot,pGG_0.95_pBB_0.85,19,361,4,0.05,18,90.25,90.25,comm_g19_r4_ge_drop025_acbba_topk005,C:\Users\lottj\Desktop\research\decentralized benchmark\topk_filter_study\results\sensitivity_suite\scenarios\clue_g19_n50.csv,clue_search,02,84,74,64,21,1,0,0,526,84,442,171,355,506,acbba_entry:355;clue:3;collision_intent:84;state:84,1356,297,completed
27,dcta_parity_v1,custom,5789862b56c579a63f65129a7c7ce0c99a25e7c55fba998a5a9699fc4a7df60b,03f32103aba060045f2661de3c031f6fbcbc73f46000a9666f166ad349c5805d,ACBBA,gilbert_elliot,pGG_0.95_pBB_0.85,19,361,4,0.05,18,90.25,90.25,comm_g19_r4_ge_drop025_acbba_topk005,C:\Users\lottj\Desktop\research\decentralized benchmark\topk_filter_study\results\sensitivity_suite\scenarios\clue_g19_n50.csv,clue_search,03,84,75,42,43,2,4,3,557,88,469,175,382,539,acbba_entry:382;clue:3;collision_intent:88;state:84,1257,366,completed
28,dcta_parity_v1,custom,5789862b56c579a63f65129a7c7ce0c99a25e7c55fba998a5a9699fc4a7df60b,03f32103aba060045f2661de3c031f6fbcbc73f46000a9666f166ad349c5805d,ACBBA,gilbert_elliot,pGG_0.95_pBB_0.85,19,361,4,0.05,18,90.25,90.25,comm_g19_r4_ge_drop025_acbba_topk005,C:\Users\lottj\Desktop\research\decentralized benchmark\topk_filter_study\results\sensitivity_suite\scenarios\clue_g19_n50.csv,clue_search,00,49,32,36,14,0,0,0,284,50,234,100,184,249,acbba_entry:184;clue:1;collision_intent:50;state:49,685,160,completed
28,dcta_parity_v1,custom,5789862b56c579a63f65129a7c7ce0c99a25e7c55fba998a5a9699fc4a7df60b,03f32103aba060045f2661de3c031f6fbcbc73f46000a9666f166ad349c5805d,ACBBA,gilbert_elliot,pGG_0.95_pBB_0.85,19,361,4,0.05,18,90.25,90.25,comm_g19_r4_ge_drop025_acbba_topk005,C:\Users\lottj\Desktop\research\decentralized benchmark\topk_filter_study\results\sensitivity_suite\scenarios\clue_g19_n50.csv,clue_search,01,48,31,40,9,1,0,0,287,48,239,97,190,253,acbba_entry:190;clue:1;collision_intent:48;state:48,693,148,completed
28,dcta_parity_v1,custom,5789862b56c579a63f65129a7c7ce0c99a25e7c55fba998a5a9699fc4a7df60b,03f32103aba060045f2661de3c031f6fbcbc73f46000a9666f166ad349c5805d,ACBBA,gilbert_elliot,pGG_0.95_pBB_0.85,19,361,4,0.05,18,90.25,90.25,comm_g19_r4_ge_drop025_acbba_topk005,C:\Users\lottj\Desktop\research\decentralized benchmark\topk_filter_study\results\sensitivity_suite\scenarios\clue_g19_n50.csv,clue_search,02,49,31,37,13,1,2,1,283,51,232,101,182,247,acbba_entry:182;clue:1;collision_intent:51;state:49,679,167,completed
28,dcta_parity_v1,custom,5789862b56c579a63f65129a7c7ce0c99a25e7c55fba998a5a9699fc4a7df60b,03f32103aba060045f2661de3c031f6fbcbc73f46000a9666f166ad349c5805d,ACBBA,gilbert_elliot,pGG_0.95_pBB_0.85,19,361,4,0.05,18,90.25,90.25,comm_g19_r4_ge_drop025_acbba_topk005,C:\Users\lottj\Desktop\research\decentralized benchmark\topk_filter_study\results\sensitivity_suite\scenarios\clue_g19_n50.csv,clue_search,03,46,29,32,15,2,6,3,276,53,223,100,176,242,acbba_entry:176;clue:1;collision_intent:52;state:46;target:1,644,210,completed
29,dcta_parity_v1,custom,5789862b56c579a63f65129a7c7ce0c99a25e7c55fba998a5a9699fc4a7df60b,03f32103aba060045f2661de3c031f6fbcbc73f46000a9666f166ad349c5805d,ACBBA,gilbert_elliot,pGG_0.95_pBB_0.85,19,361,4,0.05,18,90.25,90.25,comm_g19_r4_ge_drop025_acbba_topk005,C:\Users\lottj\Desktop\research\decentralized benchmark\topk_filter_study\results\sensitivity_suite\scenarios\clue_g19_n50.csv,clue_search,00,57,15,51,7,0,0,0,190,57,133,116,74,106,acbba_entry:74;clue:2;collision_intent:57;state:57,467,125,completed
29,dcta_parity_v1,custom,5789862b56c579a63f65129a7c7ce0c99a25e7c55fba998a5a9699fc4a7df60b,03f32103aba060045f2661de3c031f6fbcbc73f46000a9666f166ad349c5805d,ACBBA,gilbert_elliot,pGG_0.95_pBB_0.85,19,361,4,0.05,18,90.25,90.25,comm_g19_r4_ge_drop025_acbba_topk005,C:\Users\lottj\Desktop\research\decentralized benchmark\topk_filter_study\results\sensitivity_suite\scenarios\clue_g19_n50.csv,clue_search,01,57,15,53,5,1,0,0,194,58,136,117,77,110,acbba_entry:77;clue:2;collision_intent:57;state:57;target:1,514,74,completed
29,dcta_parity_v1,custom,5789862b56c579a63f65129a7c7ce0c99a25e7c55fba998a5a9699fc4a7df60b,03f32103aba060045f2661de3c031f6fbcbc73f46000a9666f166ad349c5805d,ACBBA,gilbert_elliot,pGG_0.95_pBB_0.85,19,361,4,0.05,18,90.25,90.25,comm_g19_r4_ge_drop025_acbba_topk005,C:\Users\lottj\Desktop\research\decentralized benchmark\topk_filter_study\results\sensitivity_suite\scenarios\clue_g19_n50.csv,clue_search,02,57,15,51,7,1,0,0,201,57,144,116,85,117,acbba_entry:85;clue:2;collision_intent:57;state:57,457,123,completed
29,dcta_parity_v1,custom,5789862b56c579a63f65129a7c7ce0c99a25e7c55fba998a5a9699fc4a7df60b,03f32103aba060045f2661de3c031f6fbcbc73f46000a9666f166ad349c5805d,ACBBA,gilbert_elliot,pGG_0.95_pBB_0.85,19,361,4,0.05,18,90.25,90.25,comm_g19_r4_ge_drop025_acbba_topk005,C:\Users\lottj\Desktop\research\decentralized benchmark\topk_filter_study\results\sensitivity_suite\scenarios\clue_g19_n50.csv,clue_search,03,57,15,48,10,0,0,0,197,57,140,116,81,113,acbba_entry:81;clue:2;collision_intent:57;state:57,492,92,completed
30,dcta_parity_v1,custom,5789862b56c579a63f65129a7c7ce0c99a25e7c55fba998a5a9699fc4a7df60b,03f32103aba060045f2661de3c031f6fbcbc73f46000a9666f166ad349c5805d,ACBBA,gilbert_elliot,pGG_0.95_pBB_0.85,19,361,4,0.05,18,90.25,90.25,comm_g19_r4_ge_drop025_acbba_topk005,C:\Users\lottj\Desktop\research\decentralized benchmark\topk_filter_study\results\sensitivity_suite\scenarios\clue_g19_n50.csv,clue_search,00,18,0,19,0,0,0,0,36,18,18,36,0,0,collision_intent:18;state:18,91,18,completed
30,dcta_parity_v1,custom,5789862b56c579a63f65129a7c7ce0c99a25e7c55fba998a5a9699fc4a7df60b,03f32103aba060045f2661de3c031f6fbcbc73f46000a9666f166ad349c5805d,ACBBA,gilbert_elliot,pGG_0.95_pBB_0.85,19,361,4,0.05,18,90.25,90.25,comm_g19_r4_ge_drop025_acbba_topk005,C:\Users\lottj\Desktop\research\decentralized benchmark\topk_filter_study\results\sensitivity_suite\scenarios\clue_g19_n50.csv,clue_search,01,18,0,19,0,0,0,0,37,19,18,37,0,0,collision_intent:18;state:18;target:1,100,8,completed
30,dcta_parity_v1,custom,5789862b56c579a63f65129a7c7ce0c99a25e7c55fba998a5a9699fc4a7df60b,03f32103aba060045f2661de3c031f6fbcbc73f46000a9666f166ad349c5805d,ACBBA,gilbert_elliot,pGG_0.95_pBB_0.85,19,361,4,0.05,18,90.25,90.25,comm_g19_r4_ge_drop025_acbba_topk005,C:\Users\lottj\Desktop\research\decentralized benchmark\topk_filter_study\results\sensitivity_suite\scenarios\clue_g19_n50.csv,clue_search,02,18,0,19,0,0,0,0,36,18,18,36,0,0,collision_intent:18;state:18,99,9,completed
30,dcta_parity_v1,custom,5789862b56c579a63f65129a7c7ce0c99a25e7c55fba998a5a9699fc4a7df60b,03f32103aba060045f2661de3c031f6fbcbc73f46000a9666f166ad349c5805d,ACBBA,gilbert_elliot,pGG_0.95_pBB_0.85,19,361,4,0.05,18,90.25,90.25,comm_g19_r4_ge_drop025_acbba_topk005,C:\Users\lottj\Desktop\research\decentralized benchmark\topk_filter_study\results\sensitivity_suite\scenarios\clue_g19_n50.csv,clue_search,03,18,0,19,0,0,0,0,36,18,18,36,0,0,collision_intent:18;state:18,105,4,completed
31,dcta_parity_v1,custom,5789862b56c579a63f65129a7c7ce0c99a25e7c55fba998a5a9699fc4a7df60b,03f32103aba060045f2661de3c031f6fbcbc73f46000a9666f166ad349c5805d,ACBBA,gilbert_elliot,pGG_0.95_pBB_0.85,19,361,4,0.05,18,90.25,90.25,comm_g19_r4_ge_drop025_acbba_topk005,C:\Users\lottj\Desktop\research\decentralized benchmark\topk_filter_study\results\sensitivity_suite\scenarios\clue_g19_n50.csv,clue_search,00,83,79,43,41,0,1,1,495,84,411,168,327,487,acbba_entry:327;clue:1;collision_intent:84;state:83,1173,307,completed
31,dcta_parity_v1,custom,5789862b56c579a63f65129a7c7ce0c99a25e7c55fba998a5a9699fc4a7df60b,03f32103aba060045f2661de3c031f6fbcbc73f46000a9666f166ad349c5805d,ACBBA,gilbert_elliot,pGG_0.95_pBB_0.85,19,361,4,0.05,18,90.25,90.25,comm_g19_r4_ge_drop025_acbba_topk005,C:\Users\lottj\Desktop\research\decentralized benchmark\topk_filter_study\results\sensitivity_suite\scenarios\clue_g19_n50.csv,clue_search,01,79,75,52,28,2,5,3,463,85,378,165,298,455,acbba_entry:298;clue:1;collision_intent:85;state:79,1176,337,completed
31,dcta_parity_v1,custom,5789862b56c579a63f65129a7c7ce0c99a25e7c55fba998a5a9699fc4a7df60b,03f32103aba060045f2661de3c031f6fbcbc73f46000a9666f166ad349c5805d,ACBBA,gilbert_elliot,pGG_0.95_pBB_0.85,19,361,4,0.05,18,90.25,90.25,comm_g19_r4_ge_drop025_acbba_topk005,C:\Users\lottj\Desktop\research\decentralized benchmark\topk_filter_study\results\sensitivity_suite\scenarios\clue_g19_n50.csv,clue_search,02,81,77,53,29,3,5,2,508,87,421,169,339,500,acbba_entry:339;clue:1;collision_intent:86;state:81;target:1,1168,300,completed
31,dcta_parity_v1,custom,5789862b56c579a63f65129a7c7ce0c99a25e7c55fba998a5a9699fc4a7df60b,03f32103aba060045f2661de3c031f6fbcbc73f46000a9666f166ad349c5805d,ACBBA,gilbert_elliot,pGG_0.95_pBB_0.85,19,361,4,0.05,18,90.25,90.25,comm_g19_r4_ge_drop025_acbba_topk005,C:\Users\lottj\Desktop\research\decentralized benchmark\topk_filter_study\results\sensitivity_suite\scenarios\clue_g19_n50.csv,clue_search,03,81,77,35,47,1,2,2,510,83,427,165,345,502,acbba_entry:345;clue:1;collision_intent:83;state:81,1142,322,completed
32,dcta_parity_v1,custom,5789862b56c579a63f65129a7c7ce0c99a25e7c55fba998a5a9699fc4a7df60b,03f32103aba060045f2661de3c031f6fbcbc73f46000a9666f166ad349c5805d,ACBBA,gilbert_elliot,pGG_0.95_pBB_0.85,19,361,4,0.05,18,90.25,90.25,comm_g19_r4_ge_drop025_acbba_topk005,C:\Users\lottj\Desktop\research\decentralized benchmark\topk_filter_study\results\sensitivity_suite\scenarios\clue_g19_n50.csv,clue_search,00,22,0,23,0,0,0,0,44,22,22,44,0,0,collision_intent:22;state:22,129,4,completed
32,dcta_parity_v1,custom,5789862b56c579a63f65129a7c7ce0c99a25e7c55fba998a5a9699fc4a7df60b,03f32103aba060045f2661de3c031f6fbcbc73f46000a9666f166ad349c5805d,ACBBA,gilbert_elliot,pGG_0.95_pBB_0.85,19,361,4,0.05,18,90.25,90.25,comm_g19_r4_ge_drop025_acbba_topk005,C:\Users\lottj\Desktop\research\decentralized benchmark\topk_filter_study\results\sensitivity_suite\scenarios\clue_g19_n50.csv,clue_search,01,22,0,23,0,0,0,0,45,23,22,45,0,0,collision_intent:22;state:22;target:1,106,26,completed
32,dcta_parity_v1,custom,5789862b56c579a63f65129a7c7ce0c99a25e7c55fba998a5a9699fc4a7df60b,03f32103aba060045f2661de3c031f6fbcbc73f46000a9666f166ad349c5805d,ACBBA,gilbert_elliot,pGG_0.95_pBB_0.85,19,361,4,0.05,18,90.25,90.25,comm_g19_r4_ge_drop025_acbba_topk005,C:\Users\lottj\Desktop\research\decentralized benchmark\topk_filter_study\results\sensitivity_suite\scenarios\clue_g19_n50.csv,clue_search,02,22,0,23,0,0,0,0,44,22,22,44,0,0,collision_intent:22;state:22,124,9,completed
32,dcta_parity_v1,custom,5789862b56c579a63f65129a7c7ce0c99a25e7c55fba998a5a9699fc4a7df60b,03f32103aba060045f2661de3c031f6fbcbc73f46000a9666f166ad349c5805d,ACBBA,gilbert_elliot,pGG_0.95_pBB_0.85,19,361,4,0.05,18,90.25,90.25,comm_g19_r4_ge_drop025_acbba_topk005,C:\Users\lottj\Desktop\research\decentralized benchmark\topk_filter_study\results\sensitivity_suite\scenarios\clue_g19_n50.csv,clue_search,03,22,0,23,0,0,0,0,44,22,22,44,0,0,collision_intent:22;state:22,107,26,completed
33,dcta_parity_v1,custom,5789862b56c579a63f65129a7c7ce0c99a25e7c55fba998a5a9699fc4a7df60b,03f32103aba060045f2661de3c031f6fbcbc73f46000a9666f166ad349c5805d,ACBBA,gilbert_elliot,pGG_0.95_pBB_0.85,19,361,4,0.05,18,90.25,90.25,comm_g19_r4_ge_drop025_acbba_topk005,C:\Users\lottj\Desktop\research\decentralized benchmark\topk_filter_study\results\sensitivity_suite\scenarios\clue_g19_n50.csv,clue_search,00,3,0,4,0,0,0,0,6,3,3,6,0,0,collision_intent:3;state:3,13,1,completed
33,dcta_parity_v1,custom,5789862b56c579a63f65129a7c7ce0c99a25e7c55fba998a5a9699fc4a7df60b,03f32103aba060045f2661de3c031f6fbcbc73f46000a9666f166ad349c5805d,ACBBA,gilbert_elliot,pGG_0.95_pBB_0.85,19,361,4,0.05,18,90.25,90.25,comm_g19_r4_ge_drop025_acbba_topk005,C:\Users\lottj\Desktop\research\decentralized benchmark\topk_filter_study\results\sensitivity_suite\scenarios\clue_g19_n50.csv,clue_search,01,2,0,3,0,0,0,0,4,2,2,4,0,0,collision_intent:2;state:2,14,2,completed
33,dcta_parity_v1,custom,5789862b56c579a63f65129a7c7ce0c99a25e7c55fba998a5a9699fc4a7df60b,03f32103aba060045f2661de3c031f6fbcbc73f46000a9666f166ad349c5805d,ACBBA,gilbert_elliot,pGG_0.95_pBB_0.85,19,361,4,0.05,18,90.25,90.25,comm_g19_r4_ge_drop025_acbba_topk005,C:\Users\lottj\Desktop\research\decentralized benchmark\topk_filter_study\results\sensitivity_suite\scenarios\clue_g19_n50.csv,clue_search,02,3,0,4,0,0,0,0,7,4,3,7,0,0,collision_intent:3;state:3;target:1,11,3,completed
33,dcta_parity_v1,custom,5789862b56c579a63f65129a7c7ce0c99a25e7c55fba998a5a9699fc4a7df60b,03f32103aba060045f2661de3c031f6fbcbc73f46000a9666f166ad349c5805d,ACBBA,gilbert_elliot,pGG_0.95_pBB_0.85,19,361,4,0.05,18,90.25,90.25,comm_g19_r4_ge_drop025_acbba_topk005,C:\Users\lottj\Desktop\research\decentralized benchmark\topk_filter_study\results\sensitivity_suite\scenarios\clue_g19_n50.csv,clue_search,03,2,0,3,0,0,0,0,4,2,2,4,0,0,collision_intent:2;state:2,16,0,completed
34,dcta_parity_v1,custom,5789862b56c579a63f65129a7c7ce0c99a25e7c55fba998a5a9699fc4a7df60b,03f32103aba060045f2661de3c031f6fbcbc73f46000a9666f166ad349c5805d,ACBBA,gilbert_elliot,pGG_0.95_pBB_0.85,19,361,4,0.05,18,90.25,90.25,comm_g19_r4_ge_drop025_acbba_topk005,C:\Users\lottj\Desktop\research\decentralized benchmark\topk_filter_study\results\sensitivity_suite\scenarios\clue_g19_n50.csv,clue_search,00,80,55,64,17,0,0,0,430,80,350,163,267,380,acbba_entry:267;clue:3;collision_intent:80;state:80,1079,213,completed
34,dcta_parity_v1,custom,5789862b56c579a63f65129a7c7ce0c99a25e7c55fba998a5a9699fc4a7df60b,03f32103aba060045f2661de3c031f6fbcbc73f46000a9666f166ad349c5805d,ACBBA,gilbert_elliot,pGG_0.95_pBB_0.85,19,361,4,0.05,18,90.25,90.25,comm_g19_r4_ge_drop025_acbba_topk005,C:\Users\lottj\Desktop\research\decentralized benchmark\topk_filter_study\results\sensitivity_suite\scenarios\clue_g19_n50.csv,clue_search,01,80,55,49,32,1,3,3,419,84,335,167,252,369,acbba_entry:252;clue:3;collision_intent:83;state:80;target:1,1023,280,completed
34,dcta_parity_v1,custom,5789862b56c579a63f65129a7c7ce0c99a25e7c55fba998a5a9699fc4a7df60b,03f32103aba060045f2661de3c031f6fbcbc73f46000a9666f166ad349c5805d,ACBBA,gilbert_elliot,pGG_0.95_pBB_0.85,19,361,4,0.05,18,90.25,90.25,comm_g19_r4_ge_drop025_acbba_topk005,C:\Users\lottj\Desktop\research\decentralized benchmark\topk_filter_study\results\sensitivity_suite\scenarios\clue_g19_n50.csv,clue_search,02,81,55,55,27,0,0,0,431,81,350,165,266,379,acbba_entry:266;clue:3;collision_intent:81;state:81,992,299,completed
34,dcta_parity_v1,custom,5789862b56c579a63f65129a7c7ce0c99a25e7c55fba998a5a9699fc4a7df60b,03f32103aba060045f2661de3c031f6fbcbc73f46000a9666f166ad349c5805d,ACBBA,gilbert_elliot,pGG_0.95_pBB_0.85,19,361,4,0.05,18,90.25,90.25,comm_g19_r4_ge_drop025_acbba_topk005,C:\Users\lottj\Desktop\research\decentralized benchmark\topk_filter_study\results\sensitivity_suite\scenarios\clue_g19_n50.csv,clue_search,03,80,55,53,28,0,0,0,442,80,362,163,279,392,acbba_entry:279;clue:3;collision_intent:80;state:80,988,290,completed
35,dcta_parity_v1,custom,5789862b56c579a63f65129a7c7ce0c99a25e7c55fba998a5a9699fc4a7df60b,03f32103aba060045f2661de3c031f6fbcbc73f46000a9666f166ad349c5805d,ACBBA,gilbert_elliot,pGG_0.95_pBB_0.85,19,361,4,0.05,18,90.25,90.25,comm_g19_r4_ge_drop025_acbba_topk005,C:\Users\lottj\Desktop\research\decentralized benchmark\topk_filter_study\results\sensitivity_suite\scenarios\clue_g19_n50.csv,clue_search,00,97,88,61,37,1,1,1,636,98,538,199,437,618,acbba_entry:437;clue:4;collision_intent:98;state:97,1461,503,completed
35,dcta_parity_v1,custom,5789862b56c579a63f65129a7c7ce0c99a25e7c55fba998a5a9699fc4a7df60b,03f32103aba060045f2661de3c031f6fbcbc73f46000a9666f166ad349c5805d,ACBBA,gilbert_elliot,pGG_0.95_pBB_0.85,19,361,4,0.05,18,90.25,90.25,comm_g19_r4_ge_drop025_acbba_topk005,C:\Users\lottj\Desktop\research\decentralized benchmark\topk_filter_study\results\sensitivity_suite\scenarios\clue_g19_n50.csv,clue_search,01,97,88,37,61,5,0,0,653,97,556,198,455,635,acbba_entry:455;clue:4;collision_intent:97;state:97,1566,381,completed
35,dcta_parity_v1,custom,5789862b56c579a63f65129a7c7ce0c99a25e7c55fba998a5a9699fc4a7df60b,03f32103aba060045f2661de3c031f6fbcbc73f46000a9666f166ad349c5805d,ACBBA,gilbert_elliot,pGG_0.95_pBB_0.85,19,361,4,0.05,18,90.25,90.25,comm_g19_r4_ge_drop025_acbba_topk005,C:\Users\lottj\Desktop\research\decentralized benchmark\topk_filter_study\results\sensitivity_suite\scenarios\clue_g19_n50.csv,clue_search,02,95,86,68,28,6,2,1,647,97,550,196,451,629,acbba_entry:451;clue:4;collision_intent:97;state:95,1563,389,completed
35,dcta_parity_v1,custom,5789862b56c579a63f65129a7c7ce0c99a25e7c55fba998a5a9699fc4a7df60b,03f32103aba060045f2661de3c031f6fbcbc73f46000a9666f166ad349c5805d,ACBBA,gilbert_elliot,pGG_0.95_pBB_0.85,19,361,4,0.05,18,90.25,90.25,comm_g19_r4_ge_drop025_acbba_topk005,C:\Users\lottj\Desktop\research\decentralized benchmark\topk_filter_study\results\sensitivity_suite\scenarios\clue_g19_n50.csv,clue_search,03,96,87,64,33,3,4,3,665,101,564,201,464,647,acbba_entry:464;clue:4;collision_intent:100;state:96;target:1,1639,297,completed
36,dcta_parity_v1,custom,5789862b56c579a63f65129a7c7ce0c99a25e7c55fba998a5a9699fc4a7df60b,03f32103aba060045f2661de3c031f6fbcbc73f46000a9666f166ad349c5805d,ACBBA,gilbert_elliot,pGG_0.95_pBB_0.85,19,361,4,0.05,18,90.25,90.25,comm_g19_r4_ge_drop025_acbba_topk005,C:\Users\lottj\Desktop\research\decentralized benchmark\topk_filter_study\results\sensitivity_suite\scenarios\clue_g19_n50.csv,clue_search,00,7,0,8,0,0,0,0,14,7,7,14,0,0,collision_intent:7;state:7,33,8,completed
36,dcta_parity_v1,custom,5789862b56c579a63f65129a7c7ce0c99a25e7c55fba998a5a9699fc4a7df60b,03f32103aba060045f2661de3c031f6fbcbc73f46000a9666f166ad349c5805d,ACBBA,gilbert_elliot,pGG_0.95_pBB_0.85,19,361,4,0.05,18,90.25,90.25,comm_g19_r4_ge_drop025_acbba_topk005,C:\Users\lottj\Desktop\research\decentralized benchmark\topk_filter_study\results\sensitivity_suite\scenarios\clue_g19_n50.csv,clue_search,01,7,0,8,0,0,0,0,14,7,7,14,0,0,collision_intent:7;state:7,35,6,completed
36,dcta_parity_v1,custom,5789862b56c579a63f65129a7c7ce0c99a25e7c55fba998a5a9699fc4a7df60b,03f32103aba060045f2661de3c031f6fbcbc73f46000a9666f166ad349c5805d,ACBBA,gilbert_elliot,pGG_0.95_pBB_0.85,19,361,4,0.05,18,90.25,90.25,comm_g19_r4_ge_drop025_acbba_topk005,C:\Users\lottj\Desktop\research\decentralized benchmark\topk_filter_study\results\sensitivity_suite\scenarios\clue_g19_n50.csv,clue_search,02,7,0,8,0,0,0,0,14,7,7,14,0,0,collision_intent:7;state:7,42,0,completed
36,dcta_parity_v1,custom,5789862b56c579a63f65129a7c7ce0c99a25e7c55fba998a5a9699fc4a7df60b,03f32103aba060045f2661de3c031f6fbcbc73f46000a9666f166ad349c5805d,ACBBA,gilbert_elliot,pGG_0.95_pBB_0.85,19,361,4,0.05,18,90.25,90.25,comm_g19_r4_ge_drop025_acbba_topk005,C:\Users\lottj\Desktop\research\decentralized benchmark\topk_filter_study\results\sensitivity_suite\scenarios\clue_g19_n50.csv,clue_search,03,7,0,8,0,0,0,0,15,8,7,15,0,0,collision_intent:7;state:7;target:1,31,11,completed
37,dcta_parity_v1,custom,5789862b56c579a63f65129a7c7ce0c99a25e7c55fba998a5a9699fc4a7df60b,03f32103aba060045f2661de3c031f6fbcbc73f46000a9666f166ad349c5805d,ACBBA,gilbert_elliot,pGG_0.95_pBB_0.85,19,361,4,0.05,18,90.25,90.25,comm_g19_r4_ge_drop025_acbba_topk005,C:\Users\lottj\Desktop\research\decentralized benchmark\topk_filter_study\results\sensitivity_suite\scenarios\clue_g19_n50.csv,clue_search,00,126,125,63,64,3,9,4,905,136,769,265,640,903,acbba_entry:640;clue:3;collision_intent:135;state:126;target:1,2053,501,completed
37,dcta_parity_v1,custom,5789862b56c579a63f65129a7c7ce0c99a25e7c55fba998a5a9699fc4a7df60b,03f32103aba060045f2661de3c031f6fbcbc73f46000a9666f166ad349c5805d,ACBBA,gilbert_elliot,pGG_0.95_pBB_0.85,19,361,4,0.05,18,90.25,90.25,comm_g19_r4_ge_drop025_acbba_topk005,C:\Users\lottj\Desktop\research\decentralized benchmark\topk_filter_study\results\sensitivity_suite\scenarios\clue_g19_n50.csv,clue_search,01,130,130,49,82,3,1,1,831,131,700,264,567,830,acbba_entry:567;clue:3;collision_intent:131;state:130,1977,651,completed
37,dcta_parity_v1,custom,5789862b56c579a63f65129a7c7ce0c99a25e7c55fba998a5a9699fc4a7df60b,03f32103aba060045f2661de3c031f6fbcbc73f46000a9666f166ad349c5805d,ACBBA,gilbert_elliot,pGG_0.95_pBB_0.85,19,361,4,0.05,18,90.25,90.25,comm_g19_r4_ge_drop025_acbba_topk005,C:\Users\lottj\Desktop\research\decentralized benchmark\topk_filter_study\results\sensitivity_suite\scenarios\clue_g19_n50.csv,clue_search,02,124,123,84,41,5,12,2,878,136,742,263,615,876,acbba_entry:615;clue:3;collision_intent:136;state:124,2018,563,completed
37,dcta_parity_v1,custom,5789862b56c579a63f65129a7c7ce0c99a25e7c55fba998a5a9699fc4a7df60b,03f32103aba060045f2661de3c031f6fbcbc73f46000a9666f166ad349c5805d,ACBBA,gilbert_elliot,pGG_0.95_pBB_0.85,19,361,4,0.05,18,90.25,90.25,comm_g19_r4_ge_drop025_acbba_topk005,C:\Users\lottj\Desktop\research\decentralized benchmark\topk_filter_study\results\sensitivity_suite\scenarios\clue_g19_n50.csv,clue_search,03,129,129,72,58,4,2,2,845,131,714,263,582,844,acbba_entry:582;clue:3;collision_intent:131;state:129,2079,534,completed
38,dcta_parity_v1,custom,5789862b56c579a63f65129a7c7ce0c99a25e7c55fba998a5a9699fc4a7df60b,03f32103aba060045f2661de3c031f6fbcbc73f46000a9666f166ad349c5805d,ACBBA,gilbert_elliot,pGG_0.95_pBB_0.85,19,361,4,0.05,18,90.25,90.25,comm_g19_r4_ge_drop025_acbba_topk005,C:\Users\lottj\Desktop\research\decentralized benchmark\topk_filter_study\results\sensitivity_suite\scenarios\clue_g19_n50.csv,clue_search,00,46,3,47,0,1,0,0,108,46,62,93,15,22,acbba_entry:15;clue:1;collision_intent:46;state:46,323,33,completed
38,dcta_parity_v1,custom,5789862b56c579a63f65129a7c7ce0c99a25e7c55fba998a5a9699fc4a7df60b,03f32103aba060045f2661de3c031f6fbcbc73f46000a9666f166ad349c5805d,ACBBA,gilbert_elliot,pGG_0.95_pBB_0.85,19,361,4,0.05,18,90.25,90.25,comm_g19_r4_ge_drop025_acbba_topk005,C:\Users\lottj\Desktop\research\decentralized benchmark\topk_filter_study\results\sensitivity_suite\scenarios\clue_g19_n50.csv,clue_search,01,46,4,47,0,0,0,0,122,46,76,93,29,38,acbba_entry:29;clue:1;collision_intent:46;state:46,300,43,completed
38,dcta_parity_v1,custom,5789862b56c579a63f65129a7c7ce0c99a25e7c55fba998a5a9699fc4a7df60b,03f32103aba060045f2661de3c031f6fbcbc73f46000a9666f166ad349c5805d,ACBBA,gilbert_elliot,pGG_0.95_pBB_0.85,19,361,4,0.05,18,90.25,90.25,comm_g19_r4_ge_drop025_acbba_topk005,C:\Users\lottj\Desktop\research\decentralized benchmark\topk_filter_study\results\sensitivity_suite\scenarios\clue_g19_n50.csv,clue_search,02,46,3,47,0,0,0,0,113,46,67,93,20,27,acbba_entry:20;clue:1;collision_intent:46;state:46,328,25,completed
38,dcta_parity_v1,custom,5789862b56c579a63f65129a7c7ce0c99a25e7c55fba998a5a9699fc4a7df60b,03f32103aba060045f2661de3c031f6fbcbc73f46000a9666f166ad349c5805d,ACBBA,gilbert_elliot,pGG_0.95_pBB_0.85,19,361,4,0.05,18,90.25,90.25,comm_g19_r4_ge_drop025_acbba_topk005,C:\Users\lottj\Desktop\research\decentralized benchmark\topk_filter_study\results\sensitivity_suite\scenarios\clue_g19_n50.csv,clue_search,03,46,4,47,0,0,0,0,123,47,76,94,29,39,acbba_entry:29;clue:1;collision_intent:46;state:46;target:1,288,55,completed
39,dcta_parity_v1,custom,5789862b56c579a63f65129a7c7ce0c99a25e7c55fba998a5a9699fc4a7df60b,03f32103aba060045f2661de3c031f6fbcbc73f46000a9666f166ad349c5805d,ACBBA,gilbert_elliot,pGG_0.95_pBB_0.85,19,361,4,0.05,18,90.25,90.25,comm_g19_r4_ge_drop025_acbba_topk005,C:\Users\lottj\Desktop\research\decentralized benchmark\topk_filter_study\results\sensitivity_suite\scenarios\clue_g19_n50.csv,clue_search,00,150,131,97,54,2,13,3,961,163,798,317,644,922,acbba_entry:644;clue:4;collision_intent:163;state:150,2219,560,completed
39,dcta_parity_v1,custom,5789862b56c579a63f65129a7c7ce0c99a25e7c55fba998a5a9699fc4a7df60b,03f32103aba060045f2661de3c031f6fbcbc73f46000a9666f166ad349c5805d,ACBBA,gilbert_elliot,pGG_0.95_pBB_0.85,19,361,4,0.05,18,90.25,90.25,comm_g19_r4_ge_drop025_acbba_topk005,C:\Users\lottj\Desktop\research\decentralized benchmark\topk_filter_study\results\sensitivity_suite\scenarios\clue_g19_n50.csv,clue_search,01,155,136,84,72,3,4,4,956,160,796,319,637,918,acbba_entry:637;clue:4;collision_intent:159;state:155;target:1,2125,660,completed
39,dcta_parity_v1,custom,5789862b56c579a63f65129a7c7ce0c99a25e7c55fba998a5a9699fc4a7df60b,03f32103aba060045f2661de3c031f6fbcbc73f46000a9666f166ad349c5805d,ACBBA,gilbert_elliot,pGG_0.95_pBB_0.85,19,361,4,0.05,18,90.25,90.25,comm_g19_r4_ge_drop025_acbba_topk005,C:\Users\lottj\Desktop\research\decentralized benchmark\topk_filter_study\results\sensitivity_suite\scenarios\clue_g19_n50.csv,clue_search,02,156,136,60,97,1,0,0,929,156,773,316,613,889,acbba_entry:613;clue:4;collision_intent:156;state:156,2228,582,completed
39,dcta_parity_v1,custom,5789862b56c579a63f65129a7c7ce0c99a25e7c55fba998a5a9699fc4a7df60b,03f32103aba060045f2661de3c031f6fbcbc73f46000a9666f166ad349c5805d,ACBBA,gilbert_elliot,pGG_0.95_pBB_0.85,19,361,4,0.05,18,90.25,90.25,comm_g19_r4_ge_drop025_acbba_topk005,C:\Users\lottj\Desktop\research\decentralized benchmark\topk_filter_study\results\sensitivity_suite\scenarios\clue_g19_n50.csv,clue_search,03,149,129,87,63,1,14,4,895,164,731,317,578,855,acbba_entry:578;clue:4;collision_intent:164;state:149,2289,557,completed
40,dcta_parity_v1,custom,5789862b56c579a63f65129a7c7ce0c99a25e7c55fba998a5a9699fc4a7df60b,03f32103aba060045f2661de3c031f6fbcbc73f46000a9666f166ad349c5805d,ACBBA,gilbert_elliot,pGG_0.95_pBB_0.85,19,361,4,0.05,18,90.25,90.25,comm_g19_r4_ge_drop025_acbba_topk005,C:\Users\lottj\Desktop\research\decentralized benchmark\topk_filter_study\results\sensitivity_suite\scenarios\clue_g19_n50.csv,clue_search,00,125,123,72,54,4,8,4,891,133,758,262,629,887,acbba_entry:629;clue:4;collision_intent:133;state:125,1980,575,completed
40,dcta_parity_v1,custom,5789862b56c579a63f65129a7c7ce0c99a25e7c55fba998a5a9699fc4a7df60b,03f32103aba060045f2661de3c031f6fbcbc73f46000a9666f166ad349c5805d,ACBBA,gilbert_elliot,pGG_0.95_pBB_0.85,19,361,4,0.05,18,90.25,90.25,comm_g19_r4_ge_drop025_acbba_topk005,C:\Users\lottj\Desktop\research\decentralized benchmark\topk_filter_study\results\sensitivity_suite\scenarios\clue_g19_n50.csv,clue_search,01,128,127,71,58,7,3,3,840,132,708,264,576,837,acbba_entry:576;clue:4;collision_intent:131;state:128;target:1,2031,575,completed
40,dcta_parity_v1,custom,5789862b56c579a63f65129a7c7ce0c99a25e7c55fba998a5a9699fc4a7df60b,03f32103aba060045f2661de3c031f6fbcbc73f46000a9666f166ad349c5805d,ACBBA,gilbert_elliot,pGG_0.95_pBB_0.85,19,361,4,0.05,18,90.25,90.25,comm_g19_r4_ge_drop025_acbba_topk005,C:\Users\lottj\Desktop\research\decentralized benchmark\topk_filter_study\results\sensitivity_suite\scenarios\clue_g19_n50.csv,clue_search,02,129,127,64,66,6,3,2,897,132,765,265,632,893,acbba_entry:632;clue:4;collision_intent:132;state:129,2069,479,completed
40,dcta_parity_v1,custom,5789862b56c579a63f65129a7c7ce0c99a25e7c55fba998a5a9699fc4a7df60b,03f32103aba060045f2661de3c031f6fbcbc73f46000a9666f166ad349c5805d,ACBBA,gilbert_elliot,pGG_0.95_pBB_0.85,19,361,4,0.05,18,90.25,90.25,comm_g19_r4_ge_drop025_acbba_topk005,C:\Users\lottj\Desktop\research\decentralized benchmark\topk_filter_study\results\sensitivity_suite\scenarios\clue_g19_n50.csv,clue_search,03,129,127,98,32,5,0,0,818,129,689,262,556,814,acbba_entry:556;clue:4;collision_intent:129;state:129,2073,555,completed
41,dcta_parity_v1,custom,5789862b56c579a63f65129a7c7ce0c99a25e7c55fba998a5a9699fc4a7df60b,03f32103aba060045f2661de3c031f6fbcbc73f46000a9666f166ad349c5805d,ACBBA,gilbert_elliot,pGG_0.95_pBB_0.85,19,361,4,0.05,18,90.25,90.25,comm_g19_r4_ge_drop025_acbba_topk005,C:\Users\lottj\Desktop\research\decentralized benchmark\topk_filter_study\results\sensitivity_suite\scenarios\clue_g19_n50.csv,clue_search,00,127,120,58,70,1,2,2,782,129,653,260,522,768,acbba_entry:522;clue:4;collision_intent:129;state:127,1892,411,completed
41,dcta_parity_v1,custom,5789862b56c579a63f65129a7c7ce0c99a25e7c55fba998a5a9699fc4a7df60b,03f32103aba060045f2661de3c031f6fbcbc73f46000a9666f166ad349c5805d,ACBBA,gilbert_elliot,pGG_0.95_pBB_0.85,19,361,4,0.05,18,90.25,90.25,comm_g19_r4_ge_drop025_acbba_topk005,C:\Users\lottj\Desktop\research\decentralized benchmark\topk_filter_study\results\sensitivity_suite\scenarios\clue_g19_n50.csv,clue_search,01,127,120,113,15,5,0,0,747,128,619,259,488,733,acbba_entry:488;clue:4;collision_intent:127;state:127;target:1,1948,390,completed
41,dcta_parity_v1,custom,5789862b56c579a63f65129a7c7ce0c99a25e7c55fba998a5a9699fc4a7df60b,03f32103aba060045f2661de3c031f6fbcbc73f46000a9666f166ad349c5805d,ACBBA,gilbert_elliot,pGG_0.95_pBB_0.85,19,361,4,0.05,18,90.25,90.25,comm_g19_r4_ge_drop025_acbba_topk005,C:\Users\lottj\Desktop\research\decentralized benchmark\topk_filter_study\results\sensitivity_suite\scenarios\clue_g19_n50.csv,clue_search,02,107,100,44,64,1,35,3,755,142,613,253,502,741,acbba_entry:502;clue:4;collision_intent:142;state:107,1705,625,completed
41,dcta_parity_v1,custom,5789862b56c579a63f65129a7c7ce0c99a25e7c55fba998a5a9699fc4a7df60b,03f32103aba060045f2661de3c031f6fbcbc73f46000a9666f166ad349c5805d,ACBBA,gilbert_elliot,pGG_0.95_pBB_0.85,19,361,4,0.05,18,90.25,90.25,comm_g19_r4_ge_drop025_acbba_topk005,C:\Users\lottj\Desktop\research\decentralized benchmark\topk_filter_study\results\sensitivity_suite\scenarios\clue_g19_n50.csv,clue_search,03,108,102,37,72,7,32,5,801,141,660,253,548,789,acbba_entry:548;clue:4;collision_intent:141;state:108,1763,521,completed
42,dcta_parity_v1,custom,5789862b56c579a63f65129a7c7ce0c99a25e7c55fba998a5a9699fc4a7df60b,03f32103aba060045f2661de3c031f6fbcbc73f46000a9666f166ad349c5805d,ACBBA,gilbert_elliot,pGG_0.95_pBB_0.85,19,361,4,0.05,18,90.25,90.25,comm_g19_r4_ge_drop025_acbba_topk005,C:\Users\lottj\Desktop\research\decentralized benchmark\topk_filter_study\results\sensitivity_suite\scenarios\clue_g19_n50.csv,clue_search,00,62,53,50,13,0,1,1,422,64,358,129,293,404,acbba_entry:293;clue:3;collision_intent:63;state:62;target:1,1021,263,completed
42,dcta_parity_v1,custom,5789862b56c579a63f65129a7c7ce0c99a25e7c55fba998a5a9699fc4a7df60b,03f32103aba060045f2661de3c031f6fbcbc73f46000a9666f166ad349c5805d,ACBBA,gilbert_elliot,pGG_0.95_pBB_0.85,19,361,4,0.05,18,90.25,90.25,comm_g19_r4_ge_drop025_acbba_topk005,C:\Users\lottj\Desktop\research\decentralized benchmark\topk_filter_study\results\sensitivity_suite\scenarios\clue_g19_n50.csv,clue_search,01,63,55,33,31,2,1,1,441,64,377,130,311,425,acbba_entry:311;clue:3;collision_intent:64;state:63,985,279,completed
42,dcta_parity_v1,custom,5789862b56c579a63f65129a7c7ce0c99a25e7c55fba998a5a9699fc4a7df60b,03f32103aba060045f2661de3c031f6fbcbc73f46000a9666f166ad349c5805d,ACBBA,gilbert_elliot,pGG_0.95_pBB_0.85,19,361,4,0.05,18,90.25,90.25,comm_g19_r4_ge_drop025_acbba_topk005,C:\Users\lottj\Desktop\research\decentralized benchmark\topk_filter_study\results\sensitivity_suite\scenarios\clue_g19_n50.csv,clue_search,02,62,53,52,11,1,4,2,427,66,361,131,296,409,acbba_entry:296;clue:3;collision_intent:66;state:62,1024,253,completed
42,dcta_parity_v1,custom,5789862b56c579a63f65129a7c7ce0c99a25e7c55fba998a5a9699fc4a7df60b,03f32103aba060045f2661de3c031f6fbcbc73f46000a9666f166ad349c5805d,ACBBA,gilbert_elliot,pGG_0.95_pBB_0.85,19,361,4,0.05,18,90.25,90.25,comm_g19_r4_ge_drop025_acbba_topk005,C:\Users\lottj\Desktop\research\decentralized benchmark\topk_filter_study\results\sensitivity_suite\scenarios\clue_g19_n50.csv,clue_search,03,63,55,35,29,2,1,1,416,64,352,130,286,400,acbba_entry:286;clue:3;collision_intent:64;state:63,1003,285,completed
43,dcta_parity_v1,custom,5789862b56c579a63f65129a7c7ce0c99a25e7c55fba998a5a9699fc4a7df60b,03f32103aba060045f2661de3c031f6fbcbc73f46000a9666f166ad349c5805d,ACBBA,gilbert_elliot,pGG_0.95_pBB_0.85,19,361,4,0.05,18,90.25,90.25,comm_g19_r4_ge_drop025_acbba_topk005,C:\Users\lottj\Desktop\research\decentralized benchmark\topk_filter_study\results\sensitivity_suite\scenarios\clue_g19_n50.csv,clue_search,00,36,29,25,12,0,0,0,201,37,164,75,126,187,acbba_entry:126;clue:2;collision_intent:37;state:36,455,126,completed
43,dcta_parity_v1,custom,5789862b56c579a63f65129a7c7ce0c99a25e7c55fba998a5a9699fc4a7df60b,03f32103aba060045f2661de3c031f6fbcbc73f46000a9666f166ad349c5805d,ACBBA,gilbert_elliot,pGG_0.95_pBB_0.85,19,361,4,0.05,18,90.25,90.25,comm_g19_r4_ge_drop025_acbba_topk005,C:\Users\lottj\Desktop\research\decentralized benchmark\topk_filter_study\results\sensitivity_suite\scenarios\clue_g19_n50.csv,clue_search,01,35,28,21,15,0,0,0,196,36,160,73,123,182,acbba_entry:123;clue:2;collision_intent:36;state:35,406,180,completed
43,dcta_parity_v1,custom,5789862b56c579a63f65129a7c7ce0c99a25e7c55fba998a5a9699fc4a7df60b,03f32103aba060045f2661de3c031f6fbcbc73f46000a9666f166ad349c5805d,ACBBA,gilbert_elliot,pGG_0.95_pBB_0.85,19,361,4,0.05,18,90.25,90.25,comm_g19_r4_ge_drop025_acbba_topk005,C:\Users\lottj\Desktop\research\decentralized benchmark\topk_filter_study\results\sensitivity_suite\scenarios\clue_g19_n50.csv,clue_search,02,36,29,34,3,1,1,1,188,38,150,76,112,174,acbba_entry:112;clue:2;collision_intent:37;state:36;target:1,470,124,completed
43,dcta_parity_v1,custom,5789862b56c579a63f65129a7c7ce0c99a25e7c55fba998a5a9699fc4a7df60b,03f32103aba060045f2661de3c031f6fbcbc73f46000a9666f166ad349c5805d,ACBBA,gilbert_elliot,pGG_0.95_pBB_0.85,19,361,4,0.05,18,90.25,90.25,comm_g19_r4_ge_drop025_acbba_topk005,C:\Users\lottj\Desktop\research\decentralized benchmark\topk_filter_study\results\sensitivity_suite\scenarios\clue_g19_n50.csv,clue_search,03,32,25,19,14,1,5,2,197,38,159,72,125,183,acbba_entry:125;clue:2;collision_intent:38;state:32,453,131,completed
44,dcta_parity_v1,custom,5789862b56c579a63f65129a7c7ce0c99a25e7c55fba998a5a9699fc4a7df60b,03f32103aba060045f2661de3c031f6fbcbc73f46000a9666f166ad349c5805d,ACBBA,gilbert_elliot,pGG_0.95_pBB_0.85,19,361,4,0.05,18,90.25,90.25,comm_g19_r4_ge_drop025_acbba_topk005,C:\Users\lottj\Desktop\research\decentralized benchmark\topk_filter_study\results\sensitivity_suite\scenarios\clue_g19_n50.csv,clue_search,00,143,140,73,71,8,10,8,851,154,697,301,550,845,acbba_entry:550;clue:4;collision_intent:154;state:143,2168,485,completed
44,dcta_parity_v1,custom,5789862b56c579a63f65129a7c7ce0c99a25e7c55fba998a5a9699fc4a7df60b,03f32103aba060045f2661de3c031f6fbcbc73f46000a9666f166ad349c5805d,ACBBA,gilbert_elliot,pGG_0.95_pBB_0.85,19,361,4,0.05,18,90.25,90.25,comm_g19_r4_ge_drop025_acbba_topk005,C:\Users\lottj\Desktop\research\decentralized benchmark\topk_filter_study\results\sensitivity_suite\scenarios\clue_g19_n50.csv,clue_search,01,143,141,80,64,6,4,4,860,147,713,294,566,856,acbba_entry:566;clue:4;collision_intent:147;state:143,2107,536,completed
44,dcta_parity_v1,custom,5789862b56c579a63f65129a7c7ce0c99a25e7c55fba998a5a9699fc4a7df60b,03f32103aba060045f2661de3c031f6fbcbc73f46000a9666f166ad349c5805d,ACBBA,gilbert_elliot,pGG_0.95_pBB_0.85,19,361,4,0.05,18,90.25,90.25,comm_g19_r4_ge_drop025_acbba_topk005,C:\Users\lottj\Desktop\research\decentralized benchmark\topk_filter_study\results\sensitivity_suite\scenarios\clue_g19_n50.csv,clue_search,02,140,137,64,77,7,9,7,874,151,723,295,579,868,acbba_entry:579;clue:4;collision_intent:151;state:140,2107,522,completed
44,dcta_parity_v1,custom,5789862b56c579a63f65129a7c7ce0c99a25e7c55fba998a5a9699fc4a7df60b,03f32103aba060045f2661de3c031f6fbcbc73f46000a9666f166ad349c5805d,ACBBA,gilbert_elliot,pGG_0.95_pBB_0.85,19,361,4,0.05,18,90.25,90.25,comm_g19_r4_ge_drop025_acbba_topk005,C:\Users\lottj\Desktop\research\decentralized benchmark\topk_filter_study\results\sensitivity_suite\scenarios\clue_g19_n50.csv,clue_search,03,137,135,91,47,4,17,6,919,155,764,296,623,915,acbba_entry:623;clue:4;collision_intent:154;state:137;target:1,2123,462,completed
45,dcta_parity_v1,custom,5789862b56c579a63f65129a7c7ce0c99a25e7c55fba998a5a9699fc4a7df60b,03f32103aba060045f2661de3c031f6fbcbc73f46000a9666f166ad349c5805d,ACBBA,gilbert_elliot,pGG_0.95_pBB_0.85,19,361,4,0.05,18,90.25,90.25,comm_g19_r4_ge_drop025_acbba_topk005,C:\Users\lottj\Desktop\research\decentralized benchmark\topk_filter_study\results\sensitivity_suite\scenarios\clue_g19_n50.csv,clue_search,00,41,1,42,0,0,0,0,89,41,48,83,6,9,acbba_entry:6;clue:1;collision_intent:41;state:41,259,22,completed
45,dcta_parity_v1,custom,5789862b56c579a63f65129a7c7ce0c99a25e7c55fba998a5a9699fc4a7df60b,03f32103aba060045f2661de3c031f6fbcbc73f46000a9666f166ad349c5805d,ACBBA,gilbert_elliot,pGG_0.95_pBB_0.85,19,361,4,0.05,18,90.25,90.25,comm_g19_r4_ge_drop025_acbba_topk005,C:\Users\lottj\Desktop\research\decentralized benchmark\topk_filter_study\results\sensitivity_suite\scenarios\clue_g19_n50.csv,clue_search,01,41,2,42,0,0,0,0,92,41,51,83,9,14,acbba_entry:9;clue:1;collision_intent:41;state:41,225,52,completed
45,dcta_parity_v1,custom,5789862b56c579a63f65129a7c7ce0c99a25e7c55fba998a5a9699fc4a7df60b,03f32103aba060045f2661de3c031f6fbcbc73f46000a9666f166ad349c5805d,ACBBA,gilbert_elliot,pGG_0.95_pBB_0.85,19,361,4,0.05,18,90.25,90.25,comm_g19_r4_ge_drop025_acbba_topk005,C:\Users\lottj\Desktop\research\decentralized benchmark\topk_filter_study\results\sensitivity_suite\scenarios\clue_g19_n50.csv,clue_search,02,42,2,43,0,0,0,0,95,43,52,86,9,15,acbba_entry:9;clue:1;collision_intent:42;state:42;target:1,226,49,completed
45,dcta_parity_v1,custom,5789862b56c579a63f65129a7c7ce0c99a25e7c55fba998a5a9699fc4a7df60b,03f32103aba060045f2661de3c031f6fbcbc73f46000a9666f166ad349c5805d,ACBBA,gilbert_elliot,pGG_0.95_pBB_0.85,19,361,4,0.05,18,90.25,90.25,comm_g19_r4_ge_drop025_acbba_topk005,C:\Users\lottj\Desktop\research\decentralized benchmark\topk_filter_study\results\sensitivity_suite\scenarios\clue_g19_n50.csv,clue_search,03,41,2,40,2,0,0,0,94,41,53,83,11,16,acbba_entry:11;clue:1;collision_intent:41;state:41,259,17,completed
46,dcta_parity_v1,custom,5789862b56c579a63f65129a7c7ce0c99a25e7c55fba998a5a9699fc4a7df60b,03f32103aba060045f2661de3c031f6fbcbc73f46000a9666f166ad349c5805d,ACBBA,gilbert_elliot,pGG_0.95_pBB_0.85,19,361,4,0.05,18,90.25,90.25,comm_g19_r4_ge_drop025_acbba_topk005,C:\Users\lottj\Desktop\research\decentralized benchmark\topk_filter_study\results\sensitivity_suite\scenarios\clue_g19_n50.csv,clue_search,00,68,59,38,31,1,12,12,375,80,295,150,225,357,acbba_entry:225;clue:2;collision_intent:80;state:68,1011,205,completed
46,dcta_parity_v1,custom,5789862b56c579a63f65129a7c7ce0c99a25e7c55fba998a5a9699fc4a7df60b,03f32103aba060045f2661de3c031f6fbcbc73f46000a9666f166ad349c5805d,ACBBA,gilbert_elliot,pGG_0.95_pBB_0.85,19,361,4,0.05,18,90.25,90.25,comm_g19_r4_ge_drop025_acbba_topk005,C:\Users\lottj\Desktop\research\decentralized benchmark\topk_filter_study\results\sensitivity_suite\scenarios\clue_g19_n50.csv,clue_search,01,71,62,31,41,4,1,1,432,73,359,146,286,414,acbba_entry:286;clue:2;collision_intent:72;state:71;target:1,868,291,completed
46,dcta_parity_v1,custom,5789862b56c579a63f65129a7c7ce0c99a25e7c55fba998a5a9699fc4a7df60b,03f32103aba060045f2661de3c031f6fbcbc73f46000a9666f166ad349c5805d,ACBBA,gilbert_elliot,pGG_0.95_pBB_0.85,19,361,4,0.05,18,90.25,90.25,comm_g19_r4_ge_drop025_acbba_topk005,C:\Users\lottj\Desktop\research\decentralized benchmark\topk_filter_study\results\sensitivity_suite\scenarios\clue_g19_n50.csv,clue_search,02,66,57,47,20,4,3,3,382,69,313,137,245,364,acbba_entry:245;clue:2;collision_intent:69;state:66,923,285,completed
46,dcta_parity_v1,custom,5789862b56c579a63f65129a7c7ce0c99a25e7c55fba998a5a9699fc4a7df60b,03f32103aba060045f2661de3c031f6fbcbc73f46000a9666f166ad349c5805d,ACBBA,gilbert_elliot,pGG_0.95_pBB_0.85,19,361,4,0.05,18,90.25,90.25,comm_g19_r4_ge_drop025_acbba_topk005,C:\Users\lottj\Desktop\research\decentralized benchmark\topk_filter_study\results\sensitivity_suite\scenarios\clue_g19_n50.csv,clue_search,03,65,56,45,21,1,7,2,402,73,329,140,262,384,acbba_entry:262;clue:2;collision_intent:73;state:65,891,297,completed
47,dcta_parity_v1,custom,5789862b56c579a63f65129a7c7ce0c99a25e7c55fba998a5a9699fc4a7df60b,03f32103aba060045f2661de3c031f6fbcbc73f46000a9666f166ad349c5805d,ACBBA,gilbert_elliot,pGG_0.95_pBB_0.85,19,361,4,0.05,18,90.25,90.25,comm_g19_r4_ge_drop025_acbba_topk005,C:\Users\lottj\Desktop\research\decentralized benchmark\topk_filter_study\results\sensitivity_suite\scenarios\clue_g19_n50.csv,clue_search,00,40,35,22,19,1,5,3,276,47,229,89,187,266,acbba_entry:187;clue:2;collision_intent:46;state:40;target:1,687,182,completed
47,dcta_parity_v1,custom,5789862b56c579a63f65129a7c7ce0c99a25e7c55fba998a5a9699fc4a7df60b,03f32103aba060045f2661de3c031f6fbcbc73f46000a9666f166ad349c5805d,ACBBA,gilbert_elliot,pGG_0.95_pBB_0.85,19,361,4,0.05,18,90.25,90.25,comm_g19_r4_ge_drop025_acbba_topk005,C:\Users\lottj\Desktop\research\decentralized benchmark\topk_filter_study\results\sensitivity_suite\scenarios\clue_g19_n50.csv,clue_search,01,44,40,45,0,2,0,0,286,44,242,90,196,278,acbba_entry:196;clue:2;collision_intent:44;state:44,728,129,completed
47,dcta_parity_v1,custom,5789862b56c579a63f65129a7c7ce0c99a25e7c55fba998a5a9699fc4a7df60b,03f32103aba060045f2661de3c031f6fbcbc73f46000a9666f166ad349c5805d,ACBBA,gilbert_elliot,pGG_0.95_pBB_0.85,19,361,4,0.05,18,90.25,90.25,comm_g19_r4_ge_drop025_acbba_topk005,C:\Users\lottj\Desktop\research\decentralized benchmark\topk_filter_study\results\sensitivity_suite\scenarios\clue_g19_n50.csv,clue_search,02,44,39,36,9,2,0,0,285,44,241,90,195,275,acbba_entry:195;clue:2;collision_intent:44;state:44,723,137,completed
47,dcta_parity_v1,custom,5789862b56c579a63f65129a7c7ce0c99a25e7c55fba998a5a9699fc4a7df60b,03f32103aba060045f2661de3c031f6fbcbc73f46000a9666f166ad349c5805d,ACBBA,gilbert_elliot,pGG_0.95_pBB_0.85,19,361,4,0.05,18,90.25,90.25,comm_g19_r4_ge_drop025_acbba_topk005,C:\Users\lottj\Desktop\research\decentralized benchmark\topk_filter_study\results\sensitivity_suite\scenarios\clue_g19_n50.csv,clue_search,03,45,41,19,27,1,0,0,298,45,253,92,206,290,acbba_entry:206;clue:2;collision_intent:45;state:45,623,224,completed
48,dcta_parity_v1,custom,5789862b56c579a63f65129a7c7ce0c99a25e7c55fba998a5a9699fc4a7df60b,03f32103aba060045f2661de3c031f6fbcbc73f46000a9666f166ad349c5805d,ACBBA,gilbert_elliot,pGG_0.95_pBB_0.85,19,361,4,0.05,18,90.25,90.25,comm_g19_r4_ge_drop025_acbba_topk005,C:\Users\lottj\Desktop\research\decentralized benchmark\topk_filter_study\results\sensitivity_suite\scenarios\clue_g19_n50.csv,clue_search,00,54,51,23,32,0,0,0,393,54,339,109,284,387,acbba_entry:284;clue:1;collision_intent:54;state:54,814,354,completed
48,dcta_parity_v1,custom,5789862b56c579a63f65129a7c7ce0c99a25e7c55fba998a5a9699fc4a7df60b,03f32103aba060045f2661de3c031f6fbcbc73f46000a9666f166ad349c5805d,ACBBA,gilbert_elliot,pGG_0.95_pBB_0.85,19,361,4,0.05,18,90.25,90.25,comm_g19_r4_ge_drop025_acbba_topk005,C:\Users\lottj\Desktop\research\decentralized benchmark\topk_filter_study\results\sensitivity_suite\scenarios\clue_g19_n50.csv,clue_search,01,53,51,49,5,3,4,1,374,58,316,112,262,370,acbba_entry:262;clue:1;collision_intent:57;state:53;target:1,922,265,completed
48,dcta_parity_v1,custom,5789862b56c579a63f65129a7c7ce0c99a25e7c55fba998a5a9699fc4a7df60b,03f32103aba060045f2661de3c031f6fbcbc73f46000a9666f166ad349c5805d,ACBBA,gilbert_elliot,pGG_0.95_pBB_0.85,19,361,4,0.05,18,90.25,90.25,comm_g19_r4_ge_drop025_acbba_topk005,C:\Users\lottj\Desktop\research\decentralized benchmark\topk_filter_study\results\sensitivity_suite\scenarios\clue_g19_n50.csv,clue_search,02,55,53,23,33,3,0,0,384,55,329,111,273,380,acbba_entry:273;clue:1;collision_intent:55;state:55,950,227,completed
48,dcta_parity_v1,custom,5789862b56c579a63f65129a7c7ce0c99a25e7c55fba998a5a9699fc4a7df60b,03f32103aba060045f2661de3c031f6fbcbc73f46000a9666f166ad349c5805d,ACBBA,gilbert_elliot,pGG_0.95_pBB_0.85,19,361,4,0.05,18,90.25,90.25,comm_g19_r4_ge_drop025_acbba_topk005,C:\Users\lottj\Desktop\research\decentralized benchmark\topk_filter_study\results\sensitivity_suite\scenarios\clue_g19_n50.csv,clue_search,03,55,53,40,16,3,6,4,410,61,349,117,293,406,acbba_entry:293;clue:1;collision_intent:61;state:55,922,229,completed
49,dcta_parity_v1,custom,5789862b56c579a63f65129a7c7ce0c99a25e7c55fba998a5a9699fc4a7df60b,03f32103aba060045f2661de3c031f6fbcbc73f46000a9666f166ad349c5805d,ACBBA,gilbert_elliot,pGG_0.95_pBB_0.85,19,361,4,0.05,18,90.25,90.25,comm_g19_r4_ge_drop025_acbba_topk005,C:\Users\lottj\Desktop\research\decentralized benchmark\topk_filter_study\results\sensitivity_suite\scenarios\clue_g19_n50.csv,clue_search,00,37,11,35,3,1,0,0,141,37,104,77,64,89,acbba_entry:64;clue:3;collision_intent:37;state:37,351,79,completed
49,dcta_parity_v1,custom,5789862b56c579a63f65129a7c7ce0c99a25e7c55fba998a5a9699fc4a7df60b,03f32103aba060045f2661de3c031f6fbcbc73f46000a9666f166ad349c5805d,ACBBA,gilbert_elliot,pGG_0.95_pBB_0.85,19,361,4,0.05,18,90.25,90.25,comm_g19_r4_ge_drop025_acbba_topk005,C:\Users\lottj\Desktop\research\decentralized benchmark\topk_filter_study\results\sensitivity_suite\scenarios\clue_g19_n50.csv,clue_search,01,35,9,33,3,2,3,1,147,39,108,77,70,95,acbba_entry:70;clue:3;collision_intent:39;state:35,324,100,completed
49,dcta_parity_v1,custom,5789862b56c579a63f65129a7c7ce0c99a25e7c55fba998a5a9699fc4a7df60b,03f32103aba060045f2661de3c031f6fbcbc73f46000a9666f166ad349c5805d,ACBBA,gilbert_elliot,pGG_0.95_pBB_0.85,19,361,4,0.05,18,90.25,90.25,comm_g19_r4_ge_drop025_acbba_topk005,C:\Users\lottj\Desktop\research\decentralized benchmark\topk_filter_study\results\sensitivity_suite\scenarios\clue_g19_n50.csv,clue_search,02,36,10,37,0,0,0,0,134,37,97,76,58,82,acbba_entry:58;clue:3;collision_intent:36;state:36;target:1,353,82,completed
49,dcta_parity_v1,custom,5789862b56c579a63f65129a7c7ce0c99a25e7c55fba998a5a9699fc4a7df60b,03f32103aba060045f2661de3c031f6fbcbc73f46000a9666f166ad349c5805d,ACBBA,gilbert_elliot,pGG_0.95_pBB_0.85,19,361,4,0.05,18,90.25,90.25,comm_g19_r4_ge_drop025_acbba_topk005,C:\Users\lottj\Desktop\research\decentralized benchmark\topk_filter_study\results\sensitivity_suite\scenarios\clue_g19_n50.csv,clue_search,03,37,11,32,6,0,0,0,149,37,112,77,72,97,acbba_entry:72;clue:3;collision_intent:37;state:37,316,104,completed
