trial_id,logic_revision,study_profile,scenario_file_sha256,scenario_selection_sha256,algorithm,comm_model,comm_level,grid_size,grid_cells,robot_count,top_k_rate,top_k_max_cells,target_cells_per_robot,actual_cells_per_robot,condition_id,scenario_file,trial_mode,robot_id,steps_total,steps_after_first_clue,unique_cells_contributed,system_revisits_by_robot,task_cell_replans,path_replans,collision_prevention_events,messages_sent,protected_messages_sent,unprotected_messages_sent,core_messages_sent,allocation_messages_sent,post_clue_messages_sent,messages_sent_by_topic,messages_delivered_to_robot,messages_dropped_to_robot,trial_status
0,dcta_parity_v1,topk_filter,aa0724188407797eae5187348bee11ee9f51317c4e8a201863b052786aa2f1df,823213c90703fd83224ad7122ee730ba64af3769ea517af252103bddd907f681,ACBBA,ideal,1.0,19,361,4,0.05,18,,,acbba_topk_5,/home/agxorin/topk_filter_study/simulator/scenarios/final_trial_500.csv,clue_search,00,89,66,81,9,1,0,0,751,90,661,182,569,705,acbba_entry:569;clue:3;collision_intent:89;state:89;target:1,2234,0,completed
0,dcta_parity_v1,topk_filter,aa0724188407797eae5187348bee11ee9f51317c4e8a201863b052786aa2f1df,823213c90703fd83224ad7122ee730ba64af3769ea517af252103bddd907f681,ACBBA,ideal,1.0,19,361,4,0.05,18,,,acbba_topk_5,/home/agxorin/topk_filter_study/simulator/scenarios/final_trial_500.csv,clue_search,01,90,68,80,11,4,1,1,760,91,669,184,576,716,acbba_entry:576;clue:3;collision_intent:91;state:90,2225,0,completed
0,dcta_parity_v1,topk_filter,aa0724188407797eae5187348bee11ee9f51317c4e8a201863b052786aa2f1df,823213c90703fd83224ad7122ee730ba64af3769ea517af252103bddd907f681,ACBBA,ideal,1.0,19,361,4,0.05,18,,,acbba_topk_5,/home/agxorin/topk_filter_study/simulator/scenarios/final_trial_500.csv,clue_search,02,90,67,76,15,8,0,0,735,90,645,183,552,689,acbba_entry:552;clue:3;collision_intent:90;state:90,2249,0,completed
0,dcta_parity_v1,topk_filter,aa0724188407797eae5187348bee11ee9f51317c4e8a201863b052786aa2f1df,823213c90703fd83224ad7122ee730ba64af3769ea517af252103bddd907f681,ACBBA,ideal,1.0,19,361,4,0.05,18,,,acbba_topk_5,/home/agxorin/topk_filter_study/simulator/scenarios/final_trial_500.csv,clue_search,03,91,69,82,10,4,0,0,739,91,648,185,554,695,acbba_entry:554;clue:3;collision_intent:91;state:91,2244,0,completed
1,dcta_parity_v1,topk_filter,aa0724188407797eae5187348bee11ee9f51317c4e8a201863b052786aa2f1df,823213c90703fd83224ad7122ee730ba64af3769ea517af252103bddd907f681,ACBBA,ideal,1.0,19,361,4,0.05,18,,,acbba_topk_5,/home/agxorin/topk_filter_study/simulator/scenarios/final_trial_500.csv,clue_search,00,27,13,28,0,1,1,1,154,28,126,56,98,126,acbba_entry:98;clue:1;collision_intent:28;state:27,432,0,completed
1,dcta_parity_v1,topk_filter,aa0724188407797eae5187348bee11ee9f51317c4e8a201863b052786aa2f1df,823213c90703fd83224ad7122ee730ba64af3769ea517af252103bddd907f681,ACBBA,ideal,1.0,19,361,4,0.05,18,,,acbba_topk_5,/home/agxorin/topk_filter_study/simulator/scenarios/final_trial_500.csv,clue_search,01,27,14,28,0,1,0,0,147,28,119,56,91,121,acbba_entry:91;clue:1;collision_intent:28;state:27,440,0,completed
1,dcta_parity_v1,topk_filter,aa0724188407797eae5187348bee11ee9f51317c4e8a201863b052786aa2f1df,823213c90703fd83224ad7122ee730ba64af3769ea517af252103bddd907f681,ACBBA,ideal,1.0,19,361,4,0.05,18,,,acbba_topk_5,/home/agxorin/topk_filter_study/simulator/scenarios/final_trial_500.csv,clue_search,02,28,15,28,1,3,0,0,141,29,112,58,83,115,acbba_entry:83;clue:1;collision_intent:28;state:28;target:1,446,0,completed
1,dcta_parity_v1,topk_filter,aa0724188407797eae5187348bee11ee9f51317c4e8a201863b052786aa2f1df,823213c90703fd83224ad7122ee730ba64af3769ea517af252103bddd907f681,ACBBA,ideal,1.0,19,361,4,0.05,18,,,acbba_topk_5,/home/agxorin/topk_filter_study/simulator/scenarios/final_trial_500.csv,clue_search,03,28,15,27,2,3,0,0,145,28,117,57,88,119,acbba_entry:88;clue:1;collision_intent:28;state:28,441,0,completed
2,dcta_parity_v1,topk_filter,aa0724188407797eae5187348bee11ee9f51317c4e8a201863b052786aa2f1df,823213c90703fd83224ad7122ee730ba64af3769ea517af252103bddd907f681,ACBBA,ideal,1.0,19,361,4,0.05,18,,,acbba_topk_5,/home/agxorin/topk_filter_study/simulator/scenarios/final_trial_500.csv,clue_search,00,55,30,48,8,1,0,0,318,55,263,112,206,268,acbba_entry:206;clue:2;collision_intent:55;state:55,987,0,completed
2,dcta_parity_v1,topk_filter,aa0724188407797eae5187348bee11ee9f51317c4e8a201863b052786aa2f1df,823213c90703fd83224ad7122ee730ba64af3769ea517af252103bddd907f681,ACBBA,ideal,1.0,19,361,4,0.05,18,,,acbba_topk_5,/home/agxorin/topk_filter_study/simulator/scenarios/final_trial_500.csv,clue_search,01,55,31,41,15,6,1,1,324,56,268,113,211,276,acbba_entry:211;clue:2;collision_intent:56;state:55,981,0,completed
2,dcta_parity_v1,topk_filter,aa0724188407797eae5187348bee11ee9f51317c4e8a201863b052786aa2f1df,823213c90703fd83224ad7122ee730ba64af3769ea517af252103bddd907f681,ACBBA,ideal,1.0,19,361,4,0.05,18,,,acbba_topk_5,/home/agxorin/topk_filter_study/simulator/scenarios/final_trial_500.csv,clue_search,02,53,29,47,7,3,1,1,322,55,267,110,212,274,acbba_entry:212;clue:2;collision_intent:54;state:53;target:1,984,0,completed
2,dcta_parity_v1,topk_filter,aa0724188407797eae5187348bee11ee9f51317c4e8a201863b052786aa2f1df,823213c90703fd83224ad7122ee730ba64af3769ea517af252103bddd907f681,ACBBA,ideal,1.0,19,361,4,0.05,18,,,acbba_topk_5,/home/agxorin/topk_filter_study/simulator/scenarios/final_trial_500.csv,clue_search,03,54,29,50,5,3,1,1,342,55,287,111,231,292,acbba_entry:231;clue:2;collision_intent:55;state:54,963,0,completed
3,dcta_parity_v1,topk_filter,aa0724188407797eae5187348bee11ee9f51317c4e8a201863b052786aa2f1df,823213c90703fd83224ad7122ee730ba64af3769ea517af252103bddd907f681,ACBBA,ideal,1.0,19,361,4,0.05,18,,,acbba_topk_5,/home/agxorin/topk_filter_study/simulator/scenarios/final_trial_500.csv,clue_search,00,75,58,48,28,3,4,4,592,79,513,157,435,558,acbba_entry:435;clue:3;collision_intent:79;state:75,1923,0,completed
3,dcta_parity_v1,topk_filter,aa0724188407797eae5187348bee11ee9f51317c4e8a201863b052786aa2f1df,823213c90703fd83224ad7122ee730ba64af3769ea517af252103bddd907f681,ACBBA,ideal,1.0,19,361,4,0.05,18,,,acbba_topk_5,/home/agxorin/topk_filter_study/simulator/scenarios/final_trial_500.csv,clue_search,01,75,58,66,10,6,0,0,631,75,556,153,478,597,acbba_entry:478;clue:3;collision_intent:75;state:75,1886,0,completed
3,dcta_parity_v1,topk_filter,aa0724188407797eae5187348bee11ee9f51317c4e8a201863b052786aa2f1df,823213c90703fd83224ad7122ee730ba64af3769ea517af252103bddd907f681,ACBBA,ideal,1.0,19,361,4,0.05,18,,,acbba_topk_5,/home/agxorin/topk_filter_study/simulator/scenarios/final_trial_500.csv,clue_search,02,74,57,74,1,1,0,0,650,74,576,151,499,616,acbba_entry:499;clue:3;collision_intent:74;state:74,1865,0,completed
3,dcta_parity_v1,topk_filter,aa0724188407797eae5187348bee11ee9f51317c4e8a201863b052786aa2f1df,823213c90703fd83224ad7122ee730ba64af3769ea517af252103bddd907f681,ACBBA,ideal,1.0,19,361,4,0.05,18,,,acbba_topk_5,/home/agxorin/topk_filter_study/simulator/scenarios/final_trial_500.csv,clue_search,03,75,59,66,10,6,2,2,644,78,566,156,488,611,acbba_entry:488;clue:3;collision_intent:77;state:75;target:1,1873,0,completed
4,dcta_parity_v1,topk_filter,aa0724188407797eae5187348bee11ee9f51317c4e8a201863b052786aa2f1df,823213c90703fd83224ad7122ee730ba64af3769ea517af252103bddd907f681,ACBBA,ideal,1.0,19,361,4,0.05,18,,,acbba_topk_5,/home/agxorin/topk_filter_study/simulator/scenarios/final_trial_500.csv,clue_search,00,10,4,11,0,0,0,0,38,10,28,21,17,26,acbba_entry:17;clue:1;collision_intent:10;state:10,103,0,completed
4,dcta_parity_v1,topk_filter,aa0724188407797eae5187348bee11ee9f51317c4e8a201863b052786aa2f1df,823213c90703fd83224ad7122ee730ba64af3769ea517af252103bddd907f681,ACBBA,ideal,1.0,19,361,4,0.05,18,,,acbba_topk_5,/home/agxorin/topk_filter_study/simulator/scenarios/final_trial_500.csv,clue_search,01,9,3,10,0,0,0,0,35,9,26,19,16,23,acbba_entry:16;clue:1;collision_intent:9;state:9,107,0,completed
4,dcta_parity_v1,topk_filter,aa0724188407797eae5187348bee11ee9f51317c4e8a201863b052786aa2f1df,823213c90703fd83224ad7122ee730ba64af3769ea517af252103bddd907f681,ACBBA,ideal,1.0,19,361,4,0.05,18,,,acbba_topk_5,/home/agxorin/topk_filter_study/simulator/scenarios/final_trial_500.csv,clue_search,02,10,4,11,0,0,0,0,36,11,25,22,14,24,acbba_entry:14;clue:1;collision_intent:10;state:10;target:1,107,0,completed
4,dcta_parity_v1,topk_filter,aa0724188407797eae5187348bee11ee9f51317c4e8a201863b052786aa2f1df,823213c90703fd83224ad7122ee730ba64af3769ea517af252103bddd907f681,ACBBA,ideal,1.0,19,361,4,0.05,18,,,acbba_topk_5,/home/agxorin/topk_filter_study/simulator/scenarios/final_trial_500.csv,clue_search,03,9,3,10,0,1,0,0,34,9,25,19,15,22,acbba_entry:15;clue:1;collision_intent:9;state:9,108,0,completed
5,dcta_parity_v1,topk_filter,aa0724188407797eae5187348bee11ee9f51317c4e8a201863b052786aa2f1df,823213c90703fd83224ad7122ee730ba64af3769ea517af252103bddd907f681,ACBBA,ideal,1.0,19,361,4,0.05,18,,,acbba_topk_5,/home/agxorin/topk_filter_study/simulator/scenarios/final_trial_500.csv,clue_search,00,76,45,69,8,2,0,0,507,77,430,157,350,445,acbba_entry:350;clue:4;collision_intent:76;state:76;target:1,1455,0,completed
5,dcta_parity_v1,topk_filter,aa0724188407797eae5187348bee11ee9f51317c4e8a201863b052786aa2f1df,823213c90703fd83224ad7122ee730ba64af3769ea517af252103bddd907f681,ACBBA,ideal,1.0,19,361,4,0.05,18,,,acbba_topk_5,/home/agxorin/topk_filter_study/simulator/scenarios/final_trial_500.csv,clue_search,01,74,44,66,9,4,1,1,480,75,405,153,327,420,acbba_entry:327;clue:4;collision_intent:75;state:74,1482,0,completed
5,dcta_parity_v1,topk_filter,aa0724188407797eae5187348bee11ee9f51317c4e8a201863b052786aa2f1df,823213c90703fd83224ad7122ee730ba64af3769ea517af252103bddd907f681,ACBBA,ideal,1.0,19,361,4,0.05,18,,,acbba_topk_5,/home/agxorin/topk_filter_study/simulator/scenarios/final_trial_500.csv,clue_search,02,75,44,64,12,5,0,0,482,75,407,154,328,420,acbba_entry:328;clue:4;collision_intent:75;state:75,1479,0,completed
5,dcta_parity_v1,topk_filter,aa0724188407797eae5187348bee11ee9f51317c4e8a201863b052786aa2f1df,823213c90703fd83224ad7122ee730ba64af3769ea517af252103bddd907f681,ACBBA,ideal,1.0,19,361,4,0.05,18,,,acbba_topk_5,/home/agxorin/topk_filter_study/simulator/scenarios/final_trial_500.csv,clue_search,03,76,46,64,13,5,1,1,493,77,416,157,336,433,acbba_entry:336;clue:4;collision_intent:77;state:76,1468,0,completed
6,dcta_parity_v1,topk_filter,aa0724188407797eae5187348bee11ee9f51317c4e8a201863b052786aa2f1df,823213c90703fd83224ad7122ee730ba64af3769ea517af252103bddd907f681,ACBBA,ideal,1.0,19,361,4,0.05,18,,,acbba_topk_5,/home/agxorin/topk_filter_study/simulator/scenarios/final_trial_500.csv,clue_search,00,19,14,20,0,1,0,0,123,20,103,40,83,113,acbba_entry:83;clue:1;collision_intent:19;state:19;target:1,418,0,completed
6,dcta_parity_v1,topk_filter,aa0724188407797eae5187348bee11ee9f51317c4e8a201863b052786aa2f1df,823213c90703fd83224ad7122ee730ba64af3769ea517af252103bddd907f681,ACBBA,ideal,1.0,19,361,4,0.05,18,,,acbba_topk_5,/home/agxorin/topk_filter_study/simulator/scenarios/final_trial_500.csv,clue_search,01,18,13,17,2,2,2,1,132,20,112,39,93,122,acbba_entry:93;clue:1;collision_intent:20;state:18,408,0,completed
6,dcta_parity_v1,topk_filter,aa0724188407797eae5187348bee11ee9f51317c4e8a201863b052786aa2f1df,823213c90703fd83224ad7122ee730ba64af3769ea517af252103bddd907f681,ACBBA,ideal,1.0,19,361,4,0.05,18,,,acbba_topk_5,/home/agxorin/topk_filter_study/simulator/scenarios/final_trial_500.csv,clue_search,02,18,12,18,1,1,1,1,138,19,119,38,100,126,acbba_entry:100;clue:1;collision_intent:19;state:18,401,0,completed
6,dcta_parity_v1,topk_filter,aa0724188407797eae5187348bee11ee9f51317c4e8a201863b052786aa2f1df,823213c90703fd83224ad7122ee730ba64af3769ea517af252103bddd907f681,ACBBA,ideal,1.0,19,361,4,0.05,18,,,acbba_topk_5,/home/agxorin/topk_filter_study/simulator/scenarios/final_trial_500.csv,clue_search,03,18,13,18,1,2,1,1,148,19,129,38,110,138,acbba_entry:110;clue:1;collision_intent:19;state:18,393,0,completed
7,dcta_parity_v1,topk_filter,aa0724188407797eae5187348bee11ee9f51317c4e8a201863b052786aa2f1df,823213c90703fd83224ad7122ee730ba64af3769ea517af252103bddd907f681,ACBBA,ideal,1.0,19,361,4,0.05,18,,,acbba_topk_5,/home/agxorin/topk_filter_study/simulator/scenarios/final_trial_500.csv,clue_search,00,12,11,13,0,1,0,0,88,12,76,26,62,85,acbba_entry:62;clue:2;collision_intent:12;state:12,278,0,completed
7,dcta_parity_v1,topk_filter,aa0724188407797eae5187348bee11ee9f51317c4e8a201863b052786aa2f1df,823213c90703fd83224ad7122ee730ba64af3769ea517af252103bddd907f681,ACBBA,ideal,1.0,19,361,4,0.05,18,,,acbba_topk_5,/home/agxorin/topk_filter_study/simulator/scenarios/final_trial_500.csv,clue_search,01,12,11,13,0,1,0,0,95,13,82,27,68,93,acbba_entry:68;clue:2;collision_intent:12;state:12;target:1,271,0,completed
7,dcta_parity_v1,topk_filter,aa0724188407797eae5187348bee11ee9f51317c4e8a201863b052786aa2f1df,823213c90703fd83224ad7122ee730ba64af3769ea517af252103bddd907f681,ACBBA,ideal,1.0,19,361,4,0.05,18,,,acbba_topk_5,/home/agxorin/topk_filter_study/simulator/scenarios/final_trial_500.csv,clue_search,02,11,9,11,1,0,0,0,88,11,77,24,64,84,acbba_entry:64;clue:2;collision_intent:11;state:11,276,0,completed
7,dcta_parity_v1,topk_filter,aa0724188407797eae5187348bee11ee9f51317c4e8a201863b052786aa2f1df,823213c90703fd83224ad7122ee730ba64af3769ea517af252103bddd907f681,ACBBA,ideal,1.0,19,361,4,0.05,18,,,acbba_topk_5,/home/agxorin/topk_filter_study/simulator/scenarios/final_trial_500.csv,clue_search,03,12,11,9,4,2,1,1,95,13,82,27,68,93,acbba_entry:68;clue:2;collision_intent:13;state:12,271,0,completed
8,dcta_parity_v1,topk_filter,aa0724188407797eae5187348bee11ee9f51317c4e8a201863b052786aa2f1df,823213c90703fd83224ad7122ee730ba64af3769ea517af252103bddd907f681,ACBBA,ideal,1.0,19,361,4,0.05,18,,,acbba_topk_5,/home/agxorin/topk_filter_study/simulator/scenarios/final_trial_500.csv,clue_search,00,41,32,42,0,1,0,0,318,42,276,86,232,300,acbba_entry:232;clue:3;collision_intent:41;state:41;target:1,936,0,completed
8,dcta_parity_v1,topk_filter,aa0724188407797eae5187348bee11ee9f51317c4e8a201863b052786aa2f1df,823213c90703fd83224ad7122ee730ba64af3769ea517af252103bddd907f681,ACBBA,ideal,1.0,19,361,4,0.05,18,,,acbba_topk_5,/home/agxorin/topk_filter_study/simulator/scenarios/final_trial_500.csv,clue_search,01,41,33,36,6,1,0,0,293,41,252,85,208,277,acbba_entry:208;clue:3;collision_intent:41;state:41,960,0,completed
8,dcta_parity_v1,topk_filter,aa0724188407797eae5187348bee11ee9f51317c4e8a201863b052786aa2f1df,823213c90703fd83224ad7122ee730ba64af3769ea517af252103bddd907f681,ACBBA,ideal,1.0,19,361,4,0.05,18,,,acbba_topk_5,/home/agxorin/topk_filter_study/simulator/scenarios/final_trial_500.csv,clue_search,02,39,30,32,8,3,7,5,329,46,283,88,241,311,acbba_entry:241;clue:3;collision_intent:46;state:39,924,0,completed
8,dcta_parity_v1,topk_filter,aa0724188407797eae5187348bee11ee9f51317c4e8a201863b052786aa2f1df,823213c90703fd83224ad7122ee730ba64af3769ea517af252103bddd907f681,ACBBA,ideal,1.0,19,361,4,0.05,18,,,acbba_topk_5,/home/agxorin/topk_filter_study/simulator/scenarios/final_trial_500.csv,clue_search,03,39,31,39,1,4,2,2,314,41,273,83,231,298,acbba_entry:231;clue:3;collision_intent:41;state:39,939,0,completed
9,dcta_parity_v1,topk_filter,aa0724188407797eae5187348bee11ee9f51317c4e8a201863b052786aa2f1df,823213c90703fd83224ad7122ee730ba64af3769ea517af252103bddd907f681,ACBBA,ideal,1.0,19,361,4,0.05,18,,,acbba_topk_5,/home/agxorin/topk_filter_study/simulator/scenarios/final_trial_500.csv,clue_search,00,1,1,2,0,0,0,0,7,2,5,4,3,7,acbba_entry:3;clue:1;collision_intent:1;state:1;target:1,15,0,completed
9,dcta_parity_v1,topk_filter,aa0724188407797eae5187348bee11ee9f51317c4e8a201863b052786aa2f1df,823213c90703fd83224ad7122ee730ba64af3769ea517af252103bddd907f681,ACBBA,ideal,1.0,19,361,4,0.05,18,,,acbba_topk_5,/home/agxorin/topk_filter_study/simulator/scenarios/final_trial_500.csv,clue_search,01,0,0,1,0,0,0,0,5,1,4,2,3,5,acbba_entry:3;clue:1;collision_intent:1,16,0,completed
9,dcta_parity_v1,topk_filter,aa0724188407797eae5187348bee11ee9f51317c4e8a201863b052786aa2f1df,823213c90703fd83224ad7122ee730ba64af3769ea517af252103bddd907f681,ACBBA,ideal,1.0,19,361,4,0.05,18,,,acbba_topk_5,/home/agxorin/topk_filter_study/simulator/scenarios/final_trial_500.csv,clue_search,02,0,0,1,0,0,0,0,5,1,4,2,3,5,acbba_entry:3;clue:1;collision_intent:1,17,0,completed
9,dcta_parity_v1,topk_filter,aa0724188407797eae5187348bee11ee9f51317c4e8a201863b052786aa2f1df,823213c90703fd83224ad7122ee730ba64af3769ea517af252103bddd907f681,ACBBA,ideal,1.0,19,361,4,0.05,18,,,acbba_topk_5,/home/agxorin/topk_filter_study/simulator/scenarios/final_trial_500.csv,clue_search,03,0,0,1,0,0,0,0,5,1,4,2,3,5,acbba_entry:3;clue:1;collision_intent:1,16,0,completed
10,dcta_parity_v1,topk_filter,aa0724188407797eae5187348bee11ee9f51317c4e8a201863b052786aa2f1df,823213c90703fd83224ad7122ee730ba64af3769ea517af252103bddd907f681,ACBBA,ideal,1.0,19,361,4,0.05,18,,,acbba_topk_5,/home/agxorin/topk_filter_study/simulator/scenarios/final_trial_500.csv,clue_search,00,53,46,53,1,2,1,1,455,54,401,110,345,441,acbba_entry:345;clue:3;collision_intent:54;state:53,1290,0,completed
10,dcta_parity_v1,topk_filter,aa0724188407797eae5187348bee11ee9f51317c4e8a201863b052786aa2f1df,823213c90703fd83224ad7122ee730ba64af3769ea517af252103bddd907f681,ACBBA,ideal,1.0,19,361,4,0.05,18,,,acbba_topk_5,/home/agxorin/topk_filter_study/simulator/scenarios/final_trial_500.csv,clue_search,01,52,45,53,0,1,0,0,428,52,376,107,321,414,acbba_entry:321;clue:3;collision_intent:52;state:52,1316,0,completed
10,dcta_parity_v1,topk_filter,aa0724188407797eae5187348bee11ee9f51317c4e8a201863b052786aa2f1df,823213c90703fd83224ad7122ee730ba64af3769ea517af252103bddd907f681,ACBBA,ideal,1.0,19,361,4,0.05,18,,,acbba_topk_5,/home/agxorin/topk_filter_study/simulator/scenarios/final_trial_500.csv,clue_search,02,54,46,33,22,3,2,2,435,56,379,113,322,419,acbba_entry:322;clue:3;collision_intent:56;state:54,1310,0,completed
10,dcta_parity_v1,topk_filter,aa0724188407797eae5187348bee11ee9f51317c4e8a201863b052786aa2f1df,823213c90703fd83224ad7122ee730ba64af3769ea517af252103bddd907f681,ACBBA,ideal,1.0,19,361,4,0.05,18,,,acbba_topk_5,/home/agxorin/topk_filter_study/simulator/scenarios/final_trial_500.csv,clue_search,03,53,46,48,6,6,0,0,427,54,373,110,317,413,acbba_entry:317;clue:3;collision_intent:53;state:53;target:1,1318,0,completed
11,dcta_parity_v1,topk_filter,aa0724188407797eae5187348bee11ee9f51317c4e8a201863b052786aa2f1df,823213c90703fd83224ad7122ee730ba64af3769ea517af252103bddd907f681,ACBBA,ideal,1.0,19,361,4,0.05,18,,,acbba_topk_5,/home/agxorin/topk_filter_study/simulator/scenarios/final_trial_500.csv,clue_search,00,48,28,46,3,4,0,0,311,49,262,98,213,271,acbba_entry:213;clue:1;collision_intent:48;state:48;target:1,995,0,completed
11,dcta_parity_v1,topk_filter,aa0724188407797eae5187348bee11ee9f51317c4e8a201863b052786aa2f1df,823213c90703fd83224ad7122ee730ba64af3769ea517af252103bddd907f681,ACBBA,ideal,1.0,19,361,4,0.05,18,,,acbba_topk_5,/home/agxorin/topk_filter_study/simulator/scenarios/final_trial_500.csv,clue_search,01,46,26,42,5,0,0,0,331,46,285,93,238,290,acbba_entry:238;clue:1;collision_intent:46;state:46,974,0,completed
11,dcta_parity_v1,topk_filter,aa0724188407797eae5187348bee11ee9f51317c4e8a201863b052786aa2f1df,823213c90703fd83224ad7122ee730ba64af3769ea517af252103bddd907f681,ACBBA,ideal,1.0,19,361,4,0.05,18,,,acbba_topk_5,/home/agxorin/topk_filter_study/simulator/scenarios/final_trial_500.csv,clue_search,02,47,26,42,6,3,1,1,320,48,272,96,224,278,acbba_entry:224;clue:1;collision_intent:48;state:47,985,0,completed
11,dcta_parity_v1,topk_filter,aa0724188407797eae5187348bee11ee9f51317c4e8a201863b052786aa2f1df,823213c90703fd83224ad7122ee730ba64af3769ea517af252103bddd907f681,ACBBA,ideal,1.0,19,361,4,0.05,18,,,acbba_topk_5,/home/agxorin/topk_filter_study/simulator/scenarios/final_trial_500.csv,clue_search,03,46,25,46,1,0,0,0,344,46,298,93,251,302,acbba_entry:251;clue:1;collision_intent:46;state:46,961,0,completed
12,dcta_parity_v1,topk_filter,aa0724188407797eae5187348bee11ee9f51317c4e8a201863b052786aa2f1df,823213c90703fd83224ad7122ee730ba64af3769ea517af252103bddd907f681,ACBBA,ideal,1.0,19,361,4,0.05,18,,,acbba_topk_5,/home/agxorin/topk_filter_study/simulator/scenarios/final_trial_500.csv,clue_search,00,37,2,38,0,0,0,0,101,38,63,76,25,31,acbba_entry:25;clue:1;collision_intent:38;state:37,288,0,completed
12,dcta_parity_v1,topk_filter,aa0724188407797eae5187348bee11ee9f51317c4e8a201863b052786aa2f1df,823213c90703fd83224ad7122ee730ba64af3769ea517af252103bddd907f681,ACBBA,ideal,1.0,19,361,4,0.05,18,,,acbba_topk_5,/home/agxorin/topk_filter_study/simulator/scenarios/final_trial_500.csv,clue_search,01,37,3,37,1,0,0,0,90,37,53,75,15,22,acbba_entry:15;clue:1;collision_intent:37;state:37,299,0,completed
12,dcta_parity_v1,topk_filter,aa0724188407797eae5187348bee11ee9f51317c4e8a201863b052786aa2f1df,823213c90703fd83224ad7122ee730ba64af3769ea517af252103bddd907f681,ACBBA,ideal,1.0,19,361,4,0.05,18,,,acbba_topk_5,/home/agxorin/topk_filter_study/simulator/scenarios/final_trial_500.csv,clue_search,02,37,3,37,1,2,0,0,97,37,60,75,22,29,acbba_entry:22;clue:1;collision_intent:37;state:37,293,0,completed
12,dcta_parity_v1,topk_filter,aa0724188407797eae5187348bee11ee9f51317c4e8a201863b052786aa2f1df,823213c90703fd83224ad7122ee730ba64af3769ea517af252103bddd907f681,ACBBA,ideal,1.0,19,361,4,0.05,18,,,acbba_topk_5,/home/agxorin/topk_filter_study/simulator/scenarios/final_trial_500.csv,clue_search,03,38,4,39,0,2,0,0,103,39,64,78,25,35,acbba_entry:25;clue:1;collision_intent:38;state:38;target:1,288,0,completed
13,dcta_parity_v1,topk_filter,aa0724188407797eae5187348bee11ee9f51317c4e8a201863b052786aa2f1df,823213c90703fd83224ad7122ee730ba64af3769ea517af252103bddd907f681,ACBBA,ideal,1.0,19,361,4,0.05,18,,,acbba_topk_5,/home/agxorin/topk_filter_study/simulator/scenarios/final_trial_500.csv,clue_search,00,18,16,18,1,4,0,0,141,18,123,38,103,137,acbba_entry:103;clue:2;collision_intent:18;state:18,474,0,completed
13,dcta_parity_v1,topk_filter,aa0724188407797eae5187348bee11ee9f51317c4e8a201863b052786aa2f1df,823213c90703fd83224ad7122ee730ba64af3769ea517af252103bddd907f681,ACBBA,ideal,1.0,19,361,4,0.05,18,,,acbba_topk_5,/home/agxorin/topk_filter_study/simulator/scenarios/final_trial_500.csv,clue_search,01,16,15,17,0,2,0,0,151,16,135,34,117,148,acbba_entry:117;clue:2;collision_intent:16;state:16,463,0,completed
13,dcta_parity_v1,topk_filter,aa0724188407797eae5187348bee11ee9f51317c4e8a201863b052786aa2f1df,823213c90703fd83224ad7122ee730ba64af3769ea517af252103bddd907f681,ACBBA,ideal,1.0,19,361,4,0.05,18,,,acbba_topk_5,/home/agxorin/topk_filter_study/simulator/scenarios/final_trial_500.csv,clue_search,02,17,15,11,7,2,0,0,158,17,141,36,122,154,acbba_entry:122;clue:2;collision_intent:17;state:17,456,0,completed
13,dcta_parity_v1,topk_filter,aa0724188407797eae5187348bee11ee9f51317c4e8a201863b052786aa2f1df,823213c90703fd83224ad7122ee730ba64af3769ea517af252103bddd907f681,ACBBA,ideal,1.0,19,361,4,0.05,18,,,acbba_topk_5,/home/agxorin/topk_filter_study/simulator/scenarios/final_trial_500.csv,clue_search,03,17,15,18,0,2,0,0,166,18,148,37,129,162,acbba_entry:129;clue:2;collision_intent:17;state:17;target:1,450,0,completed
14,dcta_parity_v1,topk_filter,aa0724188407797eae5187348bee11ee9f51317c4e8a201863b052786aa2f1df,823213c90703fd83224ad7122ee730ba64af3769ea517af252103bddd907f681,ACBBA,ideal,1.0,19,361,4,0.05,18,,,acbba_topk_5,/home/agxorin/topk_filter_study/simulator/scenarios/final_trial_500.csv,clue_search,00,40,16,38,3,1,1,1,208,42,166,85,123,160,acbba_entry:123;clue:3;collision_intent:41;state:40;target:1,603,0,completed
14,dcta_parity_v1,topk_filter,aa0724188407797eae5187348bee11ee9f51317c4e8a201863b052786aa2f1df,823213c90703fd83224ad7122ee730ba64af3769ea517af252103bddd907f681,ACBBA,ideal,1.0,19,361,4,0.05,18,,,acbba_topk_5,/home/agxorin/topk_filter_study/simulator/scenarios/final_trial_500.csv,clue_search,01,40,17,40,1,0,0,0,204,40,164,83,121,158,acbba_entry:121;clue:3;collision_intent:40;state:40,606,0,completed
14,dcta_parity_v1,topk_filter,aa0724188407797eae5187348bee11ee9f51317c4e8a201863b052786aa2f1df,823213c90703fd83224ad7122ee730ba64af3769ea517af252103bddd907f681,ACBBA,ideal,1.0,19,361,4,0.05,18,,,acbba_topk_5,/home/agxorin/topk_filter_study/simulator/scenarios/final_trial_500.csv,clue_search,02,41,17,40,2,1,0,0,208,41,167,85,123,160,acbba_entry:123;clue:3;collision_intent:41;state:41,602,0,completed
14,dcta_parity_v1,topk_filter,aa0724188407797eae5187348bee11ee9f51317c4e8a201863b052786aa2f1df,823213c90703fd83224ad7122ee730ba64af3769ea517af252103bddd907f681,ACBBA,ideal,1.0,19,361,4,0.05,18,,,acbba_topk_5,/home/agxorin/topk_filter_study/simulator/scenarios/final_trial_500.csv,clue_search,03,41,18,39,3,2,0,0,191,41,150,85,106,145,acbba_entry:106;clue:3;collision_intent:41;state:41,618,0,completed
15,dcta_parity_v1,topk_filter,aa0724188407797eae5187348bee11ee9f51317c4e8a201863b052786aa2f1df,823213c90703fd83224ad7122ee730ba64af3769ea517af252103bddd907f681,ACBBA,ideal,1.0,19,361,4,0.05,18,,,acbba_topk_5,/home/agxorin/topk_filter_study/simulator/scenarios/final_trial_500.csv,clue_search,00,10,2,11,0,0,0,0,34,11,23,22,12,18,acbba_entry:12;clue:1;collision_intent:10;state:10;target:1,91,0,completed
15,dcta_parity_v1,topk_filter,aa0724188407797eae5187348bee11ee9f51317c4e8a201863b052786aa2f1df,823213c90703fd83224ad7122ee730ba64af3769ea517af252103bddd907f681,ACBBA,ideal,1.0,19,361,4,0.05,18,,,acbba_topk_5,/home/agxorin/topk_filter_study/simulator/scenarios/final_trial_500.csv,clue_search,01,9,2,10,0,0,0,0,30,9,21,19,11,16,acbba_entry:11;clue:1;collision_intent:9;state:9,93,0,completed
15,dcta_parity_v1,topk_filter,aa0724188407797eae5187348bee11ee9f51317c4e8a201863b052786aa2f1df,823213c90703fd83224ad7122ee730ba64af3769ea517af252103bddd907f681,ACBBA,ideal,1.0,19,361,4,0.05,18,,,acbba_topk_5,/home/agxorin/topk_filter_study/simulator/scenarios/final_trial_500.csv,clue_search,02,9,2,10,0,1,0,0,30,10,20,20,10,16,acbba_entry:10;clue:1;collision_intent:10;state:9,94,0,completed
15,dcta_parity_v1,topk_filter,aa0724188407797eae5187348bee11ee9f51317c4e8a201863b052786aa2f1df,823213c90703fd83224ad7122ee730ba64af3769ea517af252103bddd907f681,ACBBA,ideal,1.0,19,361,4,0.05,18,,,acbba_topk_5,/home/agxorin/topk_filter_study/simulator/scenarios/final_trial_500.csv,clue_search,03,9,2,10,0,1,0,0,31,9,22,19,12,17,acbba_entry:12;clue:1;collision_intent:9;state:9,93,0,completed
16,dcta_parity_v1,topk_filter,aa0724188407797eae5187348bee11ee9f51317c4e8a201863b052786aa2f1df,823213c90703fd83224ad7122ee730ba64af3769ea517af252103bddd907f681,ACBBA,ideal,1.0,19,361,4,0.05,18,,,acbba_topk_5,/home/agxorin/topk_filter_study/simulator/scenarios/final_trial_500.csv,clue_search,00,90,79,75,16,2,0,0,723,91,632,184,539,701,acbba_entry:539;clue:3;collision_intent:90;state:90;target:1,2060,0,completed
16,dcta_parity_v1,topk_filter,aa0724188407797eae5187348bee11ee9f51317c4e8a201863b052786aa2f1df,823213c90703fd83224ad7122ee730ba64af3769ea517af252103bddd907f681,ACBBA,ideal,1.0,19,361,4,0.05,18,,,acbba_topk_5,/home/agxorin/topk_filter_study/simulator/scenarios/final_trial_500.csv,clue_search,01,89,79,77,13,4,1,1,679,90,589,182,497,659,acbba_entry:497;clue:3;collision_intent:90;state:89,2104,0,completed
16,dcta_parity_v1,topk_filter,aa0724188407797eae5187348bee11ee9f51317c4e8a201863b052786aa2f1df,823213c90703fd83224ad7122ee730ba64af3769ea517af252103bddd907f681,ACBBA,ideal,1.0,19,361,4,0.05,18,,,acbba_topk_5,/home/agxorin/topk_filter_study/simulator/scenarios/final_trial_500.csv,clue_search,02,90,80,83,8,3,0,0,696,90,606,183,513,676,acbba_entry:513;clue:3;collision_intent:90;state:90,2086,0,completed
16,dcta_parity_v1,topk_filter,aa0724188407797eae5187348bee11ee9f51317c4e8a201863b052786aa2f1df,823213c90703fd83224ad7122ee730ba64af3769ea517af252103bddd907f681,ACBBA,ideal,1.0,19,361,4,0.05,18,,,acbba_topk_5,/home/agxorin/topk_filter_study/simulator/scenarios/final_trial_500.csv,clue_search,03,92,82,72,21,5,0,0,685,92,593,187,498,665,acbba_entry:498;clue:3;collision_intent:92;state:92,2098,0,completed
17,dcta_parity_v1,topk_filter,aa0724188407797eae5187348bee11ee9f51317c4e8a201863b052786aa2f1df,823213c90703fd83224ad7122ee730ba64af3769ea517af252103bddd907f681,ACBBA,ideal,1.0,19,361,4,0.05,18,,,acbba_topk_5,/home/agxorin/topk_filter_study/simulator/scenarios/final_trial_500.csv,clue_search,00,22,19,23,0,3,0,0,179,23,156,47,132,173,acbba_entry:132;clue:2;collision_intent:22;state:22;target:1,568,0,completed
17,dcta_parity_v1,topk_filter,aa0724188407797eae5187348bee11ee9f51317c4e8a201863b052786aa2f1df,823213c90703fd83224ad7122ee730ba64af3769ea517af252103bddd907f681,ACBBA,ideal,1.0,19,361,4,0.05,18,,,acbba_topk_5,/home/agxorin/topk_filter_study/simulator/scenarios/final_trial_500.csv,clue_search,01,20,18,13,8,4,2,2,188,23,165,45,143,184,acbba_entry:143;clue:2;collision_intent:23;state:20,559,0,completed
17,dcta_parity_v1,topk_filter,aa0724188407797eae5187348bee11ee9f51317c4e8a201863b052786aa2f1df,823213c90703fd83224ad7122ee730ba64af3769ea517af252103bddd907f681,ACBBA,ideal,1.0,19,361,4,0.05,18,,,acbba_topk_5,/home/agxorin/topk_filter_study/simulator/scenarios/final_trial_500.csv,clue_search,02,20,17,20,1,1,0,0,198,21,177,43,155,192,acbba_entry:155;clue:2;collision_intent:21;state:20,548,0,completed
17,dcta_parity_v1,topk_filter,aa0724188407797eae5187348bee11ee9f51317c4e8a201863b052786aa2f1df,823213c90703fd83224ad7122ee730ba64af3769ea517af252103bddd907f681,ACBBA,ideal,1.0,19,361,4,0.05,18,,,acbba_topk_5,/home/agxorin/topk_filter_study/simulator/scenarios/final_trial_500.csv,clue_search,03,19,16,16,4,0,0,0,182,19,163,40,142,176,acbba_entry:142;clue:2;collision_intent:19;state:19,563,0,completed
18,dcta_parity_v1,topk_filter,aa0724188407797eae5187348bee11ee9f51317c4e8a201863b052786aa2f1df,823213c90703fd83224ad7122ee730ba64af3769ea517af252103bddd907f681,ACBBA,ideal,1.0,19,361,4,0.05,18,,,acbba_topk_5,/home/agxorin/topk_filter_study/simulator/scenarios/final_trial_500.csv,clue_search,00,37,24,37,1,0,2,1,272,40,232,79,193,246,acbba_entry:193;clue:2;collision_intent:39;state:37;target:1,751,0,completed
18,dcta_parity_v1,topk_filter,aa0724188407797eae5187348bee11ee9f51317c4e8a201863b052786aa2f1df,823213c90703fd83224ad7122ee730ba64af3769ea517af252103bddd907f681,ACBBA,ideal,1.0,19,361,4,0.05,18,,,acbba_topk_5,/home/agxorin/topk_filter_study/simulator/scenarios/final_trial_500.csv,clue_search,01,36,24,37,0,1,0,0,254,37,217,75,179,230,acbba_entry:179;clue:2;collision_intent:37;state:36,768,0,completed
18,dcta_parity_v1,topk_filter,aa0724188407797eae5187348bee11ee9f51317c4e8a201863b052786aa2f1df,823213c90703fd83224ad7122ee730ba64af3769ea517af252103bddd907f681,ACBBA,ideal,1.0,19,361,4,0.05,18,,,acbba_topk_5,/home/agxorin/topk_filter_study/simulator/scenarios/final_trial_500.csv,clue_search,02,36,24,33,4,2,0,0,250,36,214,74,176,226,acbba_entry:176;clue:2;collision_intent:36;state:36,772,0,completed
18,dcta_parity_v1,topk_filter,aa0724188407797eae5187348bee11ee9f51317c4e8a201863b052786aa2f1df,823213c90703fd83224ad7122ee730ba64af3769ea517af252103bddd907f681,ACBBA,ideal,1.0,19,361,4,0.05,18,,,acbba_topk_5,/home/agxorin/topk_filter_study/simulator/scenarios/final_trial_500.csv,clue_search,03,38,26,36,3,2,0,0,247,38,209,78,169,223,acbba_entry:169;clue:2;collision_intent:38;state:38,774,0,completed
19,dcta_parity_v1,topk_filter,aa0724188407797eae5187348bee11ee9f51317c4e8a201863b052786aa2f1df,823213c90703fd83224ad7122ee730ba64af3769ea517af252103bddd907f681,ACBBA,ideal,1.0,19,361,4,0.05,18,,,acbba_topk_5,/home/agxorin/topk_filter_study/simulator/scenarios/final_trial_500.csv,clue_search,00,19,13,19,1,0,1,1,141,20,121,42,99,129,acbba_entry:99;clue:3;collision_intent:20;state:19,433,0,completed
19,dcta_parity_v1,topk_filter,aa0724188407797eae5187348bee11ee9f51317c4e8a201863b052786aa2f1df,823213c90703fd83224ad7122ee730ba64af3769ea517af252103bddd907f681,ACBBA,ideal,1.0,19,361,4,0.05,18,,,acbba_topk_5,/home/agxorin/topk_filter_study/simulator/scenarios/final_trial_500.csv,clue_search,01,19,14,19,1,1,1,1,149,20,129,42,107,139,acbba_entry:107;clue:3;collision_intent:20;state:19,426,0,completed
19,dcta_parity_v1,topk_filter,aa0724188407797eae5187348bee11ee9f51317c4e8a201863b052786aa2f1df,823213c90703fd83224ad7122ee730ba64af3769ea517af252103bddd907f681,ACBBA,ideal,1.0,19,361,4,0.05,18,,,acbba_topk_5,/home/agxorin/topk_filter_study/simulator/scenarios/final_trial_500.csv,clue_search,02,20,14,21,0,1,0,0,143,20,123,43,100,131,acbba_entry:100;clue:3;collision_intent:20;state:20,431,0,completed
19,dcta_parity_v1,topk_filter,aa0724188407797eae5187348bee11ee9f51317c4e8a201863b052786aa2f1df,823213c90703fd83224ad7122ee730ba64af3769ea517af252103bddd907f681,ACBBA,ideal,1.0,19,361,4,0.05,18,,,acbba_topk_5,/home/agxorin/topk_filter_study/simulator/scenarios/final_trial_500.csv,clue_search,03,20,15,19,2,3,0,0,143,21,122,44,99,133,acbba_entry:99;clue:3;collision_intent:20;state:20;target:1,433,0,completed
20,dcta_parity_v1,topk_filter,aa0724188407797eae5187348bee11ee9f51317c4e8a201863b052786aa2f1df,823213c90703fd83224ad7122ee730ba64af3769ea517af252103bddd907f681,ACBBA,ideal,1.0,19,361,4,0.05,18,,,acbba_topk_5,/home/agxorin/topk_filter_study/simulator/scenarios/final_trial_500.csv,clue_search,00,10,0,11,0,0,0,0,20,10,10,20,0,0,collision_intent:10;state:10,60,0,completed
20,dcta_parity_v1,topk_filter,aa0724188407797eae5187348bee11ee9f51317c4e8a201863b052786aa2f1df,823213c90703fd83224ad7122ee730ba64af3769ea517af252103bddd907f681,ACBBA,ideal,1.0,19,361,4,0.05,18,,,acbba_topk_5,/home/agxorin/topk_filter_study/simulator/scenarios/final_trial_500.csv,clue_search,01,10,0,11,0,0,0,0,20,10,10,20,0,0,collision_intent:10;state:10,59,0,completed
20,dcta_parity_v1,topk_filter,aa0724188407797eae5187348bee11ee9f51317c4e8a201863b052786aa2f1df,823213c90703fd83224ad7122ee730ba64af3769ea517af252103bddd907f681,ACBBA,ideal,1.0,19,361,4,0.05,18,,,acbba_topk_5,/home/agxorin/topk_filter_study/simulator/scenarios/final_trial_500.csv,clue_search,02,10,0,11,0,0,0,0,20,10,10,20,0,0,collision_intent:10;state:10,60,0,completed
20,dcta_parity_v1,topk_filter,aa0724188407797eae5187348bee11ee9f51317c4e8a201863b052786aa2f1df,823213c90703fd83224ad7122ee730ba64af3769ea517af252103bddd907f681,ACBBA,ideal,1.0,19,361,4,0.05,18,,,acbba_topk_5,/home/agxorin/topk_filter_study/simulator/scenarios/final_trial_500.csv,clue_search,03,10,0,11,0,0,0,0,21,11,10,21,0,0,collision_intent:10;state:10;target:1,60,0,completed
21,dcta_parity_v1,topk_filter,aa0724188407797eae5187348bee11ee9f51317c4e8a201863b052786aa2f1df,823213c90703fd83224ad7122ee730ba64af3769ea517af252103bddd907f681,ACBBA,ideal,1.0,19,361,4,0.05,18,,,acbba_topk_5,/home/agxorin/topk_filter_study/simulator/scenarios/final_trial_500.csv,clue_search,00,20,19,18,3,1,0,0,195,20,175,42,153,193,acbba_entry:153;clue:2;collision_intent:20;state:20,568,0,completed
21,dcta_parity_v1,topk_filter,aa0724188407797eae5187348bee11ee9f51317c4e8a201863b052786aa2f1df,823213c90703fd83224ad7122ee730ba64af3769ea517af252103bddd907f681,ACBBA,ideal,1.0,19,361,4,0.05,18,,,acbba_topk_5,/home/agxorin/topk_filter_study/simulator/scenarios/final_trial_500.csv,clue_search,01,19,18,20,0,1,0,0,193,20,173,41,152,191,acbba_entry:152;clue:2;collision_intent:19;state:19;target:1,572,0,completed
21,dcta_parity_v1,topk_filter,aa0724188407797eae5187348bee11ee9f51317c4e8a201863b052786aa2f1df,823213c90703fd83224ad7122ee730ba64af3769ea517af252103bddd907f681,ACBBA,ideal,1.0,19,361,4,0.05,18,,,acbba_topk_5,/home/agxorin/topk_filter_study/simulator/scenarios/final_trial_500.csv,clue_search,02,19,18,18,2,2,1,1,191,20,171,41,150,189,acbba_entry:150;clue:2;collision_intent:20;state:19,573,0,completed
21,dcta_parity_v1,topk_filter,aa0724188407797eae5187348bee11ee9f51317c4e8a201863b052786aa2f1df,823213c90703fd83224ad7122ee730ba64af3769ea517af252103bddd907f681,ACBBA,ideal,1.0,19,361,4,0.05,18,,,acbba_topk_5,/home/agxorin/topk_filter_study/simulator/scenarios/final_trial_500.csv,clue_search,03,19,18,16,4,3,0,0,186,19,167,40,146,184,acbba_entry:146;clue:2;collision_intent:19;state:19,579,0,completed
22,dcta_parity_v1,topk_filter,aa0724188407797eae5187348bee11ee9f51317c4e8a201863b052786aa2f1df,823213c90703fd83224ad7122ee730ba64af3769ea517af252103bddd907f681,ACBBA,ideal,1.0,19,361,4,0.05,18,,,acbba_topk_5,/home/agxorin/topk_filter_study/simulator/scenarios/final_trial_500.csv,clue_search,00,53,52,45,9,2,0,0,491,54,437,109,382,488,acbba_entry:382;clue:2;collision_intent:53;state:53;target:1,1472,0,completed
22,dcta_parity_v1,topk_filter,aa0724188407797eae5187348bee11ee9f51317c4e8a201863b052786aa2f1df,823213c90703fd83224ad7122ee730ba64af3769ea517af252103bddd907f681,ACBBA,ideal,1.0,19,361,4,0.05,18,,,acbba_topk_5,/home/agxorin/topk_filter_study/simulator/scenarios/final_trial_500.csv,clue_search,01,52,51,53,0,1,0,0,481,52,429,106,375,479,acbba_entry:375;clue:2;collision_intent:52;state:52,1482,0,completed
22,dcta_parity_v1,topk_filter,aa0724188407797eae5187348bee11ee9f51317c4e8a201863b052786aa2f1df,823213c90703fd83224ad7122ee730ba64af3769ea517af252103bddd907f681,ACBBA,ideal,1.0,19,361,4,0.05,18,,,acbba_topk_5,/home/agxorin/topk_filter_study/simulator/scenarios/final_trial_500.csv,clue_search,02,55,53,36,20,2,0,0,493,55,438,112,381,489,acbba_entry:381;clue:2;collision_intent:55;state:55,1470,0,completed
22,dcta_parity_v1,topk_filter,aa0724188407797eae5187348bee11ee9f51317c4e8a201863b052786aa2f1df,823213c90703fd83224ad7122ee730ba64af3769ea517af252103bddd907f681,ACBBA,ideal,1.0,19,361,4,0.05,18,,,acbba_topk_5,/home/agxorin/topk_filter_study/simulator/scenarios/final_trial_500.csv,clue_search,03,52,51,46,7,2,0,0,498,53,445,107,391,496,acbba_entry:391;clue:2;collision_intent:53;state:52,1465,0,completed
23,dcta_parity_v1,topk_filter,aa0724188407797eae5187348bee11ee9f51317c4e8a201863b052786aa2f1df,823213c90703fd83224ad7122ee730ba64af3769ea517af252103bddd907f681,ACBBA,ideal,1.0,19,361,4,0.05,18,,,acbba_topk_5,/home/agxorin/topk_filter_study/simulator/scenarios/final_trial_500.csv,clue_search,00,9,4,10,0,1,0,0,39,9,30,19,20,29,acbba_entry:20;clue:1;collision_intent:9;state:9,122,0,completed
23,dcta_parity_v1,topk_filter,aa0724188407797eae5187348bee11ee9f51317c4e8a201863b052786aa2f1df,823213c90703fd83224ad7122ee730ba64af3769ea517af252103bddd907f681,ACBBA,ideal,1.0,19,361,4,0.05,18,,,acbba_topk_5,/home/agxorin/topk_filter_study/simulator/scenarios/final_trial_500.csv,clue_search,01,8,3,9,0,0,0,0,35,8,27,17,18,25,acbba_entry:18;clue:1;collision_intent:8;state:8,125,0,completed
23,dcta_parity_v1,topk_filter,aa0724188407797eae5187348bee11ee9f51317c4e8a201863b052786aa2f1df,823213c90703fd83224ad7122ee730ba64af3769ea517af252103bddd907f681,ACBBA,ideal,1.0,19,361,4,0.05,18,,,acbba_topk_5,/home/agxorin/topk_filter_study/simulator/scenarios/final_trial_500.csv,clue_search,02,9,4,10,0,1,0,0,50,10,40,20,30,40,acbba_entry:30;clue:1;collision_intent:9;state:9;target:1,112,0,completed
23,dcta_parity_v1,topk_filter,aa0724188407797eae5187348bee11ee9f51317c4e8a201863b052786aa2f1df,823213c90703fd83224ad7122ee730ba64af3769ea517af252103bddd907f681,ACBBA,ideal,1.0,19,361,4,0.05,18,,,acbba_topk_5,/home/agxorin/topk_filter_study/simulator/scenarios/final_trial_500.csv,clue_search,03,8,3,9,0,0,0,0,38,8,30,17,21,28,acbba_entry:21;clue:1;collision_intent:8;state:8,123,0,completed
24,dcta_parity_v1,topk_filter,aa0724188407797eae5187348bee11ee9f51317c4e8a201863b052786aa2f1df,823213c90703fd83224ad7122ee730ba64af3769ea517af252103bddd907f681,ACBBA,ideal,1.0,19,361,4,0.05,18,,,acbba_topk_5,/home/agxorin/topk_filter_study/simulator/scenarios/final_trial_500.csv,clue_search,00,33,25,33,1,2,0,0,226,33,193,68,158,210,acbba_entry:158;clue:2;collision_intent:33;state:33,725,0,completed
24,dcta_parity_v1,topk_filter,aa0724188407797eae5187348bee11ee9f51317c4e8a201863b052786aa2f1df,823213c90703fd83224ad7122ee730ba64af3769ea517af252103bddd907f681,ACBBA,ideal,1.0,19,361,4,0.05,18,,,acbba_topk_5,/home/agxorin/topk_filter_study/simulator/scenarios/final_trial_500.csv,clue_search,01,33,26,27,7,3,0,0,233,34,199,69,164,218,acbba_entry:164;clue:2;collision_intent:33;state:33;target:1,718,0,completed
24,dcta_parity_v1,topk_filter,aa0724188407797eae5187348bee11ee9f51317c4e8a201863b052786aa2f1df,823213c90703fd83224ad7122ee730ba64af3769ea517af252103bddd907f681,ACBBA,ideal,1.0,19,361,4,0.05,18,,,acbba_topk_5,/home/agxorin/topk_filter_study/simulator/scenarios/final_trial_500.csv,clue_search,02,32,24,20,13,4,2,2,238,34,204,68,170,222,acbba_entry:170;clue:2;collision_intent:34;state:32,712,0,completed
24,dcta_parity_v1,topk_filter,aa0724188407797eae5187348bee11ee9f51317c4e8a201863b052786aa2f1df,823213c90703fd83224ad7122ee730ba64af3769ea517af252103bddd907f681,ACBBA,ideal,1.0,19,361,4,0.05,18,,,acbba_topk_5,/home/agxorin/topk_filter_study/simulator/scenarios/final_trial_500.csv,clue_search,03,32,24,33,0,0,0,0,254,33,221,67,187,238,acbba_entry:187;clue:2;collision_intent:33;state:32,695,0,completed
25,dcta_parity_v1,topk_filter,aa0724188407797eae5187348bee11ee9f51317c4e8a201863b052786aa2f1df,823213c90703fd83224ad7122ee730ba64af3769ea517af252103bddd907f681,ACBBA,ideal,1.0,19,361,4,0.05,18,,,acbba_topk_5,/home/agxorin/topk_filter_study/simulator/scenarios/final_trial_500.csv,clue_search,00,14,0,15,0,0,0,0,28,14,14,28,0,0,collision_intent:14;state:14,82,0,completed
25,dcta_parity_v1,topk_filter,aa0724188407797eae5187348bee11ee9f51317c4e8a201863b052786aa2f1df,823213c90703fd83224ad7122ee730ba64af3769ea517af252103bddd907f681,ACBBA,ideal,1.0,19,361,4,0.05,18,,,acbba_topk_5,/home/agxorin/topk_filter_study/simulator/scenarios/final_trial_500.csv,clue_search,01,14,0,15,0,0,0,0,29,15,14,29,0,0,collision_intent:14;state:14;target:1,82,0,completed
25,dcta_parity_v1,topk_filter,aa0724188407797eae5187348bee11ee9f51317c4e8a201863b052786aa2f1df,823213c90703fd83224ad7122ee730ba64af3769ea517af252103bddd907f681,ACBBA,ideal,1.0,19,361,4,0.05,18,,,acbba_topk_5,/home/agxorin/topk_filter_study/simulator/scenarios/final_trial_500.csv,clue_search,02,14,0,15,0,0,0,0,28,14,14,28,0,0,collision_intent:14;state:14,83,0,completed
25,dcta_parity_v1,topk_filter,aa0724188407797eae5187348bee11ee9f51317c4e8a201863b052786aa2f1df,823213c90703fd83224ad7122ee730ba64af3769ea517af252103bddd907f681,ACBBA,ideal,1.0,19,361,4,0.05,18,,,acbba_topk_5,/home/agxorin/topk_filter_study/simulator/scenarios/final_trial_500.csv,clue_search,03,13,0,14,0,0,0,0,26,13,13,26,0,0,collision_intent:13;state:13,83,0,completed
26,dcta_parity_v1,topk_filter,aa0724188407797eae5187348bee11ee9f51317c4e8a201863b052786aa2f1df,823213c90703fd83224ad7122ee730ba64af3769ea517af252103bddd907f681,ACBBA,ideal,1.0,19,361,4,0.05,18,,,acbba_topk_5,/home/agxorin/topk_filter_study/simulator/scenarios/final_trial_500.csv,clue_search,00,15,0,16,0,0,0,0,31,16,15,31,0,0,collision_intent:15;state:15;target:1,84,0,completed
26,dcta_parity_v1,topk_filter,aa0724188407797eae5187348bee11ee9f51317c4e8a201863b052786aa2f1df,823213c90703fd83224ad7122ee730ba64af3769ea517af252103bddd907f681,ACBBA,ideal,1.0,19,361,4,0.05,18,,,acbba_topk_5,/home/agxorin/topk_filter_study/simulator/scenarios/final_trial_500.csv,clue_search,01,14,0,15,0,0,0,0,28,14,14,28,0,0,collision_intent:14;state:14,86,0,completed
26,dcta_parity_v1,topk_filter,aa0724188407797eae5187348bee11ee9f51317c4e8a201863b052786aa2f1df,823213c90703fd83224ad7122ee730ba64af3769ea517af252103bddd907f681,ACBBA,ideal,1.0,19,361,4,0.05,18,,,acbba_topk_5,/home/agxorin/topk_filter_study/simulator/scenarios/final_trial_500.csv,clue_search,02,14,0,15,0,0,0,0,28,14,14,28,0,0,collision_intent:14;state:14,87,0,completed
26,dcta_parity_v1,topk_filter,aa0724188407797eae5187348bee11ee9f51317c4e8a201863b052786aa2f1df,823213c90703fd83224ad7122ee730ba64af3769ea517af252103bddd907f681,ACBBA,ideal,1.0,19,361,4,0.05,18,,,acbba_topk_5,/home/agxorin/topk_filter_study/simulator/scenarios/final_trial_500.csv,clue_search,03,14,0,15,0,0,0,0,28,14,14,28,0,0,collision_intent:14;state:14,86,0,completed
27,dcta_parity_v1,topk_filter,aa0724188407797eae5187348bee11ee9f51317c4e8a201863b052786aa2f1df,823213c90703fd83224ad7122ee730ba64af3769ea517af252103bddd907f681,ACBBA,ideal,1.0,19,361,4,0.05,18,,,acbba_topk_5,/home/agxorin/topk_filter_study/simulator/scenarios/final_trial_500.csv,clue_search,00,24,0,25,0,0,0,0,48,24,24,48,0,0,collision_intent:24;state:24,145,0,completed
27,dcta_parity_v1,topk_filter,aa0724188407797eae5187348bee11ee9f51317c4e8a201863b052786aa2f1df,823213c90703fd83224ad7122ee730ba64af3769ea517af252103bddd907f681,ACBBA,ideal,1.0,19,361,4,0.05,18,,,acbba_topk_5,/home/agxorin/topk_filter_study/simulator/scenarios/final_trial_500.csv,clue_search,01,24,0,25,0,0,0,0,48,24,24,48,0,0,collision_intent:24;state:24,145,0,completed
27,dcta_parity_v1,topk_filter,aa0724188407797eae5187348bee11ee9f51317c4e8a201863b052786aa2f1df,823213c90703fd83224ad7122ee730ba64af3769ea517af252103bddd907f681,ACBBA,ideal,1.0,19,361,4,0.05,18,,,acbba_topk_5,/home/agxorin/topk_filter_study/simulator/scenarios/final_trial_500.csv,clue_search,02,24,0,25,0,0,0,0,48,24,24,48,0,0,collision_intent:24;state:24,143,0,completed
27,dcta_parity_v1,topk_filter,aa0724188407797eae5187348bee11ee9f51317c4e8a201863b052786aa2f1df,823213c90703fd83224ad7122ee730ba64af3769ea517af252103bddd907f681,ACBBA,ideal,1.0,19,361,4,0.05,18,,,acbba_topk_5,/home/agxorin/topk_filter_study/simulator/scenarios/final_trial_500.csv,clue_search,03,24,0,25,0,0,0,0,49,25,24,49,0,0,collision_intent:24;state:24;target:1,144,0,completed
28,dcta_parity_v1,topk_filter,aa0724188407797eae5187348bee11ee9f51317c4e8a201863b052786aa2f1df,823213c90703fd83224ad7122ee730ba64af3769ea517af252103bddd907f681,ACBBA,ideal,1.0,19,361,4,0.05,18,,,acbba_topk_5,/home/agxorin/topk_filter_study/simulator/scenarios/final_trial_500.csv,clue_search,00,4,0,5,0,0,0,0,8,4,4,8,0,0,collision_intent:4;state:4,24,0,completed
28,dcta_parity_v1,topk_filter,aa0724188407797eae5187348bee11ee9f51317c4e8a201863b052786aa2f1df,823213c90703fd83224ad7122ee730ba64af3769ea517af252103bddd907f681,ACBBA,ideal,1.0,19,361,4,0.05,18,,,acbba_topk_5,/home/agxorin/topk_filter_study/simulator/scenarios/final_trial_500.csv,clue_search,01,4,0,5,0,0,0,0,9,5,4,9,0,0,collision_intent:4;state:4;target:1,24,0,completed
28,dcta_parity_v1,topk_filter,aa0724188407797eae5187348bee11ee9f51317c4e8a201863b052786aa2f1df,823213c90703fd83224ad7122ee730ba64af3769ea517af252103bddd907f681,ACBBA,ideal,1.0,19,361,4,0.05,18,,,acbba_topk_5,/home/agxorin/topk_filter_study/simulator/scenarios/final_trial_500.csv,clue_search,02,4,0,5,0,0,0,0,8,4,4,8,0,0,collision_intent:4;state:4,24,0,completed
28,dcta_parity_v1,topk_filter,aa0724188407797eae5187348bee11ee9f51317c4e8a201863b052786aa2f1df,823213c90703fd83224ad7122ee730ba64af3769ea517af252103bddd907f681,ACBBA,ideal,1.0,19,361,4,0.05,18,,,acbba_topk_5,/home/agxorin/topk_filter_study/simulator/scenarios/final_trial_500.csv,clue_search,03,4,0,5,0,0,0,0,8,4,4,8,0,0,collision_intent:4;state:4,23,0,completed
29,dcta_parity_v1,topk_filter,aa0724188407797eae5187348bee11ee9f51317c4e8a201863b052786aa2f1df,823213c90703fd83224ad7122ee730ba64af3769ea517af252103bddd907f681,ACBBA,ideal,1.0,19,361,4,0.05,18,,,acbba_topk_5,/home/agxorin/topk_filter_study/simulator/scenarios/final_trial_500.csv,clue_search,00,35,20,35,1,0,0,0,203,35,168,72,131,172,acbba_entry:131;clue:2;collision_intent:35;state:35,642,0,completed
29,dcta_parity_v1,topk_filter,aa0724188407797eae5187348bee11ee9f51317c4e8a201863b052786aa2f1df,823213c90703fd83224ad7122ee730ba64af3769ea517af252103bddd907f681,ACBBA,ideal,1.0,19,361,4,0.05,18,,,acbba_topk_5,/home/agxorin/topk_filter_study/simulator/scenarios/final_trial_500.csv,clue_search,01,34,19,32,3,0,1,1,215,35,180,71,144,185,acbba_entry:144;clue:2;collision_intent:35;state:34,629,0,completed
29,dcta_parity_v1,topk_filter,aa0724188407797eae5187348bee11ee9f51317c4e8a201863b052786aa2f1df,823213c90703fd83224ad7122ee730ba64af3769ea517af252103bddd907f681,ACBBA,ideal,1.0,19,361,4,0.05,18,,,acbba_topk_5,/home/agxorin/topk_filter_study/simulator/scenarios/final_trial_500.csv,clue_search,02,35,19,35,1,1,0,0,211,36,175,73,138,179,acbba_entry:138;clue:2;collision_intent:35;state:35;target:1,635,0,completed
29,dcta_parity_v1,topk_filter,aa0724188407797eae5187348bee11ee9f51317c4e8a201863b052786aa2f1df,823213c90703fd83224ad7122ee730ba64af3769ea517af252103bddd907f681,ACBBA,ideal,1.0,19,361,4,0.05,18,,,acbba_topk_5,/home/agxorin/topk_filter_study/simulator/scenarios/final_trial_500.csv,clue_search,03,35,19,35,1,0,0,0,217,35,182,72,145,185,acbba_entry:145;clue:2;collision_intent:35;state:35,628,0,completed
30,dcta_parity_v1,topk_filter,aa0724188407797eae5187348bee11ee9f51317c4e8a201863b052786aa2f1df,823213c90703fd83224ad7122ee730ba64af3769ea517af252103bddd907f681,ACBBA,ideal,1.0,19,361,4,0.05,18,,,acbba_topk_5,/home/agxorin/topk_filter_study/simulator/scenarios/final_trial_500.csv,clue_search,00,91,28,92,0,0,0,0,418,92,326,186,232,292,acbba_entry:232;clue:3;collision_intent:91;state:91;target:1,1220,0,completed
30,dcta_parity_v1,topk_filter,aa0724188407797eae5187348bee11ee9f51317c4e8a201863b052786aa2f1df,823213c90703fd83224ad7122ee730ba64af3769ea517af252103bddd907f681,ACBBA,ideal,1.0,19,361,4,0.05,18,,,acbba_topk_5,/home/agxorin/topk_filter_study/simulator/scenarios/final_trial_500.csv,clue_search,01,91,28,88,4,3,0,0,409,91,318,185,224,283,acbba_entry:224;clue:3;collision_intent:91;state:91,1227,0,completed
30,dcta_parity_v1,topk_filter,aa0724188407797eae5187348bee11ee9f51317c4e8a201863b052786aa2f1df,823213c90703fd83224ad7122ee730ba64af3769ea517af252103bddd907f681,ACBBA,ideal,1.0,19,361,4,0.05,18,,,acbba_topk_5,/home/agxorin/topk_filter_study/simulator/scenarios/final_trial_500.csv,clue_search,02,94,31,74,21,2,1,1,403,96,307,193,210,277,acbba_entry:210;clue:3;collision_intent:96;state:94,1233,0,completed
30,dcta_parity_v1,topk_filter,aa0724188407797eae5187348bee11ee9f51317c4e8a201863b052786aa2f1df,823213c90703fd83224ad7122ee730ba64af3769ea517af252103bddd907f681,ACBBA,ideal,1.0,19,361,4,0.05,18,,,acbba_topk_5,/home/agxorin/topk_filter_study/simulator/scenarios/final_trial_500.csv,clue_search,03,93,30,81,13,1,0,0,408,94,314,190,218,282,acbba_entry:218;clue:3;collision_intent:94;state:93,1229,0,completed
31,dcta_parity_v1,topk_filter,aa0724188407797eae5187348bee11ee9f51317c4e8a201863b052786aa2f1df,823213c90703fd83224ad7122ee730ba64af3769ea517af252103bddd907f681,ACBBA,ideal,1.0,19,361,4,0.05,18,,,acbba_topk_5,/home/agxorin/topk_filter_study/simulator/scenarios/final_trial_500.csv,clue_search,00,85,78,71,15,3,3,2,788,88,700,176,612,774,acbba_entry:612;clue:3;collision_intent:88;state:85,2391,0,completed
31,dcta_parity_v1,topk_filter,aa0724188407797eae5187348bee11ee9f51317c4e8a201863b052786aa2f1df,823213c90703fd83224ad7122ee730ba64af3769ea517af252103bddd907f681,ACBBA,ideal,1.0,19,361,4,0.05,18,,,acbba_topk_5,/home/agxorin/topk_filter_study/simulator/scenarios/final_trial_500.csv,clue_search,01,86,79,73,14,3,0,0,772,86,686,175,597,758,acbba_entry:597;clue:3;collision_intent:86;state:86,2408,0,completed
31,dcta_parity_v1,topk_filter,aa0724188407797eae5187348bee11ee9f51317c4e8a201863b052786aa2f1df,823213c90703fd83224ad7122ee730ba64af3769ea517af252103bddd907f681,ACBBA,ideal,1.0,19,361,4,0.05,18,,,acbba_topk_5,/home/agxorin/topk_filter_study/simulator/scenarios/final_trial_500.csv,clue_search,02,86,79,83,4,8,1,1,805,87,718,176,629,791,acbba_entry:629;clue:3;collision_intent:87;state:86,2376,0,completed
31,dcta_parity_v1,topk_filter,aa0724188407797eae5187348bee11ee9f51317c4e8a201863b052786aa2f1df,823213c90703fd83224ad7122ee730ba64af3769ea517af252103bddd907f681,ACBBA,ideal,1.0,19,361,4,0.05,18,,,acbba_topk_5,/home/agxorin/topk_filter_study/simulator/scenarios/final_trial_500.csv,clue_search,03,87,80,70,18,4,0,0,816,88,728,178,638,802,acbba_entry:638;clue:3;collision_intent:87;state:87;target:1,2365,0,completed
32,dcta_parity_v1,topk_filter,aa0724188407797eae5187348bee11ee9f51317c4e8a201863b052786aa2f1df,823213c90703fd83224ad7122ee730ba64af3769ea517af252103bddd907f681,ACBBA,ideal,1.0,19,361,4,0.05,18,,,acbba_topk_5,/home/agxorin/topk_filter_study/simulator/scenarios/final_trial_500.csv,clue_search,00,63,29,60,4,1,1,1,341,65,276,130,211,273,acbba_entry:211;clue:2;collision_intent:64;state:63;target:1,1026,0,completed
32,dcta_parity_v1,topk_filter,aa0724188407797eae5187348bee11ee9f51317c4e8a201863b052786aa2f1df,823213c90703fd83224ad7122ee730ba64af3769ea517af252103bddd907f681,ACBBA,ideal,1.0,19,361,4,0.05,18,,,acbba_topk_5,/home/agxorin/topk_filter_study/simulator/scenarios/final_trial_500.csv,clue_search,01,62,29,62,1,2,0,0,350,62,288,126,224,284,acbba_entry:224;clue:2;collision_intent:62;state:62,1017,0,completed
32,dcta_parity_v1,topk_filter,aa0724188407797eae5187348bee11ee9f51317c4e8a201863b052786aa2f1df,823213c90703fd83224ad7122ee730ba64af3769ea517af252103bddd907f681,ACBBA,ideal,1.0,19,361,4,0.05,18,,,acbba_topk_5,/home/agxorin/topk_filter_study/simulator/scenarios/final_trial_500.csv,clue_search,02,64,31,53,12,5,1,1,343,65,278,131,212,277,acbba_entry:212;clue:2;collision_intent:65;state:64,1024,0,completed
32,dcta_parity_v1,topk_filter,aa0724188407797eae5187348bee11ee9f51317c4e8a201863b052786aa2f1df,823213c90703fd83224ad7122ee730ba64af3769ea517af252103bddd907f681,ACBBA,ideal,1.0,19,361,4,0.05,18,,,acbba_topk_5,/home/agxorin/topk_filter_study/simulator/scenarios/final_trial_500.csv,clue_search,03,64,31,49,16,7,1,1,333,65,268,131,202,267,acbba_entry:202;clue:2;collision_intent:65;state:64,1033,0,completed
33,dcta_parity_v1,topk_filter,aa0724188407797eae5187348bee11ee9f51317c4e8a201863b052786aa2f1df,823213c90703fd83224ad7122ee730ba64af3769ea517af252103bddd907f681,ACBBA,ideal,1.0,19,361,4,0.05,18,,,acbba_topk_5,/home/agxorin/topk_filter_study/simulator/scenarios/final_trial_500.csv,clue_search,00,13,13,12,2,0,0,0,126,14,112,29,97,126,acbba_entry:97;clue:2;collision_intent:13;state:13;target:1,355,0,completed
33,dcta_parity_v1,topk_filter,aa0724188407797eae5187348bee11ee9f51317c4e8a201863b052786aa2f1df,823213c90703fd83224ad7122ee730ba64af3769ea517af252103bddd907f681,ACBBA,ideal,1.0,19,361,4,0.05,18,,,acbba_topk_5,/home/agxorin/topk_filter_study/simulator/scenarios/final_trial_500.csv,clue_search,01,12,12,13,0,1,0,0,117,13,104,27,90,117,acbba_entry:90;clue:2;collision_intent:13;state:12,362,0,completed
33,dcta_parity_v1,topk_filter,aa0724188407797eae5187348bee11ee9f51317c4e8a201863b052786aa2f1df,823213c90703fd83224ad7122ee730ba64af3769ea517af252103bddd907f681,ACBBA,ideal,1.0,19,361,4,0.05,18,,,acbba_topk_5,/home/agxorin/topk_filter_study/simulator/scenarios/final_trial_500.csv,clue_search,02,13,13,12,2,2,0,0,118,13,105,28,90,118,acbba_entry:90;clue:2;collision_intent:13;state:13,363,0,completed
33,dcta_parity_v1,topk_filter,aa0724188407797eae5187348bee11ee9f51317c4e8a201863b052786aa2f1df,823213c90703fd83224ad7122ee730ba64af3769ea517af252103bddd907f681,ACBBA,ideal,1.0,19,361,4,0.05,18,,,acbba_topk_5,/home/agxorin/topk_filter_study/simulator/scenarios/final_trial_500.csv,clue_search,03,13,13,13,1,4,0,0,120,13,107,28,92,120,acbba_entry:92;clue:2;collision_intent:13;state:13,360,0,completed
34,dcta_parity_v1,topk_filter,aa0724188407797eae5187348bee11ee9f51317c4e8a201863b052786aa2f1df,823213c90703fd83224ad7122ee730ba64af3769ea517af252103bddd907f681,ACBBA,ideal,1.0,19,361,4,0.05,18,,,acbba_topk_5,/home/agxorin/topk_filter_study/simulator/scenarios/final_trial_500.csv,clue_search,00,28,3,29,0,0,0,0,82,28,54,57,25,32,acbba_entry:25;clue:1;collision_intent:28;state:28,238,0,completed
34,dcta_parity_v1,topk_filter,aa0724188407797eae5187348bee11ee9f51317c4e8a201863b052786aa2f1df,823213c90703fd83224ad7122ee730ba64af3769ea517af252103bddd907f681,ACBBA,ideal,1.0,19,361,4,0.05,18,,,acbba_topk_5,/home/agxorin/topk_filter_study/simulator/scenarios/final_trial_500.csv,clue_search,01,28,4,28,1,0,0,0,78,29,49,58,20,30,acbba_entry:20;clue:1;collision_intent:29;state:28,241,0,completed
34,dcta_parity_v1,topk_filter,aa0724188407797eae5187348bee11ee9f51317c4e8a201863b052786aa2f1df,823213c90703fd83224ad7122ee730ba64af3769ea517af252103bddd907f681,ACBBA,ideal,1.0,19,361,4,0.05,18,,,acbba_topk_5,/home/agxorin/topk_filter_study/simulator/scenarios/final_trial_500.csv,clue_search,02,29,5,29,1,2,0,0,83,30,53,60,23,35,acbba_entry:23;clue:1;collision_intent:29;state:29;target:1,238,0,completed
34,dcta_parity_v1,topk_filter,aa0724188407797eae5187348bee11ee9f51317c4e8a201863b052786aa2f1df,823213c90703fd83224ad7122ee730ba64af3769ea517af252103bddd907f681,ACBBA,ideal,1.0,19,361,4,0.05,18,,,acbba_topk_5,/home/agxorin/topk_filter_study/simulator/scenarios/final_trial_500.csv,clue_search,03,29,5,30,0,1,0,0,78,29,49,59,19,30,acbba_entry:19;clue:1;collision_intent:29;state:29,241,0,completed
35,dcta_parity_v1,topk_filter,aa0724188407797eae5187348bee11ee9f51317c4e8a201863b052786aa2f1df,823213c90703fd83224ad7122ee730ba64af3769ea517af252103bddd907f681,ACBBA,ideal,1.0,19,361,4,0.05,18,,,acbba_topk_5,/home/agxorin/topk_filter_study/simulator/scenarios/final_trial_500.csv,clue_search,00,25,15,26,0,1,0,0,181,25,156,51,130,161,acbba_entry:130;clue:1;collision_intent:25;state:25,560,0,completed
35,dcta_parity_v1,topk_filter,aa0724188407797eae5187348bee11ee9f51317c4e8a201863b052786aa2f1df,823213c90703fd83224ad7122ee730ba64af3769ea517af252103bddd907f681,ACBBA,ideal,1.0,19,361,4,0.05,18,,,acbba_topk_5,/home/agxorin/topk_filter_study/simulator/scenarios/final_trial_500.csv,clue_search,01,25,15,23,3,0,0,0,179,25,154,51,128,159,acbba_entry:128;clue:1;collision_intent:25;state:25,563,0,completed
35,dcta_parity_v1,topk_filter,aa0724188407797eae5187348bee11ee9f51317c4e8a201863b052786aa2f1df,823213c90703fd83224ad7122ee730ba64af3769ea517af252103bddd907f681,ACBBA,ideal,1.0,19,361,4,0.05,18,,,acbba_topk_5,/home/agxorin/topk_filter_study/simulator/scenarios/final_trial_500.csv,clue_search,02,26,16,25,2,1,0,0,191,27,164,54,137,171,acbba_entry:137;clue:1;collision_intent:26;state:26;target:1,551,0,completed
35,dcta_parity_v1,topk_filter,aa0724188407797eae5187348bee11ee9f51317c4e8a201863b052786aa2f1df,823213c90703fd83224ad7122ee730ba64af3769ea517af252103bddd907f681,ACBBA,ideal,1.0,19,361,4,0.05,18,,,acbba_topk_5,/home/agxorin/topk_filter_study/simulator/scenarios/final_trial_500.csv,clue_search,03,25,16,23,3,2,0,0,191,25,166,51,140,172,acbba_entry:140;clue:1;collision_intent:25;state:25,550,0,completed
36,dcta_parity_v1,topk_filter,aa0724188407797eae5187348bee11ee9f51317c4e8a201863b052786aa2f1df,823213c90703fd83224ad7122ee730ba64af3769ea517af252103bddd907f681,ACBBA,ideal,1.0,19,361,4,0.05,18,,,acbba_topk_5,/home/agxorin/topk_filter_study/simulator/scenarios/final_trial_500.csv,clue_search,00,2,0,3,0,0,0,0,4,2,2,4,0,0,collision_intent:2;state:2,8,0,completed
36,dcta_parity_v1,topk_filter,aa0724188407797eae5187348bee11ee9f51317c4e8a201863b052786aa2f1df,823213c90703fd83224ad7122ee730ba64af3769ea517af252103bddd907f681,ACBBA,ideal,1.0,19,361,4,0.05,18,,,acbba_topk_5,/home/agxorin/topk_filter_study/simulator/scenarios/final_trial_500.csv,clue_search,01,1,0,2,0,0,0,0,2,1,1,2,0,0,collision_intent:1;state:1,9,0,completed
36,dcta_parity_v1,topk_filter,aa0724188407797eae5187348bee11ee9f51317c4e8a201863b052786aa2f1df,823213c90703fd83224ad7122ee730ba64af3769ea517af252103bddd907f681,ACBBA,ideal,1.0,19,361,4,0.05,18,,,acbba_topk_5,/home/agxorin/topk_filter_study/simulator/scenarios/final_trial_500.csv,clue_search,02,2,0,3,0,0,0,0,5,3,2,5,0,0,collision_intent:2;state:2;target:1,8,0,completed
36,dcta_parity_v1,topk_filter,aa0724188407797eae5187348bee11ee9f51317c4e8a201863b052786aa2f1df,823213c90703fd83224ad7122ee730ba64af3769ea517af252103bddd907f681,ACBBA,ideal,1.0,19,361,4,0.05,18,,,acbba_topk_5,/home/agxorin/topk_filter_study/simulator/scenarios/final_trial_500.csv,clue_search,03,1,0,2,0,0,0,0,2,1,1,2,0,0,collision_intent:1;state:1,10,0,completed
37,dcta_parity_v1,topk_filter,aa0724188407797eae5187348bee11ee9f51317c4e8a201863b052786aa2f1df,823213c90703fd83224ad7122ee730ba64af3769ea517af252103bddd907f681,ACBBA,ideal,1.0,19,361,4,0.05,18,,,acbba_topk_5,/home/agxorin/topk_filter_study/simulator/scenarios/final_trial_500.csv,clue_search,00,69,50,65,5,2,0,0,512,69,443,142,370,473,acbba_entry:370;clue:4;collision_intent:69;state:69,1490,0,completed
37,dcta_parity_v1,topk_filter,aa0724188407797eae5187348bee11ee9f51317c4e8a201863b052786aa2f1df,823213c90703fd83224ad7122ee730ba64af3769ea517af252103bddd907f681,ACBBA,ideal,1.0,19,361,4,0.05,18,,,acbba_topk_5,/home/agxorin/topk_filter_study/simulator/scenarios/final_trial_500.csv,clue_search,01,68,49,60,9,3,0,0,496,68,428,140,356,458,acbba_entry:356;clue:4;collision_intent:68;state:68,1506,0,completed
37,dcta_parity_v1,topk_filter,aa0724188407797eae5187348bee11ee9f51317c4e8a201863b052786aa2f1df,823213c90703fd83224ad7122ee730ba64af3769ea517af252103bddd907f681,ACBBA,ideal,1.0,19,361,4,0.05,18,,,acbba_topk_5,/home/agxorin/topk_filter_study/simulator/scenarios/final_trial_500.csv,clue_search,02,70,50,61,10,2,0,0,503,71,432,145,358,463,acbba_entry:358;clue:4;collision_intent:70;state:70;target:1,1499,0,completed
37,dcta_parity_v1,topk_filter,aa0724188407797eae5187348bee11ee9f51317c4e8a201863b052786aa2f1df,823213c90703fd83224ad7122ee730ba64af3769ea517af252103bddd907f681,ACBBA,ideal,1.0,19,361,4,0.05,18,,,acbba_topk_5,/home/agxorin/topk_filter_study/simulator/scenarios/final_trial_500.csv,clue_search,03,70,50,56,15,1,1,1,491,71,420,145,346,451,acbba_entry:346;clue:4;collision_intent:71;state:70,1510,0,completed
38,dcta_parity_v1,topk_filter,aa0724188407797eae5187348bee11ee9f51317c4e8a201863b052786aa2f1df,823213c90703fd83224ad7122ee730ba64af3769ea517af252103bddd907f681,ACBBA,ideal,1.0,19,361,4,0.05,18,,,acbba_topk_5,/home/agxorin/topk_filter_study/simulator/scenarios/final_trial_500.csv,clue_search,00,85,83,77,9,2,0,0,810,85,725,174,636,806,acbba_entry:636;clue:4;collision_intent:85;state:85,2470,0,completed
38,dcta_parity_v1,topk_filter,aa0724188407797eae5187348bee11ee9f51317c4e8a201863b052786aa2f1df,823213c90703fd83224ad7122ee730ba64af3769ea517af252103bddd907f681,ACBBA,ideal,1.0,19,361,4,0.05,18,,,acbba_topk_5,/home/agxorin/topk_filter_study/simulator/scenarios/final_trial_500.csv,clue_search,01,84,83,72,13,6,0,0,830,84,746,172,658,828,acbba_entry:658;clue:4;collision_intent:84;state:84,2449,0,completed
38,dcta_parity_v1,topk_filter,aa0724188407797eae5187348bee11ee9f51317c4e8a201863b052786aa2f1df,823213c90703fd83224ad7122ee730ba64af3769ea517af252103bddd907f681,ACBBA,ideal,1.0,19,361,4,0.05,18,,,acbba_topk_5,/home/agxorin/topk_filter_study/simulator/scenarios/final_trial_500.csv,clue_search,02,83,81,74,10,2,0,0,815,83,732,170,645,811,acbba_entry:645;clue:4;collision_intent:83;state:83,2464,0,completed
38,dcta_parity_v1,topk_filter,aa0724188407797eae5187348bee11ee9f51317c4e8a201863b052786aa2f1df,823213c90703fd83224ad7122ee730ba64af3769ea517af252103bddd907f681,ACBBA,ideal,1.0,19,361,4,0.05,18,,,acbba_topk_5,/home/agxorin/topk_filter_study/simulator/scenarios/final_trial_500.csv,clue_search,03,85,84,72,14,1,0,0,826,86,740,175,651,824,acbba_entry:651;clue:4;collision_intent:85;state:85;target:1,2455,0,completed
39,dcta_parity_v1,topk_filter,aa0724188407797eae5187348bee11ee9f51317c4e8a201863b052786aa2f1df,823213c90703fd83224ad7122ee730ba64af3769ea517af252103bddd907f681,ACBBA,ideal,1.0,19,361,4,0.05,18,,,acbba_topk_5,/home/agxorin/topk_filter_study/simulator/scenarios/final_trial_500.csv,clue_search,00,37,20,35,3,2,0,0,207,37,170,75,132,173,acbba_entry:132;clue:1;collision_intent:37;state:37,672,0,completed
39,dcta_parity_v1,topk_filter,aa0724188407797eae5187348bee11ee9f51317c4e8a201863b052786aa2f1df,823213c90703fd83224ad7122ee730ba64af3769ea517af252103bddd907f681,ACBBA,ideal,1.0,19,361,4,0.05,18,,,acbba_topk_5,/home/agxorin/topk_filter_study/simulator/scenarios/final_trial_500.csv,clue_search,01,36,19,36,1,0,0,0,218,36,182,73,145,184,acbba_entry:145;clue:1;collision_intent:36;state:36,662,0,completed
39,dcta_parity_v1,topk_filter,aa0724188407797eae5187348bee11ee9f51317c4e8a201863b052786aa2f1df,823213c90703fd83224ad7122ee730ba64af3769ea517af252103bddd907f681,ACBBA,ideal,1.0,19,361,4,0.05,18,,,acbba_topk_5,/home/agxorin/topk_filter_study/simulator/scenarios/final_trial_500.csv,clue_search,02,36,19,36,1,2,0,0,228,36,192,73,155,194,acbba_entry:155;clue:1;collision_intent:36;state:36,653,0,completed
39,dcta_parity_v1,topk_filter,aa0724188407797eae5187348bee11ee9f51317c4e8a201863b052786aa2f1df,823213c90703fd83224ad7122ee730ba64af3769ea517af252103bddd907f681,ACBBA,ideal,1.0,19,361,4,0.05,18,,,acbba_topk_5,/home/agxorin/topk_filter_study/simulator/scenarios/final_trial_500.csv,clue_search,03,36,19,36,1,1,0,0,228,37,191,74,154,194,acbba_entry:154;clue:1;collision_intent:36;state:36;target:1,653,0,completed
40,dcta_parity_v1,topk_filter,aa0724188407797eae5187348bee11ee9f51317c4e8a201863b052786aa2f1df,823213c90703fd83224ad7122ee730ba64af3769ea517af252103bddd907f681,ACBBA,ideal,1.0,19,361,4,0.05,18,,,acbba_topk_5,/home/agxorin/topk_filter_study/simulator/scenarios/final_trial_500.csv,clue_search,00,104,72,90,15,3,0,0,795,105,690,212,583,731,acbba_entry:583;clue:3;collision_intent:104;state:104;target:1,2306,0,completed
40,dcta_parity_v1,topk_filter,aa0724188407797eae5187348bee11ee9f51317c4e8a201863b052786aa2f1df,823213c90703fd83224ad7122ee730ba64af3769ea517af252103bddd907f681,ACBBA,ideal,1.0,19,361,4,0.05,18,,,acbba_topk_5,/home/agxorin/topk_filter_study/simulator/scenarios/final_trial_500.csv,clue_search,01,103,72,86,18,3,3,3,777,106,671,212,565,715,acbba_entry:565;clue:3;collision_intent:106;state:103,2323,0,completed
40,dcta_parity_v1,topk_filter,aa0724188407797eae5187348bee11ee9f51317c4e8a201863b052786aa2f1df,823213c90703fd83224ad7122ee730ba64af3769ea517af252103bddd907f681,ACBBA,ideal,1.0,19,361,4,0.05,18,,,acbba_topk_5,/home/agxorin/topk_filter_study/simulator/scenarios/final_trial_500.csv,clue_search,02,104,72,82,23,7,2,2,767,106,661,213,554,703,acbba_entry:554;clue:3;collision_intent:106;state:104,2333,0,completed
40,dcta_parity_v1,topk_filter,aa0724188407797eae5187348bee11ee9f51317c4e8a201863b052786aa2f1df,823213c90703fd83224ad7122ee730ba64af3769ea517af252103bddd907f681,ACBBA,ideal,1.0,19,361,4,0.05,18,,,acbba_topk_5,/home/agxorin/topk_filter_study/simulator/scenarios/final_trial_500.csv,clue_search,03,105,74,88,18,3,4,2,762,109,653,217,545,700,acbba_entry:545;clue:3;collision_intent:109;state:105,2337,0,completed
41,dcta_parity_v1,topk_filter,aa0724188407797eae5187348bee11ee9f51317c4e8a201863b052786aa2f1df,823213c90703fd83224ad7122ee730ba64af3769ea517af252103bddd907f681,ACBBA,ideal,1.0,19,361,4,0.05,18,,,acbba_topk_5,/home/agxorin/topk_filter_study/simulator/scenarios/final_trial_500.csv,clue_search,00,10,8,11,0,2,0,0,69,11,58,23,46,65,acbba_entry:46;clue:2;collision_intent:10;state:10;target:1,232,0,completed
41,dcta_parity_v1,topk_filter,aa0724188407797eae5187348bee11ee9f51317c4e8a201863b052786aa2f1df,823213c90703fd83224ad7122ee730ba64af3769ea517af252103bddd907f681,ACBBA,ideal,1.0,19,361,4,0.05,18,,,acbba_topk_5,/home/agxorin/topk_filter_study/simulator/scenarios/final_trial_500.csv,clue_search,01,9,8,10,0,5,0,0,78,9,69,20,58,76,acbba_entry:58;clue:2;collision_intent:9;state:9,221,0,completed
41,dcta_parity_v1,topk_filter,aa0724188407797eae5187348bee11ee9f51317c4e8a201863b052786aa2f1df,823213c90703fd83224ad7122ee730ba64af3769ea517af252103bddd907f681,ACBBA,ideal,1.0,19,361,4,0.05,18,,,acbba_topk_5,/home/agxorin/topk_filter_study/simulator/scenarios/final_trial_500.csv,clue_search,02,9,7,8,2,0,1,1,74,10,64,21,53,70,acbba_entry:53;clue:2;collision_intent:10;state:9,226,0,completed
41,dcta_parity_v1,topk_filter,aa0724188407797eae5187348bee11ee9f51317c4e8a201863b052786aa2f1df,823213c90703fd83224ad7122ee730ba64af3769ea517af252103bddd907f681,ACBBA,ideal,1.0,19,361,4,0.05,18,,,acbba_topk_5,/home/agxorin/topk_filter_study/simulator/scenarios/final_trial_500.csv,clue_search,03,9,8,9,1,3,0,0,80,9,71,20,60,78,acbba_entry:60;clue:2;collision_intent:9;state:9,220,0,completed
42,dcta_parity_v1,topk_filter,aa0724188407797eae5187348bee11ee9f51317c4e8a201863b052786aa2f1df,823213c90703fd83224ad7122ee730ba64af3769ea517af252103bddd907f681,ACBBA,ideal,1.0,19,361,4,0.05,18,,,acbba_topk_5,/home/agxorin/topk_filter_study/simulator/scenarios/final_trial_500.csv,clue_search,00,20,12,21,0,1,0,0,130,21,109,42,88,114,acbba_entry:88;clue:1;collision_intent:21;state:20,392,0,completed
42,dcta_parity_v1,topk_filter,aa0724188407797eae5187348bee11ee9f51317c4e8a201863b052786aa2f1df,823213c90703fd83224ad7122ee730ba64af3769ea517af252103bddd907f681,ACBBA,ideal,1.0,19,361,4,0.05,18,,,acbba_topk_5,/home/agxorin/topk_filter_study/simulator/scenarios/final_trial_500.csv,clue_search,01,20,12,19,2,2,0,0,131,20,111,41,90,115,acbba_entry:90;clue:1;collision_intent:20;state:20,391,0,completed
42,dcta_parity_v1,topk_filter,aa0724188407797eae5187348bee11ee9f51317c4e8a201863b052786aa2f1df,823213c90703fd83224ad7122ee730ba64af3769ea517af252103bddd907f681,ACBBA,ideal,1.0,19,361,4,0.05,18,,,acbba_topk_5,/home/agxorin/topk_filter_study/simulator/scenarios/final_trial_500.csv,clue_search,02,20,11,20,1,0,0,0,125,20,105,41,84,107,acbba_entry:84;clue:1;collision_intent:20;state:20,398,0,completed
42,dcta_parity_v1,topk_filter,aa0724188407797eae5187348bee11ee9f51317c4e8a201863b052786aa2f1df,823213c90703fd83224ad7122ee730ba64af3769ea517af252103bddd907f681,ACBBA,ideal,1.0,19,361,4,0.05,18,,,acbba_topk_5,/home/agxorin/topk_filter_study/simulator/scenarios/final_trial_500.csv,clue_search,03,20,12,20,1,2,0,0,137,21,116,42,95,121,acbba_entry:95;clue:1;collision_intent:20;state:20;target:1,386,0,completed
43,dcta_parity_v1,topk_filter,aa0724188407797eae5187348bee11ee9f51317c4e8a201863b052786aa2f1df,823213c90703fd83224ad7122ee730ba64af3769ea517af252103bddd907f681,ACBBA,ideal,1.0,19,361,4,0.05,18,,,acbba_topk_5,/home/agxorin/topk_filter_study/simulator/scenarios/final_trial_500.csv,clue_search,00,4,0,5,0,0,0,0,8,4,4,8,0,0,collision_intent:4;state:4,24,0,completed
43,dcta_parity_v1,topk_filter,aa0724188407797eae5187348bee11ee9f51317c4e8a201863b052786aa2f1df,823213c90703fd83224ad7122ee730ba64af3769ea517af252103bddd907f681,ACBBA,ideal,1.0,19,361,4,0.05,18,,,acbba_topk_5,/home/agxorin/topk_filter_study/simulator/scenarios/final_trial_500.csv,clue_search,01,4,0,5,0,0,0,0,9,5,4,9,0,0,collision_intent:4;state:4;target:1,24,0,completed
43,dcta_parity_v1,topk_filter,aa0724188407797eae5187348bee11ee9f51317c4e8a201863b052786aa2f1df,823213c90703fd83224ad7122ee730ba64af3769ea517af252103bddd907f681,ACBBA,ideal,1.0,19,361,4,0.05,18,,,acbba_topk_5,/home/agxorin/topk_filter_study/simulator/scenarios/final_trial_500.csv,clue_search,02,4,0,5,0,0,0,0,8,4,4,8,0,0,collision_intent:4;state:4,24,0,completed
43,dcta_parity_v1,topk_filter,aa0724188407797eae5187348bee11ee9f51317c4e8a201863b052786aa2f1df,823213c90703fd83224ad7122ee730ba64af3769ea517af252103bddd907f681,ACBBA,ideal,1.0,19,361,4,0.05,18,,,acbba_topk_5,/home/agxorin/topk_filter_study/simulator/scenarios/final_trial_500.csv,clue_search,03,4,0,5,0,0,0,0,8,4,4,8,0,0,collision_intent:4;state:4,23,0,completed
44,dcta_parity_v1,topk_filter,aa0724188407797eae5187348bee11ee9f51317c4e8a201863b052786aa2f1df,823213c90703fd83224ad7122ee730ba64af3769ea517af252103bddd907f681,ACBBA,ideal,1.0,19,361,4,0.05,18,,,acbba_topk_5,/home/agxorin/topk_filter_study/simulator/scenarios/final_trial_500.csv,clue_search,00,29,0,30,0,0,0,0,58,29,29,58,0,0,collision_intent:29;state:29,175,0,completed
44,dcta_parity_v1,topk_filter,aa0724188407797eae5187348bee11ee9f51317c4e8a201863b052786aa2f1df,823213c90703fd83224ad7122ee730ba64af3769ea517af252103bddd907f681,ACBBA,ideal,1.0,19,361,4,0.05,18,,,acbba_topk_5,/home/agxorin/topk_filter_study/simulator/scenarios/final_trial_500.csv,clue_search,01,29,0,30,0,0,0,0,59,30,29,59,0,0,collision_intent:29;state:29;target:1,174,0,completed
44,dcta_parity_v1,topk_filter,aa0724188407797eae5187348bee11ee9f51317c4e8a201863b052786aa2f1df,823213c90703fd83224ad7122ee730ba64af3769ea517af252103bddd907f681,ACBBA,ideal,1.0,19,361,4,0.05,18,,,acbba_topk_5,/home/agxorin/topk_filter_study/simulator/scenarios/final_trial_500.csv,clue_search,02,29,0,30,0,0,0,0,58,29,29,58,0,0,collision_intent:29;state:29,174,0,completed
44,dcta_parity_v1,topk_filter,aa0724188407797eae5187348bee11ee9f51317c4e8a201863b052786aa2f1df,823213c90703fd83224ad7122ee730ba64af3769ea517af252103bddd907f681,ACBBA,ideal,1.0,19,361,4,0.05,18,,,acbba_topk_5,/home/agxorin/topk_filter_study/simulator/scenarios/final_trial_500.csv,clue_search,03,29,0,30,0,0,0,0,58,29,29,58,0,0,collision_intent:29;state:29,174,0,completed
45,dcta_parity_v1,topk_filter,aa0724188407797eae5187348bee11ee9f51317c4e8a201863b052786aa2f1df,823213c90703fd83224ad7122ee730ba64af3769ea517af252103bddd907f681,ACBBA,ideal,1.0,19,361,4,0.05,18,,,acbba_topk_5,/home/agxorin/topk_filter_study/simulator/scenarios/final_trial_500.csv,clue_search,00,63,28,59,5,3,0,0,311,63,248,129,182,241,acbba_entry:182;clue:3;collision_intent:63;state:63,961,0,completed
45,dcta_parity_v1,topk_filter,aa0724188407797eae5187348bee11ee9f51317c4e8a201863b052786aa2f1df,823213c90703fd83224ad7122ee730ba64af3769ea517af252103bddd907f681,ACBBA,ideal,1.0,19,361,4,0.05,18,,,acbba_topk_5,/home/agxorin/topk_filter_study/simulator/scenarios/final_trial_500.csv,clue_search,01,62,28,58,5,1,0,0,317,62,255,127,190,249,acbba_entry:190;clue:3;collision_intent:62;state:62,955,0,completed
45,dcta_parity_v1,topk_filter,aa0724188407797eae5187348bee11ee9f51317c4e8a201863b052786aa2f1df,823213c90703fd83224ad7122ee730ba64af3769ea517af252103bddd907f681,ACBBA,ideal,1.0,19,361,4,0.05,18,,,acbba_topk_5,/home/agxorin/topk_filter_study/simulator/scenarios/final_trial_500.csv,clue_search,02,63,28,54,10,4,0,0,327,64,263,130,197,257,acbba_entry:197;clue:3;collision_intent:63;state:63;target:1,946,0,completed
45,dcta_parity_v1,topk_filter,aa0724188407797eae5187348bee11ee9f51317c4e8a201863b052786aa2f1df,823213c90703fd83224ad7122ee730ba64af3769ea517af252103bddd907f681,ACBBA,ideal,1.0,19,361,4,0.05,18,,,acbba_topk_5,/home/agxorin/topk_filter_study/simulator/scenarios/final_trial_500.csv,clue_search,03,62,27,54,9,2,0,0,318,62,256,127,191,248,acbba_entry:191;clue:3;collision_intent:62;state:62,953,0,completed
46,dcta_parity_v1,topk_filter,aa0724188407797eae5187348bee11ee9f51317c4e8a201863b052786aa2f1df,823213c90703fd83224ad7122ee730ba64af3769ea517af252103bddd907f681,ACBBA,ideal,1.0,19,361,4,0.05,18,,,acbba_topk_5,/home/agxorin/topk_filter_study/simulator/scenarios/final_trial_500.csv,clue_search,00,59,51,59,1,2,1,1,481,60,421,122,359,465,acbba_entry:359;clue:3;collision_intent:60;state:59,1488,0,completed
46,dcta_parity_v1,topk_filter,aa0724188407797eae5187348bee11ee9f51317c4e8a201863b052786aa2f1df,823213c90703fd83224ad7122ee730ba64af3769ea517af252103bddd907f681,ACBBA,ideal,1.0,19,361,4,0.05,18,,,acbba_topk_5,/home/agxorin/topk_filter_study/simulator/scenarios/final_trial_500.csv,clue_search,01,58,51,45,14,5,1,1,506,59,447,120,386,491,acbba_entry:386;clue:3;collision_intent:59;state:58,1465,0,completed
46,dcta_parity_v1,topk_filter,aa0724188407797eae5187348bee11ee9f51317c4e8a201863b052786aa2f1df,823213c90703fd83224ad7122ee730ba64af3769ea517af252103bddd907f681,ACBBA,ideal,1.0,19,361,4,0.05,18,,,acbba_topk_5,/home/agxorin/topk_filter_study/simulator/scenarios/final_trial_500.csv,clue_search,02,56,48,36,21,5,6,6,499,63,436,122,377,483,acbba_entry:377;clue:3;collision_intent:63;state:56,1470,0,completed
46,dcta_parity_v1,topk_filter,aa0724188407797eae5187348bee11ee9f51317c4e8a201863b052786aa2f1df,823213c90703fd83224ad7122ee730ba64af3769ea517af252103bddd907f681,ACBBA,ideal,1.0,19,361,4,0.05,18,,,acbba_topk_5,/home/agxorin/topk_filter_study/simulator/scenarios/final_trial_500.csv,clue_search,03,57,49,57,1,1,0,0,485,58,427,118,367,469,acbba_entry:367;clue:3;collision_intent:57;state:57;target:1,1486,0,completed
47,dcta_parity_v1,topk_filter,aa0724188407797eae5187348bee11ee9f51317c4e8a201863b052786aa2f1df,823213c90703fd83224ad7122ee730ba64af3769ea517af252103bddd907f681,ACBBA,ideal,1.0,19,361,4,0.05,18,,,acbba_topk_5,/home/agxorin/topk_filter_study/simulator/scenarios/final_trial_500.csv,clue_search,00,94,86,76,19,7,1,1,797,96,701,193,604,781,acbba_entry:604;clue:3;collision_intent:96;state:94,2363,0,completed
47,dcta_parity_v1,topk_filter,aa0724188407797eae5187348bee11ee9f51317c4e8a201863b052786aa2f1df,823213c90703fd83224ad7122ee730ba64af3769ea517af252103bddd907f681,ACBBA,ideal,1.0,19,361,4,0.05,18,,,acbba_topk_5,/home/agxorin/topk_filter_study/simulator/scenarios/final_trial_500.csv,clue_search,01,94,87,69,26,4,1,1,782,96,686,193,589,768,acbba_entry:589;clue:3;collision_intent:95;state:94;target:1,2380,0,completed
47,dcta_parity_v1,topk_filter,aa0724188407797eae5187348bee11ee9f51317c4e8a201863b052786aa2f1df,823213c90703fd83224ad7122ee730ba64af3769ea517af252103bddd907f681,ACBBA,ideal,1.0,19,361,4,0.05,18,,,acbba_topk_5,/home/agxorin/topk_filter_study/simulator/scenarios/final_trial_500.csv,clue_search,02,94,86,87,8,3,0,0,809,94,715,191,618,793,acbba_entry:618;clue:3;collision_intent:94;state:94,2352,0,completed
47,dcta_parity_v1,topk_filter,aa0724188407797eae5187348bee11ee9f51317c4e8a201863b052786aa2f1df,823213c90703fd83224ad7122ee730ba64af3769ea517af252103bddd907f681,ACBBA,ideal,1.0,19,361,4,0.05,18,,,acbba_topk_5,/home/agxorin/topk_filter_study/simulator/scenarios/final_trial_500.csv,clue_search,03,94,86,73,22,8,5,5,774,99,675,196,578,758,acbba_entry:578;clue:3;collision_intent:99;state:94,2387,0,completed
48,dcta_parity_v1,topk_filter,aa0724188407797eae5187348bee11ee9f51317c4e8a201863b052786aa2f1df,823213c90703fd83224ad7122ee730ba64af3769ea517af252103bddd907f681,ACBBA,ideal,1.0,19,361,4,0.05,18,,,acbba_topk_5,/home/agxorin/topk_filter_study/simulator/scenarios/final_trial_500.csv,clue_search,00,11,0,12,0,0,0,0,22,11,11,22,0,0,collision_intent:11;state:11,65,0,completed
48,dcta_parity_v1,topk_filter,aa0724188407797eae5187348bee11ee9f51317c4e8a201863b052786aa2f1df,823213c90703fd83224ad7122ee730ba64af3769ea517af252103bddd907f681,ACBBA,ideal,1.0,19,361,4,0.05,18,,,acbba_topk_5,/home/agxorin/topk_filter_study/simulator/scenarios/final_trial_500.csv,clue_search,01,11,0,12,0,0,0,0,22,11,11,22,0,0,collision_intent:11;state:11,66,0,completed
48,dcta_parity_v1,topk_filter,aa0724188407797eae5187348bee11ee9f51317c4e8a201863b052786aa2f1df,823213c90703fd83224ad7122ee730ba64af3769ea517af252103bddd907f681,ACBBA,ideal,1.0,19,361,4,0.05,18,,,acbba_topk_5,/home/agxorin/topk_filter_study/simulator/scenarios/final_trial_500.csv,clue_search,02,11,0,12,0,0,0,0,22,11,11,22,0,0,collision_intent:11;state:11,66,0,completed
48,dcta_parity_v1,topk_filter,aa0724188407797eae5187348bee11ee9f51317c4e8a201863b052786aa2f1df,823213c90703fd83224ad7122ee730ba64af3769ea517af252103bddd907f681,ACBBA,ideal,1.0,19,361,4,0.05,18,,,acbba_topk_5,/home/agxorin/topk_filter_study/simulator/scenarios/final_trial_500.csv,clue_search,03,11,0,12,0,0,0,0,23,12,11,23,0,0,collision_intent:11;state:11;target:1,66,0,completed
49,dcta_parity_v1,topk_filter,aa0724188407797eae5187348bee11ee9f51317c4e8a201863b052786aa2f1df,823213c90703fd83224ad7122ee730ba64af3769ea517af252103bddd907f681,ACBBA,ideal,1.0,19,361,4,0.05,18,,,acbba_topk_5,/home/agxorin/topk_filter_study/simulator/scenarios/final_trial_500.csv,clue_search,00,47,46,42,6,0,0,0,483,47,436,96,387,481,acbba_entry:387;clue:2;collision_intent:47;state:47,1496,0,completed
49,dcta_parity_v1,topk_filter,aa0724188407797eae5187348bee11ee9f51317c4e8a201863b052786aa2f1df,823213c90703fd83224ad7122ee730ba64af3769ea517af252103bddd907f681,ACBBA,ideal,1.0,19,361,4,0.05,18,,,acbba_topk_5,/home/agxorin/topk_filter_study/simulator/scenarios/final_trial_500.csv,clue_search,01,46,45,36,11,1,0,0,481,46,435,94,387,479,acbba_entry:387;clue:2;collision_intent:46;state:46,1496,0,completed
49,dcta_parity_v1,topk_filter,aa0724188407797eae5187348bee11ee9f51317c4e8a201863b052786aa2f1df,823213c90703fd83224ad7122ee730ba64af3769ea517af252103bddd907f681,ACBBA,ideal,1.0,19,361,4,0.05,18,,,acbba_topk_5,/home/agxorin/topk_filter_study/simulator/scenarios/final_trial_500.csv,clue_search,02,47,46,39,9,2,2,1,504,50,454,99,405,502,acbba_entry:405;clue:2;collision_intent:49;state:47;target:1,1475,0,completed
49,dcta_parity_v1,topk_filter,aa0724188407797eae5187348bee11ee9f51317c4e8a201863b052786aa2f1df,823213c90703fd83224ad7122ee730ba64af3769ea517af252103bddd907f681,ACBBA,ideal,1.0,19,361,4,0.05,18,,,acbba_topk_5,/home/agxorin/topk_filter_study/simulator/scenarios/final_trial_500.csv,clue_search,03,46,45,44,3,3,4,1,511,51,460,99,412,509,acbba_entry:412;clue:2;collision_intent:51;state:46,1467,0,completed
50,dcta_parity_v1,topk_filter,aa0724188407797eae5187348bee11ee9f51317c4e8a201863b052786aa2f1df,823213c90703fd83224ad7122ee730ba64af3769ea517af252103bddd907f681,ACBBA,ideal,1.0,19,361,4,0.05,18,,,acbba_topk_5,/home/agxorin/topk_filter_study/simulator/scenarios/final_trial_500.csv,clue_search,00,50,50,20,31,1,15,15,412,65,347,116,296,412,acbba_entry:296;clue:1;collision_intent:65;state:50,1386,0,completed
50,dcta_parity_v1,topk_filter,aa0724188407797eae5187348bee11ee9f51317c4e8a201863b052786aa2f1df,823213c90703fd83224ad7122ee730ba64af3769ea517af252103bddd907f681,ACBBA,ideal,1.0,19,361,4,0.05,18,,,acbba_topk_5,/home/agxorin/topk_filter_study/simulator/scenarios/final_trial_500.csv,clue_search,01,57,57,52,6,2,2,2,480,59,421,117,363,480,acbba_entry:363;clue:1;collision_intent:59;state:57,1317,0,completed
50,dcta_parity_v1,topk_filter,aa0724188407797eae5187348bee11ee9f51317c4e8a201863b052786aa2f1df,823213c90703fd83224ad7122ee730ba64af3769ea517af252103bddd907f681,ACBBA,ideal,1.0,19,361,4,0.05,18,,,acbba_topk_5,/home/agxorin/topk_filter_study/simulator/scenarios/final_trial_500.csv,clue_search,02,49,49,19,31,1,29,27,432,78,354,128,304,432,acbba_entry:304;clue:1;collision_intent:78;state:49,1365,0,completed
50,dcta_parity_v1,topk_filter,aa0724188407797eae5187348bee11ee9f51317c4e8a201863b052786aa2f1df,823213c90703fd83224ad7122ee730ba64af3769ea517af252103bddd907f681,ACBBA,ideal,1.0,19,361,4,0.05,18,,,acbba_topk_5,/home/agxorin/topk_filter_study/simulator/scenarios/final_trial_500.csv,clue_search,03,59,59,59,1,5,0,0,474,60,414,120,354,474,acbba_entry:354;clue:1;collision_intent:59;state:59;target:1,1324,0,completed
51,dcta_parity_v1,topk_filter,aa0724188407797eae5187348bee11ee9f51317c4e8a201863b052786aa2f1df,823213c90703fd83224ad7122ee730ba64af3769ea517af252103bddd907f681,ACBBA,ideal,1.0,19,361,4,0.05,18,,,acbba_topk_5,/home/agxorin/topk_filter_study/simulator/scenarios/final_trial_500.csv,clue_search,00,11,0,12,0,0,0,0,22,11,11,22,0,0,collision_intent:11;state:11,64,0,completed
51,dcta_parity_v1,topk_filter,aa0724188407797eae5187348bee11ee9f51317c4e8a201863b052786aa2f1df,823213c90703fd83224ad7122ee730ba64af3769ea517af252103bddd907f681,ACBBA,ideal,1.0,19,361,4,0.05,18,,,acbba_topk_5,/home/agxorin/topk_filter_study/simulator/scenarios/final_trial_500.csv,clue_search,01,10,0,11,0,0,0,0,21,11,10,21,0,0,collision_intent:11;state:10,66,0,completed
51,dcta_parity_v1,topk_filter,aa0724188407797eae5187348bee11ee9f51317c4e8a201863b052786aa2f1df,823213c90703fd83224ad7122ee730ba64af3769ea517af252103bddd907f681,ACBBA,ideal,1.0,19,361,4,0.05,18,,,acbba_topk_5,/home/agxorin/topk_filter_study/simulator/scenarios/final_trial_500.csv,clue_search,02,11,0,12,0,0,0,0,22,11,11,22,0,0,collision_intent:11;state:11,66,0,completed
51,dcta_parity_v1,topk_filter,aa0724188407797eae5187348bee11ee9f51317c4e8a201863b052786aa2f1df,823213c90703fd83224ad7122ee730ba64af3769ea517af252103bddd907f681,ACBBA,ideal,1.0,19,361,4,0.05,18,,,acbba_topk_5,/home/agxorin/topk_filter_study/simulator/scenarios/final_trial_500.csv,clue_search,03,11,0,12,0,0,0,0,23,12,11,23,0,0,collision_intent:11;state:11;target:1,65,0,completed
52,dcta_parity_v1,topk_filter,aa0724188407797eae5187348bee11ee9f51317c4e8a201863b052786aa2f1df,823213c90703fd83224ad7122ee730ba64af3769ea517af252103bddd907f681,ACBBA,ideal,1.0,19,361,4,0.05,18,,,acbba_topk_5,/home/agxorin/topk_filter_study/simulator/scenarios/final_trial_500.csv,clue_search,00,45,31,44,2,1,0,0,324,45,279,93,231,296,acbba_entry:231;clue:3;collision_intent:45;state:45,975,0,completed
52,dcta_parity_v1,topk_filter,aa0724188407797eae5187348bee11ee9f51317c4e8a201863b052786aa2f1df,823213c90703fd83224ad7122ee730ba64af3769ea517af252103bddd907f681,ACBBA,ideal,1.0,19,361,4,0.05,18,,,acbba_topk_5,/home/agxorin/topk_filter_study/simulator/scenarios/final_trial_500.csv,clue_search,01,45,31,40,6,0,0,0,337,45,292,93,244,309,acbba_entry:244;clue:3;collision_intent:45;state:45,963,0,completed
52,dcta_parity_v1,topk_filter,aa0724188407797eae5187348bee11ee9f51317c4e8a201863b052786aa2f1df,823213c90703fd83224ad7122ee730ba64af3769ea517af252103bddd907f681,ACBBA,ideal,1.0,19,361,4,0.05,18,,,acbba_topk_5,/home/agxorin/topk_filter_study/simulator/scenarios/final_trial_500.csv,clue_search,02,45,31,42,4,3,0,0,314,45,269,93,221,286,acbba_entry:221;clue:3;collision_intent:45;state:45,986,0,completed
52,dcta_parity_v1,topk_filter,aa0724188407797eae5187348bee11ee9f51317c4e8a201863b052786aa2f1df,823213c90703fd83224ad7122ee730ba64af3769ea517af252103bddd907f681,ACBBA,ideal,1.0,19,361,4,0.05,18,,,acbba_topk_5,/home/agxorin/topk_filter_study/simulator/scenarios/final_trial_500.csv,clue_search,03,46,33,42,5,4,0,0,326,47,279,96,230,300,acbba_entry:230;clue:3;collision_intent:46;state:46;target:1,975,0,completed
53,dcta_parity_v1,topk_filter,aa0724188407797eae5187348bee11ee9f51317c4e8a201863b052786aa2f1df,823213c90703fd83224ad7122ee730ba64af3769ea517af252103bddd907f681,ACBBA,ideal,1.0,19,361,4,0.05,18,,,acbba_topk_5,/home/agxorin/topk_filter_study/simulator/scenarios/final_trial_500.csv,clue_search,00,12,6,13,0,0,0,0,65,12,53,26,39,53,acbba_entry:39;clue:2;collision_intent:12;state:12,185,0,completed
53,dcta_parity_v1,topk_filter,aa0724188407797eae5187348bee11ee9f51317c4e8a201863b052786aa2f1df,823213c90703fd83224ad7122ee730ba64af3769ea517af252103bddd907f681,ACBBA,ideal,1.0,19,361,4,0.05,18,,,acbba_topk_5,/home/agxorin/topk_filter_study/simulator/scenarios/final_trial_500.csv,clue_search,01,13,8,14,0,1,0,0,64,14,50,29,35,54,acbba_entry:35;clue:2;collision_intent:13;state:13;target:1,186,0,completed
53,dcta_parity_v1,topk_filter,aa0724188407797eae5187348bee11ee9f51317c4e8a201863b052786aa2f1df,823213c90703fd83224ad7122ee730ba64af3769ea517af252103bddd907f681,ACBBA,ideal,1.0,19,361,4,0.05,18,,,acbba_topk_5,/home/agxorin/topk_filter_study/simulator/scenarios/final_trial_500.csv,clue_search,02,13,7,14,0,0,0,0,60,13,47,28,32,48,acbba_entry:32;clue:2;collision_intent:13;state:13,190,0,completed
53,dcta_parity_v1,topk_filter,aa0724188407797eae5187348bee11ee9f51317c4e8a201863b052786aa2f1df,823213c90703fd83224ad7122ee730ba64af3769ea517af252103bddd907f681,ACBBA,ideal,1.0,19,361,4,0.05,18,,,acbba_topk_5,/home/agxorin/topk_filter_study/simulator/scenarios/final_trial_500.csv,clue_search,03,13,8,14,0,1,0,0,61,13,48,28,33,50,acbba_entry:33;clue:2;collision_intent:13;state:13,188,0,completed
54,dcta_parity_v1,topk_filter,aa0724188407797eae5187348bee11ee9f51317c4e8a201863b052786aa2f1df,823213c90703fd83224ad7122ee730ba64af3769ea517af252103bddd907f681,ACBBA,ideal,1.0,19,361,4,0.05,18,,,acbba_topk_5,/home/agxorin/topk_filter_study/simulator/scenarios/final_trial_500.csv,clue_search,00,16,3,17,0,1,0,0,52,16,36,33,19,26,acbba_entry:19;clue:1;collision_intent:16;state:16,150,0,completed
54,dcta_parity_v1,topk_filter,aa0724188407797eae5187348bee11ee9f51317c4e8a201863b052786aa2f1df,823213c90703fd83224ad7122ee730ba64af3769ea517af252103bddd907f681,ACBBA,ideal,1.0,19,361,4,0.05,18,,,acbba_topk_5,/home/agxorin/topk_filter_study/simulator/scenarios/final_trial_500.csv,clue_search,01,15,2,16,0,0,0,0,47,15,32,31,16,21,acbba_entry:16;clue:1;collision_intent:15;state:15,155,0,completed
54,dcta_parity_v1,topk_filter,aa0724188407797eae5187348bee11ee9f51317c4e8a201863b052786aa2f1df,823213c90703fd83224ad7122ee730ba64af3769ea517af252103bddd907f681,ACBBA,ideal,1.0,19,361,4,0.05,18,,,acbba_topk_5,/home/agxorin/topk_filter_study/simulator/scenarios/final_trial_500.csv,clue_search,02,16,3,17,0,1,0,0,58,17,41,34,24,32,acbba_entry:24;clue:1;collision_intent:16;state:16;target:1,146,0,completed
54,dcta_parity_v1,topk_filter,aa0724188407797eae5187348bee11ee9f51317c4e8a201863b052786aa2f1df,823213c90703fd83224ad7122ee730ba64af3769ea517af252103bddd907f681,ACBBA,ideal,1.0,19,361,4,0.05,18,,,acbba_topk_5,/home/agxorin/topk_filter_study/simulator/scenarios/final_trial_500.csv,clue_search,03,15,3,16,0,2,0,0,47,15,32,31,16,23,acbba_entry:16;clue:1;collision_intent:15;state:15,156,0,completed
55,dcta_parity_v1,topk_filter,aa0724188407797eae5187348bee11ee9f51317c4e8a201863b052786aa2f1df,823213c90703fd83224ad7122ee730ba64af3769ea517af252103bddd907f681,ACBBA,ideal,1.0,19,361,4,0.05,18,,,acbba_topk_5,/home/agxorin/topk_filter_study/simulator/scenarios/final_trial_500.csv,clue_search,00,74,62,69,6,2,0,0,552,74,478,152,400,528,acbba_entry:400;clue:4;collision_intent:74;state:74,1647,0,completed
55,dcta_parity_v1,topk_filter,aa0724188407797eae5187348bee11ee9f51317c4e8a201863b052786aa2f1df,823213c90703fd83224ad7122ee730ba64af3769ea517af252103bddd907f681,ACBBA,ideal,1.0,19,361,4,0.05,18,,,acbba_topk_5,/home/agxorin/topk_filter_study/simulator/scenarios/final_trial_500.csv,clue_search,01,74,62,66,9,5,2,2,558,77,481,155,403,534,acbba_entry:403;clue:4;collision_intent:76;state:74;target:1,1642,0,completed
55,dcta_parity_v1,topk_filter,aa0724188407797eae5187348bee11ee9f51317c4e8a201863b052786aa2f1df,823213c90703fd83224ad7122ee730ba64af3769ea517af252103bddd907f681,ACBBA,ideal,1.0,19,361,4,0.05,18,,,acbba_topk_5,/home/agxorin/topk_filter_study/simulator/scenarios/final_trial_500.csv,clue_search,02,74,62,65,10,6,0,0,550,74,476,152,398,526,acbba_entry:398;clue:4;collision_intent:74;state:74,1650,0,completed
55,dcta_parity_v1,topk_filter,aa0724188407797eae5187348bee11ee9f51317c4e8a201863b052786aa2f1df,823213c90703fd83224ad7122ee730ba64af3769ea517af252103bddd907f681,ACBBA,ideal,1.0,19,361,4,0.05,18,,,acbba_topk_5,/home/agxorin/topk_filter_study/simulator/scenarios/final_trial_500.csv,clue_search,03,75,64,61,15,5,0,0,540,75,465,154,386,517,acbba_entry:386;clue:4;collision_intent:75;state:75,1658,0,completed
56,dcta_parity_v1,topk_filter,aa0724188407797eae5187348bee11ee9f51317c4e8a201863b052786aa2f1df,823213c90703fd83224ad7122ee730ba64af3769ea517af252103bddd907f681,ACBBA,ideal,1.0,19,361,4,0.05,18,,,acbba_topk_5,/home/agxorin/topk_filter_study/simulator/scenarios/final_trial_500.csv,clue_search,00,74,31,63,12,1,1,1,375,75,300,150,225,289,acbba_entry:225;clue:1;collision_intent:75;state:74,1116,0,completed
56,dcta_parity_v1,topk_filter,aa0724188407797eae5187348bee11ee9f51317c4e8a201863b052786aa2f1df,823213c90703fd83224ad7122ee730ba64af3769ea517af252103bddd907f681,ACBBA,ideal,1.0,19,361,4,0.05,18,,,acbba_topk_5,/home/agxorin/topk_filter_study/simulator/scenarios/final_trial_500.csv,clue_search,01,74,31,64,11,1,1,1,376,75,301,150,226,290,acbba_entry:226;clue:1;collision_intent:75;state:74,1115,0,completed
56,dcta_parity_v1,topk_filter,aa0724188407797eae5187348bee11ee9f51317c4e8a201863b052786aa2f1df,823213c90703fd83224ad7122ee730ba64af3769ea517af252103bddd907f681,ACBBA,ideal,1.0,19,361,4,0.05,18,,,acbba_topk_5,/home/agxorin/topk_filter_study/simulator/scenarios/final_trial_500.csv,clue_search,02,75,32,65,11,2,0,0,371,76,295,152,219,285,acbba_entry:219;clue:1;collision_intent:75;state:75;target:1,1121,0,completed
56,dcta_parity_v1,topk_filter,aa0724188407797eae5187348bee11ee9f51317c4e8a201863b052786aa2f1df,823213c90703fd83224ad7122ee730ba64af3769ea517af252103bddd907f681,ACBBA,ideal,1.0,19,361,4,0.05,18,,,acbba_topk_5,/home/agxorin/topk_filter_study/simulator/scenarios/final_trial_500.csv,clue_search,03,75,33,68,8,2,0,0,370,75,295,151,219,285,acbba_entry:219;clue:1;collision_intent:75;state:75,1121,0,completed
57,dcta_parity_v1,topk_filter,aa0724188407797eae5187348bee11ee9f51317c4e8a201863b052786aa2f1df,823213c90703fd83224ad7122ee730ba64af3769ea517af252103bddd907f681,ACBBA,ideal,1.0,19,361,4,0.05,18,,,acbba_topk_5,/home/agxorin/topk_filter_study/simulator/scenarios/final_trial_500.csv,clue_search,00,27,26,26,2,0,4,2,299,31,268,60,239,297,acbba_entry:239;clue:2;collision_intent:31;state:27,896,0,completed
57,dcta_parity_v1,topk_filter,aa0724188407797eae5187348bee11ee9f51317c4e8a201863b052786aa2f1df,823213c90703fd83224ad7122ee730ba64af3769ea517af252103bddd907f681,ACBBA,ideal,1.0,19,361,4,0.05,18,,,acbba_topk_5,/home/agxorin/topk_filter_study/simulator/scenarios/final_trial_500.csv,clue_search,01,27,27,27,1,6,2,2,304,30,274,59,245,303,acbba_entry:245;clue:2;collision_intent:29;state:27;target:1,891,0,completed
57,dcta_parity_v1,topk_filter,aa0724188407797eae5187348bee11ee9f51317c4e8a201863b052786aa2f1df,823213c90703fd83224ad7122ee730ba64af3769ea517af252103bddd907f681,ACBBA,ideal,1.0,19,361,4,0.05,18,,,acbba_topk_5,/home/agxorin/topk_filter_study/simulator/scenarios/final_trial_500.csv,clue_search,02,27,27,23,5,4,0,0,301,28,273,57,244,300,acbba_entry:244;clue:2;collision_intent:28;state:27,892,0,completed
57,dcta_parity_v1,topk_filter,aa0724188407797eae5187348bee11ee9f51317c4e8a201863b052786aa2f1df,823213c90703fd83224ad7122ee730ba64af3769ea517af252103bddd907f681,ACBBA,ideal,1.0,19,361,4,0.05,18,,,acbba_topk_5,/home/agxorin/topk_filter_study/simulator/scenarios/final_trial_500.csv,clue_search,03,27,27,26,2,4,2,1,291,29,262,58,233,290,acbba_entry:233;clue:2;collision_intent:29;state:27,903,0,completed
58,dcta_parity_v1,topk_filter,aa0724188407797eae5187348bee11ee9f51317c4e8a201863b052786aa2f1df,823213c90703fd83224ad7122ee730ba64af3769ea517af252103bddd907f681,ACBBA,ideal,1.0,19,361,4,0.05,18,,,acbba_topk_5,/home/agxorin/topk_filter_study/simulator/scenarios/final_trial_500.csv,clue_search,00,24,2,25,0,0,0,0,56,25,31,50,6,12,acbba_entry:6;clue:1;collision_intent:24;state:24;target:1,160,0,completed
58,dcta_parity_v1,topk_filter,aa0724188407797eae5187348bee11ee9f51317c4e8a201863b052786aa2f1df,823213c90703fd83224ad7122ee730ba64af3769ea517af252103bddd907f681,ACBBA,ideal,1.0,19,361,4,0.05,18,,,acbba_topk_5,/home/agxorin/topk_filter_study/simulator/scenarios/final_trial_500.csv,clue_search,01,24,1,25,0,0,0,0,52,24,28,49,3,6,acbba_entry:3;clue:1;collision_intent:24;state:24,164,0,completed
58,dcta_parity_v1,topk_filter,aa0724188407797eae5187348bee11ee9f51317c4e8a201863b052786aa2f1df,823213c90703fd83224ad7122ee730ba64af3769ea517af252103bddd907f681,ACBBA,ideal,1.0,19,361,4,0.05,18,,,acbba_topk_5,/home/agxorin/topk_filter_study/simulator/scenarios/final_trial_500.csv,clue_search,02,24,1,24,1,0,0,0,55,24,31,49,6,9,acbba_entry:6;clue:1;collision_intent:24;state:24,159,0,completed
58,dcta_parity_v1,topk_filter,aa0724188407797eae5187348bee11ee9f51317c4e8a201863b052786aa2f1df,823213c90703fd83224ad7122ee730ba64af3769ea517af252103bddd907f681,ACBBA,ideal,1.0,19,361,4,0.05,18,,,acbba_topk_5,/home/agxorin/topk_filter_study/simulator/scenarios/final_trial_500.csv,clue_search,03,23,1,24,0,0,0,0,53,23,30,47,6,9,acbba_entry:6;clue:1;collision_intent:23;state:23,163,0,completed
59,dcta_parity_v1,topk_filter,aa0724188407797eae5187348bee11ee9f51317c4e8a201863b052786aa2f1df,823213c90703fd83224ad7122ee730ba64af3769ea517af252103bddd907f681,ACBBA,ideal,1.0,19,361,4,0.05,18,,,acbba_topk_5,/home/agxorin/topk_filter_study/simulator/scenarios/final_trial_500.csv,clue_search,00,52,26,53,0,1,0,0,288,52,236,106,182,236,acbba_entry:182;clue:2;collision_intent:52;state:52,863,0,completed
59,dcta_parity_v1,topk_filter,aa0724188407797eae5187348bee11ee9f51317c4e8a201863b052786aa2f1df,823213c90703fd83224ad7122ee730ba64af3769ea517af252103bddd907f681,ACBBA,ideal,1.0,19,361,4,0.05,18,,,acbba_topk_5,/home/agxorin/topk_filter_study/simulator/scenarios/final_trial_500.csv,clue_search,01,51,25,51,1,0,0,0,294,51,243,104,190,242,acbba_entry:190;clue:2;collision_intent:51;state:51,856,0,completed
59,dcta_parity_v1,topk_filter,aa0724188407797eae5187348bee11ee9f51317c4e8a201863b052786aa2f1df,823213c90703fd83224ad7122ee730ba64af3769ea517af252103bddd907f681,ACBBA,ideal,1.0,19,361,4,0.05,18,,,acbba_topk_5,/home/agxorin/topk_filter_study/simulator/scenarios/final_trial_500.csv,clue_search,02,52,26,49,4,1,1,1,285,53,232,107,178,233,acbba_entry:178;clue:2;collision_intent:53;state:52,866,0,completed
59,dcta_parity_v1,topk_filter,aa0724188407797eae5187348bee11ee9f51317c4e8a201863b052786aa2f1df,823213c90703fd83224ad7122ee730ba64af3769ea517af252103bddd907f681,ACBBA,ideal,1.0,19,361,4,0.05,18,,,acbba_topk_5,/home/agxorin/topk_filter_study/simulator/scenarios/final_trial_500.csv,clue_search,03,53,27,42,12,2,1,1,285,55,230,110,175,233,acbba_entry:175;clue:2;collision_intent:54;state:53;target:1,867,0,completed
60,dcta_parity_v1,topk_filter,aa0724188407797eae5187348bee11ee9f51317c4e8a201863b052786aa2f1df,823213c90703fd83224ad7122ee730ba64af3769ea517af252103bddd907f681,ACBBA,ideal,1.0,19,361,4,0.05,18,,,acbba_topk_5,/home/agxorin/topk_filter_study/simulator/scenarios/final_trial_500.csv,clue_search,00,52,0,53,0,0,0,0,105,53,52,105,0,0,collision_intent:52;state:52;target:1,310,0,completed
60,dcta_parity_v1,topk_filter,aa0724188407797eae5187348bee11ee9f51317c4e8a201863b052786aa2f1df,823213c90703fd83224ad7122ee730ba64af3769ea517af252103bddd907f681,ACBBA,ideal,1.0,19,361,4,0.05,18,,,acbba_topk_5,/home/agxorin/topk_filter_study/simulator/scenarios/final_trial_500.csv,clue_search,01,51,0,52,0,0,0,0,102,51,51,102,0,0,collision_intent:51;state:51,313,0,completed
60,dcta_parity_v1,topk_filter,aa0724188407797eae5187348bee11ee9f51317c4e8a201863b052786aa2f1df,823213c90703fd83224ad7122ee730ba64af3769ea517af252103bddd907f681,ACBBA,ideal,1.0,19,361,4,0.05,18,,,acbba_topk_5,/home/agxorin/topk_filter_study/simulator/scenarios/final_trial_500.csv,clue_search,02,52,0,53,0,0,0,0,104,52,52,104,0,0,collision_intent:52;state:52,311,0,completed
60,dcta_parity_v1,topk_filter,aa0724188407797eae5187348bee11ee9f51317c4e8a201863b052786aa2f1df,823213c90703fd83224ad7122ee730ba64af3769ea517af252103bddd907f681,ACBBA,ideal,1.0,19,361,4,0.05,18,,,acbba_topk_5,/home/agxorin/topk_filter_study/simulator/scenarios/final_trial_500.csv,clue_search,03,52,0,53,0,0,0,0,104,52,52,104,0,0,collision_intent:52;state:52,309,0,completed
61,dcta_parity_v1,topk_filter,aa0724188407797eae5187348bee11ee9f51317c4e8a201863b052786aa2f1df,823213c90703fd83224ad7122ee730ba64af3769ea517af252103bddd907f681,ACBBA,ideal,1.0,19,361,4,0.05,18,,,acbba_topk_5,/home/agxorin/topk_filter_study/simulator/scenarios/final_trial_500.csv,clue_search,00,48,0,49,0,0,0,0,96,48,48,96,0,0,collision_intent:48;state:48,286,0,completed
61,dcta_parity_v1,topk_filter,aa0724188407797eae5187348bee11ee9f51317c4e8a201863b052786aa2f1df,823213c90703fd83224ad7122ee730ba64af3769ea517af252103bddd907f681,ACBBA,ideal,1.0,19,361,4,0.05,18,,,acbba_topk_5,/home/agxorin/topk_filter_study/simulator/scenarios/final_trial_500.csv,clue_search,01,48,0,49,0,0,0,0,97,49,48,97,0,0,collision_intent:48;state:48;target:1,286,0,completed
61,dcta_parity_v1,topk_filter,aa0724188407797eae5187348bee11ee9f51317c4e8a201863b052786aa2f1df,823213c90703fd83224ad7122ee730ba64af3769ea517af252103bddd907f681,ACBBA,ideal,1.0,19,361,4,0.05,18,,,acbba_topk_5,/home/agxorin/topk_filter_study/simulator/scenarios/final_trial_500.csv,clue_search,02,48,0,49,0,0,0,0,96,48,48,96,0,0,collision_intent:48;state:48,286,0,completed
61,dcta_parity_v1,topk_filter,aa0724188407797eae5187348bee11ee9f51317c4e8a201863b052786aa2f1df,823213c90703fd83224ad7122ee730ba64af3769ea517af252103bddd907f681,ACBBA,ideal,1.0,19,361,4,0.05,18,,,acbba_topk_5,/home/agxorin/topk_filter_study/simulator/scenarios/final_trial_500.csv,clue_search,03,47,0,48,0,0,0,0,94,47,47,94,0,0,collision_intent:47;state:47,288,0,completed
62,dcta_parity_v1,topk_filter,aa0724188407797eae5187348bee11ee9f51317c4e8a201863b052786aa2f1df,823213c90703fd83224ad7122ee730ba64af3769ea517af252103bddd907f681,ACBBA,ideal,1.0,19,361,4,0.05,18,,,acbba_topk_5,/home/agxorin/topk_filter_study/simulator/scenarios/final_trial_500.csv,clue_search,00,47,11,45,3,1,0,0,153,47,106,96,57,81,acbba_entry:57;clue:2;collision_intent:47;state:47,485,0,completed
62,dcta_parity_v1,topk_filter,aa0724188407797eae5187348bee11ee9f51317c4e8a201863b052786aa2f1df,823213c90703fd83224ad7122ee730ba64af3769ea517af252103bddd907f681,ACBBA,ideal,1.0,19,361,4,0.05,18,,,acbba_topk_5,/home/agxorin/topk_filter_study/simulator/scenarios/final_trial_500.csv,clue_search,01,47,11,48,0,1,0,0,155,48,107,97,58,83,acbba_entry:58;clue:2;collision_intent:48;state:47,483,0,completed
62,dcta_parity_v1,topk_filter,aa0724188407797eae5187348bee11ee9f51317c4e8a201863b052786aa2f1df,823213c90703fd83224ad7122ee730ba64af3769ea517af252103bddd907f681,ACBBA,ideal,1.0,19,361,4,0.05,18,,,acbba_topk_5,/home/agxorin/topk_filter_study/simulator/scenarios/final_trial_500.csv,clue_search,02,47,11,46,2,2,0,0,163,47,116,96,67,91,acbba_entry:67;clue:2;collision_intent:47;state:47,474,0,completed
62,dcta_parity_v1,topk_filter,aa0724188407797eae5187348bee11ee9f51317c4e8a201863b052786aa2f1df,823213c90703fd83224ad7122ee730ba64af3769ea517af252103bddd907f681,ACBBA,ideal,1.0,19,361,4,0.05,18,,,acbba_topk_5,/home/agxorin/topk_filter_study/simulator/scenarios/final_trial_500.csv,clue_search,03,47,11,48,0,0,0,0,167,48,119,97,70,95,acbba_entry:70;clue:2;collision_intent:47;state:47;target:1,471,0,completed
63,dcta_parity_v1,topk_filter,aa0724188407797eae5187348bee11ee9f51317c4e8a201863b052786aa2f1df,823213c90703fd83224ad7122ee730ba64af3769ea517af252103bddd907f681,ACBBA,ideal,1.0,19,361,4,0.05,18,,,acbba_topk_5,/home/agxorin/topk_filter_study/simulator/scenarios/final_trial_500.csv,clue_search,00,35,4,36,0,1,0,0,102,35,67,71,31,40,acbba_entry:31;clue:1;collision_intent:35;state:35,302,0,completed
63,dcta_parity_v1,topk_filter,aa0724188407797eae5187348bee11ee9f51317c4e8a201863b052786aa2f1df,823213c90703fd83224ad7122ee730ba64af3769ea517af252103bddd907f681,ACBBA,ideal,1.0,19,361,4,0.05,18,,,acbba_topk_5,/home/agxorin/topk_filter_study/simulator/scenarios/final_trial_500.csv,clue_search,01,35,5,36,0,1,0,0,107,36,71,72,35,47,acbba_entry:35;clue:1;collision_intent:35;state:35;target:1,299,0,completed
63,dcta_parity_v1,topk_filter,aa0724188407797eae5187348bee11ee9f51317c4e8a201863b052786aa2f1df,823213c90703fd83224ad7122ee730ba64af3769ea517af252103bddd907f681,ACBBA,ideal,1.0,19,361,4,0.05,18,,,acbba_topk_5,/home/agxorin/topk_filter_study/simulator/scenarios/final_trial_500.csv,clue_search,02,34,3,35,0,0,0,0,101,34,67,69,32,39,acbba_entry:32;clue:1;collision_intent:34;state:34,304,0,completed
63,dcta_parity_v1,topk_filter,aa0724188407797eae5187348bee11ee9f51317c4e8a201863b052786aa2f1df,823213c90703fd83224ad7122ee730ba64af3769ea517af252103bddd907f681,ACBBA,ideal,1.0,19,361,4,0.05,18,,,acbba_topk_5,/home/agxorin/topk_filter_study/simulator/scenarios/final_trial_500.csv,clue_search,03,34,4,34,1,0,0,0,96,34,62,69,27,36,acbba_entry:27;clue:1;collision_intent:34;state:34,309,0,completed
64,dcta_parity_v1,topk_filter,aa0724188407797eae5187348bee11ee9f51317c4e8a201863b052786aa2f1df,823213c90703fd83224ad7122ee730ba64af3769ea517af252103bddd907f681,ACBBA,ideal,1.0,19,361,4,0.05,18,,,acbba_topk_5,/home/agxorin/topk_filter_study/simulator/scenarios/final_trial_500.csv,clue_search,00,59,10,60,0,0,0,0,188,59,129,120,68,90,acbba_entry:68;clue:2;collision_intent:59;state:59,571,0,completed
64,dcta_parity_v1,topk_filter,aa0724188407797eae5187348bee11ee9f51317c4e8a201863b052786aa2f1df,823213c90703fd83224ad7122ee730ba64af3769ea517af252103bddd907f681,ACBBA,ideal,1.0,19,361,4,0.05,18,,,acbba_topk_5,/home/agxorin/topk_filter_study/simulator/scenarios/final_trial_500.csv,clue_search,01,59,11,58,2,2,0,0,188,59,129,120,68,92,acbba_entry:68;clue:2;collision_intent:59;state:59,570,0,completed
64,dcta_parity_v1,topk_filter,aa0724188407797eae5187348bee11ee9f51317c4e8a201863b052786aa2f1df,823213c90703fd83224ad7122ee730ba64af3769ea517af252103bddd907f681,ACBBA,ideal,1.0,19,361,4,0.05,18,,,acbba_topk_5,/home/agxorin/topk_filter_study/simulator/scenarios/final_trial_500.csv,clue_search,02,60,11,57,4,1,0,0,192,61,131,123,69,94,acbba_entry:69;clue:2;collision_intent:61;state:60,567,0,completed
64,dcta_parity_v1,topk_filter,aa0724188407797eae5187348bee11ee9f51317c4e8a201863b052786aa2f1df,823213c90703fd83224ad7122ee730ba64af3769ea517af252103bddd907f681,ACBBA,ideal,1.0,19,361,4,0.05,18,,,acbba_topk_5,/home/agxorin/topk_filter_study/simulator/scenarios/final_trial_500.csv,clue_search,03,60,12,57,4,1,0,0,192,61,131,123,69,96,acbba_entry:69;clue:2;collision_intent:60;state:60;target:1,568,0,completed
65,dcta_parity_v1,topk_filter,aa0724188407797eae5187348bee11ee9f51317c4e8a201863b052786aa2f1df,823213c90703fd83224ad7122ee730ba64af3769ea517af252103bddd907f681,ACBBA,ideal,1.0,19,361,4,0.05,18,,,acbba_topk_5,/home/agxorin/topk_filter_study/simulator/scenarios/final_trial_500.csv,clue_search,00,58,33,58,1,2,0,0,371,58,313,118,253,321,acbba_entry:253;clue:2;collision_intent:58;state:58,1110,0,completed
65,dcta_parity_v1,topk_filter,aa0724188407797eae5187348bee11ee9f51317c4e8a201863b052786aa2f1df,823213c90703fd83224ad7122ee730ba64af3769ea517af252103bddd907f681,ACBBA,ideal,1.0,19,361,4,0.05,18,,,acbba_topk_5,/home/agxorin/topk_filter_study/simulator/scenarios/final_trial_500.csv,clue_search,01,57,32,55,3,0,0,0,372,57,315,116,256,322,acbba_entry:256;clue:2;collision_intent:57;state:57,1109,0,completed
65,dcta_parity_v1,topk_filter,aa0724188407797eae5187348bee11ee9f51317c4e8a201863b052786aa2f1df,823213c90703fd83224ad7122ee730ba64af3769ea517af252103bddd907f681,ACBBA,ideal,1.0,19,361,4,0.05,18,,,acbba_topk_5,/home/agxorin/topk_filter_study/simulator/scenarios/final_trial_500.csv,clue_search,02,58,33,52,7,2,0,0,380,58,322,118,262,330,acbba_entry:262;clue:2;collision_intent:58;state:58,1100,0,completed
65,dcta_parity_v1,topk_filter,aa0724188407797eae5187348bee11ee9f51317c4e8a201863b052786aa2f1df,823213c90703fd83224ad7122ee730ba64af3769ea517af252103bddd907f681,ACBBA,ideal,1.0,19,361,4,0.05,18,,,acbba_topk_5,/home/agxorin/topk_filter_study/simulator/scenarios/final_trial_500.csv,clue_search,03,58,34,52,7,1,0,0,359,59,300,119,240,311,acbba_entry:240;clue:2;collision_intent:58;state:58;target:1,1123,0,completed
66,dcta_parity_v1,topk_filter,aa0724188407797eae5187348bee11ee9f51317c4e8a201863b052786aa2f1df,823213c90703fd83224ad7122ee730ba64af3769ea517af252103bddd907f681,ACBBA,ideal,1.0,19,361,4,0.05,18,,,acbba_topk_5,/home/agxorin/topk_filter_study/simulator/scenarios/final_trial_500.csv,clue_search,00,33,23,32,2,2,0,0,260,34,226,69,191,240,acbba_entry:191;clue:2;collision_intent:33;state:33;target:1,748,0,completed
66,dcta_parity_v1,topk_filter,aa0724188407797eae5187348bee11ee9f51317c4e8a201863b052786aa2f1df,823213c90703fd83224ad7122ee730ba64af3769ea517af252103bddd907f681,ACBBA,ideal,1.0,19,361,4,0.05,18,,,acbba_topk_5,/home/agxorin/topk_filter_study/simulator/scenarios/final_trial_500.csv,clue_search,01,32,23,33,0,1,0,0,248,32,216,66,182,230,acbba_entry:182;clue:2;collision_intent:32;state:32,759,0,completed
66,dcta_parity_v1,topk_filter,aa0724188407797eae5187348bee11ee9f51317c4e8a201863b052786aa2f1df,823213c90703fd83224ad7122ee730ba64af3769ea517af252103bddd907f681,ACBBA,ideal,1.0,19,361,4,0.05,18,,,acbba_topk_5,/home/agxorin/topk_filter_study/simulator/scenarios/final_trial_500.csv,clue_search,02,33,23,32,2,1,0,0,258,33,225,68,190,238,acbba_entry:190;clue:2;collision_intent:33;state:33,749,0,completed
66,dcta_parity_v1,topk_filter,aa0724188407797eae5187348bee11ee9f51317c4e8a201863b052786aa2f1df,823213c90703fd83224ad7122ee730ba64af3769ea517af252103bddd907f681,ACBBA,ideal,1.0,19,361,4,0.05,18,,,acbba_topk_5,/home/agxorin/topk_filter_study/simulator/scenarios/final_trial_500.csv,clue_search,03,32,23,29,4,4,0,0,242,32,210,66,176,224,acbba_entry:176;clue:2;collision_intent:32;state:32,766,0,completed
67,dcta_parity_v1,topk_filter,aa0724188407797eae5187348bee11ee9f51317c4e8a201863b052786aa2f1df,823213c90703fd83224ad7122ee730ba64af3769ea517af252103bddd907f681,ACBBA,ideal,1.0,19,361,4,0.05,18,,,acbba_topk_5,/home/agxorin/topk_filter_study/simulator/scenarios/final_trial_500.csv,clue_search,00,72,60,52,21,2,3,2,520,75,445,150,370,495,acbba_entry:370;clue:3;collision_intent:75;state:72,1573,0,completed
67,dcta_parity_v1,topk_filter,aa0724188407797eae5187348bee11ee9f51317c4e8a201863b052786aa2f1df,823213c90703fd83224ad7122ee730ba64af3769ea517af252103bddd907f681,ACBBA,ideal,1.0,19,361,4,0.05,18,,,acbba_topk_5,/home/agxorin/topk_filter_study/simulator/scenarios/final_trial_500.csv,clue_search,01,70,57,59,12,1,0,0,550,70,480,143,407,524,acbba_entry:407;clue:3;collision_intent:70;state:70,1543,0,completed
67,dcta_parity_v1,topk_filter,aa0724188407797eae5187348bee11ee9f51317c4e8a201863b052786aa2f1df,823213c90703fd83224ad7122ee730ba64af3769ea517af252103bddd907f681,ACBBA,ideal,1.0,19,361,4,0.05,18,,,acbba_topk_5,/home/agxorin/topk_filter_study/simulator/scenarios/final_trial_500.csv,clue_search,02,71,58,68,4,0,0,0,520,72,448,146,374,494,acbba_entry:374;clue:3;collision_intent:71;state:71;target:1,1574,0,completed
67,dcta_parity_v1,topk_filter,aa0724188407797eae5187348bee11ee9f51317c4e8a201863b052786aa2f1df,823213c90703fd83224ad7122ee730ba64af3769ea517af252103bddd907f681,ACBBA,ideal,1.0,19,361,4,0.05,18,,,acbba_topk_5,/home/agxorin/topk_filter_study/simulator/scenarios/final_trial_500.csv,clue_search,03,72,60,60,13,7,0,0,504,72,432,147,357,480,acbba_entry:357;clue:3;collision_intent:72;state:72,1588,0,completed
68,dcta_parity_v1,topk_filter,aa0724188407797eae5187348bee11ee9f51317c4e8a201863b052786aa2f1df,823213c90703fd83224ad7122ee730ba64af3769ea517af252103bddd907f681,ACBBA,ideal,1.0,19,361,4,0.05,18,,,acbba_topk_5,/home/agxorin/topk_filter_study/simulator/scenarios/final_trial_500.csv,clue_search,00,74,74,64,11,1,1,1,755,75,680,152,603,755,acbba_entry:603;clue:3;collision_intent:75;state:74,2228,0,completed
68,dcta_parity_v1,topk_filter,aa0724188407797eae5187348bee11ee9f51317c4e8a201863b052786aa2f1df,823213c90703fd83224ad7122ee730ba64af3769ea517af252103bddd907f681,ACBBA,ideal,1.0,19,361,4,0.05,18,,,acbba_topk_5,/home/agxorin/topk_filter_study/simulator/scenarios/final_trial_500.csv,clue_search,01,75,75,75,1,1,0,0,766,75,691,153,613,766,acbba_entry:613;clue:3;collision_intent:75;state:75,2216,0,completed
68,dcta_parity_v1,topk_filter,aa0724188407797eae5187348bee11ee9f51317c4e8a201863b052786aa2f1df,823213c90703fd83224ad7122ee730ba64af3769ea517af252103bddd907f681,ACBBA,ideal,1.0,19,361,4,0.05,18,,,acbba_topk_5,/home/agxorin/topk_filter_study/simulator/scenarios/final_trial_500.csv,clue_search,02,75,75,56,20,2,1,1,731,77,654,155,576,731,acbba_entry:576;clue:3;collision_intent:76;state:75;target:1,2252,0,completed
68,dcta_parity_v1,topk_filter,aa0724188407797eae5187348bee11ee9f51317c4e8a201863b052786aa2f1df,823213c90703fd83224ad7122ee730ba64af3769ea517af252103bddd907f681,ACBBA,ideal,1.0,19,361,4,0.05,18,,,acbba_topk_5,/home/agxorin/topk_filter_study/simulator/scenarios/final_trial_500.csv,clue_search,03,74,74,69,6,9,2,2,731,76,655,153,578,731,acbba_entry:578;clue:3;collision_intent:76;state:74,2251,0,completed
69,dcta_parity_v1,topk_filter,aa0724188407797eae5187348bee11ee9f51317c4e8a201863b052786aa2f1df,823213c90703fd83224ad7122ee730ba64af3769ea517af252103bddd907f681,ACBBA,ideal,1.0,19,361,4,0.05,18,,,acbba_topk_5,/home/agxorin/topk_filter_study/simulator/scenarios/final_trial_500.csv,clue_search,00,64,52,61,4,1,2,2,584,66,518,134,450,560,acbba_entry:450;clue:4;collision_intent:66;state:64,1808,0,completed
69,dcta_parity_v1,topk_filter,aa0724188407797eae5187348bee11ee9f51317c4e8a201863b052786aa2f1df,823213c90703fd83224ad7122ee730ba64af3769ea517af252103bddd907f681,ACBBA,ideal,1.0,19,361,4,0.05,18,,,acbba_topk_5,/home/agxorin/topk_filter_study/simulator/scenarios/final_trial_500.csv,clue_search,01,65,54,65,1,2,0,0,617,65,552,134,483,595,acbba_entry:483;clue:4;collision_intent:65;state:65,1773,0,completed
69,dcta_parity_v1,topk_filter,aa0724188407797eae5187348bee11ee9f51317c4e8a201863b052786aa2f1df,823213c90703fd83224ad7122ee730ba64af3769ea517af252103bddd907f681,ACBBA,ideal,1.0,19,361,4,0.05,18,,,acbba_topk_5,/home/agxorin/topk_filter_study/simulator/scenarios/final_trial_500.csv,clue_search,02,67,55,63,5,3,0,0,602,68,534,139,463,578,acbba_entry:463;clue:4;collision_intent:67;state:67;target:1,1790,0,completed
69,dcta_parity_v1,topk_filter,aa0724188407797eae5187348bee11ee9f51317c4e8a201863b052786aa2f1df,823213c90703fd83224ad7122ee730ba64af3769ea517af252103bddd907f681,ACBBA,ideal,1.0,19,361,4,0.05,18,,,acbba_topk_5,/home/agxorin/topk_filter_study/simulator/scenarios/final_trial_500.csv,clue_search,03,66,55,60,7,1,1,1,589,67,522,137,452,567,acbba_entry:452;clue:4;collision_intent:67;state:66,1801,0,completed
70,dcta_parity_v1,topk_filter,aa0724188407797eae5187348bee11ee9f51317c4e8a201863b052786aa2f1df,823213c90703fd83224ad7122ee730ba64af3769ea517af252103bddd907f681,ACBBA,ideal,1.0,19,361,4,0.05,18,,,acbba_topk_5,/home/agxorin/topk_filter_study/simulator/scenarios/final_trial_500.csv,clue_search,00,36,0,37,0,0,0,0,73,37,36,73,0,0,collision_intent:36;state:36;target:1,212,0,completed
70,dcta_parity_v1,topk_filter,aa0724188407797eae5187348bee11ee9f51317c4e8a201863b052786aa2f1df,823213c90703fd83224ad7122ee730ba64af3769ea517af252103bddd907f681,ACBBA,ideal,1.0,19,361,4,0.05,18,,,acbba_topk_5,/home/agxorin/topk_filter_study/simulator/scenarios/final_trial_500.csv,clue_search,01,35,0,36,0,0,0,0,70,35,35,70,0,0,collision_intent:35;state:35,213,0,completed
70,dcta_parity_v1,topk_filter,aa0724188407797eae5187348bee11ee9f51317c4e8a201863b052786aa2f1df,823213c90703fd83224ad7122ee730ba64af3769ea517af252103bddd907f681,ACBBA,ideal,1.0,19,361,4,0.05,18,,,acbba_topk_5,/home/agxorin/topk_filter_study/simulator/scenarios/final_trial_500.csv,clue_search,02,36,0,37,0,0,0,0,72,36,36,72,0,0,collision_intent:36;state:36,213,0,completed
70,dcta_parity_v1,topk_filter,aa0724188407797eae5187348bee11ee9f51317c4e8a201863b052786aa2f1df,823213c90703fd83224ad7122ee730ba64af3769ea517af252103bddd907f681,ACBBA,ideal,1.0,19,361,4,0.05,18,,,acbba_topk_5,/home/agxorin/topk_filter_study/simulator/scenarios/final_trial_500.csv,clue_search,03,35,0,36,0,0,0,0,70,35,35,70,0,0,collision_intent:35;state:35,214,0,completed
71,dcta_parity_v1,topk_filter,aa0724188407797eae5187348bee11ee9f51317c4e8a201863b052786aa2f1df,823213c90703fd83224ad7122ee730ba64af3769ea517af252103bddd907f681,ACBBA,ideal,1.0,19,361,4,0.05,18,,,acbba_topk_5,/home/agxorin/topk_filter_study/simulator/scenarios/final_trial_500.csv,clue_search,00,28,26,19,10,4,1,1,258,29,229,61,197,254,acbba_entry:197;clue:4;collision_intent:29;state:28,786,0,completed
71,dcta_parity_v1,topk_filter,aa0724188407797eae5187348bee11ee9f51317c4e8a201863b052786aa2f1df,823213c90703fd83224ad7122ee730ba64af3769ea517af252103bddd907f681,ACBBA,ideal,1.0,19,361,4,0.05,18,,,acbba_topk_5,/home/agxorin/topk_filter_study/simulator/scenarios/final_trial_500.csv,clue_search,01,28,26,26,3,1,0,0,245,29,216,61,184,241,acbba_entry:184;clue:4;collision_intent:29;state:28,801,0,completed
71,dcta_parity_v1,topk_filter,aa0724188407797eae5187348bee11ee9f51317c4e8a201863b052786aa2f1df,823213c90703fd83224ad7122ee730ba64af3769ea517af252103bddd907f681,ACBBA,ideal,1.0,19,361,4,0.05,18,,,acbba_topk_5,/home/agxorin/topk_filter_study/simulator/scenarios/final_trial_500.csv,clue_search,02,28,26,28,1,1,0,0,278,28,250,60,218,274,acbba_entry:218;clue:4;collision_intent:28;state:28,767,0,completed
71,dcta_parity_v1,topk_filter,aa0724188407797eae5187348bee11ee9f51317c4e8a201863b052786aa2f1df,823213c90703fd83224ad7122ee730ba64af3769ea517af252103bddd907f681,ACBBA,ideal,1.0,19,361,4,0.05,18,,,acbba_topk_5,/home/agxorin/topk_filter_study/simulator/scenarios/final_trial_500.csv,clue_search,03,29,27,25,5,2,0,0,265,30,235,63,202,261,acbba_entry:202;clue:4;collision_intent:29;state:29;target:1,781,0,completed
72,dcta_parity_v1,topk_filter,aa0724188407797eae5187348bee11ee9f51317c4e8a201863b052786aa2f1df,823213c90703fd83224ad7122ee730ba64af3769ea517af252103bddd907f681,ACBBA,ideal,1.0,19,361,4,0.05,18,,,acbba_topk_5,/home/agxorin/topk_filter_study/simulator/scenarios/final_trial_500.csv,clue_search,00,65,30,65,1,2,0,0,394,65,329,134,260,324,acbba_entry:260;clue:4;collision_intent:65;state:65,1179,0,completed
72,dcta_parity_v1,topk_filter,aa0724188407797eae5187348bee11ee9f51317c4e8a201863b052786aa2f1df,823213c90703fd83224ad7122ee730ba64af3769ea517af252103bddd907f681,ACBBA,ideal,1.0,19,361,4,0.05,18,,,acbba_topk_5,/home/agxorin/topk_filter_study/simulator/scenarios/final_trial_500.csv,clue_search,01,65,31,64,2,0,2,1,402,68,334,137,265,334,acbba_entry:265;clue:4;collision_intent:67;state:65;target:1,1172,0,completed
72,dcta_parity_v1,topk_filter,aa0724188407797eae5187348bee11ee9f51317c4e8a201863b052786aa2f1df,823213c90703fd83224ad7122ee730ba64af3769ea517af252103bddd907f681,ACBBA,ideal,1.0,19,361,4,0.05,18,,,acbba_topk_5,/home/agxorin/topk_filter_study/simulator/scenarios/final_trial_500.csv,clue_search,02,66,32,61,6,3,0,0,392,66,326,136,256,324,acbba_entry:256;clue:4;collision_intent:66;state:66,1180,0,completed
72,dcta_parity_v1,topk_filter,aa0724188407797eae5187348bee11ee9f51317c4e8a201863b052786aa2f1df,823213c90703fd83224ad7122ee730ba64af3769ea517af252103bddd907f681,ACBBA,ideal,1.0,19,361,4,0.05,18,,,acbba_topk_5,/home/agxorin/topk_filter_study/simulator/scenarios/final_trial_500.csv,clue_search,03,67,33,48,20,6,1,1,386,68,318,139,247,318,acbba_entry:247;clue:4;collision_intent:68;state:67,1188,0,completed
73,dcta_parity_v1,topk_filter,aa0724188407797eae5187348bee11ee9f51317c4e8a201863b052786aa2f1df,823213c90703fd83224ad7122ee730ba64af3769ea517af252103bddd907f681,ACBBA,ideal,1.0,19,361,4,0.05,18,,,acbba_topk_5,/home/agxorin/topk_filter_study/simulator/scenarios/final_trial_500.csv,clue_search,00,36,12,37,0,1,0,0,171,36,135,73,98,123,acbba_entry:98;clue:1;collision_intent:36;state:36,516,0,completed
73,dcta_parity_v1,topk_filter,aa0724188407797eae5187348bee11ee9f51317c4e8a201863b052786aa2f1df,823213c90703fd83224ad7122ee730ba64af3769ea517af252103bddd907f681,ACBBA,ideal,1.0,19,361,4,0.05,18,,,acbba_topk_5,/home/agxorin/topk_filter_study/simulator/scenarios/final_trial_500.csv,clue_search,01,35,11,36,0,0,0,0,166,35,131,71,95,118,acbba_entry:95;clue:1;collision_intent:35;state:35,520,0,completed
73,dcta_parity_v1,topk_filter,aa0724188407797eae5187348bee11ee9f51317c4e8a201863b052786aa2f1df,823213c90703fd83224ad7122ee730ba64af3769ea517af252103bddd907f681,ACBBA,ideal,1.0,19,361,4,0.05,18,,,acbba_topk_5,/home/agxorin/topk_filter_study/simulator/scenarios/final_trial_500.csv,clue_search,02,36,12,36,1,1,0,0,183,37,146,74,109,135,acbba_entry:109;clue:1;collision_intent:36;state:36;target:1,504,0,completed
73,dcta_parity_v1,topk_filter,aa0724188407797eae5187348bee11ee9f51317c4e8a201863b052786aa2f1df,823213c90703fd83224ad7122ee730ba64af3769ea517af252103bddd907f681,ACBBA,ideal,1.0,19,361,4,0.05,18,,,acbba_topk_5,/home/agxorin/topk_filter_study/simulator/scenarios/final_trial_500.csv,clue_search,03,36,13,32,5,2,0,0,167,36,131,73,94,121,acbba_entry:94;clue:1;collision_intent:36;state:36,519,0,completed
74,dcta_parity_v1,topk_filter,aa0724188407797eae5187348bee11ee9f51317c4e8a201863b052786aa2f1df,823213c90703fd83224ad7122ee730ba64af3769ea517af252103bddd907f681,ACBBA,ideal,1.0,19,361,4,0.05,18,,,acbba_topk_5,/home/agxorin/topk_filter_study/simulator/scenarios/final_trial_500.csv,clue_search,00,9,0,10,0,0,0,0,19,10,9,19,0,0,collision_intent:9;state:9;target:1,50,0,completed
74,dcta_parity_v1,topk_filter,aa0724188407797eae5187348bee11ee9f51317c4e8a201863b052786aa2f1df,823213c90703fd83224ad7122ee730ba64af3769ea517af252103bddd907f681,ACBBA,ideal,1.0,19,361,4,0.05,18,,,acbba_topk_5,/home/agxorin/topk_filter_study/simulator/scenarios/final_trial_500.csv,clue_search,01,8,0,9,0,0,0,0,16,8,8,16,0,0,collision_intent:8;state:8,52,0,completed
74,dcta_parity_v1,topk_filter,aa0724188407797eae5187348bee11ee9f51317c4e8a201863b052786aa2f1df,823213c90703fd83224ad7122ee730ba64af3769ea517af252103bddd907f681,ACBBA,ideal,1.0,19,361,4,0.05,18,,,acbba_topk_5,/home/agxorin/topk_filter_study/simulator/scenarios/final_trial_500.csv,clue_search,02,9,0,10,0,0,0,0,18,9,9,18,0,0,collision_intent:9;state:9,51,0,completed
74,dcta_parity_v1,topk_filter,aa0724188407797eae5187348bee11ee9f51317c4e8a201863b052786aa2f1df,823213c90703fd83224ad7122ee730ba64af3769ea517af252103bddd907f681,ACBBA,ideal,1.0,19,361,4,0.05,18,,,acbba_topk_5,/home/agxorin/topk_filter_study/simulator/scenarios/final_trial_500.csv,clue_search,03,8,0,9,0,0,0,0,16,8,8,16,0,0,collision_intent:8;state:8,53,0,completed
75,dcta_parity_v1,topk_filter,aa0724188407797eae5187348bee11ee9f51317c4e8a201863b052786aa2f1df,823213c90703fd83224ad7122ee730ba64af3769ea517af252103bddd907f681,ACBBA,ideal,1.0,19,361,4,0.05,18,,,acbba_topk_5,/home/agxorin/topk_filter_study/simulator/scenarios/final_trial_500.csv,clue_search,00,18,7,19,0,1,0,0,90,18,72,37,53,68,acbba_entry:53;clue:1;collision_intent:18;state:18,262,0,completed
75,dcta_parity_v1,topk_filter,aa0724188407797eae5187348bee11ee9f51317c4e8a201863b052786aa2f1df,823213c90703fd83224ad7122ee730ba64af3769ea517af252103bddd907f681,ACBBA,ideal,1.0,19,361,4,0.05,18,,,acbba_topk_5,/home/agxorin/topk_filter_study/simulator/scenarios/final_trial_500.csv,clue_search,01,17,6,16,2,0,0,0,82,17,65,35,47,60,acbba_entry:47;clue:1;collision_intent:17;state:17,269,0,completed
75,dcta_parity_v1,topk_filter,aa0724188407797eae5187348bee11ee9f51317c4e8a201863b052786aa2f1df,823213c90703fd83224ad7122ee730ba64af3769ea517af252103bddd907f681,ACBBA,ideal,1.0,19,361,4,0.05,18,,,acbba_topk_5,/home/agxorin/topk_filter_study/simulator/scenarios/final_trial_500.csv,clue_search,02,18,7,19,0,2,0,0,91,18,73,37,54,69,acbba_entry:54;clue:1;collision_intent:18;state:18,260,0,completed
75,dcta_parity_v1,topk_filter,aa0724188407797eae5187348bee11ee9f51317c4e8a201863b052786aa2f1df,823213c90703fd83224ad7122ee730ba64af3769ea517af252103bddd907f681,ACBBA,ideal,1.0,19,361,4,0.05,18,,,acbba_topk_5,/home/agxorin/topk_filter_study/simulator/scenarios/final_trial_500.csv,clue_search,03,18,8,18,1,3,0,0,89,19,70,38,51,69,acbba_entry:51;clue:1;collision_intent:18;state:18;target:1,263,0,completed
76,dcta_parity_v1,topk_filter,aa0724188407797eae5187348bee11ee9f51317c4e8a201863b052786aa2f1df,823213c90703fd83224ad7122ee730ba64af3769ea517af252103bddd907f681,ACBBA,ideal,1.0,19,361,4,0.05,18,,,acbba_topk_5,/home/agxorin/topk_filter_study/simulator/scenarios/final_trial_500.csv,clue_search,00,93,80,66,28,4,0,0,743,93,650,188,555,717,acbba_entry:555;clue:2;collision_intent:93;state:93,2245,0,completed
76,dcta_parity_v1,topk_filter,aa0724188407797eae5187348bee11ee9f51317c4e8a201863b052786aa2f1df,823213c90703fd83224ad7122ee730ba64af3769ea517af252103bddd907f681,ACBBA,ideal,1.0,19,361,4,0.05,18,,,acbba_topk_5,/home/agxorin/topk_filter_study/simulator/scenarios/final_trial_500.csv,clue_search,01,91,79,77,15,5,1,1,740,92,648,185,555,715,acbba_entry:555;clue:2;collision_intent:92;state:91,2248,0,completed
76,dcta_parity_v1,topk_filter,aa0724188407797eae5187348bee11ee9f51317c4e8a201863b052786aa2f1df,823213c90703fd83224ad7122ee730ba64af3769ea517af252103bddd907f681,ACBBA,ideal,1.0,19,361,4,0.05,18,,,acbba_topk_5,/home/agxorin/topk_filter_study/simulator/scenarios/final_trial_500.csv,clue_search,02,91,78,77,15,2,0,0,741,91,650,184,557,715,acbba_entry:557;clue:2;collision_intent:91;state:91,2247,0,completed
76,dcta_parity_v1,topk_filter,aa0724188407797eae5187348bee11ee9f51317c4e8a201863b052786aa2f1df,823213c90703fd83224ad7122ee730ba64af3769ea517af252103bddd907f681,ACBBA,ideal,1.0,19,361,4,0.05,18,,,acbba_topk_5,/home/agxorin/topk_filter_study/simulator/scenarios/final_trial_500.csv,clue_search,03,91,78,88,4,1,0,0,766,92,674,185,581,740,acbba_entry:581;clue:2;collision_intent:91;state:91;target:1,2224,0,completed
77,dcta_parity_v1,topk_filter,aa0724188407797eae5187348bee11ee9f51317c4e8a201863b052786aa2f1df,823213c90703fd83224ad7122ee730ba64af3769ea517af252103bddd907f681,ACBBA,ideal,1.0,19,361,4,0.05,18,,,acbba_topk_5,/home/agxorin/topk_filter_study/simulator/scenarios/final_trial_500.csv,clue_search,00,1,0,2,0,0,0,0,3,2,1,3,0,0,collision_intent:1;state:1;target:1,3,0,completed
77,dcta_parity_v1,topk_filter,aa0724188407797eae5187348bee11ee9f51317c4e8a201863b052786aa2f1df,823213c90703fd83224ad7122ee730ba64af3769ea517af252103bddd907f681,ACBBA,ideal,1.0,19,361,4,0.05,18,,,acbba_topk_5,/home/agxorin/topk_filter_study/simulator/scenarios/final_trial_500.csv,clue_search,01,0,0,1,0,0,0,0,1,1,0,1,0,0,collision_intent:1,3,0,completed
77,dcta_parity_v1,topk_filter,aa0724188407797eae5187348bee11ee9f51317c4e8a201863b052786aa2f1df,823213c90703fd83224ad7122ee730ba64af3769ea517af252103bddd907f681,ACBBA,ideal,1.0,19,361,4,0.05,18,,,acbba_topk_5,/home/agxorin/topk_filter_study/simulator/scenarios/final_trial_500.csv,clue_search,02,0,0,1,0,0,0,0,1,1,0,1,0,0,collision_intent:1,4,0,completed
77,dcta_parity_v1,topk_filter,aa0724188407797eae5187348bee11ee9f51317c4e8a201863b052786aa2f1df,823213c90703fd83224ad7122ee730ba64af3769ea517af252103bddd907f681,ACBBA,ideal,1.0,19,361,4,0.05,18,,,acbba_topk_5,/home/agxorin/topk_filter_study/simulator/scenarios/final_trial_500.csv,clue_search,03,0,0,1,0,0,0,0,1,1,0,1,0,0,collision_intent:1,4,0,completed
78,dcta_parity_v1,topk_filter,aa0724188407797eae5187348bee11ee9f51317c4e8a201863b052786aa2f1df,823213c90703fd83224ad7122ee730ba64af3769ea517af252103bddd907f681,ACBBA,ideal,1.0,19,361,4,0.05,18,,,acbba_topk_5,/home/agxorin/topk_filter_study/simulator/scenarios/final_trial_500.csv,clue_search,00,31,4,32,0,0,0,0,82,31,51,63,19,28,acbba_entry:19;clue:1;collision_intent:31;state:31,261,0,completed
78,dcta_parity_v1,topk_filter,aa0724188407797eae5187348bee11ee9f51317c4e8a201863b052786aa2f1df,823213c90703fd83224ad7122ee730ba64af3769ea517af252103bddd907f681,ACBBA,ideal,1.0,19,361,4,0.05,18,,,acbba_topk_5,/home/agxorin/topk_filter_study/simulator/scenarios/final_trial_500.csv,clue_search,01,31,5,30,2,1,0,0,86,31,55,63,23,34,acbba_entry:23;clue:1;collision_intent:31;state:31,258,0,completed
78,dcta_parity_v1,topk_filter,aa0724188407797eae5187348bee11ee9f51317c4e8a201863b052786aa2f1df,823213c90703fd83224ad7122ee730ba64af3769ea517af252103bddd907f681,ACBBA,ideal,1.0,19,361,4,0.05,18,,,acbba_topk_5,/home/agxorin/topk_filter_study/simulator/scenarios/final_trial_500.csv,clue_search,02,31,4,31,1,1,0,0,85,31,54,63,22,31,acbba_entry:22;clue:1;collision_intent:31;state:31,258,0,completed
78,dcta_parity_v1,topk_filter,aa0724188407797eae5187348bee11ee9f51317c4e8a201863b052786aa2f1df,823213c90703fd83224ad7122ee730ba64af3769ea517af252103bddd907f681,ACBBA,ideal,1.0,19,361,4,0.05,18,,,acbba_topk_5,/home/agxorin/topk_filter_study/simulator/scenarios/final_trial_500.csv,clue_search,03,31,4,32,0,0,0,0,91,32,59,64,27,37,acbba_entry:27;clue:1;collision_intent:31;state:31;target:1,253,0,completed
79,dcta_parity_v1,topk_filter,aa0724188407797eae5187348bee11ee9f51317c4e8a201863b052786aa2f1df,823213c90703fd83224ad7122ee730ba64af3769ea517af252103bddd907f681,ACBBA,ideal,1.0,19,361,4,0.05,18,,,acbba_topk_5,/home/agxorin/topk_filter_study/simulator/scenarios/final_trial_500.csv,clue_search,00,21,0,22,0,0,0,0,42,21,21,42,0,0,collision_intent:21;state:21,129,0,completed
79,dcta_parity_v1,topk_filter,aa0724188407797eae5187348bee11ee9f51317c4e8a201863b052786aa2f1df,823213c90703fd83224ad7122ee730ba64af3769ea517af252103bddd907f681,ACBBA,ideal,1.0,19,361,4,0.05,18,,,acbba_topk_5,/home/agxorin/topk_filter_study/simulator/scenarios/final_trial_500.csv,clue_search,01,21,0,22,0,0,0,0,42,21,21,42,0,0,collision_intent:21;state:21,127,0,completed
79,dcta_parity_v1,topk_filter,aa0724188407797eae5187348bee11ee9f51317c4e8a201863b052786aa2f1df,823213c90703fd83224ad7122ee730ba64af3769ea517af252103bddd907f681,ACBBA,ideal,1.0,19,361,4,0.05,18,,,acbba_topk_5,/home/agxorin/topk_filter_study/simulator/scenarios/final_trial_500.csv,clue_search,02,22,0,23,0,0,0,0,45,23,22,45,0,0,collision_intent:22;state:22;target:1,126,0,completed
79,dcta_parity_v1,topk_filter,aa0724188407797eae5187348bee11ee9f51317c4e8a201863b052786aa2f1df,823213c90703fd83224ad7122ee730ba64af3769ea517af252103bddd907f681,ACBBA,ideal,1.0,19,361,4,0.05,18,,,acbba_topk_5,/home/agxorin/topk_filter_study/simulator/scenarios/final_trial_500.csv,clue_search,03,21,0,22,0,0,0,0,42,21,21,42,0,0,collision_intent:21;state:21,128,0,completed
80,dcta_parity_v1,topk_filter,aa0724188407797eae5187348bee11ee9f51317c4e8a201863b052786aa2f1df,823213c90703fd83224ad7122ee730ba64af3769ea517af252103bddd907f681,ACBBA,ideal,1.0,19,361,4,0.05,18,,,acbba_topk_5,/home/agxorin/topk_filter_study/simulator/scenarios/final_trial_500.csv,clue_search,00,90,84,61,30,5,3,1,806,93,713,186,620,794,acbba_entry:620;clue:3;collision_intent:93;state:90,2432,0,completed
80,dcta_parity_v1,topk_filter,aa0724188407797eae5187348bee11ee9f51317c4e8a201863b052786aa2f1df,823213c90703fd83224ad7122ee730ba64af3769ea517af252103bddd907f681,ACBBA,ideal,1.0,19,361,4,0.05,18,,,acbba_topk_5,/home/agxorin/topk_filter_study/simulator/scenarios/final_trial_500.csv,clue_search,01,87,81,70,18,3,1,1,803,88,715,178,625,791,acbba_entry:625;clue:3;collision_intent:88;state:87,2435,0,completed
80,dcta_parity_v1,topk_filter,aa0724188407797eae5187348bee11ee9f51317c4e8a201863b052786aa2f1df,823213c90703fd83224ad7122ee730ba64af3769ea517af252103bddd907f681,ACBBA,ideal,1.0,19,361,4,0.05,18,,,acbba_topk_5,/home/agxorin/topk_filter_study/simulator/scenarios/final_trial_500.csv,clue_search,02,86,80,73,14,4,0,0,801,87,714,176,625,789,acbba_entry:625;clue:3;collision_intent:87;state:86,2438,0,completed
80,dcta_parity_v1,topk_filter,aa0724188407797eae5187348bee11ee9f51317c4e8a201863b052786aa2f1df,823213c90703fd83224ad7122ee730ba64af3769ea517af252103bddd907f681,ACBBA,ideal,1.0,19,361,4,0.05,18,,,acbba_topk_5,/home/agxorin/topk_filter_study/simulator/scenarios/final_trial_500.csv,clue_search,03,87,81,87,1,6,3,2,830,91,739,181,649,818,acbba_entry:649;clue:3;collision_intent:90;state:87;target:1,2410,0,completed
81,dcta_parity_v1,topk_filter,aa0724188407797eae5187348bee11ee9f51317c4e8a201863b052786aa2f1df,823213c90703fd83224ad7122ee730ba64af3769ea517af252103bddd907f681,ACBBA,ideal,1.0,19,361,4,0.05,18,,,acbba_topk_5,/home/agxorin/topk_filter_study/simulator/scenarios/final_trial_500.csv,clue_search,00,69,50,63,7,2,1,1,468,70,398,142,326,429,acbba_entry:326;clue:3;collision_intent:70;state:69,1452,0,completed
81,dcta_parity_v1,topk_filter,aa0724188407797eae5187348bee11ee9f51317c4e8a201863b052786aa2f1df,823213c90703fd83224ad7122ee730ba64af3769ea517af252103bddd907f681,ACBBA,ideal,1.0,19,361,4,0.05,18,,,acbba_topk_5,/home/agxorin/topk_filter_study/simulator/scenarios/final_trial_500.csv,clue_search,01,69,50,64,6,3,1,1,484,70,414,142,342,445,acbba_entry:342;clue:3;collision_intent:70;state:69,1436,0,completed
81,dcta_parity_v1,topk_filter,aa0724188407797eae5187348bee11ee9f51317c4e8a201863b052786aa2f1df,823213c90703fd83224ad7122ee730ba64af3769ea517af252103bddd907f681,ACBBA,ideal,1.0,19,361,4,0.05,18,,,acbba_topk_5,/home/agxorin/topk_filter_study/simulator/scenarios/final_trial_500.csv,clue_search,02,69,49,61,9,0,0,0,493,69,424,141,352,453,acbba_entry:352;clue:3;collision_intent:69;state:69,1428,0,completed
81,dcta_parity_v1,topk_filter,aa0724188407797eae5187348bee11ee9f51317c4e8a201863b052786aa2f1df,823213c90703fd83224ad7122ee730ba64af3769ea517af252103bddd907f681,ACBBA,ideal,1.0,19,361,4,0.05,18,,,acbba_topk_5,/home/agxorin/topk_filter_study/simulator/scenarios/final_trial_500.csv,clue_search,03,69,50,63,7,0,0,0,476,70,406,142,334,438,acbba_entry:334;clue:3;collision_intent:69;state:69;target:1,1445,0,completed
82,dcta_parity_v1,topk_filter,aa0724188407797eae5187348bee11ee9f51317c4e8a201863b052786aa2f1df,823213c90703fd83224ad7122ee730ba64af3769ea517af252103bddd907f681,ACBBA,ideal,1.0,19,361,4,0.05,18,,,acbba_topk_5,/home/agxorin/topk_filter_study/simulator/scenarios/final_trial_500.csv,clue_search,00,49,39,45,5,1,0,0,352,49,303,100,252,332,acbba_entry:252;clue:2;collision_intent:49;state:49,1129,0,completed
82,dcta_parity_v1,topk_filter,aa0724188407797eae5187348bee11ee9f51317c4e8a201863b052786aa2f1df,823213c90703fd83224ad7122ee730ba64af3769ea517af252103bddd907f681,ACBBA,ideal,1.0,19,361,4,0.05,18,,,acbba_topk_5,/home/agxorin/topk_filter_study/simulator/scenarios/final_trial_500.csv,clue_search,01,48,39,42,7,2,0,0,363,49,314,99,264,345,acbba_entry:264;clue:2;collision_intent:48;state:48;target:1,1119,0,completed
82,dcta_parity_v1,topk_filter,aa0724188407797eae5187348bee11ee9f51317c4e8a201863b052786aa2f1df,823213c90703fd83224ad7122ee730ba64af3769ea517af252103bddd907f681,ACBBA,ideal,1.0,19,361,4,0.05,18,,,acbba_topk_5,/home/agxorin/topk_filter_study/simulator/scenarios/final_trial_500.csv,clue_search,02,46,36,45,2,1,1,1,387,48,339,96,291,367,acbba_entry:291;clue:2;collision_intent:48;state:46,1095,0,completed
82,dcta_parity_v1,topk_filter,aa0724188407797eae5187348bee11ee9f51317c4e8a201863b052786aa2f1df,823213c90703fd83224ad7122ee730ba64af3769ea517af252103bddd907f681,ACBBA,ideal,1.0,19,361,4,0.05,18,,,acbba_topk_5,/home/agxorin/topk_filter_study/simulator/scenarios/final_trial_500.csv,clue_search,03,48,38,43,6,0,0,0,380,48,332,98,282,360,acbba_entry:282;clue:2;collision_intent:48;state:48,1102,0,completed
83,dcta_parity_v1,topk_filter,aa0724188407797eae5187348bee11ee9f51317c4e8a201863b052786aa2f1df,823213c90703fd83224ad7122ee730ba64af3769ea517af252103bddd907f681,ACBBA,ideal,1.0,19,361,4,0.05,18,,,acbba_topk_5,/home/agxorin/topk_filter_study/simulator/scenarios/final_trial_500.csv,clue_search,00,31,12,32,0,0,0,0,159,32,127,64,95,121,acbba_entry:95;clue:1;collision_intent:31;state:31;target:1,473,0,completed
83,dcta_parity_v1,topk_filter,aa0724188407797eae5187348bee11ee9f51317c4e8a201863b052786aa2f1df,823213c90703fd83224ad7122ee730ba64af3769ea517af252103bddd907f681,ACBBA,ideal,1.0,19,361,4,0.05,18,,,acbba_topk_5,/home/agxorin/topk_filter_study/simulator/scenarios/final_trial_500.csv,clue_search,01,30,11,30,1,0,0,0,150,30,120,61,89,112,acbba_entry:89;clue:1;collision_intent:30;state:30,480,0,completed
83,dcta_parity_v1,topk_filter,aa0724188407797eae5187348bee11ee9f51317c4e8a201863b052786aa2f1df,823213c90703fd83224ad7122ee730ba64af3769ea517af252103bddd907f681,ACBBA,ideal,1.0,19,361,4,0.05,18,,,acbba_topk_5,/home/agxorin/topk_filter_study/simulator/scenarios/final_trial_500.csv,clue_search,02,30,11,29,2,0,0,0,163,31,132,62,101,125,acbba_entry:101;clue:1;collision_intent:31;state:30,469,0,completed
83,dcta_parity_v1,topk_filter,aa0724188407797eae5187348bee11ee9f51317c4e8a201863b052786aa2f1df,823213c90703fd83224ad7122ee730ba64af3769ea517af252103bddd907f681,ACBBA,ideal,1.0,19,361,4,0.05,18,,,acbba_topk_5,/home/agxorin/topk_filter_study/simulator/scenarios/final_trial_500.csv,clue_search,03,30,11,30,1,0,0,0,160,31,129,62,98,122,acbba_entry:98;clue:1;collision_intent:31;state:30,472,0,completed
84,dcta_parity_v1,topk_filter,aa0724188407797eae5187348bee11ee9f51317c4e8a201863b052786aa2f1df,823213c90703fd83224ad7122ee730ba64af3769ea517af252103bddd907f681,ACBBA,ideal,1.0,19,361,4,0.05,18,,,acbba_topk_5,/home/agxorin/topk_filter_study/simulator/scenarios/final_trial_500.csv,clue_search,00,41,27,42,0,3,0,0,255,42,213,85,170,227,acbba_entry:170;clue:2;collision_intent:41;state:41;target:1,762,0,completed
84,dcta_parity_v1,topk_filter,aa0724188407797eae5187348bee11ee9f51317c4e8a201863b052786aa2f1df,823213c90703fd83224ad7122ee730ba64af3769ea517af252103bddd907f681,ACBBA,ideal,1.0,19,361,4,0.05,18,,,acbba_topk_5,/home/agxorin/topk_filter_study/simulator/scenarios/final_trial_500.csv,clue_search,01,39,26,34,6,1,0,0,257,39,218,80,177,230,acbba_entry:177;clue:2;collision_intent:39;state:39,758,0,completed
84,dcta_parity_v1,topk_filter,aa0724188407797eae5187348bee11ee9f51317c4e8a201863b052786aa2f1df,823213c90703fd83224ad7122ee730ba64af3769ea517af252103bddd907f681,ACBBA,ideal,1.0,19,361,4,0.05,18,,,acbba_topk_5,/home/agxorin/topk_filter_study/simulator/scenarios/final_trial_500.csv,clue_search,02,40,26,35,6,5,0,0,254,40,214,82,172,226,acbba_entry:172;clue:2;collision_intent:40;state:40,762,0,completed
84,dcta_parity_v1,topk_filter,aa0724188407797eae5187348bee11ee9f51317c4e8a201863b052786aa2f1df,823213c90703fd83224ad7122ee730ba64af3769ea517af252103bddd907f681,ACBBA,ideal,1.0,19,361,4,0.05,18,,,acbba_topk_5,/home/agxorin/topk_filter_study/simulator/scenarios/final_trial_500.csv,clue_search,03,39,25,35,5,2,0,0,251,39,212,80,171,223,acbba_entry:171;clue:2;collision_intent:39;state:39,765,0,completed
85,dcta_parity_v1,topk_filter,aa0724188407797eae5187348bee11ee9f51317c4e8a201863b052786aa2f1df,823213c90703fd83224ad7122ee730ba64af3769ea517af252103bddd907f681,ACBBA,ideal,1.0,19,361,4,0.05,18,,,acbba_topk_5,/home/agxorin/topk_filter_study/simulator/scenarios/final_trial_500.csv,clue_search,00,10,4,11,0,1,0,0,41,10,31,21,20,29,acbba_entry:20;clue:1;collision_intent:10;state:10,147,0,completed
85,dcta_parity_v1,topk_filter,aa0724188407797eae5187348bee11ee9f51317c4e8a201863b052786aa2f1df,823213c90703fd83224ad7122ee730ba64af3769ea517af252103bddd907f681,ACBBA,ideal,1.0,19,361,4,0.05,18,,,acbba_topk_5,/home/agxorin/topk_filter_study/simulator/scenarios/final_trial_500.csv,clue_search,01,10,5,11,0,2,0,0,50,11,39,22,28,40,acbba_entry:28;clue:1;collision_intent:10;state:10;target:1,138,0,completed
85,dcta_parity_v1,topk_filter,aa0724188407797eae5187348bee11ee9f51317c4e8a201863b052786aa2f1df,823213c90703fd83224ad7122ee730ba64af3769ea517af252103bddd907f681,ACBBA,ideal,1.0,19,361,4,0.05,18,,,acbba_topk_5,/home/agxorin/topk_filter_study/simulator/scenarios/final_trial_500.csv,clue_search,02,10,4,10,1,0,0,0,49,10,39,21,28,37,acbba_entry:28;clue:1;collision_intent:10;state:10,139,0,completed
85,dcta_parity_v1,topk_filter,aa0724188407797eae5187348bee11ee9f51317c4e8a201863b052786aa2f1df,823213c90703fd83224ad7122ee730ba64af3769ea517af252103bddd907f681,ACBBA,ideal,1.0,19,361,4,0.05,18,,,acbba_topk_5,/home/agxorin/topk_filter_study/simulator/scenarios/final_trial_500.csv,clue_search,03,9,4,10,0,2,0,0,48,10,38,20,28,38,acbba_entry:28;clue:1;collision_intent:10;state:9,138,0,completed
86,dcta_parity_v1,topk_filter,aa0724188407797eae5187348bee11ee9f51317c4e8a201863b052786aa2f1df,823213c90703fd83224ad7122ee730ba64af3769ea517af252103bddd907f681,ACBBA,ideal,1.0,19,361,4,0.05,18,,,acbba_topk_5,/home/agxorin/topk_filter_study/simulator/scenarios/final_trial_500.csv,clue_search,00,3,3,4,0,0,0,0,31,4,27,9,22,31,acbba_entry:22;clue:2;collision_intent:3;state:3;target:1,89,0,completed
86,dcta_parity_v1,topk_filter,aa0724188407797eae5187348bee11ee9f51317c4e8a201863b052786aa2f1df,823213c90703fd83224ad7122ee730ba64af3769ea517af252103bddd907f681,ACBBA,ideal,1.0,19,361,4,0.05,18,,,acbba_topk_5,/home/agxorin/topk_filter_study/simulator/scenarios/final_trial_500.csv,clue_search,01,3,3,4,0,0,0,0,28,3,25,8,20,28,acbba_entry:20;clue:2;collision_intent:3;state:3,91,0,completed
86,dcta_parity_v1,topk_filter,aa0724188407797eae5187348bee11ee9f51317c4e8a201863b052786aa2f1df,823213c90703fd83224ad7122ee730ba64af3769ea517af252103bddd907f681,ACBBA,ideal,1.0,19,361,4,0.05,18,,,acbba_topk_5,/home/agxorin/topk_filter_study/simulator/scenarios/final_trial_500.csv,clue_search,02,3,3,4,0,1,0,0,32,3,29,8,24,32,acbba_entry:24;clue:2;collision_intent:3;state:3,88,0,completed
86,dcta_parity_v1,topk_filter,aa0724188407797eae5187348bee11ee9f51317c4e8a201863b052786aa2f1df,823213c90703fd83224ad7122ee730ba64af3769ea517af252103bddd907f681,ACBBA,ideal,1.0,19,361,4,0.05,18,,,acbba_topk_5,/home/agxorin/topk_filter_study/simulator/scenarios/final_trial_500.csv,clue_search,03,3,3,4,0,2,0,0,29,3,26,8,21,29,acbba_entry:21;clue:2;collision_intent:3;state:3,90,0,completed
87,dcta_parity_v1,topk_filter,aa0724188407797eae5187348bee11ee9f51317c4e8a201863b052786aa2f1df,823213c90703fd83224ad7122ee730ba64af3769ea517af252103bddd907f681,ACBBA,ideal,1.0,19,361,4,0.05,18,,,acbba_topk_5,/home/agxorin/topk_filter_study/simulator/scenarios/final_trial_500.csv,clue_search,00,11,10,11,1,0,0,0,89,11,78,23,66,87,acbba_entry:66;clue:1;collision_intent:11;state:11,279,0,completed
87,dcta_parity_v1,topk_filter,aa0724188407797eae5187348bee11ee9f51317c4e8a201863b052786aa2f1df,823213c90703fd83224ad7122ee730ba64af3769ea517af252103bddd907f681,ACBBA,ideal,1.0,19,361,4,0.05,18,,,acbba_topk_5,/home/agxorin/topk_filter_study/simulator/scenarios/final_trial_500.csv,clue_search,01,10,9,11,0,0,0,0,89,10,79,21,68,87,acbba_entry:68;clue:1;collision_intent:10;state:10,279,0,completed
87,dcta_parity_v1,topk_filter,aa0724188407797eae5187348bee11ee9f51317c4e8a201863b052786aa2f1df,823213c90703fd83224ad7122ee730ba64af3769ea517af252103bddd907f681,ACBBA,ideal,1.0,19,361,4,0.05,18,,,acbba_topk_5,/home/agxorin/topk_filter_study/simulator/scenarios/final_trial_500.csv,clue_search,02,11,10,8,4,0,0,0,99,11,88,23,76,97,acbba_entry:76;clue:1;collision_intent:11;state:11,269,0,completed
87,dcta_parity_v1,topk_filter,aa0724188407797eae5187348bee11ee9f51317c4e8a201863b052786aa2f1df,823213c90703fd83224ad7122ee730ba64af3769ea517af252103bddd907f681,ACBBA,ideal,1.0,19,361,4,0.05,18,,,acbba_topk_5,/home/agxorin/topk_filter_study/simulator/scenarios/final_trial_500.csv,clue_search,03,12,12,11,2,2,0,0,92,13,79,26,66,91,acbba_entry:66;clue:1;collision_intent:12;state:12;target:1,277,0,completed
88,dcta_parity_v1,topk_filter,aa0724188407797eae5187348bee11ee9f51317c4e8a201863b052786aa2f1df,823213c90703fd83224ad7122ee730ba64af3769ea517af252103bddd907f681,ACBBA,ideal,1.0,19,361,4,0.05,18,,,acbba_topk_5,/home/agxorin/topk_filter_study/simulator/scenarios/final_trial_500.csv,clue_search,00,14,9,15,0,0,0,0,98,14,84,30,68,88,acbba_entry:68;clue:2;collision_intent:14;state:14,251,0,completed
88,dcta_parity_v1,topk_filter,aa0724188407797eae5187348bee11ee9f51317c4e8a201863b052786aa2f1df,823213c90703fd83224ad7122ee730ba64af3769ea517af252103bddd907f681,ACBBA,ideal,1.0,19,361,4,0.05,18,,,acbba_topk_5,/home/agxorin/topk_filter_study/simulator/scenarios/final_trial_500.csv,clue_search,01,14,10,15,0,1,0,0,84,15,69,31,53,76,acbba_entry:53;clue:2;collision_intent:14;state:14;target:1,266,0,completed
88,dcta_parity_v1,topk_filter,aa0724188407797eae5187348bee11ee9f51317c4e8a201863b052786aa2f1df,823213c90703fd83224ad7122ee730ba64af3769ea517af252103bddd907f681,ACBBA,ideal,1.0,19,361,4,0.05,18,,,acbba_topk_5,/home/agxorin/topk_filter_study/simulator/scenarios/final_trial_500.csv,clue_search,02,14,10,15,0,1,0,0,84,14,70,30,54,76,acbba_entry:54;clue:2;collision_intent:14;state:14,265,0,completed
88,dcta_parity_v1,topk_filter,aa0724188407797eae5187348bee11ee9f51317c4e8a201863b052786aa2f1df,823213c90703fd83224ad7122ee730ba64af3769ea517af252103bddd907f681,ACBBA,ideal,1.0,19,361,4,0.05,18,,,acbba_topk_5,/home/agxorin/topk_filter_study/simulator/scenarios/final_trial_500.csv,clue_search,03,14,10,15,0,3,0,0,84,14,70,30,54,76,acbba_entry:54;clue:2;collision_intent:14;state:14,265,0,completed
89,dcta_parity_v1,topk_filter,aa0724188407797eae5187348bee11ee9f51317c4e8a201863b052786aa2f1df,823213c90703fd83224ad7122ee730ba64af3769ea517af252103bddd907f681,ACBBA,ideal,1.0,19,361,4,0.05,18,,,acbba_topk_5,/home/agxorin/topk_filter_study/simulator/scenarios/final_trial_500.csv,clue_search,00,38,31,37,2,0,0,0,311,38,273,80,231,297,acbba_entry:231;clue:4;collision_intent:38;state:38,892,0,completed
89,dcta_parity_v1,topk_filter,aa0724188407797eae5187348bee11ee9f51317c4e8a201863b052786aa2f1df,823213c90703fd83224ad7122ee730ba64af3769ea517af252103bddd907f681,ACBBA,ideal,1.0,19,361,4,0.05,18,,,acbba_topk_5,/home/agxorin/topk_filter_study/simulator/scenarios/final_trial_500.csv,clue_search,01,39,33,39,1,1,0,0,305,40,265,83,222,293,acbba_entry:222;clue:4;collision_intent:39;state:39;target:1,900,0,completed
89,dcta_parity_v1,topk_filter,aa0724188407797eae5187348bee11ee9f51317c4e8a201863b052786aa2f1df,823213c90703fd83224ad7122ee730ba64af3769ea517af252103bddd907f681,ACBBA,ideal,1.0,19,361,4,0.05,18,,,acbba_topk_5,/home/agxorin/topk_filter_study/simulator/scenarios/final_trial_500.csv,clue_search,02,39,33,37,3,3,0,0,296,39,257,82,214,283,acbba_entry:214;clue:4;collision_intent:39;state:39,908,0,completed
89,dcta_parity_v1,topk_filter,aa0724188407797eae5187348bee11ee9f51317c4e8a201863b052786aa2f1df,823213c90703fd83224ad7122ee730ba64af3769ea517af252103bddd907f681,ACBBA,ideal,1.0,19,361,4,0.05,18,,,acbba_topk_5,/home/agxorin/topk_filter_study/simulator/scenarios/final_trial_500.csv,clue_search,03,39,33,37,3,2,1,1,293,40,253,83,210,281,acbba_entry:210;clue:4;collision_intent:40;state:39,910,0,completed
90,dcta_parity_v1,topk_filter,aa0724188407797eae5187348bee11ee9f51317c4e8a201863b052786aa2f1df,823213c90703fd83224ad7122ee730ba64af3769ea517af252103bddd907f681,ACBBA,ideal,1.0,19,361,4,0.05,18,,,acbba_topk_5,/home/agxorin/topk_filter_study/simulator/scenarios/final_trial_500.csv,clue_search,00,9,6,10,0,1,0,0,60,9,51,20,40,54,acbba_entry:40;clue:2;collision_intent:9;state:9,161,0,completed
90,dcta_parity_v1,topk_filter,aa0724188407797eae5187348bee11ee9f51317c4e8a201863b052786aa2f1df,823213c90703fd83224ad7122ee730ba64af3769ea517af252103bddd907f681,ACBBA,ideal,1.0,19,361,4,0.05,18,,,acbba_topk_5,/home/agxorin/topk_filter_study/simulator/scenarios/final_trial_500.csv,clue_search,01,8,5,9,0,1,0,0,48,8,40,18,30,42,acbba_entry:30;clue:2;collision_intent:8;state:8,173,0,completed
90,dcta_parity_v1,topk_filter,aa0724188407797eae5187348bee11ee9f51317c4e8a201863b052786aa2f1df,823213c90703fd83224ad7122ee730ba64af3769ea517af252103bddd907f681,ACBBA,ideal,1.0,19,361,4,0.05,18,,,acbba_topk_5,/home/agxorin/topk_filter_study/simulator/scenarios/final_trial_500.csv,clue_search,02,9,6,10,0,2,0,0,65,10,55,21,44,59,acbba_entry:44;clue:2;collision_intent:9;state:9;target:1,157,0,completed
90,dcta_parity_v1,topk_filter,aa0724188407797eae5187348bee11ee9f51317c4e8a201863b052786aa2f1df,823213c90703fd83224ad7122ee730ba64af3769ea517af252103bddd907f681,ACBBA,ideal,1.0,19,361,4,0.05,18,,,acbba_topk_5,/home/agxorin/topk_filter_study/simulator/scenarios/final_trial_500.csv,clue_search,03,9,6,9,1,2,0,0,49,9,40,20,29,43,acbba_entry:29;clue:2;collision_intent:9;state:9,172,0,completed
91,dcta_parity_v1,topk_filter,aa0724188407797eae5187348bee11ee9f51317c4e8a201863b052786aa2f1df,823213c90703fd83224ad7122ee730ba64af3769ea517af252103bddd907f681,ACBBA,ideal,1.0,19,361,4,0.05,18,,,acbba_topk_5,/home/agxorin/topk_filter_study/simulator/scenarios/final_trial_500.csv,clue_search,00,1,0,2,0,0,0,0,3,2,1,3,0,0,collision_intent:2;state:1,8,0,completed
91,dcta_parity_v1,topk_filter,aa0724188407797eae5187348bee11ee9f51317c4e8a201863b052786aa2f1df,823213c90703fd83224ad7122ee730ba64af3769ea517af252103bddd907f681,ACBBA,ideal,1.0,19,361,4,0.05,18,,,acbba_topk_5,/home/agxorin/topk_filter_study/simulator/scenarios/final_trial_500.csv,clue_search,01,1,0,2,0,0,0,0,2,1,1,2,0,0,collision_intent:1;state:1,9,0,completed
91,dcta_parity_v1,topk_filter,aa0724188407797eae5187348bee11ee9f51317c4e8a201863b052786aa2f1df,823213c90703fd83224ad7122ee730ba64af3769ea517af252103bddd907f681,ACBBA,ideal,1.0,19,361,4,0.05,18,,,acbba_topk_5,/home/agxorin/topk_filter_study/simulator/scenarios/final_trial_500.csv,clue_search,02,2,0,3,0,0,0,0,5,3,2,5,0,0,collision_intent:2;state:2;target:1,7,0,completed
91,dcta_parity_v1,topk_filter,aa0724188407797eae5187348bee11ee9f51317c4e8a201863b052786aa2f1df,823213c90703fd83224ad7122ee730ba64af3769ea517af252103bddd907f681,ACBBA,ideal,1.0,19,361,4,0.05,18,,,acbba_topk_5,/home/agxorin/topk_filter_study/simulator/scenarios/final_trial_500.csv,clue_search,03,1,0,2,0,0,0,0,2,1,1,2,0,0,collision_intent:1;state:1,8,0,completed
92,dcta_parity_v1,topk_filter,aa0724188407797eae5187348bee11ee9f51317c4e8a201863b052786aa2f1df,823213c90703fd83224ad7122ee730ba64af3769ea517af252103bddd907f681,ACBBA,ideal,1.0,19,361,4,0.05,18,,,acbba_topk_5,/home/agxorin/topk_filter_study/simulator/scenarios/final_trial_500.csv,clue_search,00,42,42,35,8,1,0,0,447,42,405,86,361,447,acbba_entry:361;clue:2;collision_intent:42;state:42,1339,0,completed
92,dcta_parity_v1,topk_filter,aa0724188407797eae5187348bee11ee9f51317c4e8a201863b052786aa2f1df,823213c90703fd83224ad7122ee730ba64af3769ea517af252103bddd907f681,ACBBA,ideal,1.0,19,361,4,0.05,18,,,acbba_topk_5,/home/agxorin/topk_filter_study/simulator/scenarios/final_trial_500.csv,clue_search,01,41,41,41,1,2,0,0,444,41,403,84,360,444,acbba_entry:360;clue:2;collision_intent:41;state:41,1342,0,completed
92,dcta_parity_v1,topk_filter,aa0724188407797eae5187348bee11ee9f51317c4e8a201863b052786aa2f1df,823213c90703fd83224ad7122ee730ba64af3769ea517af252103bddd907f681,ACBBA,ideal,1.0,19,361,4,0.05,18,,,acbba_topk_5,/home/agxorin/topk_filter_study/simulator/scenarios/final_trial_500.csv,clue_search,02,40,40,39,2,1,1,1,453,42,411,84,369,453,acbba_entry:369;clue:2;collision_intent:41;state:40;target:1,1334,0,completed
92,dcta_parity_v1,topk_filter,aa0724188407797eae5187348bee11ee9f51317c4e8a201863b052786aa2f1df,823213c90703fd83224ad7122ee730ba64af3769ea517af252103bddd907f681,ACBBA,ideal,1.0,19,361,4,0.05,18,,,acbba_topk_5,/home/agxorin/topk_filter_study/simulator/scenarios/final_trial_500.csv,clue_search,03,41,41,37,5,2,0,0,443,41,402,84,359,443,acbba_entry:359;clue:2;collision_intent:41;state:41,1342,0,completed
93,dcta_parity_v1,topk_filter,aa0724188407797eae5187348bee11ee9f51317c4e8a201863b052786aa2f1df,823213c90703fd83224ad7122ee730ba64af3769ea517af252103bddd907f681,ACBBA,ideal,1.0,19,361,4,0.05,18,,,acbba_topk_5,/home/agxorin/topk_filter_study/simulator/scenarios/final_trial_500.csv,clue_search,00,37,0,38,0,0,0,0,75,38,37,75,0,0,collision_intent:37;state:37;target:1,216,0,completed
93,dcta_parity_v1,topk_filter,aa0724188407797eae5187348bee11ee9f51317c4e8a201863b052786aa2f1df,823213c90703fd83224ad7122ee730ba64af3769ea517af252103bddd907f681,ACBBA,ideal,1.0,19,361,4,0.05,18,,,acbba_topk_5,/home/agxorin/topk_filter_study/simulator/scenarios/final_trial_500.csv,clue_search,01,36,0,37,0,0,0,0,72,36,36,72,0,0,collision_intent:36;state:36,218,0,completed
93,dcta_parity_v1,topk_filter,aa0724188407797eae5187348bee11ee9f51317c4e8a201863b052786aa2f1df,823213c90703fd83224ad7122ee730ba64af3769ea517af252103bddd907f681,ACBBA,ideal,1.0,19,361,4,0.05,18,,,acbba_topk_5,/home/agxorin/topk_filter_study/simulator/scenarios/final_trial_500.csv,clue_search,02,36,0,37,0,0,0,0,72,36,36,72,0,0,collision_intent:36;state:36,218,0,completed
93,dcta_parity_v1,topk_filter,aa0724188407797eae5187348bee11ee9f51317c4e8a201863b052786aa2f1df,823213c90703fd83224ad7122ee730ba64af3769ea517af252103bddd907f681,ACBBA,ideal,1.0,19,361,4,0.05,18,,,acbba_topk_5,/home/agxorin/topk_filter_study/simulator/scenarios/final_trial_500.csv,clue_search,03,36,0,37,0,0,0,0,72,36,36,72,0,0,collision_intent:36;state:36,219,0,completed
94,dcta_parity_v1,topk_filter,aa0724188407797eae5187348bee11ee9f51317c4e8a201863b052786aa2f1df,823213c90703fd83224ad7122ee730ba64af3769ea517af252103bddd907f681,ACBBA,ideal,1.0,19,361,4,0.05,18,,,acbba_topk_5,/home/agxorin/topk_filter_study/simulator/scenarios/final_trial_500.csv,clue_search,00,112,101,84,29,3,1,1,870,114,756,229,641,848,acbba_entry:641;clue:3;collision_intent:113;state:112;target:1,2476,0,completed
94,dcta_parity_v1,topk_filter,aa0724188407797eae5187348bee11ee9f51317c4e8a201863b052786aa2f1df,823213c90703fd83224ad7122ee730ba64af3769ea517af252103bddd907f681,ACBBA,ideal,1.0,19,361,4,0.05,18,,,acbba_topk_5,/home/agxorin/topk_filter_study/simulator/scenarios/final_trial_500.csv,clue_search,01,112,102,88,25,2,0,0,858,112,746,227,631,838,acbba_entry:631;clue:3;collision_intent:112;state:112,2487,0,completed
94,dcta_parity_v1,topk_filter,aa0724188407797eae5187348bee11ee9f51317c4e8a201863b052786aa2f1df,823213c90703fd83224ad7122ee730ba64af3769ea517af252103bddd907f681,ACBBA,ideal,1.0,19,361,4,0.05,18,,,acbba_topk_5,/home/agxorin/topk_filter_study/simulator/scenarios/final_trial_500.csv,clue_search,02,112,102,89,24,5,0,0,818,112,706,227,591,797,acbba_entry:591;clue:3;collision_intent:112;state:112,2527,0,completed
94,dcta_parity_v1,topk_filter,aa0724188407797eae5187348bee11ee9f51317c4e8a201863b052786aa2f1df,823213c90703fd83224ad7122ee730ba64af3769ea517af252103bddd907f681,ACBBA,ideal,1.0,19,361,4,0.05,18,,,acbba_topk_5,/home/agxorin/topk_filter_study/simulator/scenarios/final_trial_500.csv,clue_search,03,111,101,84,28,12,5,4,800,116,684,230,570,780,acbba_entry:570;clue:3;collision_intent:116;state:111,2546,0,completed
95,dcta_parity_v1,topk_filter,aa0724188407797eae5187348bee11ee9f51317c4e8a201863b052786aa2f1df,823213c90703fd83224ad7122ee730ba64af3769ea517af252103bddd907f681,ACBBA,ideal,1.0,19,361,4,0.05,18,,,acbba_topk_5,/home/agxorin/topk_filter_study/simulator/scenarios/final_trial_500.csv,clue_search,00,47,10,47,1,0,0,0,164,48,116,97,67,90,acbba_entry:67;clue:2;collision_intent:47;state:47;target:1,509,0,completed
95,dcta_parity_v1,topk_filter,aa0724188407797eae5187348bee11ee9f51317c4e8a201863b052786aa2f1df,823213c90703fd83224ad7122ee730ba64af3769ea517af252103bddd907f681,ACBBA,ideal,1.0,19,361,4,0.05,18,,,acbba_topk_5,/home/agxorin/topk_filter_study/simulator/scenarios/final_trial_500.csv,clue_search,01,47,11,47,1,1,0,0,166,47,119,96,70,94,acbba_entry:70;clue:2;collision_intent:47;state:47,506,0,completed
95,dcta_parity_v1,topk_filter,aa0724188407797eae5187348bee11ee9f51317c4e8a201863b052786aa2f1df,823213c90703fd83224ad7122ee730ba64af3769ea517af252103bddd907f681,ACBBA,ideal,1.0,19,361,4,0.05,18,,,acbba_topk_5,/home/agxorin/topk_filter_study/simulator/scenarios/final_trial_500.csv,clue_search,02,47,11,44,4,5,0,0,171,47,124,96,75,99,acbba_entry:75;clue:2;collision_intent:47;state:47,502,0,completed
95,dcta_parity_v1,topk_filter,aa0724188407797eae5187348bee11ee9f51317c4e8a201863b052786aa2f1df,823213c90703fd83224ad7122ee730ba64af3769ea517af252103bddd907f681,ACBBA,ideal,1.0,19,361,4,0.05,18,,,acbba_topk_5,/home/agxorin/topk_filter_study/simulator/scenarios/final_trial_500.csv,clue_search,03,47,11,45,3,4,0,0,172,47,125,96,76,100,acbba_entry:76;clue:2;collision_intent:47;state:47,499,0,completed
96,dcta_parity_v1,topk_filter,aa0724188407797eae5187348bee11ee9f51317c4e8a201863b052786aa2f1df,823213c90703fd83224ad7122ee730ba64af3769ea517af252103bddd907f681,ACBBA,ideal,1.0,19,361,4,0.05,18,,,acbba_topk_5,/home/agxorin/topk_filter_study/simulator/scenarios/final_trial_500.csv,clue_search,00,74,70,57,18,1,0,0,643,74,569,151,492,635,acbba_entry:492;clue:3;collision_intent:74;state:74,1885,0,completed
96,dcta_parity_v1,topk_filter,aa0724188407797eae5187348bee11ee9f51317c4e8a201863b052786aa2f1df,823213c90703fd83224ad7122ee730ba64af3769ea517af252103bddd907f681,ACBBA,ideal,1.0,19,361,4,0.05,18,,,acbba_topk_5,/home/agxorin/topk_filter_study/simulator/scenarios/final_trial_500.csv,clue_search,01,76,73,72,5,4,0,0,641,77,564,156,485,635,acbba_entry:485;clue:3;collision_intent:76;state:76;target:1,1888,0,completed
96,dcta_parity_v1,topk_filter,aa0724188407797eae5187348bee11ee9f51317c4e8a201863b052786aa2f1df,823213c90703fd83224ad7122ee730ba64af3769ea517af252103bddd907f681,ACBBA,ideal,1.0,19,361,4,0.05,18,,,acbba_topk_5,/home/agxorin/topk_filter_study/simulator/scenarios/final_trial_500.csv,clue_search,02,77,73,39,39,6,2,2,613,79,534,159,454,605,acbba_entry:454;clue:3;collision_intent:79;state:77,1915,0,completed
96,dcta_parity_v1,topk_filter,aa0724188407797eae5187348bee11ee9f51317c4e8a201863b052786aa2f1df,823213c90703fd83224ad7122ee730ba64af3769ea517af252103bddd907f681,ACBBA,ideal,1.0,19,361,4,0.05,18,,,acbba_topk_5,/home/agxorin/topk_filter_study/simulator/scenarios/final_trial_500.csv,clue_search,03,75,72,69,7,4,0,0,632,75,557,153,479,626,acbba_entry:479;clue:3;collision_intent:75;state:75,1896,0,completed
97,dcta_parity_v1,topk_filter,aa0724188407797eae5187348bee11ee9f51317c4e8a201863b052786aa2f1df,823213c90703fd83224ad7122ee730ba64af3769ea517af252103bddd907f681,ACBBA,ideal,1.0,19,361,4,0.05,18,,,acbba_topk_5,/home/agxorin/topk_filter_study/simulator/scenarios/final_trial_500.csv,clue_search,00,19,0,20,0,0,0,0,39,20,19,39,0,0,collision_intent:19;state:19;target:1,108,0,completed
97,dcta_parity_v1,topk_filter,aa0724188407797eae5187348bee11ee9f51317c4e8a201863b052786aa2f1df,823213c90703fd83224ad7122ee730ba64af3769ea517af252103bddd907f681,ACBBA,ideal,1.0,19,361,4,0.05,18,,,acbba_topk_5,/home/agxorin/topk_filter_study/simulator/scenarios/final_trial_500.csv,clue_search,01,18,0,19,0,0,0,0,36,18,18,36,0,0,collision_intent:18;state:18,109,0,completed
97,dcta_parity_v1,topk_filter,aa0724188407797eae5187348bee11ee9f51317c4e8a201863b052786aa2f1df,823213c90703fd83224ad7122ee730ba64af3769ea517af252103bddd907f681,ACBBA,ideal,1.0,19,361,4,0.05,18,,,acbba_topk_5,/home/agxorin/topk_filter_study/simulator/scenarios/final_trial_500.csv,clue_search,02,18,0,19,0,0,0,0,36,18,18,36,0,0,collision_intent:18;state:18,111,0,completed
97,dcta_parity_v1,topk_filter,aa0724188407797eae5187348bee11ee9f51317c4e8a201863b052786aa2f1df,823213c90703fd83224ad7122ee730ba64af3769ea517af252103bddd907f681,ACBBA,ideal,1.0,19,361,4,0.05,18,,,acbba_topk_5,/home/agxorin/topk_filter_study/simulator/scenarios/final_trial_500.csv,clue_search,03,18,0,19,0,0,0,0,36,18,18,36,0,0,collision_intent:18;state:18,110,0,completed
98,dcta_parity_v1,topk_filter,aa0724188407797eae5187348bee11ee9f51317c4e8a201863b052786aa2f1df,823213c90703fd83224ad7122ee730ba64af3769ea517af252103bddd907f681,ACBBA,ideal,1.0,19,361,4,0.05,18,,,acbba_topk_5,/home/agxorin/topk_filter_study/simulator/scenarios/final_trial_500.csv,clue_search,00,23,8,24,0,0,0,0,87,23,64,47,40,57,acbba_entry:40;clue:1;collision_intent:23;state:23,262,0,completed
98,dcta_parity_v1,topk_filter,aa0724188407797eae5187348bee11ee9f51317c4e8a201863b052786aa2f1df,823213c90703fd83224ad7122ee730ba64af3769ea517af252103bddd907f681,ACBBA,ideal,1.0,19,361,4,0.05,18,,,acbba_topk_5,/home/agxorin/topk_filter_study/simulator/scenarios/final_trial_500.csv,clue_search,01,22,7,20,3,0,0,0,84,22,62,45,39,54,acbba_entry:39;clue:1;collision_intent:22;state:22,265,0,completed
98,dcta_parity_v1,topk_filter,aa0724188407797eae5187348bee11ee9f51317c4e8a201863b052786aa2f1df,823213c90703fd83224ad7122ee730ba64af3769ea517af252103bddd907f681,ACBBA,ideal,1.0,19,361,4,0.05,18,,,acbba_topk_5,/home/agxorin/topk_filter_study/simulator/scenarios/final_trial_500.csv,clue_search,02,22,7,23,0,0,0,0,91,23,68,46,45,61,acbba_entry:45;clue:1;collision_intent:23;state:22,259,0,completed
98,dcta_parity_v1,topk_filter,aa0724188407797eae5187348bee11ee9f51317c4e8a201863b052786aa2f1df,823213c90703fd83224ad7122ee730ba64af3769ea517af252103bddd907f681,ACBBA,ideal,1.0,19,361,4,0.05,18,,,acbba_topk_5,/home/agxorin/topk_filter_study/simulator/scenarios/final_trial_500.csv,clue_search,03,23,8,23,1,1,0,0,89,24,65,48,41,59,acbba_entry:41;clue:1;collision_intent:23;state:23;target:1,262,0,completed
99,dcta_parity_v1,topk_filter,aa0724188407797eae5187348bee11ee9f51317c4e8a201863b052786aa2f1df,823213c90703fd83224ad7122ee730ba64af3769ea517af252103bddd907f681,ACBBA,ideal,1.0,19,361,4,0.05,18,,,acbba_topk_5,/home/agxorin/topk_filter_study/simulator/scenarios/final_trial_500.csv,clue_search,00,11,0,12,0,0,0,0,22,11,11,22,0,0,collision_intent:11;state:11,65,0,completed
99,dcta_parity_v1,topk_filter,aa0724188407797eae5187348bee11ee9f51317c4e8a201863b052786aa2f1df,823213c90703fd83224ad7122ee730ba64af3769ea517af252103bddd907f681,ACBBA,ideal,1.0,19,361,4,0.05,18,,,acbba_topk_5,/home/agxorin/topk_filter_study/simulator/scenarios/final_trial_500.csv,clue_search,01,11,0,12,0,0,0,0,23,12,11,23,0,0,collision_intent:11;state:11;target:1,65,0,completed
99,dcta_parity_v1,topk_filter,aa0724188407797eae5187348bee11ee9f51317c4e8a201863b052786aa2f1df,823213c90703fd83224ad7122ee730ba64af3769ea517af252103bddd907f681,ACBBA,ideal,1.0,19,361,4,0.05,18,,,acbba_topk_5,/home/agxorin/topk_filter_study/simulator/scenarios/final_trial_500.csv,clue_search,02,11,0,12,0,0,0,0,22,11,11,22,0,0,collision_intent:11;state:11,66,0,completed
99,dcta_parity_v1,topk_filter,aa0724188407797eae5187348bee11ee9f51317c4e8a201863b052786aa2f1df,823213c90703fd83224ad7122ee730ba64af3769ea517af252103bddd907f681,ACBBA,ideal,1.0,19,361,4,0.05,18,,,acbba_topk_5,/home/agxorin/topk_filter_study/simulator/scenarios/final_trial_500.csv,clue_search,03,10,0,11,0,0,0,0,21,11,10,21,0,0,collision_intent:11;state:10,67,0,completed
100,dcta_parity_v1,topk_filter,aa0724188407797eae5187348bee11ee9f51317c4e8a201863b052786aa2f1df,823213c90703fd83224ad7122ee730ba64af3769ea517af252103bddd907f681,ACBBA,ideal,1.0,19,361,4,0.05,18,,,acbba_topk_5,/home/agxorin/topk_filter_study/simulator/scenarios/final_trial_500.csv,clue_search,00,10,7,11,0,2,0,0,60,10,50,21,39,53,acbba_entry:39;clue:1;collision_intent:10;state:10,185,0,completed
100,dcta_parity_v1,topk_filter,aa0724188407797eae5187348bee11ee9f51317c4e8a201863b052786aa2f1df,823213c90703fd83224ad7122ee730ba64af3769ea517af252103bddd907f681,ACBBA,ideal,1.0,19,361,4,0.05,18,,,acbba_topk_5,/home/agxorin/topk_filter_study/simulator/scenarios/final_trial_500.csv,clue_search,01,9,6,10,0,3,0,0,61,9,52,19,42,55,acbba_entry:42;clue:1;collision_intent:9;state:9,185,0,completed
100,dcta_parity_v1,topk_filter,aa0724188407797eae5187348bee11ee9f51317c4e8a201863b052786aa2f1df,823213c90703fd83224ad7122ee730ba64af3769ea517af252103bddd907f681,ACBBA,ideal,1.0,19,361,4,0.05,18,,,acbba_topk_5,/home/agxorin/topk_filter_study/simulator/scenarios/final_trial_500.csv,clue_search,02,9,5,10,0,0,0,0,61,9,52,19,42,53,acbba_entry:42;clue:1;collision_intent:9;state:9,185,0,completed
100,dcta_parity_v1,topk_filter,aa0724188407797eae5187348bee11ee9f51317c4e8a201863b052786aa2f1df,823213c90703fd83224ad7122ee730ba64af3769ea517af252103bddd907f681,ACBBA,ideal,1.0,19,361,4,0.05,18,,,acbba_topk_5,/home/agxorin/topk_filter_study/simulator/scenarios/final_trial_500.csv,clue_search,03,10,7,11,0,1,0,0,64,11,53,22,42,58,acbba_entry:42;clue:1;collision_intent:10;state:10;target:1,182,0,completed
101,dcta_parity_v1,topk_filter,aa0724188407797eae5187348bee11ee9f51317c4e8a201863b052786aa2f1df,823213c90703fd83224ad7122ee730ba64af3769ea517af252103bddd907f681,ACBBA,ideal,1.0,19,361,4,0.05,18,,,acbba_topk_5,/home/agxorin/topk_filter_study/simulator/scenarios/final_trial_500.csv,clue_search,00,101,75,86,16,2,0,0,669,101,568,205,464,617,acbba_entry:464;clue:3;collision_intent:101;state:101,2009,0,completed
101,dcta_parity_v1,topk_filter,aa0724188407797eae5187348bee11ee9f51317c4e8a201863b052786aa2f1df,823213c90703fd83224ad7122ee730ba64af3769ea517af252103bddd907f681,ACBBA,ideal,1.0,19,361,4,0.05,18,,,acbba_topk_5,/home/agxorin/topk_filter_study/simulator/scenarios/final_trial_500.csv,clue_search,01,98,72,89,10,3,0,0,663,98,565,199,464,611,acbba_entry:464;clue:3;collision_intent:98;state:98,2013,0,completed
101,dcta_parity_v1,topk_filter,aa0724188407797eae5187348bee11ee9f51317c4e8a201863b052786aa2f1df,823213c90703fd83224ad7122ee730ba64af3769ea517af252103bddd907f681,ACBBA,ideal,1.0,19,361,4,0.05,18,,,acbba_topk_5,/home/agxorin/topk_filter_study/simulator/scenarios/final_trial_500.csv,clue_search,02,101,75,88,14,3,0,0,685,102,583,206,479,633,acbba_entry:479;clue:3;collision_intent:101;state:101;target:1,1993,0,completed
101,dcta_parity_v1,topk_filter,aa0724188407797eae5187348bee11ee9f51317c4e8a201863b052786aa2f1df,823213c90703fd83224ad7122ee730ba64af3769ea517af252103bddd907f681,ACBBA,ideal,1.0,19,361,4,0.05,18,,,acbba_topk_5,/home/agxorin/topk_filter_study/simulator/scenarios/final_trial_500.csv,clue_search,03,99,73,74,26,1,0,0,661,99,562,201,460,609,acbba_entry:460;clue:3;collision_intent:99;state:99,2017,0,completed
102,dcta_parity_v1,topk_filter,aa0724188407797eae5187348bee11ee9f51317c4e8a201863b052786aa2f1df,823213c90703fd83224ad7122ee730ba64af3769ea517af252103bddd907f681,ACBBA,ideal,1.0,19,361,4,0.05,18,,,acbba_topk_5,/home/agxorin/topk_filter_study/simulator/scenarios/final_trial_500.csv,clue_search,00,12,0,13,0,0,0,0,25,13,12,25,0,0,collision_intent:12;state:12;target:1,66,0,completed
102,dcta_parity_v1,topk_filter,aa0724188407797eae5187348bee11ee9f51317c4e8a201863b052786aa2f1df,823213c90703fd83224ad7122ee730ba64af3769ea517af252103bddd907f681,ACBBA,ideal,1.0,19,361,4,0.05,18,,,acbba_topk_5,/home/agxorin/topk_filter_study/simulator/scenarios/final_trial_500.csv,clue_search,01,11,0,12,0,0,0,0,22,11,11,22,0,0,collision_intent:11;state:11,69,0,completed
102,dcta_parity_v1,topk_filter,aa0724188407797eae5187348bee11ee9f51317c4e8a201863b052786aa2f1df,823213c90703fd83224ad7122ee730ba64af3769ea517af252103bddd907f681,ACBBA,ideal,1.0,19,361,4,0.05,18,,,acbba_topk_5,/home/agxorin/topk_filter_study/simulator/scenarios/final_trial_500.csv,clue_search,02,11,0,12,0,0,0,0,22,11,11,22,0,0,collision_intent:11;state:11,67,0,completed
102,dcta_parity_v1,topk_filter,aa0724188407797eae5187348bee11ee9f51317c4e8a201863b052786aa2f1df,823213c90703fd83224ad7122ee730ba64af3769ea517af252103bddd907f681,ACBBA,ideal,1.0,19,361,4,0.05,18,,,acbba_topk_5,/home/agxorin/topk_filter_study/simulator/scenarios/final_trial_500.csv,clue_search,03,11,0,12,0,0,0,0,22,11,11,22,0,0,collision_intent:11;state:11,68,0,completed
103,dcta_parity_v1,topk_filter,aa0724188407797eae5187348bee11ee9f51317c4e8a201863b052786aa2f1df,823213c90703fd83224ad7122ee730ba64af3769ea517af252103bddd907f681,ACBBA,ideal,1.0,19,361,4,0.05,18,,,acbba_topk_5,/home/agxorin/topk_filter_study/simulator/scenarios/final_trial_500.csv,clue_search,00,46,31,38,9,2,0,0,285,46,239,93,192,254,acbba_entry:192;clue:1;collision_intent:46;state:46,883,0,completed
103,dcta_parity_v1,topk_filter,aa0724188407797eae5187348bee11ee9f51317c4e8a201863b052786aa2f1df,823213c90703fd83224ad7122ee730ba64af3769ea517af252103bddd907f681,ACBBA,ideal,1.0,19,361,4,0.05,18,,,acbba_topk_5,/home/agxorin/topk_filter_study/simulator/scenarios/final_trial_500.csv,clue_search,01,44,29,39,6,1,0,0,296,44,252,89,207,266,acbba_entry:207;clue:1;collision_intent:44;state:44,873,0,completed
103,dcta_parity_v1,topk_filter,aa0724188407797eae5187348bee11ee9f51317c4e8a201863b052786aa2f1df,823213c90703fd83224ad7122ee730ba64af3769ea517af252103bddd907f681,ACBBA,ideal,1.0,19,361,4,0.05,18,,,acbba_topk_5,/home/agxorin/topk_filter_study/simulator/scenarios/final_trial_500.csv,clue_search,02,44,28,34,11,1,0,0,293,44,249,89,204,261,acbba_entry:204;clue:1;collision_intent:44;state:44,875,0,completed
103,dcta_parity_v1,topk_filter,aa0724188407797eae5187348bee11ee9f51317c4e8a201863b052786aa2f1df,823213c90703fd83224ad7122ee730ba64af3769ea517af252103bddd907f681,ACBBA,ideal,1.0,19,361,4,0.05,18,,,acbba_topk_5,/home/agxorin/topk_filter_study/simulator/scenarios/final_trial_500.csv,clue_search,03,44,29,39,6,4,3,2,295,48,247,93,202,265,acbba_entry:202;clue:1;collision_intent:47;state:44;target:1,874,0,completed
104,dcta_parity_v1,topk_filter,aa0724188407797eae5187348bee11ee9f51317c4e8a201863b052786aa2f1df,823213c90703fd83224ad7122ee730ba64af3769ea517af252103bddd907f681,ACBBA,ideal,1.0,19,361,4,0.05,18,,,acbba_topk_5,/home/agxorin/topk_filter_study/simulator/scenarios/final_trial_500.csv,clue_search,00,64,33,62,3,1,0,0,377,65,312,132,245,315,acbba_entry:245;clue:3;collision_intent:64;state:64;target:1,1122,0,completed
104,dcta_parity_v1,topk_filter,aa0724188407797eae5187348bee11ee9f51317c4e8a201863b052786aa2f1df,823213c90703fd83224ad7122ee730ba64af3769ea517af252103bddd907f681,ACBBA,ideal,1.0,19,361,4,0.05,18,,,acbba_topk_5,/home/agxorin/topk_filter_study/simulator/scenarios/final_trial_500.csv,clue_search,01,62,31,56,7,0,1,1,375,64,311,129,246,313,acbba_entry:246;clue:3;collision_intent:64;state:62,1123,0,completed
104,dcta_parity_v1,topk_filter,aa0724188407797eae5187348bee11ee9f51317c4e8a201863b052786aa2f1df,823213c90703fd83224ad7122ee730ba64af3769ea517af252103bddd907f681,ACBBA,ideal,1.0,19,361,4,0.05,18,,,acbba_topk_5,/home/agxorin/topk_filter_study/simulator/scenarios/final_trial_500.csv,clue_search,02,64,33,60,5,1,0,0,375,64,311,131,244,313,acbba_entry:244;clue:3;collision_intent:64;state:64,1122,0,completed
104,dcta_parity_v1,topk_filter,aa0724188407797eae5187348bee11ee9f51317c4e8a201863b052786aa2f1df,823213c90703fd83224ad7122ee730ba64af3769ea517af252103bddd907f681,ACBBA,ideal,1.0,19,361,4,0.05,18,,,acbba_topk_5,/home/agxorin/topk_filter_study/simulator/scenarios/final_trial_500.csv,clue_search,03,64,34,58,7,3,0,0,372,64,308,131,241,312,acbba_entry:241;clue:3;collision_intent:64;state:64,1126,0,completed
105,dcta_parity_v1,topk_filter,aa0724188407797eae5187348bee11ee9f51317c4e8a201863b052786aa2f1df,823213c90703fd83224ad7122ee730ba64af3769ea517af252103bddd907f681,ACBBA,ideal,1.0,19,361,4,0.05,18,,,acbba_topk_5,/home/agxorin/topk_filter_study/simulator/scenarios/final_trial_500.csv,clue_search,00,3,0,4,0,0,0,0,7,4,3,7,0,0,collision_intent:3;state:3;target:1,12,0,completed
105,dcta_parity_v1,topk_filter,aa0724188407797eae5187348bee11ee9f51317c4e8a201863b052786aa2f1df,823213c90703fd83224ad7122ee730ba64af3769ea517af252103bddd907f681,ACBBA,ideal,1.0,19,361,4,0.05,18,,,acbba_topk_5,/home/agxorin/topk_filter_study/simulator/scenarios/final_trial_500.csv,clue_search,01,2,0,3,0,0,0,0,4,2,2,4,0,0,collision_intent:2;state:2,14,0,completed
105,dcta_parity_v1,topk_filter,aa0724188407797eae5187348bee11ee9f51317c4e8a201863b052786aa2f1df,823213c90703fd83224ad7122ee730ba64af3769ea517af252103bddd907f681,ACBBA,ideal,1.0,19,361,4,0.05,18,,,acbba_topk_5,/home/agxorin/topk_filter_study/simulator/scenarios/final_trial_500.csv,clue_search,02,2,0,3,0,0,0,0,4,2,2,4,0,0,collision_intent:2;state:2,15,0,completed
105,dcta_parity_v1,topk_filter,aa0724188407797eae5187348bee11ee9f51317c4e8a201863b052786aa2f1df,823213c90703fd83224ad7122ee730ba64af3769ea517af252103bddd907f681,ACBBA,ideal,1.0,19,361,4,0.05,18,,,acbba_topk_5,/home/agxorin/topk_filter_study/simulator/scenarios/final_trial_500.csv,clue_search,03,2,0,3,0,0,0,0,4,2,2,4,0,0,collision_intent:2;state:2,14,0,completed
106,dcta_parity_v1,topk_filter,aa0724188407797eae5187348bee11ee9f51317c4e8a201863b052786aa2f1df,823213c90703fd83224ad7122ee730ba64af3769ea517af252103bddd907f681,ACBBA,ideal,1.0,19,361,4,0.05,18,,,acbba_topk_5,/home/agxorin/topk_filter_study/simulator/scenarios/final_trial_500.csv,clue_search,00,42,42,37,6,2,0,0,438,42,396,87,351,438,acbba_entry:351;clue:3;collision_intent:42;state:42,1420,0,completed
106,dcta_parity_v1,topk_filter,aa0724188407797eae5187348bee11ee9f51317c4e8a201863b052786aa2f1df,823213c90703fd83224ad7122ee730ba64af3769ea517af252103bddd907f681,ACBBA,ideal,1.0,19,361,4,0.05,18,,,acbba_topk_5,/home/agxorin/topk_filter_study/simulator/scenarios/final_trial_500.csv,clue_search,01,42,42,40,3,3,1,1,472,43,429,88,384,472,acbba_entry:384;clue:3;collision_intent:43;state:42,1386,0,completed
106,dcta_parity_v1,topk_filter,aa0724188407797eae5187348bee11ee9f51317c4e8a201863b052786aa2f1df,823213c90703fd83224ad7122ee730ba64af3769ea517af252103bddd907f681,ACBBA,ideal,1.0,19,361,4,0.05,18,,,acbba_topk_5,/home/agxorin/topk_filter_study/simulator/scenarios/final_trial_500.csv,clue_search,02,43,43,44,0,1,0,0,487,44,443,90,397,487,acbba_entry:397;clue:3;collision_intent:43;state:43;target:1,1372,0,completed
106,dcta_parity_v1,topk_filter,aa0724188407797eae5187348bee11ee9f51317c4e8a201863b052786aa2f1df,823213c90703fd83224ad7122ee730ba64af3769ea517af252103bddd907f681,ACBBA,ideal,1.0,19,361,4,0.05,18,,,acbba_topk_5,/home/agxorin/topk_filter_study/simulator/scenarios/final_trial_500.csv,clue_search,03,42,42,38,5,5,1,1,462,43,419,88,374,462,acbba_entry:374;clue:3;collision_intent:43;state:42,1396,0,completed
107,dcta_parity_v1,topk_filter,aa0724188407797eae5187348bee11ee9f51317c4e8a201863b052786aa2f1df,823213c90703fd83224ad7122ee730ba64af3769ea517af252103bddd907f681,ACBBA,ideal,1.0,19,361,4,0.05,18,,,acbba_topk_5,/home/agxorin/topk_filter_study/simulator/scenarios/final_trial_500.csv,clue_search,00,18,6,19,0,2,0,0,81,18,63,39,42,57,acbba_entry:42;clue:3;collision_intent:18;state:18,249,0,completed
107,dcta_parity_v1,topk_filter,aa0724188407797eae5187348bee11ee9f51317c4e8a201863b052786aa2f1df,823213c90703fd83224ad7122ee730ba64af3769ea517af252103bddd907f681,ACBBA,ideal,1.0,19,361,4,0.05,18,,,acbba_topk_5,/home/agxorin/topk_filter_study/simulator/scenarios/final_trial_500.csv,clue_search,01,17,6,18,0,2,0,0,76,18,58,38,38,54,acbba_entry:38;clue:3;collision_intent:18;state:17,252,0,completed
107,dcta_parity_v1,topk_filter,aa0724188407797eae5187348bee11ee9f51317c4e8a201863b052786aa2f1df,823213c90703fd83224ad7122ee730ba64af3769ea517af252103bddd907f681,ACBBA,ideal,1.0,19,361,4,0.05,18,,,acbba_topk_5,/home/agxorin/topk_filter_study/simulator/scenarios/final_trial_500.csv,clue_search,02,17,5,16,2,1,1,1,86,18,68,38,48,62,acbba_entry:48;clue:3;collision_intent:18;state:17,243,0,completed
107,dcta_parity_v1,topk_filter,aa0724188407797eae5187348bee11ee9f51317c4e8a201863b052786aa2f1df,823213c90703fd83224ad7122ee730ba64af3769ea517af252103bddd907f681,ACBBA,ideal,1.0,19,361,4,0.05,18,,,acbba_topk_5,/home/agxorin/topk_filter_study/simulator/scenarios/final_trial_500.csv,clue_search,03,18,7,19,0,1,0,0,87,19,68,40,47,65,acbba_entry:47;clue:3;collision_intent:18;state:18;target:1,243,0,completed
108,dcta_parity_v1,topk_filter,aa0724188407797eae5187348bee11ee9f51317c4e8a201863b052786aa2f1df,823213c90703fd83224ad7122ee730ba64af3769ea517af252103bddd907f681,ACBBA,ideal,1.0,19,361,4,0.05,18,,,acbba_topk_5,/home/agxorin/topk_filter_study/simulator/scenarios/final_trial_500.csv,clue_search,00,71,23,72,0,0,0,0,341,72,269,144,197,245,acbba_entry:197;clue:1;collision_intent:72;state:71,949,0,completed
108,dcta_parity_v1,topk_filter,aa0724188407797eae5187348bee11ee9f51317c4e8a201863b052786aa2f1df,823213c90703fd83224ad7122ee730ba64af3769ea517af252103bddd907f681,ACBBA,ideal,1.0,19,361,4,0.05,18,,,acbba_topk_5,/home/agxorin/topk_filter_study/simulator/scenarios/final_trial_500.csv,clue_search,01,72,25,67,6,1,0,0,317,73,244,146,171,223,acbba_entry:171;clue:1;collision_intent:72;state:72;target:1,974,0,completed
108,dcta_parity_v1,topk_filter,aa0724188407797eae5187348bee11ee9f51317c4e8a201863b052786aa2f1df,823213c90703fd83224ad7122ee730ba64af3769ea517af252103bddd907f681,ACBBA,ideal,1.0,19,361,4,0.05,18,,,acbba_topk_5,/home/agxorin/topk_filter_study/simulator/scenarios/final_trial_500.csv,clue_search,02,72,25,68,5,1,0,0,325,72,253,145,180,231,acbba_entry:180;clue:1;collision_intent:72;state:72,966,0,completed
108,dcta_parity_v1,topk_filter,aa0724188407797eae5187348bee11ee9f51317c4e8a201863b052786aa2f1df,823213c90703fd83224ad7122ee730ba64af3769ea517af252103bddd907f681,ACBBA,ideal,1.0,19,361,4,0.05,18,,,acbba_topk_5,/home/agxorin/topk_filter_study/simulator/scenarios/final_trial_500.csv,clue_search,03,72,25,62,11,5,0,0,308,72,236,145,163,214,acbba_entry:163;clue:1;collision_intent:72;state:72,982,0,completed
109,dcta_parity_v1,topk_filter,aa0724188407797eae5187348bee11ee9f51317c4e8a201863b052786aa2f1df,823213c90703fd83224ad7122ee730ba64af3769ea517af252103bddd907f681,ACBBA,ideal,1.0,19,361,4,0.05,18,,,acbba_topk_5,/home/agxorin/topk_filter_study/simulator/scenarios/final_trial_500.csv,clue_search,00,14,0,15,0,0,0,0,28,14,14,28,0,0,collision_intent:14;state:14,86,0,completed
109,dcta_parity_v1,topk_filter,aa0724188407797eae5187348bee11ee9f51317c4e8a201863b052786aa2f1df,823213c90703fd83224ad7122ee730ba64af3769ea517af252103bddd907f681,ACBBA,ideal,1.0,19,361,4,0.05,18,,,acbba_topk_5,/home/agxorin/topk_filter_study/simulator/scenarios/final_trial_500.csv,clue_search,01,14,0,15,0,0,0,0,28,14,14,28,0,0,collision_intent:14;state:14,86,0,completed
109,dcta_parity_v1,topk_filter,aa0724188407797eae5187348bee11ee9f51317c4e8a201863b052786aa2f1df,823213c90703fd83224ad7122ee730ba64af3769ea517af252103bddd907f681,ACBBA,ideal,1.0,19,361,4,0.05,18,,,acbba_topk_5,/home/agxorin/topk_filter_study/simulator/scenarios/final_trial_500.csv,clue_search,02,15,0,16,0,0,0,0,31,16,15,31,0,0,collision_intent:15;state:15;target:1,84,0,completed
109,dcta_parity_v1,topk_filter,aa0724188407797eae5187348bee11ee9f51317c4e8a201863b052786aa2f1df,823213c90703fd83224ad7122ee730ba64af3769ea517af252103bddd907f681,ACBBA,ideal,1.0,19,361,4,0.05,18,,,acbba_topk_5,/home/agxorin/topk_filter_study/simulator/scenarios/final_trial_500.csv,clue_search,03,14,0,15,0,0,0,0,28,14,14,28,0,0,collision_intent:14;state:14,86,0,completed
110,dcta_parity_v1,topk_filter,aa0724188407797eae5187348bee11ee9f51317c4e8a201863b052786aa2f1df,823213c90703fd83224ad7122ee730ba64af3769ea517af252103bddd907f681,ACBBA,ideal,1.0,19,361,4,0.05,18,,,acbba_topk_5,/home/agxorin/topk_filter_study/simulator/scenarios/final_trial_500.csv,clue_search,00,32,20,26,7,0,0,0,196,32,164,66,130,172,acbba_entry:130;clue:2;collision_intent:32;state:32,598,0,completed
110,dcta_parity_v1,topk_filter,aa0724188407797eae5187348bee11ee9f51317c4e8a201863b052786aa2f1df,823213c90703fd83224ad7122ee730ba64af3769ea517af252103bddd907f681,ACBBA,ideal,1.0,19,361,4,0.05,18,,,acbba_topk_5,/home/agxorin/topk_filter_study/simulator/scenarios/final_trial_500.csv,clue_search,01,31,20,31,1,4,1,1,209,33,176,66,143,187,acbba_entry:143;clue:2;collision_intent:33;state:31,584,0,completed
110,dcta_parity_v1,topk_filter,aa0724188407797eae5187348bee11ee9f51317c4e8a201863b052786aa2f1df,823213c90703fd83224ad7122ee730ba64af3769ea517af252103bddd907f681,ACBBA,ideal,1.0,19,361,4,0.05,18,,,acbba_topk_5,/home/agxorin/topk_filter_study/simulator/scenarios/final_trial_500.csv,clue_search,02,32,20,26,7,1,0,0,195,32,163,66,129,171,acbba_entry:129;clue:2;collision_intent:32;state:32,600,0,completed
110,dcta_parity_v1,topk_filter,aa0724188407797eae5187348bee11ee9f51317c4e8a201863b052786aa2f1df,823213c90703fd83224ad7122ee730ba64af3769ea517af252103bddd907f681,ACBBA,ideal,1.0,19,361,4,0.05,18,,,acbba_topk_5,/home/agxorin/topk_filter_study/simulator/scenarios/final_trial_500.csv,clue_search,03,33,22,28,6,3,0,0,195,34,161,69,126,173,acbba_entry:126;clue:2;collision_intent:33;state:33;target:1,600,0,completed
111,dcta_parity_v1,topk_filter,aa0724188407797eae5187348bee11ee9f51317c4e8a201863b052786aa2f1df,823213c90703fd83224ad7122ee730ba64af3769ea517af252103bddd907f681,ACBBA,ideal,1.0,19,361,4,0.05,18,,,acbba_topk_5,/home/agxorin/topk_filter_study/simulator/scenarios/final_trial_500.csv,clue_search,00,15,14,16,0,1,0,0,114,15,99,32,82,111,acbba_entry:82;clue:2;collision_intent:15;state:15,397,0,completed
111,dcta_parity_v1,topk_filter,aa0724188407797eae5187348bee11ee9f51317c4e8a201863b052786aa2f1df,823213c90703fd83224ad7122ee730ba64af3769ea517af252103bddd907f681,ACBBA,ideal,1.0,19,361,4,0.05,18,,,acbba_topk_5,/home/agxorin/topk_filter_study/simulator/scenarios/final_trial_500.csv,clue_search,01,15,14,16,0,1,0,0,127,15,112,32,95,125,acbba_entry:95;clue:2;collision_intent:15;state:15,383,0,completed
111,dcta_parity_v1,topk_filter,aa0724188407797eae5187348bee11ee9f51317c4e8a201863b052786aa2f1df,823213c90703fd83224ad7122ee730ba64af3769ea517af252103bddd907f681,ACBBA,ideal,1.0,19,361,4,0.05,18,,,acbba_topk_5,/home/agxorin/topk_filter_study/simulator/scenarios/final_trial_500.csv,clue_search,02,15,13,16,0,0,0,0,137,16,121,33,104,133,acbba_entry:104;clue:2;collision_intent:15;state:15;target:1,374,0,completed
111,dcta_parity_v1,topk_filter,aa0724188407797eae5187348bee11ee9f51317c4e8a201863b052786aa2f1df,823213c90703fd83224ad7122ee730ba64af3769ea517af252103bddd907f681,ACBBA,ideal,1.0,19,361,4,0.05,18,,,acbba_topk_5,/home/agxorin/topk_filter_study/simulator/scenarios/final_trial_500.csv,clue_search,03,15,14,11,5,2,0,0,133,15,118,32,101,130,acbba_entry:101;clue:2;collision_intent:15;state:15,377,0,completed
112,dcta_parity_v1,topk_filter,aa0724188407797eae5187348bee11ee9f51317c4e8a201863b052786aa2f1df,823213c90703fd83224ad7122ee730ba64af3769ea517af252103bddd907f681,ACBBA,ideal,1.0,19,361,4,0.05,18,,,acbba_topk_5,/home/agxorin/topk_filter_study/simulator/scenarios/final_trial_500.csv,clue_search,00,7,7,8,0,0,0,0,55,7,48,15,40,55,acbba_entry:40;clue:1;collision_intent:7;state:7,181,0,completed
112,dcta_parity_v1,topk_filter,aa0724188407797eae5187348bee11ee9f51317c4e8a201863b052786aa2f1df,823213c90703fd83224ad7122ee730ba64af3769ea517af252103bddd907f681,ACBBA,ideal,1.0,19,361,4,0.05,18,,,acbba_topk_5,/home/agxorin/topk_filter_study/simulator/scenarios/final_trial_500.csv,clue_search,01,7,7,8,0,0,0,0,59,7,52,15,44,59,acbba_entry:44;clue:1;collision_intent:7;state:7,176,0,completed
112,dcta_parity_v1,topk_filter,aa0724188407797eae5187348bee11ee9f51317c4e8a201863b052786aa2f1df,823213c90703fd83224ad7122ee730ba64af3769ea517af252103bddd907f681,ACBBA,ideal,1.0,19,361,4,0.05,18,,,acbba_topk_5,/home/agxorin/topk_filter_study/simulator/scenarios/final_trial_500.csv,clue_search,02,6,6,5,2,0,0,0,58,6,52,13,45,58,acbba_entry:45;clue:1;collision_intent:6;state:6,178,0,completed
112,dcta_parity_v1,topk_filter,aa0724188407797eae5187348bee11ee9f51317c4e8a201863b052786aa2f1df,823213c90703fd83224ad7122ee730ba64af3769ea517af252103bddd907f681,ACBBA,ideal,1.0,19,361,4,0.05,18,,,acbba_topk_5,/home/agxorin/topk_filter_study/simulator/scenarios/final_trial_500.csv,clue_search,03,7,7,8,0,1,0,0,65,8,57,16,49,65,acbba_entry:49;clue:1;collision_intent:7;state:7;target:1,172,0,completed
113,dcta_parity_v1,topk_filter,aa0724188407797eae5187348bee11ee9f51317c4e8a201863b052786aa2f1df,823213c90703fd83224ad7122ee730ba64af3769ea517af252103bddd907f681,ACBBA,ideal,1.0,19,361,4,0.05,18,,,acbba_topk_5,/home/agxorin/topk_filter_study/simulator/scenarios/final_trial_500.csv,clue_search,00,5,3,6,0,0,0,0,28,5,23,11,17,24,acbba_entry:17;clue:1;collision_intent:5;state:5,73,0,completed
113,dcta_parity_v1,topk_filter,aa0724188407797eae5187348bee11ee9f51317c4e8a201863b052786aa2f1df,823213c90703fd83224ad7122ee730ba64af3769ea517af252103bddd907f681,ACBBA,ideal,1.0,19,361,4,0.05,18,,,acbba_topk_5,/home/agxorin/topk_filter_study/simulator/scenarios/final_trial_500.csv,clue_search,01,4,2,5,0,0,0,0,22,4,18,9,13,18,acbba_entry:13;clue:1;collision_intent:4;state:4,79,0,completed
113,dcta_parity_v1,topk_filter,aa0724188407797eae5187348bee11ee9f51317c4e8a201863b052786aa2f1df,823213c90703fd83224ad7122ee730ba64af3769ea517af252103bddd907f681,ACBBA,ideal,1.0,19,361,4,0.05,18,,,acbba_topk_5,/home/agxorin/topk_filter_study/simulator/scenarios/final_trial_500.csv,clue_search,02,5,3,6,0,0,0,0,26,5,21,11,15,22,acbba_entry:15;clue:1;collision_intent:5;state:5,76,0,completed
113,dcta_parity_v1,topk_filter,aa0724188407797eae5187348bee11ee9f51317c4e8a201863b052786aa2f1df,823213c90703fd83224ad7122ee730ba64af3769ea517af252103bddd907f681,ACBBA,ideal,1.0,19,361,4,0.05,18,,,acbba_topk_5,/home/agxorin/topk_filter_study/simulator/scenarios/final_trial_500.csv,clue_search,03,5,3,6,0,2,0,0,27,6,21,12,15,23,acbba_entry:15;clue:1;collision_intent:5;state:5;target:1,76,0,completed
114,dcta_parity_v1,topk_filter,aa0724188407797eae5187348bee11ee9f51317c4e8a201863b052786aa2f1df,823213c90703fd83224ad7122ee730ba64af3769ea517af252103bddd907f681,ACBBA,ideal,1.0,19,361,4,0.05,18,,,acbba_topk_5,/home/agxorin/topk_filter_study/simulator/scenarios/final_trial_500.csv,clue_search,00,116,74,102,15,5,1,1,757,117,640,236,521,673,acbba_entry:521;clue:3;collision_intent:117;state:116,2341,0,completed
114,dcta_parity_v1,topk_filter,aa0724188407797eae5187348bee11ee9f51317c4e8a201863b052786aa2f1df,823213c90703fd83224ad7122ee730ba64af3769ea517af252103bddd907f681,ACBBA,ideal,1.0,19,361,4,0.05,18,,,acbba_topk_5,/home/agxorin/topk_filter_study/simulator/scenarios/final_trial_500.csv,clue_search,01,115,73,99,17,4,3,2,790,119,671,237,553,706,acbba_entry:553;clue:3;collision_intent:118;state:115;target:1,2309,0,completed
114,dcta_parity_v1,topk_filter,aa0724188407797eae5187348bee11ee9f51317c4e8a201863b052786aa2f1df,823213c90703fd83224ad7122ee730ba64af3769ea517af252103bddd907f681,ACBBA,ideal,1.0,19,361,4,0.05,18,,,acbba_topk_5,/home/agxorin/topk_filter_study/simulator/scenarios/final_trial_500.csv,clue_search,02,113,71,63,51,6,8,8,768,121,647,237,531,684,acbba_entry:531;clue:3;collision_intent:121;state:113,2330,0,completed
114,dcta_parity_v1,topk_filter,aa0724188407797eae5187348bee11ee9f51317c4e8a201863b052786aa2f1df,823213c90703fd83224ad7122ee730ba64af3769ea517af252103bddd907f681,ACBBA,ideal,1.0,19,361,4,0.05,18,,,acbba_topk_5,/home/agxorin/topk_filter_study/simulator/scenarios/final_trial_500.csv,clue_search,03,116,74,90,27,4,1,1,784,117,667,236,548,700,acbba_entry:548;clue:3;collision_intent:117;state:116,2315,0,completed
115,dcta_parity_v1,topk_filter,aa0724188407797eae5187348bee11ee9f51317c4e8a201863b052786aa2f1df,823213c90703fd83224ad7122ee730ba64af3769ea517af252103bddd907f681,ACBBA,ideal,1.0,19,361,4,0.05,18,,,acbba_topk_5,/home/agxorin/topk_filter_study/simulator/scenarios/final_trial_500.csv,clue_search,00,68,62,59,10,5,0,0,602,68,534,138,464,590,acbba_entry:464;clue:2;collision_intent:68;state:68,1766,0,completed
115,dcta_parity_v1,topk_filter,aa0724188407797eae5187348bee11ee9f51317c4e8a201863b052786aa2f1df,823213c90703fd83224ad7122ee730ba64af3769ea517af252103bddd907f681,ACBBA,ideal,1.0,19,361,4,0.05,18,,,acbba_topk_5,/home/agxorin/topk_filter_study/simulator/scenarios/final_trial_500.csv,clue_search,01,68,62,49,20,5,1,1,595,69,526,139,456,583,acbba_entry:456;clue:2;collision_intent:69;state:68,1773,0,completed
115,dcta_parity_v1,topk_filter,aa0724188407797eae5187348bee11ee9f51317c4e8a201863b052786aa2f1df,823213c90703fd83224ad7122ee730ba64af3769ea517af252103bddd907f681,ACBBA,ideal,1.0,19,361,4,0.05,18,,,acbba_topk_5,/home/agxorin/topk_filter_study/simulator/scenarios/final_trial_500.csv,clue_search,02,67,61,59,9,1,0,0,581,68,513,137,444,569,acbba_entry:444;clue:2;collision_intent:67;state:67;target:1,1787,0,completed
115,dcta_parity_v1,topk_filter,aa0724188407797eae5187348bee11ee9f51317c4e8a201863b052786aa2f1df,823213c90703fd83224ad7122ee730ba64af3769ea517af252103bddd907f681,ACBBA,ideal,1.0,19,361,4,0.05,18,,,acbba_topk_5,/home/agxorin/topk_filter_study/simulator/scenarios/final_trial_500.csv,clue_search,03,68,63,64,5,7,2,1,590,70,520,140,450,580,acbba_entry:450;clue:2;collision_intent:70;state:68,1777,0,completed
116,dcta_parity_v1,topk_filter,aa0724188407797eae5187348bee11ee9f51317c4e8a201863b052786aa2f1df,823213c90703fd83224ad7122ee730ba64af3769ea517af252103bddd907f681,ACBBA,ideal,1.0,19,361,4,0.05,18,,,acbba_topk_5,/home/agxorin/topk_filter_study/simulator/scenarios/final_trial_500.csv,clue_search,00,68,21,64,5,0,2,2,308,70,238,140,168,214,acbba_entry:168;clue:2;collision_intent:70;state:68,923,0,completed
116,dcta_parity_v1,topk_filter,aa0724188407797eae5187348bee11ee9f51317c4e8a201863b052786aa2f1df,823213c90703fd83224ad7122ee730ba64af3769ea517af252103bddd907f681,ACBBA,ideal,1.0,19,361,4,0.05,18,,,acbba_topk_5,/home/agxorin/topk_filter_study/simulator/scenarios/final_trial_500.csv,clue_search,01,68,21,66,3,0,0,0,307,68,239,138,169,213,acbba_entry:169;clue:2;collision_intent:68;state:68,925,0,completed
116,dcta_parity_v1,topk_filter,aa0724188407797eae5187348bee11ee9f51317c4e8a201863b052786aa2f1df,823213c90703fd83224ad7122ee730ba64af3769ea517af252103bddd907f681,ACBBA,ideal,1.0,19,361,4,0.05,18,,,acbba_topk_5,/home/agxorin/topk_filter_study/simulator/scenarios/final_trial_500.csv,clue_search,02,68,22,58,11,1,1,1,306,70,236,140,166,214,acbba_entry:166;clue:2;collision_intent:69;state:68;target:1,927,0,completed
116,dcta_parity_v1,topk_filter,aa0724188407797eae5187348bee11ee9f51317c4e8a201863b052786aa2f1df,823213c90703fd83224ad7122ee730ba64af3769ea517af252103bddd907f681,ACBBA,ideal,1.0,19,361,4,0.05,18,,,acbba_topk_5,/home/agxorin/topk_filter_study/simulator/scenarios/final_trial_500.csv,clue_search,03,69,22,62,8,0,0,0,312,69,243,140,172,218,acbba_entry:172;clue:2;collision_intent:69;state:69,919,0,completed
117,dcta_parity_v1,topk_filter,aa0724188407797eae5187348bee11ee9f51317c4e8a201863b052786aa2f1df,823213c90703fd83224ad7122ee730ba64af3769ea517af252103bddd907f681,ACBBA,ideal,1.0,19,361,4,0.05,18,,,acbba_topk_5,/home/agxorin/topk_filter_study/simulator/scenarios/final_trial_500.csv,clue_search,00,117,84,86,32,2,1,1,802,118,684,239,563,736,acbba_entry:563;clue:4;collision_intent:118;state:117,2439,0,completed
117,dcta_parity_v1,topk_filter,aa0724188407797eae5187348bee11ee9f51317c4e8a201863b052786aa2f1df,823213c90703fd83224ad7122ee730ba64af3769ea517af252103bddd907f681,ACBBA,ideal,1.0,19,361,4,0.05,18,,,acbba_topk_5,/home/agxorin/topk_filter_study/simulator/scenarios/final_trial_500.csv,clue_search,01,116,84,98,19,4,0,0,811,116,695,236,575,747,acbba_entry:575;clue:4;collision_intent:116;state:116,2429,0,completed
117,dcta_parity_v1,topk_filter,aa0724188407797eae5187348bee11ee9f51317c4e8a201863b052786aa2f1df,823213c90703fd83224ad7122ee730ba64af3769ea517af252103bddd907f681,ACBBA,ideal,1.0,19,361,4,0.05,18,,,acbba_topk_5,/home/agxorin/topk_filter_study/simulator/scenarios/final_trial_500.csv,clue_search,02,118,85,78,41,2,0,0,786,119,667,241,545,720,acbba_entry:545;clue:4;collision_intent:119;state:118,2455,0,completed
117,dcta_parity_v1,topk_filter,aa0724188407797eae5187348bee11ee9f51317c4e8a201863b052786aa2f1df,823213c90703fd83224ad7122ee730ba64af3769ea517af252103bddd907f681,ACBBA,ideal,1.0,19,361,4,0.05,18,,,acbba_topk_5,/home/agxorin/topk_filter_study/simulator/scenarios/final_trial_500.csv,clue_search,03,119,86,96,24,5,0,0,843,120,723,243,600,777,acbba_entry:600;clue:4;collision_intent:119;state:119;target:1,2399,0,completed
118,dcta_parity_v1,topk_filter,aa0724188407797eae5187348bee11ee9f51317c4e8a201863b052786aa2f1df,823213c90703fd83224ad7122ee730ba64af3769ea517af252103bddd907f681,ACBBA,ideal,1.0,19,361,4,0.05,18,,,acbba_topk_5,/home/agxorin/topk_filter_study/simulator/scenarios/final_trial_500.csv,clue_search,00,61,54,49,13,2,2,2,532,63,469,127,405,518,acbba_entry:405;clue:3;collision_intent:63;state:61,1564,0,completed
118,dcta_parity_v1,topk_filter,aa0724188407797eae5187348bee11ee9f51317c4e8a201863b052786aa2f1df,823213c90703fd83224ad7122ee730ba64af3769ea517af252103bddd907f681,ACBBA,ideal,1.0,19,361,4,0.05,18,,,acbba_topk_5,/home/agxorin/topk_filter_study/simulator/scenarios/final_trial_500.csv,clue_search,01,61,54,52,10,0,2,2,531,63,468,127,404,517,acbba_entry:404;clue:3;collision_intent:63;state:61,1564,0,completed
118,dcta_parity_v1,topk_filter,aa0724188407797eae5187348bee11ee9f51317c4e8a201863b052786aa2f1df,823213c90703fd83224ad7122ee730ba64af3769ea517af252103bddd907f681,ACBBA,ideal,1.0,19,361,4,0.05,18,,,acbba_topk_5,/home/agxorin/topk_filter_study/simulator/scenarios/final_trial_500.csv,clue_search,02,62,55,60,3,4,0,0,522,63,459,128,394,508,acbba_entry:394;clue:3;collision_intent:62;state:62;target:1,1574,0,completed
118,dcta_parity_v1,topk_filter,aa0724188407797eae5187348bee11ee9f51317c4e8a201863b052786aa2f1df,823213c90703fd83224ad7122ee730ba64af3769ea517af252103bddd907f681,ACBBA,ideal,1.0,19,361,4,0.05,18,,,acbba_topk_5,/home/agxorin/topk_filter_study/simulator/scenarios/final_trial_500.csv,clue_search,03,61,55,48,14,7,1,1,511,62,449,126,385,499,acbba_entry:385;clue:3;collision_intent:62;state:61,1583,0,completed
119,dcta_parity_v1,topk_filter,aa0724188407797eae5187348bee11ee9f51317c4e8a201863b052786aa2f1df,823213c90703fd83224ad7122ee730ba64af3769ea517af252103bddd907f681,ACBBA,ideal,1.0,19,361,4,0.05,18,,,acbba_topk_5,/home/agxorin/topk_filter_study/simulator/scenarios/final_trial_500.csv,clue_search,00,83,74,67,17,5,0,0,637,83,554,169,468,619,acbba_entry:468;clue:3;collision_intent:83;state:83,1963,0,completed
119,dcta_parity_v1,topk_filter,aa0724188407797eae5187348bee11ee9f51317c4e8a201863b052786aa2f1df,823213c90703fd83224ad7122ee730ba64af3769ea517af252103bddd907f681,ACBBA,ideal,1.0,19,361,4,0.05,18,,,acbba_topk_5,/home/agxorin/topk_filter_study/simulator/scenarios/final_trial_500.csv,clue_search,01,84,75,63,22,5,0,0,642,84,558,171,471,624,acbba_entry:471;clue:3;collision_intent:84;state:84,1959,0,completed
119,dcta_parity_v1,topk_filter,aa0724188407797eae5187348bee11ee9f51317c4e8a201863b052786aa2f1df,823213c90703fd83224ad7122ee730ba64af3769ea517af252103bddd907f681,ACBBA,ideal,1.0,19,361,4,0.05,18,,,acbba_topk_5,/home/agxorin/topk_filter_study/simulator/scenarios/final_trial_500.csv,clue_search,02,81,71,75,7,2,1,1,667,82,585,166,501,647,acbba_entry:501;clue:3;collision_intent:82;state:81,1933,0,completed
119,dcta_parity_v1,topk_filter,aa0724188407797eae5187348bee11ee9f51317c4e8a201863b052786aa2f1df,823213c90703fd83224ad7122ee730ba64af3769ea517af252103bddd907f681,ACBBA,ideal,1.0,19,361,4,0.05,18,,,acbba_topk_5,/home/agxorin/topk_filter_study/simulator/scenarios/final_trial_500.csv,clue_search,03,83,74,81,3,7,0,0,655,84,571,170,485,637,acbba_entry:485;clue:3;collision_intent:83;state:83;target:1,1946,0,completed
120,dcta_parity_v1,topk_filter,aa0724188407797eae5187348bee11ee9f51317c4e8a201863b052786aa2f1df,823213c90703fd83224ad7122ee730ba64af3769ea517af252103bddd907f681,ACBBA,ideal,1.0,19,361,4,0.05,18,,,acbba_topk_5,/home/agxorin/topk_filter_study/simulator/scenarios/final_trial_500.csv,clue_search,00,1,0,2,0,0,0,0,2,1,1,2,0,0,collision_intent:1;state:1,6,0,completed
120,dcta_parity_v1,topk_filter,aa0724188407797eae5187348bee11ee9f51317c4e8a201863b052786aa2f1df,823213c90703fd83224ad7122ee730ba64af3769ea517af252103bddd907f681,ACBBA,ideal,1.0,19,361,4,0.05,18,,,acbba_topk_5,/home/agxorin/topk_filter_study/simulator/scenarios/final_trial_500.csv,clue_search,01,1,0,2,0,0,0,0,3,2,1,3,0,0,collision_intent:1;state:1;target:1,6,0,completed
120,dcta_parity_v1,topk_filter,aa0724188407797eae5187348bee11ee9f51317c4e8a201863b052786aa2f1df,823213c90703fd83224ad7122ee730ba64af3769ea517af252103bddd907f681,ACBBA,ideal,1.0,19,361,4,0.05,18,,,acbba_topk_5,/home/agxorin/topk_filter_study/simulator/scenarios/final_trial_500.csv,clue_search,02,1,0,2,0,0,0,0,2,1,1,2,0,0,collision_intent:1;state:1,5,0,completed
120,dcta_parity_v1,topk_filter,aa0724188407797eae5187348bee11ee9f51317c4e8a201863b052786aa2f1df,823213c90703fd83224ad7122ee730ba64af3769ea517af252103bddd907f681,ACBBA,ideal,1.0,19,361,4,0.05,18,,,acbba_topk_5,/home/agxorin/topk_filter_study/simulator/scenarios/final_trial_500.csv,clue_search,03,1,0,2,0,0,0,0,2,1,1,2,0,0,collision_intent:1;state:1,7,0,completed
121,dcta_parity_v1,topk_filter,aa0724188407797eae5187348bee11ee9f51317c4e8a201863b052786aa2f1df,823213c90703fd83224ad7122ee730ba64af3769ea517af252103bddd907f681,ACBBA,ideal,1.0,19,361,4,0.05,18,,,acbba_topk_5,/home/agxorin/topk_filter_study/simulator/scenarios/final_trial_500.csv,clue_search,00,9,0,10,0,0,0,0,18,9,9,18,0,0,collision_intent:9;state:9,56,0,completed
121,dcta_parity_v1,topk_filter,aa0724188407797eae5187348bee11ee9f51317c4e8a201863b052786aa2f1df,823213c90703fd83224ad7122ee730ba64af3769ea517af252103bddd907f681,ACBBA,ideal,1.0,19,361,4,0.05,18,,,acbba_topk_5,/home/agxorin/topk_filter_study/simulator/scenarios/final_trial_500.csv,clue_search,01,9,0,10,0,0,0,0,18,9,9,18,0,0,collision_intent:9;state:9,57,0,completed
121,dcta_parity_v1,topk_filter,aa0724188407797eae5187348bee11ee9f51317c4e8a201863b052786aa2f1df,823213c90703fd83224ad7122ee730ba64af3769ea517af252103bddd907f681,ACBBA,ideal,1.0,19,361,4,0.05,18,,,acbba_topk_5,/home/agxorin/topk_filter_study/simulator/scenarios/final_trial_500.csv,clue_search,02,10,0,11,0,0,0,0,21,11,10,21,0,0,collision_intent:10;state:10;target:1,54,0,completed
121,dcta_parity_v1,topk_filter,aa0724188407797eae5187348bee11ee9f51317c4e8a201863b052786aa2f1df,823213c90703fd83224ad7122ee730ba64af3769ea517af252103bddd907f681,ACBBA,ideal,1.0,19,361,4,0.05,18,,,acbba_topk_5,/home/agxorin/topk_filter_study/simulator/scenarios/final_trial_500.csv,clue_search,03,9,0,10,0,0,0,0,18,9,9,18,0,0,collision_intent:9;state:9,55,0,completed
122,dcta_parity_v1,topk_filter,aa0724188407797eae5187348bee11ee9f51317c4e8a201863b052786aa2f1df,823213c90703fd83224ad7122ee730ba64af3769ea517af252103bddd907f681,ACBBA,ideal,1.0,19,361,4,0.05,18,,,acbba_topk_5,/home/agxorin/topk_filter_study/simulator/scenarios/final_trial_500.csv,clue_search,00,71,38,65,7,0,0,0,433,71,362,145,288,367,acbba_entry:288;clue:3;collision_intent:71;state:71,1368,0,completed
122,dcta_parity_v1,topk_filter,aa0724188407797eae5187348bee11ee9f51317c4e8a201863b052786aa2f1df,823213c90703fd83224ad7122ee730ba64af3769ea517af252103bddd907f681,ACBBA,ideal,1.0,19,361,4,0.05,18,,,acbba_topk_5,/home/agxorin/topk_filter_study/simulator/scenarios/final_trial_500.csv,clue_search,01,72,40,70,3,3,0,0,465,73,392,148,317,401,acbba_entry:317;clue:3;collision_intent:72;state:72;target:1,1336,0,completed
122,dcta_parity_v1,topk_filter,aa0724188407797eae5187348bee11ee9f51317c4e8a201863b052786aa2f1df,823213c90703fd83224ad7122ee730ba64af3769ea517af252103bddd907f681,ACBBA,ideal,1.0,19,361,4,0.05,18,,,acbba_topk_5,/home/agxorin/topk_filter_study/simulator/scenarios/final_trial_500.csv,clue_search,02,71,39,59,13,2,4,3,454,75,379,149,305,390,acbba_entry:305;clue:3;collision_intent:75;state:71,1347,0,completed
122,dcta_parity_v1,topk_filter,aa0724188407797eae5187348bee11ee9f51317c4e8a201863b052786aa2f1df,823213c90703fd83224ad7122ee730ba64af3769ea517af252103bddd907f681,ACBBA,ideal,1.0,19,361,4,0.05,18,,,acbba_topk_5,/home/agxorin/topk_filter_study/simulator/scenarios/final_trial_500.csv,clue_search,03,72,41,64,9,4,0,0,449,72,377,147,302,386,acbba_entry:302;clue:3;collision_intent:72;state:72,1352,0,completed
123,dcta_parity_v1,topk_filter,aa0724188407797eae5187348bee11ee9f51317c4e8a201863b052786aa2f1df,823213c90703fd83224ad7122ee730ba64af3769ea517af252103bddd907f681,ACBBA,ideal,1.0,19,361,4,0.05,18,,,acbba_topk_5,/home/agxorin/topk_filter_study/simulator/scenarios/final_trial_500.csv,clue_search,00,56,27,51,6,1,0,0,296,56,240,114,182,238,acbba_entry:182;clue:2;collision_intent:56;state:56,905,0,completed
123,dcta_parity_v1,topk_filter,aa0724188407797eae5187348bee11ee9f51317c4e8a201863b052786aa2f1df,823213c90703fd83224ad7122ee730ba64af3769ea517af252103bddd907f681,ACBBA,ideal,1.0,19,361,4,0.05,18,,,acbba_topk_5,/home/agxorin/topk_filter_study/simulator/scenarios/final_trial_500.csv,clue_search,01,55,26,52,4,5,0,0,305,56,249,113,192,247,acbba_entry:192;clue:2;collision_intent:55;state:55;target:1,897,0,completed
123,dcta_parity_v1,topk_filter,aa0724188407797eae5187348bee11ee9f51317c4e8a201863b052786aa2f1df,823213c90703fd83224ad7122ee730ba64af3769ea517af252103bddd907f681,ACBBA,ideal,1.0,19,361,4,0.05,18,,,acbba_topk_5,/home/agxorin/topk_filter_study/simulator/scenarios/final_trial_500.csv,clue_search,02,54,24,54,1,0,0,0,298,54,244,110,188,238,acbba_entry:188;clue:2;collision_intent:54;state:54,902,0,completed
123,dcta_parity_v1,topk_filter,aa0724188407797eae5187348bee11ee9f51317c4e8a201863b052786aa2f1df,823213c90703fd83224ad7122ee730ba64af3769ea517af252103bddd907f681,ACBBA,ideal,1.0,19,361,4,0.05,18,,,acbba_topk_5,/home/agxorin/topk_filter_study/simulator/scenarios/final_trial_500.csv,clue_search,03,55,26,51,5,0,0,0,303,55,248,112,191,245,acbba_entry:191;clue:2;collision_intent:55;state:55,898,0,completed
124,dcta_parity_v1,topk_filter,aa0724188407797eae5187348bee11ee9f51317c4e8a201863b052786aa2f1df,823213c90703fd83224ad7122ee730ba64af3769ea517af252103bddd907f681,ACBBA,ideal,1.0,19,361,4,0.05,18,,,acbba_topk_5,/home/agxorin/topk_filter_study/simulator/scenarios/final_trial_500.csv,clue_search,00,32,28,22,11,2,1,1,261,33,228,67,194,253,acbba_entry:194;clue:2;collision_intent:33;state:32,835,0,completed
124,dcta_parity_v1,topk_filter,aa0724188407797eae5187348bee11ee9f51317c4e8a201863b052786aa2f1df,823213c90703fd83224ad7122ee730ba64af3769ea517af252103bddd907f681,ACBBA,ideal,1.0,19,361,4,0.05,18,,,acbba_topk_5,/home/agxorin/topk_filter_study/simulator/scenarios/final_trial_500.csv,clue_search,01,32,28,27,6,3,0,0,280,32,248,66,214,272,acbba_entry:214;clue:2;collision_intent:32;state:32,817,0,completed
124,dcta_parity_v1,topk_filter,aa0724188407797eae5187348bee11ee9f51317c4e8a201863b052786aa2f1df,823213c90703fd83224ad7122ee730ba64af3769ea517af252103bddd907f681,ACBBA,ideal,1.0,19,361,4,0.05,18,,,acbba_topk_5,/home/agxorin/topk_filter_study/simulator/scenarios/final_trial_500.csv,clue_search,02,32,28,31,2,1,0,0,277,33,244,67,210,269,acbba_entry:210;clue:2;collision_intent:32;state:32;target:1,821,0,completed
124,dcta_parity_v1,topk_filter,aa0724188407797eae5187348bee11ee9f51317c4e8a201863b052786aa2f1df,823213c90703fd83224ad7122ee730ba64af3769ea517af252103bddd907f681,ACBBA,ideal,1.0,19,361,4,0.05,18,,,acbba_topk_5,/home/agxorin/topk_filter_study/simulator/scenarios/final_trial_500.csv,clue_search,03,31,27,31,1,1,0,0,280,31,249,64,216,272,acbba_entry:216;clue:2;collision_intent:31;state:31,818,0,completed
125,dcta_parity_v1,topk_filter,aa0724188407797eae5187348bee11ee9f51317c4e8a201863b052786aa2f1df,823213c90703fd83224ad7122ee730ba64af3769ea517af252103bddd907f681,ACBBA,ideal,1.0,19,361,4,0.05,18,,,acbba_topk_5,/home/agxorin/topk_filter_study/simulator/scenarios/final_trial_500.csv,clue_search,00,8,8,9,0,1,0,0,54,9,45,18,36,53,acbba_entry:36;clue:1;collision_intent:8;state:8;target:1,172,0,completed
125,dcta_parity_v1,topk_filter,aa0724188407797eae5187348bee11ee9f51317c4e8a201863b052786aa2f1df,823213c90703fd83224ad7122ee730ba64af3769ea517af252103bddd907f681,ACBBA,ideal,1.0,19,361,4,0.05,18,,,acbba_topk_5,/home/agxorin/topk_filter_study/simulator/scenarios/final_trial_500.csv,clue_search,01,8,8,6,3,1,0,0,58,8,50,17,41,57,acbba_entry:41;clue:1;collision_intent:8;state:8,167,0,completed
125,dcta_parity_v1,topk_filter,aa0724188407797eae5187348bee11ee9f51317c4e8a201863b052786aa2f1df,823213c90703fd83224ad7122ee730ba64af3769ea517af252103bddd907f681,ACBBA,ideal,1.0,19,361,4,0.05,18,,,acbba_topk_5,/home/agxorin/topk_filter_study/simulator/scenarios/final_trial_500.csv,clue_search,02,7,6,8,0,0,0,0,58,7,51,15,43,56,acbba_entry:43;clue:1;collision_intent:7;state:7,167,0,completed
125,dcta_parity_v1,topk_filter,aa0724188407797eae5187348bee11ee9f51317c4e8a201863b052786aa2f1df,823213c90703fd83224ad7122ee730ba64af3769ea517af252103bddd907f681,ACBBA,ideal,1.0,19,361,4,0.05,18,,,acbba_topk_5,/home/agxorin/topk_filter_study/simulator/scenarios/final_trial_500.csv,clue_search,03,7,7,8,0,2,0,0,56,7,49,15,41,55,acbba_entry:41;clue:1;collision_intent:7;state:7,170,0,completed
126,dcta_parity_v1,topk_filter,aa0724188407797eae5187348bee11ee9f51317c4e8a201863b052786aa2f1df,823213c90703fd83224ad7122ee730ba64af3769ea517af252103bddd907f681,ACBBA,ideal,1.0,19,361,4,0.05,18,,,acbba_topk_5,/home/agxorin/topk_filter_study/simulator/scenarios/final_trial_500.csv,clue_search,00,73,41,59,15,5,2,1,455,76,379,153,302,391,acbba_entry:302;clue:4;collision_intent:75;state:73;target:1,1405,0,completed
126,dcta_parity_v1,topk_filter,aa0724188407797eae5187348bee11ee9f51317c4e8a201863b052786aa2f1df,823213c90703fd83224ad7122ee730ba64af3769ea517af252103bddd907f681,ACBBA,ideal,1.0,19,361,4,0.05,18,,,acbba_topk_5,/home/agxorin/topk_filter_study/simulator/scenarios/final_trial_500.csv,clue_search,01,73,42,61,13,1,0,0,466,73,393,150,316,404,acbba_entry:316;clue:4;collision_intent:73;state:73,1392,0,completed
126,dcta_parity_v1,topk_filter,aa0724188407797eae5187348bee11ee9f51317c4e8a201863b052786aa2f1df,823213c90703fd83224ad7122ee730ba64af3769ea517af252103bddd907f681,ACBBA,ideal,1.0,19,361,4,0.05,18,,,acbba_topk_5,/home/agxorin/topk_filter_study/simulator/scenarios/final_trial_500.csv,clue_search,02,73,41,60,14,4,0,0,458,73,385,150,308,394,acbba_entry:308;clue:4;collision_intent:73;state:73,1400,0,completed
126,dcta_parity_v1,topk_filter,aa0724188407797eae5187348bee11ee9f51317c4e8a201863b052786aa2f1df,823213c90703fd83224ad7122ee730ba64af3769ea517af252103bddd907f681,ACBBA,ideal,1.0,19,361,4,0.05,18,,,acbba_topk_5,/home/agxorin/topk_filter_study/simulator/scenarios/final_trial_500.csv,clue_search,03,72,40,64,9,5,2,2,481,74,407,150,331,417,acbba_entry:331;clue:4;collision_intent:74;state:72,1378,0,completed
127,dcta_parity_v1,topk_filter,aa0724188407797eae5187348bee11ee9f51317c4e8a201863b052786aa2f1df,823213c90703fd83224ad7122ee730ba64af3769ea517af252103bddd907f681,ACBBA,ideal,1.0,19,361,4,0.05,18,,,acbba_topk_5,/home/agxorin/topk_filter_study/simulator/scenarios/final_trial_500.csv,clue_search,00,37,1,38,0,0,0,0,78,37,41,75,3,6,acbba_entry:3;clue:1;collision_intent:37;state:37,242,0,completed
127,dcta_parity_v1,topk_filter,aa0724188407797eae5187348bee11ee9f51317c4e8a201863b052786aa2f1df,823213c90703fd83224ad7122ee730ba64af3769ea517af252103bddd907f681,ACBBA,ideal,1.0,19,361,4,0.05,18,,,acbba_topk_5,/home/agxorin/topk_filter_study/simulator/scenarios/final_trial_500.csv,clue_search,01,37,1,38,0,0,0,0,81,37,44,75,6,9,acbba_entry:6;clue:1;collision_intent:37;state:37,238,0,completed
127,dcta_parity_v1,topk_filter,aa0724188407797eae5187348bee11ee9f51317c4e8a201863b052786aa2f1df,823213c90703fd83224ad7122ee730ba64af3769ea517af252103bddd907f681,ACBBA,ideal,1.0,19,361,4,0.05,18,,,acbba_topk_5,/home/agxorin/topk_filter_study/simulator/scenarios/final_trial_500.csv,clue_search,02,37,1,38,0,0,0,0,79,38,41,76,3,7,acbba_entry:3;clue:1;collision_intent:37;state:37;target:1,241,0,completed
127,dcta_parity_v1,topk_filter,aa0724188407797eae5187348bee11ee9f51317c4e8a201863b052786aa2f1df,823213c90703fd83224ad7122ee730ba64af3769ea517af252103bddd907f681,ACBBA,ideal,1.0,19,361,4,0.05,18,,,acbba_topk_5,/home/agxorin/topk_filter_study/simulator/scenarios/final_trial_500.csv,clue_search,03,37,1,38,0,0,0,0,82,37,45,75,7,10,acbba_entry:7;clue:1;collision_intent:37;state:37,236,0,completed
128,dcta_parity_v1,topk_filter,aa0724188407797eae5187348bee11ee9f51317c4e8a201863b052786aa2f1df,823213c90703fd83224ad7122ee730ba64af3769ea517af252103bddd907f681,ACBBA,ideal,1.0,19,361,4,0.05,18,,,acbba_topk_5,/home/agxorin/topk_filter_study/simulator/scenarios/final_trial_500.csv,clue_search,00,5,0,6,0,0,0,0,11,6,5,11,0,0,collision_intent:5;state:5;target:1,24,0,completed
128,dcta_parity_v1,topk_filter,aa0724188407797eae5187348bee11ee9f51317c4e8a201863b052786aa2f1df,823213c90703fd83224ad7122ee730ba64af3769ea517af252103bddd907f681,ACBBA,ideal,1.0,19,361,4,0.05,18,,,acbba_topk_5,/home/agxorin/topk_filter_study/simulator/scenarios/final_trial_500.csv,clue_search,01,4,0,5,0,0,0,0,8,4,4,8,0,0,collision_intent:4;state:4,25,0,completed
128,dcta_parity_v1,topk_filter,aa0724188407797eae5187348bee11ee9f51317c4e8a201863b052786aa2f1df,823213c90703fd83224ad7122ee730ba64af3769ea517af252103bddd907f681,ACBBA,ideal,1.0,19,361,4,0.05,18,,,acbba_topk_5,/home/agxorin/topk_filter_study/simulator/scenarios/final_trial_500.csv,clue_search,02,4,0,5,0,0,0,0,8,4,4,8,0,0,collision_intent:4;state:4,27,0,completed
128,dcta_parity_v1,topk_filter,aa0724188407797eae5187348bee11ee9f51317c4e8a201863b052786aa2f1df,823213c90703fd83224ad7122ee730ba64af3769ea517af252103bddd907f681,ACBBA,ideal,1.0,19,361,4,0.05,18,,,acbba_topk_5,/home/agxorin/topk_filter_study/simulator/scenarios/final_trial_500.csv,clue_search,03,4,0,5,0,0,0,0,8,4,4,8,0,0,collision_intent:4;state:4,26,0,completed
129,dcta_parity_v1,topk_filter,aa0724188407797eae5187348bee11ee9f51317c4e8a201863b052786aa2f1df,823213c90703fd83224ad7122ee730ba64af3769ea517af252103bddd907f681,ACBBA,ideal,1.0,19,361,4,0.05,18,,,acbba_topk_5,/home/agxorin/topk_filter_study/simulator/scenarios/final_trial_500.csv,clue_search,00,41,7,41,1,0,0,0,122,41,81,84,38,54,acbba_entry:38;clue:2;collision_intent:41;state:41,381,0,completed
129,dcta_parity_v1,topk_filter,aa0724188407797eae5187348bee11ee9f51317c4e8a201863b052786aa2f1df,823213c90703fd83224ad7122ee730ba64af3769ea517af252103bddd907f681,ACBBA,ideal,1.0,19,361,4,0.05,18,,,acbba_topk_5,/home/agxorin/topk_filter_study/simulator/scenarios/final_trial_500.csv,clue_search,01,42,8,42,1,1,0,0,130,43,87,87,43,62,acbba_entry:43;clue:2;collision_intent:42;state:42;target:1,373,0,completed
129,dcta_parity_v1,topk_filter,aa0724188407797eae5187348bee11ee9f51317c4e8a201863b052786aa2f1df,823213c90703fd83224ad7122ee730ba64af3769ea517af252103bddd907f681,ACBBA,ideal,1.0,19,361,4,0.05,18,,,acbba_topk_5,/home/agxorin/topk_filter_study/simulator/scenarios/final_trial_500.csv,clue_search,02,42,9,41,2,0,0,0,132,42,90,86,46,65,acbba_entry:46;clue:2;collision_intent:42;state:42,369,0,completed
129,dcta_parity_v1,topk_filter,aa0724188407797eae5187348bee11ee9f51317c4e8a201863b052786aa2f1df,823213c90703fd83224ad7122ee730ba64af3769ea517af252103bddd907f681,ACBBA,ideal,1.0,19,361,4,0.05,18,,,acbba_topk_5,/home/agxorin/topk_filter_study/simulator/scenarios/final_trial_500.csv,clue_search,03,41,8,41,1,0,0,0,119,41,78,84,35,53,acbba_entry:35;clue:2;collision_intent:41;state:41,382,0,completed
130,dcta_parity_v1,topk_filter,aa0724188407797eae5187348bee11ee9f51317c4e8a201863b052786aa2f1df,823213c90703fd83224ad7122ee730ba64af3769ea517af252103bddd907f681,ACBBA,ideal,1.0,19,361,4,0.05,18,,,acbba_topk_5,/home/agxorin/topk_filter_study/simulator/scenarios/final_trial_500.csv,clue_search,00,14,5,15,0,0,0,0,56,14,42,29,27,38,acbba_entry:27;clue:1;collision_intent:14;state:14,177,0,completed
130,dcta_parity_v1,topk_filter,aa0724188407797eae5187348bee11ee9f51317c4e8a201863b052786aa2f1df,823213c90703fd83224ad7122ee730ba64af3769ea517af252103bddd907f681,ACBBA,ideal,1.0,19,361,4,0.05,18,,,acbba_topk_5,/home/agxorin/topk_filter_study/simulator/scenarios/final_trial_500.csv,clue_search,01,14,6,14,1,1,0,0,58,14,44,29,29,42,acbba_entry:29;clue:1;collision_intent:14;state:14,175,0,completed
130,dcta_parity_v1,topk_filter,aa0724188407797eae5187348bee11ee9f51317c4e8a201863b052786aa2f1df,823213c90703fd83224ad7122ee730ba64af3769ea517af252103bddd907f681,ACBBA,ideal,1.0,19,361,4,0.05,18,,,acbba_topk_5,/home/agxorin/topk_filter_study/simulator/scenarios/final_trial_500.csv,clue_search,02,13,4,14,0,0,2,1,57,15,42,29,28,39,acbba_entry:28;clue:1;collision_intent:15;state:13,177,0,completed
130,dcta_parity_v1,topk_filter,aa0724188407797eae5187348bee11ee9f51317c4e8a201863b052786aa2f1df,823213c90703fd83224ad7122ee730ba64af3769ea517af252103bddd907f681,ACBBA,ideal,1.0,19,361,4,0.05,18,,,acbba_topk_5,/home/agxorin/topk_filter_study/simulator/scenarios/final_trial_500.csv,clue_search,03,14,5,15,0,1,0,0,64,15,49,30,34,46,acbba_entry:34;clue:1;collision_intent:14;state:14;target:1,171,0,completed
131,dcta_parity_v1,topk_filter,aa0724188407797eae5187348bee11ee9f51317c4e8a201863b052786aa2f1df,823213c90703fd83224ad7122ee730ba64af3769ea517af252103bddd907f681,ACBBA,ideal,1.0,19,361,4,0.05,18,,,acbba_topk_5,/home/agxorin/topk_filter_study/simulator/scenarios/final_trial_500.csv,clue_search,00,22,3,23,0,0,0,0,70,22,48,46,24,32,acbba_entry:24;clue:2;collision_intent:22;state:22,209,0,completed
131,dcta_parity_v1,topk_filter,aa0724188407797eae5187348bee11ee9f51317c4e8a201863b052786aa2f1df,823213c90703fd83224ad7122ee730ba64af3769ea517af252103bddd907f681,ACBBA,ideal,1.0,19,361,4,0.05,18,,,acbba_topk_5,/home/agxorin/topk_filter_study/simulator/scenarios/final_trial_500.csv,clue_search,01,21,3,22,0,2,0,0,71,22,49,45,26,35,acbba_entry:26;clue:2;collision_intent:22;state:21,209,0,completed
131,dcta_parity_v1,topk_filter,aa0724188407797eae5187348bee11ee9f51317c4e8a201863b052786aa2f1df,823213c90703fd83224ad7122ee730ba64af3769ea517af252103bddd907f681,ACBBA,ideal,1.0,19,361,4,0.05,18,,,acbba_topk_5,/home/agxorin/topk_filter_study/simulator/scenarios/final_trial_500.csv,clue_search,02,22,3,23,0,0,0,0,69,22,47,46,23,31,acbba_entry:23;clue:2;collision_intent:22;state:22,211,0,completed
131,dcta_parity_v1,topk_filter,aa0724188407797eae5187348bee11ee9f51317c4e8a201863b052786aa2f1df,823213c90703fd83224ad7122ee730ba64af3769ea517af252103bddd907f681,ACBBA,ideal,1.0,19,361,4,0.05,18,,,acbba_topk_5,/home/agxorin/topk_filter_study/simulator/scenarios/final_trial_500.csv,clue_search,03,22,3,23,0,0,0,0,71,23,48,47,24,33,acbba_entry:24;clue:2;collision_intent:22;state:22;target:1,210,0,completed
132,dcta_parity_v1,topk_filter,aa0724188407797eae5187348bee11ee9f51317c4e8a201863b052786aa2f1df,823213c90703fd83224ad7122ee730ba64af3769ea517af252103bddd907f681,ACBBA,ideal,1.0,19,361,4,0.05,18,,,acbba_topk_5,/home/agxorin/topk_filter_study/simulator/scenarios/final_trial_500.csv,clue_search,00,51,21,49,3,0,0,0,228,51,177,104,124,168,acbba_entry:124;clue:2;collision_intent:51;state:51,730,0,completed
132,dcta_parity_v1,topk_filter,aa0724188407797eae5187348bee11ee9f51317c4e8a201863b052786aa2f1df,823213c90703fd83224ad7122ee730ba64af3769ea517af252103bddd907f681,ACBBA,ideal,1.0,19,361,4,0.05,18,,,acbba_topk_5,/home/agxorin/topk_filter_study/simulator/scenarios/final_trial_500.csv,clue_search,01,50,20,48,3,3,0,0,232,50,182,102,130,172,acbba_entry:130;clue:2;collision_intent:50;state:50,726,0,completed
132,dcta_parity_v1,topk_filter,aa0724188407797eae5187348bee11ee9f51317c4e8a201863b052786aa2f1df,823213c90703fd83224ad7122ee730ba64af3769ea517af252103bddd907f681,ACBBA,ideal,1.0,19,361,4,0.05,18,,,acbba_topk_5,/home/agxorin/topk_filter_study/simulator/scenarios/final_trial_500.csv,clue_search,02,50,20,49,2,2,0,0,255,51,204,103,152,195,acbba_entry:152;clue:2;collision_intent:50;state:50;target:1,705,0,completed
132,dcta_parity_v1,topk_filter,aa0724188407797eae5187348bee11ee9f51317c4e8a201863b052786aa2f1df,823213c90703fd83224ad7122ee730ba64af3769ea517af252103bddd907f681,ACBBA,ideal,1.0,19,361,4,0.05,18,,,acbba_topk_5,/home/agxorin/topk_filter_study/simulator/scenarios/final_trial_500.csv,clue_search,03,49,19,44,6,0,2,2,245,51,194,102,143,185,acbba_entry:143;clue:2;collision_intent:51;state:49,714,0,completed
133,dcta_parity_v1,topk_filter,aa0724188407797eae5187348bee11ee9f51317c4e8a201863b052786aa2f1df,823213c90703fd83224ad7122ee730ba64af3769ea517af252103bddd907f681,ACBBA,ideal,1.0,19,361,4,0.05,18,,,acbba_topk_5,/home/agxorin/topk_filter_study/simulator/scenarios/final_trial_500.csv,clue_search,00,51,41,52,0,2,0,0,366,51,315,105,261,346,acbba_entry:261;clue:3;collision_intent:51;state:51,1047,0,completed
133,dcta_parity_v1,topk_filter,aa0724188407797eae5187348bee11ee9f51317c4e8a201863b052786aa2f1df,823213c90703fd83224ad7122ee730ba64af3769ea517af252103bddd907f681,ACBBA,ideal,1.0,19,361,4,0.05,18,,,acbba_topk_5,/home/agxorin/topk_filter_study/simulator/scenarios/final_trial_500.csv,clue_search,01,50,41,46,5,0,0,0,356,51,305,104,252,338,acbba_entry:252;clue:3;collision_intent:50;state:50;target:1,1057,0,completed
133,dcta_parity_v1,topk_filter,aa0724188407797eae5187348bee11ee9f51317c4e8a201863b052786aa2f1df,823213c90703fd83224ad7122ee730ba64af3769ea517af252103bddd907f681,ACBBA,ideal,1.0,19,361,4,0.05,18,,,acbba_topk_5,/home/agxorin/topk_filter_study/simulator/scenarios/final_trial_500.csv,clue_search,02,51,41,42,10,1,0,0,344,51,293,105,239,324,acbba_entry:239;clue:3;collision_intent:51;state:51,1069,0,completed
133,dcta_parity_v1,topk_filter,aa0724188407797eae5187348bee11ee9f51317c4e8a201863b052786aa2f1df,823213c90703fd83224ad7122ee730ba64af3769ea517af252103bddd907f681,ACBBA,ideal,1.0,19,361,4,0.05,18,,,acbba_topk_5,/home/agxorin/topk_filter_study/simulator/scenarios/final_trial_500.csv,clue_search,03,52,43,46,7,1,0,0,347,52,295,107,240,329,acbba_entry:240;clue:3;collision_intent:52;state:52,1066,0,completed
134,dcta_parity_v1,topk_filter,aa0724188407797eae5187348bee11ee9f51317c4e8a201863b052786aa2f1df,823213c90703fd83224ad7122ee730ba64af3769ea517af252103bddd907f681,ACBBA,ideal,1.0,19,361,4,0.05,18,,,acbba_topk_5,/home/agxorin/topk_filter_study/simulator/scenarios/final_trial_500.csv,clue_search,00,4,0,5,0,0,0,0,8,4,4,8,0,0,collision_intent:4;state:4,24,0,completed
134,dcta_parity_v1,topk_filter,aa0724188407797eae5187348bee11ee9f51317c4e8a201863b052786aa2f1df,823213c90703fd83224ad7122ee730ba64af3769ea517af252103bddd907f681,ACBBA,ideal,1.0,19,361,4,0.05,18,,,acbba_topk_5,/home/agxorin/topk_filter_study/simulator/scenarios/final_trial_500.csv,clue_search,01,3,0,4,0,0,0,0,7,4,3,7,0,0,collision_intent:4;state:3,24,0,completed
134,dcta_parity_v1,topk_filter,aa0724188407797eae5187348bee11ee9f51317c4e8a201863b052786aa2f1df,823213c90703fd83224ad7122ee730ba64af3769ea517af252103bddd907f681,ACBBA,ideal,1.0,19,361,4,0.05,18,,,acbba_topk_5,/home/agxorin/topk_filter_study/simulator/scenarios/final_trial_500.csv,clue_search,02,4,0,5,0,0,0,0,8,4,4,8,0,0,collision_intent:4;state:4,23,0,completed
134,dcta_parity_v1,topk_filter,aa0724188407797eae5187348bee11ee9f51317c4e8a201863b052786aa2f1df,823213c90703fd83224ad7122ee730ba64af3769ea517af252103bddd907f681,ACBBA,ideal,1.0,19,361,4,0.05,18,,,acbba_topk_5,/home/agxorin/topk_filter_study/simulator/scenarios/final_trial_500.csv,clue_search,03,4,0,5,0,0,0,0,9,5,4,9,0,0,collision_intent:4;state:4;target:1,23,0,completed
135,dcta_parity_v1,topk_filter,aa0724188407797eae5187348bee11ee9f51317c4e8a201863b052786aa2f1df,823213c90703fd83224ad7122ee730ba64af3769ea517af252103bddd907f681,ACBBA,ideal,1.0,19,361,4,0.05,18,,,acbba_topk_5,/home/agxorin/topk_filter_study/simulator/scenarios/final_trial_500.csv,clue_search,00,53,17,54,0,1,2,1,255,56,199,110,145,183,acbba_entry:145;clue:1;collision_intent:55;state:53;target:1,740,0,completed
135,dcta_parity_v1,topk_filter,aa0724188407797eae5187348bee11ee9f51317c4e8a201863b052786aa2f1df,823213c90703fd83224ad7122ee730ba64af3769ea517af252103bddd907f681,ACBBA,ideal,1.0,19,361,4,0.05,18,,,acbba_topk_5,/home/agxorin/topk_filter_study/simulator/scenarios/final_trial_500.csv,clue_search,01,53,17,47,7,0,0,0,241,53,188,107,134,169,acbba_entry:134;clue:1;collision_intent:53;state:53,753,0,completed
135,dcta_parity_v1,topk_filter,aa0724188407797eae5187348bee11ee9f51317c4e8a201863b052786aa2f1df,823213c90703fd83224ad7122ee730ba64af3769ea517af252103bddd907f681,ACBBA,ideal,1.0,19,361,4,0.05,18,,,acbba_topk_5,/home/agxorin/topk_filter_study/simulator/scenarios/final_trial_500.csv,clue_search,02,53,17,50,4,1,0,0,244,53,191,107,137,172,acbba_entry:137;clue:1;collision_intent:53;state:53,749,0,completed
135,dcta_parity_v1,topk_filter,aa0724188407797eae5187348bee11ee9f51317c4e8a201863b052786aa2f1df,823213c90703fd83224ad7122ee730ba64af3769ea517af252103bddd907f681,ACBBA,ideal,1.0,19,361,4,0.05,18,,,acbba_topk_5,/home/agxorin/topk_filter_study/simulator/scenarios/final_trial_500.csv,clue_search,03,53,18,51,3,0,0,0,255,53,202,107,148,185,acbba_entry:148;clue:1;collision_intent:53;state:53,740,0,completed
136,dcta_parity_v1,topk_filter,aa0724188407797eae5187348bee11ee9f51317c4e8a201863b052786aa2f1df,823213c90703fd83224ad7122ee730ba64af3769ea517af252103bddd907f681,ACBBA,ideal,1.0,19,361,4,0.05,18,,,acbba_topk_5,/home/agxorin/topk_filter_study/simulator/scenarios/final_trial_500.csv,clue_search,00,38,20,38,1,1,0,0,222,38,184,77,145,185,acbba_entry:145;clue:1;collision_intent:38;state:38,696,0,completed
136,dcta_parity_v1,topk_filter,aa0724188407797eae5187348bee11ee9f51317c4e8a201863b052786aa2f1df,823213c90703fd83224ad7122ee730ba64af3769ea517af252103bddd907f681,ACBBA,ideal,1.0,19,361,4,0.05,18,,,acbba_topk_5,/home/agxorin/topk_filter_study/simulator/scenarios/final_trial_500.csv,clue_search,01,37,19,37,1,1,0,0,236,38,198,76,160,200,acbba_entry:160;clue:1;collision_intent:37;state:37;target:1,683,0,completed
136,dcta_parity_v1,topk_filter,aa0724188407797eae5187348bee11ee9f51317c4e8a201863b052786aa2f1df,823213c90703fd83224ad7122ee730ba64af3769ea517af252103bddd907f681,ACBBA,ideal,1.0,19,361,4,0.05,18,,,acbba_topk_5,/home/agxorin/topk_filter_study/simulator/scenarios/final_trial_500.csv,clue_search,02,37,18,37,1,0,0,0,231,37,194,75,156,193,acbba_entry:156;clue:1;collision_intent:37;state:37,688,0,completed
136,dcta_parity_v1,topk_filter,aa0724188407797eae5187348bee11ee9f51317c4e8a201863b052786aa2f1df,823213c90703fd83224ad7122ee730ba64af3769ea517af252103bddd907f681,ACBBA,ideal,1.0,19,361,4,0.05,18,,,acbba_topk_5,/home/agxorin/topk_filter_study/simulator/scenarios/final_trial_500.csv,clue_search,03,37,18,37,1,0,0,0,230,38,192,76,154,192,acbba_entry:154;clue:1;collision_intent:38;state:37,688,0,completed
137,dcta_parity_v1,topk_filter,aa0724188407797eae5187348bee11ee9f51317c4e8a201863b052786aa2f1df,823213c90703fd83224ad7122ee730ba64af3769ea517af252103bddd907f681,ACBBA,ideal,1.0,19,361,4,0.05,18,,,acbba_topk_5,/home/agxorin/topk_filter_study/simulator/scenarios/final_trial_500.csv,clue_search,00,14,12,15,0,2,0,0,105,14,91,29,76,101,acbba_entry:76;clue:1;collision_intent:14;state:14,320,0,completed
137,dcta_parity_v1,topk_filter,aa0724188407797eae5187348bee11ee9f51317c4e8a201863b052786aa2f1df,823213c90703fd83224ad7122ee730ba64af3769ea517af252103bddd907f681,ACBBA,ideal,1.0,19,361,4,0.05,18,,,acbba_topk_5,/home/agxorin/topk_filter_study/simulator/scenarios/final_trial_500.csv,clue_search,01,13,12,11,3,2,2,2,107,15,92,29,78,105,acbba_entry:78;clue:1;collision_intent:15;state:13,317,0,completed
137,dcta_parity_v1,topk_filter,aa0724188407797eae5187348bee11ee9f51317c4e8a201863b052786aa2f1df,823213c90703fd83224ad7122ee730ba64af3769ea517af252103bddd907f681,ACBBA,ideal,1.0,19,361,4,0.05,18,,,acbba_topk_5,/home/agxorin/topk_filter_study/simulator/scenarios/final_trial_500.csv,clue_search,02,13,11,14,0,0,0,0,112,14,98,28,84,108,acbba_entry:84;clue:1;collision_intent:13;state:13;target:1,314,0,completed
137,dcta_parity_v1,topk_filter,aa0724188407797eae5187348bee11ee9f51317c4e8a201863b052786aa2f1df,823213c90703fd83224ad7122ee730ba64af3769ea517af252103bddd907f681,ACBBA,ideal,1.0,19,361,4,0.05,18,,,acbba_topk_5,/home/agxorin/topk_filter_study/simulator/scenarios/final_trial_500.csv,clue_search,03,13,12,13,1,2,0,0,102,13,89,27,75,100,acbba_entry:75;clue:1;collision_intent:13;state:13,322,0,completed
138,dcta_parity_v1,topk_filter,aa0724188407797eae5187348bee11ee9f51317c4e8a201863b052786aa2f1df,823213c90703fd83224ad7122ee730ba64af3769ea517af252103bddd907f681,ACBBA,ideal,1.0,19,361,4,0.05,18,,,acbba_topk_5,/home/agxorin/topk_filter_study/simulator/scenarios/final_trial_500.csv,clue_search,00,15,9,16,0,1,0,0,77,15,62,31,46,64,acbba_entry:46;clue:1;collision_intent:15;state:15,247,0,completed
138,dcta_parity_v1,topk_filter,aa0724188407797eae5187348bee11ee9f51317c4e8a201863b052786aa2f1df,823213c90703fd83224ad7122ee730ba64af3769ea517af252103bddd907f681,ACBBA,ideal,1.0,19,361,4,0.05,18,,,acbba_topk_5,/home/agxorin/topk_filter_study/simulator/scenarios/final_trial_500.csv,clue_search,01,15,9,15,1,1,0,0,79,15,64,31,48,67,acbba_entry:48;clue:1;collision_intent:15;state:15,246,0,completed
138,dcta_parity_v1,topk_filter,aa0724188407797eae5187348bee11ee9f51317c4e8a201863b052786aa2f1df,823213c90703fd83224ad7122ee730ba64af3769ea517af252103bddd907f681,ACBBA,ideal,1.0,19,361,4,0.05,18,,,acbba_topk_5,/home/agxorin/topk_filter_study/simulator/scenarios/final_trial_500.csv,clue_search,02,15,8,15,1,0,0,0,84,16,68,32,52,70,acbba_entry:52;clue:1;collision_intent:15;state:15;target:1,241,0,completed
138,dcta_parity_v1,topk_filter,aa0724188407797eae5187348bee11ee9f51317c4e8a201863b052786aa2f1df,823213c90703fd83224ad7122ee730ba64af3769ea517af252103bddd907f681,ACBBA,ideal,1.0,19,361,4,0.05,18,,,acbba_topk_5,/home/agxorin/topk_filter_study/simulator/scenarios/final_trial_500.csv,clue_search,03,14,8,15,0,2,0,0,85,15,70,30,55,73,acbba_entry:55;clue:1;collision_intent:15;state:14,238,0,completed
139,dcta_parity_v1,topk_filter,aa0724188407797eae5187348bee11ee9f51317c4e8a201863b052786aa2f1df,823213c90703fd83224ad7122ee730ba64af3769ea517af252103bddd907f681,ACBBA,ideal,1.0,19,361,4,0.05,18,,,acbba_topk_5,/home/agxorin/topk_filter_study/simulator/scenarios/final_trial_500.csv,clue_search,00,20,8,21,0,0,0,0,92,20,72,41,51,68,acbba_entry:51;clue:1;collision_intent:20;state:20,280,0,completed
139,dcta_parity_v1,topk_filter,aa0724188407797eae5187348bee11ee9f51317c4e8a201863b052786aa2f1df,823213c90703fd83224ad7122ee730ba64af3769ea517af252103bddd907f681,ACBBA,ideal,1.0,19,361,4,0.05,18,,,acbba_topk_5,/home/agxorin/topk_filter_study/simulator/scenarios/final_trial_500.csv,clue_search,01,21,10,22,0,0,0,0,94,22,72,44,50,71,acbba_entry:50;clue:1;collision_intent:21;state:21;target:1,279,0,completed
139,dcta_parity_v1,topk_filter,aa0724188407797eae5187348bee11ee9f51317c4e8a201863b052786aa2f1df,823213c90703fd83224ad7122ee730ba64af3769ea517af252103bddd907f681,ACBBA,ideal,1.0,19,361,4,0.05,18,,,acbba_topk_5,/home/agxorin/topk_filter_study/simulator/scenarios/final_trial_500.csv,clue_search,02,21,9,22,0,1,0,0,88,21,67,43,45,64,acbba_entry:45;clue:1;collision_intent:21;state:21,283,0,completed
139,dcta_parity_v1,topk_filter,aa0724188407797eae5187348bee11ee9f51317c4e8a201863b052786aa2f1df,823213c90703fd83224ad7122ee730ba64af3769ea517af252103bddd907f681,ACBBA,ideal,1.0,19,361,4,0.05,18,,,acbba_topk_5,/home/agxorin/topk_filter_study/simulator/scenarios/final_trial_500.csv,clue_search,03,21,10,20,2,3,0,0,99,21,78,43,56,77,acbba_entry:56;clue:1;collision_intent:21;state:21,272,0,completed
140,dcta_parity_v1,topk_filter,aa0724188407797eae5187348bee11ee9f51317c4e8a201863b052786aa2f1df,823213c90703fd83224ad7122ee730ba64af3769ea517af252103bddd907f681,ACBBA,ideal,1.0,19,361,4,0.05,18,,,acbba_topk_5,/home/agxorin/topk_filter_study/simulator/scenarios/final_trial_500.csv,clue_search,00,43,0,44,0,0,0,0,86,43,43,86,0,0,collision_intent:43;state:43,256,0,completed
140,dcta_parity_v1,topk_filter,aa0724188407797eae5187348bee11ee9f51317c4e8a201863b052786aa2f1df,823213c90703fd83224ad7122ee730ba64af3769ea517af252103bddd907f681,ACBBA,ideal,1.0,19,361,4,0.05,18,,,acbba_topk_5,/home/agxorin/topk_filter_study/simulator/scenarios/final_trial_500.csv,clue_search,01,43,0,44,0,0,0,0,87,44,43,87,0,0,collision_intent:43;state:43;target:1,256,0,completed
140,dcta_parity_v1,topk_filter,aa0724188407797eae5187348bee11ee9f51317c4e8a201863b052786aa2f1df,823213c90703fd83224ad7122ee730ba64af3769ea517af252103bddd907f681,ACBBA,ideal,1.0,19,361,4,0.05,18,,,acbba_topk_5,/home/agxorin/topk_filter_study/simulator/scenarios/final_trial_500.csv,clue_search,02,43,0,44,0,0,0,0,86,43,43,86,0,0,collision_intent:43;state:43,257,0,completed
140,dcta_parity_v1,topk_filter,aa0724188407797eae5187348bee11ee9f51317c4e8a201863b052786aa2f1df,823213c90703fd83224ad7122ee730ba64af3769ea517af252103bddd907f681,ACBBA,ideal,1.0,19,361,4,0.05,18,,,acbba_topk_5,/home/agxorin/topk_filter_study/simulator/scenarios/final_trial_500.csv,clue_search,03,42,0,43,0,0,0,0,84,42,42,84,0,0,collision_intent:42;state:42,258,0,completed
141,dcta_parity_v1,topk_filter,aa0724188407797eae5187348bee11ee9f51317c4e8a201863b052786aa2f1df,823213c90703fd83224ad7122ee730ba64af3769ea517af252103bddd907f681,ACBBA,ideal,1.0,19,361,4,0.05,18,,,acbba_topk_5,/home/agxorin/topk_filter_study/simulator/scenarios/final_trial_500.csv,clue_search,00,22,0,23,0,0,0,0,44,22,22,44,0,0,collision_intent:22;state:22,129,0,completed
141,dcta_parity_v1,topk_filter,aa0724188407797eae5187348bee11ee9f51317c4e8a201863b052786aa2f1df,823213c90703fd83224ad7122ee730ba64af3769ea517af252103bddd907f681,ACBBA,ideal,1.0,19,361,4,0.05,18,,,acbba_topk_5,/home/agxorin/topk_filter_study/simulator/scenarios/final_trial_500.csv,clue_search,01,21,0,22,0,0,0,0,42,21,21,42,0,0,collision_intent:21;state:21,132,0,completed
141,dcta_parity_v1,topk_filter,aa0724188407797eae5187348bee11ee9f51317c4e8a201863b052786aa2f1df,823213c90703fd83224ad7122ee730ba64af3769ea517af252103bddd907f681,ACBBA,ideal,1.0,19,361,4,0.05,18,,,acbba_topk_5,/home/agxorin/topk_filter_study/simulator/scenarios/final_trial_500.csv,clue_search,02,22,0,23,0,0,0,0,44,22,22,44,0,0,collision_intent:22;state:22,131,0,completed
141,dcta_parity_v1,topk_filter,aa0724188407797eae5187348bee11ee9f51317c4e8a201863b052786aa2f1df,823213c90703fd83224ad7122ee730ba64af3769ea517af252103bddd907f681,ACBBA,ideal,1.0,19,361,4,0.05,18,,,acbba_topk_5,/home/agxorin/topk_filter_study/simulator/scenarios/final_trial_500.csv,clue_search,03,22,0,23,0,0,0,0,45,23,22,45,0,0,collision_intent:22;state:22;target:1,130,0,completed
142,dcta_parity_v1,topk_filter,aa0724188407797eae5187348bee11ee9f51317c4e8a201863b052786aa2f1df,823213c90703fd83224ad7122ee730ba64af3769ea517af252103bddd907f681,ACBBA,ideal,1.0,19,361,4,0.05,18,,,acbba_topk_5,/home/agxorin/topk_filter_study/simulator/scenarios/final_trial_500.csv,clue_search,00,71,43,61,11,2,0,0,421,72,349,147,274,365,acbba_entry:274;clue:4;collision_intent:72;state:71,1235,0,completed
142,dcta_parity_v1,topk_filter,aa0724188407797eae5187348bee11ee9f51317c4e8a201863b052786aa2f1df,823213c90703fd83224ad7122ee730ba64af3769ea517af252103bddd907f681,ACBBA,ideal,1.0,19,361,4,0.05,18,,,acbba_topk_5,/home/agxorin/topk_filter_study/simulator/scenarios/final_trial_500.csv,clue_search,01,70,42,68,3,6,1,1,427,72,355,146,281,371,acbba_entry:281;clue:4;collision_intent:71;state:70;target:1,1231,0,completed
142,dcta_parity_v1,topk_filter,aa0724188407797eae5187348bee11ee9f51317c4e8a201863b052786aa2f1df,823213c90703fd83224ad7122ee730ba64af3769ea517af252103bddd907f681,ACBBA,ideal,1.0,19,361,4,0.05,18,,,acbba_topk_5,/home/agxorin/topk_filter_study/simulator/scenarios/final_trial_500.csv,clue_search,02,70,41,64,7,2,0,0,403,70,333,144,259,345,acbba_entry:259;clue:4;collision_intent:70;state:70,1254,0,completed
142,dcta_parity_v1,topk_filter,aa0724188407797eae5187348bee11ee9f51317c4e8a201863b052786aa2f1df,823213c90703fd83224ad7122ee730ba64af3769ea517af252103bddd907f681,ACBBA,ideal,1.0,19,361,4,0.05,18,,,acbba_topk_5,/home/agxorin/topk_filter_study/simulator/scenarios/final_trial_500.csv,clue_search,03,71,43,63,9,1,0,0,407,71,336,146,261,351,acbba_entry:261;clue:4;collision_intent:71;state:71,1249,0,completed
143,dcta_parity_v1,topk_filter,aa0724188407797eae5187348bee11ee9f51317c4e8a201863b052786aa2f1df,823213c90703fd83224ad7122ee730ba64af3769ea517af252103bddd907f681,ACBBA,ideal,1.0,19,361,4,0.05,18,,,acbba_topk_5,/home/agxorin/topk_filter_study/simulator/scenarios/final_trial_500.csv,clue_search,00,85,77,64,22,1,1,1,661,87,574,175,486,645,acbba_entry:486;clue:3;collision_intent:86;state:85;target:1,1977,0,completed
143,dcta_parity_v1,topk_filter,aa0724188407797eae5187348bee11ee9f51317c4e8a201863b052786aa2f1df,823213c90703fd83224ad7122ee730ba64af3769ea517af252103bddd907f681,ACBBA,ideal,1.0,19,361,4,0.05,18,,,acbba_topk_5,/home/agxorin/topk_filter_study/simulator/scenarios/final_trial_500.csv,clue_search,01,83,75,75,9,5,0,0,665,83,582,169,496,649,acbba_entry:496;clue:3;collision_intent:83;state:83,1971,0,completed
143,dcta_parity_v1,topk_filter,aa0724188407797eae5187348bee11ee9f51317c4e8a201863b052786aa2f1df,823213c90703fd83224ad7122ee730ba64af3769ea517af252103bddd907f681,ACBBA,ideal,1.0,19,361,4,0.05,18,,,acbba_topk_5,/home/agxorin/topk_filter_study/simulator/scenarios/final_trial_500.csv,clue_search,02,85,77,64,22,3,0,0,672,85,587,173,499,656,acbba_entry:499;clue:3;collision_intent:85;state:85,1966,0,completed
143,dcta_parity_v1,topk_filter,aa0724188407797eae5187348bee11ee9f51317c4e8a201863b052786aa2f1df,823213c90703fd83224ad7122ee730ba64af3769ea517af252103bddd907f681,ACBBA,ideal,1.0,19,361,4,0.05,18,,,acbba_topk_5,/home/agxorin/topk_filter_study/simulator/scenarios/final_trial_500.csv,clue_search,03,83,76,65,19,7,3,3,640,86,554,172,468,625,acbba_entry:468;clue:3;collision_intent:86;state:83,1997,0,completed
144,dcta_parity_v1,topk_filter,aa0724188407797eae5187348bee11ee9f51317c4e8a201863b052786aa2f1df,823213c90703fd83224ad7122ee730ba64af3769ea517af252103bddd907f681,ACBBA,ideal,1.0,19,361,4,0.05,18,,,acbba_topk_5,/home/agxorin/topk_filter_study/simulator/scenarios/final_trial_500.csv,clue_search,00,33,9,33,1,1,0,0,135,33,102,68,67,87,acbba_entry:67;clue:2;collision_intent:33;state:33,404,0,completed
144,dcta_parity_v1,topk_filter,aa0724188407797eae5187348bee11ee9f51317c4e8a201863b052786aa2f1df,823213c90703fd83224ad7122ee730ba64af3769ea517af252103bddd907f681,ACBBA,ideal,1.0,19,361,4,0.05,18,,,acbba_topk_5,/home/agxorin/topk_filter_study/simulator/scenarios/final_trial_500.csv,clue_search,01,32,8,33,0,3,0,0,133,32,101,66,67,85,acbba_entry:67;clue:2;collision_intent:32;state:32,407,0,completed
144,dcta_parity_v1,topk_filter,aa0724188407797eae5187348bee11ee9f51317c4e8a201863b052786aa2f1df,823213c90703fd83224ad7122ee730ba64af3769ea517af252103bddd907f681,ACBBA,ideal,1.0,19,361,4,0.05,18,,,acbba_topk_5,/home/agxorin/topk_filter_study/simulator/scenarios/final_trial_500.csv,clue_search,02,32,7,33,0,0,0,0,128,32,96,66,62,78,acbba_entry:62;clue:2;collision_intent:32;state:32,412,0,completed
144,dcta_parity_v1,topk_filter,aa0724188407797eae5187348bee11ee9f51317c4e8a201863b052786aa2f1df,823213c90703fd83224ad7122ee730ba64af3769ea517af252103bddd907f681,ACBBA,ideal,1.0,19,361,4,0.05,18,,,acbba_topk_5,/home/agxorin/topk_filter_study/simulator/scenarios/final_trial_500.csv,clue_search,03,33,9,31,3,1,0,0,144,34,110,69,75,96,acbba_entry:75;clue:2;collision_intent:33;state:33;target:1,396,0,completed
145,dcta_parity_v1,topk_filter,aa0724188407797eae5187348bee11ee9f51317c4e8a201863b052786aa2f1df,823213c90703fd83224ad7122ee730ba64af3769ea517af252103bddd907f681,ACBBA,ideal,1.0,19,361,4,0.05,18,,,acbba_topk_5,/home/agxorin/topk_filter_study/simulator/scenarios/final_trial_500.csv,clue_search,00,12,0,13,0,0,0,0,24,12,12,24,0,0,collision_intent:12;state:12,69,0,completed
145,dcta_parity_v1,topk_filter,aa0724188407797eae5187348bee11ee9f51317c4e8a201863b052786aa2f1df,823213c90703fd83224ad7122ee730ba64af3769ea517af252103bddd907f681,ACBBA,ideal,1.0,19,361,4,0.05,18,,,acbba_topk_5,/home/agxorin/topk_filter_study/simulator/scenarios/final_trial_500.csv,clue_search,01,11,0,12,0,0,0,0,22,11,11,22,0,0,collision_intent:11;state:11,73,0,completed
145,dcta_parity_v1,topk_filter,aa0724188407797eae5187348bee11ee9f51317c4e8a201863b052786aa2f1df,823213c90703fd83224ad7122ee730ba64af3769ea517af252103bddd907f681,ACBBA,ideal,1.0,19,361,4,0.05,18,,,acbba_topk_5,/home/agxorin/topk_filter_study/simulator/scenarios/final_trial_500.csv,clue_search,02,12,0,13,0,0,0,0,24,12,12,24,0,0,collision_intent:12;state:12,69,0,completed
145,dcta_parity_v1,topk_filter,aa0724188407797eae5187348bee11ee9f51317c4e8a201863b052786aa2f1df,823213c90703fd83224ad7122ee730ba64af3769ea517af252103bddd907f681,ACBBA,ideal,1.0,19,361,4,0.05,18,,,acbba_topk_5,/home/agxorin/topk_filter_study/simulator/scenarios/final_trial_500.csv,clue_search,03,12,0,13,0,0,0,0,25,13,12,25,0,0,collision_intent:12;state:12;target:1,70,0,completed
146,dcta_parity_v1,topk_filter,aa0724188407797eae5187348bee11ee9f51317c4e8a201863b052786aa2f1df,823213c90703fd83224ad7122ee730ba64af3769ea517af252103bddd907f681,ACBBA,ideal,1.0,19,361,4,0.05,18,,,acbba_topk_5,/home/agxorin/topk_filter_study/simulator/scenarios/final_trial_500.csv,clue_search,00,32,12,32,1,2,0,0,140,32,108,67,73,99,acbba_entry:73;clue:3;collision_intent:32;state:32,461,0,completed
146,dcta_parity_v1,topk_filter,aa0724188407797eae5187348bee11ee9f51317c4e8a201863b052786aa2f1df,823213c90703fd83224ad7122ee730ba64af3769ea517af252103bddd907f681,ACBBA,ideal,1.0,19,361,4,0.05,18,,,acbba_topk_5,/home/agxorin/topk_filter_study/simulator/scenarios/final_trial_500.csv,clue_search,01,32,12,32,1,1,0,0,150,33,117,68,82,110,acbba_entry:82;clue:3;collision_intent:32;state:32;target:1,452,0,completed
146,dcta_parity_v1,topk_filter,aa0724188407797eae5187348bee11ee9f51317c4e8a201863b052786aa2f1df,823213c90703fd83224ad7122ee730ba64af3769ea517af252103bddd907f681,ACBBA,ideal,1.0,19,361,4,0.05,18,,,acbba_topk_5,/home/agxorin/topk_filter_study/simulator/scenarios/final_trial_500.csv,clue_search,02,31,10,32,0,1,0,0,150,31,119,65,85,108,acbba_entry:85;clue:3;collision_intent:31;state:31,451,0,completed
146,dcta_parity_v1,topk_filter,aa0724188407797eae5187348bee11ee9f51317c4e8a201863b052786aa2f1df,823213c90703fd83224ad7122ee730ba64af3769ea517af252103bddd907f681,ACBBA,ideal,1.0,19,361,4,0.05,18,,,acbba_topk_5,/home/agxorin/topk_filter_study/simulator/scenarios/final_trial_500.csv,clue_search,03,32,11,33,0,0,0,0,162,32,130,67,95,120,acbba_entry:95;clue:3;collision_intent:32;state:32,440,0,completed
147,dcta_parity_v1,topk_filter,aa0724188407797eae5187348bee11ee9f51317c4e8a201863b052786aa2f1df,823213c90703fd83224ad7122ee730ba64af3769ea517af252103bddd907f681,ACBBA,ideal,1.0,19,361,4,0.05,18,,,acbba_topk_5,/home/agxorin/topk_filter_study/simulator/scenarios/final_trial_500.csv,clue_search,00,39,23,38,2,0,0,0,248,40,208,81,167,216,acbba_entry:167;clue:2;collision_intent:39;state:39;target:1,780,0,completed
147,dcta_parity_v1,topk_filter,aa0724188407797eae5187348bee11ee9f51317c4e8a201863b052786aa2f1df,823213c90703fd83224ad7122ee730ba64af3769ea517af252103bddd907f681,ACBBA,ideal,1.0,19,361,4,0.05,18,,,acbba_topk_5,/home/agxorin/topk_filter_study/simulator/scenarios/final_trial_500.csv,clue_search,01,37,22,34,4,1,0,0,252,37,215,76,176,222,acbba_entry:176;clue:2;collision_intent:37;state:37,774,0,completed
147,dcta_parity_v1,topk_filter,aa0724188407797eae5187348bee11ee9f51317c4e8a201863b052786aa2f1df,823213c90703fd83224ad7122ee730ba64af3769ea517af252103bddd907f681,ACBBA,ideal,1.0,19,361,4,0.05,18,,,acbba_topk_5,/home/agxorin/topk_filter_study/simulator/scenarios/final_trial_500.csv,clue_search,02,37,21,35,3,2,3,2,264,40,224,79,185,232,acbba_entry:185;clue:2;collision_intent:40;state:37,764,0,completed
147,dcta_parity_v1,topk_filter,aa0724188407797eae5187348bee11ee9f51317c4e8a201863b052786aa2f1df,823213c90703fd83224ad7122ee730ba64af3769ea517af252103bddd907f681,ACBBA,ideal,1.0,19,361,4,0.05,18,,,acbba_topk_5,/home/agxorin/topk_filter_study/simulator/scenarios/final_trial_500.csv,clue_search,03,37,21,35,3,0,0,0,264,37,227,76,188,232,acbba_entry:188;clue:2;collision_intent:37;state:37,763,0,completed
148,dcta_parity_v1,topk_filter,aa0724188407797eae5187348bee11ee9f51317c4e8a201863b052786aa2f1df,823213c90703fd83224ad7122ee730ba64af3769ea517af252103bddd907f681,ACBBA,ideal,1.0,19,361,4,0.05,18,,,acbba_topk_5,/home/agxorin/topk_filter_study/simulator/scenarios/final_trial_500.csv,clue_search,00,13,1,14,0,0,0,0,32,13,19,27,5,8,acbba_entry:5;clue:1;collision_intent:13;state:13,84,0,completed
148,dcta_parity_v1,topk_filter,aa0724188407797eae5187348bee11ee9f51317c4e8a201863b052786aa2f1df,823213c90703fd83224ad7122ee730ba64af3769ea517af252103bddd907f681,ACBBA,ideal,1.0,19,361,4,0.05,18,,,acbba_topk_5,/home/agxorin/topk_filter_study/simulator/scenarios/final_trial_500.csv,clue_search,01,12,0,13,0,0,0,0,29,13,16,26,3,5,acbba_entry:3;clue:1;collision_intent:13;state:12,87,0,completed
148,dcta_parity_v1,topk_filter,aa0724188407797eae5187348bee11ee9f51317c4e8a201863b052786aa2f1df,823213c90703fd83224ad7122ee730ba64af3769ea517af252103bddd907f681,ACBBA,ideal,1.0,19,361,4,0.05,18,,,acbba_topk_5,/home/agxorin/topk_filter_study/simulator/scenarios/final_trial_500.csv,clue_search,02,13,1,14,0,0,0,0,31,14,17,28,3,7,acbba_entry:3;clue:1;collision_intent:13;state:13;target:1,86,0,completed
148,dcta_parity_v1,topk_filter,aa0724188407797eae5187348bee11ee9f51317c4e8a201863b052786aa2f1df,823213c90703fd83224ad7122ee730ba64af3769ea517af252103bddd907f681,ACBBA,ideal,1.0,19,361,4,0.05,18,,,acbba_topk_5,/home/agxorin/topk_filter_study/simulator/scenarios/final_trial_500.csv,clue_search,03,12,0,13,0,0,0,0,25,12,13,25,0,1,clue:1;collision_intent:12;state:12,92,0,completed
149,dcta_parity_v1,topk_filter,aa0724188407797eae5187348bee11ee9f51317c4e8a201863b052786aa2f1df,823213c90703fd83224ad7122ee730ba64af3769ea517af252103bddd907f681,ACBBA,ideal,1.0,19,361,4,0.05,18,,,acbba_topk_5,/home/agxorin/topk_filter_study/simulator/scenarios/final_trial_500.csv,clue_search,00,89,89,79,11,2,0,0,710,90,620,181,529,710,acbba_entry:529;clue:2;collision_intent:89;state:89;target:1,1973,0,completed
149,dcta_parity_v1,topk_filter,aa0724188407797eae5187348bee11ee9f51317c4e8a201863b052786aa2f1df,823213c90703fd83224ad7122ee730ba64af3769ea517af252103bddd907f681,ACBBA,ideal,1.0,19,361,4,0.05,18,,,acbba_topk_5,/home/agxorin/topk_filter_study/simulator/scenarios/final_trial_500.csv,clue_search,01,78,78,39,40,1,21,21,642,100,542,180,462,642,acbba_entry:462;clue:2;collision_intent:100;state:78,2039,0,completed
149,dcta_parity_v1,topk_filter,aa0724188407797eae5187348bee11ee9f51317c4e8a201863b052786aa2f1df,823213c90703fd83224ad7122ee730ba64af3769ea517af252103bddd907f681,ACBBA,ideal,1.0,19,361,4,0.05,18,,,acbba_topk_5,/home/agxorin/topk_filter_study/simulator/scenarios/final_trial_500.csv,clue_search,02,92,92,74,19,5,0,0,673,92,581,186,487,673,acbba_entry:487;clue:2;collision_intent:92;state:92,2009,0,completed
149,dcta_parity_v1,topk_filter,aa0724188407797eae5187348bee11ee9f51317c4e8a201863b052786aa2f1df,823213c90703fd83224ad7122ee730ba64af3769ea517af252103bddd907f681,ACBBA,ideal,1.0,19,361,4,0.05,18,,,acbba_topk_5,/home/agxorin/topk_filter_study/simulator/scenarios/final_trial_500.csv,clue_search,03,77,77,38,40,2,29,29,658,107,551,186,472,658,acbba_entry:472;clue:2;collision_intent:107;state:77,2024,0,completed
150,dcta_parity_v1,topk_filter,aa0724188407797eae5187348bee11ee9f51317c4e8a201863b052786aa2f1df,823213c90703fd83224ad7122ee730ba64af3769ea517af252103bddd907f681,ACBBA,ideal,1.0,19,361,4,0.05,18,,,acbba_topk_5,/home/agxorin/topk_filter_study/simulator/scenarios/final_trial_500.csv,clue_search,00,1,0,2,0,0,0,0,3,2,1,3,0,0,collision_intent:1;state:1;target:1,2,0,completed
150,dcta_parity_v1,topk_filter,aa0724188407797eae5187348bee11ee9f51317c4e8a201863b052786aa2f1df,823213c90703fd83224ad7122ee730ba64af3769ea517af252103bddd907f681,ACBBA,ideal,1.0,19,361,4,0.05,18,,,acbba_topk_5,/home/agxorin/topk_filter_study/simulator/scenarios/final_trial_500.csv,clue_search,01,0,0,1,0,0,0,0,1,1,0,1,0,0,collision_intent:1,3,0,completed
150,dcta_parity_v1,topk_filter,aa0724188407797eae5187348bee11ee9f51317c4e8a201863b052786aa2f1df,823213c90703fd83224ad7122ee730ba64af3769ea517af252103bddd907f681,ACBBA,ideal,1.0,19,361,4,0.05,18,,,acbba_topk_5,/home/agxorin/topk_filter_study/simulator/scenarios/final_trial_500.csv,clue_search,02,0,0,1,0,0,0,0,0,0,0,0,0,0,,3,0,completed
150,dcta_parity_v1,topk_filter,aa0724188407797eae5187348bee11ee9f51317c4e8a201863b052786aa2f1df,823213c90703fd83224ad7122ee730ba64af3769ea517af252103bddd907f681,ACBBA,ideal,1.0,19,361,4,0.05,18,,,acbba_topk_5,/home/agxorin/topk_filter_study/simulator/scenarios/final_trial_500.csv,clue_search,03,0,0,1,0,0,0,0,1,1,0,1,0,0,collision_intent:1,3,0,completed
151,dcta_parity_v1,topk_filter,aa0724188407797eae5187348bee11ee9f51317c4e8a201863b052786aa2f1df,823213c90703fd83224ad7122ee730ba64af3769ea517af252103bddd907f681,ACBBA,ideal,1.0,19,361,4,0.05,18,,,acbba_topk_5,/home/agxorin/topk_filter_study/simulator/scenarios/final_trial_500.csv,clue_search,00,21,11,22,0,0,0,0,107,22,85,46,61,87,acbba_entry:61;clue:3;collision_intent:21;state:21;target:1,343,0,completed
151,dcta_parity_v1,topk_filter,aa0724188407797eae5187348bee11ee9f51317c4e8a201863b052786aa2f1df,823213c90703fd83224ad7122ee730ba64af3769ea517af252103bddd907f681,ACBBA,ideal,1.0,19,361,4,0.05,18,,,acbba_topk_5,/home/agxorin/topk_filter_study/simulator/scenarios/final_trial_500.csv,clue_search,01,20,10,21,0,1,0,0,120,20,100,43,77,100,acbba_entry:77;clue:3;collision_intent:20;state:20,330,0,completed
151,dcta_parity_v1,topk_filter,aa0724188407797eae5187348bee11ee9f51317c4e8a201863b052786aa2f1df,823213c90703fd83224ad7122ee730ba64af3769ea517af252103bddd907f681,ACBBA,ideal,1.0,19,361,4,0.05,18,,,acbba_topk_5,/home/agxorin/topk_filter_study/simulator/scenarios/final_trial_500.csv,clue_search,02,20,10,20,1,0,0,0,116,20,96,43,73,96,acbba_entry:73;clue:3;collision_intent:20;state:20,333,0,completed
151,dcta_parity_v1,topk_filter,aa0724188407797eae5187348bee11ee9f51317c4e8a201863b052786aa2f1df,823213c90703fd83224ad7122ee730ba64af3769ea517af252103bddd907f681,ACBBA,ideal,1.0,19,361,4,0.05,18,,,acbba_topk_5,/home/agxorin/topk_filter_study/simulator/scenarios/final_trial_500.csv,clue_search,03,19,9,18,2,1,1,1,107,20,87,42,65,87,acbba_entry:65;clue:3;collision_intent:20;state:19,342,0,completed
152,dcta_parity_v1,topk_filter,aa0724188407797eae5187348bee11ee9f51317c4e8a201863b052786aa2f1df,823213c90703fd83224ad7122ee730ba64af3769ea517af252103bddd907f681,ACBBA,ideal,1.0,19,361,4,0.05,18,,,acbba_topk_5,/home/agxorin/topk_filter_study/simulator/scenarios/final_trial_500.csv,clue_search,00,25,0,26,0,0,0,0,50,25,25,50,0,0,collision_intent:25;state:25,148,0,completed
152,dcta_parity_v1,topk_filter,aa0724188407797eae5187348bee11ee9f51317c4e8a201863b052786aa2f1df,823213c90703fd83224ad7122ee730ba64af3769ea517af252103bddd907f681,ACBBA,ideal,1.0,19,361,4,0.05,18,,,acbba_topk_5,/home/agxorin/topk_filter_study/simulator/scenarios/final_trial_500.csv,clue_search,01,25,0,26,0,0,0,0,51,26,25,51,0,0,collision_intent:25;state:25;target:1,148,0,completed
152,dcta_parity_v1,topk_filter,aa0724188407797eae5187348bee11ee9f51317c4e8a201863b052786aa2f1df,823213c90703fd83224ad7122ee730ba64af3769ea517af252103bddd907f681,ACBBA,ideal,1.0,19,361,4,0.05,18,,,acbba_topk_5,/home/agxorin/topk_filter_study/simulator/scenarios/final_trial_500.csv,clue_search,02,25,0,26,0,0,0,0,50,25,25,50,0,0,collision_intent:25;state:25,149,0,completed
152,dcta_parity_v1,topk_filter,aa0724188407797eae5187348bee11ee9f51317c4e8a201863b052786aa2f1df,823213c90703fd83224ad7122ee730ba64af3769ea517af252103bddd907f681,ACBBA,ideal,1.0,19,361,4,0.05,18,,,acbba_topk_5,/home/agxorin/topk_filter_study/simulator/scenarios/final_trial_500.csv,clue_search,03,24,0,25,0,0,0,0,48,24,24,48,0,0,collision_intent:24;state:24,150,0,completed
153,dcta_parity_v1,topk_filter,aa0724188407797eae5187348bee11ee9f51317c4e8a201863b052786aa2f1df,823213c90703fd83224ad7122ee730ba64af3769ea517af252103bddd907f681,ACBBA,ideal,1.0,19,361,4,0.05,18,,,acbba_topk_5,/home/agxorin/topk_filter_study/simulator/scenarios/final_trial_500.csv,clue_search,00,73,38,65,9,2,0,0,444,74,370,149,295,374,acbba_entry:295;clue:2;collision_intent:74;state:73,1362,0,completed
153,dcta_parity_v1,topk_filter,aa0724188407797eae5187348bee11ee9f51317c4e8a201863b052786aa2f1df,823213c90703fd83224ad7122ee730ba64af3769ea517af252103bddd907f681,ACBBA,ideal,1.0,19,361,4,0.05,18,,,acbba_topk_5,/home/agxorin/topk_filter_study/simulator/scenarios/final_trial_500.csv,clue_search,01,73,39,68,6,2,0,0,465,74,391,149,316,397,acbba_entry:316;clue:2;collision_intent:73;state:73;target:1,1342,0,completed
153,dcta_parity_v1,topk_filter,aa0724188407797eae5187348bee11ee9f51317c4e8a201863b052786aa2f1df,823213c90703fd83224ad7122ee730ba64af3769ea517af252103bddd907f681,ACBBA,ideal,1.0,19,361,4,0.05,18,,,acbba_topk_5,/home/agxorin/topk_filter_study/simulator/scenarios/final_trial_500.csv,clue_search,02,72,37,58,15,1,0,0,449,72,377,146,303,379,acbba_entry:303;clue:2;collision_intent:72;state:72,1358,0,completed
153,dcta_parity_v1,topk_filter,aa0724188407797eae5187348bee11ee9f51317c4e8a201863b052786aa2f1df,823213c90703fd83224ad7122ee730ba64af3769ea517af252103bddd907f681,ACBBA,ideal,1.0,19,361,4,0.05,18,,,acbba_topk_5,/home/agxorin/topk_filter_study/simulator/scenarios/final_trial_500.csv,clue_search,03,72,38,62,11,2,0,0,449,72,377,146,303,380,acbba_entry:303;clue:2;collision_intent:72;state:72,1356,0,completed
154,dcta_parity_v1,topk_filter,aa0724188407797eae5187348bee11ee9f51317c4e8a201863b052786aa2f1df,823213c90703fd83224ad7122ee730ba64af3769ea517af252103bddd907f681,ACBBA,ideal,1.0,19,361,4,0.05,18,,,acbba_topk_5,/home/agxorin/topk_filter_study/simulator/scenarios/final_trial_500.csv,clue_search,00,32,2,33,0,1,0,0,77,32,45,65,12,17,acbba_entry:12;clue:1;collision_intent:32;state:32,230,0,completed
154,dcta_parity_v1,topk_filter,aa0724188407797eae5187348bee11ee9f51317c4e8a201863b052786aa2f1df,823213c90703fd83224ad7122ee730ba64af3769ea517af252103bddd907f681,ACBBA,ideal,1.0,19,361,4,0.05,18,,,acbba_topk_5,/home/agxorin/topk_filter_study/simulator/scenarios/final_trial_500.csv,clue_search,01,32,2,33,0,0,0,0,75,33,42,66,9,15,acbba_entry:9;clue:1;collision_intent:32;state:32;target:1,233,0,completed
154,dcta_parity_v1,topk_filter,aa0724188407797eae5187348bee11ee9f51317c4e8a201863b052786aa2f1df,823213c90703fd83224ad7122ee730ba64af3769ea517af252103bddd907f681,ACBBA,ideal,1.0,19,361,4,0.05,18,,,acbba_topk_5,/home/agxorin/topk_filter_study/simulator/scenarios/final_trial_500.csv,clue_search,02,32,2,32,1,1,0,0,80,32,48,65,15,20,acbba_entry:15;clue:1;collision_intent:32;state:32,227,0,completed
154,dcta_parity_v1,topk_filter,aa0724188407797eae5187348bee11ee9f51317c4e8a201863b052786aa2f1df,823213c90703fd83224ad7122ee730ba64af3769ea517af252103bddd907f681,ACBBA,ideal,1.0,19,361,4,0.05,18,,,acbba_topk_5,/home/agxorin/topk_filter_study/simulator/scenarios/final_trial_500.csv,clue_search,03,32,2,33,0,0,0,0,76,32,44,65,11,16,acbba_entry:11;clue:1;collision_intent:32;state:32,230,0,completed
155,dcta_parity_v1,topk_filter,aa0724188407797eae5187348bee11ee9f51317c4e8a201863b052786aa2f1df,823213c90703fd83224ad7122ee730ba64af3769ea517af252103bddd907f681,ACBBA,ideal,1.0,19,361,4,0.05,18,,,acbba_topk_5,/home/agxorin/topk_filter_study/simulator/scenarios/final_trial_500.csv,clue_search,00,2,0,3,0,0,0,0,4,2,2,4,0,0,collision_intent:2;state:2,10,0,completed
155,dcta_parity_v1,topk_filter,aa0724188407797eae5187348bee11ee9f51317c4e8a201863b052786aa2f1df,823213c90703fd83224ad7122ee730ba64af3769ea517af252103bddd907f681,ACBBA,ideal,1.0,19,361,4,0.05,18,,,acbba_topk_5,/home/agxorin/topk_filter_study/simulator/scenarios/final_trial_500.csv,clue_search,01,1,0,2,0,0,0,0,3,2,1,3,0,0,collision_intent:2;state:1,12,0,completed
155,dcta_parity_v1,topk_filter,aa0724188407797eae5187348bee11ee9f51317c4e8a201863b052786aa2f1df,823213c90703fd83224ad7122ee730ba64af3769ea517af252103bddd907f681,ACBBA,ideal,1.0,19,361,4,0.05,18,,,acbba_topk_5,/home/agxorin/topk_filter_study/simulator/scenarios/final_trial_500.csv,clue_search,02,2,0,3,0,0,0,0,4,2,2,4,0,0,collision_intent:2;state:2,12,0,completed
155,dcta_parity_v1,topk_filter,aa0724188407797eae5187348bee11ee9f51317c4e8a201863b052786aa2f1df,823213c90703fd83224ad7122ee730ba64af3769ea517af252103bddd907f681,ACBBA,ideal,1.0,19,361,4,0.05,18,,,acbba_topk_5,/home/agxorin/topk_filter_study/simulator/scenarios/final_trial_500.csv,clue_search,03,2,0,3,0,0,0,0,5,3,2,5,0,0,collision_intent:2;state:2;target:1,11,0,completed
156,dcta_parity_v1,topk_filter,aa0724188407797eae5187348bee11ee9f51317c4e8a201863b052786aa2f1df,823213c90703fd83224ad7122ee730ba64af3769ea517af252103bddd907f681,ACBBA,ideal,1.0,19,361,4,0.05,18,,,acbba_topk_5,/home/agxorin/topk_filter_study/simulator/scenarios/final_trial_500.csv,clue_search,00,64,47,58,7,3,1,1,433,65,368,131,302,398,acbba_entry:302;clue:2;collision_intent:65;state:64,1400,0,completed
156,dcta_parity_v1,topk_filter,aa0724188407797eae5187348bee11ee9f51317c4e8a201863b052786aa2f1df,823213c90703fd83224ad7122ee730ba64af3769ea517af252103bddd907f681,ACBBA,ideal,1.0,19,361,4,0.05,18,,,acbba_topk_5,/home/agxorin/topk_filter_study/simulator/scenarios/final_trial_500.csv,clue_search,01,61,44,55,7,2,2,1,457,64,393,127,330,423,acbba_entry:330;clue:2;collision_intent:64;state:61,1374,0,completed
156,dcta_parity_v1,topk_filter,aa0724188407797eae5187348bee11ee9f51317c4e8a201863b052786aa2f1df,823213c90703fd83224ad7122ee730ba64af3769ea517af252103bddd907f681,ACBBA,ideal,1.0,19,361,4,0.05,18,,,acbba_topk_5,/home/agxorin/topk_filter_study/simulator/scenarios/final_trial_500.csv,clue_search,02,62,44,55,8,1,0,0,461,62,399,126,335,425,acbba_entry:335;clue:2;collision_intent:62;state:62,1371,0,completed
156,dcta_parity_v1,topk_filter,aa0724188407797eae5187348bee11ee9f51317c4e8a201863b052786aa2f1df,823213c90703fd83224ad7122ee730ba64af3769ea517af252103bddd907f681,ACBBA,ideal,1.0,19,361,4,0.05,18,,,acbba_topk_5,/home/agxorin/topk_filter_study/simulator/scenarios/final_trial_500.csv,clue_search,03,62,45,60,3,0,1,1,482,64,418,128,354,448,acbba_entry:354;clue:2;collision_intent:63;state:62;target:1,1351,0,completed
157,dcta_parity_v1,topk_filter,aa0724188407797eae5187348bee11ee9f51317c4e8a201863b052786aa2f1df,823213c90703fd83224ad7122ee730ba64af3769ea517af252103bddd907f681,ACBBA,ideal,1.0,19,361,4,0.05,18,,,acbba_topk_5,/home/agxorin/topk_filter_study/simulator/scenarios/final_trial_500.csv,clue_search,00,9,9,9,1,1,0,0,84,9,75,20,64,84,acbba_entry:64;clue:2;collision_intent:9;state:9,273,0,completed
157,dcta_parity_v1,topk_filter,aa0724188407797eae5187348bee11ee9f51317c4e8a201863b052786aa2f1df,823213c90703fd83224ad7122ee730ba64af3769ea517af252103bddd907f681,ACBBA,ideal,1.0,19,361,4,0.05,18,,,acbba_topk_5,/home/agxorin/topk_filter_study/simulator/scenarios/final_trial_500.csv,clue_search,01,9,9,8,2,2,0,0,84,9,75,20,64,84,acbba_entry:64;clue:2;collision_intent:9;state:9,274,0,completed
157,dcta_parity_v1,topk_filter,aa0724188407797eae5187348bee11ee9f51317c4e8a201863b052786aa2f1df,823213c90703fd83224ad7122ee730ba64af3769ea517af252103bddd907f681,ACBBA,ideal,1.0,19,361,4,0.05,18,,,acbba_topk_5,/home/agxorin/topk_filter_study/simulator/scenarios/final_trial_500.csv,clue_search,02,9,9,10,0,0,0,0,97,9,88,20,77,97,acbba_entry:77;clue:2;collision_intent:9;state:9,259,0,completed
157,dcta_parity_v1,topk_filter,aa0724188407797eae5187348bee11ee9f51317c4e8a201863b052786aa2f1df,823213c90703fd83224ad7122ee730ba64af3769ea517af252103bddd907f681,ACBBA,ideal,1.0,19,361,4,0.05,18,,,acbba_topk_5,/home/agxorin/topk_filter_study/simulator/scenarios/final_trial_500.csv,clue_search,03,9,9,9,1,1,0,0,93,10,83,21,72,93,acbba_entry:72;clue:2;collision_intent:9;state:9;target:1,265,0,completed
158,dcta_parity_v1,topk_filter,aa0724188407797eae5187348bee11ee9f51317c4e8a201863b052786aa2f1df,823213c90703fd83224ad7122ee730ba64af3769ea517af252103bddd907f681,ACBBA,ideal,1.0,19,361,4,0.05,18,,,acbba_topk_5,/home/agxorin/topk_filter_study/simulator/scenarios/final_trial_500.csv,clue_search,00,32,31,29,4,2,1,1,308,34,274,68,240,306,acbba_entry:240;clue:2;collision_intent:33;state:32;target:1,932,0,completed
158,dcta_parity_v1,topk_filter,aa0724188407797eae5187348bee11ee9f51317c4e8a201863b052786aa2f1df,823213c90703fd83224ad7122ee730ba64af3769ea517af252103bddd907f681,ACBBA,ideal,1.0,19,361,4,0.05,18,,,acbba_topk_5,/home/agxorin/topk_filter_study/simulator/scenarios/final_trial_500.csv,clue_search,01,32,32,27,6,4,1,1,313,33,280,67,246,312,acbba_entry:246;clue:2;collision_intent:33;state:32,926,0,completed
158,dcta_parity_v1,topk_filter,aa0724188407797eae5187348bee11ee9f51317c4e8a201863b052786aa2f1df,823213c90703fd83224ad7122ee730ba64af3769ea517af252103bddd907f681,ACBBA,ideal,1.0,19,361,4,0.05,18,,,acbba_topk_5,/home/agxorin/topk_filter_study/simulator/scenarios/final_trial_500.csv,clue_search,02,31,30,28,4,0,0,0,305,31,274,64,241,303,acbba_entry:241;clue:2;collision_intent:31;state:31,933,0,completed
158,dcta_parity_v1,topk_filter,aa0724188407797eae5187348bee11ee9f51317c4e8a201863b052786aa2f1df,823213c90703fd83224ad7122ee730ba64af3769ea517af252103bddd907f681,ACBBA,ideal,1.0,19,361,4,0.05,18,,,acbba_topk_5,/home/agxorin/topk_filter_study/simulator/scenarios/final_trial_500.csv,clue_search,03,30,29,31,0,1,0,0,314,31,283,63,251,312,acbba_entry:251;clue:2;collision_intent:31;state:30,925,0,completed
159,dcta_parity_v1,topk_filter,aa0724188407797eae5187348bee11ee9f51317c4e8a201863b052786aa2f1df,823213c90703fd83224ad7122ee730ba64af3769ea517af252103bddd907f681,ACBBA,ideal,1.0,19,361,4,0.05,18,,,acbba_topk_5,/home/agxorin/topk_filter_study/simulator/scenarios/final_trial_500.csv,clue_search,00,9,0,10,0,0,0,0,18,9,9,18,0,0,collision_intent:9;state:9,53,0,completed
159,dcta_parity_v1,topk_filter,aa0724188407797eae5187348bee11ee9f51317c4e8a201863b052786aa2f1df,823213c90703fd83224ad7122ee730ba64af3769ea517af252103bddd907f681,ACBBA,ideal,1.0,19,361,4,0.05,18,,,acbba_topk_5,/home/agxorin/topk_filter_study/simulator/scenarios/final_trial_500.csv,clue_search,01,9,0,10,0,0,0,0,18,9,9,18,0,0,collision_intent:9;state:9,55,0,completed
159,dcta_parity_v1,topk_filter,aa0724188407797eae5187348bee11ee9f51317c4e8a201863b052786aa2f1df,823213c90703fd83224ad7122ee730ba64af3769ea517af252103bddd907f681,ACBBA,ideal,1.0,19,361,4,0.05,18,,,acbba_topk_5,/home/agxorin/topk_filter_study/simulator/scenarios/final_trial_500.csv,clue_search,02,9,0,10,0,0,0,0,18,9,9,18,0,0,collision_intent:9;state:9,54,0,completed
159,dcta_parity_v1,topk_filter,aa0724188407797eae5187348bee11ee9f51317c4e8a201863b052786aa2f1df,823213c90703fd83224ad7122ee730ba64af3769ea517af252103bddd907f681,ACBBA,ideal,1.0,19,361,4,0.05,18,,,acbba_topk_5,/home/agxorin/topk_filter_study/simulator/scenarios/final_trial_500.csv,clue_search,03,9,0,10,0,0,0,0,19,10,9,19,0,0,collision_intent:9;state:9;target:1,54,0,completed
160,dcta_parity_v1,topk_filter,aa0724188407797eae5187348bee11ee9f51317c4e8a201863b052786aa2f1df,823213c90703fd83224ad7122ee730ba64af3769ea517af252103bddd907f681,ACBBA,ideal,1.0,19,361,4,0.05,18,,,acbba_topk_5,/home/agxorin/topk_filter_study/simulator/scenarios/final_trial_500.csv,clue_search,00,93,66,76,18,5,4,3,617,97,520,193,424,563,acbba_entry:424;clue:3;collision_intent:97;state:93,1873,0,completed
160,dcta_parity_v1,topk_filter,aa0724188407797eae5187348bee11ee9f51317c4e8a201863b052786aa2f1df,823213c90703fd83224ad7122ee730ba64af3769ea517af252103bddd907f681,ACBBA,ideal,1.0,19,361,4,0.05,18,,,acbba_topk_5,/home/agxorin/topk_filter_study/simulator/scenarios/final_trial_500.csv,clue_search,01,94,67,77,18,7,1,1,627,96,531,193,434,573,acbba_entry:434;clue:3;collision_intent:95;state:94;target:1,1864,0,completed
160,dcta_parity_v1,topk_filter,aa0724188407797eae5187348bee11ee9f51317c4e8a201863b052786aa2f1df,823213c90703fd83224ad7122ee730ba64af3769ea517af252103bddd907f681,ACBBA,ideal,1.0,19,361,4,0.05,18,,,acbba_topk_5,/home/agxorin/topk_filter_study/simulator/scenarios/final_trial_500.csv,clue_search,02,91,64,82,10,4,0,0,623,92,531,186,437,569,acbba_entry:437;clue:3;collision_intent:92;state:91,1867,0,completed
160,dcta_parity_v1,topk_filter,aa0724188407797eae5187348bee11ee9f51317c4e8a201863b052786aa2f1df,823213c90703fd83224ad7122ee730ba64af3769ea517af252103bddd907f681,ACBBA,ideal,1.0,19,361,4,0.05,18,,,acbba_topk_5,/home/agxorin/topk_filter_study/simulator/scenarios/final_trial_500.csv,clue_search,03,92,65,78,15,4,2,2,624,94,530,189,435,570,acbba_entry:435;clue:3;collision_intent:94;state:92,1866,0,completed
161,dcta_parity_v1,topk_filter,aa0724188407797eae5187348bee11ee9f51317c4e8a201863b052786aa2f1df,823213c90703fd83224ad7122ee730ba64af3769ea517af252103bddd907f681,ACBBA,ideal,1.0,19,361,4,0.05,18,,,acbba_topk_5,/home/agxorin/topk_filter_study/simulator/scenarios/final_trial_500.csv,clue_search,00,6,0,7,0,0,0,0,12,6,6,12,0,0,collision_intent:6;state:6,36,0,completed
161,dcta_parity_v1,topk_filter,aa0724188407797eae5187348bee11ee9f51317c4e8a201863b052786aa2f1df,823213c90703fd83224ad7122ee730ba64af3769ea517af252103bddd907f681,ACBBA,ideal,1.0,19,361,4,0.05,18,,,acbba_topk_5,/home/agxorin/topk_filter_study/simulator/scenarios/final_trial_500.csv,clue_search,01,6,0,7,0,0,0,0,13,7,6,13,0,0,collision_intent:6;state:6;target:1,36,0,completed
161,dcta_parity_v1,topk_filter,aa0724188407797eae5187348bee11ee9f51317c4e8a201863b052786aa2f1df,823213c90703fd83224ad7122ee730ba64af3769ea517af252103bddd907f681,ACBBA,ideal,1.0,19,361,4,0.05,18,,,acbba_topk_5,/home/agxorin/topk_filter_study/simulator/scenarios/final_trial_500.csv,clue_search,02,6,0,7,0,0,0,0,12,6,6,12,0,0,collision_intent:6;state:6,35,0,completed
161,dcta_parity_v1,topk_filter,aa0724188407797eae5187348bee11ee9f51317c4e8a201863b052786aa2f1df,823213c90703fd83224ad7122ee730ba64af3769ea517af252103bddd907f681,ACBBA,ideal,1.0,19,361,4,0.05,18,,,acbba_topk_5,/home/agxorin/topk_filter_study/simulator/scenarios/final_trial_500.csv,clue_search,03,6,0,7,0,0,0,0,12,6,6,12,0,0,collision_intent:6;state:6,35,0,completed
162,dcta_parity_v1,topk_filter,aa0724188407797eae5187348bee11ee9f51317c4e8a201863b052786aa2f1df,823213c90703fd83224ad7122ee730ba64af3769ea517af252103bddd907f681,ACBBA,ideal,1.0,19,361,4,0.05,18,,,acbba_topk_5,/home/agxorin/topk_filter_study/simulator/scenarios/final_trial_500.csv,clue_search,00,18,16,19,0,4,0,0,142,18,124,38,104,138,acbba_entry:104;clue:2;collision_intent:18;state:18,434,0,completed
162,dcta_parity_v1,topk_filter,aa0724188407797eae5187348bee11ee9f51317c4e8a201863b052786aa2f1df,823213c90703fd83224ad7122ee730ba64af3769ea517af252103bddd907f681,ACBBA,ideal,1.0,19,361,4,0.05,18,,,acbba_topk_5,/home/agxorin/topk_filter_study/simulator/scenarios/final_trial_500.csv,clue_search,01,16,15,12,5,2,0,0,141,16,125,34,107,138,acbba_entry:107;clue:2;collision_intent:16;state:16,434,0,completed
162,dcta_parity_v1,topk_filter,aa0724188407797eae5187348bee11ee9f51317c4e8a201863b052786aa2f1df,823213c90703fd83224ad7122ee730ba64af3769ea517af252103bddd907f681,ACBBA,ideal,1.0,19,361,4,0.05,18,,,acbba_topk_5,/home/agxorin/topk_filter_study/simulator/scenarios/final_trial_500.csv,clue_search,02,17,15,17,1,1,0,0,152,18,134,37,115,148,acbba_entry:115;clue:2;collision_intent:17;state:17;target:1,424,0,completed
162,dcta_parity_v1,topk_filter,aa0724188407797eae5187348bee11ee9f51317c4e8a201863b052786aa2f1df,823213c90703fd83224ad7122ee730ba64af3769ea517af252103bddd907f681,ACBBA,ideal,1.0,19,361,4,0.05,18,,,acbba_topk_5,/home/agxorin/topk_filter_study/simulator/scenarios/final_trial_500.csv,clue_search,03,16,14,13,4,1,1,1,141,17,124,35,106,137,acbba_entry:106;clue:2;collision_intent:17;state:16,434,0,completed
163,dcta_parity_v1,topk_filter,aa0724188407797eae5187348bee11ee9f51317c4e8a201863b052786aa2f1df,823213c90703fd83224ad7122ee730ba64af3769ea517af252103bddd907f681,ACBBA,ideal,1.0,19,361,4,0.05,18,,,acbba_topk_5,/home/agxorin/topk_filter_study/simulator/scenarios/final_trial_500.csv,clue_search,00,72,34,71,2,1,0,0,415,72,343,146,269,339,acbba_entry:269;clue:2;collision_intent:72;state:72,1243,0,completed
163,dcta_parity_v1,topk_filter,aa0724188407797eae5187348bee11ee9f51317c4e8a201863b052786aa2f1df,823213c90703fd83224ad7122ee730ba64af3769ea517af252103bddd907f681,ACBBA,ideal,1.0,19,361,4,0.05,18,,,acbba_topk_5,/home/agxorin/topk_filter_study/simulator/scenarios/final_trial_500.csv,clue_search,01,71,33,72,0,2,0,0,425,72,353,145,280,349,acbba_entry:280;clue:2;collision_intent:71;state:71;target:1,1234,0,completed
163,dcta_parity_v1,topk_filter,aa0724188407797eae5187348bee11ee9f51317c4e8a201863b052786aa2f1df,823213c90703fd83224ad7122ee730ba64af3769ea517af252103bddd907f681,ACBBA,ideal,1.0,19,361,4,0.05,18,,,acbba_topk_5,/home/agxorin/topk_filter_study/simulator/scenarios/final_trial_500.csv,clue_search,02,72,34,67,6,3,0,0,414,72,342,146,268,338,acbba_entry:268;clue:2;collision_intent:72;state:72,1244,0,completed
163,dcta_parity_v1,topk_filter,aa0724188407797eae5187348bee11ee9f51317c4e8a201863b052786aa2f1df,823213c90703fd83224ad7122ee730ba64af3769ea517af252103bddd907f681,ACBBA,ideal,1.0,19,361,4,0.05,18,,,acbba_topk_5,/home/agxorin/topk_filter_study/simulator/scenarios/final_trial_500.csv,clue_search,03,71,34,55,17,2,3,2,405,75,330,148,257,331,acbba_entry:257;clue:2;collision_intent:75;state:71,1254,0,completed
164,dcta_parity_v1,topk_filter,aa0724188407797eae5187348bee11ee9f51317c4e8a201863b052786aa2f1df,823213c90703fd83224ad7122ee730ba64af3769ea517af252103bddd907f681,ACBBA,ideal,1.0,19,361,4,0.05,18,,,acbba_topk_5,/home/agxorin/topk_filter_study/simulator/scenarios/final_trial_500.csv,clue_search,00,94,72,72,23,0,2,2,697,96,601,193,504,653,acbba_entry:504;clue:3;collision_intent:96;state:94,2194,0,completed
164,dcta_parity_v1,topk_filter,aa0724188407797eae5187348bee11ee9f51317c4e8a201863b052786aa2f1df,823213c90703fd83224ad7122ee730ba64af3769ea517af252103bddd907f681,ACBBA,ideal,1.0,19,361,4,0.05,18,,,acbba_topk_5,/home/agxorin/topk_filter_study/simulator/scenarios/final_trial_500.csv,clue_search,01,95,74,62,34,2,4,4,730,99,631,197,533,688,acbba_entry:533;clue:3;collision_intent:99;state:95,2160,0,completed
164,dcta_parity_v1,topk_filter,aa0724188407797eae5187348bee11ee9f51317c4e8a201863b052786aa2f1df,823213c90703fd83224ad7122ee730ba64af3769ea517af252103bddd907f681,ACBBA,ideal,1.0,19,361,4,0.05,18,,,acbba_topk_5,/home/agxorin/topk_filter_study/simulator/scenarios/final_trial_500.csv,clue_search,02,95,73,78,18,9,4,2,736,101,635,199,537,692,acbba_entry:537;clue:3;collision_intent:100;state:95;target:1,2156,0,completed
164,dcta_parity_v1,topk_filter,aa0724188407797eae5187348bee11ee9f51317c4e8a201863b052786aa2f1df,823213c90703fd83224ad7122ee730ba64af3769ea517af252103bddd907f681,ACBBA,ideal,1.0,19,361,4,0.05,18,,,acbba_topk_5,/home/agxorin/topk_filter_study/simulator/scenarios/final_trial_500.csv,clue_search,03,95,74,68,28,8,2,1,729,97,632,195,534,686,acbba_entry:534;clue:3;collision_intent:97;state:95,2162,0,completed
165,dcta_parity_v1,topk_filter,aa0724188407797eae5187348bee11ee9f51317c4e8a201863b052786aa2f1df,823213c90703fd83224ad7122ee730ba64af3769ea517af252103bddd907f681,ACBBA,ideal,1.0,19,361,4,0.05,18,,,acbba_topk_5,/home/agxorin/topk_filter_study/simulator/scenarios/final_trial_500.csv,clue_search,00,101,77,75,27,4,3,3,749,104,645,207,542,701,acbba_entry:542;clue:2;collision_intent:104;state:101,2235,0,completed
165,dcta_parity_v1,topk_filter,aa0724188407797eae5187348bee11ee9f51317c4e8a201863b052786aa2f1df,823213c90703fd83224ad7122ee730ba64af3769ea517af252103bddd907f681,ACBBA,ideal,1.0,19,361,4,0.05,18,,,acbba_topk_5,/home/agxorin/topk_filter_study/simulator/scenarios/final_trial_500.csv,clue_search,01,101,77,84,18,4,2,2,778,104,674,207,571,730,acbba_entry:571;clue:2;collision_intent:103;state:101;target:1,2206,0,completed
165,dcta_parity_v1,topk_filter,aa0724188407797eae5187348bee11ee9f51317c4e8a201863b052786aa2f1df,823213c90703fd83224ad7122ee730ba64af3769ea517af252103bddd907f681,ACBBA,ideal,1.0,19,361,4,0.05,18,,,acbba_topk_5,/home/agxorin/topk_filter_study/simulator/scenarios/final_trial_500.csv,clue_search,02,103,79,80,24,4,1,1,716,104,612,209,507,668,acbba_entry:507;clue:2;collision_intent:104;state:103,2266,0,completed
165,dcta_parity_v1,topk_filter,aa0724188407797eae5187348bee11ee9f51317c4e8a201863b052786aa2f1df,823213c90703fd83224ad7122ee730ba64af3769ea517af252103bddd907f681,ACBBA,ideal,1.0,19,361,4,0.05,18,,,acbba_topk_5,/home/agxorin/topk_filter_study/simulator/scenarios/final_trial_500.csv,clue_search,03,99,75,93,7,3,1,1,741,101,640,202,539,693,acbba_entry:539;clue:2;collision_intent:101;state:99,2241,0,completed
166,dcta_parity_v1,topk_filter,aa0724188407797eae5187348bee11ee9f51317c4e8a201863b052786aa2f1df,823213c90703fd83224ad7122ee730ba64af3769ea517af252103bddd907f681,ACBBA,ideal,1.0,19,361,4,0.05,18,,,acbba_topk_5,/home/agxorin/topk_filter_study/simulator/scenarios/final_trial_500.csv,clue_search,00,91,84,76,16,5,3,3,818,95,723,190,628,804,acbba_entry:628;clue:4;collision_intent:94;state:91;target:1,2393,0,completed
166,dcta_parity_v1,topk_filter,aa0724188407797eae5187348bee11ee9f51317c4e8a201863b052786aa2f1df,823213c90703fd83224ad7122ee730ba64af3769ea517af252103bddd907f681,ACBBA,ideal,1.0,19,361,4,0.05,18,,,acbba_topk_5,/home/agxorin/topk_filter_study/simulator/scenarios/final_trial_500.csv,clue_search,01,90,84,78,13,3,0,0,814,90,724,184,630,802,acbba_entry:630;clue:4;collision_intent:90;state:90,2396,0,completed
166,dcta_parity_v1,topk_filter,aa0724188407797eae5187348bee11ee9f51317c4e8a201863b052786aa2f1df,823213c90703fd83224ad7122ee730ba64af3769ea517af252103bddd907f681,ACBBA,ideal,1.0,19,361,4,0.05,18,,,acbba_topk_5,/home/agxorin/topk_filter_study/simulator/scenarios/final_trial_500.csv,clue_search,02,89,82,82,8,4,0,0,788,89,699,182,606,774,acbba_entry:606;clue:4;collision_intent:89;state:89,2422,0,completed
166,dcta_parity_v1,topk_filter,aa0724188407797eae5187348bee11ee9f51317c4e8a201863b052786aa2f1df,823213c90703fd83224ad7122ee730ba64af3769ea517af252103bddd907f681,ACBBA,ideal,1.0,19,361,4,0.05,18,,,acbba_topk_5,/home/agxorin/topk_filter_study/simulator/scenarios/final_trial_500.csv,clue_search,03,90,84,73,18,11,1,1,791,91,700,185,606,779,acbba_entry:606;clue:4;collision_intent:91;state:90,2420,0,completed
167,dcta_parity_v1,topk_filter,aa0724188407797eae5187348bee11ee9f51317c4e8a201863b052786aa2f1df,823213c90703fd83224ad7122ee730ba64af3769ea517af252103bddd907f681,ACBBA,ideal,1.0,19,361,4,0.05,18,,,acbba_topk_5,/home/agxorin/topk_filter_study/simulator/scenarios/final_trial_500.csv,clue_search,00,42,35,32,11,2,0,0,340,42,298,86,254,326,acbba_entry:254;clue:2;collision_intent:42;state:42,1037,0,completed
167,dcta_parity_v1,topk_filter,aa0724188407797eae5187348bee11ee9f51317c4e8a201863b052786aa2f1df,823213c90703fd83224ad7122ee730ba64af3769ea517af252103bddd907f681,ACBBA,ideal,1.0,19,361,4,0.05,18,,,acbba_topk_5,/home/agxorin/topk_filter_study/simulator/scenarios/final_trial_500.csv,clue_search,01,41,35,35,7,1,1,1,349,43,306,86,263,337,acbba_entry:263;clue:2;collision_intent:43;state:41,1028,0,completed
167,dcta_parity_v1,topk_filter,aa0724188407797eae5187348bee11ee9f51317c4e8a201863b052786aa2f1df,823213c90703fd83224ad7122ee730ba64af3769ea517af252103bddd907f681,ACBBA,ideal,1.0,19,361,4,0.05,18,,,acbba_topk_5,/home/agxorin/topk_filter_study/simulator/scenarios/final_trial_500.csv,clue_search,02,44,37,28,17,1,2,2,342,47,295,93,249,328,acbba_entry:249;clue:2;collision_intent:46;state:44;target:1,1036,0,completed
167,dcta_parity_v1,topk_filter,aa0724188407797eae5187348bee11ee9f51317c4e8a201863b052786aa2f1df,823213c90703fd83224ad7122ee730ba64af3769ea517af252103bddd907f681,ACBBA,ideal,1.0,19,361,4,0.05,18,,,acbba_topk_5,/home/agxorin/topk_filter_study/simulator/scenarios/final_trial_500.csv,clue_search,03,43,37,44,0,4,0,0,347,43,304,88,259,335,acbba_entry:259;clue:2;collision_intent:43;state:43,1030,0,completed
168,dcta_parity_v1,topk_filter,aa0724188407797eae5187348bee11ee9f51317c4e8a201863b052786aa2f1df,823213c90703fd83224ad7122ee730ba64af3769ea517af252103bddd907f681,ACBBA,ideal,1.0,19,361,4,0.05,18,,,acbba_topk_5,/home/agxorin/topk_filter_study/simulator/scenarios/final_trial_500.csv,clue_search,00,32,30,33,0,1,0,0,273,33,240,67,206,268,acbba_entry:206;clue:2;collision_intent:32;state:32;target:1,857,0,completed
168,dcta_parity_v1,topk_filter,aa0724188407797eae5187348bee11ee9f51317c4e8a201863b052786aa2f1df,823213c90703fd83224ad7122ee730ba64af3769ea517af252103bddd907f681,ACBBA,ideal,1.0,19,361,4,0.05,18,,,acbba_topk_5,/home/agxorin/topk_filter_study/simulator/scenarios/final_trial_500.csv,clue_search,01,31,29,23,9,1,1,1,293,32,261,65,228,289,acbba_entry:228;clue:2;collision_intent:32;state:31,836,0,completed
168,dcta_parity_v1,topk_filter,aa0724188407797eae5187348bee11ee9f51317c4e8a201863b052786aa2f1df,823213c90703fd83224ad7122ee730ba64af3769ea517af252103bddd907f681,ACBBA,ideal,1.0,19,361,4,0.05,18,,,acbba_topk_5,/home/agxorin/topk_filter_study/simulator/scenarios/final_trial_500.csv,clue_search,02,30,27,31,0,1,0,0,283,30,253,62,221,277,acbba_entry:221;clue:2;collision_intent:30;state:30,846,0,completed
168,dcta_parity_v1,topk_filter,aa0724188407797eae5187348bee11ee9f51317c4e8a201863b052786aa2f1df,823213c90703fd83224ad7122ee730ba64af3769ea517af252103bddd907f681,ACBBA,ideal,1.0,19,361,4,0.05,18,,,acbba_topk_5,/home/agxorin/topk_filter_study/simulator/scenarios/final_trial_500.csv,clue_search,03,30,28,29,2,0,0,0,281,30,251,62,219,277,acbba_entry:219;clue:2;collision_intent:30;state:30,849,0,completed
169,dcta_parity_v1,topk_filter,aa0724188407797eae5187348bee11ee9f51317c4e8a201863b052786aa2f1df,823213c90703fd83224ad7122ee730ba64af3769ea517af252103bddd907f681,ACBBA,ideal,1.0,19,361,4,0.05,18,,,acbba_topk_5,/home/agxorin/topk_filter_study/simulator/scenarios/final_trial_500.csv,clue_search,00,49,49,38,12,1,1,1,507,51,456,103,404,507,acbba_entry:404;clue:3;collision_intent:50;state:49;target:1,1525,0,completed
169,dcta_parity_v1,topk_filter,aa0724188407797eae5187348bee11ee9f51317c4e8a201863b052786aa2f1df,823213c90703fd83224ad7122ee730ba64af3769ea517af252103bddd907f681,ACBBA,ideal,1.0,19,361,4,0.05,18,,,acbba_topk_5,/home/agxorin/topk_filter_study/simulator/scenarios/final_trial_500.csv,clue_search,01,49,49,45,5,3,1,1,508,50,458,102,406,508,acbba_entry:406;clue:3;collision_intent:50;state:49,1522,0,completed
169,dcta_parity_v1,topk_filter,aa0724188407797eae5187348bee11ee9f51317c4e8a201863b052786aa2f1df,823213c90703fd83224ad7122ee730ba64af3769ea517af252103bddd907f681,ACBBA,ideal,1.0,19,361,4,0.05,18,,,acbba_topk_5,/home/agxorin/topk_filter_study/simulator/scenarios/final_trial_500.csv,clue_search,02,48,48,42,7,2,3,1,511,52,459,103,408,511,acbba_entry:408;clue:3;collision_intent:52;state:48,1520,0,completed
169,dcta_parity_v1,topk_filter,aa0724188407797eae5187348bee11ee9f51317c4e8a201863b052786aa2f1df,823213c90703fd83224ad7122ee730ba64af3769ea517af252103bddd907f681,ACBBA,ideal,1.0,19,361,4,0.05,18,,,acbba_topk_5,/home/agxorin/topk_filter_study/simulator/scenarios/final_trial_500.csv,clue_search,03,48,48,45,4,6,6,4,506,54,452,105,401,506,acbba_entry:401;clue:3;collision_intent:54;state:48,1526,0,completed
170,dcta_parity_v1,topk_filter,aa0724188407797eae5187348bee11ee9f51317c4e8a201863b052786aa2f1df,823213c90703fd83224ad7122ee730ba64af3769ea517af252103bddd907f681,ACBBA,ideal,1.0,19,361,4,0.05,18,,,acbba_topk_5,/home/agxorin/topk_filter_study/simulator/scenarios/final_trial_500.csv,clue_search,00,24,2,25,0,1,0,0,60,24,36,49,11,16,acbba_entry:11;clue:1;collision_intent:24;state:24,172,0,completed
170,dcta_parity_v1,topk_filter,aa0724188407797eae5187348bee11ee9f51317c4e8a201863b052786aa2f1df,823213c90703fd83224ad7122ee730ba64af3769ea517af252103bddd907f681,ACBBA,ideal,1.0,19,361,4,0.05,18,,,acbba_topk_5,/home/agxorin/topk_filter_study/simulator/scenarios/final_trial_500.csv,clue_search,01,23,2,24,0,0,0,0,55,24,31,48,7,13,acbba_entry:7;clue:1;collision_intent:24;state:23,177,0,completed
170,dcta_parity_v1,topk_filter,aa0724188407797eae5187348bee11ee9f51317c4e8a201863b052786aa2f1df,823213c90703fd83224ad7122ee730ba64af3769ea517af252103bddd907f681,ACBBA,ideal,1.0,19,361,4,0.05,18,,,acbba_topk_5,/home/agxorin/topk_filter_study/simulator/scenarios/final_trial_500.csv,clue_search,02,24,2,25,0,0,0,0,63,25,38,50,13,19,acbba_entry:13;clue:1;collision_intent:24;state:24;target:1,170,0,completed
170,dcta_parity_v1,topk_filter,aa0724188407797eae5187348bee11ee9f51317c4e8a201863b052786aa2f1df,823213c90703fd83224ad7122ee730ba64af3769ea517af252103bddd907f681,ACBBA,ideal,1.0,19,361,4,0.05,18,,,acbba_topk_5,/home/agxorin/topk_filter_study/simulator/scenarios/final_trial_500.csv,clue_search,03,23,2,24,0,0,0,0,55,23,32,47,8,13,acbba_entry:8;clue:1;collision_intent:23;state:23,176,0,completed
171,dcta_parity_v1,topk_filter,aa0724188407797eae5187348bee11ee9f51317c4e8a201863b052786aa2f1df,823213c90703fd83224ad7122ee730ba64af3769ea517af252103bddd907f681,ACBBA,ideal,1.0,19,361,4,0.05,18,,,acbba_topk_5,/home/agxorin/topk_filter_study/simulator/scenarios/final_trial_500.csv,clue_search,00,47,36,46,2,0,0,0,345,47,298,97,248,323,acbba_entry:248;clue:3;collision_intent:47;state:47,1032,0,completed
171,dcta_parity_v1,topk_filter,aa0724188407797eae5187348bee11ee9f51317c4e8a201863b052786aa2f1df,823213c90703fd83224ad7122ee730ba64af3769ea517af252103bddd907f681,ACBBA,ideal,1.0,19,361,4,0.05,18,,,acbba_topk_5,/home/agxorin/topk_filter_study/simulator/scenarios/final_trial_500.csv,clue_search,01,45,34,43,3,1,0,0,364,46,318,94,270,342,acbba_entry:270;clue:3;collision_intent:45;state:45;target:1,1015,0,completed
171,dcta_parity_v1,topk_filter,aa0724188407797eae5187348bee11ee9f51317c4e8a201863b052786aa2f1df,823213c90703fd83224ad7122ee730ba64af3769ea517af252103bddd907f681,ACBBA,ideal,1.0,19,361,4,0.05,18,,,acbba_topk_5,/home/agxorin/topk_filter_study/simulator/scenarios/final_trial_500.csv,clue_search,02,45,34,42,4,1,2,2,343,47,296,95,248,321,acbba_entry:248;clue:3;collision_intent:47;state:45,1036,0,completed
171,dcta_parity_v1,topk_filter,aa0724188407797eae5187348bee11ee9f51317c4e8a201863b052786aa2f1df,823213c90703fd83224ad7122ee730ba64af3769ea517af252103bddd907f681,ACBBA,ideal,1.0,19,361,4,0.05,18,,,acbba_topk_5,/home/agxorin/topk_filter_study/simulator/scenarios/final_trial_500.csv,clue_search,03,46,35,40,7,2,1,1,327,47,280,96,231,305,acbba_entry:231;clue:3;collision_intent:47;state:46,1050,0,completed
172,dcta_parity_v1,topk_filter,aa0724188407797eae5187348bee11ee9f51317c4e8a201863b052786aa2f1df,823213c90703fd83224ad7122ee730ba64af3769ea517af252103bddd907f681,ACBBA,ideal,1.0,19,361,4,0.05,18,,,acbba_topk_5,/home/agxorin/topk_filter_study/simulator/scenarios/final_trial_500.csv,clue_search,00,23,20,24,0,0,0,0,183,23,160,47,136,177,acbba_entry:136;clue:1;collision_intent:23;state:23,511,0,completed
172,dcta_parity_v1,topk_filter,aa0724188407797eae5187348bee11ee9f51317c4e8a201863b052786aa2f1df,823213c90703fd83224ad7122ee730ba64af3769ea517af252103bddd907f681,ACBBA,ideal,1.0,19,361,4,0.05,18,,,acbba_topk_5,/home/agxorin/topk_filter_study/simulator/scenarios/final_trial_500.csv,clue_search,01,23,21,17,7,4,2,2,177,25,152,49,128,173,acbba_entry:128;clue:1;collision_intent:25;state:23,515,0,completed
172,dcta_parity_v1,topk_filter,aa0724188407797eae5187348bee11ee9f51317c4e8a201863b052786aa2f1df,823213c90703fd83224ad7122ee730ba64af3769ea517af252103bddd907f681,ACBBA,ideal,1.0,19,361,4,0.05,18,,,acbba_topk_5,/home/agxorin/topk_filter_study/simulator/scenarios/final_trial_500.csv,clue_search,02,23,21,24,0,1,0,0,166,23,143,47,119,161,acbba_entry:119;clue:1;collision_intent:23;state:23,527,0,completed
172,dcta_parity_v1,topk_filter,aa0724188407797eae5187348bee11ee9f51317c4e8a201863b052786aa2f1df,823213c90703fd83224ad7122ee730ba64af3769ea517af252103bddd907f681,ACBBA,ideal,1.0,19,361,4,0.05,18,,,acbba_topk_5,/home/agxorin/topk_filter_study/simulator/scenarios/final_trial_500.csv,clue_search,03,25,23,17,9,1,0,0,168,26,142,52,116,164,acbba_entry:116;clue:1;collision_intent:25;state:25;target:1,526,0,completed
173,dcta_parity_v1,topk_filter,aa0724188407797eae5187348bee11ee9f51317c4e8a201863b052786aa2f1df,823213c90703fd83224ad7122ee730ba64af3769ea517af252103bddd907f681,ACBBA,ideal,1.0,19,361,4,0.05,18,,,acbba_topk_5,/home/agxorin/topk_filter_study/simulator/scenarios/final_trial_500.csv,clue_search,00,37,0,38,0,0,0,0,75,38,37,75,0,0,collision_intent:38;state:37,221,0,completed
173,dcta_parity_v1,topk_filter,aa0724188407797eae5187348bee11ee9f51317c4e8a201863b052786aa2f1df,823213c90703fd83224ad7122ee730ba64af3769ea517af252103bddd907f681,ACBBA,ideal,1.0,19,361,4,0.05,18,,,acbba_topk_5,/home/agxorin/topk_filter_study/simulator/scenarios/final_trial_500.csv,clue_search,01,37,0,38,0,0,0,0,75,38,37,75,0,0,collision_intent:37;state:37;target:1,223,0,completed
173,dcta_parity_v1,topk_filter,aa0724188407797eae5187348bee11ee9f51317c4e8a201863b052786aa2f1df,823213c90703fd83224ad7122ee730ba64af3769ea517af252103bddd907f681,ACBBA,ideal,1.0,19,361,4,0.05,18,,,acbba_topk_5,/home/agxorin/topk_filter_study/simulator/scenarios/final_trial_500.csv,clue_search,02,37,0,38,0,0,0,0,74,37,37,74,0,0,collision_intent:37;state:37,223,0,completed
173,dcta_parity_v1,topk_filter,aa0724188407797eae5187348bee11ee9f51317c4e8a201863b052786aa2f1df,823213c90703fd83224ad7122ee730ba64af3769ea517af252103bddd907f681,ACBBA,ideal,1.0,19,361,4,0.05,18,,,acbba_topk_5,/home/agxorin/topk_filter_study/simulator/scenarios/final_trial_500.csv,clue_search,03,37,0,38,0,0,0,0,74,37,37,74,0,0,collision_intent:37;state:37,223,0,completed
174,dcta_parity_v1,topk_filter,aa0724188407797eae5187348bee11ee9f51317c4e8a201863b052786aa2f1df,823213c90703fd83224ad7122ee730ba64af3769ea517af252103bddd907f681,ACBBA,ideal,1.0,19,361,4,0.05,18,,,acbba_topk_5,/home/agxorin/topk_filter_study/simulator/scenarios/final_trial_500.csv,clue_search,00,15,6,16,0,0,0,0,74,15,59,31,43,56,acbba_entry:43;clue:1;collision_intent:15;state:15,229,0,completed
174,dcta_parity_v1,topk_filter,aa0724188407797eae5187348bee11ee9f51317c4e8a201863b052786aa2f1df,823213c90703fd83224ad7122ee730ba64af3769ea517af252103bddd907f681,ACBBA,ideal,1.0,19,361,4,0.05,18,,,acbba_topk_5,/home/agxorin/topk_filter_study/simulator/scenarios/final_trial_500.csv,clue_search,01,15,7,16,0,1,0,0,67,15,52,31,36,51,acbba_entry:36;clue:1;collision_intent:15;state:15,235,0,completed
174,dcta_parity_v1,topk_filter,aa0724188407797eae5187348bee11ee9f51317c4e8a201863b052786aa2f1df,823213c90703fd83224ad7122ee730ba64af3769ea517af252103bddd907f681,ACBBA,ideal,1.0,19,361,4,0.05,18,,,acbba_topk_5,/home/agxorin/topk_filter_study/simulator/scenarios/final_trial_500.csv,clue_search,02,15,7,16,0,3,0,0,78,15,63,31,47,62,acbba_entry:47;clue:1;collision_intent:15;state:15,224,0,completed
174,dcta_parity_v1,topk_filter,aa0724188407797eae5187348bee11ee9f51317c4e8a201863b052786aa2f1df,823213c90703fd83224ad7122ee730ba64af3769ea517af252103bddd907f681,ACBBA,ideal,1.0,19,361,4,0.05,18,,,acbba_topk_5,/home/agxorin/topk_filter_study/simulator/scenarios/final_trial_500.csv,clue_search,03,16,8,17,0,4,0,0,85,17,68,34,51,69,acbba_entry:51;clue:1;collision_intent:16;state:16;target:1,219,0,completed
175,dcta_parity_v1,topk_filter,aa0724188407797eae5187348bee11ee9f51317c4e8a201863b052786aa2f1df,823213c90703fd83224ad7122ee730ba64af3769ea517af252103bddd907f681,ACBBA,ideal,1.0,19,361,4,0.05,18,,,acbba_topk_5,/home/agxorin/topk_filter_study/simulator/scenarios/final_trial_500.csv,clue_search,00,75,66,53,23,2,4,4,641,80,561,159,482,623,acbba_entry:482;clue:4;collision_intent:79;state:75;target:1,1917,0,completed
175,dcta_parity_v1,topk_filter,aa0724188407797eae5187348bee11ee9f51317c4e8a201863b052786aa2f1df,823213c90703fd83224ad7122ee730ba64af3769ea517af252103bddd907f681,ACBBA,ideal,1.0,19,361,4,0.05,18,,,acbba_topk_5,/home/agxorin/topk_filter_study/simulator/scenarios/final_trial_500.csv,clue_search,01,74,66,61,14,6,2,2,647,76,571,154,493,631,acbba_entry:493;clue:4;collision_intent:76;state:74,1910,0,completed
175,dcta_parity_v1,topk_filter,aa0724188407797eae5187348bee11ee9f51317c4e8a201863b052786aa2f1df,823213c90703fd83224ad7122ee730ba64af3769ea517af252103bddd907f681,ACBBA,ideal,1.0,19,361,4,0.05,18,,,acbba_topk_5,/home/agxorin/topk_filter_study/simulator/scenarios/final_trial_500.csv,clue_search,02,77,68,72,6,3,1,1,645,78,567,159,486,627,acbba_entry:486;clue:4;collision_intent:78;state:77,1911,0,completed
175,dcta_parity_v1,topk_filter,aa0724188407797eae5187348bee11ee9f51317c4e8a201863b052786aa2f1df,823213c90703fd83224ad7122ee730ba64af3769ea517af252103bddd907f681,ACBBA,ideal,1.0,19,361,4,0.05,18,,,acbba_topk_5,/home/agxorin/topk_filter_study/simulator/scenarios/final_trial_500.csv,clue_search,03,77,69,55,23,7,0,0,625,77,548,158,467,609,acbba_entry:467;clue:4;collision_intent:77;state:77,1931,0,completed
176,dcta_parity_v1,topk_filter,aa0724188407797eae5187348bee11ee9f51317c4e8a201863b052786aa2f1df,823213c90703fd83224ad7122ee730ba64af3769ea517af252103bddd907f681,ACBBA,ideal,1.0,19,361,4,0.05,18,,,acbba_topk_5,/home/agxorin/topk_filter_study/simulator/scenarios/final_trial_500.csv,clue_search,00,29,0,30,0,0,0,0,59,30,29,59,0,0,collision_intent:29;state:29;target:1,168,0,completed
176,dcta_parity_v1,topk_filter,aa0724188407797eae5187348bee11ee9f51317c4e8a201863b052786aa2f1df,823213c90703fd83224ad7122ee730ba64af3769ea517af252103bddd907f681,ACBBA,ideal,1.0,19,361,4,0.05,18,,,acbba_topk_5,/home/agxorin/topk_filter_study/simulator/scenarios/final_trial_500.csv,clue_search,01,28,0,29,0,0,0,0,56,28,28,56,0,0,collision_intent:28;state:28,171,0,completed
176,dcta_parity_v1,topk_filter,aa0724188407797eae5187348bee11ee9f51317c4e8a201863b052786aa2f1df,823213c90703fd83224ad7122ee730ba64af3769ea517af252103bddd907f681,ACBBA,ideal,1.0,19,361,4,0.05,18,,,acbba_topk_5,/home/agxorin/topk_filter_study/simulator/scenarios/final_trial_500.csv,clue_search,02,28,0,29,0,0,0,0,56,28,28,56,0,0,collision_intent:28;state:28,169,0,completed
176,dcta_parity_v1,topk_filter,aa0724188407797eae5187348bee11ee9f51317c4e8a201863b052786aa2f1df,823213c90703fd83224ad7122ee730ba64af3769ea517af252103bddd907f681,ACBBA,ideal,1.0,19,361,4,0.05,18,,,acbba_topk_5,/home/agxorin/topk_filter_study/simulator/scenarios/final_trial_500.csv,clue_search,03,28,0,29,0,0,0,0,56,28,28,56,0,0,collision_intent:28;state:28,170,0,completed
177,dcta_parity_v1,topk_filter,aa0724188407797eae5187348bee11ee9f51317c4e8a201863b052786aa2f1df,823213c90703fd83224ad7122ee730ba64af3769ea517af252103bddd907f681,ACBBA,ideal,1.0,19,361,4,0.05,18,,,acbba_topk_5,/home/agxorin/topk_filter_study/simulator/scenarios/final_trial_500.csv,clue_search,00,24,4,25,0,1,0,0,75,24,51,49,26,35,acbba_entry:26;clue:1;collision_intent:24;state:24,222,0,completed
177,dcta_parity_v1,topk_filter,aa0724188407797eae5187348bee11ee9f51317c4e8a201863b052786aa2f1df,823213c90703fd83224ad7122ee730ba64af3769ea517af252103bddd907f681,ACBBA,ideal,1.0,19,361,4,0.05,18,,,acbba_topk_5,/home/agxorin/topk_filter_study/simulator/scenarios/final_trial_500.csv,clue_search,01,24,5,25,0,1,0,0,73,24,49,49,24,34,acbba_entry:24;clue:1;collision_intent:24;state:24,225,0,completed
177,dcta_parity_v1,topk_filter,aa0724188407797eae5187348bee11ee9f51317c4e8a201863b052786aa2f1df,823213c90703fd83224ad7122ee730ba64af3769ea517af252103bddd907f681,ACBBA,ideal,1.0,19,361,4,0.05,18,,,acbba_topk_5,/home/agxorin/topk_filter_study/simulator/scenarios/final_trial_500.csv,clue_search,02,24,4,25,0,0,0,0,80,25,55,50,30,40,acbba_entry:30;clue:1;collision_intent:24;state:24;target:1,218,0,completed
177,dcta_parity_v1,topk_filter,aa0724188407797eae5187348bee11ee9f51317c4e8a201863b052786aa2f1df,823213c90703fd83224ad7122ee730ba64af3769ea517af252103bddd907f681,ACBBA,ideal,1.0,19,361,4,0.05,18,,,acbba_topk_5,/home/agxorin/topk_filter_study/simulator/scenarios/final_trial_500.csv,clue_search,03,23,3,23,1,0,2,1,70,25,45,49,21,30,acbba_entry:21;clue:1;collision_intent:25;state:23,228,0,completed
178,dcta_parity_v1,topk_filter,aa0724188407797eae5187348bee11ee9f51317c4e8a201863b052786aa2f1df,823213c90703fd83224ad7122ee730ba64af3769ea517af252103bddd907f681,ACBBA,ideal,1.0,19,361,4,0.05,18,,,acbba_topk_5,/home/agxorin/topk_filter_study/simulator/scenarios/final_trial_500.csv,clue_search,00,17,7,18,0,0,0,0,71,17,54,36,35,51,acbba_entry:35;clue:2;collision_intent:17;state:17,204,0,completed
178,dcta_parity_v1,topk_filter,aa0724188407797eae5187348bee11ee9f51317c4e8a201863b052786aa2f1df,823213c90703fd83224ad7122ee730ba64af3769ea517af252103bddd907f681,ACBBA,ideal,1.0,19,361,4,0.05,18,,,acbba_topk_5,/home/agxorin/topk_filter_study/simulator/scenarios/final_trial_500.csv,clue_search,01,16,7,15,2,0,1,1,59,17,42,35,24,40,acbba_entry:24;clue:2;collision_intent:17;state:16,215,0,completed
178,dcta_parity_v1,topk_filter,aa0724188407797eae5187348bee11ee9f51317c4e8a201863b052786aa2f1df,823213c90703fd83224ad7122ee730ba64af3769ea517af252103bddd907f681,ACBBA,ideal,1.0,19,361,4,0.05,18,,,acbba_topk_5,/home/agxorin/topk_filter_study/simulator/scenarios/final_trial_500.csv,clue_search,02,17,7,18,0,0,0,0,79,18,61,37,42,59,acbba_entry:42;clue:2;collision_intent:17;state:17;target:1,197,0,completed
178,dcta_parity_v1,topk_filter,aa0724188407797eae5187348bee11ee9f51317c4e8a201863b052786aa2f1df,823213c90703fd83224ad7122ee730ba64af3769ea517af252103bddd907f681,ACBBA,ideal,1.0,19,361,4,0.05,18,,,acbba_topk_5,/home/agxorin/topk_filter_study/simulator/scenarios/final_trial_500.csv,clue_search,03,16,6,16,1,0,0,0,67,16,51,34,33,47,acbba_entry:33;clue:2;collision_intent:16;state:16,207,0,completed
179,dcta_parity_v1,topk_filter,aa0724188407797eae5187348bee11ee9f51317c4e8a201863b052786aa2f1df,823213c90703fd83224ad7122ee730ba64af3769ea517af252103bddd907f681,ACBBA,ideal,1.0,19,361,4,0.05,18,,,acbba_topk_5,/home/agxorin/topk_filter_study/simulator/scenarios/final_trial_500.csv,clue_search,00,36,31,37,0,2,0,0,287,37,250,75,212,277,acbba_entry:212;clue:2;collision_intent:37;state:36,857,0,completed
179,dcta_parity_v1,topk_filter,aa0724188407797eae5187348bee11ee9f51317c4e8a201863b052786aa2f1df,823213c90703fd83224ad7122ee730ba64af3769ea517af252103bddd907f681,ACBBA,ideal,1.0,19,361,4,0.05,18,,,acbba_topk_5,/home/agxorin/topk_filter_study/simulator/scenarios/final_trial_500.csv,clue_search,01,36,31,30,7,4,0,0,289,37,252,75,214,279,acbba_entry:214;clue:2;collision_intent:36;state:36;target:1,856,0,completed
179,dcta_parity_v1,topk_filter,aa0724188407797eae5187348bee11ee9f51317c4e8a201863b052786aa2f1df,823213c90703fd83224ad7122ee730ba64af3769ea517af252103bddd907f681,ACBBA,ideal,1.0,19,361,4,0.05,18,,,acbba_topk_5,/home/agxorin/topk_filter_study/simulator/scenarios/final_trial_500.csv,clue_search,02,35,30,25,11,1,0,0,288,35,253,72,216,278,acbba_entry:216;clue:2;collision_intent:35;state:35,855,0,completed
179,dcta_parity_v1,topk_filter,aa0724188407797eae5187348bee11ee9f51317c4e8a201863b052786aa2f1df,823213c90703fd83224ad7122ee730ba64af3769ea517af252103bddd907f681,ACBBA,ideal,1.0,19,361,4,0.05,18,,,acbba_topk_5,/home/agxorin/topk_filter_study/simulator/scenarios/final_trial_500.csv,clue_search,03,35,30,29,7,1,0,0,281,35,246,72,209,271,acbba_entry:209;clue:2;collision_intent:35;state:35,863,0,completed
180,dcta_parity_v1,topk_filter,aa0724188407797eae5187348bee11ee9f51317c4e8a201863b052786aa2f1df,823213c90703fd83224ad7122ee730ba64af3769ea517af252103bddd907f681,ACBBA,ideal,1.0,19,361,4,0.05,18,,,acbba_topk_5,/home/agxorin/topk_filter_study/simulator/scenarios/final_trial_500.csv,clue_search,00,85,39,72,14,5,0,0,384,85,299,172,212,292,acbba_entry:212;clue:2;collision_intent:85;state:85,1161,0,completed
180,dcta_parity_v1,topk_filter,aa0724188407797eae5187348bee11ee9f51317c4e8a201863b052786aa2f1df,823213c90703fd83224ad7122ee730ba64af3769ea517af252103bddd907f681,ACBBA,ideal,1.0,19,361,4,0.05,18,,,acbba_topk_5,/home/agxorin/topk_filter_study/simulator/scenarios/final_trial_500.csv,clue_search,01,83,38,78,6,2,0,0,386,84,302,169,217,296,acbba_entry:217;clue:2;collision_intent:83;state:83;target:1,1159,0,completed
180,dcta_parity_v1,topk_filter,aa0724188407797eae5187348bee11ee9f51317c4e8a201863b052786aa2f1df,823213c90703fd83224ad7122ee730ba64af3769ea517af252103bddd907f681,ACBBA,ideal,1.0,19,361,4,0.05,18,,,acbba_topk_5,/home/agxorin/topk_filter_study/simulator/scenarios/final_trial_500.csv,clue_search,02,83,38,65,19,1,0,0,392,83,309,168,224,302,acbba_entry:224;clue:2;collision_intent:83;state:83,1151,0,completed
180,dcta_parity_v1,topk_filter,aa0724188407797eae5187348bee11ee9f51317c4e8a201863b052786aa2f1df,823213c90703fd83224ad7122ee730ba64af3769ea517af252103bddd907f681,ACBBA,ideal,1.0,19,361,4,0.05,18,,,acbba_topk_5,/home/agxorin/topk_filter_study/simulator/scenarios/final_trial_500.csv,clue_search,03,85,39,63,23,0,0,0,383,85,298,172,211,291,acbba_entry:211;clue:2;collision_intent:85;state:85,1160,0,completed
181,dcta_parity_v1,topk_filter,aa0724188407797eae5187348bee11ee9f51317c4e8a201863b052786aa2f1df,823213c90703fd83224ad7122ee730ba64af3769ea517af252103bddd907f681,ACBBA,ideal,1.0,19,361,4,0.05,18,,,acbba_topk_5,/home/agxorin/topk_filter_study/simulator/scenarios/final_trial_500.csv,clue_search,00,18,14,19,0,0,3,1,151,22,129,43,108,143,acbba_entry:108;clue:3;collision_intent:21;state:18;target:1,402,0,completed
181,dcta_parity_v1,topk_filter,aa0724188407797eae5187348bee11ee9f51317c4e8a201863b052786aa2f1df,823213c90703fd83224ad7122ee730ba64af3769ea517af252103bddd907f681,ACBBA,ideal,1.0,19,361,4,0.05,18,,,acbba_topk_5,/home/agxorin/topk_filter_study/simulator/scenarios/final_trial_500.csv,clue_search,01,17,13,14,4,1,1,1,133,18,115,38,95,125,acbba_entry:95;clue:3;collision_intent:18;state:17,419,0,completed
181,dcta_parity_v1,topk_filter,aa0724188407797eae5187348bee11ee9f51317c4e8a201863b052786aa2f1df,823213c90703fd83224ad7122ee730ba64af3769ea517af252103bddd907f681,ACBBA,ideal,1.0,19,361,4,0.05,18,,,acbba_topk_5,/home/agxorin/topk_filter_study/simulator/scenarios/final_trial_500.csv,clue_search,02,18,14,17,2,2,0,0,135,18,117,39,96,127,acbba_entry:96;clue:3;collision_intent:18;state:18,418,0,completed
181,dcta_parity_v1,topk_filter,aa0724188407797eae5187348bee11ee9f51317c4e8a201863b052786aa2f1df,823213c90703fd83224ad7122ee730ba64af3769ea517af252103bddd907f681,ACBBA,ideal,1.0,19,361,4,0.05,18,,,acbba_topk_5,/home/agxorin/topk_filter_study/simulator/scenarios/final_trial_500.csv,clue_search,03,18,14,18,1,2,0,0,134,18,116,39,95,126,acbba_entry:95;clue:3;collision_intent:18;state:18,418,0,completed
182,dcta_parity_v1,topk_filter,aa0724188407797eae5187348bee11ee9f51317c4e8a201863b052786aa2f1df,823213c90703fd83224ad7122ee730ba64af3769ea517af252103bddd907f681,ACBBA,ideal,1.0,19,361,4,0.05,18,,,acbba_topk_5,/home/agxorin/topk_filter_study/simulator/scenarios/final_trial_500.csv,clue_search,00,46,8,46,1,0,0,0,150,46,104,95,55,74,acbba_entry:55;clue:3;collision_intent:46;state:46,446,0,completed
182,dcta_parity_v1,topk_filter,aa0724188407797eae5187348bee11ee9f51317c4e8a201863b052786aa2f1df,823213c90703fd83224ad7122ee730ba64af3769ea517af252103bddd907f681,ACBBA,ideal,1.0,19,361,4,0.05,18,,,acbba_topk_5,/home/agxorin/topk_filter_study/simulator/scenarios/final_trial_500.csv,clue_search,01,45,8,43,3,1,0,0,146,45,101,93,53,72,acbba_entry:53;clue:3;collision_intent:45;state:45,450,0,completed
182,dcta_parity_v1,topk_filter,aa0724188407797eae5187348bee11ee9f51317c4e8a201863b052786aa2f1df,823213c90703fd83224ad7122ee730ba64af3769ea517af252103bddd907f681,ACBBA,ideal,1.0,19,361,4,0.05,18,,,acbba_topk_5,/home/agxorin/topk_filter_study/simulator/scenarios/final_trial_500.csv,clue_search,02,46,9,44,3,1,0,0,149,46,103,95,54,75,acbba_entry:54;clue:3;collision_intent:46;state:46,447,0,completed
182,dcta_parity_v1,topk_filter,aa0724188407797eae5187348bee11ee9f51317c4e8a201863b052786aa2f1df,823213c90703fd83224ad7122ee730ba64af3769ea517af252103bddd907f681,ACBBA,ideal,1.0,19,361,4,0.05,18,,,acbba_topk_5,/home/agxorin/topk_filter_study/simulator/scenarios/final_trial_500.csv,clue_search,03,46,9,44,3,3,0,0,153,47,106,96,57,79,acbba_entry:57;clue:3;collision_intent:46;state:46;target:1,445,0,completed
183,dcta_parity_v1,topk_filter,aa0724188407797eae5187348bee11ee9f51317c4e8a201863b052786aa2f1df,823213c90703fd83224ad7122ee730ba64af3769ea517af252103bddd907f681,ACBBA,ideal,1.0,19,361,4,0.05,18,,,acbba_topk_5,/home/agxorin/topk_filter_study/simulator/scenarios/final_trial_500.csv,clue_search,00,49,17,50,0,0,0,0,236,49,187,99,137,172,acbba_entry:137;clue:1;collision_intent:49;state:49,701,0,completed
183,dcta_parity_v1,topk_filter,aa0724188407797eae5187348bee11ee9f51317c4e8a201863b052786aa2f1df,823213c90703fd83224ad7122ee730ba64af3769ea517af252103bddd907f681,ACBBA,ideal,1.0,19,361,4,0.05,18,,,acbba_topk_5,/home/agxorin/topk_filter_study/simulator/scenarios/final_trial_500.csv,clue_search,01,50,19,50,1,0,0,0,245,51,194,102,143,183,acbba_entry:143;clue:1;collision_intent:50;state:50;target:1,693,0,completed
183,dcta_parity_v1,topk_filter,aa0724188407797eae5187348bee11ee9f51317c4e8a201863b052786aa2f1df,823213c90703fd83224ad7122ee730ba64af3769ea517af252103bddd907f681,ACBBA,ideal,1.0,19,361,4,0.05,18,,,acbba_topk_5,/home/agxorin/topk_filter_study/simulator/scenarios/final_trial_500.csv,clue_search,02,50,18,47,4,1,0,0,224,50,174,101,123,160,acbba_entry:123;clue:1;collision_intent:50;state:50,712,0,completed
183,dcta_parity_v1,topk_filter,aa0724188407797eae5187348bee11ee9f51317c4e8a201863b052786aa2f1df,823213c90703fd83224ad7122ee730ba64af3769ea517af252103bddd907f681,ACBBA,ideal,1.0,19,361,4,0.05,18,,,acbba_topk_5,/home/agxorin/topk_filter_study/simulator/scenarios/final_trial_500.csv,clue_search,03,50,19,45,6,3,2,2,233,52,181,103,130,171,acbba_entry:130;clue:1;collision_intent:52;state:50,704,0,completed
184,dcta_parity_v1,topk_filter,aa0724188407797eae5187348bee11ee9f51317c4e8a201863b052786aa2f1df,823213c90703fd83224ad7122ee730ba64af3769ea517af252103bddd907f681,ACBBA,ideal,1.0,19,361,4,0.05,18,,,acbba_topk_5,/home/agxorin/topk_filter_study/simulator/scenarios/final_trial_500.csv,clue_search,00,67,63,58,10,2,0,0,601,68,533,138,463,593,acbba_entry:463;clue:3;collision_intent:67;state:67;target:1,1769,0,completed
184,dcta_parity_v1,topk_filter,aa0724188407797eae5187348bee11ee9f51317c4e8a201863b052786aa2f1df,823213c90703fd83224ad7122ee730ba64af3769ea517af252103bddd907f681,ACBBA,ideal,1.0,19,361,4,0.05,18,,,acbba_topk_5,/home/agxorin/topk_filter_study/simulator/scenarios/final_trial_500.csv,clue_search,01,65,61,56,10,6,0,0,600,66,534,134,466,592,acbba_entry:466;clue:3;collision_intent:66;state:65,1769,0,completed
184,dcta_parity_v1,topk_filter,aa0724188407797eae5187348bee11ee9f51317c4e8a201863b052786aa2f1df,823213c90703fd83224ad7122ee730ba64af3769ea517af252103bddd907f681,ACBBA,ideal,1.0,19,361,4,0.05,18,,,acbba_topk_5,/home/agxorin/topk_filter_study/simulator/scenarios/final_trial_500.csv,clue_search,02,65,61,48,18,2,0,0,581,65,516,133,448,573,acbba_entry:448;clue:3;collision_intent:65;state:65,1787,0,completed
184,dcta_parity_v1,topk_filter,aa0724188407797eae5187348bee11ee9f51317c4e8a201863b052786aa2f1df,823213c90703fd83224ad7122ee730ba64af3769ea517af252103bddd907f681,ACBBA,ideal,1.0,19,361,4,0.05,18,,,acbba_topk_5,/home/agxorin/topk_filter_study/simulator/scenarios/final_trial_500.csv,clue_search,03,63,59,63,1,1,0,0,588,63,525,129,459,580,acbba_entry:459;clue:3;collision_intent:63;state:63,1781,0,completed
185,dcta_parity_v1,topk_filter,aa0724188407797eae5187348bee11ee9f51317c4e8a201863b052786aa2f1df,823213c90703fd83224ad7122ee730ba64af3769ea517af252103bddd907f681,ACBBA,ideal,1.0,19,361,4,0.05,18,,,acbba_topk_5,/home/agxorin/topk_filter_study/simulator/scenarios/final_trial_500.csv,clue_search,00,86,81,78,9,0,4,3,782,91,691,181,601,772,acbba_entry:601;clue:4;collision_intent:90;state:86;target:1,2269,0,completed
185,dcta_parity_v1,topk_filter,aa0724188407797eae5187348bee11ee9f51317c4e8a201863b052786aa2f1df,823213c90703fd83224ad7122ee730ba64af3769ea517af252103bddd907f681,ACBBA,ideal,1.0,19,361,4,0.05,18,,,acbba_topk_5,/home/agxorin/topk_filter_study/simulator/scenarios/final_trial_500.csv,clue_search,01,84,79,59,26,2,1,1,748,85,663,173,575,738,acbba_entry:575;clue:4;collision_intent:85;state:84,2302,0,completed
185,dcta_parity_v1,topk_filter,aa0724188407797eae5187348bee11ee9f51317c4e8a201863b052786aa2f1df,823213c90703fd83224ad7122ee730ba64af3769ea517af252103bddd907f681,ACBBA,ideal,1.0,19,361,4,0.05,18,,,acbba_topk_5,/home/agxorin/topk_filter_study/simulator/scenarios/final_trial_500.csv,clue_search,02,86,81,82,5,4,2,2,749,88,661,178,571,739,acbba_entry:571;clue:4;collision_intent:88;state:86,2301,0,completed
185,dcta_parity_v1,topk_filter,aa0724188407797eae5187348bee11ee9f51317c4e8a201863b052786aa2f1df,823213c90703fd83224ad7122ee730ba64af3769ea517af252103bddd907f681,ACBBA,ideal,1.0,19,361,4,0.05,18,,,acbba_topk_5,/home/agxorin/topk_filter_study/simulator/scenarios/final_trial_500.csv,clue_search,03,87,83,64,24,4,0,0,772,87,685,178,594,763,acbba_entry:594;clue:4;collision_intent:87;state:87,2278,0,completed
186,dcta_parity_v1,topk_filter,aa0724188407797eae5187348bee11ee9f51317c4e8a201863b052786aa2f1df,823213c90703fd83224ad7122ee730ba64af3769ea517af252103bddd907f681,ACBBA,ideal,1.0,19,361,4,0.05,18,,,acbba_topk_5,/home/agxorin/topk_filter_study/simulator/scenarios/final_trial_500.csv,clue_search,00,65,61,65,1,1,0,0,627,65,562,133,494,619,acbba_entry:494;clue:3;collision_intent:65;state:65,1866,0,completed
186,dcta_parity_v1,topk_filter,aa0724188407797eae5187348bee11ee9f51317c4e8a201863b052786aa2f1df,823213c90703fd83224ad7122ee730ba64af3769ea517af252103bddd907f681,ACBBA,ideal,1.0,19,361,4,0.05,18,,,acbba_topk_5,/home/agxorin/topk_filter_study/simulator/scenarios/final_trial_500.csv,clue_search,01,64,60,64,1,1,1,1,615,66,549,133,482,607,acbba_entry:482;clue:3;collision_intent:66;state:64,1879,0,completed
186,dcta_parity_v1,topk_filter,aa0724188407797eae5187348bee11ee9f51317c4e8a201863b052786aa2f1df,823213c90703fd83224ad7122ee730ba64af3769ea517af252103bddd907f681,ACBBA,ideal,1.0,19,361,4,0.05,18,,,acbba_topk_5,/home/agxorin/topk_filter_study/simulator/scenarios/final_trial_500.csv,clue_search,02,67,63,56,12,1,0,0,641,68,573,138,503,633,acbba_entry:503;clue:3;collision_intent:67;state:67;target:1,1854,0,completed
186,dcta_parity_v1,topk_filter,aa0724188407797eae5187348bee11ee9f51317c4e8a201863b052786aa2f1df,823213c90703fd83224ad7122ee730ba64af3769ea517af252103bddd907f681,ACBBA,ideal,1.0,19,361,4,0.05,18,,,acbba_topk_5,/home/agxorin/topk_filter_study/simulator/scenarios/final_trial_500.csv,clue_search,03,67,63,51,17,9,2,1,612,69,543,139,473,604,acbba_entry:473;clue:3;collision_intent:69;state:67,1882,0,completed
187,dcta_parity_v1,topk_filter,aa0724188407797eae5187348bee11ee9f51317c4e8a201863b052786aa2f1df,823213c90703fd83224ad7122ee730ba64af3769ea517af252103bddd907f681,ACBBA,ideal,1.0,19,361,4,0.05,18,,,acbba_topk_5,/home/agxorin/topk_filter_study/simulator/scenarios/final_trial_500.csv,clue_search,00,23,0,24,0,0,0,0,47,24,23,47,0,0,collision_intent:23;state:23;target:1,132,0,completed
187,dcta_parity_v1,topk_filter,aa0724188407797eae5187348bee11ee9f51317c4e8a201863b052786aa2f1df,823213c90703fd83224ad7122ee730ba64af3769ea517af252103bddd907f681,ACBBA,ideal,1.0,19,361,4,0.05,18,,,acbba_topk_5,/home/agxorin/topk_filter_study/simulator/scenarios/final_trial_500.csv,clue_search,01,22,0,23,0,0,0,0,44,22,22,44,0,0,collision_intent:22;state:22,133,0,completed
187,dcta_parity_v1,topk_filter,aa0724188407797eae5187348bee11ee9f51317c4e8a201863b052786aa2f1df,823213c90703fd83224ad7122ee730ba64af3769ea517af252103bddd907f681,ACBBA,ideal,1.0,19,361,4,0.05,18,,,acbba_topk_5,/home/agxorin/topk_filter_study/simulator/scenarios/final_trial_500.csv,clue_search,02,22,0,23,0,0,0,0,44,22,22,44,0,0,collision_intent:22;state:22,133,0,completed
187,dcta_parity_v1,topk_filter,aa0724188407797eae5187348bee11ee9f51317c4e8a201863b052786aa2f1df,823213c90703fd83224ad7122ee730ba64af3769ea517af252103bddd907f681,ACBBA,ideal,1.0,19,361,4,0.05,18,,,acbba_topk_5,/home/agxorin/topk_filter_study/simulator/scenarios/final_trial_500.csv,clue_search,03,22,0,23,0,0,0,0,44,22,22,44,0,0,collision_intent:22;state:22,134,0,completed
188,dcta_parity_v1,topk_filter,aa0724188407797eae5187348bee11ee9f51317c4e8a201863b052786aa2f1df,823213c90703fd83224ad7122ee730ba64af3769ea517af252103bddd907f681,ACBBA,ideal,1.0,19,361,4,0.05,18,,,acbba_topk_5,/home/agxorin/topk_filter_study/simulator/scenarios/final_trial_500.csv,clue_search,00,75,73,58,18,4,1,1,660,76,584,154,506,656,acbba_entry:506;clue:3;collision_intent:76;state:75,2042,0,completed
188,dcta_parity_v1,topk_filter,aa0724188407797eae5187348bee11ee9f51317c4e8a201863b052786aa2f1df,823213c90703fd83224ad7122ee730ba64af3769ea517af252103bddd907f681,ACBBA,ideal,1.0,19,361,4,0.05,18,,,acbba_topk_5,/home/agxorin/topk_filter_study/simulator/scenarios/final_trial_500.csv,clue_search,01,75,74,64,12,4,0,0,701,76,625,154,547,698,acbba_entry:547;clue:3;collision_intent:75;state:75;target:1,2002,0,completed
188,dcta_parity_v1,topk_filter,aa0724188407797eae5187348bee11ee9f51317c4e8a201863b052786aa2f1df,823213c90703fd83224ad7122ee730ba64af3769ea517af252103bddd907f681,ACBBA,ideal,1.0,19,361,4,0.05,18,,,acbba_topk_5,/home/agxorin/topk_filter_study/simulator/scenarios/final_trial_500.csv,clue_search,02,74,72,63,12,3,0,0,681,74,607,151,530,677,acbba_entry:530;clue:3;collision_intent:74;state:74,2022,0,completed
188,dcta_parity_v1,topk_filter,aa0724188407797eae5187348bee11ee9f51317c4e8a201863b052786aa2f1df,823213c90703fd83224ad7122ee730ba64af3769ea517af252103bddd907f681,ACBBA,ideal,1.0,19,361,4,0.05,18,,,acbba_topk_5,/home/agxorin/topk_filter_study/simulator/scenarios/final_trial_500.csv,clue_search,03,74,72,71,4,9,1,1,661,75,586,152,509,657,acbba_entry:509;clue:3;collision_intent:75;state:74,2042,0,completed
189,dcta_parity_v1,topk_filter,aa0724188407797eae5187348bee11ee9f51317c4e8a201863b052786aa2f1df,823213c90703fd83224ad7122ee730ba64af3769ea517af252103bddd907f681,ACBBA,ideal,1.0,19,361,4,0.05,18,,,acbba_topk_5,/home/agxorin/topk_filter_study/simulator/scenarios/final_trial_500.csv,clue_search,00,48,12,47,2,0,0,0,182,48,134,97,85,110,acbba_entry:85;clue:1;collision_intent:48;state:48,537,0,completed
189,dcta_parity_v1,topk_filter,aa0724188407797eae5187348bee11ee9f51317c4e8a201863b052786aa2f1df,823213c90703fd83224ad7122ee730ba64af3769ea517af252103bddd907f681,ACBBA,ideal,1.0,19,361,4,0.05,18,,,acbba_topk_5,/home/agxorin/topk_filter_study/simulator/scenarios/final_trial_500.csv,clue_search,01,48,13,48,1,0,2,1,187,51,136,100,87,117,acbba_entry:87;clue:1;collision_intent:50;state:48;target:1,533,0,completed
189,dcta_parity_v1,topk_filter,aa0724188407797eae5187348bee11ee9f51317c4e8a201863b052786aa2f1df,823213c90703fd83224ad7122ee730ba64af3769ea517af252103bddd907f681,ACBBA,ideal,1.0,19,361,4,0.05,18,,,acbba_topk_5,/home/agxorin/topk_filter_study/simulator/scenarios/final_trial_500.csv,clue_search,02,48,13,45,4,2,0,0,173,48,125,97,76,103,acbba_entry:76;clue:1;collision_intent:48;state:48,547,0,completed
189,dcta_parity_v1,topk_filter,aa0724188407797eae5187348bee11ee9f51317c4e8a201863b052786aa2f1df,823213c90703fd83224ad7122ee730ba64af3769ea517af252103bddd907f681,ACBBA,ideal,1.0,19,361,4,0.05,18,,,acbba_topk_5,/home/agxorin/topk_filter_study/simulator/scenarios/final_trial_500.csv,clue_search,03,48,13,44,5,2,0,0,178,48,130,97,81,108,acbba_entry:81;clue:1;collision_intent:48;state:48,541,0,completed
190,dcta_parity_v1,topk_filter,aa0724188407797eae5187348bee11ee9f51317c4e8a201863b052786aa2f1df,823213c90703fd83224ad7122ee730ba64af3769ea517af252103bddd907f681,ACBBA,ideal,1.0,19,361,4,0.05,18,,,acbba_topk_5,/home/agxorin/topk_filter_study/simulator/scenarios/final_trial_500.csv,clue_search,00,34,21,34,1,1,0,0,204,34,170,71,133,178,acbba_entry:133;clue:3;collision_intent:34;state:34,632,0,completed
190,dcta_parity_v1,topk_filter,aa0724188407797eae5187348bee11ee9f51317c4e8a201863b052786aa2f1df,823213c90703fd83224ad7122ee730ba64af3769ea517af252103bddd907f681,ACBBA,ideal,1.0,19,361,4,0.05,18,,,acbba_topk_5,/home/agxorin/topk_filter_study/simulator/scenarios/final_trial_500.csv,clue_search,01,34,22,35,0,1,0,0,214,34,180,71,143,190,acbba_entry:143;clue:3;collision_intent:34;state:34,622,0,completed
190,dcta_parity_v1,topk_filter,aa0724188407797eae5187348bee11ee9f51317c4e8a201863b052786aa2f1df,823213c90703fd83224ad7122ee730ba64af3769ea517af252103bddd907f681,ACBBA,ideal,1.0,19,361,4,0.05,18,,,acbba_topk_5,/home/agxorin/topk_filter_study/simulator/scenarios/final_trial_500.csv,clue_search,02,34,21,35,0,1,0,0,210,35,175,72,138,184,acbba_entry:138;clue:3;collision_intent:34;state:34;target:1,627,0,completed
190,dcta_parity_v1,topk_filter,aa0724188407797eae5187348bee11ee9f51317c4e8a201863b052786aa2f1df,823213c90703fd83224ad7122ee730ba64af3769ea517af252103bddd907f681,ACBBA,ideal,1.0,19,361,4,0.05,18,,,acbba_topk_5,/home/agxorin/topk_filter_study/simulator/scenarios/final_trial_500.csv,clue_search,03,33,21,32,2,1,0,0,209,33,176,69,140,185,acbba_entry:140;clue:3;collision_intent:33;state:33,627,0,completed
191,dcta_parity_v1,topk_filter,aa0724188407797eae5187348bee11ee9f51317c4e8a201863b052786aa2f1df,823213c90703fd83224ad7122ee730ba64af3769ea517af252103bddd907f681,ACBBA,ideal,1.0,19,361,4,0.05,18,,,acbba_topk_5,/home/agxorin/topk_filter_study/simulator/scenarios/final_trial_500.csv,clue_search,00,50,45,40,11,3,1,1,428,52,376,104,324,418,acbba_entry:324;clue:2;collision_intent:52;state:50,1270,0,completed
191,dcta_parity_v1,topk_filter,aa0724188407797eae5187348bee11ee9f51317c4e8a201863b052786aa2f1df,823213c90703fd83224ad7122ee730ba64af3769ea517af252103bddd907f681,ACBBA,ideal,1.0,19,361,4,0.05,18,,,acbba_topk_5,/home/agxorin/topk_filter_study/simulator/scenarios/final_trial_500.csv,clue_search,01,49,44,46,4,1,0,0,427,50,377,101,326,417,acbba_entry:326;clue:2;collision_intent:49;state:49;target:1,1273,0,completed
191,dcta_parity_v1,topk_filter,aa0724188407797eae5187348bee11ee9f51317c4e8a201863b052786aa2f1df,823213c90703fd83224ad7122ee730ba64af3769ea517af252103bddd907f681,ACBBA,ideal,1.0,19,361,4,0.05,18,,,acbba_topk_5,/home/agxorin/topk_filter_study/simulator/scenarios/final_trial_500.csv,clue_search,02,48,42,45,4,5,1,1,429,50,379,100,329,417,acbba_entry:329;clue:2;collision_intent:50;state:48,1269,0,completed
191,dcta_parity_v1,topk_filter,aa0724188407797eae5187348bee11ee9f51317c4e8a201863b052786aa2f1df,823213c90703fd83224ad7122ee730ba64af3769ea517af252103bddd907f681,ACBBA,ideal,1.0,19,361,4,0.05,18,,,acbba_topk_5,/home/agxorin/topk_filter_study/simulator/scenarios/final_trial_500.csv,clue_search,03,49,44,48,2,4,0,0,416,49,367,100,316,406,acbba_entry:316;clue:2;collision_intent:49;state:49,1283,0,completed
192,dcta_parity_v1,topk_filter,aa0724188407797eae5187348bee11ee9f51317c4e8a201863b052786aa2f1df,823213c90703fd83224ad7122ee730ba64af3769ea517af252103bddd907f681,ACBBA,ideal,1.0,19,361,4,0.05,18,,,acbba_topk_5,/home/agxorin/topk_filter_study/simulator/scenarios/final_trial_500.csv,clue_search,00,32,0,33,0,0,0,0,65,33,32,65,0,0,collision_intent:32;state:32;target:1,188,0,completed
192,dcta_parity_v1,topk_filter,aa0724188407797eae5187348bee11ee9f51317c4e8a201863b052786aa2f1df,823213c90703fd83224ad7122ee730ba64af3769ea517af252103bddd907f681,ACBBA,ideal,1.0,19,361,4,0.05,18,,,acbba_topk_5,/home/agxorin/topk_filter_study/simulator/scenarios/final_trial_500.csv,clue_search,01,31,0,32,0,0,0,0,62,31,31,62,0,0,collision_intent:31;state:31,190,0,completed
192,dcta_parity_v1,topk_filter,aa0724188407797eae5187348bee11ee9f51317c4e8a201863b052786aa2f1df,823213c90703fd83224ad7122ee730ba64af3769ea517af252103bddd907f681,ACBBA,ideal,1.0,19,361,4,0.05,18,,,acbba_topk_5,/home/agxorin/topk_filter_study/simulator/scenarios/final_trial_500.csv,clue_search,02,32,0,33,0,0,0,0,64,32,32,64,0,0,collision_intent:32;state:32,188,0,completed
192,dcta_parity_v1,topk_filter,aa0724188407797eae5187348bee11ee9f51317c4e8a201863b052786aa2f1df,823213c90703fd83224ad7122ee730ba64af3769ea517af252103bddd907f681,ACBBA,ideal,1.0,19,361,4,0.05,18,,,acbba_topk_5,/home/agxorin/topk_filter_study/simulator/scenarios/final_trial_500.csv,clue_search,03,31,0,32,0,0,0,0,62,31,31,62,0,0,collision_intent:31;state:31,191,0,completed
193,dcta_parity_v1,topk_filter,aa0724188407797eae5187348bee11ee9f51317c4e8a201863b052786aa2f1df,823213c90703fd83224ad7122ee730ba64af3769ea517af252103bddd907f681,ACBBA,ideal,1.0,19,361,4,0.05,18,,,acbba_topk_5,/home/agxorin/topk_filter_study/simulator/scenarios/final_trial_500.csv,clue_search,00,60,27,56,5,0,0,0,317,60,257,122,195,251,acbba_entry:195;clue:2;collision_intent:60;state:60,970,0,completed
193,dcta_parity_v1,topk_filter,aa0724188407797eae5187348bee11ee9f51317c4e8a201863b052786aa2f1df,823213c90703fd83224ad7122ee730ba64af3769ea517af252103bddd907f681,ACBBA,ideal,1.0,19,361,4,0.05,18,,,acbba_topk_5,/home/agxorin/topk_filter_study/simulator/scenarios/final_trial_500.csv,clue_search,01,59,26,56,4,2,0,0,326,60,266,121,205,260,acbba_entry:205;clue:2;collision_intent:59;state:59;target:1,961,0,completed
193,dcta_parity_v1,topk_filter,aa0724188407797eae5187348bee11ee9f51317c4e8a201863b052786aa2f1df,823213c90703fd83224ad7122ee730ba64af3769ea517af252103bddd907f681,ACBBA,ideal,1.0,19,361,4,0.05,18,,,acbba_topk_5,/home/agxorin/topk_filter_study/simulator/scenarios/final_trial_500.csv,clue_search,02,59,26,56,4,0,0,0,318,59,259,120,198,252,acbba_entry:198;clue:2;collision_intent:59;state:59,967,0,completed
193,dcta_parity_v1,topk_filter,aa0724188407797eae5187348bee11ee9f51317c4e8a201863b052786aa2f1df,823213c90703fd83224ad7122ee730ba64af3769ea517af252103bddd907f681,ACBBA,ideal,1.0,19,361,4,0.05,18,,,acbba_topk_5,/home/agxorin/topk_filter_study/simulator/scenarios/final_trial_500.csv,clue_search,03,59,25,54,6,1,0,0,326,59,267,120,206,258,acbba_entry:206;clue:2;collision_intent:59;state:59,959,0,completed
194,dcta_parity_v1,topk_filter,aa0724188407797eae5187348bee11ee9f51317c4e8a201863b052786aa2f1df,823213c90703fd83224ad7122ee730ba64af3769ea517af252103bddd907f681,ACBBA,ideal,1.0,19,361,4,0.05,18,,,acbba_topk_5,/home/agxorin/topk_filter_study/simulator/scenarios/final_trial_500.csv,clue_search,00,2,0,3,0,0,0,0,4,2,2,4,0,0,collision_intent:2;state:2,12,0,completed
194,dcta_parity_v1,topk_filter,aa0724188407797eae5187348bee11ee9f51317c4e8a201863b052786aa2f1df,823213c90703fd83224ad7122ee730ba64af3769ea517af252103bddd907f681,ACBBA,ideal,1.0,19,361,4,0.05,18,,,acbba_topk_5,/home/agxorin/topk_filter_study/simulator/scenarios/final_trial_500.csv,clue_search,01,1,0,2,0,0,0,0,3,2,1,3,0,0,collision_intent:2;state:1,11,0,completed
194,dcta_parity_v1,topk_filter,aa0724188407797eae5187348bee11ee9f51317c4e8a201863b052786aa2f1df,823213c90703fd83224ad7122ee730ba64af3769ea517af252103bddd907f681,ACBBA,ideal,1.0,19,361,4,0.05,18,,,acbba_topk_5,/home/agxorin/topk_filter_study/simulator/scenarios/final_trial_500.csv,clue_search,02,2,0,3,0,0,0,0,4,2,2,4,0,0,collision_intent:2;state:2,12,0,completed
194,dcta_parity_v1,topk_filter,aa0724188407797eae5187348bee11ee9f51317c4e8a201863b052786aa2f1df,823213c90703fd83224ad7122ee730ba64af3769ea517af252103bddd907f681,ACBBA,ideal,1.0,19,361,4,0.05,18,,,acbba_topk_5,/home/agxorin/topk_filter_study/simulator/scenarios/final_trial_500.csv,clue_search,03,2,0,3,0,0,0,0,5,3,2,5,0,0,collision_intent:2;state:2;target:1,11,0,completed
195,dcta_parity_v1,topk_filter,aa0724188407797eae5187348bee11ee9f51317c4e8a201863b052786aa2f1df,823213c90703fd83224ad7122ee730ba64af3769ea517af252103bddd907f681,ACBBA,ideal,1.0,19,361,4,0.05,18,,,acbba_topk_5,/home/agxorin/topk_filter_study/simulator/scenarios/final_trial_500.csv,clue_search,00,22,13,23,0,0,0,0,148,22,126,45,103,130,acbba_entry:103;clue:1;collision_intent:22;state:22,381,0,completed
195,dcta_parity_v1,topk_filter,aa0724188407797eae5187348bee11ee9f51317c4e8a201863b052786aa2f1df,823213c90703fd83224ad7122ee730ba64af3769ea517af252103bddd907f681,ACBBA,ideal,1.0,19,361,4,0.05,18,,,acbba_topk_5,/home/agxorin/topk_filter_study/simulator/scenarios/final_trial_500.csv,clue_search,01,23,15,24,0,1,0,0,131,24,107,48,83,115,acbba_entry:83;clue:1;collision_intent:23;state:23;target:1,399,0,completed
195,dcta_parity_v1,topk_filter,aa0724188407797eae5187348bee11ee9f51317c4e8a201863b052786aa2f1df,823213c90703fd83224ad7122ee730ba64af3769ea517af252103bddd907f681,ACBBA,ideal,1.0,19,361,4,0.05,18,,,acbba_topk_5,/home/agxorin/topk_filter_study/simulator/scenarios/final_trial_500.csv,clue_search,02,23,14,24,0,0,0,0,131,23,108,47,84,113,acbba_entry:84;clue:1;collision_intent:23;state:23,397,0,completed
195,dcta_parity_v1,topk_filter,aa0724188407797eae5187348bee11ee9f51317c4e8a201863b052786aa2f1df,823213c90703fd83224ad7122ee730ba64af3769ea517af252103bddd907f681,ACBBA,ideal,1.0,19,361,4,0.05,18,,,acbba_topk_5,/home/agxorin/topk_filter_study/simulator/scenarios/final_trial_500.csv,clue_search,03,23,15,24,0,1,0,0,120,23,97,47,73,104,acbba_entry:73;clue:1;collision_intent:23;state:23,408,0,completed
196,dcta_parity_v1,topk_filter,aa0724188407797eae5187348bee11ee9f51317c4e8a201863b052786aa2f1df,823213c90703fd83224ad7122ee730ba64af3769ea517af252103bddd907f681,ACBBA,ideal,1.0,19,361,4,0.05,18,,,acbba_topk_5,/home/agxorin/topk_filter_study/simulator/scenarios/final_trial_500.csv,clue_search,00,59,45,52,8,5,1,1,450,61,389,124,326,422,acbba_entry:326;clue:4;collision_intent:61;state:59,1354,0,completed
196,dcta_parity_v1,topk_filter,aa0724188407797eae5187348bee11ee9f51317c4e8a201863b052786aa2f1df,823213c90703fd83224ad7122ee730ba64af3769ea517af252103bddd907f681,ACBBA,ideal,1.0,19,361,4,0.05,18,,,acbba_topk_5,/home/agxorin/topk_filter_study/simulator/scenarios/final_trial_500.csv,clue_search,01,58,45,52,7,1,2,1,467,61,406,123,344,441,acbba_entry:344;clue:4;collision_intent:60;state:58;target:1,1338,0,completed
196,dcta_parity_v1,topk_filter,aa0724188407797eae5187348bee11ee9f51317c4e8a201863b052786aa2f1df,823213c90703fd83224ad7122ee730ba64af3769ea517af252103bddd907f681,ACBBA,ideal,1.0,19,361,4,0.05,18,,,acbba_topk_5,/home/agxorin/topk_filter_study/simulator/scenarios/final_trial_500.csv,clue_search,02,59,45,48,12,5,1,1,439,60,379,123,316,411,acbba_entry:316;clue:4;collision_intent:60;state:59,1365,0,completed
196,dcta_parity_v1,topk_filter,aa0724188407797eae5187348bee11ee9f51317c4e8a201863b052786aa2f1df,823213c90703fd83224ad7122ee730ba64af3769ea517af252103bddd907f681,ACBBA,ideal,1.0,19,361,4,0.05,18,,,acbba_topk_5,/home/agxorin/topk_filter_study/simulator/scenarios/final_trial_500.csv,clue_search,03,57,43,49,9,4,0,0,449,57,392,118,331,421,acbba_entry:331;clue:4;collision_intent:57;state:57,1354,0,completed
197,dcta_parity_v1,topk_filter,aa0724188407797eae5187348bee11ee9f51317c4e8a201863b052786aa2f1df,823213c90703fd83224ad7122ee730ba64af3769ea517af252103bddd907f681,ACBBA,ideal,1.0,19,361,4,0.05,18,,,acbba_topk_5,/home/agxorin/topk_filter_study/simulator/scenarios/final_trial_500.csv,clue_search,00,5,0,6,0,0,0,0,10,5,5,10,0,0,collision_intent:5;state:5,30,0,completed
197,dcta_parity_v1,topk_filter,aa0724188407797eae5187348bee11ee9f51317c4e8a201863b052786aa2f1df,823213c90703fd83224ad7122ee730ba64af3769ea517af252103bddd907f681,ACBBA,ideal,1.0,19,361,4,0.05,18,,,acbba_topk_5,/home/agxorin/topk_filter_study/simulator/scenarios/final_trial_500.csv,clue_search,01,5,0,6,0,0,0,0,11,6,5,11,0,0,collision_intent:5;state:5;target:1,30,0,completed
197,dcta_parity_v1,topk_filter,aa0724188407797eae5187348bee11ee9f51317c4e8a201863b052786aa2f1df,823213c90703fd83224ad7122ee730ba64af3769ea517af252103bddd907f681,ACBBA,ideal,1.0,19,361,4,0.05,18,,,acbba_topk_5,/home/agxorin/topk_filter_study/simulator/scenarios/final_trial_500.csv,clue_search,02,5,0,6,0,0,0,0,10,5,5,10,0,0,collision_intent:5;state:5,30,0,completed
197,dcta_parity_v1,topk_filter,aa0724188407797eae5187348bee11ee9f51317c4e8a201863b052786aa2f1df,823213c90703fd83224ad7122ee730ba64af3769ea517af252103bddd907f681,ACBBA,ideal,1.0,19,361,4,0.05,18,,,acbba_topk_5,/home/agxorin/topk_filter_study/simulator/scenarios/final_trial_500.csv,clue_search,03,5,0,6,0,0,0,0,10,5,5,10,0,0,collision_intent:5;state:5,31,0,completed
198,dcta_parity_v1,topk_filter,aa0724188407797eae5187348bee11ee9f51317c4e8a201863b052786aa2f1df,823213c90703fd83224ad7122ee730ba64af3769ea517af252103bddd907f681,ACBBA,ideal,1.0,19,361,4,0.05,18,,,acbba_topk_5,/home/agxorin/topk_filter_study/simulator/scenarios/final_trial_500.csv,clue_search,00,11,0,12,0,0,0,0,22,11,11,22,0,0,collision_intent:11;state:11,69,0,completed
198,dcta_parity_v1,topk_filter,aa0724188407797eae5187348bee11ee9f51317c4e8a201863b052786aa2f1df,823213c90703fd83224ad7122ee730ba64af3769ea517af252103bddd907f681,ACBBA,ideal,1.0,19,361,4,0.05,18,,,acbba_topk_5,/home/agxorin/topk_filter_study/simulator/scenarios/final_trial_500.csv,clue_search,01,11,0,12,0,0,0,0,22,11,11,22,0,0,collision_intent:11;state:11,67,0,completed
198,dcta_parity_v1,topk_filter,aa0724188407797eae5187348bee11ee9f51317c4e8a201863b052786aa2f1df,823213c90703fd83224ad7122ee730ba64af3769ea517af252103bddd907f681,ACBBA,ideal,1.0,19,361,4,0.05,18,,,acbba_topk_5,/home/agxorin/topk_filter_study/simulator/scenarios/final_trial_500.csv,clue_search,02,12,0,13,0,0,0,0,25,13,12,25,0,0,collision_intent:12;state:12;target:1,66,0,completed
198,dcta_parity_v1,topk_filter,aa0724188407797eae5187348bee11ee9f51317c4e8a201863b052786aa2f1df,823213c90703fd83224ad7122ee730ba64af3769ea517af252103bddd907f681,ACBBA,ideal,1.0,19,361,4,0.05,18,,,acbba_topk_5,/home/agxorin/topk_filter_study/simulator/scenarios/final_trial_500.csv,clue_search,03,11,0,12,0,0,0,0,22,11,11,22,0,0,collision_intent:11;state:11,68,0,completed
199,dcta_parity_v1,topk_filter,aa0724188407797eae5187348bee11ee9f51317c4e8a201863b052786aa2f1df,823213c90703fd83224ad7122ee730ba64af3769ea517af252103bddd907f681,ACBBA,ideal,1.0,19,361,4,0.05,18,,,acbba_topk_5,/home/agxorin/topk_filter_study/simulator/scenarios/final_trial_500.csv,clue_search,00,31,25,29,3,0,0,0,254,31,223,65,189,242,acbba_entry:189;clue:3;collision_intent:31;state:31,729,0,completed
199,dcta_parity_v1,topk_filter,aa0724188407797eae5187348bee11ee9f51317c4e8a201863b052786aa2f1df,823213c90703fd83224ad7122ee730ba64af3769ea517af252103bddd907f681,ACBBA,ideal,1.0,19,361,4,0.05,18,,,acbba_topk_5,/home/agxorin/topk_filter_study/simulator/scenarios/final_trial_500.csv,clue_search,01,31,26,31,1,2,0,0,239,32,207,66,173,229,acbba_entry:173;clue:3;collision_intent:31;state:31;target:1,745,0,completed
199,dcta_parity_v1,topk_filter,aa0724188407797eae5187348bee11ee9f51317c4e8a201863b052786aa2f1df,823213c90703fd83224ad7122ee730ba64af3769ea517af252103bddd907f681,ACBBA,ideal,1.0,19,361,4,0.05,18,,,acbba_topk_5,/home/agxorin/topk_filter_study/simulator/scenarios/final_trial_500.csv,clue_search,02,31,26,31,1,2,0,0,242,31,211,65,177,231,acbba_entry:177;clue:3;collision_intent:31;state:31,742,0,completed
199,dcta_parity_v1,topk_filter,aa0724188407797eae5187348bee11ee9f51317c4e8a201863b052786aa2f1df,823213c90703fd83224ad7122ee730ba64af3769ea517af252103bddd907f681,ACBBA,ideal,1.0,19,361,4,0.05,18,,,acbba_topk_5,/home/agxorin/topk_filter_study/simulator/scenarios/final_trial_500.csv,clue_search,03,31,26,32,0,4,0,0,249,31,218,65,184,239,acbba_entry:184;clue:3;collision_intent:31;state:31,734,0,completed
200,dcta_parity_v1,topk_filter,aa0724188407797eae5187348bee11ee9f51317c4e8a201863b052786aa2f1df,823213c90703fd83224ad7122ee730ba64af3769ea517af252103bddd907f681,ACBBA,ideal,1.0,19,361,4,0.05,18,,,acbba_topk_5,/home/agxorin/topk_filter_study/simulator/scenarios/final_trial_500.csv,clue_search,00,12,4,13,0,0,0,0,47,13,34,26,21,31,acbba_entry:21;clue:1;collision_intent:12;state:12;target:1,127,0,completed
200,dcta_parity_v1,topk_filter,aa0724188407797eae5187348bee11ee9f51317c4e8a201863b052786aa2f1df,823213c90703fd83224ad7122ee730ba64af3769ea517af252103bddd907f681,ACBBA,ideal,1.0,19,361,4,0.05,18,,,acbba_topk_5,/home/agxorin/topk_filter_study/simulator/scenarios/final_trial_500.csv,clue_search,01,11,4,12,0,1,0,0,44,12,32,24,20,30,acbba_entry:20;clue:1;collision_intent:12;state:11,128,0,completed
200,dcta_parity_v1,topk_filter,aa0724188407797eae5187348bee11ee9f51317c4e8a201863b052786aa2f1df,823213c90703fd83224ad7122ee730ba64af3769ea517af252103bddd907f681,ACBBA,ideal,1.0,19,361,4,0.05,18,,,acbba_topk_5,/home/agxorin/topk_filter_study/simulator/scenarios/final_trial_500.csv,clue_search,02,12,5,13,0,1,0,0,44,12,32,25,19,30,acbba_entry:19;clue:1;collision_intent:12;state:12,129,0,completed
200,dcta_parity_v1,topk_filter,aa0724188407797eae5187348bee11ee9f51317c4e8a201863b052786aa2f1df,823213c90703fd83224ad7122ee730ba64af3769ea517af252103bddd907f681,ACBBA,ideal,1.0,19,361,4,0.05,18,,,acbba_topk_5,/home/agxorin/topk_filter_study/simulator/scenarios/final_trial_500.csv,clue_search,03,11,4,12,0,1,0,0,39,12,27,24,15,25,acbba_entry:15;clue:1;collision_intent:12;state:11,134,0,completed
201,dcta_parity_v1,topk_filter,aa0724188407797eae5187348bee11ee9f51317c4e8a201863b052786aa2f1df,823213c90703fd83224ad7122ee730ba64af3769ea517af252103bddd907f681,ACBBA,ideal,1.0,19,361,4,0.05,18,,,acbba_topk_5,/home/agxorin/topk_filter_study/simulator/scenarios/final_trial_500.csv,clue_search,00,39,16,40,0,1,0,0,211,39,172,79,132,165,acbba_entry:132;clue:1;collision_intent:39;state:39,622,0,completed
201,dcta_parity_v1,topk_filter,aa0724188407797eae5187348bee11ee9f51317c4e8a201863b052786aa2f1df,823213c90703fd83224ad7122ee730ba64af3769ea517af252103bddd907f681,ACBBA,ideal,1.0,19,361,4,0.05,18,,,acbba_topk_5,/home/agxorin/topk_filter_study/simulator/scenarios/final_trial_500.csv,clue_search,01,38,15,39,0,0,0,0,208,39,169,78,130,162,acbba_entry:130;clue:1;collision_intent:38;state:38;target:1,626,0,completed
201,dcta_parity_v1,topk_filter,aa0724188407797eae5187348bee11ee9f51317c4e8a201863b052786aa2f1df,823213c90703fd83224ad7122ee730ba64af3769ea517af252103bddd907f681,ACBBA,ideal,1.0,19,361,4,0.05,18,,,acbba_topk_5,/home/agxorin/topk_filter_study/simulator/scenarios/final_trial_500.csv,clue_search,02,39,16,34,6,2,0,0,210,39,171,79,131,164,acbba_entry:131;clue:1;collision_intent:39;state:39,622,0,completed
201,dcta_parity_v1,topk_filter,aa0724188407797eae5187348bee11ee9f51317c4e8a201863b052786aa2f1df,823213c90703fd83224ad7122ee730ba64af3769ea517af252103bddd907f681,ACBBA,ideal,1.0,19,361,4,0.05,18,,,acbba_topk_5,/home/agxorin/topk_filter_study/simulator/scenarios/final_trial_500.csv,clue_search,03,38,16,32,7,1,1,1,205,40,165,79,126,161,acbba_entry:126;clue:1;collision_intent:40;state:38,628,0,completed
202,dcta_parity_v1,topk_filter,aa0724188407797eae5187348bee11ee9f51317c4e8a201863b052786aa2f1df,823213c90703fd83224ad7122ee730ba64af3769ea517af252103bddd907f681,ACBBA,ideal,1.0,19,361,4,0.05,18,,,acbba_topk_5,/home/agxorin/topk_filter_study/simulator/scenarios/final_trial_500.csv,clue_search,00,34,0,35,0,0,0,0,68,34,34,68,0,0,collision_intent:34;state:34,204,0,completed
202,dcta_parity_v1,topk_filter,aa0724188407797eae5187348bee11ee9f51317c4e8a201863b052786aa2f1df,823213c90703fd83224ad7122ee730ba64af3769ea517af252103bddd907f681,ACBBA,ideal,1.0,19,361,4,0.05,18,,,acbba_topk_5,/home/agxorin/topk_filter_study/simulator/scenarios/final_trial_500.csv,clue_search,01,34,0,35,0,0,0,0,68,34,34,68,0,0,collision_intent:34;state:34,204,0,completed
202,dcta_parity_v1,topk_filter,aa0724188407797eae5187348bee11ee9f51317c4e8a201863b052786aa2f1df,823213c90703fd83224ad7122ee730ba64af3769ea517af252103bddd907f681,ACBBA,ideal,1.0,19,361,4,0.05,18,,,acbba_topk_5,/home/agxorin/topk_filter_study/simulator/scenarios/final_trial_500.csv,clue_search,02,34,0,35,0,0,0,0,68,34,34,68,0,0,collision_intent:34;state:34,204,0,completed
202,dcta_parity_v1,topk_filter,aa0724188407797eae5187348bee11ee9f51317c4e8a201863b052786aa2f1df,823213c90703fd83224ad7122ee730ba64af3769ea517af252103bddd907f681,ACBBA,ideal,1.0,19,361,4,0.05,18,,,acbba_topk_5,/home/agxorin/topk_filter_study/simulator/scenarios/final_trial_500.csv,clue_search,03,34,0,35,0,0,0,0,69,35,34,69,0,0,collision_intent:34;state:34;target:1,204,0,completed
203,dcta_parity_v1,topk_filter,aa0724188407797eae5187348bee11ee9f51317c4e8a201863b052786aa2f1df,823213c90703fd83224ad7122ee730ba64af3769ea517af252103bddd907f681,ACBBA,ideal,1.0,19,361,4,0.05,18,,,acbba_topk_5,/home/agxorin/topk_filter_study/simulator/scenarios/final_trial_500.csv,clue_search,00,23,20,24,0,1,0,0,212,23,189,47,165,206,acbba_entry:165;clue:1;collision_intent:23;state:23,643,0,completed
203,dcta_parity_v1,topk_filter,aa0724188407797eae5187348bee11ee9f51317c4e8a201863b052786aa2f1df,823213c90703fd83224ad7122ee730ba64af3769ea517af252103bddd907f681,ACBBA,ideal,1.0,19,361,4,0.05,18,,,acbba_topk_5,/home/agxorin/topk_filter_study/simulator/scenarios/final_trial_500.csv,clue_search,01,22,20,22,1,4,0,0,216,22,194,45,171,212,acbba_entry:171;clue:1;collision_intent:22;state:22,639,0,completed
203,dcta_parity_v1,topk_filter,aa0724188407797eae5187348bee11ee9f51317c4e8a201863b052786aa2f1df,823213c90703fd83224ad7122ee730ba64af3769ea517af252103bddd907f681,ACBBA,ideal,1.0,19,361,4,0.05,18,,,acbba_topk_5,/home/agxorin/topk_filter_study/simulator/scenarios/final_trial_500.csv,clue_search,02,22,19,20,3,1,1,1,208,23,185,46,162,202,acbba_entry:162;clue:1;collision_intent:23;state:22,647,0,completed
203,dcta_parity_v1,topk_filter,aa0724188407797eae5187348bee11ee9f51317c4e8a201863b052786aa2f1df,823213c90703fd83224ad7122ee730ba64af3769ea517af252103bddd907f681,ACBBA,ideal,1.0,19,361,4,0.05,18,,,acbba_topk_5,/home/agxorin/topk_filter_study/simulator/scenarios/final_trial_500.csv,clue_search,03,23,21,24,0,0,0,0,220,24,196,48,172,216,acbba_entry:172;clue:1;collision_intent:23;state:23;target:1,636,0,completed
204,dcta_parity_v1,topk_filter,aa0724188407797eae5187348bee11ee9f51317c4e8a201863b052786aa2f1df,823213c90703fd83224ad7122ee730ba64af3769ea517af252103bddd907f681,ACBBA,ideal,1.0,19,361,4,0.05,18,,,acbba_topk_5,/home/agxorin/topk_filter_study/simulator/scenarios/final_trial_500.csv,clue_search,00,47,29,45,3,2,0,0,298,47,251,98,200,261,acbba_entry:200;clue:4;collision_intent:47;state:47,950,0,completed
204,dcta_parity_v1,topk_filter,aa0724188407797eae5187348bee11ee9f51317c4e8a201863b052786aa2f1df,823213c90703fd83224ad7122ee730ba64af3769ea517af252103bddd907f681,ACBBA,ideal,1.0,19,361,4,0.05,18,,,acbba_topk_5,/home/agxorin/topk_filter_study/simulator/scenarios/final_trial_500.csv,clue_search,01,47,29,43,5,1,0,0,312,47,265,98,214,276,acbba_entry:214;clue:4;collision_intent:47;state:47,935,0,completed
204,dcta_parity_v1,topk_filter,aa0724188407797eae5187348bee11ee9f51317c4e8a201863b052786aa2f1df,823213c90703fd83224ad7122ee730ba64af3769ea517af252103bddd907f681,ACBBA,ideal,1.0,19,361,4,0.05,18,,,acbba_topk_5,/home/agxorin/topk_filter_study/simulator/scenarios/final_trial_500.csv,clue_search,02,45,26,45,1,0,0,0,319,46,273,95,224,281,acbba_entry:224;clue:4;collision_intent:46;state:45,929,0,completed
204,dcta_parity_v1,topk_filter,aa0724188407797eae5187348bee11ee9f51317c4e8a201863b052786aa2f1df,823213c90703fd83224ad7122ee730ba64af3769ea517af252103bddd907f681,ACBBA,ideal,1.0,19,361,4,0.05,18,,,acbba_topk_5,/home/agxorin/topk_filter_study/simulator/scenarios/final_trial_500.csv,clue_search,03,45,27,43,3,2,1,1,320,47,273,96,224,284,acbba_entry:224;clue:4;collision_intent:46;state:45;target:1,929,0,completed
205,dcta_parity_v1,topk_filter,aa0724188407797eae5187348bee11ee9f51317c4e8a201863b052786aa2f1df,823213c90703fd83224ad7122ee730ba64af3769ea517af252103bddd907f681,ACBBA,ideal,1.0,19,361,4,0.05,18,,,acbba_topk_5,/home/agxorin/topk_filter_study/simulator/scenarios/final_trial_500.csv,clue_search,00,1,1,2,0,1,0,0,18,2,16,4,14,18,acbba_entry:14;clue:1;collision_intent:2;state:1,52,0,completed
205,dcta_parity_v1,topk_filter,aa0724188407797eae5187348bee11ee9f51317c4e8a201863b052786aa2f1df,823213c90703fd83224ad7122ee730ba64af3769ea517af252103bddd907f681,ACBBA,ideal,1.0,19,361,4,0.05,18,,,acbba_topk_5,/home/agxorin/topk_filter_study/simulator/scenarios/final_trial_500.csv,clue_search,01,2,2,3,0,0,0,0,16,2,14,5,11,16,acbba_entry:11;clue:1;collision_intent:2;state:2,55,0,completed
205,dcta_parity_v1,topk_filter,aa0724188407797eae5187348bee11ee9f51317c4e8a201863b052786aa2f1df,823213c90703fd83224ad7122ee730ba64af3769ea517af252103bddd907f681,ACBBA,ideal,1.0,19,361,4,0.05,18,,,acbba_topk_5,/home/agxorin/topk_filter_study/simulator/scenarios/final_trial_500.csv,clue_search,02,2,2,3,0,0,0,0,20,2,18,5,15,20,acbba_entry:15;clue:1;collision_intent:2;state:2,51,0,completed
205,dcta_parity_v1,topk_filter,aa0724188407797eae5187348bee11ee9f51317c4e8a201863b052786aa2f1df,823213c90703fd83224ad7122ee730ba64af3769ea517af252103bddd907f681,ACBBA,ideal,1.0,19,361,4,0.05,18,,,acbba_topk_5,/home/agxorin/topk_filter_study/simulator/scenarios/final_trial_500.csv,clue_search,03,2,2,3,0,1,0,0,18,3,15,6,12,18,acbba_entry:12;clue:1;collision_intent:2;state:2;target:1,54,0,completed
206,dcta_parity_v1,topk_filter,aa0724188407797eae5187348bee11ee9f51317c4e8a201863b052786aa2f1df,823213c90703fd83224ad7122ee730ba64af3769ea517af252103bddd907f681,ACBBA,ideal,1.0,19,361,4,0.05,18,,,acbba_topk_5,/home/agxorin/topk_filter_study/simulator/scenarios/final_trial_500.csv,clue_search,00,12,0,13,0,0,0,0,24,12,12,24,0,0,collision_intent:12;state:12,69,0,completed
206,dcta_parity_v1,topk_filter,aa0724188407797eae5187348bee11ee9f51317c4e8a201863b052786aa2f1df,823213c90703fd83224ad7122ee730ba64af3769ea517af252103bddd907f681,ACBBA,ideal,1.0,19,361,4,0.05,18,,,acbba_topk_5,/home/agxorin/topk_filter_study/simulator/scenarios/final_trial_500.csv,clue_search,01,11,0,12,0,0,0,0,22,11,11,22,0,0,collision_intent:11;state:11,70,0,completed
206,dcta_parity_v1,topk_filter,aa0724188407797eae5187348bee11ee9f51317c4e8a201863b052786aa2f1df,823213c90703fd83224ad7122ee730ba64af3769ea517af252103bddd907f681,ACBBA,ideal,1.0,19,361,4,0.05,18,,,acbba_topk_5,/home/agxorin/topk_filter_study/simulator/scenarios/final_trial_500.csv,clue_search,02,12,0,13,0,0,0,0,25,13,12,25,0,0,collision_intent:12;state:12;target:1,68,0,completed
206,dcta_parity_v1,topk_filter,aa0724188407797eae5187348bee11ee9f51317c4e8a201863b052786aa2f1df,823213c90703fd83224ad7122ee730ba64af3769ea517af252103bddd907f681,ACBBA,ideal,1.0,19,361,4,0.05,18,,,acbba_topk_5,/home/agxorin/topk_filter_study/simulator/scenarios/final_trial_500.csv,clue_search,03,11,0,12,0,0,0,0,22,11,11,22,0,0,collision_intent:11;state:11,70,0,completed
207,dcta_parity_v1,topk_filter,aa0724188407797eae5187348bee11ee9f51317c4e8a201863b052786aa2f1df,823213c90703fd83224ad7122ee730ba64af3769ea517af252103bddd907f681,ACBBA,ideal,1.0,19,361,4,0.05,18,,,acbba_topk_5,/home/agxorin/topk_filter_study/simulator/scenarios/final_trial_500.csv,clue_search,00,51,27,52,0,1,0,0,311,52,259,104,207,263,acbba_entry:207;clue:1;collision_intent:51;state:51;target:1,951,0,completed
207,dcta_parity_v1,topk_filter,aa0724188407797eae5187348bee11ee9f51317c4e8a201863b052786aa2f1df,823213c90703fd83224ad7122ee730ba64af3769ea517af252103bddd907f681,ACBBA,ideal,1.0,19,361,4,0.05,18,,,acbba_topk_5,/home/agxorin/topk_filter_study/simulator/scenarios/final_trial_500.csv,clue_search,01,51,28,51,1,0,0,0,332,52,280,104,228,286,acbba_entry:228;clue:1;collision_intent:52;state:51,929,0,completed
207,dcta_parity_v1,topk_filter,aa0724188407797eae5187348bee11ee9f51317c4e8a201863b052786aa2f1df,823213c90703fd83224ad7122ee730ba64af3769ea517af252103bddd907f681,ACBBA,ideal,1.0,19,361,4,0.05,18,,,acbba_topk_5,/home/agxorin/topk_filter_study/simulator/scenarios/final_trial_500.csv,clue_search,02,53,29,50,4,5,0,0,314,53,261,107,207,266,acbba_entry:207;clue:1;collision_intent:53;state:53,947,0,completed
207,dcta_parity_v1,topk_filter,aa0724188407797eae5187348bee11ee9f51317c4e8a201863b052786aa2f1df,823213c90703fd83224ad7122ee730ba64af3769ea517af252103bddd907f681,ACBBA,ideal,1.0,19,361,4,0.05,18,,,acbba_topk_5,/home/agxorin/topk_filter_study/simulator/scenarios/final_trial_500.csv,clue_search,03,53,30,50,4,4,0,0,305,53,252,107,198,259,acbba_entry:198;clue:1;collision_intent:53;state:53,955,0,completed
208,dcta_parity_v1,topk_filter,aa0724188407797eae5187348bee11ee9f51317c4e8a201863b052786aa2f1df,823213c90703fd83224ad7122ee730ba64af3769ea517af252103bddd907f681,ACBBA,ideal,1.0,19,361,4,0.05,18,,,acbba_topk_5,/home/agxorin/topk_filter_study/simulator/scenarios/final_trial_500.csv,clue_search,00,41,33,37,5,3,0,0,300,41,259,84,216,284,acbba_entry:216;clue:2;collision_intent:41;state:41,953,0,completed
208,dcta_parity_v1,topk_filter,aa0724188407797eae5187348bee11ee9f51317c4e8a201863b052786aa2f1df,823213c90703fd83224ad7122ee730ba64af3769ea517af252103bddd907f681,ACBBA,ideal,1.0,19,361,4,0.05,18,,,acbba_topk_5,/home/agxorin/topk_filter_study/simulator/scenarios/final_trial_500.csv,clue_search,01,41,33,40,2,2,0,0,332,42,290,85,247,316,acbba_entry:247;clue:2;collision_intent:41;state:41;target:1,922,0,completed
208,dcta_parity_v1,topk_filter,aa0724188407797eae5187348bee11ee9f51317c4e8a201863b052786aa2f1df,823213c90703fd83224ad7122ee730ba64af3769ea517af252103bddd907f681,ACBBA,ideal,1.0,19,361,4,0.05,18,,,acbba_topk_5,/home/agxorin/topk_filter_study/simulator/scenarios/final_trial_500.csv,clue_search,02,41,33,31,11,2,1,1,305,42,263,85,220,289,acbba_entry:220;clue:2;collision_intent:42;state:41,948,0,completed
208,dcta_parity_v1,topk_filter,aa0724188407797eae5187348bee11ee9f51317c4e8a201863b052786aa2f1df,823213c90703fd83224ad7122ee730ba64af3769ea517af252103bddd907f681,ACBBA,ideal,1.0,19,361,4,0.05,18,,,acbba_topk_5,/home/agxorin/topk_filter_study/simulator/scenarios/final_trial_500.csv,clue_search,03,40,32,40,1,1,0,0,317,40,277,82,235,301,acbba_entry:235;clue:2;collision_intent:40;state:40,936,0,completed
209,dcta_parity_v1,topk_filter,aa0724188407797eae5187348bee11ee9f51317c4e8a201863b052786aa2f1df,823213c90703fd83224ad7122ee730ba64af3769ea517af252103bddd907f681,ACBBA,ideal,1.0,19,361,4,0.05,18,,,acbba_topk_5,/home/agxorin/topk_filter_study/simulator/scenarios/final_trial_500.csv,clue_search,00,15,0,16,0,0,0,0,30,15,15,30,0,0,collision_intent:15;state:15,89,0,completed
209,dcta_parity_v1,topk_filter,aa0724188407797eae5187348bee11ee9f51317c4e8a201863b052786aa2f1df,823213c90703fd83224ad7122ee730ba64af3769ea517af252103bddd907f681,ACBBA,ideal,1.0,19,361,4,0.05,18,,,acbba_topk_5,/home/agxorin/topk_filter_study/simulator/scenarios/final_trial_500.csv,clue_search,01,15,0,16,0,0,0,0,31,16,15,31,0,0,collision_intent:15;state:15;target:1,89,0,completed
209,dcta_parity_v1,topk_filter,aa0724188407797eae5187348bee11ee9f51317c4e8a201863b052786aa2f1df,823213c90703fd83224ad7122ee730ba64af3769ea517af252103bddd907f681,ACBBA,ideal,1.0,19,361,4,0.05,18,,,acbba_topk_5,/home/agxorin/topk_filter_study/simulator/scenarios/final_trial_500.csv,clue_search,02,15,0,16,0,0,0,0,30,15,15,30,0,0,collision_intent:15;state:15,88,0,completed
209,dcta_parity_v1,topk_filter,aa0724188407797eae5187348bee11ee9f51317c4e8a201863b052786aa2f1df,823213c90703fd83224ad7122ee730ba64af3769ea517af252103bddd907f681,ACBBA,ideal,1.0,19,361,4,0.05,18,,,acbba_topk_5,/home/agxorin/topk_filter_study/simulator/scenarios/final_trial_500.csv,clue_search,03,14,0,15,0,0,0,0,29,15,14,29,0,0,collision_intent:15;state:14,89,0,completed
210,dcta_parity_v1,topk_filter,aa0724188407797eae5187348bee11ee9f51317c4e8a201863b052786aa2f1df,823213c90703fd83224ad7122ee730ba64af3769ea517af252103bddd907f681,ACBBA,ideal,1.0,19,361,4,0.05,18,,,acbba_topk_5,/home/agxorin/topk_filter_study/simulator/scenarios/final_trial_500.csv,clue_search,00,20,0,21,0,0,0,0,40,20,20,40,0,0,collision_intent:20;state:20,122,0,completed
210,dcta_parity_v1,topk_filter,aa0724188407797eae5187348bee11ee9f51317c4e8a201863b052786aa2f1df,823213c90703fd83224ad7122ee730ba64af3769ea517af252103bddd907f681,ACBBA,ideal,1.0,19,361,4,0.05,18,,,acbba_topk_5,/home/agxorin/topk_filter_study/simulator/scenarios/final_trial_500.csv,clue_search,01,20,0,21,0,0,0,0,40,20,20,40,0,0,collision_intent:20;state:20,122,0,completed
210,dcta_parity_v1,topk_filter,aa0724188407797eae5187348bee11ee9f51317c4e8a201863b052786aa2f1df,823213c90703fd83224ad7122ee730ba64af3769ea517af252103bddd907f681,ACBBA,ideal,1.0,19,361,4,0.05,18,,,acbba_topk_5,/home/agxorin/topk_filter_study/simulator/scenarios/final_trial_500.csv,clue_search,02,21,0,22,0,0,0,0,43,22,21,43,0,0,collision_intent:21;state:21;target:1,120,0,completed
210,dcta_parity_v1,topk_filter,aa0724188407797eae5187348bee11ee9f51317c4e8a201863b052786aa2f1df,823213c90703fd83224ad7122ee730ba64af3769ea517af252103bddd907f681,ACBBA,ideal,1.0,19,361,4,0.05,18,,,acbba_topk_5,/home/agxorin/topk_filter_study/simulator/scenarios/final_trial_500.csv,clue_search,03,20,0,21,0,0,0,0,40,20,20,40,0,0,collision_intent:20;state:20,122,0,completed
211,dcta_parity_v1,topk_filter,aa0724188407797eae5187348bee11ee9f51317c4e8a201863b052786aa2f1df,823213c90703fd83224ad7122ee730ba64af3769ea517af252103bddd907f681,ACBBA,ideal,1.0,19,361,4,0.05,18,,,acbba_topk_5,/home/agxorin/topk_filter_study/simulator/scenarios/final_trial_500.csv,clue_search,00,45,42,32,14,1,3,3,433,48,385,96,337,427,acbba_entry:337;clue:3;collision_intent:48;state:45,1250,0,completed
211,dcta_parity_v1,topk_filter,aa0724188407797eae5187348bee11ee9f51317c4e8a201863b052786aa2f1df,823213c90703fd83224ad7122ee730ba64af3769ea517af252103bddd907f681,ACBBA,ideal,1.0,19,361,4,0.05,18,,,acbba_topk_5,/home/agxorin/topk_filter_study/simulator/scenarios/final_trial_500.csv,clue_search,01,46,44,35,12,5,0,0,414,47,367,96,318,410,acbba_entry:318;clue:3;collision_intent:46;state:46;target:1,1269,0,completed
211,dcta_parity_v1,topk_filter,aa0724188407797eae5187348bee11ee9f51317c4e8a201863b052786aa2f1df,823213c90703fd83224ad7122ee730ba64af3769ea517af252103bddd907f681,ACBBA,ideal,1.0,19,361,4,0.05,18,,,acbba_topk_5,/home/agxorin/topk_filter_study/simulator/scenarios/final_trial_500.csv,clue_search,02,46,44,46,1,3,0,0,422,46,376,95,327,417,acbba_entry:327;clue:3;collision_intent:46;state:46,1260,0,completed
211,dcta_parity_v1,topk_filter,aa0724188407797eae5187348bee11ee9f51317c4e8a201863b052786aa2f1df,823213c90703fd83224ad7122ee730ba64af3769ea517af252103bddd907f681,ACBBA,ideal,1.0,19,361,4,0.05,18,,,acbba_topk_5,/home/agxorin/topk_filter_study/simulator/scenarios/final_trial_500.csv,clue_search,03,47,45,34,14,9,0,0,414,47,367,97,317,410,acbba_entry:317;clue:3;collision_intent:47;state:47,1269,0,completed
212,dcta_parity_v1,topk_filter,aa0724188407797eae5187348bee11ee9f51317c4e8a201863b052786aa2f1df,823213c90703fd83224ad7122ee730ba64af3769ea517af252103bddd907f681,ACBBA,ideal,1.0,19,361,4,0.05,18,,,acbba_topk_5,/home/agxorin/topk_filter_study/simulator/scenarios/final_trial_500.csv,clue_search,00,109,95,79,31,5,0,0,875,110,765,223,652,847,acbba_entry:652;clue:4;collision_intent:109;state:109;target:1,2617,0,completed
212,dcta_parity_v1,topk_filter,aa0724188407797eae5187348bee11ee9f51317c4e8a201863b052786aa2f1df,823213c90703fd83224ad7122ee730ba64af3769ea517af252103bddd907f681,ACBBA,ideal,1.0,19,361,4,0.05,18,,,acbba_topk_5,/home/agxorin/topk_filter_study/simulator/scenarios/final_trial_500.csv,clue_search,01,107,94,91,17,8,1,1,878,108,770,219,659,852,acbba_entry:659;clue:4;collision_intent:108;state:107,2613,0,completed
212,dcta_parity_v1,topk_filter,aa0724188407797eae5187348bee11ee9f51317c4e8a201863b052786aa2f1df,823213c90703fd83224ad7122ee730ba64af3769ea517af252103bddd907f681,ACBBA,ideal,1.0,19,361,4,0.05,18,,,acbba_topk_5,/home/agxorin/topk_filter_study/simulator/scenarios/final_trial_500.csv,clue_search,02,111,97,82,30,4,0,0,859,111,748,226,633,831,acbba_entry:633;clue:4;collision_intent:111;state:111,2633,0,completed
212,dcta_parity_v1,topk_filter,aa0724188407797eae5187348bee11ee9f51317c4e8a201863b052786aa2f1df,823213c90703fd83224ad7122ee730ba64af3769ea517af252103bddd907f681,ACBBA,ideal,1.0,19,361,4,0.05,18,,,acbba_topk_5,/home/agxorin/topk_filter_study/simulator/scenarios/final_trial_500.csv,clue_search,03,108,95,93,16,15,1,1,880,109,771,221,659,854,acbba_entry:659;clue:4;collision_intent:109;state:108,2611,0,completed
213,dcta_parity_v1,topk_filter,aa0724188407797eae5187348bee11ee9f51317c4e8a201863b052786aa2f1df,823213c90703fd83224ad7122ee730ba64af3769ea517af252103bddd907f681,ACBBA,ideal,1.0,19,361,4,0.05,18,,,acbba_topk_5,/home/agxorin/topk_filter_study/simulator/scenarios/final_trial_500.csv,clue_search,00,72,7,70,3,0,0,0,175,72,103,146,29,45,acbba_entry:29;clue:2;collision_intent:72;state:72,531,0,completed
213,dcta_parity_v1,topk_filter,aa0724188407797eae5187348bee11ee9f51317c4e8a201863b052786aa2f1df,823213c90703fd83224ad7122ee730ba64af3769ea517af252103bddd907f681,ACBBA,ideal,1.0,19,361,4,0.05,18,,,acbba_topk_5,/home/agxorin/topk_filter_study/simulator/scenarios/final_trial_500.csv,clue_search,01,70,6,68,3,1,0,0,175,71,104,143,32,46,acbba_entry:32;clue:2;collision_intent:71;state:70,531,0,completed
213,dcta_parity_v1,topk_filter,aa0724188407797eae5187348bee11ee9f51317c4e8a201863b052786aa2f1df,823213c90703fd83224ad7122ee730ba64af3769ea517af252103bddd907f681,ACBBA,ideal,1.0,19,361,4,0.05,18,,,acbba_topk_5,/home/agxorin/topk_filter_study/simulator/scenarios/final_trial_500.csv,clue_search,02,71,6,68,4,1,0,0,180,72,108,145,35,50,acbba_entry:35;clue:2;collision_intent:71;state:71;target:1,527,0,completed
213,dcta_parity_v1,topk_filter,aa0724188407797eae5187348bee11ee9f51317c4e8a201863b052786aa2f1df,823213c90703fd83224ad7122ee730ba64af3769ea517af252103bddd907f681,ACBBA,ideal,1.0,19,361,4,0.05,18,,,acbba_topk_5,/home/agxorin/topk_filter_study/simulator/scenarios/final_trial_500.csv,clue_search,03,71,7,65,7,2,0,0,177,71,106,144,33,49,acbba_entry:33;clue:2;collision_intent:71;state:71,529,0,completed
214,dcta_parity_v1,topk_filter,aa0724188407797eae5187348bee11ee9f51317c4e8a201863b052786aa2f1df,823213c90703fd83224ad7122ee730ba64af3769ea517af252103bddd907f681,ACBBA,ideal,1.0,19,361,4,0.05,18,,,acbba_topk_5,/home/agxorin/topk_filter_study/simulator/scenarios/final_trial_500.csv,clue_search,00,39,19,38,2,2,0,0,249,39,210,80,169,209,acbba_entry:169;clue:2;collision_intent:39;state:39,787,0,completed
214,dcta_parity_v1,topk_filter,aa0724188407797eae5187348bee11ee9f51317c4e8a201863b052786aa2f1df,823213c90703fd83224ad7122ee730ba64af3769ea517af252103bddd907f681,ACBBA,ideal,1.0,19,361,4,0.05,18,,,acbba_topk_5,/home/agxorin/topk_filter_study/simulator/scenarios/final_trial_500.csv,clue_search,01,39,20,39,1,2,0,0,251,40,211,81,170,213,acbba_entry:170;clue:2;collision_intent:39;state:39;target:1,786,0,completed
214,dcta_parity_v1,topk_filter,aa0724188407797eae5187348bee11ee9f51317c4e8a201863b052786aa2f1df,823213c90703fd83224ad7122ee730ba64af3769ea517af252103bddd907f681,ACBBA,ideal,1.0,19,361,4,0.05,18,,,acbba_topk_5,/home/agxorin/topk_filter_study/simulator/scenarios/final_trial_500.csv,clue_search,02,39,19,40,0,0,0,0,271,39,232,80,191,231,acbba_entry:191;clue:2;collision_intent:39;state:39,766,0,completed
214,dcta_parity_v1,topk_filter,aa0724188407797eae5187348bee11ee9f51317c4e8a201863b052786aa2f1df,823213c90703fd83224ad7122ee730ba64af3769ea517af252103bddd907f681,ACBBA,ideal,1.0,19,361,4,0.05,18,,,acbba_topk_5,/home/agxorin/topk_filter_study/simulator/scenarios/final_trial_500.csv,clue_search,03,38,19,35,4,1,0,0,266,38,228,78,188,228,acbba_entry:188;clue:2;collision_intent:38;state:38,769,0,completed
215,dcta_parity_v1,topk_filter,aa0724188407797eae5187348bee11ee9f51317c4e8a201863b052786aa2f1df,823213c90703fd83224ad7122ee730ba64af3769ea517af252103bddd907f681,ACBBA,ideal,1.0,19,361,4,0.05,18,,,acbba_topk_5,/home/agxorin/topk_filter_study/simulator/scenarios/final_trial_500.csv,clue_search,00,27,3,28,0,1,0,0,73,27,46,55,18,25,acbba_entry:18;clue:1;collision_intent:27;state:27,235,0,completed
215,dcta_parity_v1,topk_filter,aa0724188407797eae5187348bee11ee9f51317c4e8a201863b052786aa2f1df,823213c90703fd83224ad7122ee730ba64af3769ea517af252103bddd907f681,ACBBA,ideal,1.0,19,361,4,0.05,18,,,acbba_topk_5,/home/agxorin/topk_filter_study/simulator/scenarios/final_trial_500.csv,clue_search,01,27,3,28,0,0,0,0,80,28,52,56,24,32,acbba_entry:24;clue:1;collision_intent:27;state:27;target:1,229,0,completed
215,dcta_parity_v1,topk_filter,aa0724188407797eae5187348bee11ee9f51317c4e8a201863b052786aa2f1df,823213c90703fd83224ad7122ee730ba64af3769ea517af252103bddd907f681,ACBBA,ideal,1.0,19,361,4,0.05,18,,,acbba_topk_5,/home/agxorin/topk_filter_study/simulator/scenarios/final_trial_500.csv,clue_search,02,27,3,27,1,1,0,0,82,28,54,56,26,34,acbba_entry:26;clue:1;collision_intent:28;state:27,226,0,completed
215,dcta_parity_v1,topk_filter,aa0724188407797eae5187348bee11ee9f51317c4e8a201863b052786aa2f1df,823213c90703fd83224ad7122ee730ba64af3769ea517af252103bddd907f681,ACBBA,ideal,1.0,19,361,4,0.05,18,,,acbba_topk_5,/home/agxorin/topk_filter_study/simulator/scenarios/final_trial_500.csv,clue_search,03,27,4,27,1,0,0,0,74,27,47,55,19,27,acbba_entry:19;clue:1;collision_intent:27;state:27,235,0,completed
216,dcta_parity_v1,topk_filter,aa0724188407797eae5187348bee11ee9f51317c4e8a201863b052786aa2f1df,823213c90703fd83224ad7122ee730ba64af3769ea517af252103bddd907f681,ACBBA,ideal,1.0,19,361,4,0.05,18,,,acbba_topk_5,/home/agxorin/topk_filter_study/simulator/scenarios/final_trial_500.csv,clue_search,00,18,12,19,0,1,0,0,119,19,100,38,81,107,acbba_entry:81;clue:1;collision_intent:18;state:18;target:1,362,0,completed
216,dcta_parity_v1,topk_filter,aa0724188407797eae5187348bee11ee9f51317c4e8a201863b052786aa2f1df,823213c90703fd83224ad7122ee730ba64af3769ea517af252103bddd907f681,ACBBA,ideal,1.0,19,361,4,0.05,18,,,acbba_topk_5,/home/agxorin/topk_filter_study/simulator/scenarios/final_trial_500.csv,clue_search,01,16,11,16,1,2,0,0,112,17,95,34,78,102,acbba_entry:78;clue:1;collision_intent:17;state:16,368,0,completed
216,dcta_parity_v1,topk_filter,aa0724188407797eae5187348bee11ee9f51317c4e8a201863b052786aa2f1df,823213c90703fd83224ad7122ee730ba64af3769ea517af252103bddd907f681,ACBBA,ideal,1.0,19,361,4,0.05,18,,,acbba_topk_5,/home/agxorin/topk_filter_study/simulator/scenarios/final_trial_500.csv,clue_search,02,16,10,13,4,3,4,2,126,20,106,37,89,114,acbba_entry:89;clue:1;collision_intent:20;state:16,354,0,completed
216,dcta_parity_v1,topk_filter,aa0724188407797eae5187348bee11ee9f51317c4e8a201863b052786aa2f1df,823213c90703fd83224ad7122ee730ba64af3769ea517af252103bddd907f681,ACBBA,ideal,1.0,19,361,4,0.05,18,,,acbba_topk_5,/home/agxorin/topk_filter_study/simulator/scenarios/final_trial_500.csv,clue_search,03,16,11,16,1,2,5,2,124,21,103,38,86,114,acbba_entry:86;clue:1;collision_intent:21;state:16,356,0,completed
217,dcta_parity_v1,topk_filter,aa0724188407797eae5187348bee11ee9f51317c4e8a201863b052786aa2f1df,823213c90703fd83224ad7122ee730ba64af3769ea517af252103bddd907f681,ACBBA,ideal,1.0,19,361,4,0.05,18,,,acbba_topk_5,/home/agxorin/topk_filter_study/simulator/scenarios/final_trial_500.csv,clue_search,00,60,56,47,14,2,2,2,518,62,456,124,394,510,acbba_entry:394;clue:2;collision_intent:62;state:60,1545,0,completed
217,dcta_parity_v1,topk_filter,aa0724188407797eae5187348bee11ee9f51317c4e8a201863b052786aa2f1df,823213c90703fd83224ad7122ee730ba64af3769ea517af252103bddd907f681,ACBBA,ideal,1.0,19,361,4,0.05,18,,,acbba_topk_5,/home/agxorin/topk_filter_study/simulator/scenarios/final_trial_500.csv,clue_search,01,59,55,46,14,5,1,1,503,60,443,121,382,495,acbba_entry:382;clue:2;collision_intent:60;state:59,1559,0,completed
217,dcta_parity_v1,topk_filter,aa0724188407797eae5187348bee11ee9f51317c4e8a201863b052786aa2f1df,823213c90703fd83224ad7122ee730ba64af3769ea517af252103bddd907f681,ACBBA,ideal,1.0,19,361,4,0.05,18,,,acbba_topk_5,/home/agxorin/topk_filter_study/simulator/scenarios/final_trial_500.csv,clue_search,02,60,56,47,14,2,0,0,528,61,467,123,405,520,acbba_entry:405;clue:2;collision_intent:60;state:60;target:1,1535,0,completed
217,dcta_parity_v1,topk_filter,aa0724188407797eae5187348bee11ee9f51317c4e8a201863b052786aa2f1df,823213c90703fd83224ad7122ee730ba64af3769ea517af252103bddd907f681,ACBBA,ideal,1.0,19,361,4,0.05,18,,,acbba_topk_5,/home/agxorin/topk_filter_study/simulator/scenarios/final_trial_500.csv,clue_search,03,58,54,55,4,2,0,0,514,58,456,118,396,506,acbba_entry:396;clue:2;collision_intent:58;state:58,1548,0,completed
218,dcta_parity_v1,topk_filter,aa0724188407797eae5187348bee11ee9f51317c4e8a201863b052786aa2f1df,823213c90703fd83224ad7122ee730ba64af3769ea517af252103bddd907f681,ACBBA,ideal,1.0,19,361,4,0.05,18,,,acbba_topk_5,/home/agxorin/topk_filter_study/simulator/scenarios/final_trial_500.csv,clue_search,00,2,0,3,0,0,0,0,4,2,2,4,0,0,collision_intent:2;state:2,12,0,completed
218,dcta_parity_v1,topk_filter,aa0724188407797eae5187348bee11ee9f51317c4e8a201863b052786aa2f1df,823213c90703fd83224ad7122ee730ba64af3769ea517af252103bddd907f681,ACBBA,ideal,1.0,19,361,4,0.05,18,,,acbba_topk_5,/home/agxorin/topk_filter_study/simulator/scenarios/final_trial_500.csv,clue_search,01,2,0,3,0,0,0,0,5,3,2,5,0,0,collision_intent:2;state:2;target:1,12,0,completed
218,dcta_parity_v1,topk_filter,aa0724188407797eae5187348bee11ee9f51317c4e8a201863b052786aa2f1df,823213c90703fd83224ad7122ee730ba64af3769ea517af252103bddd907f681,ACBBA,ideal,1.0,19,361,4,0.05,18,,,acbba_topk_5,/home/agxorin/topk_filter_study/simulator/scenarios/final_trial_500.csv,clue_search,02,2,0,3,0,0,0,0,4,2,2,4,0,0,collision_intent:2;state:2,13,0,completed
218,dcta_parity_v1,topk_filter,aa0724188407797eae5187348bee11ee9f51317c4e8a201863b052786aa2f1df,823213c90703fd83224ad7122ee730ba64af3769ea517af252103bddd907f681,ACBBA,ideal,1.0,19,361,4,0.05,18,,,acbba_topk_5,/home/agxorin/topk_filter_study/simulator/scenarios/final_trial_500.csv,clue_search,03,2,0,3,0,0,0,0,4,2,2,4,0,0,collision_intent:2;state:2,12,0,completed
219,dcta_parity_v1,topk_filter,aa0724188407797eae5187348bee11ee9f51317c4e8a201863b052786aa2f1df,823213c90703fd83224ad7122ee730ba64af3769ea517af252103bddd907f681,ACBBA,ideal,1.0,19,361,4,0.05,18,,,acbba_topk_5,/home/agxorin/topk_filter_study/simulator/scenarios/final_trial_500.csv,clue_search,00,57,32,52,6,2,5,2,411,62,349,122,289,361,acbba_entry:289;clue:3;collision_intent:62;state:57,1168,0,completed
219,dcta_parity_v1,topk_filter,aa0724188407797eae5187348bee11ee9f51317c4e8a201863b052786aa2f1df,823213c90703fd83224ad7122ee730ba64af3769ea517af252103bddd907f681,ACBBA,ideal,1.0,19,361,4,0.05,18,,,acbba_topk_5,/home/agxorin/topk_filter_study/simulator/scenarios/final_trial_500.csv,clue_search,01,57,32,57,1,0,0,0,393,58,335,118,275,343,acbba_entry:275;clue:3;collision_intent:57;state:57;target:1,1187,0,completed
219,dcta_parity_v1,topk_filter,aa0724188407797eae5187348bee11ee9f51317c4e8a201863b052786aa2f1df,823213c90703fd83224ad7122ee730ba64af3769ea517af252103bddd907f681,ACBBA,ideal,1.0,19,361,4,0.05,18,,,acbba_topk_5,/home/agxorin/topk_filter_study/simulator/scenarios/final_trial_500.csv,clue_search,02,57,32,51,7,1,0,0,398,57,341,117,281,348,acbba_entry:281;clue:3;collision_intent:57;state:57,1182,0,completed
219,dcta_parity_v1,topk_filter,aa0724188407797eae5187348bee11ee9f51317c4e8a201863b052786aa2f1df,823213c90703fd83224ad7122ee730ba64af3769ea517af252103bddd907f681,ACBBA,ideal,1.0,19,361,4,0.05,18,,,acbba_topk_5,/home/agxorin/topk_filter_study/simulator/scenarios/final_trial_500.csv,clue_search,03,57,33,51,7,1,0,0,378,57,321,117,261,329,acbba_entry:261;clue:3;collision_intent:57;state:57,1201,0,completed
220,dcta_parity_v1,topk_filter,aa0724188407797eae5187348bee11ee9f51317c4e8a201863b052786aa2f1df,823213c90703fd83224ad7122ee730ba64af3769ea517af252103bddd907f681,ACBBA,ideal,1.0,19,361,4,0.05,18,,,acbba_topk_5,/home/agxorin/topk_filter_study/simulator/scenarios/final_trial_500.csv,clue_search,00,64,34,59,6,1,0,0,357,64,293,129,228,297,acbba_entry:228;clue:1;collision_intent:64;state:64,1075,0,completed
220,dcta_parity_v1,topk_filter,aa0724188407797eae5187348bee11ee9f51317c4e8a201863b052786aa2f1df,823213c90703fd83224ad7122ee730ba64af3769ea517af252103bddd907f681,ACBBA,ideal,1.0,19,361,4,0.05,18,,,acbba_topk_5,/home/agxorin/topk_filter_study/simulator/scenarios/final_trial_500.csv,clue_search,01,63,33,58,6,0,0,0,352,64,288,128,224,292,acbba_entry:224;clue:1;collision_intent:63;state:63;target:1,1081,0,completed
220,dcta_parity_v1,topk_filter,aa0724188407797eae5187348bee11ee9f51317c4e8a201863b052786aa2f1df,823213c90703fd83224ad7122ee730ba64af3769ea517af252103bddd907f681,ACBBA,ideal,1.0,19,361,4,0.05,18,,,acbba_topk_5,/home/agxorin/topk_filter_study/simulator/scenarios/final_trial_500.csv,clue_search,02,63,33,57,7,2,0,0,371,63,308,127,244,311,acbba_entry:244;clue:1;collision_intent:63;state:63,1062,0,completed
220,dcta_parity_v1,topk_filter,aa0724188407797eae5187348bee11ee9f51317c4e8a201863b052786aa2f1df,823213c90703fd83224ad7122ee730ba64af3769ea517af252103bddd907f681,ACBBA,ideal,1.0,19,361,4,0.05,18,,,acbba_topk_5,/home/agxorin/topk_filter_study/simulator/scenarios/final_trial_500.csv,clue_search,03,62,32,50,13,1,0,0,353,62,291,125,228,293,acbba_entry:228;clue:1;collision_intent:62;state:62,1079,0,completed
221,dcta_parity_v1,topk_filter,aa0724188407797eae5187348bee11ee9f51317c4e8a201863b052786aa2f1df,823213c90703fd83224ad7122ee730ba64af3769ea517af252103bddd907f681,ACBBA,ideal,1.0,19,361,4,0.05,18,,,acbba_topk_5,/home/agxorin/topk_filter_study/simulator/scenarios/final_trial_500.csv,clue_search,00,12,0,13,0,0,0,0,24,12,12,24,0,0,collision_intent:12;state:12,72,0,completed
221,dcta_parity_v1,topk_filter,aa0724188407797eae5187348bee11ee9f51317c4e8a201863b052786aa2f1df,823213c90703fd83224ad7122ee730ba64af3769ea517af252103bddd907f681,ACBBA,ideal,1.0,19,361,4,0.05,18,,,acbba_topk_5,/home/agxorin/topk_filter_study/simulator/scenarios/final_trial_500.csv,clue_search,01,12,0,13,0,0,0,0,25,13,12,25,0,0,collision_intent:12;state:12;target:1,72,0,completed
221,dcta_parity_v1,topk_filter,aa0724188407797eae5187348bee11ee9f51317c4e8a201863b052786aa2f1df,823213c90703fd83224ad7122ee730ba64af3769ea517af252103bddd907f681,ACBBA,ideal,1.0,19,361,4,0.05,18,,,acbba_topk_5,/home/agxorin/topk_filter_study/simulator/scenarios/final_trial_500.csv,clue_search,02,12,0,13,0,0,0,0,24,12,12,24,0,0,collision_intent:12;state:12,71,0,completed
221,dcta_parity_v1,topk_filter,aa0724188407797eae5187348bee11ee9f51317c4e8a201863b052786aa2f1df,823213c90703fd83224ad7122ee730ba64af3769ea517af252103bddd907f681,ACBBA,ideal,1.0,19,361,4,0.05,18,,,acbba_topk_5,/home/agxorin/topk_filter_study/simulator/scenarios/final_trial_500.csv,clue_search,03,12,0,13,0,0,0,0,24,12,12,24,0,0,collision_intent:12;state:12,72,0,completed
222,dcta_parity_v1,topk_filter,aa0724188407797eae5187348bee11ee9f51317c4e8a201863b052786aa2f1df,823213c90703fd83224ad7122ee730ba64af3769ea517af252103bddd907f681,ACBBA,ideal,1.0,19,361,4,0.05,18,,,acbba_topk_5,/home/agxorin/topk_filter_study/simulator/scenarios/final_trial_500.csv,clue_search,00,42,38,41,2,0,0,0,335,42,293,87,248,327,acbba_entry:248;clue:3;collision_intent:42;state:42,1045,0,completed
222,dcta_parity_v1,topk_filter,aa0724188407797eae5187348bee11ee9f51317c4e8a201863b052786aa2f1df,823213c90703fd83224ad7122ee730ba64af3769ea517af252103bddd907f681,ACBBA,ideal,1.0,19,361,4,0.05,18,,,acbba_topk_5,/home/agxorin/topk_filter_study/simulator/scenarios/final_trial_500.csv,clue_search,01,40,36,38,3,1,0,0,349,41,308,84,265,341,acbba_entry:265;clue:3;collision_intent:41;state:40,1031,0,completed
222,dcta_parity_v1,topk_filter,aa0724188407797eae5187348bee11ee9f51317c4e8a201863b052786aa2f1df,823213c90703fd83224ad7122ee730ba64af3769ea517af252103bddd907f681,ACBBA,ideal,1.0,19,361,4,0.05,18,,,acbba_topk_5,/home/agxorin/topk_filter_study/simulator/scenarios/final_trial_500.csv,clue_search,02,41,37,40,2,0,0,0,347,42,305,86,261,339,acbba_entry:261;clue:3;collision_intent:41;state:41;target:1,1033,0,completed
222,dcta_parity_v1,topk_filter,aa0724188407797eae5187348bee11ee9f51317c4e8a201863b052786aa2f1df,823213c90703fd83224ad7122ee730ba64af3769ea517af252103bddd907f681,ACBBA,ideal,1.0,19,361,4,0.05,18,,,acbba_topk_5,/home/agxorin/topk_filter_study/simulator/scenarios/final_trial_500.csv,clue_search,03,40,36,33,8,5,0,0,349,41,308,84,265,341,acbba_entry:265;clue:3;collision_intent:41;state:40,1031,0,completed
223,dcta_parity_v1,topk_filter,aa0724188407797eae5187348bee11ee9f51317c4e8a201863b052786aa2f1df,823213c90703fd83224ad7122ee730ba64af3769ea517af252103bddd907f681,ACBBA,ideal,1.0,19,361,4,0.05,18,,,acbba_topk_5,/home/agxorin/topk_filter_study/simulator/scenarios/final_trial_500.csv,clue_search,00,45,11,45,1,1,0,0,162,45,117,93,69,94,acbba_entry:69;clue:3;collision_intent:45;state:45,490,0,completed
223,dcta_parity_v1,topk_filter,aa0724188407797eae5187348bee11ee9f51317c4e8a201863b052786aa2f1df,823213c90703fd83224ad7122ee730ba64af3769ea517af252103bddd907f681,ACBBA,ideal,1.0,19,361,4,0.05,18,,,acbba_topk_5,/home/agxorin/topk_filter_study/simulator/scenarios/final_trial_500.csv,clue_search,01,44,10,43,2,2,0,0,158,44,114,91,67,90,acbba_entry:67;clue:3;collision_intent:44;state:44,493,0,completed
223,dcta_parity_v1,topk_filter,aa0724188407797eae5187348bee11ee9f51317c4e8a201863b052786aa2f1df,823213c90703fd83224ad7122ee730ba64af3769ea517af252103bddd907f681,ACBBA,ideal,1.0,19,361,4,0.05,18,,,acbba_topk_5,/home/agxorin/topk_filter_study/simulator/scenarios/final_trial_500.csv,clue_search,02,44,10,43,2,1,0,0,164,45,119,92,72,96,acbba_entry:72;clue:3;collision_intent:44;state:44;target:1,489,0,completed
223,dcta_parity_v1,topk_filter,aa0724188407797eae5187348bee11ee9f51317c4e8a201863b052786aa2f1df,823213c90703fd83224ad7122ee730ba64af3769ea517af252103bddd907f681,ACBBA,ideal,1.0,19,361,4,0.05,18,,,acbba_topk_5,/home/agxorin/topk_filter_study/simulator/scenarios/final_trial_500.csv,clue_search,03,44,10,45,0,0,0,0,169,44,125,91,78,101,acbba_entry:78;clue:3;collision_intent:44;state:44,482,0,completed
224,dcta_parity_v1,topk_filter,aa0724188407797eae5187348bee11ee9f51317c4e8a201863b052786aa2f1df,823213c90703fd83224ad7122ee730ba64af3769ea517af252103bddd907f681,ACBBA,ideal,1.0,19,361,4,0.05,18,,,acbba_topk_5,/home/agxorin/topk_filter_study/simulator/scenarios/final_trial_500.csv,clue_search,00,65,56,62,4,1,0,0,535,65,470,134,401,517,acbba_entry:401;clue:4;collision_intent:65;state:65,1601,0,completed
224,dcta_parity_v1,topk_filter,aa0724188407797eae5187348bee11ee9f51317c4e8a201863b052786aa2f1df,823213c90703fd83224ad7122ee730ba64af3769ea517af252103bddd907f681,ACBBA,ideal,1.0,19,361,4,0.05,18,,,acbba_topk_5,/home/agxorin/topk_filter_study/simulator/scenarios/final_trial_500.csv,clue_search,01,65,56,50,16,3,0,0,529,66,463,135,394,511,acbba_entry:394;clue:4;collision_intent:65;state:65;target:1,1607,0,completed
224,dcta_parity_v1,topk_filter,aa0724188407797eae5187348bee11ee9f51317c4e8a201863b052786aa2f1df,823213c90703fd83224ad7122ee730ba64af3769ea517af252103bddd907f681,ACBBA,ideal,1.0,19,361,4,0.05,18,,,acbba_topk_5,/home/agxorin/topk_filter_study/simulator/scenarios/final_trial_500.csv,clue_search,02,66,57,48,19,5,2,2,521,68,453,138,383,503,acbba_entry:383;clue:4;collision_intent:68;state:66,1613,0,completed
224,dcta_parity_v1,topk_filter,aa0724188407797eae5187348bee11ee9f51317c4e8a201863b052786aa2f1df,823213c90703fd83224ad7122ee730ba64af3769ea517af252103bddd907f681,ACBBA,ideal,1.0,19,361,4,0.05,18,,,acbba_topk_5,/home/agxorin/topk_filter_study/simulator/scenarios/final_trial_500.csv,clue_search,03,65,56,62,4,3,0,0,551,65,486,134,417,533,acbba_entry:417;clue:4;collision_intent:65;state:65,1583,0,completed
225,dcta_parity_v1,topk_filter,aa0724188407797eae5187348bee11ee9f51317c4e8a201863b052786aa2f1df,823213c90703fd83224ad7122ee730ba64af3769ea517af252103bddd907f681,ACBBA,ideal,1.0,19,361,4,0.05,18,,,acbba_topk_5,/home/agxorin/topk_filter_study/simulator/scenarios/final_trial_500.csv,clue_search,00,35,0,36,0,0,0,0,71,36,35,71,0,0,collision_intent:35;state:35;target:1,201,0,completed
225,dcta_parity_v1,topk_filter,aa0724188407797eae5187348bee11ee9f51317c4e8a201863b052786aa2f1df,823213c90703fd83224ad7122ee730ba64af3769ea517af252103bddd907f681,ACBBA,ideal,1.0,19,361,4,0.05,18,,,acbba_topk_5,/home/agxorin/topk_filter_study/simulator/scenarios/final_trial_500.csv,clue_search,01,33,0,34,0,0,0,0,67,34,33,67,0,0,collision_intent:34;state:33,205,0,completed
225,dcta_parity_v1,topk_filter,aa0724188407797eae5187348bee11ee9f51317c4e8a201863b052786aa2f1df,823213c90703fd83224ad7122ee730ba64af3769ea517af252103bddd907f681,ACBBA,ideal,1.0,19,361,4,0.05,18,,,acbba_topk_5,/home/agxorin/topk_filter_study/simulator/scenarios/final_trial_500.csv,clue_search,02,34,0,35,0,0,0,0,68,34,34,68,0,0,collision_intent:34;state:34,203,0,completed
225,dcta_parity_v1,topk_filter,aa0724188407797eae5187348bee11ee9f51317c4e8a201863b052786aa2f1df,823213c90703fd83224ad7122ee730ba64af3769ea517af252103bddd907f681,ACBBA,ideal,1.0,19,361,4,0.05,18,,,acbba_topk_5,/home/agxorin/topk_filter_study/simulator/scenarios/final_trial_500.csv,clue_search,03,33,0,34,0,0,0,0,66,33,33,66,0,0,collision_intent:33;state:33,205,0,completed
226,dcta_parity_v1,topk_filter,aa0724188407797eae5187348bee11ee9f51317c4e8a201863b052786aa2f1df,823213c90703fd83224ad7122ee730ba64af3769ea517af252103bddd907f681,ACBBA,ideal,1.0,19,361,4,0.05,18,,,acbba_topk_5,/home/agxorin/topk_filter_study/simulator/scenarios/final_trial_500.csv,clue_search,00,29,21,28,2,1,0,0,194,29,165,59,135,178,acbba_entry:135;clue:1;collision_intent:29;state:29,631,0,completed
226,dcta_parity_v1,topk_filter,aa0724188407797eae5187348bee11ee9f51317c4e8a201863b052786aa2f1df,823213c90703fd83224ad7122ee730ba64af3769ea517af252103bddd907f681,ACBBA,ideal,1.0,19,361,4,0.05,18,,,acbba_topk_5,/home/agxorin/topk_filter_study/simulator/scenarios/final_trial_500.csv,clue_search,01,28,21,29,0,2,0,0,216,29,187,58,158,202,acbba_entry:158;clue:1;collision_intent:28;state:28;target:1,609,0,completed
226,dcta_parity_v1,topk_filter,aa0724188407797eae5187348bee11ee9f51317c4e8a201863b052786aa2f1df,823213c90703fd83224ad7122ee730ba64af3769ea517af252103bddd907f681,ACBBA,ideal,1.0,19,361,4,0.05,18,,,acbba_topk_5,/home/agxorin/topk_filter_study/simulator/scenarios/final_trial_500.csv,clue_search,02,28,20,26,3,1,0,0,205,28,177,57,148,189,acbba_entry:148;clue:1;collision_intent:28;state:28,620,0,completed
226,dcta_parity_v1,topk_filter,aa0724188407797eae5187348bee11ee9f51317c4e8a201863b052786aa2f1df,823213c90703fd83224ad7122ee730ba64af3769ea517af252103bddd907f681,ACBBA,ideal,1.0,19,361,4,0.05,18,,,acbba_topk_5,/home/agxorin/topk_filter_study/simulator/scenarios/final_trial_500.csv,clue_search,03,28,21,27,2,1,0,0,210,28,182,57,153,196,acbba_entry:153;clue:1;collision_intent:28;state:28,613,0,completed
227,dcta_parity_v1,topk_filter,aa0724188407797eae5187348bee11ee9f51317c4e8a201863b052786aa2f1df,823213c90703fd83224ad7122ee730ba64af3769ea517af252103bddd907f681,ACBBA,ideal,1.0,19,361,4,0.05,18,,,acbba_topk_5,/home/agxorin/topk_filter_study/simulator/scenarios/final_trial_500.csv,clue_search,00,53,37,47,7,1,1,1,367,54,313,108,259,335,acbba_entry:259;clue:1;collision_intent:54;state:53,1193,0,completed
227,dcta_parity_v1,topk_filter,aa0724188407797eae5187348bee11ee9f51317c4e8a201863b052786aa2f1df,823213c90703fd83224ad7122ee730ba64af3769ea517af252103bddd907f681,ACBBA,ideal,1.0,19,361,4,0.05,18,,,acbba_topk_5,/home/agxorin/topk_filter_study/simulator/scenarios/final_trial_500.csv,clue_search,01,53,37,38,16,3,5,5,399,58,341,112,287,367,acbba_entry:287;clue:1;collision_intent:58;state:53,1160,0,completed
227,dcta_parity_v1,topk_filter,aa0724188407797eae5187348bee11ee9f51317c4e8a201863b052786aa2f1df,823213c90703fd83224ad7122ee730ba64af3769ea517af252103bddd907f681,ACBBA,ideal,1.0,19,361,4,0.05,18,,,acbba_topk_5,/home/agxorin/topk_filter_study/simulator/scenarios/final_trial_500.csv,clue_search,02,54,38,49,6,7,1,1,392,56,336,111,281,360,acbba_entry:281;clue:1;collision_intent:55;state:54;target:1,1168,0,completed
227,dcta_parity_v1,topk_filter,aa0724188407797eae5187348bee11ee9f51317c4e8a201863b052786aa2f1df,823213c90703fd83224ad7122ee730ba64af3769ea517af252103bddd907f681,ACBBA,ideal,1.0,19,361,4,0.05,18,,,acbba_topk_5,/home/agxorin/topk_filter_study/simulator/scenarios/final_trial_500.csv,clue_search,03,54,38,49,6,2,0,0,402,54,348,109,293,370,acbba_entry:293;clue:1;collision_intent:54;state:54,1157,0,completed
228,dcta_parity_v1,topk_filter,aa0724188407797eae5187348bee11ee9f51317c4e8a201863b052786aa2f1df,823213c90703fd83224ad7122ee730ba64af3769ea517af252103bddd907f681,ACBBA,ideal,1.0,19,361,4,0.05,18,,,acbba_topk_5,/home/agxorin/topk_filter_study/simulator/scenarios/final_trial_500.csv,clue_search,00,15,4,16,0,2,0,0,58,15,43,31,27,36,acbba_entry:27;clue:1;collision_intent:15;state:15,167,0,completed
228,dcta_parity_v1,topk_filter,aa0724188407797eae5187348bee11ee9f51317c4e8a201863b052786aa2f1df,823213c90703fd83224ad7122ee730ba64af3769ea517af252103bddd907f681,ACBBA,ideal,1.0,19,361,4,0.05,18,,,acbba_topk_5,/home/agxorin/topk_filter_study/simulator/scenarios/final_trial_500.csv,clue_search,01,15,4,16,0,1,0,0,60,15,45,31,29,38,acbba_entry:29;clue:1;collision_intent:15;state:15,165,0,completed
228,dcta_parity_v1,topk_filter,aa0724188407797eae5187348bee11ee9f51317c4e8a201863b052786aa2f1df,823213c90703fd83224ad7122ee730ba64af3769ea517af252103bddd907f681,ACBBA,ideal,1.0,19,361,4,0.05,18,,,acbba_topk_5,/home/agxorin/topk_filter_study/simulator/scenarios/final_trial_500.csv,clue_search,02,15,4,16,0,1,0,0,56,16,40,32,24,34,acbba_entry:24;clue:1;collision_intent:15;state:15;target:1,169,0,completed
228,dcta_parity_v1,topk_filter,aa0724188407797eae5187348bee11ee9f51317c4e8a201863b052786aa2f1df,823213c90703fd83224ad7122ee730ba64af3769ea517af252103bddd907f681,ACBBA,ideal,1.0,19,361,4,0.05,18,,,acbba_topk_5,/home/agxorin/topk_filter_study/simulator/scenarios/final_trial_500.csv,clue_search,03,14,3,15,0,0,0,0,51,14,37,29,22,29,acbba_entry:22;clue:1;collision_intent:14;state:14,173,0,completed
229,dcta_parity_v1,topk_filter,aa0724188407797eae5187348bee11ee9f51317c4e8a201863b052786aa2f1df,823213c90703fd83224ad7122ee730ba64af3769ea517af252103bddd907f681,ACBBA,ideal,1.0,19,361,4,0.05,18,,,acbba_topk_5,/home/agxorin/topk_filter_study/simulator/scenarios/final_trial_500.csv,clue_search,00,88,72,78,11,0,0,0,657,88,569,180,477,625,acbba_entry:477;clue:4;collision_intent:88;state:88,1943,0,completed
229,dcta_parity_v1,topk_filter,aa0724188407797eae5187348bee11ee9f51317c4e8a201863b052786aa2f1df,823213c90703fd83224ad7122ee730ba64af3769ea517af252103bddd907f681,ACBBA,ideal,1.0,19,361,4,0.05,18,,,acbba_topk_5,/home/agxorin/topk_filter_study/simulator/scenarios/final_trial_500.csv,clue_search,01,88,72,62,27,2,0,0,650,89,561,181,469,618,acbba_entry:469;clue:4;collision_intent:88;state:88;target:1,1951,0,completed
229,dcta_parity_v1,topk_filter,aa0724188407797eae5187348bee11ee9f51317c4e8a201863b052786aa2f1df,823213c90703fd83224ad7122ee730ba64af3769ea517af252103bddd907f681,ACBBA,ideal,1.0,19,361,4,0.05,18,,,acbba_topk_5,/home/agxorin/topk_filter_study/simulator/scenarios/final_trial_500.csv,clue_search,02,90,74,68,23,3,2,1,632,92,540,186,446,600,acbba_entry:446;clue:4;collision_intent:92;state:90,1967,0,completed
229,dcta_parity_v1,topk_filter,aa0724188407797eae5187348bee11ee9f51317c4e8a201863b052786aa2f1df,823213c90703fd83224ad7122ee730ba64af3769ea517af252103bddd907f681,ACBBA,ideal,1.0,19,361,4,0.05,18,,,acbba_topk_5,/home/agxorin/topk_filter_study/simulator/scenarios/final_trial_500.csv,clue_search,03,88,72,78,11,8,2,1,662,90,572,182,480,630,acbba_entry:480;clue:4;collision_intent:90;state:88,1938,0,completed
230,dcta_parity_v1,topk_filter,aa0724188407797eae5187348bee11ee9f51317c4e8a201863b052786aa2f1df,823213c90703fd83224ad7122ee730ba64af3769ea517af252103bddd907f681,ACBBA,ideal,1.0,19,361,4,0.05,18,,,acbba_topk_5,/home/agxorin/topk_filter_study/simulator/scenarios/final_trial_500.csv,clue_search,00,17,1,18,0,0,0,0,38,17,21,35,3,6,acbba_entry:3;clue:1;collision_intent:17;state:17,114,0,completed
230,dcta_parity_v1,topk_filter,aa0724188407797eae5187348bee11ee9f51317c4e8a201863b052786aa2f1df,823213c90703fd83224ad7122ee730ba64af3769ea517af252103bddd907f681,ACBBA,ideal,1.0,19,361,4,0.05,18,,,acbba_topk_5,/home/agxorin/topk_filter_study/simulator/scenarios/final_trial_500.csv,clue_search,01,17,1,18,0,0,0,0,39,18,21,36,3,7,acbba_entry:3;clue:1;collision_intent:17;state:17;target:1,114,0,completed
230,dcta_parity_v1,topk_filter,aa0724188407797eae5187348bee11ee9f51317c4e8a201863b052786aa2f1df,823213c90703fd83224ad7122ee730ba64af3769ea517af252103bddd907f681,ACBBA,ideal,1.0,19,361,4,0.05,18,,,acbba_topk_5,/home/agxorin/topk_filter_study/simulator/scenarios/final_trial_500.csv,clue_search,02,17,0,18,0,0,0,0,35,17,18,35,0,1,clue:1;collision_intent:17;state:17,118,0,completed
230,dcta_parity_v1,topk_filter,aa0724188407797eae5187348bee11ee9f51317c4e8a201863b052786aa2f1df,823213c90703fd83224ad7122ee730ba64af3769ea517af252103bddd907f681,ACBBA,ideal,1.0,19,361,4,0.05,18,,,acbba_topk_5,/home/agxorin/topk_filter_study/simulator/scenarios/final_trial_500.csv,clue_search,03,17,1,18,0,0,0,0,41,17,24,35,6,9,acbba_entry:6;clue:1;collision_intent:17;state:17,111,0,completed
231,dcta_parity_v1,topk_filter,aa0724188407797eae5187348bee11ee9f51317c4e8a201863b052786aa2f1df,823213c90703fd83224ad7122ee730ba64af3769ea517af252103bddd907f681,ACBBA,ideal,1.0,19,361,4,0.05,18,,,acbba_topk_5,/home/agxorin/topk_filter_study/simulator/scenarios/final_trial_500.csv,clue_search,00,14,0,15,0,0,0,0,29,15,14,29,0,0,collision_intent:14;state:14;target:1,80,0,completed
231,dcta_parity_v1,topk_filter,aa0724188407797eae5187348bee11ee9f51317c4e8a201863b052786aa2f1df,823213c90703fd83224ad7122ee730ba64af3769ea517af252103bddd907f681,ACBBA,ideal,1.0,19,361,4,0.05,18,,,acbba_topk_5,/home/agxorin/topk_filter_study/simulator/scenarios/final_trial_500.csv,clue_search,01,13,0,14,0,0,0,0,26,13,13,26,0,0,collision_intent:13;state:13,81,0,completed
231,dcta_parity_v1,topk_filter,aa0724188407797eae5187348bee11ee9f51317c4e8a201863b052786aa2f1df,823213c90703fd83224ad7122ee730ba64af3769ea517af252103bddd907f681,ACBBA,ideal,1.0,19,361,4,0.05,18,,,acbba_topk_5,/home/agxorin/topk_filter_study/simulator/scenarios/final_trial_500.csv,clue_search,02,14,0,15,0,0,0,0,28,14,14,28,0,0,collision_intent:14;state:14,80,0,completed
231,dcta_parity_v1,topk_filter,aa0724188407797eae5187348bee11ee9f51317c4e8a201863b052786aa2f1df,823213c90703fd83224ad7122ee730ba64af3769ea517af252103bddd907f681,ACBBA,ideal,1.0,19,361,4,0.05,18,,,acbba_topk_5,/home/agxorin/topk_filter_study/simulator/scenarios/final_trial_500.csv,clue_search,03,13,0,14,0,0,0,0,26,13,13,26,0,0,collision_intent:13;state:13,81,0,completed
232,dcta_parity_v1,topk_filter,aa0724188407797eae5187348bee11ee9f51317c4e8a201863b052786aa2f1df,823213c90703fd83224ad7122ee730ba64af3769ea517af252103bddd907f681,ACBBA,ideal,1.0,19,361,4,0.05,18,,,acbba_topk_5,/home/agxorin/topk_filter_study/simulator/scenarios/final_trial_500.csv,clue_search,00,8,4,9,0,1,0,0,34,8,26,17,17,26,acbba_entry:17;clue:1;collision_intent:8;state:8,105,0,completed
232,dcta_parity_v1,topk_filter,aa0724188407797eae5187348bee11ee9f51317c4e8a201863b052786aa2f1df,823213c90703fd83224ad7122ee730ba64af3769ea517af252103bddd907f681,ACBBA,ideal,1.0,19,361,4,0.05,18,,,acbba_topk_5,/home/agxorin/topk_filter_study/simulator/scenarios/final_trial_500.csv,clue_search,01,8,5,9,0,1,0,0,35,9,26,18,17,29,acbba_entry:17;clue:1;collision_intent:8;state:8;target:1,106,0,completed
232,dcta_parity_v1,topk_filter,aa0724188407797eae5187348bee11ee9f51317c4e8a201863b052786aa2f1df,823213c90703fd83224ad7122ee730ba64af3769ea517af252103bddd907f681,ACBBA,ideal,1.0,19,361,4,0.05,18,,,acbba_topk_5,/home/agxorin/topk_filter_study/simulator/scenarios/final_trial_500.csv,clue_search,02,7,3,8,0,0,0,0,40,8,32,16,24,32,acbba_entry:24;clue:1;collision_intent:8;state:7,100,0,completed
232,dcta_parity_v1,topk_filter,aa0724188407797eae5187348bee11ee9f51317c4e8a201863b052786aa2f1df,823213c90703fd83224ad7122ee730ba64af3769ea517af252103bddd907f681,ACBBA,ideal,1.0,19,361,4,0.05,18,,,acbba_topk_5,/home/agxorin/topk_filter_study/simulator/scenarios/final_trial_500.csv,clue_search,03,7,4,8,0,0,0,0,32,8,24,16,16,25,acbba_entry:16;clue:1;collision_intent:8;state:7,108,0,completed
233,dcta_parity_v1,topk_filter,aa0724188407797eae5187348bee11ee9f51317c4e8a201863b052786aa2f1df,823213c90703fd83224ad7122ee730ba64af3769ea517af252103bddd907f681,ACBBA,ideal,1.0,19,361,4,0.05,18,,,acbba_topk_5,/home/agxorin/topk_filter_study/simulator/scenarios/final_trial_500.csv,clue_search,00,12,9,13,0,1,1,1,85,13,72,26,59,79,acbba_entry:59;clue:1;collision_intent:13;state:12,232,0,completed
233,dcta_parity_v1,topk_filter,aa0724188407797eae5187348bee11ee9f51317c4e8a201863b052786aa2f1df,823213c90703fd83224ad7122ee730ba64af3769ea517af252103bddd907f681,ACBBA,ideal,1.0,19,361,4,0.05,18,,,acbba_topk_5,/home/agxorin/topk_filter_study/simulator/scenarios/final_trial_500.csv,clue_search,01,13,11,14,0,1,0,0,80,14,66,28,52,76,acbba_entry:52;clue:1;collision_intent:13;state:13;target:1,238,0,completed
233,dcta_parity_v1,topk_filter,aa0724188407797eae5187348bee11ee9f51317c4e8a201863b052786aa2f1df,823213c90703fd83224ad7122ee730ba64af3769ea517af252103bddd907f681,ACBBA,ideal,1.0,19,361,4,0.05,18,,,acbba_topk_5,/home/agxorin/topk_filter_study/simulator/scenarios/final_trial_500.csv,clue_search,02,13,10,14,0,2,0,0,78,13,65,27,51,72,acbba_entry:51;clue:1;collision_intent:13;state:13,240,0,completed
233,dcta_parity_v1,topk_filter,aa0724188407797eae5187348bee11ee9f51317c4e8a201863b052786aa2f1df,823213c90703fd83224ad7122ee730ba64af3769ea517af252103bddd907f681,ACBBA,ideal,1.0,19,361,4,0.05,18,,,acbba_topk_5,/home/agxorin/topk_filter_study/simulator/scenarios/final_trial_500.csv,clue_search,03,13,11,11,3,2,0,0,75,13,62,27,48,71,acbba_entry:48;clue:1;collision_intent:13;state:13,241,0,completed
234,dcta_parity_v1,topk_filter,aa0724188407797eae5187348bee11ee9f51317c4e8a201863b052786aa2f1df,823213c90703fd83224ad7122ee730ba64af3769ea517af252103bddd907f681,ACBBA,ideal,1.0,19,361,4,0.05,18,,,acbba_topk_5,/home/agxorin/topk_filter_study/simulator/scenarios/final_trial_500.csv,clue_search,00,71,59,65,7,3,0,0,616,71,545,144,472,592,acbba_entry:472;clue:2;collision_intent:71;state:71,1857,0,completed
234,dcta_parity_v1,topk_filter,aa0724188407797eae5187348bee11ee9f51317c4e8a201863b052786aa2f1df,823213c90703fd83224ad7122ee730ba64af3769ea517af252103bddd907f681,ACBBA,ideal,1.0,19,361,4,0.05,18,,,acbba_topk_5,/home/agxorin/topk_filter_study/simulator/scenarios/final_trial_500.csv,clue_search,01,72,61,65,8,4,0,0,629,73,556,147,482,607,acbba_entry:482;clue:2;collision_intent:72;state:72;target:1,1846,0,completed
234,dcta_parity_v1,topk_filter,aa0724188407797eae5187348bee11ee9f51317c4e8a201863b052786aa2f1df,823213c90703fd83224ad7122ee730ba64af3769ea517af252103bddd907f681,ACBBA,ideal,1.0,19,361,4,0.05,18,,,acbba_topk_5,/home/agxorin/topk_filter_study/simulator/scenarios/final_trial_500.csv,clue_search,02,71,59,58,14,1,1,1,610,72,538,145,465,586,acbba_entry:465;clue:2;collision_intent:72;state:71,1865,0,completed
234,dcta_parity_v1,topk_filter,aa0724188407797eae5187348bee11ee9f51317c4e8a201863b052786aa2f1df,823213c90703fd83224ad7122ee730ba64af3769ea517af252103bddd907f681,ACBBA,ideal,1.0,19,361,4,0.05,18,,,acbba_topk_5,/home/agxorin/topk_filter_study/simulator/scenarios/final_trial_500.csv,clue_search,03,71,60,64,8,6,0,0,620,71,549,144,476,598,acbba_entry:476;clue:2;collision_intent:71;state:71,1855,0,completed
235,dcta_parity_v1,topk_filter,aa0724188407797eae5187348bee11ee9f51317c4e8a201863b052786aa2f1df,823213c90703fd83224ad7122ee730ba64af3769ea517af252103bddd907f681,ACBBA,ideal,1.0,19,361,4,0.05,18,,,acbba_topk_5,/home/agxorin/topk_filter_study/simulator/scenarios/final_trial_500.csv,clue_search,00,70,42,66,5,2,0,0,454,70,384,142,312,398,acbba_entry:312;clue:2;collision_intent:70;state:70,1373,0,completed
235,dcta_parity_v1,topk_filter,aa0724188407797eae5187348bee11ee9f51317c4e8a201863b052786aa2f1df,823213c90703fd83224ad7122ee730ba64af3769ea517af252103bddd907f681,ACBBA,ideal,1.0,19,361,4,0.05,18,,,acbba_topk_5,/home/agxorin/topk_filter_study/simulator/scenarios/final_trial_500.csv,clue_search,01,69,41,68,2,4,0,0,437,69,368,140,297,381,acbba_entry:297;clue:2;collision_intent:69;state:69,1390,0,completed
235,dcta_parity_v1,topk_filter,aa0724188407797eae5187348bee11ee9f51317c4e8a201863b052786aa2f1df,823213c90703fd83224ad7122ee730ba64af3769ea517af252103bddd907f681,ACBBA,ideal,1.0,19,361,4,0.05,18,,,acbba_topk_5,/home/agxorin/topk_filter_study/simulator/scenarios/final_trial_500.csv,clue_search,02,69,41,67,3,2,1,1,479,71,408,142,337,423,acbba_entry:337;clue:2;collision_intent:71;state:69,1349,0,completed
235,dcta_parity_v1,topk_filter,aa0724188407797eae5187348bee11ee9f51317c4e8a201863b052786aa2f1df,823213c90703fd83224ad7122ee730ba64af3769ea517af252103bddd907f681,ACBBA,ideal,1.0,19,361,4,0.05,18,,,acbba_topk_5,/home/agxorin/topk_filter_study/simulator/scenarios/final_trial_500.csv,clue_search,03,70,42,55,16,2,1,1,458,72,386,144,314,402,acbba_entry:314;clue:2;collision_intent:71;state:70;target:1,1370,0,completed
236,dcta_parity_v1,topk_filter,aa0724188407797eae5187348bee11ee9f51317c4e8a201863b052786aa2f1df,823213c90703fd83224ad7122ee730ba64af3769ea517af252103bddd907f681,ACBBA,ideal,1.0,19,361,4,0.05,18,,,acbba_topk_5,/home/agxorin/topk_filter_study/simulator/scenarios/final_trial_500.csv,clue_search,00,35,28,34,2,0,0,0,287,36,251,74,213,273,acbba_entry:213;clue:3;collision_intent:35;state:35;target:1,853,0,completed
236,dcta_parity_v1,topk_filter,aa0724188407797eae5187348bee11ee9f51317c4e8a201863b052786aa2f1df,823213c90703fd83224ad7122ee730ba64af3769ea517af252103bddd907f681,ACBBA,ideal,1.0,19,361,4,0.05,18,,,acbba_topk_5,/home/agxorin/topk_filter_study/simulator/scenarios/final_trial_500.csv,clue_search,01,34,27,30,5,1,0,0,294,34,260,71,223,280,acbba_entry:223;clue:3;collision_intent:34;state:34,845,0,completed
236,dcta_parity_v1,topk_filter,aa0724188407797eae5187348bee11ee9f51317c4e8a201863b052786aa2f1df,823213c90703fd83224ad7122ee730ba64af3769ea517af252103bddd907f681,ACBBA,ideal,1.0,19,361,4,0.05,18,,,acbba_topk_5,/home/agxorin/topk_filter_study/simulator/scenarios/final_trial_500.csv,clue_search,02,34,27,32,3,1,0,0,268,35,233,72,196,254,acbba_entry:196;clue:3;collision_intent:35;state:34,870,0,completed
236,dcta_parity_v1,topk_filter,aa0724188407797eae5187348bee11ee9f51317c4e8a201863b052786aa2f1df,823213c90703fd83224ad7122ee730ba64af3769ea517af252103bddd907f681,ACBBA,ideal,1.0,19,361,4,0.05,18,,,acbba_topk_5,/home/agxorin/topk_filter_study/simulator/scenarios/final_trial_500.csv,clue_search,03,34,28,32,3,4,0,0,291,34,257,71,220,279,acbba_entry:220;clue:3;collision_intent:34;state:34,847,0,completed
237,dcta_parity_v1,topk_filter,aa0724188407797eae5187348bee11ee9f51317c4e8a201863b052786aa2f1df,823213c90703fd83224ad7122ee730ba64af3769ea517af252103bddd907f681,ACBBA,ideal,1.0,19,361,4,0.05,18,,,acbba_topk_5,/home/agxorin/topk_filter_study/simulator/scenarios/final_trial_500.csv,clue_search,00,42,31,43,0,0,0,0,318,43,275,88,230,296,acbba_entry:230;clue:3;collision_intent:42;state:42;target:1,944,0,completed
237,dcta_parity_v1,topk_filter,aa0724188407797eae5187348bee11ee9f51317c4e8a201863b052786aa2f1df,823213c90703fd83224ad7122ee730ba64af3769ea517af252103bddd907f681,ACBBA,ideal,1.0,19,361,4,0.05,18,,,acbba_topk_5,/home/agxorin/topk_filter_study/simulator/scenarios/final_trial_500.csv,clue_search,01,41,30,39,3,0,1,1,317,42,275,86,231,295,acbba_entry:231;clue:3;collision_intent:42;state:41,944,0,completed
237,dcta_parity_v1,topk_filter,aa0724188407797eae5187348bee11ee9f51317c4e8a201863b052786aa2f1df,823213c90703fd83224ad7122ee730ba64af3769ea517af252103bddd907f681,ACBBA,ideal,1.0,19,361,4,0.05,18,,,acbba_topk_5,/home/agxorin/topk_filter_study/simulator/scenarios/final_trial_500.csv,clue_search,02,41,30,40,2,1,4,2,317,45,272,89,228,295,acbba_entry:228;clue:3;collision_intent:45;state:41,944,0,completed
237,dcta_parity_v1,topk_filter,aa0724188407797eae5187348bee11ee9f51317c4e8a201863b052786aa2f1df,823213c90703fd83224ad7122ee730ba64af3769ea517af252103bddd907f681,ACBBA,ideal,1.0,19,361,4,0.05,18,,,acbba_topk_5,/home/agxorin/topk_filter_study/simulator/scenarios/final_trial_500.csv,clue_search,03,42,31,32,11,3,1,1,310,43,267,88,222,288,acbba_entry:222;clue:3;collision_intent:43;state:42,951,0,completed
238,dcta_parity_v1,topk_filter,aa0724188407797eae5187348bee11ee9f51317c4e8a201863b052786aa2f1df,823213c90703fd83224ad7122ee730ba64af3769ea517af252103bddd907f681,ACBBA,ideal,1.0,19,361,4,0.05,18,,,acbba_topk_5,/home/agxorin/topk_filter_study/simulator/scenarios/final_trial_500.csv,clue_search,00,74,61,51,24,2,0,0,573,74,499,150,423,547,acbba_entry:423;clue:2;collision_intent:74;state:74,1760,0,completed
238,dcta_parity_v1,topk_filter,aa0724188407797eae5187348bee11ee9f51317c4e8a201863b052786aa2f1df,823213c90703fd83224ad7122ee730ba64af3769ea517af252103bddd907f681,ACBBA,ideal,1.0,19,361,4,0.05,18,,,acbba_topk_5,/home/agxorin/topk_filter_study/simulator/scenarios/final_trial_500.csv,clue_search,01,72,59,61,12,1,0,0,585,72,513,146,439,559,acbba_entry:439;clue:2;collision_intent:72;state:72,1748,0,completed
238,dcta_parity_v1,topk_filter,aa0724188407797eae5187348bee11ee9f51317c4e8a201863b052786aa2f1df,823213c90703fd83224ad7122ee730ba64af3769ea517af252103bddd907f681,ACBBA,ideal,1.0,19,361,4,0.05,18,,,acbba_topk_5,/home/agxorin/topk_filter_study/simulator/scenarios/final_trial_500.csv,clue_search,02,71,58,66,6,2,0,0,588,71,517,144,444,562,acbba_entry:444;clue:2;collision_intent:71;state:71,1744,0,completed
238,dcta_parity_v1,topk_filter,aa0724188407797eae5187348bee11ee9f51317c4e8a201863b052786aa2f1df,823213c90703fd83224ad7122ee730ba64af3769ea517af252103bddd907f681,ACBBA,ideal,1.0,19,361,4,0.05,18,,,acbba_topk_5,/home/agxorin/topk_filter_study/simulator/scenarios/final_trial_500.csv,clue_search,03,73,61,66,8,6,0,0,588,74,514,149,439,564,acbba_entry:439;clue:2;collision_intent:73;state:73;target:1,1746,0,completed
239,dcta_parity_v1,topk_filter,aa0724188407797eae5187348bee11ee9f51317c4e8a201863b052786aa2f1df,823213c90703fd83224ad7122ee730ba64af3769ea517af252103bddd907f681,ACBBA,ideal,1.0,19,361,4,0.05,18,,,acbba_topk_5,/home/agxorin/topk_filter_study/simulator/scenarios/final_trial_500.csv,clue_search,00,50,41,48,3,2,0,0,380,50,330,102,278,362,acbba_entry:278;clue:2;collision_intent:50;state:50,1129,0,completed
239,dcta_parity_v1,topk_filter,aa0724188407797eae5187348bee11ee9f51317c4e8a201863b052786aa2f1df,823213c90703fd83224ad7122ee730ba64af3769ea517af252103bddd907f681,ACBBA,ideal,1.0,19,361,4,0.05,18,,,acbba_topk_5,/home/agxorin/topk_filter_study/simulator/scenarios/final_trial_500.csv,clue_search,01,51,42,50,2,2,0,0,360,51,309,104,256,342,acbba_entry:256;clue:2;collision_intent:51;state:51,1150,0,completed
239,dcta_parity_v1,topk_filter,aa0724188407797eae5187348bee11ee9f51317c4e8a201863b052786aa2f1df,823213c90703fd83224ad7122ee730ba64af3769ea517af252103bddd907f681,ACBBA,ideal,1.0,19,361,4,0.05,18,,,acbba_topk_5,/home/agxorin/topk_filter_study/simulator/scenarios/final_trial_500.csv,clue_search,02,52,42,43,10,5,1,1,382,54,328,108,274,362,acbba_entry:274;clue:2;collision_intent:53;state:52;target:1,1128,0,completed
239,dcta_parity_v1,topk_filter,aa0724188407797eae5187348bee11ee9f51317c4e8a201863b052786aa2f1df,823213c90703fd83224ad7122ee730ba64af3769ea517af252103bddd907f681,ACBBA,ideal,1.0,19,361,4,0.05,18,,,acbba_topk_5,/home/agxorin/topk_filter_study/simulator/scenarios/final_trial_500.csv,clue_search,03,51,42,46,6,2,1,1,388,52,336,105,283,370,acbba_entry:283;clue:2;collision_intent:52;state:51,1120,0,completed
240,dcta_parity_v1,topk_filter,aa0724188407797eae5187348bee11ee9f51317c4e8a201863b052786aa2f1df,823213c90703fd83224ad7122ee730ba64af3769ea517af252103bddd907f681,ACBBA,ideal,1.0,19,361,4,0.05,18,,,acbba_topk_5,/home/agxorin/topk_filter_study/simulator/scenarios/final_trial_500.csv,clue_search,00,33,7,34,0,0,0,0,117,33,84,67,50,65,acbba_entry:50;clue:1;collision_intent:33;state:33,333,0,completed
240,dcta_parity_v1,topk_filter,aa0724188407797eae5187348bee11ee9f51317c4e8a201863b052786aa2f1df,823213c90703fd83224ad7122ee730ba64af3769ea517af252103bddd907f681,ACBBA,ideal,1.0,19,361,4,0.05,18,,,acbba_topk_5,/home/agxorin/topk_filter_study/simulator/scenarios/final_trial_500.csv,clue_search,01,33,8,33,1,0,0,0,108,33,75,67,41,58,acbba_entry:41;clue:1;collision_intent:33;state:33,342,0,completed
240,dcta_parity_v1,topk_filter,aa0724188407797eae5187348bee11ee9f51317c4e8a201863b052786aa2f1df,823213c90703fd83224ad7122ee730ba64af3769ea517af252103bddd907f681,ACBBA,ideal,1.0,19,361,4,0.05,18,,,acbba_topk_5,/home/agxorin/topk_filter_study/simulator/scenarios/final_trial_500.csv,clue_search,02,34,9,33,2,1,0,0,114,35,79,70,44,64,acbba_entry:44;clue:1;collision_intent:34;state:34;target:1,337,0,completed
240,dcta_parity_v1,topk_filter,aa0724188407797eae5187348bee11ee9f51317c4e8a201863b052786aa2f1df,823213c90703fd83224ad7122ee730ba64af3769ea517af252103bddd907f681,ACBBA,ideal,1.0,19,361,4,0.05,18,,,acbba_topk_5,/home/agxorin/topk_filter_study/simulator/scenarios/final_trial_500.csv,clue_search,03,34,9,33,2,3,0,0,112,34,78,69,43,62,acbba_entry:43;clue:1;collision_intent:34;state:34,338,0,completed
241,dcta_parity_v1,topk_filter,aa0724188407797eae5187348bee11ee9f51317c4e8a201863b052786aa2f1df,823213c90703fd83224ad7122ee730ba64af3769ea517af252103bddd907f681,ACBBA,ideal,1.0,19,361,4,0.05,18,,,acbba_topk_5,/home/agxorin/topk_filter_study/simulator/scenarios/final_trial_500.csv,clue_search,00,74,73,50,25,4,5,4,711,79,632,156,555,709,acbba_entry:555;clue:3;collision_intent:79;state:74,2203,0,completed
241,dcta_parity_v1,topk_filter,aa0724188407797eae5187348bee11ee9f51317c4e8a201863b052786aa2f1df,823213c90703fd83224ad7122ee730ba64af3769ea517af252103bddd907f681,ACBBA,ideal,1.0,19,361,4,0.05,18,,,acbba_topk_5,/home/agxorin/topk_filter_study/simulator/scenarios/final_trial_500.csv,clue_search,01,74,73,71,4,3,0,0,729,74,655,151,578,727,acbba_entry:578;clue:3;collision_intent:74;state:74,2187,0,completed
241,dcta_parity_v1,topk_filter,aa0724188407797eae5187348bee11ee9f51317c4e8a201863b052786aa2f1df,823213c90703fd83224ad7122ee730ba64af3769ea517af252103bddd907f681,ACBBA,ideal,1.0,19,361,4,0.05,18,,,acbba_topk_5,/home/agxorin/topk_filter_study/simulator/scenarios/final_trial_500.csv,clue_search,02,75,74,58,18,13,0,0,738,75,663,153,585,736,acbba_entry:585;clue:3;collision_intent:75;state:75,2177,0,completed
241,dcta_parity_v1,topk_filter,aa0724188407797eae5187348bee11ee9f51317c4e8a201863b052786aa2f1df,823213c90703fd83224ad7122ee730ba64af3769ea517af252103bddd907f681,ACBBA,ideal,1.0,19,361,4,0.05,18,,,acbba_topk_5,/home/agxorin/topk_filter_study/simulator/scenarios/final_trial_500.csv,clue_search,03,77,77,71,7,6,0,0,738,78,660,158,580,737,acbba_entry:580;clue:3;collision_intent:77;state:77;target:1,2178,0,completed
242,dcta_parity_v1,topk_filter,aa0724188407797eae5187348bee11ee9f51317c4e8a201863b052786aa2f1df,823213c90703fd83224ad7122ee730ba64af3769ea517af252103bddd907f681,ACBBA,ideal,1.0,19,361,4,0.05,18,,,acbba_topk_5,/home/agxorin/topk_filter_study/simulator/scenarios/final_trial_500.csv,clue_search,00,2,0,3,0,0,0,0,5,3,2,5,0,0,collision_intent:2;state:2;target:1,8,0,completed
242,dcta_parity_v1,topk_filter,aa0724188407797eae5187348bee11ee9f51317c4e8a201863b052786aa2f1df,823213c90703fd83224ad7122ee730ba64af3769ea517af252103bddd907f681,ACBBA,ideal,1.0,19,361,4,0.05,18,,,acbba_topk_5,/home/agxorin/topk_filter_study/simulator/scenarios/final_trial_500.csv,clue_search,01,1,0,2,0,0,0,0,2,1,1,2,0,0,collision_intent:1;state:1,10,0,completed
242,dcta_parity_v1,topk_filter,aa0724188407797eae5187348bee11ee9f51317c4e8a201863b052786aa2f1df,823213c90703fd83224ad7122ee730ba64af3769ea517af252103bddd907f681,ACBBA,ideal,1.0,19,361,4,0.05,18,,,acbba_topk_5,/home/agxorin/topk_filter_study/simulator/scenarios/final_trial_500.csv,clue_search,02,2,0,3,0,0,0,0,4,2,2,4,0,0,collision_intent:2;state:2,9,0,completed
242,dcta_parity_v1,topk_filter,aa0724188407797eae5187348bee11ee9f51317c4e8a201863b052786aa2f1df,823213c90703fd83224ad7122ee730ba64af3769ea517af252103bddd907f681,ACBBA,ideal,1.0,19,361,4,0.05,18,,,acbba_topk_5,/home/agxorin/topk_filter_study/simulator/scenarios/final_trial_500.csv,clue_search,03,1,0,2,0,0,0,0,2,1,1,2,0,0,collision_intent:1;state:1,10,0,completed
243,dcta_parity_v1,topk_filter,aa0724188407797eae5187348bee11ee9f51317c4e8a201863b052786aa2f1df,823213c90703fd83224ad7122ee730ba64af3769ea517af252103bddd907f681,ACBBA,ideal,1.0,19,361,4,0.05,18,,,acbba_topk_5,/home/agxorin/topk_filter_study/simulator/scenarios/final_trial_500.csv,clue_search,00,32,28,32,1,1,0,0,302,32,270,65,237,294,acbba_entry:237;clue:1;collision_intent:32;state:32,889,0,completed
243,dcta_parity_v1,topk_filter,aa0724188407797eae5187348bee11ee9f51317c4e8a201863b052786aa2f1df,823213c90703fd83224ad7122ee730ba64af3769ea517af252103bddd907f681,ACBBA,ideal,1.0,19,361,4,0.05,18,,,acbba_topk_5,/home/agxorin/topk_filter_study/simulator/scenarios/final_trial_500.csv,clue_search,01,31,27,26,6,2,1,1,289,33,256,65,224,281,acbba_entry:224;clue:1;collision_intent:33;state:31,902,0,completed
243,dcta_parity_v1,topk_filter,aa0724188407797eae5187348bee11ee9f51317c4e8a201863b052786aa2f1df,823213c90703fd83224ad7122ee730ba64af3769ea517af252103bddd907f681,ACBBA,ideal,1.0,19,361,4,0.05,18,,,acbba_topk_5,/home/agxorin/topk_filter_study/simulator/scenarios/final_trial_500.csv,clue_search,02,34,30,25,10,3,0,0,299,35,264,70,229,291,acbba_entry:229;clue:1;collision_intent:34;state:34;target:1,893,0,completed
243,dcta_parity_v1,topk_filter,aa0724188407797eae5187348bee11ee9f51317c4e8a201863b052786aa2f1df,823213c90703fd83224ad7122ee730ba64af3769ea517af252103bddd907f681,ACBBA,ideal,1.0,19,361,4,0.05,18,,,acbba_topk_5,/home/agxorin/topk_filter_study/simulator/scenarios/final_trial_500.csv,clue_search,03,33,30,30,4,2,0,0,302,33,269,67,235,295,acbba_entry:235;clue:1;collision_intent:33;state:33,888,0,completed
244,dcta_parity_v1,topk_filter,aa0724188407797eae5187348bee11ee9f51317c4e8a201863b052786aa2f1df,823213c90703fd83224ad7122ee730ba64af3769ea517af252103bddd907f681,ACBBA,ideal,1.0,19,361,4,0.05,18,,,acbba_topk_5,/home/agxorin/topk_filter_study/simulator/scenarios/final_trial_500.csv,clue_search,00,43,25,44,0,0,0,0,318,44,274,88,230,282,acbba_entry:230;clue:1;collision_intent:44;state:43,929,0,completed
244,dcta_parity_v1,topk_filter,aa0724188407797eae5187348bee11ee9f51317c4e8a201863b052786aa2f1df,823213c90703fd83224ad7122ee730ba64af3769ea517af252103bddd907f681,ACBBA,ideal,1.0,19,361,4,0.05,18,,,acbba_topk_5,/home/agxorin/topk_filter_study/simulator/scenarios/final_trial_500.csv,clue_search,01,44,27,35,10,3,7,6,321,51,270,96,225,287,acbba_entry:225;clue:1;collision_intent:51;state:44,928,0,completed
244,dcta_parity_v1,topk_filter,aa0724188407797eae5187348bee11ee9f51317c4e8a201863b052786aa2f1df,823213c90703fd83224ad7122ee730ba64af3769ea517af252103bddd907f681,ACBBA,ideal,1.0,19,361,4,0.05,18,,,acbba_topk_5,/home/agxorin/topk_filter_study/simulator/scenarios/final_trial_500.csv,clue_search,02,45,28,44,2,3,1,1,322,47,275,93,229,288,acbba_entry:229;clue:1;collision_intent:46;state:45;target:1,927,0,completed
244,dcta_parity_v1,topk_filter,aa0724188407797eae5187348bee11ee9f51317c4e8a201863b052786aa2f1df,823213c90703fd83224ad7122ee730ba64af3769ea517af252103bddd907f681,ACBBA,ideal,1.0,19,361,4,0.05,18,,,acbba_topk_5,/home/agxorin/topk_filter_study/simulator/scenarios/final_trial_500.csv,clue_search,03,45,28,43,3,2,0,0,288,45,243,91,197,254,acbba_entry:197;clue:1;collision_intent:45;state:45,960,0,completed
245,dcta_parity_v1,topk_filter,aa0724188407797eae5187348bee11ee9f51317c4e8a201863b052786aa2f1df,823213c90703fd83224ad7122ee730ba64af3769ea517af252103bddd907f681,ACBBA,ideal,1.0,19,361,4,0.05,18,,,acbba_topk_5,/home/agxorin/topk_filter_study/simulator/scenarios/final_trial_500.csv,clue_search,00,54,53,52,3,0,1,1,566,55,511,111,455,564,acbba_entry:455;clue:2;collision_intent:55;state:54,1602,0,completed
245,dcta_parity_v1,topk_filter,aa0724188407797eae5187348bee11ee9f51317c4e8a201863b052786aa2f1df,823213c90703fd83224ad7122ee730ba64af3769ea517af252103bddd907f681,ACBBA,ideal,1.0,19,361,4,0.05,18,,,acbba_topk_5,/home/agxorin/topk_filter_study/simulator/scenarios/final_trial_500.csv,clue_search,01,55,55,43,13,2,0,0,529,55,474,112,417,528,acbba_entry:417;clue:2;collision_intent:55;state:55,1640,0,completed
245,dcta_parity_v1,topk_filter,aa0724188407797eae5187348bee11ee9f51317c4e8a201863b052786aa2f1df,823213c90703fd83224ad7122ee730ba64af3769ea517af252103bddd907f681,ACBBA,ideal,1.0,19,361,4,0.05,18,,,acbba_topk_5,/home/agxorin/topk_filter_study/simulator/scenarios/final_trial_500.csv,clue_search,02,56,56,45,12,3,0,0,552,57,495,115,437,551,acbba_entry:437;clue:2;collision_intent:56;state:56;target:1,1618,0,completed
245,dcta_parity_v1,topk_filter,aa0724188407797eae5187348bee11ee9f51317c4e8a201863b052786aa2f1df,823213c90703fd83224ad7122ee730ba64af3769ea517af252103bddd907f681,ACBBA,ideal,1.0,19,361,4,0.05,18,,,acbba_topk_5,/home/agxorin/topk_filter_study/simulator/scenarios/final_trial_500.csv,clue_search,03,55,55,51,5,7,0,0,523,55,468,112,411,522,acbba_entry:411;clue:2;collision_intent:55;state:55,1646,0,completed
246,dcta_parity_v1,topk_filter,aa0724188407797eae5187348bee11ee9f51317c4e8a201863b052786aa2f1df,823213c90703fd83224ad7122ee730ba64af3769ea517af252103bddd907f681,ACBBA,ideal,1.0,19,361,4,0.05,18,,,acbba_topk_5,/home/agxorin/topk_filter_study/simulator/scenarios/final_trial_500.csv,clue_search,00,43,27,43,1,1,0,0,276,43,233,89,187,244,acbba_entry:187;clue:3;collision_intent:43;state:43,864,0,completed
246,dcta_parity_v1,topk_filter,aa0724188407797eae5187348bee11ee9f51317c4e8a201863b052786aa2f1df,823213c90703fd83224ad7122ee730ba64af3769ea517af252103bddd907f681,ACBBA,ideal,1.0,19,361,4,0.05,18,,,acbba_topk_5,/home/agxorin/topk_filter_study/simulator/scenarios/final_trial_500.csv,clue_search,01,42,27,31,12,1,0,0,286,42,244,87,199,256,acbba_entry:199;clue:3;collision_intent:42;state:42,854,0,completed
246,dcta_parity_v1,topk_filter,aa0724188407797eae5187348bee11ee9f51317c4e8a201863b052786aa2f1df,823213c90703fd83224ad7122ee730ba64af3769ea517af252103bddd907f681,ACBBA,ideal,1.0,19,361,4,0.05,18,,,acbba_topk_5,/home/agxorin/topk_filter_study/simulator/scenarios/final_trial_500.csv,clue_search,02,42,26,39,4,0,1,1,288,44,244,89,199,256,acbba_entry:199;clue:3;collision_intent:43;state:42;target:1,852,0,completed
246,dcta_parity_v1,topk_filter,aa0724188407797eae5187348bee11ee9f51317c4e8a201863b052786aa2f1df,823213c90703fd83224ad7122ee730ba64af3769ea517af252103bddd907f681,ACBBA,ideal,1.0,19,361,4,0.05,18,,,acbba_topk_5,/home/agxorin/topk_filter_study/simulator/scenarios/final_trial_500.csv,clue_search,03,41,25,38,4,2,0,0,290,41,249,85,205,258,acbba_entry:205;clue:3;collision_intent:41;state:41,849,0,completed
247,dcta_parity_v1,topk_filter,aa0724188407797eae5187348bee11ee9f51317c4e8a201863b052786aa2f1df,823213c90703fd83224ad7122ee730ba64af3769ea517af252103bddd907f681,ACBBA,ideal,1.0,19,361,4,0.05,18,,,acbba_topk_5,/home/agxorin/topk_filter_study/simulator/scenarios/final_trial_500.csv,clue_search,00,4,0,5,0,0,0,0,8,4,4,8,0,0,collision_intent:4;state:4,24,0,completed
247,dcta_parity_v1,topk_filter,aa0724188407797eae5187348bee11ee9f51317c4e8a201863b052786aa2f1df,823213c90703fd83224ad7122ee730ba64af3769ea517af252103bddd907f681,ACBBA,ideal,1.0,19,361,4,0.05,18,,,acbba_topk_5,/home/agxorin/topk_filter_study/simulator/scenarios/final_trial_500.csv,clue_search,01,4,0,5,0,0,0,0,8,4,4,8,0,0,collision_intent:4;state:4,24,0,completed
247,dcta_parity_v1,topk_filter,aa0724188407797eae5187348bee11ee9f51317c4e8a201863b052786aa2f1df,823213c90703fd83224ad7122ee730ba64af3769ea517af252103bddd907f681,ACBBA,ideal,1.0,19,361,4,0.05,18,,,acbba_topk_5,/home/agxorin/topk_filter_study/simulator/scenarios/final_trial_500.csv,clue_search,02,4,0,5,0,0,0,0,8,4,4,8,0,0,collision_intent:4;state:4,25,0,completed
247,dcta_parity_v1,topk_filter,aa0724188407797eae5187348bee11ee9f51317c4e8a201863b052786aa2f1df,823213c90703fd83224ad7122ee730ba64af3769ea517af252103bddd907f681,ACBBA,ideal,1.0,19,361,4,0.05,18,,,acbba_topk_5,/home/agxorin/topk_filter_study/simulator/scenarios/final_trial_500.csv,clue_search,03,4,0,5,0,0,0,0,9,5,4,9,0,0,collision_intent:4;state:4;target:1,24,0,completed
248,dcta_parity_v1,topk_filter,aa0724188407797eae5187348bee11ee9f51317c4e8a201863b052786aa2f1df,823213c90703fd83224ad7122ee730ba64af3769ea517af252103bddd907f681,ACBBA,ideal,1.0,19,361,4,0.05,18,,,acbba_topk_5,/home/agxorin/topk_filter_study/simulator/scenarios/final_trial_500.csv,clue_search,00,15,0,16,0,0,0,0,31,16,15,31,0,0,collision_intent:16;state:15,91,0,completed
248,dcta_parity_v1,topk_filter,aa0724188407797eae5187348bee11ee9f51317c4e8a201863b052786aa2f1df,823213c90703fd83224ad7122ee730ba64af3769ea517af252103bddd907f681,ACBBA,ideal,1.0,19,361,4,0.05,18,,,acbba_topk_5,/home/agxorin/topk_filter_study/simulator/scenarios/final_trial_500.csv,clue_search,01,15,0,16,0,0,0,0,30,15,15,30,0,0,collision_intent:15;state:15,94,0,completed
248,dcta_parity_v1,topk_filter,aa0724188407797eae5187348bee11ee9f51317c4e8a201863b052786aa2f1df,823213c90703fd83224ad7122ee730ba64af3769ea517af252103bddd907f681,ACBBA,ideal,1.0,19,361,4,0.05,18,,,acbba_topk_5,/home/agxorin/topk_filter_study/simulator/scenarios/final_trial_500.csv,clue_search,02,16,0,17,0,0,0,0,33,17,16,33,0,0,collision_intent:16;state:16;target:1,91,0,completed
248,dcta_parity_v1,topk_filter,aa0724188407797eae5187348bee11ee9f51317c4e8a201863b052786aa2f1df,823213c90703fd83224ad7122ee730ba64af3769ea517af252103bddd907f681,ACBBA,ideal,1.0,19,361,4,0.05,18,,,acbba_topk_5,/home/agxorin/topk_filter_study/simulator/scenarios/final_trial_500.csv,clue_search,03,15,0,16,0,0,0,0,30,15,15,30,0,0,collision_intent:15;state:15,92,0,completed
249,dcta_parity_v1,topk_filter,aa0724188407797eae5187348bee11ee9f51317c4e8a201863b052786aa2f1df,823213c90703fd83224ad7122ee730ba64af3769ea517af252103bddd907f681,ACBBA,ideal,1.0,19,361,4,0.05,18,,,acbba_topk_5,/home/agxorin/topk_filter_study/simulator/scenarios/final_trial_500.csv,clue_search,00,22,19,21,2,0,0,0,172,22,150,46,126,166,acbba_entry:126;clue:2;collision_intent:22;state:22,570,0,completed
249,dcta_parity_v1,topk_filter,aa0724188407797eae5187348bee11ee9f51317c4e8a201863b052786aa2f1df,823213c90703fd83224ad7122ee730ba64af3769ea517af252103bddd907f681,ACBBA,ideal,1.0,19,361,4,0.05,18,,,acbba_topk_5,/home/agxorin/topk_filter_study/simulator/scenarios/final_trial_500.csv,clue_search,01,22,20,13,10,2,0,0,171,23,148,47,124,167,acbba_entry:124;clue:2;collision_intent:22;state:22;target:1,572,0,completed
249,dcta_parity_v1,topk_filter,aa0724188407797eae5187348bee11ee9f51317c4e8a201863b052786aa2f1df,823213c90703fd83224ad7122ee730ba64af3769ea517af252103bddd907f681,ACBBA,ideal,1.0,19,361,4,0.05,18,,,acbba_topk_5,/home/agxorin/topk_filter_study/simulator/scenarios/final_trial_500.csv,clue_search,02,21,18,22,0,1,0,0,199,22,177,45,154,193,acbba_entry:154;clue:2;collision_intent:22;state:21,543,0,completed
249,dcta_parity_v1,topk_filter,aa0724188407797eae5187348bee11ee9f51317c4e8a201863b052786aa2f1df,823213c90703fd83224ad7122ee730ba64af3769ea517af252103bddd907f681,ACBBA,ideal,1.0,19,361,4,0.05,18,,,acbba_topk_5,/home/agxorin/topk_filter_study/simulator/scenarios/final_trial_500.csv,clue_search,03,20,17,16,5,1,1,1,201,22,179,44,157,195,acbba_entry:157;clue:2;collision_intent:22;state:20,541,0,completed
250,dcta_parity_v1,topk_filter,aa0724188407797eae5187348bee11ee9f51317c4e8a201863b052786aa2f1df,823213c90703fd83224ad7122ee730ba64af3769ea517af252103bddd907f681,ACBBA,ideal,1.0,19,361,4,0.05,18,,,acbba_topk_5,/home/agxorin/topk_filter_study/simulator/scenarios/final_trial_500.csv,clue_search,00,54,38,51,4,1,0,0,390,55,335,110,280,358,acbba_entry:280;clue:1;collision_intent:54;state:54;target:1,1207,0,completed
250,dcta_parity_v1,topk_filter,aa0724188407797eae5187348bee11ee9f51317c4e8a201863b052786aa2f1df,823213c90703fd83224ad7122ee730ba64af3769ea517af252103bddd907f681,ACBBA,ideal,1.0,19,361,4,0.05,18,,,acbba_topk_5,/home/agxorin/topk_filter_study/simulator/scenarios/final_trial_500.csv,clue_search,01,51,36,48,4,0,0,0,412,52,360,104,308,382,acbba_entry:308;clue:1;collision_intent:52;state:51,1184,0,completed
250,dcta_parity_v1,topk_filter,aa0724188407797eae5187348bee11ee9f51317c4e8a201863b052786aa2f1df,823213c90703fd83224ad7122ee730ba64af3769ea517af252103bddd907f681,ACBBA,ideal,1.0,19,361,4,0.05,18,,,acbba_topk_5,/home/agxorin/topk_filter_study/simulator/scenarios/final_trial_500.csv,clue_search,02,52,36,38,15,4,1,1,393,54,339,107,286,361,acbba_entry:286;clue:1;collision_intent:54;state:52,1202,0,completed
250,dcta_parity_v1,topk_filter,aa0724188407797eae5187348bee11ee9f51317c4e8a201863b052786aa2f1df,823213c90703fd83224ad7122ee730ba64af3769ea517af252103bddd907f681,ACBBA,ideal,1.0,19,361,4,0.05,18,,,acbba_topk_5,/home/agxorin/topk_filter_study/simulator/scenarios/final_trial_500.csv,clue_search,03,51,35,49,3,0,2,1,402,53,349,105,297,370,acbba_entry:297;clue:1;collision_intent:53;state:51,1195,0,completed
251,dcta_parity_v1,topk_filter,aa0724188407797eae5187348bee11ee9f51317c4e8a201863b052786aa2f1df,823213c90703fd83224ad7122ee730ba64af3769ea517af252103bddd907f681,ACBBA,ideal,1.0,19,361,4,0.05,18,,,acbba_topk_5,/home/agxorin/topk_filter_study/simulator/scenarios/final_trial_500.csv,clue_search,00,18,0,19,0,0,0,0,36,18,18,36,0,0,collision_intent:18;state:18,104,0,completed
251,dcta_parity_v1,topk_filter,aa0724188407797eae5187348bee11ee9f51317c4e8a201863b052786aa2f1df,823213c90703fd83224ad7122ee730ba64af3769ea517af252103bddd907f681,ACBBA,ideal,1.0,19,361,4,0.05,18,,,acbba_topk_5,/home/agxorin/topk_filter_study/simulator/scenarios/final_trial_500.csv,clue_search,01,17,0,18,0,0,0,0,34,17,17,34,0,0,collision_intent:17;state:17,105,0,completed
251,dcta_parity_v1,topk_filter,aa0724188407797eae5187348bee11ee9f51317c4e8a201863b052786aa2f1df,823213c90703fd83224ad7122ee730ba64af3769ea517af252103bddd907f681,ACBBA,ideal,1.0,19,361,4,0.05,18,,,acbba_topk_5,/home/agxorin/topk_filter_study/simulator/scenarios/final_trial_500.csv,clue_search,02,18,0,19,0,0,0,0,37,19,18,37,0,0,collision_intent:18;state:18;target:1,104,0,completed
251,dcta_parity_v1,topk_filter,aa0724188407797eae5187348bee11ee9f51317c4e8a201863b052786aa2f1df,823213c90703fd83224ad7122ee730ba64af3769ea517af252103bddd907f681,ACBBA,ideal,1.0,19,361,4,0.05,18,,,acbba_topk_5,/home/agxorin/topk_filter_study/simulator/scenarios/final_trial_500.csv,clue_search,03,17,0,18,0,0,0,0,34,17,17,34,0,0,collision_intent:17;state:17,107,0,completed
252,dcta_parity_v1,topk_filter,aa0724188407797eae5187348bee11ee9f51317c4e8a201863b052786aa2f1df,823213c90703fd83224ad7122ee730ba64af3769ea517af252103bddd907f681,ACBBA,ideal,1.0,19,361,4,0.05,18,,,acbba_topk_5,/home/agxorin/topk_filter_study/simulator/scenarios/final_trial_500.csv,clue_search,00,59,44,53,7,3,0,0,357,59,298,120,237,327,acbba_entry:237;clue:2;collision_intent:59;state:59,1120,0,completed
252,dcta_parity_v1,topk_filter,aa0724188407797eae5187348bee11ee9f51317c4e8a201863b052786aa2f1df,823213c90703fd83224ad7122ee730ba64af3769ea517af252103bddd907f681,ACBBA,ideal,1.0,19,361,4,0.05,18,,,acbba_topk_5,/home/agxorin/topk_filter_study/simulator/scenarios/final_trial_500.csv,clue_search,01,58,43,57,2,3,0,0,370,58,312,118,252,340,acbba_entry:252;clue:2;collision_intent:58;state:58,1107,0,completed
252,dcta_parity_v1,topk_filter,aa0724188407797eae5187348bee11ee9f51317c4e8a201863b052786aa2f1df,823213c90703fd83224ad7122ee730ba64af3769ea517af252103bddd907f681,ACBBA,ideal,1.0,19,361,4,0.05,18,,,acbba_topk_5,/home/agxorin/topk_filter_study/simulator/scenarios/final_trial_500.csv,clue_search,02,59,44,37,23,2,0,0,376,60,316,121,255,346,acbba_entry:255;clue:2;collision_intent:60;state:59,1101,0,completed
252,dcta_parity_v1,topk_filter,aa0724188407797eae5187348bee11ee9f51317c4e8a201863b052786aa2f1df,823213c90703fd83224ad7122ee730ba64af3769ea517af252103bddd907f681,ACBBA,ideal,1.0,19,361,4,0.05,18,,,acbba_topk_5,/home/agxorin/topk_filter_study/simulator/scenarios/final_trial_500.csv,clue_search,03,59,44,41,19,4,0,0,375,60,315,121,254,345,acbba_entry:254;clue:2;collision_intent:59;state:59;target:1,1102,0,completed
253,dcta_parity_v1,topk_filter,aa0724188407797eae5187348bee11ee9f51317c4e8a201863b052786aa2f1df,823213c90703fd83224ad7122ee730ba64af3769ea517af252103bddd907f681,ACBBA,ideal,1.0,19,361,4,0.05,18,,,acbba_topk_5,/home/agxorin/topk_filter_study/simulator/scenarios/final_trial_500.csv,clue_search,00,69,7,67,3,0,0,0,165,70,95,140,25,41,acbba_entry:25;clue:1;collision_intent:69;state:69;target:1,504,0,completed
253,dcta_parity_v1,topk_filter,aa0724188407797eae5187348bee11ee9f51317c4e8a201863b052786aa2f1df,823213c90703fd83224ad7122ee730ba64af3769ea517af252103bddd907f681,ACBBA,ideal,1.0,19,361,4,0.05,18,,,acbba_topk_5,/home/agxorin/topk_filter_study/simulator/scenarios/final_trial_500.csv,clue_search,01,68,6,66,3,1,0,0,171,68,103,137,34,47,acbba_entry:34;clue:1;collision_intent:68;state:68,498,0,completed
253,dcta_parity_v1,topk_filter,aa0724188407797eae5187348bee11ee9f51317c4e8a201863b052786aa2f1df,823213c90703fd83224ad7122ee730ba64af3769ea517af252103bddd907f681,ACBBA,ideal,1.0,19,361,4,0.05,18,,,acbba_topk_5,/home/agxorin/topk_filter_study/simulator/scenarios/final_trial_500.csv,clue_search,02,69,6,67,3,1,0,0,170,69,101,139,31,44,acbba_entry:31;clue:1;collision_intent:69;state:69,498,0,completed
253,dcta_parity_v1,topk_filter,aa0724188407797eae5187348bee11ee9f51317c4e8a201863b052786aa2f1df,823213c90703fd83224ad7122ee730ba64af3769ea517af252103bddd907f681,ACBBA,ideal,1.0,19,361,4,0.05,18,,,acbba_topk_5,/home/agxorin/topk_filter_study/simulator/scenarios/final_trial_500.csv,clue_search,03,68,6,63,6,1,1,1,163,70,93,139,24,39,acbba_entry:24;clue:1;collision_intent:70;state:68,504,0,completed
254,dcta_parity_v1,topk_filter,aa0724188407797eae5187348bee11ee9f51317c4e8a201863b052786aa2f1df,823213c90703fd83224ad7122ee730ba64af3769ea517af252103bddd907f681,ACBBA,ideal,1.0,19,361,4,0.05,18,,,acbba_topk_5,/home/agxorin/topk_filter_study/simulator/scenarios/final_trial_500.csv,clue_search,00,29,15,30,0,1,0,0,153,29,124,60,93,125,acbba_entry:93;clue:2;collision_intent:29;state:29,465,0,completed
254,dcta_parity_v1,topk_filter,aa0724188407797eae5187348bee11ee9f51317c4e8a201863b052786aa2f1df,823213c90703fd83224ad7122ee730ba64af3769ea517af252103bddd907f681,ACBBA,ideal,1.0,19,361,4,0.05,18,,,acbba_topk_5,/home/agxorin/topk_filter_study/simulator/scenarios/final_trial_500.csv,clue_search,01,28,14,25,4,2,0,0,151,28,123,58,93,123,acbba_entry:93;clue:2;collision_intent:28;state:28,469,0,completed
254,dcta_parity_v1,topk_filter,aa0724188407797eae5187348bee11ee9f51317c4e8a201863b052786aa2f1df,823213c90703fd83224ad7122ee730ba64af3769ea517af252103bddd907f681,ACBBA,ideal,1.0,19,361,4,0.05,18,,,acbba_topk_5,/home/agxorin/topk_filter_study/simulator/scenarios/final_trial_500.csv,clue_search,02,28,14,29,0,1,0,0,163,29,134,59,104,135,acbba_entry:104;clue:2;collision_intent:28;state:28;target:1,457,0,completed
254,dcta_parity_v1,topk_filter,aa0724188407797eae5187348bee11ee9f51317c4e8a201863b052786aa2f1df,823213c90703fd83224ad7122ee730ba64af3769ea517af252103bddd907f681,ACBBA,ideal,1.0,19,361,4,0.05,18,,,acbba_topk_5,/home/agxorin/topk_filter_study/simulator/scenarios/final_trial_500.csv,clue_search,03,27,13,28,0,0,0,0,153,27,126,56,97,125,acbba_entry:97;clue:2;collision_intent:27;state:27,466,0,completed
255,dcta_parity_v1,topk_filter,aa0724188407797eae5187348bee11ee9f51317c4e8a201863b052786aa2f1df,823213c90703fd83224ad7122ee730ba64af3769ea517af252103bddd907f681,ACBBA,ideal,1.0,19,361,4,0.05,18,,,acbba_topk_5,/home/agxorin/topk_filter_study/simulator/scenarios/final_trial_500.csv,clue_search,00,31,1,32,0,0,0,0,66,31,35,63,3,6,acbba_entry:3;clue:1;collision_intent:31;state:31,199,0,completed
255,dcta_parity_v1,topk_filter,aa0724188407797eae5187348bee11ee9f51317c4e8a201863b052786aa2f1df,823213c90703fd83224ad7122ee730ba64af3769ea517af252103bddd907f681,ACBBA,ideal,1.0,19,361,4,0.05,18,,,acbba_topk_5,/home/agxorin/topk_filter_study/simulator/scenarios/final_trial_500.csv,clue_search,01,31,1,32,0,0,0,0,66,31,35,63,3,6,acbba_entry:3;clue:1;collision_intent:31;state:31,198,0,completed
255,dcta_parity_v1,topk_filter,aa0724188407797eae5187348bee11ee9f51317c4e8a201863b052786aa2f1df,823213c90703fd83224ad7122ee730ba64af3769ea517af252103bddd907f681,ACBBA,ideal,1.0,19,361,4,0.05,18,,,acbba_topk_5,/home/agxorin/topk_filter_study/simulator/scenarios/final_trial_500.csv,clue_search,02,31,1,32,0,0,0,0,67,32,35,64,3,7,acbba_entry:3;clue:1;collision_intent:31;state:31;target:1,198,0,completed
255,dcta_parity_v1,topk_filter,aa0724188407797eae5187348bee11ee9f51317c4e8a201863b052786aa2f1df,823213c90703fd83224ad7122ee730ba64af3769ea517af252103bddd907f681,ACBBA,ideal,1.0,19,361,4,0.05,18,,,acbba_topk_5,/home/agxorin/topk_filter_study/simulator/scenarios/final_trial_500.csv,clue_search,03,31,1,32,0,0,0,0,66,31,35,63,3,6,acbba_entry:3;clue:1;collision_intent:31;state:31,198,0,completed
256,dcta_parity_v1,topk_filter,aa0724188407797eae5187348bee11ee9f51317c4e8a201863b052786aa2f1df,823213c90703fd83224ad7122ee730ba64af3769ea517af252103bddd907f681,ACBBA,ideal,1.0,19,361,4,0.05,18,,,acbba_topk_5,/home/agxorin/topk_filter_study/simulator/scenarios/final_trial_500.csv,clue_search,00,74,67,59,16,3,1,1,577,75,502,152,425,563,acbba_entry:425;clue:3;collision_intent:75;state:74,1765,0,completed
256,dcta_parity_v1,topk_filter,aa0724188407797eae5187348bee11ee9f51317c4e8a201863b052786aa2f1df,823213c90703fd83224ad7122ee730ba64af3769ea517af252103bddd907f681,ACBBA,ideal,1.0,19,361,4,0.05,18,,,acbba_topk_5,/home/agxorin/topk_filter_study/simulator/scenarios/final_trial_500.csv,clue_search,01,74,68,54,21,5,0,0,580,74,506,151,429,568,acbba_entry:429;clue:3;collision_intent:74;state:74,1764,0,completed
256,dcta_parity_v1,topk_filter,aa0724188407797eae5187348bee11ee9f51317c4e8a201863b052786aa2f1df,823213c90703fd83224ad7122ee730ba64af3769ea517af252103bddd907f681,ACBBA,ideal,1.0,19,361,4,0.05,18,,,acbba_topk_5,/home/agxorin/topk_filter_study/simulator/scenarios/final_trial_500.csv,clue_search,02,73,66,64,10,9,0,0,583,73,510,149,434,569,acbba_entry:434;clue:3;collision_intent:73;state:73,1760,0,completed
256,dcta_parity_v1,topk_filter,aa0724188407797eae5187348bee11ee9f51317c4e8a201863b052786aa2f1df,823213c90703fd83224ad7122ee730ba64af3769ea517af252103bddd907f681,ACBBA,ideal,1.0,19,361,4,0.05,18,,,acbba_topk_5,/home/agxorin/topk_filter_study/simulator/scenarios/final_trial_500.csv,clue_search,03,72,65,58,15,2,1,1,604,74,530,149,455,590,acbba_entry:455;clue:3;collision_intent:73;state:72;target:1,1740,0,completed
257,dcta_parity_v1,topk_filter,aa0724188407797eae5187348bee11ee9f51317c4e8a201863b052786aa2f1df,823213c90703fd83224ad7122ee730ba64af3769ea517af252103bddd907f681,ACBBA,ideal,1.0,19,361,4,0.05,18,,,acbba_topk_5,/home/agxorin/topk_filter_study/simulator/scenarios/final_trial_500.csv,clue_search,00,11,0,12,0,0,0,0,22,11,11,22,0,0,collision_intent:11;state:11,67,0,completed
257,dcta_parity_v1,topk_filter,aa0724188407797eae5187348bee11ee9f51317c4e8a201863b052786aa2f1df,823213c90703fd83224ad7122ee730ba64af3769ea517af252103bddd907f681,ACBBA,ideal,1.0,19,361,4,0.05,18,,,acbba_topk_5,/home/agxorin/topk_filter_study/simulator/scenarios/final_trial_500.csv,clue_search,01,11,0,12,0,0,0,0,22,11,11,22,0,0,collision_intent:11;state:11,68,0,completed
257,dcta_parity_v1,topk_filter,aa0724188407797eae5187348bee11ee9f51317c4e8a201863b052786aa2f1df,823213c90703fd83224ad7122ee730ba64af3769ea517af252103bddd907f681,ACBBA,ideal,1.0,19,361,4,0.05,18,,,acbba_topk_5,/home/agxorin/topk_filter_study/simulator/scenarios/final_trial_500.csv,clue_search,02,12,0,13,0,0,0,0,25,13,12,25,0,0,collision_intent:12;state:12;target:1,66,0,completed
257,dcta_parity_v1,topk_filter,aa0724188407797eae5187348bee11ee9f51317c4e8a201863b052786aa2f1df,823213c90703fd83224ad7122ee730ba64af3769ea517af252103bddd907f681,ACBBA,ideal,1.0,19,361,4,0.05,18,,,acbba_topk_5,/home/agxorin/topk_filter_study/simulator/scenarios/final_trial_500.csv,clue_search,03,11,0,12,0,0,0,0,22,11,11,22,0,0,collision_intent:11;state:11,67,0,completed
258,dcta_parity_v1,topk_filter,aa0724188407797eae5187348bee11ee9f51317c4e8a201863b052786aa2f1df,823213c90703fd83224ad7122ee730ba64af3769ea517af252103bddd907f681,ACBBA,ideal,1.0,19,361,4,0.05,18,,,acbba_topk_5,/home/agxorin/topk_filter_study/simulator/scenarios/final_trial_500.csv,clue_search,00,54,26,49,6,1,0,0,286,54,232,111,175,229,acbba_entry:175;clue:3;collision_intent:54;state:54,892,0,completed
258,dcta_parity_v1,topk_filter,aa0724188407797eae5187348bee11ee9f51317c4e8a201863b052786aa2f1df,823213c90703fd83224ad7122ee730ba64af3769ea517af252103bddd907f681,ACBBA,ideal,1.0,19,361,4,0.05,18,,,acbba_topk_5,/home/agxorin/topk_filter_study/simulator/scenarios/final_trial_500.csv,clue_search,01,52,24,50,3,3,0,0,294,53,241,108,186,238,acbba_entry:186;clue:3;collision_intent:53;state:52,883,0,completed
258,dcta_parity_v1,topk_filter,aa0724188407797eae5187348bee11ee9f51317c4e8a201863b052786aa2f1df,823213c90703fd83224ad7122ee730ba64af3769ea517af252103bddd907f681,ACBBA,ideal,1.0,19,361,4,0.05,18,,,acbba_topk_5,/home/agxorin/topk_filter_study/simulator/scenarios/final_trial_500.csv,clue_search,02,53,24,51,3,0,0,0,304,53,251,109,195,246,acbba_entry:195;clue:3;collision_intent:53;state:53,873,0,completed
258,dcta_parity_v1,topk_filter,aa0724188407797eae5187348bee11ee9f51317c4e8a201863b052786aa2f1df,823213c90703fd83224ad7122ee730ba64af3769ea517af252103bddd907f681,ACBBA,ideal,1.0,19,361,4,0.05,18,,,acbba_topk_5,/home/agxorin/topk_filter_study/simulator/scenarios/final_trial_500.csv,clue_search,03,54,26,51,4,0,0,0,294,55,239,112,182,238,acbba_entry:182;clue:3;collision_intent:54;state:54;target:1,884,0,completed
259,dcta_parity_v1,topk_filter,aa0724188407797eae5187348bee11ee9f51317c4e8a201863b052786aa2f1df,823213c90703fd83224ad7122ee730ba64af3769ea517af252103bddd907f681,ACBBA,ideal,1.0,19,361,4,0.05,18,,,acbba_topk_5,/home/agxorin/topk_filter_study/simulator/scenarios/final_trial_500.csv,clue_search,00,21,9,22,0,1,0,0,116,21,95,44,72,92,acbba_entry:72;clue:2;collision_intent:21;state:21,359,0,completed
259,dcta_parity_v1,topk_filter,aa0724188407797eae5187348bee11ee9f51317c4e8a201863b052786aa2f1df,823213c90703fd83224ad7122ee730ba64af3769ea517af252103bddd907f681,ACBBA,ideal,1.0,19,361,4,0.05,18,,,acbba_topk_5,/home/agxorin/topk_filter_study/simulator/scenarios/final_trial_500.csv,clue_search,01,21,9,22,0,0,0,0,123,22,101,45,78,99,acbba_entry:78;clue:2;collision_intent:21;state:21;target:1,352,0,completed
259,dcta_parity_v1,topk_filter,aa0724188407797eae5187348bee11ee9f51317c4e8a201863b052786aa2f1df,823213c90703fd83224ad7122ee730ba64af3769ea517af252103bddd907f681,ACBBA,ideal,1.0,19,361,4,0.05,18,,,acbba_topk_5,/home/agxorin/topk_filter_study/simulator/scenarios/final_trial_500.csv,clue_search,02,21,9,22,0,0,0,0,124,21,103,44,80,100,acbba_entry:80;clue:2;collision_intent:21;state:21,350,0,completed
259,dcta_parity_v1,topk_filter,aa0724188407797eae5187348bee11ee9f51317c4e8a201863b052786aa2f1df,823213c90703fd83224ad7122ee730ba64af3769ea517af252103bddd907f681,ACBBA,ideal,1.0,19,361,4,0.05,18,,,acbba_topk_5,/home/agxorin/topk_filter_study/simulator/scenarios/final_trial_500.csv,clue_search,03,21,10,20,2,1,0,0,112,21,91,44,68,89,acbba_entry:68;clue:2;collision_intent:21;state:21,362,0,completed
260,dcta_parity_v1,topk_filter,aa0724188407797eae5187348bee11ee9f51317c4e8a201863b052786aa2f1df,823213c90703fd83224ad7122ee730ba64af3769ea517af252103bddd907f681,ACBBA,ideal,1.0,19,361,4,0.05,18,,,acbba_topk_5,/home/agxorin/topk_filter_study/simulator/scenarios/final_trial_500.csv,clue_search,00,14,11,15,0,1,0,0,101,15,86,31,70,94,acbba_entry:70;clue:2;collision_intent:14;state:14;target:1,315,0,completed
260,dcta_parity_v1,topk_filter,aa0724188407797eae5187348bee11ee9f51317c4e8a201863b052786aa2f1df,823213c90703fd83224ad7122ee730ba64af3769ea517af252103bddd907f681,ACBBA,ideal,1.0,19,361,4,0.05,18,,,acbba_topk_5,/home/agxorin/topk_filter_study/simulator/scenarios/final_trial_500.csv,clue_search,01,14,11,14,1,2,0,0,111,14,97,30,81,105,acbba_entry:81;clue:2;collision_intent:14;state:14,304,0,completed
260,dcta_parity_v1,topk_filter,aa0724188407797eae5187348bee11ee9f51317c4e8a201863b052786aa2f1df,823213c90703fd83224ad7122ee730ba64af3769ea517af252103bddd907f681,ACBBA,ideal,1.0,19,361,4,0.05,18,,,acbba_topk_5,/home/agxorin/topk_filter_study/simulator/scenarios/final_trial_500.csv,clue_search,02,14,10,12,3,0,0,0,105,14,91,30,75,97,acbba_entry:75;clue:2;collision_intent:14;state:14,311,0,completed
260,dcta_parity_v1,topk_filter,aa0724188407797eae5187348bee11ee9f51317c4e8a201863b052786aa2f1df,823213c90703fd83224ad7122ee730ba64af3769ea517af252103bddd907f681,ACBBA,ideal,1.0,19,361,4,0.05,18,,,acbba_topk_5,/home/agxorin/topk_filter_study/simulator/scenarios/final_trial_500.csv,clue_search,03,14,11,15,0,1,0,0,99,14,85,30,69,93,acbba_entry:69;clue:2;collision_intent:14;state:14,315,0,completed
261,dcta_parity_v1,topk_filter,aa0724188407797eae5187348bee11ee9f51317c4e8a201863b052786aa2f1df,823213c90703fd83224ad7122ee730ba64af3769ea517af252103bddd907f681,ACBBA,ideal,1.0,19,361,4,0.05,18,,,acbba_topk_5,/home/agxorin/topk_filter_study/simulator/scenarios/final_trial_500.csv,clue_search,00,76,76,63,14,0,0,0,738,76,662,156,582,738,acbba_entry:582;clue:4;collision_intent:76;state:76,2175,0,completed
261,dcta_parity_v1,topk_filter,aa0724188407797eae5187348bee11ee9f51317c4e8a201863b052786aa2f1df,823213c90703fd83224ad7122ee730ba64af3769ea517af252103bddd907f681,ACBBA,ideal,1.0,19,361,4,0.05,18,,,acbba_topk_5,/home/agxorin/topk_filter_study/simulator/scenarios/final_trial_500.csv,clue_search,01,76,76,72,5,3,0,0,749,76,673,156,593,749,acbba_entry:593;clue:4;collision_intent:76;state:76,2165,0,completed
261,dcta_parity_v1,topk_filter,aa0724188407797eae5187348bee11ee9f51317c4e8a201863b052786aa2f1df,823213c90703fd83224ad7122ee730ba64af3769ea517af252103bddd907f681,ACBBA,ideal,1.0,19,361,4,0.05,18,,,acbba_topk_5,/home/agxorin/topk_filter_study/simulator/scenarios/final_trial_500.csv,clue_search,02,75,75,59,17,7,1,1,708,76,632,155,553,708,acbba_entry:553;clue:4;collision_intent:76;state:75,2206,0,completed
261,dcta_parity_v1,topk_filter,aa0724188407797eae5187348bee11ee9f51317c4e8a201863b052786aa2f1df,823213c90703fd83224ad7122ee730ba64af3769ea517af252103bddd907f681,ACBBA,ideal,1.0,19,361,4,0.05,18,,,acbba_topk_5,/home/agxorin/topk_filter_study/simulator/scenarios/final_trial_500.csv,clue_search,03,76,76,70,7,4,0,0,720,77,643,157,563,720,acbba_entry:563;clue:4;collision_intent:76;state:76;target:1,2195,0,completed
262,dcta_parity_v1,topk_filter,aa0724188407797eae5187348bee11ee9f51317c4e8a201863b052786aa2f1df,823213c90703fd83224ad7122ee730ba64af3769ea517af252103bddd907f681,ACBBA,ideal,1.0,19,361,4,0.05,18,,,acbba_topk_5,/home/agxorin/topk_filter_study/simulator/scenarios/final_trial_500.csv,clue_search,00,27,5,28,0,1,0,0,88,27,61,55,33,44,acbba_entry:33;clue:1;collision_intent:27;state:27,297,0,completed
262,dcta_parity_v1,topk_filter,aa0724188407797eae5187348bee11ee9f51317c4e8a201863b052786aa2f1df,823213c90703fd83224ad7122ee730ba64af3769ea517af252103bddd907f681,ACBBA,ideal,1.0,19,361,4,0.05,18,,,acbba_topk_5,/home/agxorin/topk_filter_study/simulator/scenarios/final_trial_500.csv,clue_search,01,27,6,28,0,2,0,0,100,28,72,56,44,58,acbba_entry:44;clue:1;collision_intent:27;state:27;target:1,287,0,completed
262,dcta_parity_v1,topk_filter,aa0724188407797eae5187348bee11ee9f51317c4e8a201863b052786aa2f1df,823213c90703fd83224ad7122ee730ba64af3769ea517af252103bddd907f681,ACBBA,ideal,1.0,19,361,4,0.05,18,,,acbba_topk_5,/home/agxorin/topk_filter_study/simulator/scenarios/final_trial_500.csv,clue_search,02,27,5,28,0,0,0,0,100,27,73,55,45,56,acbba_entry:45;clue:1;collision_intent:27;state:27,285,0,completed
262,dcta_parity_v1,topk_filter,aa0724188407797eae5187348bee11ee9f51317c4e8a201863b052786aa2f1df,823213c90703fd83224ad7122ee730ba64af3769ea517af252103bddd907f681,ACBBA,ideal,1.0,19,361,4,0.05,18,,,acbba_topk_5,/home/agxorin/topk_filter_study/simulator/scenarios/final_trial_500.csv,clue_search,03,27,6,26,2,0,0,0,99,27,72,55,44,56,acbba_entry:44;clue:1;collision_intent:27;state:27,287,0,completed
263,dcta_parity_v1,topk_filter,aa0724188407797eae5187348bee11ee9f51317c4e8a201863b052786aa2f1df,823213c90703fd83224ad7122ee730ba64af3769ea517af252103bddd907f681,ACBBA,ideal,1.0,19,361,4,0.05,18,,,acbba_topk_5,/home/agxorin/topk_filter_study/simulator/scenarios/final_trial_500.csv,clue_search,00,61,52,46,16,1,4,4,485,65,420,129,356,467,acbba_entry:356;clue:3;collision_intent:65;state:61,1463,0,completed
263,dcta_parity_v1,topk_filter,aa0724188407797eae5187348bee11ee9f51317c4e8a201863b052786aa2f1df,823213c90703fd83224ad7122ee730ba64af3769ea517af252103bddd907f681,ACBBA,ideal,1.0,19,361,4,0.05,18,,,acbba_topk_5,/home/agxorin/topk_filter_study/simulator/scenarios/final_trial_500.csv,clue_search,01,62,54,56,7,5,0,0,482,62,420,127,355,466,acbba_entry:355;clue:3;collision_intent:62;state:62,1468,0,completed
263,dcta_parity_v1,topk_filter,aa0724188407797eae5187348bee11ee9f51317c4e8a201863b052786aa2f1df,823213c90703fd83224ad7122ee730ba64af3769ea517af252103bddd907f681,ACBBA,ideal,1.0,19,361,4,0.05,18,,,acbba_topk_5,/home/agxorin/topk_filter_study/simulator/scenarios/final_trial_500.csv,clue_search,02,62,53,63,0,2,0,0,487,62,425,127,360,469,acbba_entry:360;clue:3;collision_intent:62;state:62,1463,0,completed
263,dcta_parity_v1,topk_filter,aa0724188407797eae5187348bee11ee9f51317c4e8a201863b052786aa2f1df,823213c90703fd83224ad7122ee730ba64af3769ea517af252103bddd907f681,ACBBA,ideal,1.0,19,361,4,0.05,18,,,acbba_topk_5,/home/agxorin/topk_filter_study/simulator/scenarios/final_trial_500.csv,clue_search,03,61,53,56,6,2,0,0,496,62,434,126,370,480,acbba_entry:370;clue:3;collision_intent:61;state:61;target:1,1454,0,completed
264,dcta_parity_v1,topk_filter,aa0724188407797eae5187348bee11ee9f51317c4e8a201863b052786aa2f1df,823213c90703fd83224ad7122ee730ba64af3769ea517af252103bddd907f681,ACBBA,ideal,1.0,19,361,4,0.05,18,,,acbba_topk_5,/home/agxorin/topk_filter_study/simulator/scenarios/final_trial_500.csv,clue_search,00,14,0,15,0,0,0,0,29,15,14,29,0,0,collision_intent:14;state:14;target:1,79,0,completed
264,dcta_parity_v1,topk_filter,aa0724188407797eae5187348bee11ee9f51317c4e8a201863b052786aa2f1df,823213c90703fd83224ad7122ee730ba64af3769ea517af252103bddd907f681,ACBBA,ideal,1.0,19,361,4,0.05,18,,,acbba_topk_5,/home/agxorin/topk_filter_study/simulator/scenarios/final_trial_500.csv,clue_search,01,13,0,14,0,0,0,0,26,13,13,26,0,0,collision_intent:13;state:13,81,0,completed
264,dcta_parity_v1,topk_filter,aa0724188407797eae5187348bee11ee9f51317c4e8a201863b052786aa2f1df,823213c90703fd83224ad7122ee730ba64af3769ea517af252103bddd907f681,ACBBA,ideal,1.0,19,361,4,0.05,18,,,acbba_topk_5,/home/agxorin/topk_filter_study/simulator/scenarios/final_trial_500.csv,clue_search,02,13,0,14,0,0,0,0,27,14,13,27,0,0,collision_intent:14;state:13,80,0,completed
264,dcta_parity_v1,topk_filter,aa0724188407797eae5187348bee11ee9f51317c4e8a201863b052786aa2f1df,823213c90703fd83224ad7122ee730ba64af3769ea517af252103bddd907f681,ACBBA,ideal,1.0,19,361,4,0.05,18,,,acbba_topk_5,/home/agxorin/topk_filter_study/simulator/scenarios/final_trial_500.csv,clue_search,03,13,0,14,0,0,0,0,26,13,13,26,0,0,collision_intent:13;state:13,81,0,completed
265,dcta_parity_v1,topk_filter,aa0724188407797eae5187348bee11ee9f51317c4e8a201863b052786aa2f1df,823213c90703fd83224ad7122ee730ba64af3769ea517af252103bddd907f681,ACBBA,ideal,1.0,19,361,4,0.05,18,,,acbba_topk_5,/home/agxorin/topk_filter_study/simulator/scenarios/final_trial_500.csv,clue_search,00,37,19,38,0,0,0,0,244,38,206,76,168,208,acbba_entry:168;clue:1;collision_intent:37;state:37;target:1,663,0,completed
265,dcta_parity_v1,topk_filter,aa0724188407797eae5187348bee11ee9f51317c4e8a201863b052786aa2f1df,823213c90703fd83224ad7122ee730ba64af3769ea517af252103bddd907f681,ACBBA,ideal,1.0,19,361,4,0.05,18,,,acbba_topk_5,/home/agxorin/topk_filter_study/simulator/scenarios/final_trial_500.csv,clue_search,01,37,19,33,5,1,0,0,228,37,191,75,153,192,acbba_entry:153;clue:1;collision_intent:37;state:37,678,0,completed
265,dcta_parity_v1,topk_filter,aa0724188407797eae5187348bee11ee9f51317c4e8a201863b052786aa2f1df,823213c90703fd83224ad7122ee730ba64af3769ea517af252103bddd907f681,ACBBA,ideal,1.0,19,361,4,0.05,18,,,acbba_topk_5,/home/agxorin/topk_filter_study/simulator/scenarios/final_trial_500.csv,clue_search,02,37,19,37,1,0,0,0,219,38,181,76,143,183,acbba_entry:143;clue:1;collision_intent:38;state:37,686,0,completed
265,dcta_parity_v1,topk_filter,aa0724188407797eae5187348bee11ee9f51317c4e8a201863b052786aa2f1df,823213c90703fd83224ad7122ee730ba64af3769ea517af252103bddd907f681,ACBBA,ideal,1.0,19,361,4,0.05,18,,,acbba_topk_5,/home/agxorin/topk_filter_study/simulator/scenarios/final_trial_500.csv,clue_search,03,37,20,36,2,2,0,0,216,37,179,75,141,182,acbba_entry:141;clue:1;collision_intent:37;state:37,689,0,completed
266,dcta_parity_v1,topk_filter,aa0724188407797eae5187348bee11ee9f51317c4e8a201863b052786aa2f1df,823213c90703fd83224ad7122ee730ba64af3769ea517af252103bddd907f681,ACBBA,ideal,1.0,19,361,4,0.05,18,,,acbba_topk_5,/home/agxorin/topk_filter_study/simulator/scenarios/final_trial_500.csv,clue_search,00,11,0,12,0,0,0,0,23,12,11,23,0,0,collision_intent:11;state:11;target:1,60,0,completed
266,dcta_parity_v1,topk_filter,aa0724188407797eae5187348bee11ee9f51317c4e8a201863b052786aa2f1df,823213c90703fd83224ad7122ee730ba64af3769ea517af252103bddd907f681,ACBBA,ideal,1.0,19,361,4,0.05,18,,,acbba_topk_5,/home/agxorin/topk_filter_study/simulator/scenarios/final_trial_500.csv,clue_search,01,10,0,11,0,0,0,0,20,10,10,20,0,0,collision_intent:10;state:10,63,0,completed
266,dcta_parity_v1,topk_filter,aa0724188407797eae5187348bee11ee9f51317c4e8a201863b052786aa2f1df,823213c90703fd83224ad7122ee730ba64af3769ea517af252103bddd907f681,ACBBA,ideal,1.0,19,361,4,0.05,18,,,acbba_topk_5,/home/agxorin/topk_filter_study/simulator/scenarios/final_trial_500.csv,clue_search,02,10,0,11,0,0,0,0,20,10,10,20,0,0,collision_intent:10;state:10,61,0,completed
266,dcta_parity_v1,topk_filter,aa0724188407797eae5187348bee11ee9f51317c4e8a201863b052786aa2f1df,823213c90703fd83224ad7122ee730ba64af3769ea517af252103bddd907f681,ACBBA,ideal,1.0,19,361,4,0.05,18,,,acbba_topk_5,/home/agxorin/topk_filter_study/simulator/scenarios/final_trial_500.csv,clue_search,03,10,0,11,0,0,0,0,20,10,10,20,0,0,collision_intent:10;state:10,63,0,completed
267,dcta_parity_v1,topk_filter,aa0724188407797eae5187348bee11ee9f51317c4e8a201863b052786aa2f1df,823213c90703fd83224ad7122ee730ba64af3769ea517af252103bddd907f681,ACBBA,ideal,1.0,19,361,4,0.05,18,,,acbba_topk_5,/home/agxorin/topk_filter_study/simulator/scenarios/final_trial_500.csv,clue_search,00,35,1,36,0,0,0,0,75,36,39,72,3,7,acbba_entry:3;clue:1;collision_intent:35;state:35;target:1,216,0,completed
267,dcta_parity_v1,topk_filter,aa0724188407797eae5187348bee11ee9f51317c4e8a201863b052786aa2f1df,823213c90703fd83224ad7122ee730ba64af3769ea517af252103bddd907f681,ACBBA,ideal,1.0,19,361,4,0.05,18,,,acbba_topk_5,/home/agxorin/topk_filter_study/simulator/scenarios/final_trial_500.csv,clue_search,01,34,1,35,0,0,0,0,72,34,38,69,3,6,acbba_entry:3;clue:1;collision_intent:34;state:34,217,0,completed
267,dcta_parity_v1,topk_filter,aa0724188407797eae5187348bee11ee9f51317c4e8a201863b052786aa2f1df,823213c90703fd83224ad7122ee730ba64af3769ea517af252103bddd907f681,ACBBA,ideal,1.0,19,361,4,0.05,18,,,acbba_topk_5,/home/agxorin/topk_filter_study/simulator/scenarios/final_trial_500.csv,clue_search,02,34,1,35,0,0,0,0,72,34,38,69,3,6,acbba_entry:3;clue:1;collision_intent:34;state:34,217,0,completed
267,dcta_parity_v1,topk_filter,aa0724188407797eae5187348bee11ee9f51317c4e8a201863b052786aa2f1df,823213c90703fd83224ad7122ee730ba64af3769ea517af252103bddd907f681,ACBBA,ideal,1.0,19,361,4,0.05,18,,,acbba_topk_5,/home/agxorin/topk_filter_study/simulator/scenarios/final_trial_500.csv,clue_search,03,34,1,35,0,0,0,0,72,34,38,69,3,6,acbba_entry:3;clue:1;collision_intent:34;state:34,219,0,completed
268,dcta_parity_v1,topk_filter,aa0724188407797eae5187348bee11ee9f51317c4e8a201863b052786aa2f1df,823213c90703fd83224ad7122ee730ba64af3769ea517af252103bddd907f681,ACBBA,ideal,1.0,19,361,4,0.05,18,,,acbba_topk_5,/home/agxorin/topk_filter_study/simulator/scenarios/final_trial_500.csv,clue_search,00,64,41,56,9,1,1,1,415,65,350,131,284,369,acbba_entry:284;clue:2;collision_intent:65;state:64,1257,0,completed
268,dcta_parity_v1,topk_filter,aa0724188407797eae5187348bee11ee9f51317c4e8a201863b052786aa2f1df,823213c90703fd83224ad7122ee730ba64af3769ea517af252103bddd907f681,ACBBA,ideal,1.0,19,361,4,0.05,18,,,acbba_topk_5,/home/agxorin/topk_filter_study/simulator/scenarios/final_trial_500.csv,clue_search,01,63,41,59,5,2,0,0,395,64,331,129,266,351,acbba_entry:266;clue:2;collision_intent:63;state:63;target:1,1278,0,completed
268,dcta_parity_v1,topk_filter,aa0724188407797eae5187348bee11ee9f51317c4e8a201863b052786aa2f1df,823213c90703fd83224ad7122ee730ba64af3769ea517af252103bddd907f681,ACBBA,ideal,1.0,19,361,4,0.05,18,,,acbba_topk_5,/home/agxorin/topk_filter_study/simulator/scenarios/final_trial_500.csv,clue_search,02,64,41,58,7,2,2,1,437,66,371,132,305,391,acbba_entry:305;clue:2;collision_intent:66;state:64,1234,0,completed
268,dcta_parity_v1,topk_filter,aa0724188407797eae5187348bee11ee9f51317c4e8a201863b052786aa2f1df,823213c90703fd83224ad7122ee730ba64af3769ea517af252103bddd907f681,ACBBA,ideal,1.0,19,361,4,0.05,18,,,acbba_topk_5,/home/agxorin/topk_filter_study/simulator/scenarios/final_trial_500.csv,clue_search,03,61,38,56,6,2,2,2,426,63,363,126,300,380,acbba_entry:300;clue:2;collision_intent:63;state:61,1246,0,completed
269,dcta_parity_v1,topk_filter,aa0724188407797eae5187348bee11ee9f51317c4e8a201863b052786aa2f1df,823213c90703fd83224ad7122ee730ba64af3769ea517af252103bddd907f681,ACBBA,ideal,1.0,19,361,4,0.05,18,,,acbba_topk_5,/home/agxorin/topk_filter_study/simulator/scenarios/final_trial_500.csv,clue_search,00,40,2,41,0,1,0,0,90,40,50,81,9,14,acbba_entry:9;clue:1;collision_intent:40;state:40,260,0,completed
269,dcta_parity_v1,topk_filter,aa0724188407797eae5187348bee11ee9f51317c4e8a201863b052786aa2f1df,823213c90703fd83224ad7122ee730ba64af3769ea517af252103bddd907f681,ACBBA,ideal,1.0,19,361,4,0.05,18,,,acbba_topk_5,/home/agxorin/topk_filter_study/simulator/scenarios/final_trial_500.csv,clue_search,01,39,1,40,0,0,0,0,85,39,46,79,6,9,acbba_entry:6;clue:1;collision_intent:39;state:39,263,0,completed
269,dcta_parity_v1,topk_filter,aa0724188407797eae5187348bee11ee9f51317c4e8a201863b052786aa2f1df,823213c90703fd83224ad7122ee730ba64af3769ea517af252103bddd907f681,ACBBA,ideal,1.0,19,361,4,0.05,18,,,acbba_topk_5,/home/agxorin/topk_filter_study/simulator/scenarios/final_trial_500.csv,clue_search,02,40,2,41,0,1,0,0,93,41,52,82,11,17,acbba_entry:11;clue:1;collision_intent:40;state:40;target:1,257,0,completed
269,dcta_parity_v1,topk_filter,aa0724188407797eae5187348bee11ee9f51317c4e8a201863b052786aa2f1df,823213c90703fd83224ad7122ee730ba64af3769ea517af252103bddd907f681,ACBBA,ideal,1.0,19,361,4,0.05,18,,,acbba_topk_5,/home/agxorin/topk_filter_study/simulator/scenarios/final_trial_500.csv,clue_search,03,39,1,40,0,0,0,0,82,39,43,79,3,6,acbba_entry:3;clue:1;collision_intent:39;state:39,268,0,completed
270,dcta_parity_v1,topk_filter,aa0724188407797eae5187348bee11ee9f51317c4e8a201863b052786aa2f1df,823213c90703fd83224ad7122ee730ba64af3769ea517af252103bddd907f681,ACBBA,ideal,1.0,19,361,4,0.05,18,,,acbba_topk_5,/home/agxorin/topk_filter_study/simulator/scenarios/final_trial_500.csv,clue_search,00,18,0,19,0,0,0,0,37,19,18,37,0,0,collision_intent:18;state:18;target:1,102,0,completed
270,dcta_parity_v1,topk_filter,aa0724188407797eae5187348bee11ee9f51317c4e8a201863b052786aa2f1df,823213c90703fd83224ad7122ee730ba64af3769ea517af252103bddd907f681,ACBBA,ideal,1.0,19,361,4,0.05,18,,,acbba_topk_5,/home/agxorin/topk_filter_study/simulator/scenarios/final_trial_500.csv,clue_search,01,17,0,18,0,0,0,0,34,17,17,34,0,0,collision_intent:17;state:17,104,0,completed
270,dcta_parity_v1,topk_filter,aa0724188407797eae5187348bee11ee9f51317c4e8a201863b052786aa2f1df,823213c90703fd83224ad7122ee730ba64af3769ea517af252103bddd907f681,ACBBA,ideal,1.0,19,361,4,0.05,18,,,acbba_topk_5,/home/agxorin/topk_filter_study/simulator/scenarios/final_trial_500.csv,clue_search,02,17,0,18,0,0,0,0,34,17,17,34,0,0,collision_intent:17;state:17,105,0,completed
270,dcta_parity_v1,topk_filter,aa0724188407797eae5187348bee11ee9f51317c4e8a201863b052786aa2f1df,823213c90703fd83224ad7122ee730ba64af3769ea517af252103bddd907f681,ACBBA,ideal,1.0,19,361,4,0.05,18,,,acbba_topk_5,/home/agxorin/topk_filter_study/simulator/scenarios/final_trial_500.csv,clue_search,03,17,0,18,0,0,0,0,34,17,17,34,0,0,collision_intent:17;state:17,103,0,completed
271,dcta_parity_v1,topk_filter,aa0724188407797eae5187348bee11ee9f51317c4e8a201863b052786aa2f1df,823213c90703fd83224ad7122ee730ba64af3769ea517af252103bddd907f681,ACBBA,ideal,1.0,19,361,4,0.05,18,,,acbba_topk_5,/home/agxorin/topk_filter_study/simulator/scenarios/final_trial_500.csv,clue_search,00,49,49,49,1,2,0,0,495,50,445,102,393,494,acbba_entry:393;clue:3;collision_intent:49;state:49;target:1,1345,0,completed
271,dcta_parity_v1,topk_filter,aa0724188407797eae5187348bee11ee9f51317c4e8a201863b052786aa2f1df,823213c90703fd83224ad7122ee730ba64af3769ea517af252103bddd907f681,ACBBA,ideal,1.0,19,361,4,0.05,18,,,acbba_topk_5,/home/agxorin/topk_filter_study/simulator/scenarios/final_trial_500.csv,clue_search,01,48,48,42,7,4,2,2,463,50,413,101,362,462,acbba_entry:362;clue:3;collision_intent:50;state:48,1376,0,completed
271,dcta_parity_v1,topk_filter,aa0724188407797eae5187348bee11ee9f51317c4e8a201863b052786aa2f1df,823213c90703fd83224ad7122ee730ba64af3769ea517af252103bddd907f681,ACBBA,ideal,1.0,19,361,4,0.05,18,,,acbba_topk_5,/home/agxorin/topk_filter_study/simulator/scenarios/final_trial_500.csv,clue_search,02,49,48,48,2,2,1,1,451,50,401,102,349,449,acbba_entry:349;clue:3;collision_intent:50;state:49,1388,0,completed
271,dcta_parity_v1,topk_filter,aa0724188407797eae5187348bee11ee9f51317c4e8a201863b052786aa2f1df,823213c90703fd83224ad7122ee730ba64af3769ea517af252103bddd907f681,ACBBA,ideal,1.0,19,361,4,0.05,18,,,acbba_topk_5,/home/agxorin/topk_filter_study/simulator/scenarios/final_trial_500.csv,clue_search,03,49,49,38,12,2,0,0,431,49,382,101,330,430,acbba_entry:330;clue:3;collision_intent:49;state:49,1408,0,completed
272,dcta_parity_v1,topk_filter,aa0724188407797eae5187348bee11ee9f51317c4e8a201863b052786aa2f1df,823213c90703fd83224ad7122ee730ba64af3769ea517af252103bddd907f681,ACBBA,ideal,1.0,19,361,4,0.05,18,,,acbba_topk_5,/home/agxorin/topk_filter_study/simulator/scenarios/final_trial_500.csv,clue_search,00,51,43,41,11,1,0,0,301,51,250,105,196,285,acbba_entry:196;clue:3;collision_intent:51;state:51,883,0,completed
272,dcta_parity_v1,topk_filter,aa0724188407797eae5187348bee11ee9f51317c4e8a201863b052786aa2f1df,823213c90703fd83224ad7122ee730ba64af3769ea517af252103bddd907f681,ACBBA,ideal,1.0,19,361,4,0.05,18,,,acbba_topk_5,/home/agxorin/topk_filter_study/simulator/scenarios/final_trial_500.csv,clue_search,01,50,43,43,8,3,3,3,283,53,230,106,177,269,acbba_entry:177;clue:3;collision_intent:53;state:50,899,0,completed
272,dcta_parity_v1,topk_filter,aa0724188407797eae5187348bee11ee9f51317c4e8a201863b052786aa2f1df,823213c90703fd83224ad7122ee730ba64af3769ea517af252103bddd907f681,ACBBA,ideal,1.0,19,361,4,0.05,18,,,acbba_topk_5,/home/agxorin/topk_filter_study/simulator/scenarios/final_trial_500.csv,clue_search,02,51,44,41,11,1,2,2,294,54,240,108,186,279,acbba_entry:186;clue:3;collision_intent:53;state:51;target:1,890,0,completed
272,dcta_parity_v1,topk_filter,aa0724188407797eae5187348bee11ee9f51317c4e8a201863b052786aa2f1df,823213c90703fd83224ad7122ee730ba64af3769ea517af252103bddd907f681,ACBBA,ideal,1.0,19,361,4,0.05,18,,,acbba_topk_5,/home/agxorin/topk_filter_study/simulator/scenarios/final_trial_500.csv,clue_search,03,51,44,47,5,2,0,0,306,51,255,105,201,292,acbba_entry:201;clue:3;collision_intent:51;state:51,877,0,completed
273,dcta_parity_v1,topk_filter,aa0724188407797eae5187348bee11ee9f51317c4e8a201863b052786aa2f1df,823213c90703fd83224ad7122ee730ba64af3769ea517af252103bddd907f681,ACBBA,ideal,1.0,19,361,4,0.05,18,,,acbba_topk_5,/home/agxorin/topk_filter_study/simulator/scenarios/final_trial_500.csv,clue_search,00,41,1,42,0,0,0,0,89,41,48,83,6,9,acbba_entry:6;clue:1;collision_intent:41;state:41,262,0,completed
273,dcta_parity_v1,topk_filter,aa0724188407797eae5187348bee11ee9f51317c4e8a201863b052786aa2f1df,823213c90703fd83224ad7122ee730ba64af3769ea517af252103bddd907f681,ACBBA,ideal,1.0,19,361,4,0.05,18,,,acbba_topk_5,/home/agxorin/topk_filter_study/simulator/scenarios/final_trial_500.csv,clue_search,01,41,2,42,0,0,0,0,87,42,45,84,3,8,acbba_entry:3;clue:1;collision_intent:41;state:41;target:1,264,0,completed
273,dcta_parity_v1,topk_filter,aa0724188407797eae5187348bee11ee9f51317c4e8a201863b052786aa2f1df,823213c90703fd83224ad7122ee730ba64af3769ea517af252103bddd907f681,ACBBA,ideal,1.0,19,361,4,0.05,18,,,acbba_topk_5,/home/agxorin/topk_filter_study/simulator/scenarios/final_trial_500.csv,clue_search,02,41,1,41,1,0,0,0,86,41,45,83,3,6,acbba_entry:3;clue:1;collision_intent:41;state:41,263,0,completed
273,dcta_parity_v1,topk_filter,aa0724188407797eae5187348bee11ee9f51317c4e8a201863b052786aa2f1df,823213c90703fd83224ad7122ee730ba64af3769ea517af252103bddd907f681,ACBBA,ideal,1.0,19,361,4,0.05,18,,,acbba_topk_5,/home/agxorin/topk_filter_study/simulator/scenarios/final_trial_500.csv,clue_search,03,41,1,42,0,0,0,0,89,41,48,83,6,9,acbba_entry:6;clue:1;collision_intent:41;state:41,261,0,completed
274,dcta_parity_v1,topk_filter,aa0724188407797eae5187348bee11ee9f51317c4e8a201863b052786aa2f1df,823213c90703fd83224ad7122ee730ba64af3769ea517af252103bddd907f681,ACBBA,ideal,1.0,19,361,4,0.05,18,,,acbba_topk_5,/home/agxorin/topk_filter_study/simulator/scenarios/final_trial_500.csv,clue_search,00,63,43,63,1,4,0,0,481,63,418,128,353,441,acbba_entry:353;clue:2;collision_intent:63;state:63,1382,0,completed
274,dcta_parity_v1,topk_filter,aa0724188407797eae5187348bee11ee9f51317c4e8a201863b052786aa2f1df,823213c90703fd83224ad7122ee730ba64af3769ea517af252103bddd907f681,ACBBA,ideal,1.0,19,361,4,0.05,18,,,acbba_topk_5,/home/agxorin/topk_filter_study/simulator/scenarios/final_trial_500.csv,clue_search,01,63,44,51,13,0,0,0,460,64,396,129,331,421,acbba_entry:331;clue:2;collision_intent:63;state:63;target:1,1403,0,completed
274,dcta_parity_v1,topk_filter,aa0724188407797eae5187348bee11ee9f51317c4e8a201863b052786aa2f1df,823213c90703fd83224ad7122ee730ba64af3769ea517af252103bddd907f681,ACBBA,ideal,1.0,19,361,4,0.05,18,,,acbba_topk_5,/home/agxorin/topk_filter_study/simulator/scenarios/final_trial_500.csv,clue_search,02,63,43,55,9,6,1,1,463,64,399,129,334,423,acbba_entry:334;clue:2;collision_intent:64;state:63,1400,0,completed
274,dcta_parity_v1,topk_filter,aa0724188407797eae5187348bee11ee9f51317c4e8a201863b052786aa2f1df,823213c90703fd83224ad7122ee730ba64af3769ea517af252103bddd907f681,ACBBA,ideal,1.0,19,361,4,0.05,18,,,acbba_topk_5,/home/agxorin/topk_filter_study/simulator/scenarios/final_trial_500.csv,clue_search,03,63,43,61,3,3,0,0,459,63,396,128,331,419,acbba_entry:331;clue:2;collision_intent:63;state:63,1403,0,completed
275,dcta_parity_v1,topk_filter,aa0724188407797eae5187348bee11ee9f51317c4e8a201863b052786aa2f1df,823213c90703fd83224ad7122ee730ba64af3769ea517af252103bddd907f681,ACBBA,ideal,1.0,19,361,4,0.05,18,,,acbba_topk_5,/home/agxorin/topk_filter_study/simulator/scenarios/final_trial_500.csv,clue_search,00,85,68,64,22,3,2,2,618,87,531,174,444,584,acbba_entry:444;clue:2;collision_intent:87;state:85,1779,0,completed
275,dcta_parity_v1,topk_filter,aa0724188407797eae5187348bee11ee9f51317c4e8a201863b052786aa2f1df,823213c90703fd83224ad7122ee730ba64af3769ea517af252103bddd907f681,ACBBA,ideal,1.0,19,361,4,0.05,18,,,acbba_topk_5,/home/agxorin/topk_filter_study/simulator/scenarios/final_trial_500.csv,clue_search,01,85,68,68,18,2,1,1,601,87,514,174,427,567,acbba_entry:427;clue:2;collision_intent:86;state:85;target:1,1797,0,completed
275,dcta_parity_v1,topk_filter,aa0724188407797eae5187348bee11ee9f51317c4e8a201863b052786aa2f1df,823213c90703fd83224ad7122ee730ba64af3769ea517af252103bddd907f681,ACBBA,ideal,1.0,19,361,4,0.05,18,,,acbba_topk_5,/home/agxorin/topk_filter_study/simulator/scenarios/final_trial_500.csv,clue_search,02,86,68,61,26,7,3,2,583,90,493,178,405,547,acbba_entry:405;clue:2;collision_intent:90;state:86,1814,0,completed
275,dcta_parity_v1,topk_filter,aa0724188407797eae5187348bee11ee9f51317c4e8a201863b052786aa2f1df,823213c90703fd83224ad7122ee730ba64af3769ea517af252103bddd907f681,ACBBA,ideal,1.0,19,361,4,0.05,18,,,acbba_topk_5,/home/agxorin/topk_filter_study/simulator/scenarios/final_trial_500.csv,clue_search,03,86,69,78,9,13,1,1,596,87,509,175,421,562,acbba_entry:421;clue:2;collision_intent:87;state:86,1800,0,completed
276,dcta_parity_v1,topk_filter,aa0724188407797eae5187348bee11ee9f51317c4e8a201863b052786aa2f1df,823213c90703fd83224ad7122ee730ba64af3769ea517af252103bddd907f681,ACBBA,ideal,1.0,19,361,4,0.05,18,,,acbba_topk_5,/home/agxorin/topk_filter_study/simulator/scenarios/final_trial_500.csv,clue_search,00,97,96,78,20,4,0,0,898,97,801,198,700,896,acbba_entry:700;clue:4;collision_intent:97;state:97,2700,0,completed
276,dcta_parity_v1,topk_filter,aa0724188407797eae5187348bee11ee9f51317c4e8a201863b052786aa2f1df,823213c90703fd83224ad7122ee730ba64af3769ea517af252103bddd907f681,ACBBA,ideal,1.0,19,361,4,0.05,18,,,acbba_topk_5,/home/agxorin/topk_filter_study/simulator/scenarios/final_trial_500.csv,clue_search,01,95,94,81,15,2,0,0,900,96,804,195,705,898,acbba_entry:705;clue:4;collision_intent:95;state:95;target:1,2698,0,completed
276,dcta_parity_v1,topk_filter,aa0724188407797eae5187348bee11ee9f51317c4e8a201863b052786aa2f1df,823213c90703fd83224ad7122ee730ba64af3769ea517af252103bddd907f681,ACBBA,ideal,1.0,19,361,4,0.05,18,,,acbba_topk_5,/home/agxorin/topk_filter_study/simulator/scenarios/final_trial_500.csv,clue_search,02,94,93,81,14,3,2,2,912,96,816,194,718,910,acbba_entry:718;clue:4;collision_intent:96;state:94,2685,0,completed
276,dcta_parity_v1,topk_filter,aa0724188407797eae5187348bee11ee9f51317c4e8a201863b052786aa2f1df,823213c90703fd83224ad7122ee730ba64af3769ea517af252103bddd907f681,ACBBA,ideal,1.0,19,361,4,0.05,18,,,acbba_topk_5,/home/agxorin/topk_filter_study/simulator/scenarios/final_trial_500.csv,clue_search,03,95,95,89,7,10,0,0,888,95,793,194,694,887,acbba_entry:694;clue:4;collision_intent:95;state:95,2710,0,completed
277,dcta_parity_v1,topk_filter,aa0724188407797eae5187348bee11ee9f51317c4e8a201863b052786aa2f1df,823213c90703fd83224ad7122ee730ba64af3769ea517af252103bddd907f681,ACBBA,ideal,1.0,19,361,4,0.05,18,,,acbba_topk_5,/home/agxorin/topk_filter_study/simulator/scenarios/final_trial_500.csv,clue_search,00,35,24,34,2,3,0,0,264,35,229,74,190,242,acbba_entry:190;clue:4;collision_intent:35;state:35,804,0,completed
277,dcta_parity_v1,topk_filter,aa0724188407797eae5187348bee11ee9f51317c4e8a201863b052786aa2f1df,823213c90703fd83224ad7122ee730ba64af3769ea517af252103bddd907f681,ACBBA,ideal,1.0,19,361,4,0.05,18,,,acbba_topk_5,/home/agxorin/topk_filter_study/simulator/scenarios/final_trial_500.csv,clue_search,01,35,25,30,6,2,0,0,267,36,231,75,192,247,acbba_entry:192;clue:4;collision_intent:35;state:35;target:1,802,0,completed
277,dcta_parity_v1,topk_filter,aa0724188407797eae5187348bee11ee9f51317c4e8a201863b052786aa2f1df,823213c90703fd83224ad7122ee730ba64af3769ea517af252103bddd907f681,ACBBA,ideal,1.0,19,361,4,0.05,18,,,acbba_topk_5,/home/agxorin/topk_filter_study/simulator/scenarios/final_trial_500.csv,clue_search,02,35,24,33,3,1,0,0,272,35,237,74,198,250,acbba_entry:198;clue:4;collision_intent:35;state:35,796,0,completed
277,dcta_parity_v1,topk_filter,aa0724188407797eae5187348bee11ee9f51317c4e8a201863b052786aa2f1df,823213c90703fd83224ad7122ee730ba64af3769ea517af252103bddd907f681,ACBBA,ideal,1.0,19,361,4,0.05,18,,,acbba_topk_5,/home/agxorin/topk_filter_study/simulator/scenarios/final_trial_500.csv,clue_search,03,34,24,35,0,2,0,0,266,35,231,73,193,246,acbba_entry:193;clue:4;collision_intent:35;state:34,803,0,completed
278,dcta_parity_v1,topk_filter,aa0724188407797eae5187348bee11ee9f51317c4e8a201863b052786aa2f1df,823213c90703fd83224ad7122ee730ba64af3769ea517af252103bddd907f681,ACBBA,ideal,1.0,19,361,4,0.05,18,,,acbba_topk_5,/home/agxorin/topk_filter_study/simulator/scenarios/final_trial_500.csv,clue_search,00,23,17,23,1,2,0,0,150,23,127,49,101,138,acbba_entry:101;clue:3;collision_intent:23;state:23,477,0,completed
278,dcta_parity_v1,topk_filter,aa0724188407797eae5187348bee11ee9f51317c4e8a201863b052786aa2f1df,823213c90703fd83224ad7122ee730ba64af3769ea517af252103bddd907f681,ACBBA,ideal,1.0,19,361,4,0.05,18,,,acbba_topk_5,/home/agxorin/topk_filter_study/simulator/scenarios/final_trial_500.csv,clue_search,01,22,17,20,3,1,0,0,153,22,131,47,106,143,acbba_entry:106;clue:3;collision_intent:22;state:22,474,0,completed
278,dcta_parity_v1,topk_filter,aa0724188407797eae5187348bee11ee9f51317c4e8a201863b052786aa2f1df,823213c90703fd83224ad7122ee730ba64af3769ea517af252103bddd907f681,ACBBA,ideal,1.0,19,361,4,0.05,18,,,acbba_topk_5,/home/agxorin/topk_filter_study/simulator/scenarios/final_trial_500.csv,clue_search,02,22,16,19,4,1,0,0,158,22,136,47,111,146,acbba_entry:111;clue:3;collision_intent:22;state:22,470,0,completed
278,dcta_parity_v1,topk_filter,aa0724188407797eae5187348bee11ee9f51317c4e8a201863b052786aa2f1df,823213c90703fd83224ad7122ee730ba64af3769ea517af252103bddd907f681,ACBBA,ideal,1.0,19,361,4,0.05,18,,,acbba_topk_5,/home/agxorin/topk_filter_study/simulator/scenarios/final_trial_500.csv,clue_search,03,22,16,20,3,1,0,0,167,23,144,48,119,155,acbba_entry:119;clue:3;collision_intent:22;state:22;target:1,461,0,completed
279,dcta_parity_v1,topk_filter,aa0724188407797eae5187348bee11ee9f51317c4e8a201863b052786aa2f1df,823213c90703fd83224ad7122ee730ba64af3769ea517af252103bddd907f681,ACBBA,ideal,1.0,19,361,4,0.05,18,,,acbba_topk_5,/home/agxorin/topk_filter_study/simulator/scenarios/final_trial_500.csv,clue_search,00,36,25,36,1,2,0,0,265,36,229,73,192,243,acbba_entry:192;clue:1;collision_intent:36;state:36,795,0,completed
279,dcta_parity_v1,topk_filter,aa0724188407797eae5187348bee11ee9f51317c4e8a201863b052786aa2f1df,823213c90703fd83224ad7122ee730ba64af3769ea517af252103bddd907f681,ACBBA,ideal,1.0,19,361,4,0.05,18,,,acbba_topk_5,/home/agxorin/topk_filter_study/simulator/scenarios/final_trial_500.csv,clue_search,01,35,24,33,3,0,0,0,257,36,221,72,185,235,acbba_entry:185;clue:1;collision_intent:36;state:35,804,0,completed
279,dcta_parity_v1,topk_filter,aa0724188407797eae5187348bee11ee9f51317c4e8a201863b052786aa2f1df,823213c90703fd83224ad7122ee730ba64af3769ea517af252103bddd907f681,ACBBA,ideal,1.0,19,361,4,0.05,18,,,acbba_topk_5,/home/agxorin/topk_filter_study/simulator/scenarios/final_trial_500.csv,clue_search,02,36,25,31,6,1,0,0,269,37,232,74,195,247,acbba_entry:195;clue:1;collision_intent:37;state:36,790,0,completed
279,dcta_parity_v1,topk_filter,aa0724188407797eae5187348bee11ee9f51317c4e8a201863b052786aa2f1df,823213c90703fd83224ad7122ee730ba64af3769ea517af252103bddd907f681,ACBBA,ideal,1.0,19,361,4,0.05,18,,,acbba_topk_5,/home/agxorin/topk_filter_study/simulator/scenarios/final_trial_500.csv,clue_search,03,37,26,36,2,3,0,0,270,38,232,76,194,248,acbba_entry:194;clue:1;collision_intent:37;state:37;target:1,791,0,completed
280,dcta_parity_v1,topk_filter,aa0724188407797eae5187348bee11ee9f51317c4e8a201863b052786aa2f1df,823213c90703fd83224ad7122ee730ba64af3769ea517af252103bddd907f681,ACBBA,ideal,1.0,19,361,4,0.05,18,,,acbba_topk_5,/home/agxorin/topk_filter_study/simulator/scenarios/final_trial_500.csv,clue_search,00,37,7,37,1,0,0,0,112,37,75,75,37,52,acbba_entry:37;clue:1;collision_intent:37;state:37,358,0,completed
280,dcta_parity_v1,topk_filter,aa0724188407797eae5187348bee11ee9f51317c4e8a201863b052786aa2f1df,823213c90703fd83224ad7122ee730ba64af3769ea517af252103bddd907f681,ACBBA,ideal,1.0,19,361,4,0.05,18,,,acbba_topk_5,/home/agxorin/topk_filter_study/simulator/scenarios/final_trial_500.csv,clue_search,01,36,6,37,0,1,0,0,111,36,75,73,38,51,acbba_entry:38;clue:1;collision_intent:36;state:36,358,0,completed
280,dcta_parity_v1,topk_filter,aa0724188407797eae5187348bee11ee9f51317c4e8a201863b052786aa2f1df,823213c90703fd83224ad7122ee730ba64af3769ea517af252103bddd907f681,ACBBA,ideal,1.0,19,361,4,0.05,18,,,acbba_topk_5,/home/agxorin/topk_filter_study/simulator/scenarios/final_trial_500.csv,clue_search,02,37,7,36,2,1,0,0,129,37,92,75,54,69,acbba_entry:54;clue:1;collision_intent:37;state:37,340,0,completed
280,dcta_parity_v1,topk_filter,aa0724188407797eae5187348bee11ee9f51317c4e8a201863b052786aa2f1df,823213c90703fd83224ad7122ee730ba64af3769ea517af252103bddd907f681,ACBBA,ideal,1.0,19,361,4,0.05,18,,,acbba_topk_5,/home/agxorin/topk_filter_study/simulator/scenarios/final_trial_500.csv,clue_search,03,36,6,37,0,0,0,0,119,37,82,74,45,59,acbba_entry:45;clue:1;collision_intent:36;state:36;target:1,352,0,completed
281,dcta_parity_v1,topk_filter,aa0724188407797eae5187348bee11ee9f51317c4e8a201863b052786aa2f1df,823213c90703fd83224ad7122ee730ba64af3769ea517af252103bddd907f681,ACBBA,ideal,1.0,19,361,4,0.05,18,,,acbba_topk_5,/home/agxorin/topk_filter_study/simulator/scenarios/final_trial_500.csv,clue_search,00,13,11,14,0,2,0,0,115,14,101,28,87,111,acbba_entry:87;clue:1;collision_intent:13;state:13;target:1,323,0,completed
281,dcta_parity_v1,topk_filter,aa0724188407797eae5187348bee11ee9f51317c4e8a201863b052786aa2f1df,823213c90703fd83224ad7122ee730ba64af3769ea517af252103bddd907f681,ACBBA,ideal,1.0,19,361,4,0.05,18,,,acbba_topk_5,/home/agxorin/topk_filter_study/simulator/scenarios/final_trial_500.csv,clue_search,01,12,10,13,0,0,0,0,105,12,93,25,80,101,acbba_entry:80;clue:1;collision_intent:12;state:12,332,0,completed
281,dcta_parity_v1,topk_filter,aa0724188407797eae5187348bee11ee9f51317c4e8a201863b052786aa2f1df,823213c90703fd83224ad7122ee730ba64af3769ea517af252103bddd907f681,ACBBA,ideal,1.0,19,361,4,0.05,18,,,acbba_topk_5,/home/agxorin/topk_filter_study/simulator/scenarios/final_trial_500.csv,clue_search,02,13,11,10,4,2,0,0,111,13,98,27,84,107,acbba_entry:84;clue:1;collision_intent:13;state:13,326,0,completed
281,dcta_parity_v1,topk_filter,aa0724188407797eae5187348bee11ee9f51317c4e8a201863b052786aa2f1df,823213c90703fd83224ad7122ee730ba64af3769ea517af252103bddd907f681,ACBBA,ideal,1.0,19,361,4,0.05,18,,,acbba_topk_5,/home/agxorin/topk_filter_study/simulator/scenarios/final_trial_500.csv,clue_search,03,13,11,10,4,5,0,0,107,13,94,27,80,103,acbba_entry:80;clue:1;collision_intent:13;state:13,329,0,completed
282,dcta_parity_v1,topk_filter,aa0724188407797eae5187348bee11ee9f51317c4e8a201863b052786aa2f1df,823213c90703fd83224ad7122ee730ba64af3769ea517af252103bddd907f681,ACBBA,ideal,1.0,19,361,4,0.05,18,,,acbba_topk_5,/home/agxorin/topk_filter_study/simulator/scenarios/final_trial_500.csv,clue_search,00,23,4,24,0,0,0,0,69,23,46,47,22,31,acbba_entry:22;clue:1;collision_intent:23;state:23,216,0,completed
282,dcta_parity_v1,topk_filter,aa0724188407797eae5187348bee11ee9f51317c4e8a201863b052786aa2f1df,823213c90703fd83224ad7122ee730ba64af3769ea517af252103bddd907f681,ACBBA,ideal,1.0,19,361,4,0.05,18,,,acbba_topk_5,/home/agxorin/topk_filter_study/simulator/scenarios/final_trial_500.csv,clue_search,01,23,4,24,0,0,0,0,73,23,50,47,26,35,acbba_entry:26;clue:1;collision_intent:23;state:23,212,0,completed
282,dcta_parity_v1,topk_filter,aa0724188407797eae5187348bee11ee9f51317c4e8a201863b052786aa2f1df,823213c90703fd83224ad7122ee730ba64af3769ea517af252103bddd907f681,ACBBA,ideal,1.0,19,361,4,0.05,18,,,acbba_topk_5,/home/agxorin/topk_filter_study/simulator/scenarios/final_trial_500.csv,clue_search,02,23,4,24,0,0,0,0,73,23,50,47,26,35,acbba_entry:26;clue:1;collision_intent:23;state:23,211,0,completed
282,dcta_parity_v1,topk_filter,aa0724188407797eae5187348bee11ee9f51317c4e8a201863b052786aa2f1df,823213c90703fd83224ad7122ee730ba64af3769ea517af252103bddd907f681,ACBBA,ideal,1.0,19,361,4,0.05,18,,,acbba_topk_5,/home/agxorin/topk_filter_study/simulator/scenarios/final_trial_500.csv,clue_search,03,23,4,24,0,0,0,0,71,24,47,48,23,33,acbba_entry:23;clue:1;collision_intent:23;state:23;target:1,215,0,completed
283,dcta_parity_v1,topk_filter,aa0724188407797eae5187348bee11ee9f51317c4e8a201863b052786aa2f1df,823213c90703fd83224ad7122ee730ba64af3769ea517af252103bddd907f681,ACBBA,ideal,1.0,19,361,4,0.05,18,,,acbba_topk_5,/home/agxorin/topk_filter_study/simulator/scenarios/final_trial_500.csv,clue_search,00,43,41,35,9,0,0,0,380,43,337,89,291,376,acbba_entry:291;clue:3;collision_intent:43;state:43,1210,0,completed
283,dcta_parity_v1,topk_filter,aa0724188407797eae5187348bee11ee9f51317c4e8a201863b052786aa2f1df,823213c90703fd83224ad7122ee730ba64af3769ea517af252103bddd907f681,ACBBA,ideal,1.0,19,361,4,0.05,18,,,acbba_topk_5,/home/agxorin/topk_filter_study/simulator/scenarios/final_trial_500.csv,clue_search,01,43,42,29,15,2,1,1,387,45,342,91,296,384,acbba_entry:296;clue:3;collision_intent:44;state:43;target:1,1203,0,completed
283,dcta_parity_v1,topk_filter,aa0724188407797eae5187348bee11ee9f51317c4e8a201863b052786aa2f1df,823213c90703fd83224ad7122ee730ba64af3769ea517af252103bddd907f681,ACBBA,ideal,1.0,19,361,4,0.05,18,,,acbba_topk_5,/home/agxorin/topk_filter_study/simulator/scenarios/final_trial_500.csv,clue_search,02,41,39,42,0,3,0,0,422,41,381,85,337,418,acbba_entry:337;clue:3;collision_intent:41;state:41,1168,0,completed
283,dcta_parity_v1,topk_filter,aa0724188407797eae5187348bee11ee9f51317c4e8a201863b052786aa2f1df,823213c90703fd83224ad7122ee730ba64af3769ea517af252103bddd907f681,ACBBA,ideal,1.0,19,361,4,0.05,18,,,acbba_topk_5,/home/agxorin/topk_filter_study/simulator/scenarios/final_trial_500.csv,clue_search,03,41,39,42,0,5,0,0,401,42,359,86,315,397,acbba_entry:315;clue:3;collision_intent:42;state:41,1187,0,completed
284,dcta_parity_v1,topk_filter,aa0724188407797eae5187348bee11ee9f51317c4e8a201863b052786aa2f1df,823213c90703fd83224ad7122ee730ba64af3769ea517af252103bddd907f681,ACBBA,ideal,1.0,19,361,4,0.05,18,,,acbba_topk_5,/home/agxorin/topk_filter_study/simulator/scenarios/final_trial_500.csv,clue_search,00,92,71,72,21,4,7,7,744,99,645,194,550,702,acbba_entry:550;clue:3;collision_intent:99;state:92,2201,0,completed
284,dcta_parity_v1,topk_filter,aa0724188407797eae5187348bee11ee9f51317c4e8a201863b052786aa2f1df,823213c90703fd83224ad7122ee730ba64af3769ea517af252103bddd907f681,ACBBA,ideal,1.0,19,361,4,0.05,18,,,acbba_topk_5,/home/agxorin/topk_filter_study/simulator/scenarios/final_trial_500.csv,clue_search,01,93,73,80,14,1,0,0,752,94,658,190,562,712,acbba_entry:562;clue:3;collision_intent:93;state:93;target:1,2195,0,completed
284,dcta_parity_v1,topk_filter,aa0724188407797eae5187348bee11ee9f51317c4e8a201863b052786aa2f1df,823213c90703fd83224ad7122ee730ba64af3769ea517af252103bddd907f681,ACBBA,ideal,1.0,19,361,4,0.05,18,,,acbba_topk_5,/home/agxorin/topk_filter_study/simulator/scenarios/final_trial_500.csv,clue_search,02,94,73,67,28,8,0,0,723,94,629,191,532,681,acbba_entry:532;clue:3;collision_intent:94;state:94,2223,0,completed
284,dcta_parity_v1,topk_filter,aa0724188407797eae5187348bee11ee9f51317c4e8a201863b052786aa2f1df,823213c90703fd83224ad7122ee730ba64af3769ea517af252103bddd907f681,ACBBA,ideal,1.0,19,361,4,0.05,18,,,acbba_topk_5,/home/agxorin/topk_filter_study/simulator/scenarios/final_trial_500.csv,clue_search,03,93,72,77,17,7,0,0,728,93,635,189,539,686,acbba_entry:539;clue:3;collision_intent:93;state:93,2218,0,completed
285,dcta_parity_v1,topk_filter,aa0724188407797eae5187348bee11ee9f51317c4e8a201863b052786aa2f1df,823213c90703fd83224ad7122ee730ba64af3769ea517af252103bddd907f681,ACBBA,ideal,1.0,19,361,4,0.05,18,,,acbba_topk_5,/home/agxorin/topk_filter_study/simulator/scenarios/final_trial_500.csv,clue_search,00,16,6,17,0,2,0,0,62,16,46,33,29,42,acbba_entry:29;clue:1;collision_intent:16;state:16,220,0,completed
285,dcta_parity_v1,topk_filter,aa0724188407797eae5187348bee11ee9f51317c4e8a201863b052786aa2f1df,823213c90703fd83224ad7122ee730ba64af3769ea517af252103bddd907f681,ACBBA,ideal,1.0,19,361,4,0.05,18,,,acbba_topk_5,/home/agxorin/topk_filter_study/simulator/scenarios/final_trial_500.csv,clue_search,01,16,6,16,1,2,0,0,72,16,56,33,39,52,acbba_entry:39;clue:1;collision_intent:16;state:16,211,0,completed
285,dcta_parity_v1,topk_filter,aa0724188407797eae5187348bee11ee9f51317c4e8a201863b052786aa2f1df,823213c90703fd83224ad7122ee730ba64af3769ea517af252103bddd907f681,ACBBA,ideal,1.0,19,361,4,0.05,18,,,acbba_topk_5,/home/agxorin/topk_filter_study/simulator/scenarios/final_trial_500.csv,clue_search,02,16,5,16,1,0,0,0,67,16,51,33,34,45,acbba_entry:34;clue:1;collision_intent:16;state:16,215,0,completed
285,dcta_parity_v1,topk_filter,aa0724188407797eae5187348bee11ee9f51317c4e8a201863b052786aa2f1df,823213c90703fd83224ad7122ee730ba64af3769ea517af252103bddd907f681,ACBBA,ideal,1.0,19,361,4,0.05,18,,,acbba_topk_5,/home/agxorin/topk_filter_study/simulator/scenarios/final_trial_500.csv,clue_search,03,16,6,17,0,2,0,0,82,17,65,34,48,62,acbba_entry:48;clue:1;collision_intent:16;state:16;target:1,201,0,completed
286,dcta_parity_v1,topk_filter,aa0724188407797eae5187348bee11ee9f51317c4e8a201863b052786aa2f1df,823213c90703fd83224ad7122ee730ba64af3769ea517af252103bddd907f681,ACBBA,ideal,1.0,19,361,4,0.05,18,,,acbba_topk_5,/home/agxorin/topk_filter_study/simulator/scenarios/final_trial_500.csv,clue_search,00,19,9,20,0,2,0,0,85,20,65,40,45,65,acbba_entry:45;clue:1;collision_intent:19;state:19;target:1,274,0,completed
286,dcta_parity_v1,topk_filter,aa0724188407797eae5187348bee11ee9f51317c4e8a201863b052786aa2f1df,823213c90703fd83224ad7122ee730ba64af3769ea517af252103bddd907f681,ACBBA,ideal,1.0,19,361,4,0.05,18,,,acbba_topk_5,/home/agxorin/topk_filter_study/simulator/scenarios/final_trial_500.csv,clue_search,01,18,8,19,0,2,0,0,92,18,74,37,55,72,acbba_entry:55;clue:1;collision_intent:18;state:18,265,0,completed
286,dcta_parity_v1,topk_filter,aa0724188407797eae5187348bee11ee9f51317c4e8a201863b052786aa2f1df,823213c90703fd83224ad7122ee730ba64af3769ea517af252103bddd907f681,ACBBA,ideal,1.0,19,361,4,0.05,18,,,acbba_topk_5,/home/agxorin/topk_filter_study/simulator/scenarios/final_trial_500.csv,clue_search,02,18,8,19,0,1,0,0,93,18,75,37,56,73,acbba_entry:56;clue:1;collision_intent:18;state:18,266,0,completed
286,dcta_parity_v1,topk_filter,aa0724188407797eae5187348bee11ee9f51317c4e8a201863b052786aa2f1df,823213c90703fd83224ad7122ee730ba64af3769ea517af252103bddd907f681,ACBBA,ideal,1.0,19,361,4,0.05,18,,,acbba_topk_5,/home/agxorin/topk_filter_study/simulator/scenarios/final_trial_500.csv,clue_search,03,18,8,19,0,0,0,0,89,18,71,37,52,69,acbba_entry:52;clue:1;collision_intent:18;state:18,270,0,completed
287,dcta_parity_v1,topk_filter,aa0724188407797eae5187348bee11ee9f51317c4e8a201863b052786aa2f1df,823213c90703fd83224ad7122ee730ba64af3769ea517af252103bddd907f681,ACBBA,ideal,1.0,19,361,4,0.05,18,,,acbba_topk_5,/home/agxorin/topk_filter_study/simulator/scenarios/final_trial_500.csv,clue_search,00,37,32,31,7,0,0,0,311,37,274,76,235,301,acbba_entry:235;clue:2;collision_intent:37;state:37,946,0,completed
287,dcta_parity_v1,topk_filter,aa0724188407797eae5187348bee11ee9f51317c4e8a201863b052786aa2f1df,823213c90703fd83224ad7122ee730ba64af3769ea517af252103bddd907f681,ACBBA,ideal,1.0,19,361,4,0.05,18,,,acbba_topk_5,/home/agxorin/topk_filter_study/simulator/scenarios/final_trial_500.csv,clue_search,01,35,30,32,4,1,0,0,313,36,277,73,240,303,acbba_entry:240;clue:2;collision_intent:35;state:35;target:1,944,0,completed
287,dcta_parity_v1,topk_filter,aa0724188407797eae5187348bee11ee9f51317c4e8a201863b052786aa2f1df,823213c90703fd83224ad7122ee730ba64af3769ea517af252103bddd907f681,ACBBA,ideal,1.0,19,361,4,0.05,18,,,acbba_topk_5,/home/agxorin/topk_filter_study/simulator/scenarios/final_trial_500.csv,clue_search,02,35,30,33,3,0,0,0,316,35,281,72,244,306,acbba_entry:244;clue:2;collision_intent:35;state:35,941,0,completed
287,dcta_parity_v1,topk_filter,aa0724188407797eae5187348bee11ee9f51317c4e8a201863b052786aa2f1df,823213c90703fd83224ad7122ee730ba64af3769ea517af252103bddd907f681,ACBBA,ideal,1.0,19,361,4,0.05,18,,,acbba_topk_5,/home/agxorin/topk_filter_study/simulator/scenarios/final_trial_500.csv,clue_search,03,35,31,33,3,3,0,0,317,35,282,72,245,309,acbba_entry:245;clue:2;collision_intent:35;state:35,940,0,completed
288,dcta_parity_v1,topk_filter,aa0724188407797eae5187348bee11ee9f51317c4e8a201863b052786aa2f1df,823213c90703fd83224ad7122ee730ba64af3769ea517af252103bddd907f681,ACBBA,ideal,1.0,19,361,4,0.05,18,,,acbba_topk_5,/home/agxorin/topk_filter_study/simulator/scenarios/final_trial_500.csv,clue_search,00,39,36,31,9,1,2,2,375,41,334,84,291,369,acbba_entry:291;clue:4;collision_intent:41;state:39,1143,0,completed
288,dcta_parity_v1,topk_filter,aa0724188407797eae5187348bee11ee9f51317c4e8a201863b052786aa2f1df,823213c90703fd83224ad7122ee730ba64af3769ea517af252103bddd907f681,ACBBA,ideal,1.0,19,361,4,0.05,18,,,acbba_topk_5,/home/agxorin/topk_filter_study/simulator/scenarios/final_trial_500.csv,clue_search,01,39,37,39,1,1,0,0,385,39,346,82,303,381,acbba_entry:303;clue:4;collision_intent:39;state:39,1134,0,completed
288,dcta_parity_v1,topk_filter,aa0724188407797eae5187348bee11ee9f51317c4e8a201863b052786aa2f1df,823213c90703fd83224ad7122ee730ba64af3769ea517af252103bddd907f681,ACBBA,ideal,1.0,19,361,4,0.05,18,,,acbba_topk_5,/home/agxorin/topk_filter_study/simulator/scenarios/final_trial_500.csv,clue_search,02,40,38,41,0,2,0,0,397,40,357,84,313,393,acbba_entry:313;clue:4;collision_intent:40;state:40,1121,0,completed
288,dcta_parity_v1,topk_filter,aa0724188407797eae5187348bee11ee9f51317c4e8a201863b052786aa2f1df,823213c90703fd83224ad7122ee730ba64af3769ea517af252103bddd907f681,ACBBA,ideal,1.0,19,361,4,0.05,18,,,acbba_topk_5,/home/agxorin/topk_filter_study/simulator/scenarios/final_trial_500.csv,clue_search,03,42,40,22,21,8,0,0,363,43,320,89,274,359,acbba_entry:274;clue:4;collision_intent:42;state:42;target:1,1157,0,completed
289,dcta_parity_v1,topk_filter,aa0724188407797eae5187348bee11ee9f51317c4e8a201863b052786aa2f1df,823213c90703fd83224ad7122ee730ba64af3769ea517af252103bddd907f681,ACBBA,ideal,1.0,19,361,4,0.05,18,,,acbba_topk_5,/home/agxorin/topk_filter_study/simulator/scenarios/final_trial_500.csv,clue_search,00,3,3,4,0,0,0,0,25,3,22,7,18,25,acbba_entry:18;clue:1;collision_intent:3;state:3,63,0,completed
289,dcta_parity_v1,topk_filter,aa0724188407797eae5187348bee11ee9f51317c4e8a201863b052786aa2f1df,823213c90703fd83224ad7122ee730ba64af3769ea517af252103bddd907f681,ACBBA,ideal,1.0,19,361,4,0.05,18,,,acbba_topk_5,/home/agxorin/topk_filter_study/simulator/scenarios/final_trial_500.csv,clue_search,01,3,3,4,0,0,0,0,19,4,15,8,11,19,acbba_entry:11;clue:1;collision_intent:3;state:3;target:1,70,0,completed
289,dcta_parity_v1,topk_filter,aa0724188407797eae5187348bee11ee9f51317c4e8a201863b052786aa2f1df,823213c90703fd83224ad7122ee730ba64af3769ea517af252103bddd907f681,ACBBA,ideal,1.0,19,361,4,0.05,18,,,acbba_topk_5,/home/agxorin/topk_filter_study/simulator/scenarios/final_trial_500.csv,clue_search,02,3,3,4,0,1,0,0,23,3,20,7,16,23,acbba_entry:16;clue:1;collision_intent:3;state:3,64,0,completed
289,dcta_parity_v1,topk_filter,aa0724188407797eae5187348bee11ee9f51317c4e8a201863b052786aa2f1df,823213c90703fd83224ad7122ee730ba64af3769ea517af252103bddd907f681,ACBBA,ideal,1.0,19,361,4,0.05,18,,,acbba_topk_5,/home/agxorin/topk_filter_study/simulator/scenarios/final_trial_500.csv,clue_search,03,3,3,4,0,1,0,0,22,3,19,7,15,22,acbba_entry:15;clue:1;collision_intent:3;state:3,65,0,completed
290,dcta_parity_v1,topk_filter,aa0724188407797eae5187348bee11ee9f51317c4e8a201863b052786aa2f1df,823213c90703fd83224ad7122ee730ba64af3769ea517af252103bddd907f681,ACBBA,ideal,1.0,19,361,4,0.05,18,,,acbba_topk_5,/home/agxorin/topk_filter_study/simulator/scenarios/final_trial_500.csv,clue_search,00,6,0,7,0,0,0,0,12,6,6,12,0,0,collision_intent:6;state:6,35,0,completed
290,dcta_parity_v1,topk_filter,aa0724188407797eae5187348bee11ee9f51317c4e8a201863b052786aa2f1df,823213c90703fd83224ad7122ee730ba64af3769ea517af252103bddd907f681,ACBBA,ideal,1.0,19,361,4,0.05,18,,,acbba_topk_5,/home/agxorin/topk_filter_study/simulator/scenarios/final_trial_500.csv,clue_search,01,6,0,7,0,0,0,0,13,7,6,13,0,0,collision_intent:6;state:6;target:1,36,0,completed
290,dcta_parity_v1,topk_filter,aa0724188407797eae5187348bee11ee9f51317c4e8a201863b052786aa2f1df,823213c90703fd83224ad7122ee730ba64af3769ea517af252103bddd907f681,ACBBA,ideal,1.0,19,361,4,0.05,18,,,acbba_topk_5,/home/agxorin/topk_filter_study/simulator/scenarios/final_trial_500.csv,clue_search,02,6,0,7,0,0,0,0,12,6,6,12,0,0,collision_intent:6;state:6,36,0,completed
290,dcta_parity_v1,topk_filter,aa0724188407797eae5187348bee11ee9f51317c4e8a201863b052786aa2f1df,823213c90703fd83224ad7122ee730ba64af3769ea517af252103bddd907f681,ACBBA,ideal,1.0,19,361,4,0.05,18,,,acbba_topk_5,/home/agxorin/topk_filter_study/simulator/scenarios/final_trial_500.csv,clue_search,03,6,0,7,0,0,0,0,12,6,6,12,0,0,collision_intent:6;state:6,36,0,completed
291,dcta_parity_v1,topk_filter,aa0724188407797eae5187348bee11ee9f51317c4e8a201863b052786aa2f1df,823213c90703fd83224ad7122ee730ba64af3769ea517af252103bddd907f681,ACBBA,ideal,1.0,19,361,4,0.05,18,,,acbba_topk_5,/home/agxorin/topk_filter_study/simulator/scenarios/final_trial_500.csv,clue_search,00,55,35,50,6,4,0,0,412,55,357,112,300,372,acbba_entry:300;clue:2;collision_intent:55;state:55,1218,0,completed
291,dcta_parity_v1,topk_filter,aa0724188407797eae5187348bee11ee9f51317c4e8a201863b052786aa2f1df,823213c90703fd83224ad7122ee730ba64af3769ea517af252103bddd907f681,ACBBA,ideal,1.0,19,361,4,0.05,18,,,acbba_topk_5,/home/agxorin/topk_filter_study/simulator/scenarios/final_trial_500.csv,clue_search,01,55,35,49,7,2,2,2,419,57,362,114,305,379,acbba_entry:305;clue:2;collision_intent:57;state:55,1211,0,completed
291,dcta_parity_v1,topk_filter,aa0724188407797eae5187348bee11ee9f51317c4e8a201863b052786aa2f1df,823213c90703fd83224ad7122ee730ba64af3769ea517af252103bddd907f681,ACBBA,ideal,1.0,19,361,4,0.05,18,,,acbba_topk_5,/home/agxorin/topk_filter_study/simulator/scenarios/final_trial_500.csv,clue_search,02,55,35,44,12,4,2,2,403,58,345,115,288,363,acbba_entry:288;clue:2;collision_intent:57;state:55;target:1,1227,0,completed
291,dcta_parity_v1,topk_filter,aa0724188407797eae5187348bee11ee9f51317c4e8a201863b052786aa2f1df,823213c90703fd83224ad7122ee730ba64af3769ea517af252103bddd907f681,ACBBA,ideal,1.0,19,361,4,0.05,18,,,acbba_topk_5,/home/agxorin/topk_filter_study/simulator/scenarios/final_trial_500.csv,clue_search,03,55,34,53,3,6,0,0,396,55,341,112,284,354,acbba_entry:284;clue:2;collision_intent:55;state:55,1234,0,completed
292,dcta_parity_v1,topk_filter,aa0724188407797eae5187348bee11ee9f51317c4e8a201863b052786aa2f1df,823213c90703fd83224ad7122ee730ba64af3769ea517af252103bddd907f681,ACBBA,ideal,1.0,19,361,4,0.05,18,,,acbba_topk_5,/home/agxorin/topk_filter_study/simulator/scenarios/final_trial_500.csv,clue_search,00,11,0,12,0,0,0,0,23,12,11,23,0,0,collision_intent:11;state:11;target:1,62,0,completed
292,dcta_parity_v1,topk_filter,aa0724188407797eae5187348bee11ee9f51317c4e8a201863b052786aa2f1df,823213c90703fd83224ad7122ee730ba64af3769ea517af252103bddd907f681,ACBBA,ideal,1.0,19,361,4,0.05,18,,,acbba_topk_5,/home/agxorin/topk_filter_study/simulator/scenarios/final_trial_500.csv,clue_search,01,10,0,11,0,0,0,0,20,10,10,20,0,0,collision_intent:10;state:10,64,0,completed
292,dcta_parity_v1,topk_filter,aa0724188407797eae5187348bee11ee9f51317c4e8a201863b052786aa2f1df,823213c90703fd83224ad7122ee730ba64af3769ea517af252103bddd907f681,ACBBA,ideal,1.0,19,361,4,0.05,18,,,acbba_topk_5,/home/agxorin/topk_filter_study/simulator/scenarios/final_trial_500.csv,clue_search,02,11,0,12,0,0,0,0,22,11,11,22,0,0,collision_intent:11;state:11,61,0,completed
292,dcta_parity_v1,topk_filter,aa0724188407797eae5187348bee11ee9f51317c4e8a201863b052786aa2f1df,823213c90703fd83224ad7122ee730ba64af3769ea517af252103bddd907f681,ACBBA,ideal,1.0,19,361,4,0.05,18,,,acbba_topk_5,/home/agxorin/topk_filter_study/simulator/scenarios/final_trial_500.csv,clue_search,03,10,0,11,0,0,0,0,20,10,10,20,0,0,collision_intent:10;state:10,63,0,completed
293,dcta_parity_v1,topk_filter,aa0724188407797eae5187348bee11ee9f51317c4e8a201863b052786aa2f1df,823213c90703fd83224ad7122ee730ba64af3769ea517af252103bddd907f681,ACBBA,ideal,1.0,19,361,4,0.05,18,,,acbba_topk_5,/home/agxorin/topk_filter_study/simulator/scenarios/final_trial_500.csv,clue_search,00,61,51,56,6,2,0,0,469,61,408,125,344,449,acbba_entry:344;clue:3;collision_intent:61;state:61,1432,0,completed
293,dcta_parity_v1,topk_filter,aa0724188407797eae5187348bee11ee9f51317c4e8a201863b052786aa2f1df,823213c90703fd83224ad7122ee730ba64af3769ea517af252103bddd907f681,ACBBA,ideal,1.0,19,361,4,0.05,18,,,acbba_topk_5,/home/agxorin/topk_filter_study/simulator/scenarios/final_trial_500.csv,clue_search,01,62,52,62,1,2,1,1,494,64,430,129,365,474,acbba_entry:365;clue:3;collision_intent:63;state:62;target:1,1407,0,completed
293,dcta_parity_v1,topk_filter,aa0724188407797eae5187348bee11ee9f51317c4e8a201863b052786aa2f1df,823213c90703fd83224ad7122ee730ba64af3769ea517af252103bddd907f681,ACBBA,ideal,1.0,19,361,4,0.05,18,,,acbba_topk_5,/home/agxorin/topk_filter_study/simulator/scenarios/final_trial_500.csv,clue_search,02,60,50,43,18,1,3,3,467,63,404,126,341,447,acbba_entry:341;clue:3;collision_intent:63;state:60,1434,0,completed
293,dcta_parity_v1,topk_filter,aa0724188407797eae5187348bee11ee9f51317c4e8a201863b052786aa2f1df,823213c90703fd83224ad7122ee730ba64af3769ea517af252103bddd907f681,ACBBA,ideal,1.0,19,361,4,0.05,18,,,acbba_topk_5,/home/agxorin/topk_filter_study/simulator/scenarios/final_trial_500.csv,clue_search,03,61,51,51,11,1,0,0,471,61,410,125,346,451,acbba_entry:346;clue:3;collision_intent:61;state:61,1430,0,completed
294,dcta_parity_v1,topk_filter,aa0724188407797eae5187348bee11ee9f51317c4e8a201863b052786aa2f1df,823213c90703fd83224ad7122ee730ba64af3769ea517af252103bddd907f681,ACBBA,ideal,1.0,19,361,4,0.05,18,,,acbba_topk_5,/home/agxorin/topk_filter_study/simulator/scenarios/final_trial_500.csv,clue_search,00,61,0,62,0,0,0,0,123,61,62,123,0,1,clue:1;collision_intent:61;state:61,372,0,completed
294,dcta_parity_v1,topk_filter,aa0724188407797eae5187348bee11ee9f51317c4e8a201863b052786aa2f1df,823213c90703fd83224ad7122ee730ba64af3769ea517af252103bddd907f681,ACBBA,ideal,1.0,19,361,4,0.05,18,,,acbba_topk_5,/home/agxorin/topk_filter_study/simulator/scenarios/final_trial_500.csv,clue_search,01,61,1,60,2,0,0,0,124,62,62,124,0,4,clue:1;collision_intent:61;state:61;target:1,371,0,completed
294,dcta_parity_v1,topk_filter,aa0724188407797eae5187348bee11ee9f51317c4e8a201863b052786aa2f1df,823213c90703fd83224ad7122ee730ba64af3769ea517af252103bddd907f681,ACBBA,ideal,1.0,19,361,4,0.05,18,,,acbba_topk_5,/home/agxorin/topk_filter_study/simulator/scenarios/final_trial_500.csv,clue_search,02,61,1,60,2,0,0,0,123,61,62,123,0,2,clue:1;collision_intent:61;state:61,370,0,completed
294,dcta_parity_v1,topk_filter,aa0724188407797eae5187348bee11ee9f51317c4e8a201863b052786aa2f1df,823213c90703fd83224ad7122ee730ba64af3769ea517af252103bddd907f681,ACBBA,ideal,1.0,19,361,4,0.05,18,,,acbba_topk_5,/home/agxorin/topk_filter_study/simulator/scenarios/final_trial_500.csv,clue_search,03,60,0,61,0,0,0,0,125,61,64,122,3,5,acbba_entry:3;clue:1;collision_intent:61;state:60,370,0,completed
295,dcta_parity_v1,topk_filter,aa0724188407797eae5187348bee11ee9f51317c4e8a201863b052786aa2f1df,823213c90703fd83224ad7122ee730ba64af3769ea517af252103bddd907f681,ACBBA,ideal,1.0,19,361,4,0.05,18,,,acbba_topk_5,/home/agxorin/topk_filter_study/simulator/scenarios/final_trial_500.csv,clue_search,00,63,49,55,9,1,0,0,454,63,391,129,325,426,acbba_entry:325;clue:3;collision_intent:63;state:63,1390,0,completed
295,dcta_parity_v1,topk_filter,aa0724188407797eae5187348bee11ee9f51317c4e8a201863b052786aa2f1df,823213c90703fd83224ad7122ee730ba64af3769ea517af252103bddd907f681,ACBBA,ideal,1.0,19,361,4,0.05,18,,,acbba_topk_5,/home/agxorin/topk_filter_study/simulator/scenarios/final_trial_500.csv,clue_search,01,62,49,54,9,4,0,0,468,63,405,128,340,442,acbba_entry:340;clue:3;collision_intent:62;state:62;target:1,1377,0,completed
295,dcta_parity_v1,topk_filter,aa0724188407797eae5187348bee11ee9f51317c4e8a201863b052786aa2f1df,823213c90703fd83224ad7122ee730ba64af3769ea517af252103bddd907f681,ACBBA,ideal,1.0,19,361,4,0.05,18,,,acbba_topk_5,/home/agxorin/topk_filter_study/simulator/scenarios/final_trial_500.csv,clue_search,02,62,48,57,6,3,0,0,458,62,396,127,331,430,acbba_entry:331;clue:3;collision_intent:62;state:62,1387,0,completed
295,dcta_parity_v1,topk_filter,aa0724188407797eae5187348bee11ee9f51317c4e8a201863b052786aa2f1df,823213c90703fd83224ad7122ee730ba64af3769ea517af252103bddd907f681,ACBBA,ideal,1.0,19,361,4,0.05,18,,,acbba_topk_5,/home/agxorin/topk_filter_study/simulator/scenarios/final_trial_500.csv,clue_search,03,62,49,57,6,5,0,0,465,62,403,127,338,439,acbba_entry:338;clue:3;collision_intent:62;state:62,1378,0,completed
296,dcta_parity_v1,topk_filter,aa0724188407797eae5187348bee11ee9f51317c4e8a201863b052786aa2f1df,823213c90703fd83224ad7122ee730ba64af3769ea517af252103bddd907f681,ACBBA,ideal,1.0,19,361,4,0.05,18,,,acbba_topk_5,/home/agxorin/topk_filter_study/simulator/scenarios/final_trial_500.csv,clue_search,00,51,34,49,3,1,0,0,381,51,330,104,277,347,acbba_entry:277;clue:2;collision_intent:51;state:51,1160,0,completed
296,dcta_parity_v1,topk_filter,aa0724188407797eae5187348bee11ee9f51317c4e8a201863b052786aa2f1df,823213c90703fd83224ad7122ee730ba64af3769ea517af252103bddd907f681,ACBBA,ideal,1.0,19,361,4,0.05,18,,,acbba_topk_5,/home/agxorin/topk_filter_study/simulator/scenarios/final_trial_500.csv,clue_search,01,50,34,43,8,2,2,1,388,52,336,104,284,356,acbba_entry:284;clue:2;collision_intent:52;state:50,1153,0,completed
296,dcta_parity_v1,topk_filter,aa0724188407797eae5187348bee11ee9f51317c4e8a201863b052786aa2f1df,823213c90703fd83224ad7122ee730ba64af3769ea517af252103bddd907f681,ACBBA,ideal,1.0,19,361,4,0.05,18,,,acbba_topk_5,/home/agxorin/topk_filter_study/simulator/scenarios/final_trial_500.csv,clue_search,02,51,34,45,7,4,2,2,391,54,337,107,284,357,acbba_entry:284;clue:2;collision_intent:53;state:51;target:1,1151,0,completed
296,dcta_parity_v1,topk_filter,aa0724188407797eae5187348bee11ee9f51317c4e8a201863b052786aa2f1df,823213c90703fd83224ad7122ee730ba64af3769ea517af252103bddd907f681,ACBBA,ideal,1.0,19,361,4,0.05,18,,,acbba_topk_5,/home/agxorin/topk_filter_study/simulator/scenarios/final_trial_500.csv,clue_search,03,50,34,47,4,4,0,0,382,50,332,102,280,349,acbba_entry:280;clue:2;collision_intent:50;state:50,1159,0,completed
297,dcta_parity_v1,topk_filter,aa0724188407797eae5187348bee11ee9f51317c4e8a201863b052786aa2f1df,823213c90703fd83224ad7122ee730ba64af3769ea517af252103bddd907f681,ACBBA,ideal,1.0,19,361,4,0.05,18,,,acbba_topk_5,/home/agxorin/topk_filter_study/simulator/scenarios/final_trial_500.csv,clue_search,00,94,94,71,24,2,1,1,902,96,806,194,708,902,acbba_entry:708;clue:4;collision_intent:95;state:94;target:1,2724,0,completed
297,dcta_parity_v1,topk_filter,aa0724188407797eae5187348bee11ee9f51317c4e8a201863b052786aa2f1df,823213c90703fd83224ad7122ee730ba64af3769ea517af252103bddd907f681,ACBBA,ideal,1.0,19,361,4,0.05,18,,,acbba_topk_5,/home/agxorin/topk_filter_study/simulator/scenarios/final_trial_500.csv,clue_search,01,95,95,92,4,1,1,1,935,96,839,195,740,935,acbba_entry:740;clue:4;collision_intent:96;state:95,2690,0,completed
297,dcta_parity_v1,topk_filter,aa0724188407797eae5187348bee11ee9f51317c4e8a201863b052786aa2f1df,823213c90703fd83224ad7122ee730ba64af3769ea517af252103bddd907f681,ACBBA,ideal,1.0,19,361,4,0.05,18,,,acbba_topk_5,/home/agxorin/topk_filter_study/simulator/scenarios/final_trial_500.csv,clue_search,02,94,94,79,16,6,1,1,900,95,805,193,707,900,acbba_entry:707;clue:4;collision_intent:95;state:94,2725,0,completed
297,dcta_parity_v1,topk_filter,aa0724188407797eae5187348bee11ee9f51317c4e8a201863b052786aa2f1df,823213c90703fd83224ad7122ee730ba64af3769ea517af252103bddd907f681,ACBBA,ideal,1.0,19,361,4,0.05,18,,,acbba_topk_5,/home/agxorin/topk_filter_study/simulator/scenarios/final_trial_500.csv,clue_search,03,96,96,84,13,8,0,0,889,96,793,196,693,889,acbba_entry:693;clue:4;collision_intent:96;state:96,2735,0,completed
298,dcta_parity_v1,topk_filter,aa0724188407797eae5187348bee11ee9f51317c4e8a201863b052786aa2f1df,823213c90703fd83224ad7122ee730ba64af3769ea517af252103bddd907f681,ACBBA,ideal,1.0,19,361,4,0.05,18,,,acbba_topk_5,/home/agxorin/topk_filter_study/simulator/scenarios/final_trial_500.csv,clue_search,00,38,30,39,0,0,0,0,326,38,288,78,248,310,acbba_entry:248;clue:2;collision_intent:38;state:38,932,0,completed
298,dcta_parity_v1,topk_filter,aa0724188407797eae5187348bee11ee9f51317c4e8a201863b052786aa2f1df,823213c90703fd83224ad7122ee730ba64af3769ea517af252103bddd907f681,ACBBA,ideal,1.0,19,361,4,0.05,18,,,acbba_topk_5,/home/agxorin/topk_filter_study/simulator/scenarios/final_trial_500.csv,clue_search,01,38,31,32,7,2,2,2,301,40,261,80,221,287,acbba_entry:221;clue:2;collision_intent:40;state:38,957,0,completed
298,dcta_parity_v1,topk_filter,aa0724188407797eae5187348bee11ee9f51317c4e8a201863b052786aa2f1df,823213c90703fd83224ad7122ee730ba64af3769ea517af252103bddd907f681,ACBBA,ideal,1.0,19,361,4,0.05,18,,,acbba_topk_5,/home/agxorin/topk_filter_study/simulator/scenarios/final_trial_500.csv,clue_search,02,38,31,39,0,3,1,1,325,39,286,79,246,311,acbba_entry:246;clue:2;collision_intent:39;state:38,931,0,completed
298,dcta_parity_v1,topk_filter,aa0724188407797eae5187348bee11ee9f51317c4e8a201863b052786aa2f1df,823213c90703fd83224ad7122ee730ba64af3769ea517af252103bddd907f681,ACBBA,ideal,1.0,19,361,4,0.05,18,,,acbba_topk_5,/home/agxorin/topk_filter_study/simulator/scenarios/final_trial_500.csv,clue_search,03,39,32,40,0,4,0,0,306,40,266,81,225,292,acbba_entry:225;clue:2;collision_intent:39;state:39;target:1,952,0,completed
299,dcta_parity_v1,topk_filter,aa0724188407797eae5187348bee11ee9f51317c4e8a201863b052786aa2f1df,823213c90703fd83224ad7122ee730ba64af3769ea517af252103bddd907f681,ACBBA,ideal,1.0,19,361,4,0.05,18,,,acbba_topk_5,/home/agxorin/topk_filter_study/simulator/scenarios/final_trial_500.csv,clue_search,00,6,0,7,0,0,0,0,13,7,6,13,0,0,collision_intent:6;state:6;target:1,32,0,completed
299,dcta_parity_v1,topk_filter,aa0724188407797eae5187348bee11ee9f51317c4e8a201863b052786aa2f1df,823213c90703fd83224ad7122ee730ba64af3769ea517af252103bddd907f681,ACBBA,ideal,1.0,19,361,4,0.05,18,,,acbba_topk_5,/home/agxorin/topk_filter_study/simulator/scenarios/final_trial_500.csv,clue_search,01,5,0,6,0,0,0,0,10,5,5,10,0,0,collision_intent:5;state:5,33,0,completed
299,dcta_parity_v1,topk_filter,aa0724188407797eae5187348bee11ee9f51317c4e8a201863b052786aa2f1df,823213c90703fd83224ad7122ee730ba64af3769ea517af252103bddd907f681,ACBBA,ideal,1.0,19,361,4,0.05,18,,,acbba_topk_5,/home/agxorin/topk_filter_study/simulator/scenarios/final_trial_500.csv,clue_search,02,6,0,7,0,0,0,0,12,6,6,12,0,0,collision_intent:6;state:6,33,0,completed
299,dcta_parity_v1,topk_filter,aa0724188407797eae5187348bee11ee9f51317c4e8a201863b052786aa2f1df,823213c90703fd83224ad7122ee730ba64af3769ea517af252103bddd907f681,ACBBA,ideal,1.0,19,361,4,0.05,18,,,acbba_topk_5,/home/agxorin/topk_filter_study/simulator/scenarios/final_trial_500.csv,clue_search,03,5,0,6,0,0,0,0,10,5,5,10,0,0,collision_intent:5;state:5,34,0,completed
300,dcta_parity_v1,topk_filter,aa0724188407797eae5187348bee11ee9f51317c4e8a201863b052786aa2f1df,823213c90703fd83224ad7122ee730ba64af3769ea517af252103bddd907f681,ACBBA,ideal,1.0,19,361,4,0.05,18,,,acbba_topk_5,/home/agxorin/topk_filter_study/simulator/scenarios/final_trial_500.csv,clue_search,00,11,0,12,0,0,0,0,23,12,11,23,0,0,collision_intent:12;state:11,68,0,completed
300,dcta_parity_v1,topk_filter,aa0724188407797eae5187348bee11ee9f51317c4e8a201863b052786aa2f1df,823213c90703fd83224ad7122ee730ba64af3769ea517af252103bddd907f681,ACBBA,ideal,1.0,19,361,4,0.05,18,,,acbba_topk_5,/home/agxorin/topk_filter_study/simulator/scenarios/final_trial_500.csv,clue_search,01,11,0,12,0,0,0,0,22,11,11,22,0,0,collision_intent:11;state:11,70,0,completed
300,dcta_parity_v1,topk_filter,aa0724188407797eae5187348bee11ee9f51317c4e8a201863b052786aa2f1df,823213c90703fd83224ad7122ee730ba64af3769ea517af252103bddd907f681,ACBBA,ideal,1.0,19,361,4,0.05,18,,,acbba_topk_5,/home/agxorin/topk_filter_study/simulator/scenarios/final_trial_500.csv,clue_search,02,12,0,13,0,0,0,0,25,13,12,25,0,0,collision_intent:12;state:12;target:1,67,0,completed
300,dcta_parity_v1,topk_filter,aa0724188407797eae5187348bee11ee9f51317c4e8a201863b052786aa2f1df,823213c90703fd83224ad7122ee730ba64af3769ea517af252103bddd907f681,ACBBA,ideal,1.0,19,361,4,0.05,18,,,acbba_topk_5,/home/agxorin/topk_filter_study/simulator/scenarios/final_trial_500.csv,clue_search,03,11,0,12,0,0,0,0,22,11,11,22,0,0,collision_intent:11;state:11,70,0,completed
301,dcta_parity_v1,topk_filter,aa0724188407797eae5187348bee11ee9f51317c4e8a201863b052786aa2f1df,823213c90703fd83224ad7122ee730ba64af3769ea517af252103bddd907f681,ACBBA,ideal,1.0,19,361,4,0.05,18,,,acbba_topk_5,/home/agxorin/topk_filter_study/simulator/scenarios/final_trial_500.csv,clue_search,00,12,0,13,0,0,0,0,24,12,12,24,0,0,collision_intent:12;state:12,72,0,completed
301,dcta_parity_v1,topk_filter,aa0724188407797eae5187348bee11ee9f51317c4e8a201863b052786aa2f1df,823213c90703fd83224ad7122ee730ba64af3769ea517af252103bddd907f681,ACBBA,ideal,1.0,19,361,4,0.05,18,,,acbba_topk_5,/home/agxorin/topk_filter_study/simulator/scenarios/final_trial_500.csv,clue_search,01,12,0,13,0,0,0,0,25,13,12,25,0,0,collision_intent:12;state:12;target:1,72,0,completed
301,dcta_parity_v1,topk_filter,aa0724188407797eae5187348bee11ee9f51317c4e8a201863b052786aa2f1df,823213c90703fd83224ad7122ee730ba64af3769ea517af252103bddd907f681,ACBBA,ideal,1.0,19,361,4,0.05,18,,,acbba_topk_5,/home/agxorin/topk_filter_study/simulator/scenarios/final_trial_500.csv,clue_search,02,12,0,13,0,0,0,0,24,12,12,24,0,0,collision_intent:12;state:12,73,0,completed
301,dcta_parity_v1,topk_filter,aa0724188407797eae5187348bee11ee9f51317c4e8a201863b052786aa2f1df,823213c90703fd83224ad7122ee730ba64af3769ea517af252103bddd907f681,ACBBA,ideal,1.0,19,361,4,0.05,18,,,acbba_topk_5,/home/agxorin/topk_filter_study/simulator/scenarios/final_trial_500.csv,clue_search,03,12,0,13,0,0,0,0,24,12,12,24,0,0,collision_intent:12;state:12,73,0,completed
302,dcta_parity_v1,topk_filter,aa0724188407797eae5187348bee11ee9f51317c4e8a201863b052786aa2f1df,823213c90703fd83224ad7122ee730ba64af3769ea517af252103bddd907f681,ACBBA,ideal,1.0,19,361,4,0.05,18,,,acbba_topk_5,/home/agxorin/topk_filter_study/simulator/scenarios/final_trial_500.csv,clue_search,00,50,18,51,0,1,0,0,244,50,194,101,143,180,acbba_entry:143;clue:1;collision_intent:50;state:50,747,0,completed
302,dcta_parity_v1,topk_filter,aa0724188407797eae5187348bee11ee9f51317c4e8a201863b052786aa2f1df,823213c90703fd83224ad7122ee730ba64af3769ea517af252103bddd907f681,ACBBA,ideal,1.0,19,361,4,0.05,18,,,acbba_topk_5,/home/agxorin/topk_filter_study/simulator/scenarios/final_trial_500.csv,clue_search,01,49,17,47,3,0,0,0,250,50,200,100,150,186,acbba_entry:150;clue:1;collision_intent:50;state:49,743,0,completed
302,dcta_parity_v1,topk_filter,aa0724188407797eae5187348bee11ee9f51317c4e8a201863b052786aa2f1df,823213c90703fd83224ad7122ee730ba64af3769ea517af252103bddd907f681,ACBBA,ideal,1.0,19,361,4,0.05,18,,,acbba_topk_5,/home/agxorin/topk_filter_study/simulator/scenarios/final_trial_500.csv,clue_search,02,50,18,50,1,1,0,0,254,50,204,101,153,190,acbba_entry:153;clue:1;collision_intent:50;state:50,737,0,completed
302,dcta_parity_v1,topk_filter,aa0724188407797eae5187348bee11ee9f51317c4e8a201863b052786aa2f1df,823213c90703fd83224ad7122ee730ba64af3769ea517af252103bddd907f681,ACBBA,ideal,1.0,19,361,4,0.05,18,,,acbba_topk_5,/home/agxorin/topk_filter_study/simulator/scenarios/final_trial_500.csv,clue_search,03,51,20,46,6,2,0,0,245,52,193,104,141,183,acbba_entry:141;clue:1;collision_intent:51;state:51;target:1,748,0,completed
303,dcta_parity_v1,topk_filter,aa0724188407797eae5187348bee11ee9f51317c4e8a201863b052786aa2f1df,823213c90703fd83224ad7122ee730ba64af3769ea517af252103bddd907f681,ACBBA,ideal,1.0,19,361,4,0.05,18,,,acbba_topk_5,/home/agxorin/topk_filter_study/simulator/scenarios/final_trial_500.csv,clue_search,00,36,16,37,0,0,0,0,208,36,172,74,134,168,acbba_entry:134;clue:2;collision_intent:36;state:36,594,0,completed
303,dcta_parity_v1,topk_filter,aa0724188407797eae5187348bee11ee9f51317c4e8a201863b052786aa2f1df,823213c90703fd83224ad7122ee730ba64af3769ea517af252103bddd907f681,ACBBA,ideal,1.0,19,361,4,0.05,18,,,acbba_topk_5,/home/agxorin/topk_filter_study/simulator/scenarios/final_trial_500.csv,clue_search,01,36,17,31,6,0,1,1,190,37,153,75,115,151,acbba_entry:115;clue:2;collision_intent:37;state:36,613,0,completed
303,dcta_parity_v1,topk_filter,aa0724188407797eae5187348bee11ee9f51317c4e8a201863b052786aa2f1df,823213c90703fd83224ad7122ee730ba64af3769ea517af252103bddd907f681,ACBBA,ideal,1.0,19,361,4,0.05,18,,,acbba_topk_5,/home/agxorin/topk_filter_study/simulator/scenarios/final_trial_500.csv,clue_search,02,37,17,36,2,2,0,0,203,37,166,76,127,163,acbba_entry:127;clue:2;collision_intent:37;state:37,599,0,completed
303,dcta_parity_v1,topk_filter,aa0724188407797eae5187348bee11ee9f51317c4e8a201863b052786aa2f1df,823213c90703fd83224ad7122ee730ba64af3769ea517af252103bddd907f681,ACBBA,ideal,1.0,19,361,4,0.05,18,,,acbba_topk_5,/home/agxorin/topk_filter_study/simulator/scenarios/final_trial_500.csv,clue_search,03,37,18,35,3,2,0,0,202,38,164,77,125,163,acbba_entry:125;clue:2;collision_intent:37;state:37;target:1,601,0,completed
304,dcta_parity_v1,topk_filter,aa0724188407797eae5187348bee11ee9f51317c4e8a201863b052786aa2f1df,823213c90703fd83224ad7122ee730ba64af3769ea517af252103bddd907f681,ACBBA,ideal,1.0,19,361,4,0.05,18,,,acbba_topk_5,/home/agxorin/topk_filter_study/simulator/scenarios/final_trial_500.csv,clue_search,00,38,25,38,1,1,0,0,261,39,222,80,181,235,acbba_entry:181;clue:3;collision_intent:38;state:38;target:1,778,0,completed
304,dcta_parity_v1,topk_filter,aa0724188407797eae5187348bee11ee9f51317c4e8a201863b052786aa2f1df,823213c90703fd83224ad7122ee730ba64af3769ea517af252103bddd907f681,ACBBA,ideal,1.0,19,361,4,0.05,18,,,acbba_topk_5,/home/agxorin/topk_filter_study/simulator/scenarios/final_trial_500.csv,clue_search,01,37,24,35,3,2,0,0,260,37,223,77,183,234,acbba_entry:183;clue:3;collision_intent:37;state:37,777,0,completed
304,dcta_parity_v1,topk_filter,aa0724188407797eae5187348bee11ee9f51317c4e8a201863b052786aa2f1df,823213c90703fd83224ad7122ee730ba64af3769ea517af252103bddd907f681,ACBBA,ideal,1.0,19,361,4,0.05,18,,,acbba_topk_5,/home/agxorin/topk_filter_study/simulator/scenarios/final_trial_500.csv,clue_search,02,36,22,33,4,3,1,1,259,37,222,76,183,231,acbba_entry:183;clue:3;collision_intent:37;state:36,778,0,completed
304,dcta_parity_v1,topk_filter,aa0724188407797eae5187348bee11ee9f51317c4e8a201863b052786aa2f1df,823213c90703fd83224ad7122ee730ba64af3769ea517af252103bddd907f681,ACBBA,ideal,1.0,19,361,4,0.05,18,,,acbba_topk_5,/home/agxorin/topk_filter_study/simulator/scenarios/final_trial_500.csv,clue_search,03,37,24,32,6,2,0,0,259,37,222,77,182,233,acbba_entry:182;clue:3;collision_intent:37;state:37,778,0,completed
305,dcta_parity_v1,topk_filter,aa0724188407797eae5187348bee11ee9f51317c4e8a201863b052786aa2f1df,823213c90703fd83224ad7122ee730ba64af3769ea517af252103bddd907f681,ACBBA,ideal,1.0,19,361,4,0.05,18,,,acbba_topk_5,/home/agxorin/topk_filter_study/simulator/scenarios/final_trial_500.csv,clue_search,00,107,57,93,15,4,1,1,621,108,513,219,402,521,acbba_entry:402;clue:4;collision_intent:108;state:107,1837,0,completed
305,dcta_parity_v1,topk_filter,aa0724188407797eae5187348bee11ee9f51317c4e8a201863b052786aa2f1df,823213c90703fd83224ad7122ee730ba64af3769ea517af252103bddd907f681,ACBBA,ideal,1.0,19,361,4,0.05,18,,,acbba_topk_5,/home/agxorin/topk_filter_study/simulator/scenarios/final_trial_500.csv,clue_search,01,104,54,92,13,1,2,2,629,106,523,214,415,529,acbba_entry:415;clue:4;collision_intent:106;state:104,1831,0,completed
305,dcta_parity_v1,topk_filter,aa0724188407797eae5187348bee11ee9f51317c4e8a201863b052786aa2f1df,823213c90703fd83224ad7122ee730ba64af3769ea517af252103bddd907f681,ACBBA,ideal,1.0,19,361,4,0.05,18,,,acbba_topk_5,/home/agxorin/topk_filter_study/simulator/scenarios/final_trial_500.csv,clue_search,02,109,59,81,29,0,0,0,593,110,483,223,370,493,acbba_entry:370;clue:4;collision_intent:109;state:109;target:1,1867,0,completed
305,dcta_parity_v1,topk_filter,aa0724188407797eae5187348bee11ee9f51317c4e8a201863b052786aa2f1df,823213c90703fd83224ad7122ee730ba64af3769ea517af252103bddd907f681,ACBBA,ideal,1.0,19,361,4,0.05,18,,,acbba_topk_5,/home/agxorin/topk_filter_study/simulator/scenarios/final_trial_500.csv,clue_search,03,106,56,88,19,1,1,1,617,107,510,217,400,517,acbba_entry:400;clue:4;collision_intent:107;state:106,1843,0,completed
306,dcta_parity_v1,topk_filter,aa0724188407797eae5187348bee11ee9f51317c4e8a201863b052786aa2f1df,823213c90703fd83224ad7122ee730ba64af3769ea517af252103bddd907f681,ACBBA,ideal,1.0,19,361,4,0.05,18,,,acbba_topk_5,/home/agxorin/topk_filter_study/simulator/scenarios/final_trial_500.csv,clue_search,00,3,3,4,0,0,0,0,22,3,19,7,15,22,acbba_entry:15;clue:1;collision_intent:3;state:3,67,0,completed
306,dcta_parity_v1,topk_filter,aa0724188407797eae5187348bee11ee9f51317c4e8a201863b052786aa2f1df,823213c90703fd83224ad7122ee730ba64af3769ea517af252103bddd907f681,ACBBA,ideal,1.0,19,361,4,0.05,18,,,acbba_topk_5,/home/agxorin/topk_filter_study/simulator/scenarios/final_trial_500.csv,clue_search,01,3,3,4,0,0,0,0,20,3,17,7,13,20,acbba_entry:13;clue:1;collision_intent:3;state:3,69,0,completed
306,dcta_parity_v1,topk_filter,aa0724188407797eae5187348bee11ee9f51317c4e8a201863b052786aa2f1df,823213c90703fd83224ad7122ee730ba64af3769ea517af252103bddd907f681,ACBBA,ideal,1.0,19,361,4,0.05,18,,,acbba_topk_5,/home/agxorin/topk_filter_study/simulator/scenarios/final_trial_500.csv,clue_search,02,3,3,4,0,1,0,0,23,4,19,8,15,23,acbba_entry:15;clue:1;collision_intent:3;state:3;target:1,67,0,completed
306,dcta_parity_v1,topk_filter,aa0724188407797eae5187348bee11ee9f51317c4e8a201863b052786aa2f1df,823213c90703fd83224ad7122ee730ba64af3769ea517af252103bddd907f681,ACBBA,ideal,1.0,19,361,4,0.05,18,,,acbba_topk_5,/home/agxorin/topk_filter_study/simulator/scenarios/final_trial_500.csv,clue_search,03,2,2,3,0,1,0,0,25,3,22,6,19,25,acbba_entry:19;clue:1;collision_intent:3;state:2,64,0,completed
307,dcta_parity_v1,topk_filter,aa0724188407797eae5187348bee11ee9f51317c4e8a201863b052786aa2f1df,823213c90703fd83224ad7122ee730ba64af3769ea517af252103bddd907f681,ACBBA,ideal,1.0,19,361,4,0.05,18,,,acbba_topk_5,/home/agxorin/topk_filter_study/simulator/scenarios/final_trial_500.csv,clue_search,00,33,0,34,0,0,0,0,66,33,33,66,0,0,collision_intent:33;state:33,199,0,completed
307,dcta_parity_v1,topk_filter,aa0724188407797eae5187348bee11ee9f51317c4e8a201863b052786aa2f1df,823213c90703fd83224ad7122ee730ba64af3769ea517af252103bddd907f681,ACBBA,ideal,1.0,19,361,4,0.05,18,,,acbba_topk_5,/home/agxorin/topk_filter_study/simulator/scenarios/final_trial_500.csv,clue_search,01,33,0,34,0,0,0,0,67,34,33,67,0,0,collision_intent:33;state:33;target:1,199,0,completed
307,dcta_parity_v1,topk_filter,aa0724188407797eae5187348bee11ee9f51317c4e8a201863b052786aa2f1df,823213c90703fd83224ad7122ee730ba64af3769ea517af252103bddd907f681,ACBBA,ideal,1.0,19,361,4,0.05,18,,,acbba_topk_5,/home/agxorin/topk_filter_study/simulator/scenarios/final_trial_500.csv,clue_search,02,33,0,34,0,0,0,0,67,34,33,67,0,0,collision_intent:34;state:33,199,0,completed
307,dcta_parity_v1,topk_filter,aa0724188407797eae5187348bee11ee9f51317c4e8a201863b052786aa2f1df,823213c90703fd83224ad7122ee730ba64af3769ea517af252103bddd907f681,ACBBA,ideal,1.0,19,361,4,0.05,18,,,acbba_topk_5,/home/agxorin/topk_filter_study/simulator/scenarios/final_trial_500.csv,clue_search,03,33,0,34,0,0,0,0,66,33,33,66,0,0,collision_intent:33;state:33,199,0,completed
308,dcta_parity_v1,topk_filter,aa0724188407797eae5187348bee11ee9f51317c4e8a201863b052786aa2f1df,823213c90703fd83224ad7122ee730ba64af3769ea517af252103bddd907f681,ACBBA,ideal,1.0,19,361,4,0.05,18,,,acbba_topk_5,/home/agxorin/topk_filter_study/simulator/scenarios/final_trial_500.csv,clue_search,00,75,54,71,5,2,0,0,472,75,397,153,319,430,acbba_entry:319;clue:3;collision_intent:75;state:75,1360,0,completed
308,dcta_parity_v1,topk_filter,aa0724188407797eae5187348bee11ee9f51317c4e8a201863b052786aa2f1df,823213c90703fd83224ad7122ee730ba64af3769ea517af252103bddd907f681,ACBBA,ideal,1.0,19,361,4,0.05,18,,,acbba_topk_5,/home/agxorin/topk_filter_study/simulator/scenarios/final_trial_500.csv,clue_search,01,76,55,67,10,7,2,1,442,79,363,158,284,400,acbba_entry:284;clue:3;collision_intent:78;state:76;target:1,1392,0,completed
308,dcta_parity_v1,topk_filter,aa0724188407797eae5187348bee11ee9f51317c4e8a201863b052786aa2f1df,823213c90703fd83224ad7122ee730ba64af3769ea517af252103bddd907f681,ACBBA,ideal,1.0,19,361,4,0.05,18,,,acbba_topk_5,/home/agxorin/topk_filter_study/simulator/scenarios/final_trial_500.csv,clue_search,02,75,53,58,18,0,0,0,445,75,370,153,292,401,acbba_entry:292;clue:3;collision_intent:75;state:75,1388,0,completed
308,dcta_parity_v1,topk_filter,aa0724188407797eae5187348bee11ee9f51317c4e8a201863b052786aa2f1df,823213c90703fd83224ad7122ee730ba64af3769ea517af252103bddd907f681,ACBBA,ideal,1.0,19,361,4,0.05,18,,,acbba_topk_5,/home/agxorin/topk_filter_study/simulator/scenarios/final_trial_500.csv,clue_search,03,77,56,58,20,2,0,0,475,77,398,157,318,433,acbba_entry:318;clue:3;collision_intent:77;state:77,1358,0,completed
309,dcta_parity_v1,topk_filter,aa0724188407797eae5187348bee11ee9f51317c4e8a201863b052786aa2f1df,823213c90703fd83224ad7122ee730ba64af3769ea517af252103bddd907f681,ACBBA,ideal,1.0,19,361,4,0.05,18,,,acbba_topk_5,/home/agxorin/topk_filter_study/simulator/scenarios/final_trial_500.csv,clue_search,00,62,52,62,1,0,0,0,517,62,455,125,392,497,acbba_entry:392;clue:1;collision_intent:62;state:62,1501,0,completed
309,dcta_parity_v1,topk_filter,aa0724188407797eae5187348bee11ee9f51317c4e8a201863b052786aa2f1df,823213c90703fd83224ad7122ee730ba64af3769ea517af252103bddd907f681,ACBBA,ideal,1.0,19,361,4,0.05,18,,,acbba_topk_5,/home/agxorin/topk_filter_study/simulator/scenarios/final_trial_500.csv,clue_search,01,63,54,52,12,1,0,0,499,63,436,127,372,481,acbba_entry:372;clue:1;collision_intent:63;state:63,1519,0,completed
309,dcta_parity_v1,topk_filter,aa0724188407797eae5187348bee11ee9f51317c4e8a201863b052786aa2f1df,823213c90703fd83224ad7122ee730ba64af3769ea517af252103bddd907f681,ACBBA,ideal,1.0,19,361,4,0.05,18,,,acbba_topk_5,/home/agxorin/topk_filter_study/simulator/scenarios/final_trial_500.csv,clue_search,02,62,53,57,6,3,0,0,517,63,454,126,391,499,acbba_entry:391;clue:1;collision_intent:62;state:62;target:1,1501,0,completed
309,dcta_parity_v1,topk_filter,aa0724188407797eae5187348bee11ee9f51317c4e8a201863b052786aa2f1df,823213c90703fd83224ad7122ee730ba64af3769ea517af252103bddd907f681,ACBBA,ideal,1.0,19,361,4,0.05,18,,,acbba_topk_5,/home/agxorin/topk_filter_study/simulator/scenarios/final_trial_500.csv,clue_search,03,63,54,40,24,7,2,2,485,66,419,130,355,467,acbba_entry:355;clue:1;collision_intent:66;state:63,1532,0,completed
310,dcta_parity_v1,topk_filter,aa0724188407797eae5187348bee11ee9f51317c4e8a201863b052786aa2f1df,823213c90703fd83224ad7122ee730ba64af3769ea517af252103bddd907f681,ACBBA,ideal,1.0,19,361,4,0.05,18,,,acbba_topk_5,/home/agxorin/topk_filter_study/simulator/scenarios/final_trial_500.csv,clue_search,00,58,40,54,5,2,0,0,393,58,335,119,274,357,acbba_entry:274;clue:3;collision_intent:58;state:58,1210,0,completed
310,dcta_parity_v1,topk_filter,aa0724188407797eae5187348bee11ee9f51317c4e8a201863b052786aa2f1df,823213c90703fd83224ad7122ee730ba64af3769ea517af252103bddd907f681,ACBBA,ideal,1.0,19,361,4,0.05,18,,,acbba_topk_5,/home/agxorin/topk_filter_study/simulator/scenarios/final_trial_500.csv,clue_search,01,57,40,52,6,2,0,0,394,57,337,117,277,360,acbba_entry:277;clue:3;collision_intent:57;state:57,1210,0,completed
310,dcta_parity_v1,topk_filter,aa0724188407797eae5187348bee11ee9f51317c4e8a201863b052786aa2f1df,823213c90703fd83224ad7122ee730ba64af3769ea517af252103bddd907f681,ACBBA,ideal,1.0,19,361,4,0.05,18,,,acbba_topk_5,/home/agxorin/topk_filter_study/simulator/scenarios/final_trial_500.csv,clue_search,02,58,40,50,9,1,1,1,406,60,346,121,285,370,acbba_entry:285;clue:3;collision_intent:59;state:58;target:1,1199,0,completed
310,dcta_parity_v1,topk_filter,aa0724188407797eae5187348bee11ee9f51317c4e8a201863b052786aa2f1df,823213c90703fd83224ad7122ee730ba64af3769ea517af252103bddd907f681,ACBBA,ideal,1.0,19,361,4,0.05,18,,,acbba_topk_5,/home/agxorin/topk_filter_study/simulator/scenarios/final_trial_500.csv,clue_search,03,56,39,54,3,1,0,0,412,56,356,115,297,378,acbba_entry:297;clue:3;collision_intent:56;state:56,1192,0,completed
311,dcta_parity_v1,topk_filter,aa0724188407797eae5187348bee11ee9f51317c4e8a201863b052786aa2f1df,823213c90703fd83224ad7122ee730ba64af3769ea517af252103bddd907f681,ACBBA,ideal,1.0,19,361,4,0.05,18,,,acbba_topk_5,/home/agxorin/topk_filter_study/simulator/scenarios/final_trial_500.csv,clue_search,00,101,96,80,22,2,0,0,882,101,781,206,676,872,acbba_entry:676;clue:4;collision_intent:101;state:101,2704,0,completed
311,dcta_parity_v1,topk_filter,aa0724188407797eae5187348bee11ee9f51317c4e8a201863b052786aa2f1df,823213c90703fd83224ad7122ee730ba64af3769ea517af252103bddd907f681,ACBBA,ideal,1.0,19,361,4,0.05,18,,,acbba_topk_5,/home/agxorin/topk_filter_study/simulator/scenarios/final_trial_500.csv,clue_search,01,100,95,77,24,2,3,3,905,103,802,207,698,895,acbba_entry:698;clue:4;collision_intent:103;state:100,2682,0,completed
311,dcta_parity_v1,topk_filter,aa0724188407797eae5187348bee11ee9f51317c4e8a201863b052786aa2f1df,823213c90703fd83224ad7122ee730ba64af3769ea517af252103bddd907f681,ACBBA,ideal,1.0,19,361,4,0.05,18,,,acbba_topk_5,/home/agxorin/topk_filter_study/simulator/scenarios/final_trial_500.csv,clue_search,02,101,96,93,9,4,1,1,908,102,806,207,701,898,acbba_entry:701;clue:4;collision_intent:102;state:101,2679,0,completed
311,dcta_parity_v1,topk_filter,aa0724188407797eae5187348bee11ee9f51317c4e8a201863b052786aa2f1df,823213c90703fd83224ad7122ee730ba64af3769ea517af252103bddd907f681,ACBBA,ideal,1.0,19,361,4,0.05,18,,,acbba_topk_5,/home/agxorin/topk_filter_study/simulator/scenarios/final_trial_500.csv,clue_search,03,103,98,90,14,9,0,0,893,104,789,211,682,883,acbba_entry:682;clue:4;collision_intent:103;state:103;target:1,2695,0,completed
312,dcta_parity_v1,topk_filter,aa0724188407797eae5187348bee11ee9f51317c4e8a201863b052786aa2f1df,823213c90703fd83224ad7122ee730ba64af3769ea517af252103bddd907f681,ACBBA,ideal,1.0,19,361,4,0.05,18,,,acbba_topk_5,/home/agxorin/topk_filter_study/simulator/scenarios/final_trial_500.csv,clue_search,00,9,5,10,0,1,1,1,61,11,50,21,40,53,acbba_entry:40;clue:1;collision_intent:11;state:9,144,0,completed
312,dcta_parity_v1,topk_filter,aa0724188407797eae5187348bee11ee9f51317c4e8a201863b052786aa2f1df,823213c90703fd83224ad7122ee730ba64af3769ea517af252103bddd907f681,ACBBA,ideal,1.0,19,361,4,0.05,18,,,acbba_topk_5,/home/agxorin/topk_filter_study/simulator/scenarios/final_trial_500.csv,clue_search,01,10,7,11,0,1,0,0,52,11,41,22,30,46,acbba_entry:30;clue:1;collision_intent:10;state:10;target:1,154,0,completed
312,dcta_parity_v1,topk_filter,aa0724188407797eae5187348bee11ee9f51317c4e8a201863b052786aa2f1df,823213c90703fd83224ad7122ee730ba64af3769ea517af252103bddd907f681,ACBBA,ideal,1.0,19,361,4,0.05,18,,,acbba_topk_5,/home/agxorin/topk_filter_study/simulator/scenarios/final_trial_500.csv,clue_search,02,10,6,11,0,0,0,0,46,10,36,21,25,38,acbba_entry:25;clue:1;collision_intent:10;state:10,159,0,completed
312,dcta_parity_v1,topk_filter,aa0724188407797eae5187348bee11ee9f51317c4e8a201863b052786aa2f1df,823213c90703fd83224ad7122ee730ba64af3769ea517af252103bddd907f681,ACBBA,ideal,1.0,19,361,4,0.05,18,,,acbba_topk_5,/home/agxorin/topk_filter_study/simulator/scenarios/final_trial_500.csv,clue_search,03,10,7,10,1,3,0,0,47,10,37,21,26,41,acbba_entry:26;clue:1;collision_intent:10;state:10,157,0,completed
313,dcta_parity_v1,topk_filter,aa0724188407797eae5187348bee11ee9f51317c4e8a201863b052786aa2f1df,823213c90703fd83224ad7122ee730ba64af3769ea517af252103bddd907f681,ACBBA,ideal,1.0,19,361,4,0.05,18,,,acbba_topk_5,/home/agxorin/topk_filter_study/simulator/scenarios/final_trial_500.csv,clue_search,00,38,21,33,6,1,0,0,249,38,211,79,170,215,acbba_entry:170;clue:3;collision_intent:38;state:38,754,0,completed
313,dcta_parity_v1,topk_filter,aa0724188407797eae5187348bee11ee9f51317c4e8a201863b052786aa2f1df,823213c90703fd83224ad7122ee730ba64af3769ea517af252103bddd907f681,ACBBA,ideal,1.0,19,361,4,0.05,18,,,acbba_topk_5,/home/agxorin/topk_filter_study/simulator/scenarios/final_trial_500.csv,clue_search,01,38,21,39,0,2,0,0,254,38,216,79,175,220,acbba_entry:175;clue:3;collision_intent:38;state:38,751,0,completed
313,dcta_parity_v1,topk_filter,aa0724188407797eae5187348bee11ee9f51317c4e8a201863b052786aa2f1df,823213c90703fd83224ad7122ee730ba64af3769ea517af252103bddd907f681,ACBBA,ideal,1.0,19,361,4,0.05,18,,,acbba_topk_5,/home/agxorin/topk_filter_study/simulator/scenarios/final_trial_500.csv,clue_search,02,38,21,35,4,0,0,0,247,38,209,79,168,213,acbba_entry:168;clue:3;collision_intent:38;state:38,757,0,completed
313,dcta_parity_v1,topk_filter,aa0724188407797eae5187348bee11ee9f51317c4e8a201863b052786aa2f1df,823213c90703fd83224ad7122ee730ba64af3769ea517af252103bddd907f681,ACBBA,ideal,1.0,19,361,4,0.05,18,,,acbba_topk_5,/home/agxorin/topk_filter_study/simulator/scenarios/final_trial_500.csv,clue_search,03,39,22,38,2,1,0,0,255,40,215,82,173,221,acbba_entry:173;clue:3;collision_intent:39;state:39;target:1,750,0,completed
314,dcta_parity_v1,topk_filter,aa0724188407797eae5187348bee11ee9f51317c4e8a201863b052786aa2f1df,823213c90703fd83224ad7122ee730ba64af3769ea517af252103bddd907f681,ACBBA,ideal,1.0,19,361,4,0.05,18,,,acbba_topk_5,/home/agxorin/topk_filter_study/simulator/scenarios/final_trial_500.csv,clue_search,00,66,32,50,17,2,0,0,375,66,309,135,240,307,acbba_entry:240;clue:3;collision_intent:66;state:66,1158,0,completed
314,dcta_parity_v1,topk_filter,aa0724188407797eae5187348bee11ee9f51317c4e8a201863b052786aa2f1df,823213c90703fd83224ad7122ee730ba64af3769ea517af252103bddd907f681,ACBBA,ideal,1.0,19,361,4,0.05,18,,,acbba_topk_5,/home/agxorin/topk_filter_study/simulator/scenarios/final_trial_500.csv,clue_search,01,64,31,60,5,2,0,0,389,64,325,131,258,323,acbba_entry:258;clue:3;collision_intent:64;state:64,1142,0,completed
314,dcta_parity_v1,topk_filter,aa0724188407797eae5187348bee11ee9f51317c4e8a201863b052786aa2f1df,823213c90703fd83224ad7122ee730ba64af3769ea517af252103bddd907f681,ACBBA,ideal,1.0,19,361,4,0.05,18,,,acbba_topk_5,/home/agxorin/topk_filter_study/simulator/scenarios/final_trial_500.csv,clue_search,02,64,30,59,6,2,0,0,378,65,313,132,246,310,acbba_entry:246;clue:3;collision_intent:65;state:64,1154,0,completed
314,dcta_parity_v1,topk_filter,aa0724188407797eae5187348bee11ee9f51317c4e8a201863b052786aa2f1df,823213c90703fd83224ad7122ee730ba64af3769ea517af252103bddd907f681,ACBBA,ideal,1.0,19,361,4,0.05,18,,,acbba_topk_5,/home/agxorin/topk_filter_study/simulator/scenarios/final_trial_500.csv,clue_search,03,64,31,63,2,0,0,0,391,65,326,132,259,325,acbba_entry:259;clue:3;collision_intent:64;state:64;target:1,1142,0,completed
315,dcta_parity_v1,topk_filter,aa0724188407797eae5187348bee11ee9f51317c4e8a201863b052786aa2f1df,823213c90703fd83224ad7122ee730ba64af3769ea517af252103bddd907f681,ACBBA,ideal,1.0,19,361,4,0.05,18,,,acbba_topk_5,/home/agxorin/topk_filter_study/simulator/scenarios/final_trial_500.csv,clue_search,00,16,0,17,0,0,0,0,32,16,16,32,0,0,collision_intent:16;state:16,96,0,completed
315,dcta_parity_v1,topk_filter,aa0724188407797eae5187348bee11ee9f51317c4e8a201863b052786aa2f1df,823213c90703fd83224ad7122ee730ba64af3769ea517af252103bddd907f681,ACBBA,ideal,1.0,19,361,4,0.05,18,,,acbba_topk_5,/home/agxorin/topk_filter_study/simulator/scenarios/final_trial_500.csv,clue_search,01,16,0,17,0,0,0,0,33,17,16,33,0,0,collision_intent:16;state:16;target:1,96,0,completed
315,dcta_parity_v1,topk_filter,aa0724188407797eae5187348bee11ee9f51317c4e8a201863b052786aa2f1df,823213c90703fd83224ad7122ee730ba64af3769ea517af252103bddd907f681,ACBBA,ideal,1.0,19,361,4,0.05,18,,,acbba_topk_5,/home/agxorin/topk_filter_study/simulator/scenarios/final_trial_500.csv,clue_search,02,16,0,17,0,0,0,0,32,16,16,32,0,0,collision_intent:16;state:16,97,0,completed
315,dcta_parity_v1,topk_filter,aa0724188407797eae5187348bee11ee9f51317c4e8a201863b052786aa2f1df,823213c90703fd83224ad7122ee730ba64af3769ea517af252103bddd907f681,ACBBA,ideal,1.0,19,361,4,0.05,18,,,acbba_topk_5,/home/agxorin/topk_filter_study/simulator/scenarios/final_trial_500.csv,clue_search,03,16,0,17,0,0,0,0,32,16,16,32,0,0,collision_intent:16;state:16,96,0,completed
316,dcta_parity_v1,topk_filter,aa0724188407797eae5187348bee11ee9f51317c4e8a201863b052786aa2f1df,823213c90703fd83224ad7122ee730ba64af3769ea517af252103bddd907f681,ACBBA,ideal,1.0,19,361,4,0.05,18,,,acbba_topk_5,/home/agxorin/topk_filter_study/simulator/scenarios/final_trial_500.csv,clue_search,00,82,80,60,23,1,3,3,731,85,646,169,562,727,acbba_entry:562;clue:2;collision_intent:85;state:82,2168,0,completed
316,dcta_parity_v1,topk_filter,aa0724188407797eae5187348bee11ee9f51317c4e8a201863b052786aa2f1df,823213c90703fd83224ad7122ee730ba64af3769ea517af252103bddd907f681,ACBBA,ideal,1.0,19,361,4,0.05,18,,,acbba_topk_5,/home/agxorin/topk_filter_study/simulator/scenarios/final_trial_500.csv,clue_search,01,86,84,64,23,2,1,1,716,88,628,176,540,712,acbba_entry:540;clue:2;collision_intent:87;state:86;target:1,2184,0,completed
316,dcta_parity_v1,topk_filter,aa0724188407797eae5187348bee11ee9f51317c4e8a201863b052786aa2f1df,823213c90703fd83224ad7122ee730ba64af3769ea517af252103bddd907f681,ACBBA,ideal,1.0,19,361,4,0.05,18,,,acbba_topk_5,/home/agxorin/topk_filter_study/simulator/scenarios/final_trial_500.csv,clue_search,02,84,82,74,11,5,2,1,728,86,642,172,556,724,acbba_entry:556;clue:2;collision_intent:86;state:84,2171,0,completed
316,dcta_parity_v1,topk_filter,aa0724188407797eae5187348bee11ee9f51317c4e8a201863b052786aa2f1df,823213c90703fd83224ad7122ee730ba64af3769ea517af252103bddd907f681,ACBBA,ideal,1.0,19,361,4,0.05,18,,,acbba_topk_5,/home/agxorin/topk_filter_study/simulator/scenarios/final_trial_500.csv,clue_search,03,84,82,69,16,16,2,2,725,86,639,172,553,721,acbba_entry:553;clue:2;collision_intent:86;state:84,2173,0,completed
317,dcta_parity_v1,topk_filter,aa0724188407797eae5187348bee11ee9f51317c4e8a201863b052786aa2f1df,823213c90703fd83224ad7122ee730ba64af3769ea517af252103bddd907f681,ACBBA,ideal,1.0,19,361,4,0.05,18,,,acbba_topk_5,/home/agxorin/topk_filter_study/simulator/scenarios/final_trial_500.csv,clue_search,00,70,62,68,3,1,0,0,574,71,503,144,430,558,acbba_entry:430;clue:3;collision_intent:70;state:70;target:1,1707,0,completed
317,dcta_parity_v1,topk_filter,aa0724188407797eae5187348bee11ee9f51317c4e8a201863b052786aa2f1df,823213c90703fd83224ad7122ee730ba64af3769ea517af252103bddd907f681,ACBBA,ideal,1.0,19,361,4,0.05,18,,,acbba_topk_5,/home/agxorin/topk_filter_study/simulator/scenarios/final_trial_500.csv,clue_search,01,69,61,59,11,2,0,0,563,69,494,141,422,547,acbba_entry:422;clue:3;collision_intent:69;state:69,1716,0,completed
317,dcta_parity_v1,topk_filter,aa0724188407797eae5187348bee11ee9f51317c4e8a201863b052786aa2f1df,823213c90703fd83224ad7122ee730ba64af3769ea517af252103bddd907f681,ACBBA,ideal,1.0,19,361,4,0.05,18,,,acbba_topk_5,/home/agxorin/topk_filter_study/simulator/scenarios/final_trial_500.csv,clue_search,02,69,60,62,8,2,0,0,586,70,516,142,444,568,acbba_entry:444;clue:3;collision_intent:70;state:69,1695,0,completed
317,dcta_parity_v1,topk_filter,aa0724188407797eae5187348bee11ee9f51317c4e8a201863b052786aa2f1df,823213c90703fd83224ad7122ee730ba64af3769ea517af252103bddd907f681,ACBBA,ideal,1.0,19,361,4,0.05,18,,,acbba_topk_5,/home/agxorin/topk_filter_study/simulator/scenarios/final_trial_500.csv,clue_search,03,69,61,56,14,5,4,2,558,73,485,145,413,542,acbba_entry:413;clue:3;collision_intent:73;state:69,1721,0,completed
318,dcta_parity_v1,topk_filter,aa0724188407797eae5187348bee11ee9f51317c4e8a201863b052786aa2f1df,823213c90703fd83224ad7122ee730ba64af3769ea517af252103bddd907f681,ACBBA,ideal,1.0,19,361,4,0.05,18,,,acbba_topk_5,/home/agxorin/topk_filter_study/simulator/scenarios/final_trial_500.csv,clue_search,00,32,0,33,0,0,0,0,64,32,32,64,0,0,collision_intent:32;state:32,195,0,completed
318,dcta_parity_v1,topk_filter,aa0724188407797eae5187348bee11ee9f51317c4e8a201863b052786aa2f1df,823213c90703fd83224ad7122ee730ba64af3769ea517af252103bddd907f681,ACBBA,ideal,1.0,19,361,4,0.05,18,,,acbba_topk_5,/home/agxorin/topk_filter_study/simulator/scenarios/final_trial_500.csv,clue_search,01,32,0,33,0,0,0,0,64,32,32,64,0,0,collision_intent:32;state:32,194,0,completed
318,dcta_parity_v1,topk_filter,aa0724188407797eae5187348bee11ee9f51317c4e8a201863b052786aa2f1df,823213c90703fd83224ad7122ee730ba64af3769ea517af252103bddd907f681,ACBBA,ideal,1.0,19,361,4,0.05,18,,,acbba_topk_5,/home/agxorin/topk_filter_study/simulator/scenarios/final_trial_500.csv,clue_search,02,33,0,34,0,0,0,0,67,34,33,67,0,0,collision_intent:33;state:33;target:1,192,0,completed
318,dcta_parity_v1,topk_filter,aa0724188407797eae5187348bee11ee9f51317c4e8a201863b052786aa2f1df,823213c90703fd83224ad7122ee730ba64af3769ea517af252103bddd907f681,ACBBA,ideal,1.0,19,361,4,0.05,18,,,acbba_topk_5,/home/agxorin/topk_filter_study/simulator/scenarios/final_trial_500.csv,clue_search,03,32,0,33,0,0,0,0,64,32,32,64,0,0,collision_intent:32;state:32,195,0,completed
319,dcta_parity_v1,topk_filter,aa0724188407797eae5187348bee11ee9f51317c4e8a201863b052786aa2f1df,823213c90703fd83224ad7122ee730ba64af3769ea517af252103bddd907f681,ACBBA,ideal,1.0,19,361,4,0.05,18,,,acbba_topk_5,/home/agxorin/topk_filter_study/simulator/scenarios/final_trial_500.csv,clue_search,00,80,49,70,11,1,0,0,508,80,428,161,347,446,acbba_entry:347;clue:1;collision_intent:80;state:80,1501,0,completed
319,dcta_parity_v1,topk_filter,aa0724188407797eae5187348bee11ee9f51317c4e8a201863b052786aa2f1df,823213c90703fd83224ad7122ee730ba64af3769ea517af252103bddd907f681,ACBBA,ideal,1.0,19,361,4,0.05,18,,,acbba_topk_5,/home/agxorin/topk_filter_study/simulator/scenarios/final_trial_500.csv,clue_search,01,80,49,69,12,2,1,1,496,81,415,162,334,434,acbba_entry:334;clue:1;collision_intent:81;state:80,1513,0,completed
319,dcta_parity_v1,topk_filter,aa0724188407797eae5187348bee11ee9f51317c4e8a201863b052786aa2f1df,823213c90703fd83224ad7122ee730ba64af3769ea517af252103bddd907f681,ACBBA,ideal,1.0,19,361,4,0.05,18,,,acbba_topk_5,/home/agxorin/topk_filter_study/simulator/scenarios/final_trial_500.csv,clue_search,02,80,49,68,13,3,1,1,515,82,433,163,352,453,acbba_entry:352;clue:1;collision_intent:81;state:80;target:1,1495,0,completed
319,dcta_parity_v1,topk_filter,aa0724188407797eae5187348bee11ee9f51317c4e8a201863b052786aa2f1df,823213c90703fd83224ad7122ee730ba64af3769ea517af252103bddd907f681,ACBBA,ideal,1.0,19,361,4,0.05,18,,,acbba_topk_5,/home/agxorin/topk_filter_study/simulator/scenarios/final_trial_500.csv,clue_search,03,80,48,65,16,3,0,0,491,80,411,161,330,427,acbba_entry:330;clue:1;collision_intent:80;state:80,1517,0,completed
320,dcta_parity_v1,topk_filter,aa0724188407797eae5187348bee11ee9f51317c4e8a201863b052786aa2f1df,823213c90703fd83224ad7122ee730ba64af3769ea517af252103bddd907f681,ACBBA,ideal,1.0,19,361,4,0.05,18,,,acbba_topk_5,/home/agxorin/topk_filter_study/simulator/scenarios/final_trial_500.csv,clue_search,00,1,0,2,0,0,0,0,2,1,1,2,0,0,collision_intent:1;state:1,6,0,completed
320,dcta_parity_v1,topk_filter,aa0724188407797eae5187348bee11ee9f51317c4e8a201863b052786aa2f1df,823213c90703fd83224ad7122ee730ba64af3769ea517af252103bddd907f681,ACBBA,ideal,1.0,19,361,4,0.05,18,,,acbba_topk_5,/home/agxorin/topk_filter_study/simulator/scenarios/final_trial_500.csv,clue_search,01,1,0,2,0,0,0,0,3,2,1,3,0,0,collision_intent:1;state:1;target:1,6,0,completed
320,dcta_parity_v1,topk_filter,aa0724188407797eae5187348bee11ee9f51317c4e8a201863b052786aa2f1df,823213c90703fd83224ad7122ee730ba64af3769ea517af252103bddd907f681,ACBBA,ideal,1.0,19,361,4,0.05,18,,,acbba_topk_5,/home/agxorin/topk_filter_study/simulator/scenarios/final_trial_500.csv,clue_search,02,1,0,2,0,0,0,0,2,1,1,2,0,0,collision_intent:1;state:1,6,0,completed
320,dcta_parity_v1,topk_filter,aa0724188407797eae5187348bee11ee9f51317c4e8a201863b052786aa2f1df,823213c90703fd83224ad7122ee730ba64af3769ea517af252103bddd907f681,ACBBA,ideal,1.0,19,361,4,0.05,18,,,acbba_topk_5,/home/agxorin/topk_filter_study/simulator/scenarios/final_trial_500.csv,clue_search,03,1,0,2,0,0,0,0,2,1,1,2,0,0,collision_intent:1;state:1,6,0,completed
321,dcta_parity_v1,topk_filter,aa0724188407797eae5187348bee11ee9f51317c4e8a201863b052786aa2f1df,823213c90703fd83224ad7122ee730ba64af3769ea517af252103bddd907f681,ACBBA,ideal,1.0,19,361,4,0.05,18,,,acbba_topk_5,/home/agxorin/topk_filter_study/simulator/scenarios/final_trial_500.csv,clue_search,00,103,75,85,19,1,0,0,610,103,507,208,402,554,acbba_entry:402;clue:2;collision_intent:103;state:103,1948,0,completed
321,dcta_parity_v1,topk_filter,aa0724188407797eae5187348bee11ee9f51317c4e8a201863b052786aa2f1df,823213c90703fd83224ad7122ee730ba64af3769ea517af252103bddd907f681,ACBBA,ideal,1.0,19,361,4,0.05,18,,,acbba_topk_5,/home/agxorin/topk_filter_study/simulator/scenarios/final_trial_500.csv,clue_search,01,102,75,77,26,1,0,0,663,102,561,206,457,609,acbba_entry:457;clue:2;collision_intent:102;state:102,1894,0,completed
321,dcta_parity_v1,topk_filter,aa0724188407797eae5187348bee11ee9f51317c4e8a201863b052786aa2f1df,823213c90703fd83224ad7122ee730ba64af3769ea517af252103bddd907f681,ACBBA,ideal,1.0,19,361,4,0.05,18,,,acbba_topk_5,/home/agxorin/topk_filter_study/simulator/scenarios/final_trial_500.csv,clue_search,02,102,75,81,22,5,0,0,655,103,552,207,448,601,acbba_entry:448;clue:2;collision_intent:102;state:102;target:1,1903,0,completed
321,dcta_parity_v1,topk_filter,aa0724188407797eae5187348bee11ee9f51317c4e8a201863b052786aa2f1df,823213c90703fd83224ad7122ee730ba64af3769ea517af252103bddd907f681,ACBBA,ideal,1.0,19,361,4,0.05,18,,,acbba_topk_5,/home/agxorin/topk_filter_study/simulator/scenarios/final_trial_500.csv,clue_search,03,104,77,93,12,4,0,0,630,104,526,210,420,576,acbba_entry:420;clue:2;collision_intent:104;state:104,1928,0,completed
322,dcta_parity_v1,topk_filter,aa0724188407797eae5187348bee11ee9f51317c4e8a201863b052786aa2f1df,823213c90703fd83224ad7122ee730ba64af3769ea517af252103bddd907f681,ACBBA,ideal,1.0,19,361,4,0.05,18,,,acbba_topk_5,/home/agxorin/topk_filter_study/simulator/scenarios/final_trial_500.csv,clue_search,00,26,7,27,0,0,0,0,103,26,77,53,50,65,acbba_entry:50;clue:1;collision_intent:26;state:26,302,0,completed
322,dcta_parity_v1,topk_filter,aa0724188407797eae5187348bee11ee9f51317c4e8a201863b052786aa2f1df,823213c90703fd83224ad7122ee730ba64af3769ea517af252103bddd907f681,ACBBA,ideal,1.0,19,361,4,0.05,18,,,acbba_topk_5,/home/agxorin/topk_filter_study/simulator/scenarios/final_trial_500.csv,clue_search,01,27,9,28,0,0,0,0,108,28,80,56,52,72,acbba_entry:52;clue:1;collision_intent:27;state:27;target:1,297,0,completed
322,dcta_parity_v1,topk_filter,aa0724188407797eae5187348bee11ee9f51317c4e8a201863b052786aa2f1df,823213c90703fd83224ad7122ee730ba64af3769ea517af252103bddd907f681,ACBBA,ideal,1.0,19,361,4,0.05,18,,,acbba_topk_5,/home/agxorin/topk_filter_study/simulator/scenarios/final_trial_500.csv,clue_search,02,27,8,26,2,0,0,0,96,27,69,55,41,58,acbba_entry:41;clue:1;collision_intent:27;state:27,308,0,completed
322,dcta_parity_v1,topk_filter,aa0724188407797eae5187348bee11ee9f51317c4e8a201863b052786aa2f1df,823213c90703fd83224ad7122ee730ba64af3769ea517af252103bddd907f681,ACBBA,ideal,1.0,19,361,4,0.05,18,,,acbba_topk_5,/home/agxorin/topk_filter_study/simulator/scenarios/final_trial_500.csv,clue_search,03,27,9,26,2,2,0,0,98,27,71,55,43,62,acbba_entry:43;clue:1;collision_intent:27;state:27,307,0,completed
323,dcta_parity_v1,topk_filter,aa0724188407797eae5187348bee11ee9f51317c4e8a201863b052786aa2f1df,823213c90703fd83224ad7122ee730ba64af3769ea517af252103bddd907f681,ACBBA,ideal,1.0,19,361,4,0.05,18,,,acbba_topk_5,/home/agxorin/topk_filter_study/simulator/scenarios/final_trial_500.csv,clue_search,00,39,38,37,3,4,0,0,412,39,373,80,332,410,acbba_entry:332;clue:2;collision_intent:39;state:39,1250,0,completed
323,dcta_parity_v1,topk_filter,aa0724188407797eae5187348bee11ee9f51317c4e8a201863b052786aa2f1df,823213c90703fd83224ad7122ee730ba64af3769ea517af252103bddd907f681,ACBBA,ideal,1.0,19,361,4,0.05,18,,,acbba_topk_5,/home/agxorin/topk_filter_study/simulator/scenarios/final_trial_500.csv,clue_search,01,39,38,37,3,2,0,0,412,40,372,81,331,410,acbba_entry:331;clue:2;collision_intent:39;state:39;target:1,1252,0,completed
323,dcta_parity_v1,topk_filter,aa0724188407797eae5187348bee11ee9f51317c4e8a201863b052786aa2f1df,823213c90703fd83224ad7122ee730ba64af3769ea517af252103bddd907f681,ACBBA,ideal,1.0,19,361,4,0.05,18,,,acbba_topk_5,/home/agxorin/topk_filter_study/simulator/scenarios/final_trial_500.csv,clue_search,02,38,37,32,7,2,1,1,418,39,379,79,339,416,acbba_entry:339;clue:2;collision_intent:39;state:38,1245,0,completed
323,dcta_parity_v1,topk_filter,aa0724188407797eae5187348bee11ee9f51317c4e8a201863b052786aa2f1df,823213c90703fd83224ad7122ee730ba64af3769ea517af252103bddd907f681,ACBBA,ideal,1.0,19,361,4,0.05,18,,,acbba_topk_5,/home/agxorin/topk_filter_study/simulator/scenarios/final_trial_500.csv,clue_search,03,38,37,39,0,2,0,0,422,38,384,78,344,420,acbba_entry:344;clue:2;collision_intent:38;state:38,1240,0,completed
324,dcta_parity_v1,topk_filter,aa0724188407797eae5187348bee11ee9f51317c4e8a201863b052786aa2f1df,823213c90703fd83224ad7122ee730ba64af3769ea517af252103bddd907f681,ACBBA,ideal,1.0,19,361,4,0.05,18,,,acbba_topk_5,/home/agxorin/topk_filter_study/simulator/scenarios/final_trial_500.csv,clue_search,00,42,1,43,0,0,0,0,91,42,49,85,6,9,acbba_entry:6;clue:1;collision_intent:42;state:42,262,0,completed
324,dcta_parity_v1,topk_filter,aa0724188407797eae5187348bee11ee9f51317c4e8a201863b052786aa2f1df,823213c90703fd83224ad7122ee730ba64af3769ea517af252103bddd907f681,ACBBA,ideal,1.0,19,361,4,0.05,18,,,acbba_topk_5,/home/agxorin/topk_filter_study/simulator/scenarios/final_trial_500.csv,clue_search,01,41,0,42,0,0,0,0,87,42,45,84,3,5,acbba_entry:3;clue:1;collision_intent:42;state:41,267,0,completed
324,dcta_parity_v1,topk_filter,aa0724188407797eae5187348bee11ee9f51317c4e8a201863b052786aa2f1df,823213c90703fd83224ad7122ee730ba64af3769ea517af252103bddd907f681,ACBBA,ideal,1.0,19,361,4,0.05,18,,,acbba_topk_5,/home/agxorin/topk_filter_study/simulator/scenarios/final_trial_500.csv,clue_search,02,42,1,42,1,0,0,0,88,42,46,85,3,6,acbba_entry:3;clue:1;collision_intent:42;state:42,266,0,completed
324,dcta_parity_v1,topk_filter,aa0724188407797eae5187348bee11ee9f51317c4e8a201863b052786aa2f1df,823213c90703fd83224ad7122ee730ba64af3769ea517af252103bddd907f681,ACBBA,ideal,1.0,19,361,4,0.05,18,,,acbba_topk_5,/home/agxorin/topk_filter_study/simulator/scenarios/final_trial_500.csv,clue_search,03,42,1,43,0,0,0,0,89,43,46,86,3,7,acbba_entry:3;clue:1;collision_intent:42;state:42;target:1,266,0,completed
325,dcta_parity_v1,topk_filter,aa0724188407797eae5187348bee11ee9f51317c4e8a201863b052786aa2f1df,823213c90703fd83224ad7122ee730ba64af3769ea517af252103bddd907f681,ACBBA,ideal,1.0,19,361,4,0.05,18,,,acbba_topk_5,/home/agxorin/topk_filter_study/simulator/scenarios/final_trial_500.csv,clue_search,00,87,41,76,12,0,0,0,450,88,362,178,272,358,acbba_entry:272;clue:3;collision_intent:88;state:87,1353,0,completed
325,dcta_parity_v1,topk_filter,aa0724188407797eae5187348bee11ee9f51317c4e8a201863b052786aa2f1df,823213c90703fd83224ad7122ee730ba64af3769ea517af252103bddd907f681,ACBBA,ideal,1.0,19,361,4,0.05,18,,,acbba_topk_5,/home/agxorin/topk_filter_study/simulator/scenarios/final_trial_500.csv,clue_search,01,85,40,77,9,1,0,0,464,86,378,174,290,374,acbba_entry:290;clue:3;collision_intent:86;state:85,1337,0,completed
325,dcta_parity_v1,topk_filter,aa0724188407797eae5187348bee11ee9f51317c4e8a201863b052786aa2f1df,823213c90703fd83224ad7122ee730ba64af3769ea517af252103bddd907f681,ACBBA,ideal,1.0,19,361,4,0.05,18,,,acbba_topk_5,/home/agxorin/topk_filter_study/simulator/scenarios/final_trial_500.csv,clue_search,02,87,41,82,6,0,0,0,446,88,358,178,268,354,acbba_entry:268;clue:3;collision_intent:87;state:87;target:1,1359,0,completed
325,dcta_parity_v1,topk_filter,aa0724188407797eae5187348bee11ee9f51317c4e8a201863b052786aa2f1df,823213c90703fd83224ad7122ee730ba64af3769ea517af252103bddd907f681,ACBBA,ideal,1.0,19,361,4,0.05,18,,,acbba_topk_5,/home/agxorin/topk_filter_study/simulator/scenarios/final_trial_500.csv,clue_search,03,87,42,62,26,1,0,0,445,87,358,177,268,355,acbba_entry:268;clue:3;collision_intent:87;state:87,1358,0,completed
326,dcta_parity_v1,topk_filter,aa0724188407797eae5187348bee11ee9f51317c4e8a201863b052786aa2f1df,823213c90703fd83224ad7122ee730ba64af3769ea517af252103bddd907f681,ACBBA,ideal,1.0,19,361,4,0.05,18,,,acbba_topk_5,/home/agxorin/topk_filter_study/simulator/scenarios/final_trial_500.csv,clue_search,00,9,2,10,0,0,0,0,27,9,18,19,8,13,acbba_entry:8;clue:1;collision_intent:9;state:9,70,0,completed
326,dcta_parity_v1,topk_filter,aa0724188407797eae5187348bee11ee9f51317c4e8a201863b052786aa2f1df,823213c90703fd83224ad7122ee730ba64af3769ea517af252103bddd907f681,ACBBA,ideal,1.0,19,361,4,0.05,18,,,acbba_topk_5,/home/agxorin/topk_filter_study/simulator/scenarios/final_trial_500.csv,clue_search,01,8,2,9,0,0,0,0,24,8,16,17,7,12,acbba_entry:7;clue:1;collision_intent:8;state:8,74,0,completed
326,dcta_parity_v1,topk_filter,aa0724188407797eae5187348bee11ee9f51317c4e8a201863b052786aa2f1df,823213c90703fd83224ad7122ee730ba64af3769ea517af252103bddd907f681,ACBBA,ideal,1.0,19,361,4,0.05,18,,,acbba_topk_5,/home/agxorin/topk_filter_study/simulator/scenarios/final_trial_500.csv,clue_search,02,9,2,10,0,0,0,0,23,10,13,20,3,9,acbba_entry:3;clue:1;collision_intent:9;state:9;target:1,75,0,completed
326,dcta_parity_v1,topk_filter,aa0724188407797eae5187348bee11ee9f51317c4e8a201863b052786aa2f1df,823213c90703fd83224ad7122ee730ba64af3769ea517af252103bddd907f681,ACBBA,ideal,1.0,19,361,4,0.05,18,,,acbba_topk_5,/home/agxorin/topk_filter_study/simulator/scenarios/final_trial_500.csv,clue_search,03,8,2,9,0,0,0,0,24,8,16,17,7,12,acbba_entry:7;clue:1;collision_intent:8;state:8,73,0,completed
327,dcta_parity_v1,topk_filter,aa0724188407797eae5187348bee11ee9f51317c4e8a201863b052786aa2f1df,823213c90703fd83224ad7122ee730ba64af3769ea517af252103bddd907f681,ACBBA,ideal,1.0,19,361,4,0.05,18,,,acbba_topk_5,/home/agxorin/topk_filter_study/simulator/scenarios/final_trial_500.csv,clue_search,00,22,10,23,0,1,0,0,102,22,80,45,57,78,acbba_entry:57;clue:1;collision_intent:22;state:22,317,0,completed
327,dcta_parity_v1,topk_filter,aa0724188407797eae5187348bee11ee9f51317c4e8a201863b052786aa2f1df,823213c90703fd83224ad7122ee730ba64af3769ea517af252103bddd907f681,ACBBA,ideal,1.0,19,361,4,0.05,18,,,acbba_topk_5,/home/agxorin/topk_filter_study/simulator/scenarios/final_trial_500.csv,clue_search,01,22,10,22,1,2,0,0,111,23,88,46,65,87,acbba_entry:65;clue:1;collision_intent:22;state:22;target:1,308,0,completed
327,dcta_parity_v1,topk_filter,aa0724188407797eae5187348bee11ee9f51317c4e8a201863b052786aa2f1df,823213c90703fd83224ad7122ee730ba64af3769ea517af252103bddd907f681,ACBBA,ideal,1.0,19,361,4,0.05,18,,,acbba_topk_5,/home/agxorin/topk_filter_study/simulator/scenarios/final_trial_500.csv,clue_search,02,22,9,22,1,0,0,0,106,22,84,45,61,80,acbba_entry:61;clue:1;collision_intent:22;state:22,313,0,completed
327,dcta_parity_v1,topk_filter,aa0724188407797eae5187348bee11ee9f51317c4e8a201863b052786aa2f1df,823213c90703fd83224ad7122ee730ba64af3769ea517af252103bddd907f681,ACBBA,ideal,1.0,19,361,4,0.05,18,,,acbba_topk_5,/home/agxorin/topk_filter_study/simulator/scenarios/final_trial_500.csv,clue_search,03,21,9,21,1,2,0,0,100,21,79,43,57,76,acbba_entry:57;clue:1;collision_intent:21;state:21,318,0,completed
328,dcta_parity_v1,topk_filter,aa0724188407797eae5187348bee11ee9f51317c4e8a201863b052786aa2f1df,823213c90703fd83224ad7122ee730ba64af3769ea517af252103bddd907f681,ACBBA,ideal,1.0,19,361,4,0.05,18,,,acbba_topk_5,/home/agxorin/topk_filter_study/simulator/scenarios/final_trial_500.csv,clue_search,00,16,0,17,0,0,0,0,37,17,20,34,3,5,acbba_entry:3;clue:1;collision_intent:17;state:16,111,0,completed
328,dcta_parity_v1,topk_filter,aa0724188407797eae5187348bee11ee9f51317c4e8a201863b052786aa2f1df,823213c90703fd83224ad7122ee730ba64af3769ea517af252103bddd907f681,ACBBA,ideal,1.0,19,361,4,0.05,18,,,acbba_topk_5,/home/agxorin/topk_filter_study/simulator/scenarios/final_trial_500.csv,clue_search,01,16,1,17,0,0,0,0,36,16,20,33,3,6,acbba_entry:3;clue:1;collision_intent:16;state:16,111,0,completed
328,dcta_parity_v1,topk_filter,aa0724188407797eae5187348bee11ee9f51317c4e8a201863b052786aa2f1df,823213c90703fd83224ad7122ee730ba64af3769ea517af252103bddd907f681,ACBBA,ideal,1.0,19,361,4,0.05,18,,,acbba_topk_5,/home/agxorin/topk_filter_study/simulator/scenarios/final_trial_500.csv,clue_search,02,17,1,18,0,0,0,0,39,18,21,36,3,7,acbba_entry:3;clue:1;collision_intent:17;state:17;target:1,109,0,completed
328,dcta_parity_v1,topk_filter,aa0724188407797eae5187348bee11ee9f51317c4e8a201863b052786aa2f1df,823213c90703fd83224ad7122ee730ba64af3769ea517af252103bddd907f681,ACBBA,ideal,1.0,19,361,4,0.05,18,,,acbba_topk_5,/home/agxorin/topk_filter_study/simulator/scenarios/final_trial_500.csv,clue_search,03,16,1,17,0,0,0,0,36,16,20,33,3,6,acbba_entry:3;clue:1;collision_intent:16;state:16,110,0,completed
329,dcta_parity_v1,topk_filter,aa0724188407797eae5187348bee11ee9f51317c4e8a201863b052786aa2f1df,823213c90703fd83224ad7122ee730ba64af3769ea517af252103bddd907f681,ACBBA,ideal,1.0,19,361,4,0.05,18,,,acbba_topk_5,/home/agxorin/topk_filter_study/simulator/scenarios/final_trial_500.csv,clue_search,00,53,40,47,7,1,3,3,409,57,352,112,297,383,acbba_entry:297;clue:2;collision_intent:56;state:53;target:1,1205,0,completed
329,dcta_parity_v1,topk_filter,aa0724188407797eae5187348bee11ee9f51317c4e8a201863b052786aa2f1df,823213c90703fd83224ad7122ee730ba64af3769ea517af252103bddd907f681,ACBBA,ideal,1.0,19,361,4,0.05,18,,,acbba_topk_5,/home/agxorin/topk_filter_study/simulator/scenarios/final_trial_500.csv,clue_search,01,52,40,53,0,1,0,0,398,52,346,106,292,374,acbba_entry:292;clue:2;collision_intent:52;state:52,1215,0,completed
329,dcta_parity_v1,topk_filter,aa0724188407797eae5187348bee11ee9f51317c4e8a201863b052786aa2f1df,823213c90703fd83224ad7122ee730ba64af3769ea517af252103bddd907f681,ACBBA,ideal,1.0,19,361,4,0.05,18,,,acbba_topk_5,/home/agxorin/topk_filter_study/simulator/scenarios/final_trial_500.csv,clue_search,02,53,40,51,3,3,0,0,407,53,354,108,299,381,acbba_entry:299;clue:2;collision_intent:53;state:53,1207,0,completed
329,dcta_parity_v1,topk_filter,aa0724188407797eae5187348bee11ee9f51317c4e8a201863b052786aa2f1df,823213c90703fd83224ad7122ee730ba64af3769ea517af252103bddd907f681,ACBBA,ideal,1.0,19,361,4,0.05,18,,,acbba_topk_5,/home/agxorin/topk_filter_study/simulator/scenarios/final_trial_500.csv,clue_search,03,53,41,47,7,4,0,0,400,53,347,108,292,376,acbba_entry:292;clue:2;collision_intent:53;state:53,1213,0,completed
330,dcta_parity_v1,topk_filter,aa0724188407797eae5187348bee11ee9f51317c4e8a201863b052786aa2f1df,823213c90703fd83224ad7122ee730ba64af3769ea517af252103bddd907f681,ACBBA,ideal,1.0,19,361,4,0.05,18,,,acbba_topk_5,/home/agxorin/topk_filter_study/simulator/scenarios/final_trial_500.csv,clue_search,00,59,19,58,2,0,0,0,246,59,187,120,126,165,acbba_entry:126;clue:2;collision_intent:59;state:59,755,0,completed
330,dcta_parity_v1,topk_filter,aa0724188407797eae5187348bee11ee9f51317c4e8a201863b052786aa2f1df,823213c90703fd83224ad7122ee730ba64af3769ea517af252103bddd907f681,ACBBA,ideal,1.0,19,361,4,0.05,18,,,acbba_topk_5,/home/agxorin/topk_filter_study/simulator/scenarios/final_trial_500.csv,clue_search,01,58,18,52,7,0,0,0,244,58,186,118,126,164,acbba_entry:126;clue:2;collision_intent:58;state:58,757,0,completed
330,dcta_parity_v1,topk_filter,aa0724188407797eae5187348bee11ee9f51317c4e8a201863b052786aa2f1df,823213c90703fd83224ad7122ee730ba64af3769ea517af252103bddd907f681,ACBBA,ideal,1.0,19,361,4,0.05,18,,,acbba_topk_5,/home/agxorin/topk_filter_study/simulator/scenarios/final_trial_500.csv,clue_search,02,59,18,55,5,2,0,0,247,59,188,120,127,165,acbba_entry:127;clue:2;collision_intent:59;state:59,754,0,completed
330,dcta_parity_v1,topk_filter,aa0724188407797eae5187348bee11ee9f51317c4e8a201863b052786aa2f1df,823213c90703fd83224ad7122ee730ba64af3769ea517af252103bddd907f681,ACBBA,ideal,1.0,19,361,4,0.05,18,,,acbba_topk_5,/home/agxorin/topk_filter_study/simulator/scenarios/final_trial_500.csv,clue_search,03,58,18,58,1,0,0,0,266,59,207,119,147,186,acbba_entry:147;clue:2;collision_intent:58;state:58;target:1,737,0,completed
331,dcta_parity_v1,topk_filter,aa0724188407797eae5187348bee11ee9f51317c4e8a201863b052786aa2f1df,823213c90703fd83224ad7122ee730ba64af3769ea517af252103bddd907f681,ACBBA,ideal,1.0,19,361,4,0.05,18,,,acbba_topk_5,/home/agxorin/topk_filter_study/simulator/scenarios/final_trial_500.csv,clue_search,00,88,83,72,17,4,2,2,834,91,743,182,652,824,acbba_entry:652;clue:3;collision_intent:90;state:88;target:1,2498,0,completed
331,dcta_parity_v1,topk_filter,aa0724188407797eae5187348bee11ee9f51317c4e8a201863b052786aa2f1df,823213c90703fd83224ad7122ee730ba64af3769ea517af252103bddd907f681,ACBBA,ideal,1.0,19,361,4,0.05,18,,,acbba_topk_5,/home/agxorin/topk_filter_study/simulator/scenarios/final_trial_500.csv,clue_search,01,88,84,79,10,7,2,2,825,90,735,181,644,817,acbba_entry:644;clue:3;collision_intent:90;state:88,2505,0,completed
331,dcta_parity_v1,topk_filter,aa0724188407797eae5187348bee11ee9f51317c4e8a201863b052786aa2f1df,823213c90703fd83224ad7122ee730ba64af3769ea517af252103bddd907f681,ACBBA,ideal,1.0,19,361,4,0.05,18,,,acbba_topk_5,/home/agxorin/topk_filter_study/simulator/scenarios/final_trial_500.csv,clue_search,02,87,83,61,27,5,6,6,842,93,749,183,659,833,acbba_entry:659;clue:3;collision_intent:93;state:87,2488,0,completed
331,dcta_parity_v1,topk_filter,aa0724188407797eae5187348bee11ee9f51317c4e8a201863b052786aa2f1df,823213c90703fd83224ad7122ee730ba64af3769ea517af252103bddd907f681,ACBBA,ideal,1.0,19,361,4,0.05,18,,,acbba_topk_5,/home/agxorin/topk_filter_study/simulator/scenarios/final_trial_500.csv,clue_search,03,88,84,73,16,7,0,0,831,89,742,180,651,823,acbba_entry:651;clue:3;collision_intent:89;state:88,2500,0,completed
332,dcta_parity_v1,topk_filter,aa0724188407797eae5187348bee11ee9f51317c4e8a201863b052786aa2f1df,823213c90703fd83224ad7122ee730ba64af3769ea517af252103bddd907f681,ACBBA,ideal,1.0,19,361,4,0.05,18,,,acbba_topk_5,/home/agxorin/topk_filter_study/simulator/scenarios/final_trial_500.csv,clue_search,00,14,4,15,0,2,0,0,54,14,40,29,25,34,acbba_entry:25;clue:1;collision_intent:14;state:14,160,0,completed
332,dcta_parity_v1,topk_filter,aa0724188407797eae5187348bee11ee9f51317c4e8a201863b052786aa2f1df,823213c90703fd83224ad7122ee730ba64af3769ea517af252103bddd907f681,ACBBA,ideal,1.0,19,361,4,0.05,18,,,acbba_topk_5,/home/agxorin/topk_filter_study/simulator/scenarios/final_trial_500.csv,clue_search,01,14,4,15,0,0,0,0,51,15,36,30,21,31,acbba_entry:21;clue:1;collision_intent:14;state:14;target:1,164,0,completed
332,dcta_parity_v1,topk_filter,aa0724188407797eae5187348bee11ee9f51317c4e8a201863b052786aa2f1df,823213c90703fd83224ad7122ee730ba64af3769ea517af252103bddd907f681,ACBBA,ideal,1.0,19,361,4,0.05,18,,,acbba_topk_5,/home/agxorin/topk_filter_study/simulator/scenarios/final_trial_500.csv,clue_search,02,13,3,14,0,1,0,0,61,14,47,28,33,41,acbba_entry:33;clue:1;collision_intent:14;state:13,154,0,completed
332,dcta_parity_v1,topk_filter,aa0724188407797eae5187348bee11ee9f51317c4e8a201863b052786aa2f1df,823213c90703fd83224ad7122ee730ba64af3769ea517af252103bddd907f681,ACBBA,ideal,1.0,19,361,4,0.05,18,,,acbba_topk_5,/home/agxorin/topk_filter_study/simulator/scenarios/final_trial_500.csv,clue_search,03,13,3,14,0,0,0,0,49,13,36,27,22,29,acbba_entry:22;clue:1;collision_intent:13;state:13,166,0,completed
333,dcta_parity_v1,topk_filter,aa0724188407797eae5187348bee11ee9f51317c4e8a201863b052786aa2f1df,823213c90703fd83224ad7122ee730ba64af3769ea517af252103bddd907f681,ACBBA,ideal,1.0,19,361,4,0.05,18,,,acbba_topk_5,/home/agxorin/topk_filter_study/simulator/scenarios/final_trial_500.csv,clue_search,00,19,15,20,0,2,0,0,163,20,143,41,122,155,acbba_entry:122;clue:2;collision_intent:19;state:19;target:1,471,0,completed
333,dcta_parity_v1,topk_filter,aa0724188407797eae5187348bee11ee9f51317c4e8a201863b052786aa2f1df,823213c90703fd83224ad7122ee730ba64af3769ea517af252103bddd907f681,ACBBA,ideal,1.0,19,361,4,0.05,18,,,acbba_topk_5,/home/agxorin/topk_filter_study/simulator/scenarios/final_trial_500.csv,clue_search,01,18,15,16,3,2,0,0,158,18,140,38,120,152,acbba_entry:120;clue:2;collision_intent:18;state:18,474,0,completed
333,dcta_parity_v1,topk_filter,aa0724188407797eae5187348bee11ee9f51317c4e8a201863b052786aa2f1df,823213c90703fd83224ad7122ee730ba64af3769ea517af252103bddd907f681,ACBBA,ideal,1.0,19,361,4,0.05,18,,,acbba_topk_5,/home/agxorin/topk_filter_study/simulator/scenarios/final_trial_500.csv,clue_search,02,18,14,15,4,0,0,0,159,18,141,38,121,151,acbba_entry:121;clue:2;collision_intent:18;state:18,473,0,completed
333,dcta_parity_v1,topk_filter,aa0724188407797eae5187348bee11ee9f51317c4e8a201863b052786aa2f1df,823213c90703fd83224ad7122ee730ba64af3769ea517af252103bddd907f681,ACBBA,ideal,1.0,19,361,4,0.05,18,,,acbba_topk_5,/home/agxorin/topk_filter_study/simulator/scenarios/final_trial_500.csv,clue_search,03,18,15,19,0,1,0,0,154,18,136,38,116,148,acbba_entry:116;clue:2;collision_intent:18;state:18,480,0,completed
334,dcta_parity_v1,topk_filter,aa0724188407797eae5187348bee11ee9f51317c4e8a201863b052786aa2f1df,823213c90703fd83224ad7122ee730ba64af3769ea517af252103bddd907f681,ACBBA,ideal,1.0,19,361,4,0.05,18,,,acbba_topk_5,/home/agxorin/topk_filter_study/simulator/scenarios/final_trial_500.csv,clue_search,00,6,0,7,0,0,0,0,12,6,6,12,0,0,collision_intent:6;state:6,36,0,completed
334,dcta_parity_v1,topk_filter,aa0724188407797eae5187348bee11ee9f51317c4e8a201863b052786aa2f1df,823213c90703fd83224ad7122ee730ba64af3769ea517af252103bddd907f681,ACBBA,ideal,1.0,19,361,4,0.05,18,,,acbba_topk_5,/home/agxorin/topk_filter_study/simulator/scenarios/final_trial_500.csv,clue_search,01,6,0,7,0,0,0,0,13,7,6,13,0,0,collision_intent:6;state:6;target:1,36,0,completed
334,dcta_parity_v1,topk_filter,aa0724188407797eae5187348bee11ee9f51317c4e8a201863b052786aa2f1df,823213c90703fd83224ad7122ee730ba64af3769ea517af252103bddd907f681,ACBBA,ideal,1.0,19,361,4,0.05,18,,,acbba_topk_5,/home/agxorin/topk_filter_study/simulator/scenarios/final_trial_500.csv,clue_search,02,6,0,7,0,0,0,0,12,6,6,12,0,0,collision_intent:6;state:6,37,0,completed
334,dcta_parity_v1,topk_filter,aa0724188407797eae5187348bee11ee9f51317c4e8a201863b052786aa2f1df,823213c90703fd83224ad7122ee730ba64af3769ea517af252103bddd907f681,ACBBA,ideal,1.0,19,361,4,0.05,18,,,acbba_topk_5,/home/agxorin/topk_filter_study/simulator/scenarios/final_trial_500.csv,clue_search,03,6,0,7,0,0,0,0,12,6,6,12,0,0,collision_intent:6;state:6,36,0,completed
335,dcta_parity_v1,topk_filter,aa0724188407797eae5187348bee11ee9f51317c4e8a201863b052786aa2f1df,823213c90703fd83224ad7122ee730ba64af3769ea517af252103bddd907f681,ACBBA,ideal,1.0,19,361,4,0.05,18,,,acbba_topk_5,/home/agxorin/topk_filter_study/simulator/scenarios/final_trial_500.csv,clue_search,00,32,18,32,1,1,5,2,243,39,204,74,169,215,acbba_entry:169;clue:3;collision_intent:38;state:32;target:1,683,0,completed
335,dcta_parity_v1,topk_filter,aa0724188407797eae5187348bee11ee9f51317c4e8a201863b052786aa2f1df,823213c90703fd83224ad7122ee730ba64af3769ea517af252103bddd907f681,ACBBA,ideal,1.0,19,361,4,0.05,18,,,acbba_topk_5,/home/agxorin/topk_filter_study/simulator/scenarios/final_trial_500.csv,clue_search,01,32,18,30,3,0,0,0,232,32,200,67,165,204,acbba_entry:165;clue:3;collision_intent:32;state:32,693,0,completed
335,dcta_parity_v1,topk_filter,aa0724188407797eae5187348bee11ee9f51317c4e8a201863b052786aa2f1df,823213c90703fd83224ad7122ee730ba64af3769ea517af252103bddd907f681,ACBBA,ideal,1.0,19,361,4,0.05,18,,,acbba_topk_5,/home/agxorin/topk_filter_study/simulator/scenarios/final_trial_500.csv,clue_search,02,32,18,31,2,1,0,0,224,32,192,67,157,196,acbba_entry:157;clue:3;collision_intent:32;state:32,700,0,completed
335,dcta_parity_v1,topk_filter,aa0724188407797eae5187348bee11ee9f51317c4e8a201863b052786aa2f1df,823213c90703fd83224ad7122ee730ba64af3769ea517af252103bddd907f681,ACBBA,ideal,1.0,19,361,4,0.05,18,,,acbba_topk_5,/home/agxorin/topk_filter_study/simulator/scenarios/final_trial_500.csv,clue_search,03,32,19,27,6,5,3,2,227,35,192,70,157,201,acbba_entry:157;clue:3;collision_intent:35;state:32,697,0,completed
336,dcta_parity_v1,topk_filter,aa0724188407797eae5187348bee11ee9f51317c4e8a201863b052786aa2f1df,823213c90703fd83224ad7122ee730ba64af3769ea517af252103bddd907f681,ACBBA,ideal,1.0,19,361,4,0.05,18,,,acbba_topk_5,/home/agxorin/topk_filter_study/simulator/scenarios/final_trial_500.csv,clue_search,00,32,23,33,0,1,0,0,215,32,183,65,150,197,acbba_entry:150;clue:1;collision_intent:32;state:32,647,0,completed
336,dcta_parity_v1,topk_filter,aa0724188407797eae5187348bee11ee9f51317c4e8a201863b052786aa2f1df,823213c90703fd83224ad7122ee730ba64af3769ea517af252103bddd907f681,ACBBA,ideal,1.0,19,361,4,0.05,18,,,acbba_topk_5,/home/agxorin/topk_filter_study/simulator/scenarios/final_trial_500.csv,clue_search,01,31,23,21,11,1,3,2,218,34,184,66,152,202,acbba_entry:152;clue:1;collision_intent:34;state:31,643,0,completed
336,dcta_parity_v1,topk_filter,aa0724188407797eae5187348bee11ee9f51317c4e8a201863b052786aa2f1df,823213c90703fd83224ad7122ee730ba64af3769ea517af252103bddd907f681,ACBBA,ideal,1.0,19,361,4,0.05,18,,,acbba_topk_5,/home/agxorin/topk_filter_study/simulator/scenarios/final_trial_500.csv,clue_search,02,31,22,26,6,2,0,0,207,31,176,63,144,189,acbba_entry:144;clue:1;collision_intent:31;state:31,654,0,completed
336,dcta_parity_v1,topk_filter,aa0724188407797eae5187348bee11ee9f51317c4e8a201863b052786aa2f1df,823213c90703fd83224ad7122ee730ba64af3769ea517af252103bddd907f681,ACBBA,ideal,1.0,19,361,4,0.05,18,,,acbba_topk_5,/home/agxorin/topk_filter_study/simulator/scenarios/final_trial_500.csv,clue_search,03,31,22,32,0,1,0,0,222,32,190,64,158,204,acbba_entry:158;clue:1;collision_intent:31;state:31;target:1,640,0,completed
337,dcta_parity_v1,topk_filter,aa0724188407797eae5187348bee11ee9f51317c4e8a201863b052786aa2f1df,823213c90703fd83224ad7122ee730ba64af3769ea517af252103bddd907f681,ACBBA,ideal,1.0,19,361,4,0.05,18,,,acbba_topk_5,/home/agxorin/topk_filter_study/simulator/scenarios/final_trial_500.csv,clue_search,00,115,107,80,36,6,2,2,968,117,851,235,733,952,acbba_entry:733;clue:3;collision_intent:117;state:115,2971,0,completed
337,dcta_parity_v1,topk_filter,aa0724188407797eae5187348bee11ee9f51317c4e8a201863b052786aa2f1df,823213c90703fd83224ad7122ee730ba64af3769ea517af252103bddd907f681,ACBBA,ideal,1.0,19,361,4,0.05,18,,,acbba_topk_5,/home/agxorin/topk_filter_study/simulator/scenarios/final_trial_500.csv,clue_search,01,114,106,109,6,4,1,1,1029,116,913,233,796,1013,acbba_entry:796;clue:3;collision_intent:115;state:114;target:1,2912,0,completed
337,dcta_parity_v1,topk_filter,aa0724188407797eae5187348bee11ee9f51317c4e8a201863b052786aa2f1df,823213c90703fd83224ad7122ee730ba64af3769ea517af252103bddd907f681,ACBBA,ideal,1.0,19,361,4,0.05,18,,,acbba_topk_5,/home/agxorin/topk_filter_study/simulator/scenarios/final_trial_500.csv,clue_search,02,114,106,70,45,8,4,2,978,118,860,235,743,962,acbba_entry:743;clue:3;collision_intent:118;state:114,2963,0,completed
337,dcta_parity_v1,topk_filter,aa0724188407797eae5187348bee11ee9f51317c4e8a201863b052786aa2f1df,823213c90703fd83224ad7122ee730ba64af3769ea517af252103bddd907f681,ACBBA,ideal,1.0,19,361,4,0.05,18,,,acbba_topk_5,/home/agxorin/topk_filter_study/simulator/scenarios/final_trial_500.csv,clue_search,03,116,109,88,29,6,0,0,966,116,850,235,731,952,acbba_entry:731;clue:3;collision_intent:116;state:116,2974,0,completed
338,dcta_parity_v1,topk_filter,aa0724188407797eae5187348bee11ee9f51317c4e8a201863b052786aa2f1df,823213c90703fd83224ad7122ee730ba64af3769ea517af252103bddd907f681,ACBBA,ideal,1.0,19,361,4,0.05,18,,,acbba_topk_5,/home/agxorin/topk_filter_study/simulator/scenarios/final_trial_500.csv,clue_search,00,97,84,85,13,4,0,0,755,98,657,198,557,729,acbba_entry:557;clue:3;collision_intent:97;state:97;target:1,2150,0,completed
338,dcta_parity_v1,topk_filter,aa0724188407797eae5187348bee11ee9f51317c4e8a201863b052786aa2f1df,823213c90703fd83224ad7122ee730ba64af3769ea517af252103bddd907f681,ACBBA,ideal,1.0,19,361,4,0.05,18,,,acbba_topk_5,/home/agxorin/topk_filter_study/simulator/scenarios/final_trial_500.csv,clue_search,01,98,85,76,23,0,0,0,723,98,625,199,524,697,acbba_entry:524;clue:3;collision_intent:98;state:98,2180,0,completed
338,dcta_parity_v1,topk_filter,aa0724188407797eae5187348bee11ee9f51317c4e8a201863b052786aa2f1df,823213c90703fd83224ad7122ee730ba64af3769ea517af252103bddd907f681,ACBBA,ideal,1.0,19,361,4,0.05,18,,,acbba_topk_5,/home/agxorin/topk_filter_study/simulator/scenarios/final_trial_500.csv,clue_search,02,98,85,81,18,6,0,0,722,98,624,199,523,696,acbba_entry:523;clue:3;collision_intent:98;state:98,2182,0,completed
338,dcta_parity_v1,topk_filter,aa0724188407797eae5187348bee11ee9f51317c4e8a201863b052786aa2f1df,823213c90703fd83224ad7122ee730ba64af3769ea517af252103bddd907f681,ACBBA,ideal,1.0,19,361,4,0.05,18,,,acbba_topk_5,/home/agxorin/topk_filter_study/simulator/scenarios/final_trial_500.csv,clue_search,03,97,84,77,21,4,0,0,705,97,608,197,508,679,acbba_entry:508;clue:3;collision_intent:97;state:97,2199,0,completed
339,dcta_parity_v1,topk_filter,aa0724188407797eae5187348bee11ee9f51317c4e8a201863b052786aa2f1df,823213c90703fd83224ad7122ee730ba64af3769ea517af252103bddd907f681,ACBBA,ideal,1.0,19,361,4,0.05,18,,,acbba_topk_5,/home/agxorin/topk_filter_study/simulator/scenarios/final_trial_500.csv,clue_search,00,22,22,22,1,1,0,0,246,22,224,46,200,246,acbba_entry:200;clue:2;collision_intent:22;state:22,710,0,completed
339,dcta_parity_v1,topk_filter,aa0724188407797eae5187348bee11ee9f51317c4e8a201863b052786aa2f1df,823213c90703fd83224ad7122ee730ba64af3769ea517af252103bddd907f681,ACBBA,ideal,1.0,19,361,4,0.05,18,,,acbba_topk_5,/home/agxorin/topk_filter_study/simulator/scenarios/final_trial_500.csv,clue_search,01,22,22,22,1,2,0,0,237,22,215,46,191,237,acbba_entry:191;clue:2;collision_intent:22;state:22,720,0,completed
339,dcta_parity_v1,topk_filter,aa0724188407797eae5187348bee11ee9f51317c4e8a201863b052786aa2f1df,823213c90703fd83224ad7122ee730ba64af3769ea517af252103bddd907f681,ACBBA,ideal,1.0,19,361,4,0.05,18,,,acbba_topk_5,/home/agxorin/topk_filter_study/simulator/scenarios/final_trial_500.csv,clue_search,02,21,21,21,1,0,0,0,234,21,213,44,190,234,acbba_entry:190;clue:2;collision_intent:21;state:21,723,0,completed
339,dcta_parity_v1,topk_filter,aa0724188407797eae5187348bee11ee9f51317c4e8a201863b052786aa2f1df,823213c90703fd83224ad7122ee730ba64af3769ea517af252103bddd907f681,ACBBA,ideal,1.0,19,361,4,0.05,18,,,acbba_topk_5,/home/agxorin/topk_filter_study/simulator/scenarios/final_trial_500.csv,clue_search,03,23,23,24,0,2,0,0,241,24,217,49,192,241,acbba_entry:192;clue:2;collision_intent:23;state:23;target:1,717,0,completed
340,dcta_parity_v1,topk_filter,aa0724188407797eae5187348bee11ee9f51317c4e8a201863b052786aa2f1df,823213c90703fd83224ad7122ee730ba64af3769ea517af252103bddd907f681,ACBBA,ideal,1.0,19,361,4,0.05,18,,,acbba_topk_5,/home/agxorin/topk_filter_study/simulator/scenarios/final_trial_500.csv,clue_search,00,14,5,15,0,0,0,0,62,15,47,30,32,44,acbba_entry:32;clue:1;collision_intent:14;state:14;target:1,163,0,completed
340,dcta_parity_v1,topk_filter,aa0724188407797eae5187348bee11ee9f51317c4e8a201863b052786aa2f1df,823213c90703fd83224ad7122ee730ba64af3769ea517af252103bddd907f681,ACBBA,ideal,1.0,19,361,4,0.05,18,,,acbba_topk_5,/home/agxorin/topk_filter_study/simulator/scenarios/final_trial_500.csv,clue_search,01,14,6,15,0,1,0,0,53,14,39,29,24,37,acbba_entry:24;clue:1;collision_intent:14;state:14,171,0,completed
340,dcta_parity_v1,topk_filter,aa0724188407797eae5187348bee11ee9f51317c4e8a201863b052786aa2f1df,823213c90703fd83224ad7122ee730ba64af3769ea517af252103bddd907f681,ACBBA,ideal,1.0,19,361,4,0.05,18,,,acbba_topk_5,/home/agxorin/topk_filter_study/simulator/scenarios/final_trial_500.csv,clue_search,02,14,5,15,0,0,0,0,53,14,39,29,24,35,acbba_entry:24;clue:1;collision_intent:14;state:14,171,0,completed
340,dcta_parity_v1,topk_filter,aa0724188407797eae5187348bee11ee9f51317c4e8a201863b052786aa2f1df,823213c90703fd83224ad7122ee730ba64af3769ea517af252103bddd907f681,ACBBA,ideal,1.0,19,361,4,0.05,18,,,acbba_topk_5,/home/agxorin/topk_filter_study/simulator/scenarios/final_trial_500.csv,clue_search,03,14,6,15,0,1,0,0,57,14,43,29,28,41,acbba_entry:28;clue:1;collision_intent:14;state:14,168,0,completed
341,dcta_parity_v1,topk_filter,aa0724188407797eae5187348bee11ee9f51317c4e8a201863b052786aa2f1df,823213c90703fd83224ad7122ee730ba64af3769ea517af252103bddd907f681,ACBBA,ideal,1.0,19,361,4,0.05,18,,,acbba_topk_5,/home/agxorin/topk_filter_study/simulator/scenarios/final_trial_500.csv,clue_search,00,2,0,3,0,0,0,0,4,2,2,4,0,0,collision_intent:2;state:2,11,0,completed
341,dcta_parity_v1,topk_filter,aa0724188407797eae5187348bee11ee9f51317c4e8a201863b052786aa2f1df,823213c90703fd83224ad7122ee730ba64af3769ea517af252103bddd907f681,ACBBA,ideal,1.0,19,361,4,0.05,18,,,acbba_topk_5,/home/agxorin/topk_filter_study/simulator/scenarios/final_trial_500.csv,clue_search,01,1,0,2,0,0,0,0,3,2,1,3,0,0,collision_intent:2;state:1,12,0,completed
341,dcta_parity_v1,topk_filter,aa0724188407797eae5187348bee11ee9f51317c4e8a201863b052786aa2f1df,823213c90703fd83224ad7122ee730ba64af3769ea517af252103bddd907f681,ACBBA,ideal,1.0,19,361,4,0.05,18,,,acbba_topk_5,/home/agxorin/topk_filter_study/simulator/scenarios/final_trial_500.csv,clue_search,02,2,0,3,0,0,0,0,4,2,2,4,0,0,collision_intent:2;state:2,11,0,completed
341,dcta_parity_v1,topk_filter,aa0724188407797eae5187348bee11ee9f51317c4e8a201863b052786aa2f1df,823213c90703fd83224ad7122ee730ba64af3769ea517af252103bddd907f681,ACBBA,ideal,1.0,19,361,4,0.05,18,,,acbba_topk_5,/home/agxorin/topk_filter_study/simulator/scenarios/final_trial_500.csv,clue_search,03,2,0,3,0,0,0,0,5,3,2,5,0,0,collision_intent:2;state:2;target:1,11,0,completed
342,dcta_parity_v1,topk_filter,aa0724188407797eae5187348bee11ee9f51317c4e8a201863b052786aa2f1df,823213c90703fd83224ad7122ee730ba64af3769ea517af252103bddd907f681,ACBBA,ideal,1.0,19,361,4,0.05,18,,,acbba_topk_5,/home/agxorin/topk_filter_study/simulator/scenarios/final_trial_500.csv,clue_search,00,9,0,10,0,0,0,0,18,9,9,18,0,0,collision_intent:9;state:9,53,0,completed
342,dcta_parity_v1,topk_filter,aa0724188407797eae5187348bee11ee9f51317c4e8a201863b052786aa2f1df,823213c90703fd83224ad7122ee730ba64af3769ea517af252103bddd907f681,ACBBA,ideal,1.0,19,361,4,0.05,18,,,acbba_topk_5,/home/agxorin/topk_filter_study/simulator/scenarios/final_trial_500.csv,clue_search,01,8,0,9,0,0,0,0,16,8,8,16,0,0,collision_intent:8;state:8,55,0,completed
342,dcta_parity_v1,topk_filter,aa0724188407797eae5187348bee11ee9f51317c4e8a201863b052786aa2f1df,823213c90703fd83224ad7122ee730ba64af3769ea517af252103bddd907f681,ACBBA,ideal,1.0,19,361,4,0.05,18,,,acbba_topk_5,/home/agxorin/topk_filter_study/simulator/scenarios/final_trial_500.csv,clue_search,02,9,0,10,0,0,0,0,18,9,9,18,0,0,collision_intent:9;state:9,51,0,completed
342,dcta_parity_v1,topk_filter,aa0724188407797eae5187348bee11ee9f51317c4e8a201863b052786aa2f1df,823213c90703fd83224ad7122ee730ba64af3769ea517af252103bddd907f681,ACBBA,ideal,1.0,19,361,4,0.05,18,,,acbba_topk_5,/home/agxorin/topk_filter_study/simulator/scenarios/final_trial_500.csv,clue_search,03,9,0,10,0,0,0,0,19,10,9,19,0,0,collision_intent:9;state:9;target:1,52,0,completed
343,dcta_parity_v1,topk_filter,aa0724188407797eae5187348bee11ee9f51317c4e8a201863b052786aa2f1df,823213c90703fd83224ad7122ee730ba64af3769ea517af252103bddd907f681,ACBBA,ideal,1.0,19,361,4,0.05,18,,,acbba_topk_5,/home/agxorin/topk_filter_study/simulator/scenarios/final_trial_500.csv,clue_search,00,16,12,17,0,0,0,0,114,16,98,33,81,106,acbba_entry:81;clue:1;collision_intent:16;state:16,331,0,completed
343,dcta_parity_v1,topk_filter,aa0724188407797eae5187348bee11ee9f51317c4e8a201863b052786aa2f1df,823213c90703fd83224ad7122ee730ba64af3769ea517af252103bddd907f681,ACBBA,ideal,1.0,19,361,4,0.05,18,,,acbba_topk_5,/home/agxorin/topk_filter_study/simulator/scenarios/final_trial_500.csv,clue_search,01,16,13,15,2,3,2,2,110,18,92,35,75,104,acbba_entry:75;clue:1;collision_intent:18;state:16,334,0,completed
343,dcta_parity_v1,topk_filter,aa0724188407797eae5187348bee11ee9f51317c4e8a201863b052786aa2f1df,823213c90703fd83224ad7122ee730ba64af3769ea517af252103bddd907f681,ACBBA,ideal,1.0,19,361,4,0.05,18,,,acbba_topk_5,/home/agxorin/topk_filter_study/simulator/scenarios/final_trial_500.csv,clue_search,02,17,13,18,0,1,0,0,108,17,91,35,73,100,acbba_entry:73;clue:1;collision_intent:17;state:17,336,0,completed
343,dcta_parity_v1,topk_filter,aa0724188407797eae5187348bee11ee9f51317c4e8a201863b052786aa2f1df,823213c90703fd83224ad7122ee730ba64af3769ea517af252103bddd907f681,ACBBA,ideal,1.0,19,361,4,0.05,18,,,acbba_topk_5,/home/agxorin/topk_filter_study/simulator/scenarios/final_trial_500.csv,clue_search,03,18,15,16,3,3,0,0,113,19,94,38,75,107,acbba_entry:75;clue:1;collision_intent:18;state:18;target:1,332,0,completed
344,dcta_parity_v1,topk_filter,aa0724188407797eae5187348bee11ee9f51317c4e8a201863b052786aa2f1df,823213c90703fd83224ad7122ee730ba64af3769ea517af252103bddd907f681,ACBBA,ideal,1.0,19,361,4,0.05,18,,,acbba_topk_5,/home/agxorin/topk_filter_study/simulator/scenarios/final_trial_500.csv,clue_search,00,15,0,16,0,0,0,0,31,16,15,31,0,0,collision_intent:15;state:15;target:1,86,0,completed
344,dcta_parity_v1,topk_filter,aa0724188407797eae5187348bee11ee9f51317c4e8a201863b052786aa2f1df,823213c90703fd83224ad7122ee730ba64af3769ea517af252103bddd907f681,ACBBA,ideal,1.0,19,361,4,0.05,18,,,acbba_topk_5,/home/agxorin/topk_filter_study/simulator/scenarios/final_trial_500.csv,clue_search,01,14,0,15,0,0,0,0,28,14,14,28,0,0,collision_intent:14;state:14,88,0,completed
344,dcta_parity_v1,topk_filter,aa0724188407797eae5187348bee11ee9f51317c4e8a201863b052786aa2f1df,823213c90703fd83224ad7122ee730ba64af3769ea517af252103bddd907f681,ACBBA,ideal,1.0,19,361,4,0.05,18,,,acbba_topk_5,/home/agxorin/topk_filter_study/simulator/scenarios/final_trial_500.csv,clue_search,02,15,0,16,0,0,0,0,30,15,15,30,0,0,collision_intent:15;state:15,86,0,completed
344,dcta_parity_v1,topk_filter,aa0724188407797eae5187348bee11ee9f51317c4e8a201863b052786aa2f1df,823213c90703fd83224ad7122ee730ba64af3769ea517af252103bddd907f681,ACBBA,ideal,1.0,19,361,4,0.05,18,,,acbba_topk_5,/home/agxorin/topk_filter_study/simulator/scenarios/final_trial_500.csv,clue_search,03,14,0,15,0,0,0,0,28,14,14,28,0,0,collision_intent:14;state:14,89,0,completed
345,dcta_parity_v1,topk_filter,aa0724188407797eae5187348bee11ee9f51317c4e8a201863b052786aa2f1df,823213c90703fd83224ad7122ee730ba64af3769ea517af252103bddd907f681,ACBBA,ideal,1.0,19,361,4,0.05,18,,,acbba_topk_5,/home/agxorin/topk_filter_study/simulator/scenarios/final_trial_500.csv,clue_search,00,34,0,35,0,0,0,0,68,34,34,68,0,0,collision_intent:34;state:34,199,0,completed
345,dcta_parity_v1,topk_filter,aa0724188407797eae5187348bee11ee9f51317c4e8a201863b052786aa2f1df,823213c90703fd83224ad7122ee730ba64af3769ea517af252103bddd907f681,ACBBA,ideal,1.0,19,361,4,0.05,18,,,acbba_topk_5,/home/agxorin/topk_filter_study/simulator/scenarios/final_trial_500.csv,clue_search,01,33,0,34,0,0,0,0,66,33,33,66,0,0,collision_intent:33;state:33,201,0,completed
345,dcta_parity_v1,topk_filter,aa0724188407797eae5187348bee11ee9f51317c4e8a201863b052786aa2f1df,823213c90703fd83224ad7122ee730ba64af3769ea517af252103bddd907f681,ACBBA,ideal,1.0,19,361,4,0.05,18,,,acbba_topk_5,/home/agxorin/topk_filter_study/simulator/scenarios/final_trial_500.csv,clue_search,02,34,0,35,0,0,0,0,69,35,34,69,0,0,collision_intent:34;state:34;target:1,200,0,completed
345,dcta_parity_v1,topk_filter,aa0724188407797eae5187348bee11ee9f51317c4e8a201863b052786aa2f1df,823213c90703fd83224ad7122ee730ba64af3769ea517af252103bddd907f681,ACBBA,ideal,1.0,19,361,4,0.05,18,,,acbba_topk_5,/home/agxorin/topk_filter_study/simulator/scenarios/final_trial_500.csv,clue_search,03,33,0,34,0,0,0,0,66,33,33,66,0,0,collision_intent:33;state:33,202,0,completed
346,dcta_parity_v1,topk_filter,aa0724188407797eae5187348bee11ee9f51317c4e8a201863b052786aa2f1df,823213c90703fd83224ad7122ee730ba64af3769ea517af252103bddd907f681,ACBBA,ideal,1.0,19,361,4,0.05,18,,,acbba_topk_5,/home/agxorin/topk_filter_study/simulator/scenarios/final_trial_500.csv,clue_search,00,44,35,42,3,1,0,0,379,45,334,92,287,361,acbba_entry:287;clue:3;collision_intent:44;state:44;target:1,1101,0,completed
346,dcta_parity_v1,topk_filter,aa0724188407797eae5187348bee11ee9f51317c4e8a201863b052786aa2f1df,823213c90703fd83224ad7122ee730ba64af3769ea517af252103bddd907f681,ACBBA,ideal,1.0,19,361,4,0.05,18,,,acbba_topk_5,/home/agxorin/topk_filter_study/simulator/scenarios/final_trial_500.csv,clue_search,01,42,34,41,2,2,0,0,360,42,318,87,273,344,acbba_entry:273;clue:3;collision_intent:42;state:42,1119,0,completed
346,dcta_parity_v1,topk_filter,aa0724188407797eae5187348bee11ee9f51317c4e8a201863b052786aa2f1df,823213c90703fd83224ad7122ee730ba64af3769ea517af252103bddd907f681,ACBBA,ideal,1.0,19,361,4,0.05,18,,,acbba_topk_5,/home/agxorin/topk_filter_study/simulator/scenarios/final_trial_500.csv,clue_search,02,43,34,41,3,0,0,0,374,43,331,89,285,356,acbba_entry:285;clue:3;collision_intent:43;state:43,1105,0,completed
346,dcta_parity_v1,topk_filter,aa0724188407797eae5187348bee11ee9f51317c4e8a201863b052786aa2f1df,823213c90703fd83224ad7122ee730ba64af3769ea517af252103bddd907f681,ACBBA,ideal,1.0,19,361,4,0.05,18,,,acbba_topk_5,/home/agxorin/topk_filter_study/simulator/scenarios/final_trial_500.csv,clue_search,03,44,36,44,1,2,0,0,367,44,323,91,276,351,acbba_entry:276;clue:3;collision_intent:44;state:44,1113,0,completed
347,dcta_parity_v1,topk_filter,aa0724188407797eae5187348bee11ee9f51317c4e8a201863b052786aa2f1df,823213c90703fd83224ad7122ee730ba64af3769ea517af252103bddd907f681,ACBBA,ideal,1.0,19,361,4,0.05,18,,,acbba_topk_5,/home/agxorin/topk_filter_study/simulator/scenarios/final_trial_500.csv,clue_search,00,48,40,45,4,2,0,0,417,48,369,97,320,401,acbba_entry:320;clue:1;collision_intent:48;state:48,1221,0,completed
347,dcta_parity_v1,topk_filter,aa0724188407797eae5187348bee11ee9f51317c4e8a201863b052786aa2f1df,823213c90703fd83224ad7122ee730ba64af3769ea517af252103bddd907f681,ACBBA,ideal,1.0,19,361,4,0.05,18,,,acbba_topk_5,/home/agxorin/topk_filter_study/simulator/scenarios/final_trial_500.csv,clue_search,01,49,42,50,0,3,1,1,443,51,392,101,342,429,acbba_entry:342;clue:1;collision_intent:50;state:49;target:1,1197,0,completed
347,dcta_parity_v1,topk_filter,aa0724188407797eae5187348bee11ee9f51317c4e8a201863b052786aa2f1df,823213c90703fd83224ad7122ee730ba64af3769ea517af252103bddd907f681,ACBBA,ideal,1.0,19,361,4,0.05,18,,,acbba_topk_5,/home/agxorin/topk_filter_study/simulator/scenarios/final_trial_500.csv,clue_search,02,50,43,34,17,5,0,0,389,50,339,101,288,374,acbba_entry:288;clue:1;collision_intent:50;state:50,1250,0,completed
347,dcta_parity_v1,topk_filter,aa0724188407797eae5187348bee11ee9f51317c4e8a201863b052786aa2f1df,823213c90703fd83224ad7122ee730ba64af3769ea517af252103bddd907f681,ACBBA,ideal,1.0,19,361,4,0.05,18,,,acbba_topk_5,/home/agxorin/topk_filter_study/simulator/scenarios/final_trial_500.csv,clue_search,03,50,43,45,6,3,0,0,391,50,341,101,290,377,acbba_entry:290;clue:1;collision_intent:50;state:50,1247,0,completed
348,dcta_parity_v1,topk_filter,aa0724188407797eae5187348bee11ee9f51317c4e8a201863b052786aa2f1df,823213c90703fd83224ad7122ee730ba64af3769ea517af252103bddd907f681,ACBBA,ideal,1.0,19,361,4,0.05,18,,,acbba_topk_5,/home/agxorin/topk_filter_study/simulator/scenarios/final_trial_500.csv,clue_search,00,100,93,82,19,3,0,0,817,100,717,204,613,803,acbba_entry:613;clue:4;collision_intent:100;state:100,2454,0,completed
348,dcta_parity_v1,topk_filter,aa0724188407797eae5187348bee11ee9f51317c4e8a201863b052786aa2f1df,823213c90703fd83224ad7122ee730ba64af3769ea517af252103bddd907f681,ACBBA,ideal,1.0,19,361,4,0.05,18,,,acbba_topk_5,/home/agxorin/topk_filter_study/simulator/scenarios/final_trial_500.csv,clue_search,01,99,93,81,19,6,0,0,824,99,725,202,622,812,acbba_entry:622;clue:4;collision_intent:99;state:99,2446,0,completed
348,dcta_parity_v1,topk_filter,aa0724188407797eae5187348bee11ee9f51317c4e8a201863b052786aa2f1df,823213c90703fd83224ad7122ee730ba64af3769ea517af252103bddd907f681,ACBBA,ideal,1.0,19,361,4,0.05,18,,,acbba_topk_5,/home/agxorin/topk_filter_study/simulator/scenarios/final_trial_500.csv,clue_search,02,95,88,80,16,3,5,2,829,101,728,200,629,815,acbba_entry:629;clue:4;collision_intent:100;state:95;target:1,2442,0,completed
348,dcta_parity_v1,topk_filter,aa0724188407797eae5187348bee11ee9f51317c4e8a201863b052786aa2f1df,823213c90703fd83224ad7122ee730ba64af3769ea517af252103bddd907f681,ACBBA,ideal,1.0,19,361,4,0.05,18,,,acbba_topk_5,/home/agxorin/topk_filter_study/simulator/scenarios/final_trial_500.csv,clue_search,03,97,91,96,2,7,3,1,801,100,701,201,600,789,acbba_entry:600;clue:4;collision_intent:100;state:97,2469,0,completed
349,dcta_parity_v1,topk_filter,aa0724188407797eae5187348bee11ee9f51317c4e8a201863b052786aa2f1df,823213c90703fd83224ad7122ee730ba64af3769ea517af252103bddd907f681,ACBBA,ideal,1.0,19,361,4,0.05,18,,,acbba_topk_5,/home/agxorin/topk_filter_study/simulator/scenarios/final_trial_500.csv,clue_search,00,38,11,39,0,1,0,0,163,38,125,78,85,109,acbba_entry:85;clue:2;collision_intent:38;state:38,511,0,completed
349,dcta_parity_v1,topk_filter,aa0724188407797eae5187348bee11ee9f51317c4e8a201863b052786aa2f1df,823213c90703fd83224ad7122ee730ba64af3769ea517af252103bddd907f681,ACBBA,ideal,1.0,19,361,4,0.05,18,,,acbba_topk_5,/home/agxorin/topk_filter_study/simulator/scenarios/final_trial_500.csv,clue_search,01,37,10,37,1,0,1,1,168,38,130,77,91,114,acbba_entry:91;clue:2;collision_intent:38;state:37,506,0,completed
349,dcta_parity_v1,topk_filter,aa0724188407797eae5187348bee11ee9f51317c4e8a201863b052786aa2f1df,823213c90703fd83224ad7122ee730ba64af3769ea517af252103bddd907f681,ACBBA,ideal,1.0,19,361,4,0.05,18,,,acbba_topk_5,/home/agxorin/topk_filter_study/simulator/scenarios/final_trial_500.csv,clue_search,02,38,11,38,1,1,0,0,171,38,133,78,93,117,acbba_entry:93;clue:2;collision_intent:38;state:38,503,0,completed
349,dcta_parity_v1,topk_filter,aa0724188407797eae5187348bee11ee9f51317c4e8a201863b052786aa2f1df,823213c90703fd83224ad7122ee730ba64af3769ea517af252103bddd907f681,ACBBA,ideal,1.0,19,361,4,0.05,18,,,acbba_topk_5,/home/agxorin/topk_filter_study/simulator/scenarios/final_trial_500.csv,clue_search,03,39,12,37,3,0,0,0,173,40,133,81,92,119,acbba_entry:92;clue:2;collision_intent:39;state:39;target:1,502,0,completed
350,dcta_parity_v1,topk_filter,aa0724188407797eae5187348bee11ee9f51317c4e8a201863b052786aa2f1df,823213c90703fd83224ad7122ee730ba64af3769ea517af252103bddd907f681,ACBBA,ideal,1.0,19,361,4,0.05,18,,,acbba_topk_5,/home/agxorin/topk_filter_study/simulator/scenarios/final_trial_500.csv,clue_search,00,12,0,13,0,0,0,0,25,13,12,25,0,0,collision_intent:12;state:12;target:1,68,0,completed
350,dcta_parity_v1,topk_filter,aa0724188407797eae5187348bee11ee9f51317c4e8a201863b052786aa2f1df,823213c90703fd83224ad7122ee730ba64af3769ea517af252103bddd907f681,ACBBA,ideal,1.0,19,361,4,0.05,18,,,acbba_topk_5,/home/agxorin/topk_filter_study/simulator/scenarios/final_trial_500.csv,clue_search,01,11,0,12,0,0,0,0,22,11,11,22,0,0,collision_intent:11;state:11,70,0,completed
350,dcta_parity_v1,topk_filter,aa0724188407797eae5187348bee11ee9f51317c4e8a201863b052786aa2f1df,823213c90703fd83224ad7122ee730ba64af3769ea517af252103bddd907f681,ACBBA,ideal,1.0,19,361,4,0.05,18,,,acbba_topk_5,/home/agxorin/topk_filter_study/simulator/scenarios/final_trial_500.csv,clue_search,02,12,0,13,0,0,0,0,24,12,12,24,0,0,collision_intent:12;state:12,67,0,completed
350,dcta_parity_v1,topk_filter,aa0724188407797eae5187348bee11ee9f51317c4e8a201863b052786aa2f1df,823213c90703fd83224ad7122ee730ba64af3769ea517af252103bddd907f681,ACBBA,ideal,1.0,19,361,4,0.05,18,,,acbba_topk_5,/home/agxorin/topk_filter_study/simulator/scenarios/final_trial_500.csv,clue_search,03,11,0,12,0,0,0,0,22,11,11,22,0,0,collision_intent:11;state:11,70,0,completed
351,dcta_parity_v1,topk_filter,aa0724188407797eae5187348bee11ee9f51317c4e8a201863b052786aa2f1df,823213c90703fd83224ad7122ee730ba64af3769ea517af252103bddd907f681,ACBBA,ideal,1.0,19,361,4,0.05,18,,,acbba_topk_5,/home/agxorin/topk_filter_study/simulator/scenarios/final_trial_500.csv,clue_search,00,39,0,40,0,0,0,0,79,40,39,79,0,0,collision_intent:39;state:39;target:1,233,0,completed
351,dcta_parity_v1,topk_filter,aa0724188407797eae5187348bee11ee9f51317c4e8a201863b052786aa2f1df,823213c90703fd83224ad7122ee730ba64af3769ea517af252103bddd907f681,ACBBA,ideal,1.0,19,361,4,0.05,18,,,acbba_topk_5,/home/agxorin/topk_filter_study/simulator/scenarios/final_trial_500.csv,clue_search,01,39,0,40,0,0,0,0,78,39,39,78,0,0,collision_intent:39;state:39,233,0,completed
351,dcta_parity_v1,topk_filter,aa0724188407797eae5187348bee11ee9f51317c4e8a201863b052786aa2f1df,823213c90703fd83224ad7122ee730ba64af3769ea517af252103bddd907f681,ACBBA,ideal,1.0,19,361,4,0.05,18,,,acbba_topk_5,/home/agxorin/topk_filter_study/simulator/scenarios/final_trial_500.csv,clue_search,02,38,0,39,0,0,0,0,77,39,38,77,0,0,collision_intent:39;state:38,234,0,completed
351,dcta_parity_v1,topk_filter,aa0724188407797eae5187348bee11ee9f51317c4e8a201863b052786aa2f1df,823213c90703fd83224ad7122ee730ba64af3769ea517af252103bddd907f681,ACBBA,ideal,1.0,19,361,4,0.05,18,,,acbba_topk_5,/home/agxorin/topk_filter_study/simulator/scenarios/final_trial_500.csv,clue_search,03,39,0,40,0,0,0,0,78,39,39,78,0,0,collision_intent:39;state:39,232,0,completed
352,dcta_parity_v1,topk_filter,aa0724188407797eae5187348bee11ee9f51317c4e8a201863b052786aa2f1df,823213c90703fd83224ad7122ee730ba64af3769ea517af252103bddd907f681,ACBBA,ideal,1.0,19,361,4,0.05,18,,,acbba_topk_5,/home/agxorin/topk_filter_study/simulator/scenarios/final_trial_500.csv,clue_search,00,32,4,33,0,1,0,0,96,32,64,66,30,40,acbba_entry:30;clue:2;collision_intent:32;state:32,291,0,completed
352,dcta_parity_v1,topk_filter,aa0724188407797eae5187348bee11ee9f51317c4e8a201863b052786aa2f1df,823213c90703fd83224ad7122ee730ba64af3769ea517af252103bddd907f681,ACBBA,ideal,1.0,19,361,4,0.05,18,,,acbba_topk_5,/home/agxorin/topk_filter_study/simulator/scenarios/final_trial_500.csv,clue_search,01,32,5,33,0,1,0,0,101,33,68,67,34,47,acbba_entry:34;clue:2;collision_intent:32;state:32;target:1,284,0,completed
352,dcta_parity_v1,topk_filter,aa0724188407797eae5187348bee11ee9f51317c4e8a201863b052786aa2f1df,823213c90703fd83224ad7122ee730ba64af3769ea517af252103bddd907f681,ACBBA,ideal,1.0,19,361,4,0.05,18,,,acbba_topk_5,/home/agxorin/topk_filter_study/simulator/scenarios/final_trial_500.csv,clue_search,02,31,3,32,0,0,0,0,100,32,68,65,35,44,acbba_entry:35;clue:2;collision_intent:32;state:31,287,0,completed
352,dcta_parity_v1,topk_filter,aa0724188407797eae5187348bee11ee9f51317c4e8a201863b052786aa2f1df,823213c90703fd83224ad7122ee730ba64af3769ea517af252103bddd907f681,ACBBA,ideal,1.0,19,361,4,0.05,18,,,acbba_topk_5,/home/agxorin/topk_filter_study/simulator/scenarios/final_trial_500.csv,clue_search,03,31,4,31,1,0,0,0,91,31,60,64,27,37,acbba_entry:27;clue:2;collision_intent:31;state:31,296,0,completed
353,dcta_parity_v1,topk_filter,aa0724188407797eae5187348bee11ee9f51317c4e8a201863b052786aa2f1df,823213c90703fd83224ad7122ee730ba64af3769ea517af252103bddd907f681,ACBBA,ideal,1.0,19,361,4,0.05,18,,,acbba_topk_5,/home/agxorin/topk_filter_study/simulator/scenarios/final_trial_500.csv,clue_search,00,48,42,39,10,1,0,0,402,49,353,99,303,390,acbba_entry:303;clue:2;collision_intent:49;state:48,1273,0,completed
353,dcta_parity_v1,topk_filter,aa0724188407797eae5187348bee11ee9f51317c4e8a201863b052786aa2f1df,823213c90703fd83224ad7122ee730ba64af3769ea517af252103bddd907f681,ACBBA,ideal,1.0,19,361,4,0.05,18,,,acbba_topk_5,/home/agxorin/topk_filter_study/simulator/scenarios/final_trial_500.csv,clue_search,01,48,42,46,3,0,0,0,436,49,387,99,337,424,acbba_entry:337;clue:2;collision_intent:49;state:48,1240,0,completed
353,dcta_parity_v1,topk_filter,aa0724188407797eae5187348bee11ee9f51317c4e8a201863b052786aa2f1df,823213c90703fd83224ad7122ee730ba64af3769ea517af252103bddd907f681,ACBBA,ideal,1.0,19,361,4,0.05,18,,,acbba_topk_5,/home/agxorin/topk_filter_study/simulator/scenarios/final_trial_500.csv,clue_search,02,49,43,35,15,5,1,1,409,51,358,102,307,397,acbba_entry:307;clue:2;collision_intent:51;state:49,1268,0,completed
353,dcta_parity_v1,topk_filter,aa0724188407797eae5187348bee11ee9f51317c4e8a201863b052786aa2f1df,823213c90703fd83224ad7122ee730ba64af3769ea517af252103bddd907f681,ACBBA,ideal,1.0,19,361,4,0.05,18,,,acbba_topk_5,/home/agxorin/topk_filter_study/simulator/scenarios/final_trial_500.csv,clue_search,03,50,44,42,9,8,0,0,430,51,379,103,327,418,acbba_entry:327;clue:2;collision_intent:50;state:50;target:1,1247,0,completed
354,dcta_parity_v1,topk_filter,aa0724188407797eae5187348bee11ee9f51317c4e8a201863b052786aa2f1df,823213c90703fd83224ad7122ee730ba64af3769ea517af252103bddd907f681,ACBBA,ideal,1.0,19,361,4,0.05,18,,,acbba_topk_5,/home/agxorin/topk_filter_study/simulator/scenarios/final_trial_500.csv,clue_search,00,18,12,19,0,1,0,0,138,18,120,37,101,126,acbba_entry:101;clue:1;collision_intent:18;state:18,401,0,completed
354,dcta_parity_v1,topk_filter,aa0724188407797eae5187348bee11ee9f51317c4e8a201863b052786aa2f1df,823213c90703fd83224ad7122ee730ba64af3769ea517af252103bddd907f681,ACBBA,ideal,1.0,19,361,4,0.05,18,,,acbba_topk_5,/home/agxorin/topk_filter_study/simulator/scenarios/final_trial_500.csv,clue_search,01,18,12,16,3,0,0,0,138,19,119,38,100,126,acbba_entry:100;clue:1;collision_intent:18;state:18;target:1,401,0,completed
354,dcta_parity_v1,topk_filter,aa0724188407797eae5187348bee11ee9f51317c4e8a201863b052786aa2f1df,823213c90703fd83224ad7122ee730ba64af3769ea517af252103bddd907f681,ACBBA,ideal,1.0,19,361,4,0.05,18,,,acbba_topk_5,/home/agxorin/topk_filter_study/simulator/scenarios/final_trial_500.csv,clue_search,02,18,12,17,2,1,0,0,125,18,107,37,88,113,acbba_entry:88;clue:1;collision_intent:18;state:18,412,0,completed
354,dcta_parity_v1,topk_filter,aa0724188407797eae5187348bee11ee9f51317c4e8a201863b052786aa2f1df,823213c90703fd83224ad7122ee730ba64af3769ea517af252103bddd907f681,ACBBA,ideal,1.0,19,361,4,0.05,18,,,acbba_topk_5,/home/agxorin/topk_filter_study/simulator/scenarios/final_trial_500.csv,clue_search,03,18,12,18,1,2,0,0,138,18,120,37,101,126,acbba_entry:101;clue:1;collision_intent:18;state:18,399,0,completed
355,dcta_parity_v1,topk_filter,aa0724188407797eae5187348bee11ee9f51317c4e8a201863b052786aa2f1df,823213c90703fd83224ad7122ee730ba64af3769ea517af252103bddd907f681,ACBBA,ideal,1.0,19,361,4,0.05,18,,,acbba_topk_5,/home/agxorin/topk_filter_study/simulator/scenarios/final_trial_500.csv,clue_search,00,20,3,21,0,1,0,0,61,20,41,42,19,27,acbba_entry:19;clue:2;collision_intent:20;state:20,192,0,completed
355,dcta_parity_v1,topk_filter,aa0724188407797eae5187348bee11ee9f51317c4e8a201863b052786aa2f1df,823213c90703fd83224ad7122ee730ba64af3769ea517af252103bddd907f681,ACBBA,ideal,1.0,19,361,4,0.05,18,,,acbba_topk_5,/home/agxorin/topk_filter_study/simulator/scenarios/final_trial_500.csv,clue_search,01,20,3,21,0,0,0,0,67,21,46,43,24,33,acbba_entry:24;clue:2;collision_intent:20;state:20;target:1,187,0,completed
355,dcta_parity_v1,topk_filter,aa0724188407797eae5187348bee11ee9f51317c4e8a201863b052786aa2f1df,823213c90703fd83224ad7122ee730ba64af3769ea517af252103bddd907f681,ACBBA,ideal,1.0,19,361,4,0.05,18,,,acbba_topk_5,/home/agxorin/topk_filter_study/simulator/scenarios/final_trial_500.csv,clue_search,02,20,3,21,0,0,0,0,61,20,41,42,19,27,acbba_entry:19;clue:2;collision_intent:20;state:20,192,0,completed
355,dcta_parity_v1,topk_filter,aa0724188407797eae5187348bee11ee9f51317c4e8a201863b052786aa2f1df,823213c90703fd83224ad7122ee730ba64af3769ea517af252103bddd907f681,ACBBA,ideal,1.0,19,361,4,0.05,18,,,acbba_topk_5,/home/agxorin/topk_filter_study/simulator/scenarios/final_trial_500.csv,clue_search,03,20,4,21,0,1,0,0,65,20,45,42,23,32,acbba_entry:23;clue:2;collision_intent:20;state:20,188,0,completed
356,dcta_parity_v1,topk_filter,aa0724188407797eae5187348bee11ee9f51317c4e8a201863b052786aa2f1df,823213c90703fd83224ad7122ee730ba64af3769ea517af252103bddd907f681,ACBBA,ideal,1.0,19,361,4,0.05,18,,,acbba_topk_5,/home/agxorin/topk_filter_study/simulator/scenarios/final_trial_500.csv,clue_search,00,41,31,40,2,1,0,0,299,41,258,84,215,279,acbba_entry:215;clue:2;collision_intent:41;state:41,932,0,completed
356,dcta_parity_v1,topk_filter,aa0724188407797eae5187348bee11ee9f51317c4e8a201863b052786aa2f1df,823213c90703fd83224ad7122ee730ba64af3769ea517af252103bddd907f681,ACBBA,ideal,1.0,19,361,4,0.05,18,,,acbba_topk_5,/home/agxorin/topk_filter_study/simulator/scenarios/final_trial_500.csv,clue_search,01,39,30,38,2,1,0,0,309,39,270,80,229,291,acbba_entry:229;clue:2;collision_intent:39;state:39,921,0,completed
356,dcta_parity_v1,topk_filter,aa0724188407797eae5187348bee11ee9f51317c4e8a201863b052786aa2f1df,823213c90703fd83224ad7122ee730ba64af3769ea517af252103bddd907f681,ACBBA,ideal,1.0,19,361,4,0.05,18,,,acbba_topk_5,/home/agxorin/topk_filter_study/simulator/scenarios/final_trial_500.csv,clue_search,02,41,31,41,1,1,0,0,306,41,265,84,222,286,acbba_entry:222;clue:2;collision_intent:41;state:41,925,0,completed
356,dcta_parity_v1,topk_filter,aa0724188407797eae5187348bee11ee9f51317c4e8a201863b052786aa2f1df,823213c90703fd83224ad7122ee730ba64af3769ea517af252103bddd907f681,ACBBA,ideal,1.0,19,361,4,0.05,18,,,acbba_topk_5,/home/agxorin/topk_filter_study/simulator/scenarios/final_trial_500.csv,clue_search,03,40,30,39,2,0,0,0,318,41,277,83,235,298,acbba_entry:235;clue:2;collision_intent:40;state:40;target:1,914,0,completed
357,dcta_parity_v1,topk_filter,aa0724188407797eae5187348bee11ee9f51317c4e8a201863b052786aa2f1df,823213c90703fd83224ad7122ee730ba64af3769ea517af252103bddd907f681,ACBBA,ideal,1.0,19,361,4,0.05,18,,,acbba_topk_5,/home/agxorin/topk_filter_study/simulator/scenarios/final_trial_500.csv,clue_search,00,108,102,98,11,5,3,2,970,111,859,222,748,958,acbba_entry:748;clue:3;collision_intent:111;state:108,2825,0,completed
357,dcta_parity_v1,topk_filter,aa0724188407797eae5187348bee11ee9f51317c4e8a201863b052786aa2f1df,823213c90703fd83224ad7122ee730ba64af3769ea517af252103bddd907f681,ACBBA,ideal,1.0,19,361,4,0.05,18,,,acbba_topk_5,/home/agxorin/topk_filter_study/simulator/scenarios/final_trial_500.csv,clue_search,01,106,101,76,31,3,0,0,916,107,809,216,700,906,acbba_entry:700;clue:3;collision_intent:107;state:106,2880,0,completed
357,dcta_parity_v1,topk_filter,aa0724188407797eae5187348bee11ee9f51317c4e8a201863b052786aa2f1df,823213c90703fd83224ad7122ee730ba64af3769ea517af252103bddd907f681,ACBBA,ideal,1.0,19,361,4,0.05,18,,,acbba_topk_5,/home/agxorin/topk_filter_study/simulator/scenarios/final_trial_500.csv,clue_search,02,109,103,57,53,6,2,2,949,112,837,224,725,937,acbba_entry:725;clue:3;collision_intent:111;state:109;target:1,2847,0,completed
357,dcta_parity_v1,topk_filter,aa0724188407797eae5187348bee11ee9f51317c4e8a201863b052786aa2f1df,823213c90703fd83224ad7122ee730ba64af3769ea517af252103bddd907f681,ACBBA,ideal,1.0,19,361,4,0.05,18,,,acbba_topk_5,/home/agxorin/topk_filter_study/simulator/scenarios/final_trial_500.csv,clue_search,03,107,101,95,13,8,0,0,961,107,854,217,744,949,acbba_entry:744;clue:3;collision_intent:107;state:107,2835,0,completed
358,dcta_parity_v1,topk_filter,aa0724188407797eae5187348bee11ee9f51317c4e8a201863b052786aa2f1df,823213c90703fd83224ad7122ee730ba64af3769ea517af252103bddd907f681,ACBBA,ideal,1.0,19,361,4,0.05,18,,,acbba_topk_5,/home/agxorin/topk_filter_study/simulator/scenarios/final_trial_500.csv,clue_search,00,66,38,65,2,1,0,0,397,66,331,134,263,341,acbba_entry:263;clue:2;collision_intent:66;state:66,1182,0,completed
358,dcta_parity_v1,topk_filter,aa0724188407797eae5187348bee11ee9f51317c4e8a201863b052786aa2f1df,823213c90703fd83224ad7122ee730ba64af3769ea517af252103bddd907f681,ACBBA,ideal,1.0,19,361,4,0.05,18,,,acbba_topk_5,/home/agxorin/topk_filter_study/simulator/scenarios/final_trial_500.csv,clue_search,01,65,37,61,5,1,0,0,395,66,329,133,262,339,acbba_entry:262;clue:2;collision_intent:65;state:65;target:1,1184,0,completed
358,dcta_parity_v1,topk_filter,aa0724188407797eae5187348bee11ee9f51317c4e8a201863b052786aa2f1df,823213c90703fd83224ad7122ee730ba64af3769ea517af252103bddd907f681,ACBBA,ideal,1.0,19,361,4,0.05,18,,,acbba_topk_5,/home/agxorin/topk_filter_study/simulator/scenarios/final_trial_500.csv,clue_search,02,66,38,60,7,1,0,0,408,66,342,134,274,352,acbba_entry:274;clue:2;collision_intent:66;state:66,1170,0,completed
358,dcta_parity_v1,topk_filter,aa0724188407797eae5187348bee11ee9f51317c4e8a201863b052786aa2f1df,823213c90703fd83224ad7122ee730ba64af3769ea517af252103bddd907f681,ACBBA,ideal,1.0,19,361,4,0.05,18,,,acbba_topk_5,/home/agxorin/topk_filter_study/simulator/scenarios/final_trial_500.csv,clue_search,03,66,39,59,8,2,2,2,379,69,310,137,242,324,acbba_entry:242;clue:2;collision_intent:69;state:66,1198,0,completed
359,dcta_parity_v1,topk_filter,aa0724188407797eae5187348bee11ee9f51317c4e8a201863b052786aa2f1df,823213c90703fd83224ad7122ee730ba64af3769ea517af252103bddd907f681,ACBBA,ideal,1.0,19,361,4,0.05,18,,,acbba_topk_5,/home/agxorin/topk_filter_study/simulator/scenarios/final_trial_500.csv,clue_search,00,170,167,148,23,1,0,0,1072,171,901,344,728,1066,acbba_entry:728;clue:3;collision_intent:170;state:170;target:1,2880,0,completed
359,dcta_parity_v1,topk_filter,aa0724188407797eae5187348bee11ee9f51317c4e8a201863b052786aa2f1df,823213c90703fd83224ad7122ee730ba64af3769ea517af252103bddd907f681,ACBBA,ideal,1.0,19,361,4,0.05,18,,,acbba_topk_5,/home/agxorin/topk_filter_study/simulator/scenarios/final_trial_500.csv,clue_search,01,169,166,138,32,10,1,1,1065,170,895,342,723,1059,acbba_entry:723;clue:3;collision_intent:170;state:169,2886,0,completed
359,dcta_parity_v1,topk_filter,aa0724188407797eae5187348bee11ee9f51317c4e8a201863b052786aa2f1df,823213c90703fd83224ad7122ee730ba64af3769ea517af252103bddd907f681,ACBBA,ideal,1.0,19,361,4,0.05,18,,,acbba_topk_5,/home/agxorin/topk_filter_study/simulator/scenarios/final_trial_500.csv,clue_search,02,136,133,16,121,2,81,81,919,217,702,356,563,913,acbba_entry:563;clue:3;collision_intent:217;state:136,3032,0,completed
359,dcta_parity_v1,topk_filter,aa0724188407797eae5187348bee11ee9f51317c4e8a201863b052786aa2f1df,823213c90703fd83224ad7122ee730ba64af3769ea517af252103bddd907f681,ACBBA,ideal,1.0,19,361,4,0.05,18,,,acbba_topk_5,/home/agxorin/topk_filter_study/simulator/scenarios/final_trial_500.csv,clue_search,03,135,132,16,120,1,67,67,896,202,694,340,556,890,acbba_entry:556;clue:3;collision_intent:202;state:135,3055,0,completed
360,dcta_parity_v1,topk_filter,aa0724188407797eae5187348bee11ee9f51317c4e8a201863b052786aa2f1df,823213c90703fd83224ad7122ee730ba64af3769ea517af252103bddd907f681,ACBBA,ideal,1.0,19,361,4,0.05,18,,,acbba_topk_5,/home/agxorin/topk_filter_study/simulator/scenarios/final_trial_500.csv,clue_search,00,75,51,69,7,0,0,0,488,75,413,152,336,440,acbba_entry:336;clue:2;collision_intent:75;state:75,1516,0,completed
360,dcta_parity_v1,topk_filter,aa0724188407797eae5187348bee11ee9f51317c4e8a201863b052786aa2f1df,823213c90703fd83224ad7122ee730ba64af3769ea517af252103bddd907f681,ACBBA,ideal,1.0,19,361,4,0.05,18,,,acbba_topk_5,/home/agxorin/topk_filter_study/simulator/scenarios/final_trial_500.csv,clue_search,01,74,50,64,11,3,0,0,511,75,436,151,360,463,acbba_entry:360;clue:2;collision_intent:74;state:74;target:1,1494,0,completed
360,dcta_parity_v1,topk_filter,aa0724188407797eae5187348bee11ee9f51317c4e8a201863b052786aa2f1df,823213c90703fd83224ad7122ee730ba64af3769ea517af252103bddd907f681,ACBBA,ideal,1.0,19,361,4,0.05,18,,,acbba_topk_5,/home/agxorin/topk_filter_study/simulator/scenarios/final_trial_500.csv,clue_search,02,73,48,67,7,2,0,0,502,74,428,149,353,452,acbba_entry:353;clue:2;collision_intent:74;state:73,1501,0,completed
360,dcta_parity_v1,topk_filter,aa0724188407797eae5187348bee11ee9f51317c4e8a201863b052786aa2f1df,823213c90703fd83224ad7122ee730ba64af3769ea517af252103bddd907f681,ACBBA,ideal,1.0,19,361,4,0.05,18,,,acbba_topk_5,/home/agxorin/topk_filter_study/simulator/scenarios/final_trial_500.csv,clue_search,03,75,50,64,12,4,0,0,504,75,429,152,352,454,acbba_entry:352;clue:2;collision_intent:75;state:75,1501,0,completed
361,dcta_parity_v1,topk_filter,aa0724188407797eae5187348bee11ee9f51317c4e8a201863b052786aa2f1df,823213c90703fd83224ad7122ee730ba64af3769ea517af252103bddd907f681,ACBBA,ideal,1.0,19,361,4,0.05,18,,,acbba_topk_5,/home/agxorin/topk_filter_study/simulator/scenarios/final_trial_500.csv,clue_search,00,8,5,9,0,1,0,0,48,8,40,17,31,42,acbba_entry:31;clue:1;collision_intent:8;state:8,138,0,completed
361,dcta_parity_v1,topk_filter,aa0724188407797eae5187348bee11ee9f51317c4e8a201863b052786aa2f1df,823213c90703fd83224ad7122ee730ba64af3769ea517af252103bddd907f681,ACBBA,ideal,1.0,19,361,4,0.05,18,,,acbba_topk_5,/home/agxorin/topk_filter_study/simulator/scenarios/final_trial_500.csv,clue_search,01,7,4,8,0,0,0,0,43,7,36,15,28,37,acbba_entry:28;clue:1;collision_intent:7;state:7,144,0,completed
361,dcta_parity_v1,topk_filter,aa0724188407797eae5187348bee11ee9f51317c4e8a201863b052786aa2f1df,823213c90703fd83224ad7122ee730ba64af3769ea517af252103bddd907f681,ACBBA,ideal,1.0,19,361,4,0.05,18,,,acbba_topk_5,/home/agxorin/topk_filter_study/simulator/scenarios/final_trial_500.csv,clue_search,02,8,5,9,0,1,0,0,49,9,40,18,31,43,acbba_entry:31;clue:1;collision_intent:8;state:8;target:1,138,0,completed
361,dcta_parity_v1,topk_filter,aa0724188407797eae5187348bee11ee9f51317c4e8a201863b052786aa2f1df,823213c90703fd83224ad7122ee730ba64af3769ea517af252103bddd907f681,ACBBA,ideal,1.0,19,361,4,0.05,18,,,acbba_topk_5,/home/agxorin/topk_filter_study/simulator/scenarios/final_trial_500.csv,clue_search,03,8,5,8,1,2,0,0,47,8,39,17,30,41,acbba_entry:30;clue:1;collision_intent:8;state:8,138,0,completed
362,dcta_parity_v1,topk_filter,aa0724188407797eae5187348bee11ee9f51317c4e8a201863b052786aa2f1df,823213c90703fd83224ad7122ee730ba64af3769ea517af252103bddd907f681,ACBBA,ideal,1.0,19,361,4,0.05,18,,,acbba_topk_5,/home/agxorin/topk_filter_study/simulator/scenarios/final_trial_500.csv,clue_search,00,40,23,41,0,0,0,0,252,40,212,81,171,218,acbba_entry:171;clue:1;collision_intent:40;state:40,786,0,completed
362,dcta_parity_v1,topk_filter,aa0724188407797eae5187348bee11ee9f51317c4e8a201863b052786aa2f1df,823213c90703fd83224ad7122ee730ba64af3769ea517af252103bddd907f681,ACBBA,ideal,1.0,19,361,4,0.05,18,,,acbba_topk_5,/home/agxorin/topk_filter_study/simulator/scenarios/final_trial_500.csv,clue_search,01,39,22,39,1,0,1,1,260,40,220,80,180,226,acbba_entry:180;clue:1;collision_intent:40;state:39,777,0,completed
362,dcta_parity_v1,topk_filter,aa0724188407797eae5187348bee11ee9f51317c4e8a201863b052786aa2f1df,823213c90703fd83224ad7122ee730ba64af3769ea517af252103bddd907f681,ACBBA,ideal,1.0,19,361,4,0.05,18,,,acbba_topk_5,/home/agxorin/topk_filter_study/simulator/scenarios/final_trial_500.csv,clue_search,02,40,23,39,2,0,0,0,262,41,221,82,180,228,acbba_entry:180;clue:1;collision_intent:40;state:40;target:1,776,0,completed
362,dcta_parity_v1,topk_filter,aa0724188407797eae5187348bee11ee9f51317c4e8a201863b052786aa2f1df,823213c90703fd83224ad7122ee730ba64af3769ea517af252103bddd907f681,ACBBA,ideal,1.0,19,361,4,0.05,18,,,acbba_topk_5,/home/agxorin/topk_filter_study/simulator/scenarios/final_trial_500.csv,clue_search,03,39,23,37,3,1,0,0,264,40,224,80,184,231,acbba_entry:184;clue:1;collision_intent:40;state:39,774,0,completed
363,dcta_parity_v1,topk_filter,aa0724188407797eae5187348bee11ee9f51317c4e8a201863b052786aa2f1df,823213c90703fd83224ad7122ee730ba64af3769ea517af252103bddd907f681,ACBBA,ideal,1.0,19,361,4,0.05,18,,,acbba_topk_5,/home/agxorin/topk_filter_study/simulator/scenarios/final_trial_500.csv,clue_search,00,40,21,39,2,0,0,0,243,40,203,81,162,205,acbba_entry:162;clue:1;collision_intent:40;state:40,752,0,completed
363,dcta_parity_v1,topk_filter,aa0724188407797eae5187348bee11ee9f51317c4e8a201863b052786aa2f1df,823213c90703fd83224ad7122ee730ba64af3769ea517af252103bddd907f681,ACBBA,ideal,1.0,19,361,4,0.05,18,,,acbba_topk_5,/home/agxorin/topk_filter_study/simulator/scenarios/final_trial_500.csv,clue_search,01,40,22,33,8,1,0,0,243,40,203,81,162,207,acbba_entry:162;clue:1;collision_intent:40;state:40,751,0,completed
363,dcta_parity_v1,topk_filter,aa0724188407797eae5187348bee11ee9f51317c4e8a201863b052786aa2f1df,823213c90703fd83224ad7122ee730ba64af3769ea517af252103bddd907f681,ACBBA,ideal,1.0,19,361,4,0.05,18,,,acbba_topk_5,/home/agxorin/topk_filter_study/simulator/scenarios/final_trial_500.csv,clue_search,02,40,21,39,2,0,0,0,258,41,217,82,176,220,acbba_entry:176;clue:1;collision_intent:40;state:40;target:1,737,0,completed
363,dcta_parity_v1,topk_filter,aa0724188407797eae5187348bee11ee9f51317c4e8a201863b052786aa2f1df,823213c90703fd83224ad7122ee730ba64af3769ea517af252103bddd907f681,ACBBA,ideal,1.0,19,361,4,0.05,18,,,acbba_topk_5,/home/agxorin/topk_filter_study/simulator/scenarios/final_trial_500.csv,clue_search,03,40,21,40,1,0,0,0,251,40,211,81,170,213,acbba_entry:170;clue:1;collision_intent:40;state:40,743,0,completed
364,dcta_parity_v1,topk_filter,aa0724188407797eae5187348bee11ee9f51317c4e8a201863b052786aa2f1df,823213c90703fd83224ad7122ee730ba64af3769ea517af252103bddd907f681,ACBBA,ideal,1.0,19,361,4,0.05,18,,,acbba_topk_5,/home/agxorin/topk_filter_study/simulator/scenarios/final_trial_500.csv,clue_search,00,78,73,75,4,6,0,0,683,79,604,161,522,673,acbba_entry:522;clue:4;collision_intent:78;state:78;target:1,2099,0,completed
364,dcta_parity_v1,topk_filter,aa0724188407797eae5187348bee11ee9f51317c4e8a201863b052786aa2f1df,823213c90703fd83224ad7122ee730ba64af3769ea517af252103bddd907f681,ACBBA,ideal,1.0,19,361,4,0.05,18,,,acbba_topk_5,/home/agxorin/topk_filter_study/simulator/scenarios/final_trial_500.csv,clue_search,01,75,70,65,11,3,0,0,685,75,610,154,531,675,acbba_entry:531;clue:4;collision_intent:75;state:75,2097,0,completed
364,dcta_parity_v1,topk_filter,aa0724188407797eae5187348bee11ee9f51317c4e8a201863b052786aa2f1df,823213c90703fd83224ad7122ee730ba64af3769ea517af252103bddd907f681,ACBBA,ideal,1.0,19,361,4,0.05,18,,,acbba_topk_5,/home/agxorin/topk_filter_study/simulator/scenarios/final_trial_500.csv,clue_search,02,76,70,62,15,3,2,2,694,78,616,158,536,682,acbba_entry:536;clue:4;collision_intent:78;state:76,2088,0,completed
364,dcta_parity_v1,topk_filter,aa0724188407797eae5187348bee11ee9f51317c4e8a201863b052786aa2f1df,823213c90703fd83224ad7122ee730ba64af3769ea517af252103bddd907f681,ACBBA,ideal,1.0,19,361,4,0.05,18,,,acbba_topk_5,/home/agxorin/topk_filter_study/simulator/scenarios/final_trial_500.csv,clue_search,03,75,70,60,16,16,3,2,720,78,642,157,563,710,acbba_entry:563;clue:4;collision_intent:78;state:75,2062,0,completed
365,dcta_parity_v1,topk_filter,aa0724188407797eae5187348bee11ee9f51317c4e8a201863b052786aa2f1df,823213c90703fd83224ad7122ee730ba64af3769ea517af252103bddd907f681,ACBBA,ideal,1.0,19,361,4,0.05,18,,,acbba_topk_5,/home/agxorin/topk_filter_study/simulator/scenarios/final_trial_500.csv,clue_search,00,27,12,28,0,0,0,0,146,27,119,58,88,116,acbba_entry:88;clue:4;collision_intent:27;state:27,423,0,completed
365,dcta_parity_v1,topk_filter,aa0724188407797eae5187348bee11ee9f51317c4e8a201863b052786aa2f1df,823213c90703fd83224ad7122ee730ba64af3769ea517af252103bddd907f681,ACBBA,ideal,1.0,19,361,4,0.05,18,,,acbba_topk_5,/home/agxorin/topk_filter_study/simulator/scenarios/final_trial_500.csv,clue_search,01,26,11,26,1,2,1,1,146,27,119,57,89,116,acbba_entry:89;clue:4;collision_intent:27;state:26,425,0,completed
365,dcta_parity_v1,topk_filter,aa0724188407797eae5187348bee11ee9f51317c4e8a201863b052786aa2f1df,823213c90703fd83224ad7122ee730ba64af3769ea517af252103bddd907f681,ACBBA,ideal,1.0,19,361,4,0.05,18,,,acbba_topk_5,/home/agxorin/topk_filter_study/simulator/scenarios/final_trial_500.csv,clue_search,02,27,12,27,1,1,0,0,146,28,118,59,87,116,acbba_entry:87;clue:4;collision_intent:27;state:27;target:1,425,0,completed
365,dcta_parity_v1,topk_filter,aa0724188407797eae5187348bee11ee9f51317c4e8a201863b052786aa2f1df,823213c90703fd83224ad7122ee730ba64af3769ea517af252103bddd907f681,ACBBA,ideal,1.0,19,361,4,0.05,18,,,acbba_topk_5,/home/agxorin/topk_filter_study/simulator/scenarios/final_trial_500.csv,clue_search,03,26,11,24,3,2,1,1,133,27,106,57,76,103,acbba_entry:76;clue:4;collision_intent:27;state:26,438,0,completed
366,dcta_parity_v1,topk_filter,aa0724188407797eae5187348bee11ee9f51317c4e8a201863b052786aa2f1df,823213c90703fd83224ad7122ee730ba64af3769ea517af252103bddd907f681,ACBBA,ideal,1.0,19,361,4,0.05,18,,,acbba_topk_5,/home/agxorin/topk_filter_study/simulator/scenarios/final_trial_500.csv,clue_search,00,83,73,79,5,0,0,0,649,84,565,170,479,629,acbba_entry:479;clue:3;collision_intent:83;state:83;target:1,1891,0,completed
366,dcta_parity_v1,topk_filter,aa0724188407797eae5187348bee11ee9f51317c4e8a201863b052786aa2f1df,823213c90703fd83224ad7122ee730ba64af3769ea517af252103bddd907f681,ACBBA,ideal,1.0,19,361,4,0.05,18,,,acbba_topk_5,/home/agxorin/topk_filter_study/simulator/scenarios/final_trial_500.csv,clue_search,01,83,73,75,9,4,0,0,619,83,536,169,450,599,acbba_entry:450;clue:3;collision_intent:83;state:83,1921,0,completed
366,dcta_parity_v1,topk_filter,aa0724188407797eae5187348bee11ee9f51317c4e8a201863b052786aa2f1df,823213c90703fd83224ad7122ee730ba64af3769ea517af252103bddd907f681,ACBBA,ideal,1.0,19,361,4,0.05,18,,,acbba_topk_5,/home/agxorin/topk_filter_study/simulator/scenarios/final_trial_500.csv,clue_search,02,83,73,63,21,6,1,1,642,84,558,170,472,622,acbba_entry:472;clue:3;collision_intent:84;state:83,1897,0,completed
366,dcta_parity_v1,topk_filter,aa0724188407797eae5187348bee11ee9f51317c4e8a201863b052786aa2f1df,823213c90703fd83224ad7122ee730ba64af3769ea517af252103bddd907f681,ACBBA,ideal,1.0,19,361,4,0.05,18,,,acbba_topk_5,/home/agxorin/topk_filter_study/simulator/scenarios/final_trial_500.csv,clue_search,03,81,71,66,16,2,1,1,630,82,548,166,464,610,acbba_entry:464;clue:3;collision_intent:82;state:81,1908,0,completed
367,dcta_parity_v1,topk_filter,aa0724188407797eae5187348bee11ee9f51317c4e8a201863b052786aa2f1df,823213c90703fd83224ad7122ee730ba64af3769ea517af252103bddd907f681,ACBBA,ideal,1.0,19,361,4,0.05,18,,,acbba_topk_5,/home/agxorin/topk_filter_study/simulator/scenarios/final_trial_500.csv,clue_search,00,20,12,21,0,1,0,0,123,21,102,42,81,107,acbba_entry:81;clue:1;collision_intent:21;state:20,378,0,completed
367,dcta_parity_v1,topk_filter,aa0724188407797eae5187348bee11ee9f51317c4e8a201863b052786aa2f1df,823213c90703fd83224ad7122ee730ba64af3769ea517af252103bddd907f681,ACBBA,ideal,1.0,19,361,4,0.05,18,,,acbba_topk_5,/home/agxorin/topk_filter_study/simulator/scenarios/final_trial_500.csv,clue_search,01,20,12,19,2,2,0,0,124,20,104,41,83,108,acbba_entry:83;clue:1;collision_intent:20;state:20,377,0,completed
367,dcta_parity_v1,topk_filter,aa0724188407797eae5187348bee11ee9f51317c4e8a201863b052786aa2f1df,823213c90703fd83224ad7122ee730ba64af3769ea517af252103bddd907f681,ACBBA,ideal,1.0,19,361,4,0.05,18,,,acbba_topk_5,/home/agxorin/topk_filter_study/simulator/scenarios/final_trial_500.csv,clue_search,02,20,11,20,1,0,0,0,123,20,103,41,82,105,acbba_entry:82;clue:1;collision_intent:20;state:20,377,0,completed
367,dcta_parity_v1,topk_filter,aa0724188407797eae5187348bee11ee9f51317c4e8a201863b052786aa2f1df,823213c90703fd83224ad7122ee730ba64af3769ea517af252103bddd907f681,ACBBA,ideal,1.0,19,361,4,0.05,18,,,acbba_topk_5,/home/agxorin/topk_filter_study/simulator/scenarios/final_trial_500.csv,clue_search,03,20,12,20,1,2,0,0,131,21,110,42,89,115,acbba_entry:89;clue:1;collision_intent:20;state:20;target:1,370,0,completed
368,dcta_parity_v1,topk_filter,aa0724188407797eae5187348bee11ee9f51317c4e8a201863b052786aa2f1df,823213c90703fd83224ad7122ee730ba64af3769ea517af252103bddd907f681,ACBBA,ideal,1.0,19,361,4,0.05,18,,,acbba_topk_5,/home/agxorin/topk_filter_study/simulator/scenarios/final_trial_500.csv,clue_search,00,102,98,77,26,0,0,0,852,102,750,207,645,843,acbba_entry:645;clue:3;collision_intent:102;state:102,2625,0,completed
368,dcta_parity_v1,topk_filter,aa0724188407797eae5187348bee11ee9f51317c4e8a201863b052786aa2f1df,823213c90703fd83224ad7122ee730ba64af3769ea517af252103bddd907f681,ACBBA,ideal,1.0,19,361,4,0.05,18,,,acbba_topk_5,/home/agxorin/topk_filter_study/simulator/scenarios/final_trial_500.csv,clue_search,01,99,95,93,7,2,1,1,893,101,792,203,690,885,acbba_entry:690;clue:3;collision_intent:100;state:99;target:1,2585,0,completed
368,dcta_parity_v1,topk_filter,aa0724188407797eae5187348bee11ee9f51317c4e8a201863b052786aa2f1df,823213c90703fd83224ad7122ee730ba64af3769ea517af252103bddd907f681,ACBBA,ideal,1.0,19,361,4,0.05,18,,,acbba_topk_5,/home/agxorin/topk_filter_study/simulator/scenarios/final_trial_500.csv,clue_search,02,102,97,70,33,2,0,0,861,102,759,207,654,851,acbba_entry:654;clue:3;collision_intent:102;state:102,2616,0,completed
368,dcta_parity_v1,topk_filter,aa0724188407797eae5187348bee11ee9f51317c4e8a201863b052786aa2f1df,823213c90703fd83224ad7122ee730ba64af3769ea517af252103bddd907f681,ACBBA,ideal,1.0,19,361,4,0.05,18,,,acbba_topk_5,/home/agxorin/topk_filter_study/simulator/scenarios/final_trial_500.csv,clue_search,03,101,97,85,17,7,1,1,872,102,770,206,666,864,acbba_entry:666;clue:3;collision_intent:102;state:101,2604,0,completed
369,dcta_parity_v1,topk_filter,aa0724188407797eae5187348bee11ee9f51317c4e8a201863b052786aa2f1df,823213c90703fd83224ad7122ee730ba64af3769ea517af252103bddd907f681,ACBBA,ideal,1.0,19,361,4,0.05,18,,,acbba_topk_5,/home/agxorin/topk_filter_study/simulator/scenarios/final_trial_500.csv,clue_search,00,18,0,19,0,0,0,0,36,18,18,36,0,0,collision_intent:18;state:18,105,0,completed
369,dcta_parity_v1,topk_filter,aa0724188407797eae5187348bee11ee9f51317c4e8a201863b052786aa2f1df,823213c90703fd83224ad7122ee730ba64af3769ea517af252103bddd907f681,ACBBA,ideal,1.0,19,361,4,0.05,18,,,acbba_topk_5,/home/agxorin/topk_filter_study/simulator/scenarios/final_trial_500.csv,clue_search,01,17,0,18,0,0,0,0,34,17,17,34,0,0,collision_intent:17;state:17,107,0,completed
369,dcta_parity_v1,topk_filter,aa0724188407797eae5187348bee11ee9f51317c4e8a201863b052786aa2f1df,823213c90703fd83224ad7122ee730ba64af3769ea517af252103bddd907f681,ACBBA,ideal,1.0,19,361,4,0.05,18,,,acbba_topk_5,/home/agxorin/topk_filter_study/simulator/scenarios/final_trial_500.csv,clue_search,02,18,0,19,0,0,0,0,37,19,18,37,0,0,collision_intent:18;state:18;target:1,104,0,completed
369,dcta_parity_v1,topk_filter,aa0724188407797eae5187348bee11ee9f51317c4e8a201863b052786aa2f1df,823213c90703fd83224ad7122ee730ba64af3769ea517af252103bddd907f681,ACBBA,ideal,1.0,19,361,4,0.05,18,,,acbba_topk_5,/home/agxorin/topk_filter_study/simulator/scenarios/final_trial_500.csv,clue_search,03,17,0,18,0,0,0,0,34,17,17,34,0,0,collision_intent:17;state:17,107,0,completed
370,dcta_parity_v1,topk_filter,aa0724188407797eae5187348bee11ee9f51317c4e8a201863b052786aa2f1df,823213c90703fd83224ad7122ee730ba64af3769ea517af252103bddd907f681,ACBBA,ideal,1.0,19,361,4,0.05,18,,,acbba_topk_5,/home/agxorin/topk_filter_study/simulator/scenarios/final_trial_500.csv,clue_search,00,93,39,87,7,1,0,0,462,93,369,189,273,354,acbba_entry:273;clue:3;collision_intent:93;state:93,1383,0,completed
370,dcta_parity_v1,topk_filter,aa0724188407797eae5187348bee11ee9f51317c4e8a201863b052786aa2f1df,823213c90703fd83224ad7122ee730ba64af3769ea517af252103bddd907f681,ACBBA,ideal,1.0,19,361,4,0.05,18,,,acbba_topk_5,/home/agxorin/topk_filter_study/simulator/scenarios/final_trial_500.csv,clue_search,01,93,39,78,16,1,4,4,468,98,370,194,274,360,acbba_entry:274;clue:3;collision_intent:97;state:93;target:1,1377,0,completed
370,dcta_parity_v1,topk_filter,aa0724188407797eae5187348bee11ee9f51317c4e8a201863b052786aa2f1df,823213c90703fd83224ad7122ee730ba64af3769ea517af252103bddd907f681,ACBBA,ideal,1.0,19,361,4,0.05,18,,,acbba_topk_5,/home/agxorin/topk_filter_study/simulator/scenarios/final_trial_500.csv,clue_search,02,95,40,74,22,9,0,0,457,95,362,193,264,347,acbba_entry:264;clue:3;collision_intent:95;state:95,1387,0,completed
370,dcta_parity_v1,topk_filter,aa0724188407797eae5187348bee11ee9f51317c4e8a201863b052786aa2f1df,823213c90703fd83224ad7122ee730ba64af3769ea517af252103bddd907f681,ACBBA,ideal,1.0,19,361,4,0.05,18,,,acbba_topk_5,/home/agxorin/topk_filter_study/simulator/scenarios/final_trial_500.csv,clue_search,03,94,40,73,22,5,0,0,458,94,364,191,267,350,acbba_entry:267;clue:3;collision_intent:94;state:94,1387,0,completed
371,dcta_parity_v1,topk_filter,aa0724188407797eae5187348bee11ee9f51317c4e8a201863b052786aa2f1df,823213c90703fd83224ad7122ee730ba64af3769ea517af252103bddd907f681,ACBBA,ideal,1.0,19,361,4,0.05,18,,,acbba_topk_5,/home/agxorin/topk_filter_study/simulator/scenarios/final_trial_500.csv,clue_search,00,32,19,33,0,2,1,1,251,33,218,67,184,225,acbba_entry:184;clue:2;collision_intent:33;state:32,734,0,completed
371,dcta_parity_v1,topk_filter,aa0724188407797eae5187348bee11ee9f51317c4e8a201863b052786aa2f1df,823213c90703fd83224ad7122ee730ba64af3769ea517af252103bddd907f681,ACBBA,ideal,1.0,19,361,4,0.05,18,,,acbba_topk_5,/home/agxorin/topk_filter_study/simulator/scenarios/final_trial_500.csv,clue_search,01,32,19,32,1,1,0,0,240,32,208,66,174,214,acbba_entry:174;clue:2;collision_intent:32;state:32,744,0,completed
371,dcta_parity_v1,topk_filter,aa0724188407797eae5187348bee11ee9f51317c4e8a201863b052786aa2f1df,823213c90703fd83224ad7122ee730ba64af3769ea517af252103bddd907f681,ACBBA,ideal,1.0,19,361,4,0.05,18,,,acbba_topk_5,/home/agxorin/topk_filter_study/simulator/scenarios/final_trial_500.csv,clue_search,02,32,19,32,1,2,2,2,253,35,218,69,184,227,acbba_entry:184;clue:2;collision_intent:34;state:32;target:1,732,0,completed
371,dcta_parity_v1,topk_filter,aa0724188407797eae5187348bee11ee9f51317c4e8a201863b052786aa2f1df,823213c90703fd83224ad7122ee730ba64af3769ea517af252103bddd907f681,ACBBA,ideal,1.0,19,361,4,0.05,18,,,acbba_topk_5,/home/agxorin/topk_filter_study/simulator/scenarios/final_trial_500.csv,clue_search,03,32,20,31,2,2,0,0,241,32,209,66,175,217,acbba_entry:175;clue:2;collision_intent:32;state:32,743,0,completed
372,dcta_parity_v1,topk_filter,aa0724188407797eae5187348bee11ee9f51317c4e8a201863b052786aa2f1df,823213c90703fd83224ad7122ee730ba64af3769ea517af252103bddd907f681,ACBBA,ideal,1.0,19,361,4,0.05,18,,,acbba_topk_5,/home/agxorin/topk_filter_study/simulator/scenarios/final_trial_500.csv,clue_search,00,86,83,76,11,2,1,1,827,88,739,177,650,821,acbba_entry:650;clue:3;collision_intent:87;state:86;target:1,2466,0,completed
372,dcta_parity_v1,topk_filter,aa0724188407797eae5187348bee11ee9f51317c4e8a201863b052786aa2f1df,823213c90703fd83224ad7122ee730ba64af3769ea517af252103bddd907f681,ACBBA,ideal,1.0,19,361,4,0.05,18,,,acbba_topk_5,/home/agxorin/topk_filter_study/simulator/scenarios/final_trial_500.csv,clue_search,01,85,83,65,21,2,0,0,817,85,732,173,644,813,acbba_entry:644;clue:3;collision_intent:85;state:85,2474,0,completed
372,dcta_parity_v1,topk_filter,aa0724188407797eae5187348bee11ee9f51317c4e8a201863b052786aa2f1df,823213c90703fd83224ad7122ee730ba64af3769ea517af252103bddd907f681,ACBBA,ideal,1.0,19,361,4,0.05,18,,,acbba_topk_5,/home/agxorin/topk_filter_study/simulator/scenarios/final_trial_500.csv,clue_search,02,86,83,71,16,4,0,0,821,86,735,175,646,815,acbba_entry:646;clue:3;collision_intent:86;state:86,2471,0,completed
372,dcta_parity_v1,topk_filter,aa0724188407797eae5187348bee11ee9f51317c4e8a201863b052786aa2f1df,823213c90703fd83224ad7122ee730ba64af3769ea517af252103bddd907f681,ACBBA,ideal,1.0,19,361,4,0.05,18,,,acbba_topk_5,/home/agxorin/topk_filter_study/simulator/scenarios/final_trial_500.csv,clue_search,03,84,81,74,11,10,2,2,828,86,742,173,655,822,acbba_entry:655;clue:3;collision_intent:86;state:84,2464,0,completed
373,dcta_parity_v1,topk_filter,aa0724188407797eae5187348bee11ee9f51317c4e8a201863b052786aa2f1df,823213c90703fd83224ad7122ee730ba64af3769ea517af252103bddd907f681,ACBBA,ideal,1.0,19,361,4,0.05,18,,,acbba_topk_5,/home/agxorin/topk_filter_study/simulator/scenarios/final_trial_500.csv,clue_search,00,75,61,74,2,2,0,0,671,76,595,154,517,643,acbba_entry:517;clue:3;collision_intent:76;state:75,1916,0,completed
373,dcta_parity_v1,topk_filter,aa0724188407797eae5187348bee11ee9f51317c4e8a201863b052786aa2f1df,823213c90703fd83224ad7122ee730ba64af3769ea517af252103bddd907f681,ACBBA,ideal,1.0,19,361,4,0.05,18,,,acbba_topk_5,/home/agxorin/topk_filter_study/simulator/scenarios/final_trial_500.csv,clue_search,01,78,65,56,23,2,2,2,638,80,558,161,477,612,acbba_entry:477;clue:3;collision_intent:80;state:78,1948,0,completed
373,dcta_parity_v1,topk_filter,aa0724188407797eae5187348bee11ee9f51317c4e8a201863b052786aa2f1df,823213c90703fd83224ad7122ee730ba64af3769ea517af252103bddd907f681,ACBBA,ideal,1.0,19,361,4,0.05,18,,,acbba_topk_5,/home/agxorin/topk_filter_study/simulator/scenarios/final_trial_500.csv,clue_search,02,79,66,75,5,5,0,0,648,79,569,161,487,622,acbba_entry:487;clue:3;collision_intent:79;state:79,1939,0,completed
373,dcta_parity_v1,topk_filter,aa0724188407797eae5187348bee11ee9f51317c4e8a201863b052786aa2f1df,823213c90703fd83224ad7122ee730ba64af3769ea517af252103bddd907f681,ACBBA,ideal,1.0,19,361,4,0.05,18,,,acbba_topk_5,/home/agxorin/topk_filter_study/simulator/scenarios/final_trial_500.csv,clue_search,03,79,66,68,12,5,0,0,630,80,550,162,468,604,acbba_entry:468;clue:3;collision_intent:79;state:79;target:1,1957,0,completed
374,dcta_parity_v1,topk_filter,aa0724188407797eae5187348bee11ee9f51317c4e8a201863b052786aa2f1df,823213c90703fd83224ad7122ee730ba64af3769ea517af252103bddd907f681,ACBBA,ideal,1.0,19,361,4,0.05,18,,,acbba_topk_5,/home/agxorin/topk_filter_study/simulator/scenarios/final_trial_500.csv,clue_search,00,33,16,31,3,1,0,0,197,33,164,68,129,163,acbba_entry:129;clue:2;collision_intent:33;state:33,582,0,completed
374,dcta_parity_v1,topk_filter,aa0724188407797eae5187348bee11ee9f51317c4e8a201863b052786aa2f1df,823213c90703fd83224ad7122ee730ba64af3769ea517af252103bddd907f681,ACBBA,ideal,1.0,19,361,4,0.05,18,,,acbba_topk_5,/home/agxorin/topk_filter_study/simulator/scenarios/final_trial_500.csv,clue_search,01,32,15,28,5,2,1,1,193,33,160,67,126,159,acbba_entry:126;clue:2;collision_intent:33;state:32,587,0,completed
374,dcta_parity_v1,topk_filter,aa0724188407797eae5187348bee11ee9f51317c4e8a201863b052786aa2f1df,823213c90703fd83224ad7122ee730ba64af3769ea517af252103bddd907f681,ACBBA,ideal,1.0,19,361,4,0.05,18,,,acbba_topk_5,/home/agxorin/topk_filter_study/simulator/scenarios/final_trial_500.csv,clue_search,02,33,16,31,3,1,0,0,194,34,160,69,125,160,acbba_entry:125;clue:2;collision_intent:33;state:33;target:1,587,0,completed
374,dcta_parity_v1,topk_filter,aa0724188407797eae5187348bee11ee9f51317c4e8a201863b052786aa2f1df,823213c90703fd83224ad7122ee730ba64af3769ea517af252103bddd907f681,ACBBA,ideal,1.0,19,361,4,0.05,18,,,acbba_topk_5,/home/agxorin/topk_filter_study/simulator/scenarios/final_trial_500.csv,clue_search,03,33,17,32,2,2,0,0,197,33,164,68,129,165,acbba_entry:129;clue:2;collision_intent:33;state:33,583,0,completed
375,dcta_parity_v1,topk_filter,aa0724188407797eae5187348bee11ee9f51317c4e8a201863b052786aa2f1df,823213c90703fd83224ad7122ee730ba64af3769ea517af252103bddd907f681,ACBBA,ideal,1.0,19,361,4,0.05,18,,,acbba_topk_5,/home/agxorin/topk_filter_study/simulator/scenarios/final_trial_500.csv,clue_search,00,11,1,12,0,0,0,0,27,12,15,24,3,7,acbba_entry:3;clue:1;collision_intent:11;state:11;target:1,73,0,completed
375,dcta_parity_v1,topk_filter,aa0724188407797eae5187348bee11ee9f51317c4e8a201863b052786aa2f1df,823213c90703fd83224ad7122ee730ba64af3769ea517af252103bddd907f681,ACBBA,ideal,1.0,19,361,4,0.05,18,,,acbba_topk_5,/home/agxorin/topk_filter_study/simulator/scenarios/final_trial_500.csv,clue_search,01,10,1,11,0,0,0,0,24,10,14,21,3,6,acbba_entry:3;clue:1;collision_intent:10;state:10,74,0,completed
375,dcta_parity_v1,topk_filter,aa0724188407797eae5187348bee11ee9f51317c4e8a201863b052786aa2f1df,823213c90703fd83224ad7122ee730ba64af3769ea517af252103bddd907f681,ACBBA,ideal,1.0,19,361,4,0.05,18,,,acbba_topk_5,/home/agxorin/topk_filter_study/simulator/scenarios/final_trial_500.csv,clue_search,02,10,0,11,0,0,0,0,25,11,14,22,3,5,acbba_entry:3;clue:1;collision_intent:11;state:10,75,0,completed
375,dcta_parity_v1,topk_filter,aa0724188407797eae5187348bee11ee9f51317c4e8a201863b052786aa2f1df,823213c90703fd83224ad7122ee730ba64af3769ea517af252103bddd907f681,ACBBA,ideal,1.0,19,361,4,0.05,18,,,acbba_topk_5,/home/agxorin/topk_filter_study/simulator/scenarios/final_trial_500.csv,clue_search,03,10,1,11,0,0,0,0,24,10,14,21,3,6,acbba_entry:3;clue:1;collision_intent:10;state:10,76,0,completed
376,dcta_parity_v1,topk_filter,aa0724188407797eae5187348bee11ee9f51317c4e8a201863b052786aa2f1df,823213c90703fd83224ad7122ee730ba64af3769ea517af252103bddd907f681,ACBBA,ideal,1.0,19,361,4,0.05,18,,,acbba_topk_5,/home/agxorin/topk_filter_study/simulator/scenarios/final_trial_500.csv,clue_search,00,31,30,26,6,0,3,2,295,34,261,66,229,293,acbba_entry:229;clue:1;collision_intent:34;state:31,874,0,completed
376,dcta_parity_v1,topk_filter,aa0724188407797eae5187348bee11ee9f51317c4e8a201863b052786aa2f1df,823213c90703fd83224ad7122ee730ba64af3769ea517af252103bddd907f681,ACBBA,ideal,1.0,19,361,4,0.05,18,,,acbba_topk_5,/home/agxorin/topk_filter_study/simulator/scenarios/final_trial_500.csv,clue_search,01,31,30,28,4,1,0,0,286,31,255,63,223,284,acbba_entry:223;clue:1;collision_intent:31;state:31,881,0,completed
376,dcta_parity_v1,topk_filter,aa0724188407797eae5187348bee11ee9f51317c4e8a201863b052786aa2f1df,823213c90703fd83224ad7122ee730ba64af3769ea517af252103bddd907f681,ACBBA,ideal,1.0,19,361,4,0.05,18,,,acbba_topk_5,/home/agxorin/topk_filter_study/simulator/scenarios/final_trial_500.csv,clue_search,02,33,32,24,10,0,0,0,284,34,250,68,216,282,acbba_entry:216;clue:1;collision_intent:33;state:33;target:1,885,0,completed
376,dcta_parity_v1,topk_filter,aa0724188407797eae5187348bee11ee9f51317c4e8a201863b052786aa2f1df,823213c90703fd83224ad7122ee730ba64af3769ea517af252103bddd907f681,ACBBA,ideal,1.0,19,361,4,0.05,18,,,acbba_topk_5,/home/agxorin/topk_filter_study/simulator/scenarios/final_trial_500.csv,clue_search,03,33,33,32,2,2,0,0,304,33,271,67,237,303,acbba_entry:237;clue:1;collision_intent:33;state:33,863,0,completed
377,dcta_parity_v1,topk_filter,aa0724188407797eae5187348bee11ee9f51317c4e8a201863b052786aa2f1df,823213c90703fd83224ad7122ee730ba64af3769ea517af252103bddd907f681,ACBBA,ideal,1.0,19,361,4,0.05,18,,,acbba_topk_5,/home/agxorin/topk_filter_study/simulator/scenarios/final_trial_500.csv,clue_search,00,66,17,67,0,0,1,1,276,68,208,136,140,178,acbba_entry:140;clue:2;collision_intent:67;state:66;target:1,800,0,completed
377,dcta_parity_v1,topk_filter,aa0724188407797eae5187348bee11ee9f51317c4e8a201863b052786aa2f1df,823213c90703fd83224ad7122ee730ba64af3769ea517af252103bddd907f681,ACBBA,ideal,1.0,19,361,4,0.05,18,,,acbba_topk_5,/home/agxorin/topk_filter_study/simulator/scenarios/final_trial_500.csv,clue_search,01,66,18,65,2,2,0,0,274,66,208,134,140,178,acbba_entry:140;clue:2;collision_intent:66;state:66,801,0,completed
377,dcta_parity_v1,topk_filter,aa0724188407797eae5187348bee11ee9f51317c4e8a201863b052786aa2f1df,823213c90703fd83224ad7122ee730ba64af3769ea517af252103bddd907f681,ACBBA,ideal,1.0,19,361,4,0.05,18,,,acbba_topk_5,/home/agxorin/topk_filter_study/simulator/scenarios/final_trial_500.csv,clue_search,02,67,18,60,8,0,2,2,268,69,199,138,130,170,acbba_entry:130;clue:2;collision_intent:69;state:67,806,0,completed
377,dcta_parity_v1,topk_filter,aa0724188407797eae5187348bee11ee9f51317c4e8a201863b052786aa2f1df,823213c90703fd83224ad7122ee730ba64af3769ea517af252103bddd907f681,ACBBA,ideal,1.0,19,361,4,0.05,18,,,acbba_topk_5,/home/agxorin/topk_filter_study/simulator/scenarios/final_trial_500.csv,clue_search,03,67,19,60,8,3,0,0,258,67,191,136,122,162,acbba_entry:122;clue:2;collision_intent:67;state:67,818,0,completed
378,dcta_parity_v1,topk_filter,aa0724188407797eae5187348bee11ee9f51317c4e8a201863b052786aa2f1df,823213c90703fd83224ad7122ee730ba64af3769ea517af252103bddd907f681,ACBBA,ideal,1.0,19,361,4,0.05,18,,,acbba_topk_5,/home/agxorin/topk_filter_study/simulator/scenarios/final_trial_500.csv,clue_search,00,64,62,64,1,2,0,0,636,65,571,133,503,632,acbba_entry:503;clue:4;collision_intent:65;state:64,1859,0,completed
378,dcta_parity_v1,topk_filter,aa0724188407797eae5187348bee11ee9f51317c4e8a201863b052786aa2f1df,823213c90703fd83224ad7122ee730ba64af3769ea517af252103bddd907f681,ACBBA,ideal,1.0,19,361,4,0.05,18,,,acbba_topk_5,/home/agxorin/topk_filter_study/simulator/scenarios/final_trial_500.csv,clue_search,01,64,63,45,20,8,5,3,637,69,568,137,500,634,acbba_entry:500;clue:4;collision_intent:69;state:64,1859,0,completed
378,dcta_parity_v1,topk_filter,aa0724188407797eae5187348bee11ee9f51317c4e8a201863b052786aa2f1df,823213c90703fd83224ad7122ee730ba64af3769ea517af252103bddd907f681,ACBBA,ideal,1.0,19,361,4,0.05,18,,,acbba_topk_5,/home/agxorin/topk_filter_study/simulator/scenarios/final_trial_500.csv,clue_search,02,67,65,62,6,1,0,0,614,68,546,139,475,610,acbba_entry:475;clue:4;collision_intent:67;state:67;target:1,1883,0,completed
378,dcta_parity_v1,topk_filter,aa0724188407797eae5187348bee11ee9f51317c4e8a201863b052786aa2f1df,823213c90703fd83224ad7122ee730ba64af3769ea517af252103bddd907f681,ACBBA,ideal,1.0,19,361,4,0.05,18,,,acbba_topk_5,/home/agxorin/topk_filter_study/simulator/scenarios/final_trial_500.csv,clue_search,03,67,66,54,14,8,2,2,610,69,541,140,470,608,acbba_entry:470;clue:4;collision_intent:69;state:67,1887,0,completed
379,dcta_parity_v1,topk_filter,aa0724188407797eae5187348bee11ee9f51317c4e8a201863b052786aa2f1df,823213c90703fd83224ad7122ee730ba64af3769ea517af252103bddd907f681,ACBBA,ideal,1.0,19,361,4,0.05,18,,,acbba_topk_5,/home/agxorin/topk_filter_study/simulator/scenarios/final_trial_500.csv,clue_search,00,76,60,56,21,2,1,1,619,77,542,155,464,587,acbba_entry:464;clue:2;collision_intent:77;state:76,1858,0,completed
379,dcta_parity_v1,topk_filter,aa0724188407797eae5187348bee11ee9f51317c4e8a201863b052786aa2f1df,823213c90703fd83224ad7122ee730ba64af3769ea517af252103bddd907f681,ACBBA,ideal,1.0,19,361,4,0.05,18,,,acbba_topk_5,/home/agxorin/topk_filter_study/simulator/scenarios/final_trial_500.csv,clue_search,01,75,60,70,6,3,2,2,620,77,543,154,466,590,acbba_entry:466;clue:2;collision_intent:77;state:75,1858,0,completed
379,dcta_parity_v1,topk_filter,aa0724188407797eae5187348bee11ee9f51317c4e8a201863b052786aa2f1df,823213c90703fd83224ad7122ee730ba64af3769ea517af252103bddd907f681,ACBBA,ideal,1.0,19,361,4,0.05,18,,,acbba_topk_5,/home/agxorin/topk_filter_study/simulator/scenarios/final_trial_500.csv,clue_search,02,75,60,65,11,6,4,4,622,79,543,156,466,592,acbba_entry:466;clue:2;collision_intent:79;state:75,1856,0,completed
379,dcta_parity_v1,topk_filter,aa0724188407797eae5187348bee11ee9f51317c4e8a201863b052786aa2f1df,823213c90703fd83224ad7122ee730ba64af3769ea517af252103bddd907f681,ACBBA,ideal,1.0,19,361,4,0.05,18,,,acbba_topk_5,/home/agxorin/topk_filter_study/simulator/scenarios/final_trial_500.csv,clue_search,03,76,61,70,7,9,0,0,617,77,540,155,462,587,acbba_entry:462;clue:2;collision_intent:76;state:76;target:1,1861,0,completed
380,dcta_parity_v1,topk_filter,aa0724188407797eae5187348bee11ee9f51317c4e8a201863b052786aa2f1df,823213c90703fd83224ad7122ee730ba64af3769ea517af252103bddd907f681,ACBBA,ideal,1.0,19,361,4,0.05,18,,,acbba_topk_5,/home/agxorin/topk_filter_study/simulator/scenarios/final_trial_500.csv,clue_search,00,21,10,22,0,2,0,0,101,21,80,43,58,79,acbba_entry:58;clue:1;collision_intent:21;state:21,317,0,completed
380,dcta_parity_v1,topk_filter,aa0724188407797eae5187348bee11ee9f51317c4e8a201863b052786aa2f1df,823213c90703fd83224ad7122ee730ba64af3769ea517af252103bddd907f681,ACBBA,ideal,1.0,19,361,4,0.05,18,,,acbba_topk_5,/home/agxorin/topk_filter_study/simulator/scenarios/final_trial_500.csv,clue_search,01,20,10,19,2,1,0,0,101,20,81,41,60,81,acbba_entry:60;clue:1;collision_intent:20;state:20,316,0,completed
380,dcta_parity_v1,topk_filter,aa0724188407797eae5187348bee11ee9f51317c4e8a201863b052786aa2f1df,823213c90703fd83224ad7122ee730ba64af3769ea517af252103bddd907f681,ACBBA,ideal,1.0,19,361,4,0.05,18,,,acbba_topk_5,/home/agxorin/topk_filter_study/simulator/scenarios/final_trial_500.csv,clue_search,02,20,9,19,2,1,2,1,112,23,89,44,68,90,acbba_entry:68;clue:1;collision_intent:22;state:20;target:1,306,0,completed
380,dcta_parity_v1,topk_filter,aa0724188407797eae5187348bee11ee9f51317c4e8a201863b052786aa2f1df,823213c90703fd83224ad7122ee730ba64af3769ea517af252103bddd907f681,ACBBA,ideal,1.0,19,361,4,0.05,18,,,acbba_topk_5,/home/agxorin/topk_filter_study/simulator/scenarios/final_trial_500.csv,clue_search,03,19,9,17,3,3,1,1,104,20,84,40,64,84,acbba_entry:64;clue:1;collision_intent:20;state:19,312,0,completed
381,dcta_parity_v1,topk_filter,aa0724188407797eae5187348bee11ee9f51317c4e8a201863b052786aa2f1df,823213c90703fd83224ad7122ee730ba64af3769ea517af252103bddd907f681,ACBBA,ideal,1.0,19,361,4,0.05,18,,,acbba_topk_5,/home/agxorin/topk_filter_study/simulator/scenarios/final_trial_500.csv,clue_search,00,34,29,32,3,0,0,0,268,34,234,70,198,258,acbba_entry:198;clue:2;collision_intent:34;state:34,786,0,completed
381,dcta_parity_v1,topk_filter,aa0724188407797eae5187348bee11ee9f51317c4e8a201863b052786aa2f1df,823213c90703fd83224ad7122ee730ba64af3769ea517af252103bddd907f681,ACBBA,ideal,1.0,19,361,4,0.05,18,,,acbba_topk_5,/home/agxorin/topk_filter_study/simulator/scenarios/final_trial_500.csv,clue_search,01,33,28,31,3,0,0,0,260,33,227,68,192,250,acbba_entry:192;clue:2;collision_intent:33;state:33,794,0,completed
381,dcta_parity_v1,topk_filter,aa0724188407797eae5187348bee11ee9f51317c4e8a201863b052786aa2f1df,823213c90703fd83224ad7122ee730ba64af3769ea517af252103bddd907f681,ACBBA,ideal,1.0,19,361,4,0.05,18,,,acbba_topk_5,/home/agxorin/topk_filter_study/simulator/scenarios/final_trial_500.csv,clue_search,02,33,28,26,8,1,2,2,254,35,219,70,184,244,acbba_entry:184;clue:2;collision_intent:35;state:33,800,0,completed
381,dcta_parity_v1,topk_filter,aa0724188407797eae5187348bee11ee9f51317c4e8a201863b052786aa2f1df,823213c90703fd83224ad7122ee730ba64af3769ea517af252103bddd907f681,ACBBA,ideal,1.0,19,361,4,0.05,18,,,acbba_topk_5,/home/agxorin/topk_filter_study/simulator/scenarios/final_trial_500.csv,clue_search,03,34,29,30,5,2,0,0,273,35,238,71,202,263,acbba_entry:202;clue:2;collision_intent:34;state:34;target:1,782,0,completed
382,dcta_parity_v1,topk_filter,aa0724188407797eae5187348bee11ee9f51317c4e8a201863b052786aa2f1df,823213c90703fd83224ad7122ee730ba64af3769ea517af252103bddd907f681,ACBBA,ideal,1.0,19,361,4,0.05,18,,,acbba_topk_5,/home/agxorin/topk_filter_study/simulator/scenarios/final_trial_500.csv,clue_search,00,3,0,4,0,0,0,0,7,4,3,7,0,0,collision_intent:3;state:3;target:1,13,0,completed
382,dcta_parity_v1,topk_filter,aa0724188407797eae5187348bee11ee9f51317c4e8a201863b052786aa2f1df,823213c90703fd83224ad7122ee730ba64af3769ea517af252103bddd907f681,ACBBA,ideal,1.0,19,361,4,0.05,18,,,acbba_topk_5,/home/agxorin/topk_filter_study/simulator/scenarios/final_trial_500.csv,clue_search,01,2,0,3,0,0,0,0,4,2,2,4,0,0,collision_intent:2;state:2,15,0,completed
382,dcta_parity_v1,topk_filter,aa0724188407797eae5187348bee11ee9f51317c4e8a201863b052786aa2f1df,823213c90703fd83224ad7122ee730ba64af3769ea517af252103bddd907f681,ACBBA,ideal,1.0,19,361,4,0.05,18,,,acbba_topk_5,/home/agxorin/topk_filter_study/simulator/scenarios/final_trial_500.csv,clue_search,02,3,0,4,0,0,0,0,6,3,3,6,0,0,collision_intent:3;state:3,15,0,completed
382,dcta_parity_v1,topk_filter,aa0724188407797eae5187348bee11ee9f51317c4e8a201863b052786aa2f1df,823213c90703fd83224ad7122ee730ba64af3769ea517af252103bddd907f681,ACBBA,ideal,1.0,19,361,4,0.05,18,,,acbba_topk_5,/home/agxorin/topk_filter_study/simulator/scenarios/final_trial_500.csv,clue_search,03,2,0,3,0,0,0,0,4,2,2,4,0,0,collision_intent:2;state:2,17,0,completed
383,dcta_parity_v1,topk_filter,aa0724188407797eae5187348bee11ee9f51317c4e8a201863b052786aa2f1df,823213c90703fd83224ad7122ee730ba64af3769ea517af252103bddd907f681,ACBBA,ideal,1.0,19,361,4,0.05,18,,,acbba_topk_5,/home/agxorin/topk_filter_study/simulator/scenarios/final_trial_500.csv,clue_search,00,69,55,64,6,2,0,0,545,70,475,142,403,517,acbba_entry:403;clue:3;collision_intent:69;state:69;target:1,1580,0,completed
383,dcta_parity_v1,topk_filter,aa0724188407797eae5187348bee11ee9f51317c4e8a201863b052786aa2f1df,823213c90703fd83224ad7122ee730ba64af3769ea517af252103bddd907f681,ACBBA,ideal,1.0,19,361,4,0.05,18,,,acbba_topk_5,/home/agxorin/topk_filter_study/simulator/scenarios/final_trial_500.csv,clue_search,01,68,54,54,15,2,0,0,533,68,465,139,394,505,acbba_entry:394;clue:3;collision_intent:68;state:68,1591,0,completed
383,dcta_parity_v1,topk_filter,aa0724188407797eae5187348bee11ee9f51317c4e8a201863b052786aa2f1df,823213c90703fd83224ad7122ee730ba64af3769ea517af252103bddd907f681,ACBBA,ideal,1.0,19,361,4,0.05,18,,,acbba_topk_5,/home/agxorin/topk_filter_study/simulator/scenarios/final_trial_500.csv,clue_search,02,68,54,62,7,2,0,0,526,68,458,139,387,498,acbba_entry:387;clue:3;collision_intent:68;state:68,1598,0,completed
383,dcta_parity_v1,topk_filter,aa0724188407797eae5187348bee11ee9f51317c4e8a201863b052786aa2f1df,823213c90703fd83224ad7122ee730ba64af3769ea517af252103bddd907f681,ACBBA,ideal,1.0,19,361,4,0.05,18,,,acbba_topk_5,/home/agxorin/topk_filter_study/simulator/scenarios/final_trial_500.csv,clue_search,03,67,54,63,5,3,0,0,521,67,454,137,384,495,acbba_entry:384;clue:3;collision_intent:67;state:67,1604,0,completed
384,dcta_parity_v1,topk_filter,aa0724188407797eae5187348bee11ee9f51317c4e8a201863b052786aa2f1df,823213c90703fd83224ad7122ee730ba64af3769ea517af252103bddd907f681,ACBBA,ideal,1.0,19,361,4,0.05,18,,,acbba_topk_5,/home/agxorin/topk_filter_study/simulator/scenarios/final_trial_500.csv,clue_search,00,8,0,9,0,0,0,0,16,8,8,16,0,0,collision_intent:8;state:8,44,0,completed
384,dcta_parity_v1,topk_filter,aa0724188407797eae5187348bee11ee9f51317c4e8a201863b052786aa2f1df,823213c90703fd83224ad7122ee730ba64af3769ea517af252103bddd907f681,ACBBA,ideal,1.0,19,361,4,0.05,18,,,acbba_topk_5,/home/agxorin/topk_filter_study/simulator/scenarios/final_trial_500.csv,clue_search,01,7,0,8,0,0,0,0,14,7,7,14,0,0,collision_intent:7;state:7,47,0,completed
384,dcta_parity_v1,topk_filter,aa0724188407797eae5187348bee11ee9f51317c4e8a201863b052786aa2f1df,823213c90703fd83224ad7122ee730ba64af3769ea517af252103bddd907f681,ACBBA,ideal,1.0,19,361,4,0.05,18,,,acbba_topk_5,/home/agxorin/topk_filter_study/simulator/scenarios/final_trial_500.csv,clue_search,02,8,0,9,0,0,0,0,17,9,8,17,0,0,collision_intent:8;state:8;target:1,44,0,completed
384,dcta_parity_v1,topk_filter,aa0724188407797eae5187348bee11ee9f51317c4e8a201863b052786aa2f1df,823213c90703fd83224ad7122ee730ba64af3769ea517af252103bddd907f681,ACBBA,ideal,1.0,19,361,4,0.05,18,,,acbba_topk_5,/home/agxorin/topk_filter_study/simulator/scenarios/final_trial_500.csv,clue_search,03,7,0,8,0,0,0,0,14,7,7,14,0,0,collision_intent:7;state:7,46,0,completed
385,dcta_parity_v1,topk_filter,aa0724188407797eae5187348bee11ee9f51317c4e8a201863b052786aa2f1df,823213c90703fd83224ad7122ee730ba64af3769ea517af252103bddd907f681,ACBBA,ideal,1.0,19,361,4,0.05,18,,,acbba_topk_5,/home/agxorin/topk_filter_study/simulator/scenarios/final_trial_500.csv,clue_search,00,70,41,65,6,3,0,0,402,71,331,144,258,344,acbba_entry:258;clue:3;collision_intent:70;state:70;target:1,1199,0,completed
385,dcta_parity_v1,topk_filter,aa0724188407797eae5187348bee11ee9f51317c4e8a201863b052786aa2f1df,823213c90703fd83224ad7122ee730ba64af3769ea517af252103bddd907f681,ACBBA,ideal,1.0,19,361,4,0.05,18,,,acbba_topk_5,/home/agxorin/topk_filter_study/simulator/scenarios/final_trial_500.csv,clue_search,01,68,40,54,15,4,0,0,412,68,344,139,273,355,acbba_entry:273;clue:3;collision_intent:68;state:68,1189,0,completed
385,dcta_parity_v1,topk_filter,aa0724188407797eae5187348bee11ee9f51317c4e8a201863b052786aa2f1df,823213c90703fd83224ad7122ee730ba64af3769ea517af252103bddd907f681,ACBBA,ideal,1.0,19,361,4,0.05,18,,,acbba_topk_5,/home/agxorin/topk_filter_study/simulator/scenarios/final_trial_500.csv,clue_search,02,67,38,63,5,2,0,0,393,67,326,137,256,335,acbba_entry:256;clue:3;collision_intent:67;state:67,1206,0,completed
385,dcta_parity_v1,topk_filter,aa0724188407797eae5187348bee11ee9f51317c4e8a201863b052786aa2f1df,823213c90703fd83224ad7122ee730ba64af3769ea517af252103bddd907f681,ACBBA,ideal,1.0,19,361,4,0.05,18,,,acbba_topk_5,/home/agxorin/topk_filter_study/simulator/scenarios/final_trial_500.csv,clue_search,03,67,39,60,8,0,1,1,394,68,326,138,256,337,acbba_entry:256;clue:3;collision_intent:68;state:67,1206,0,completed
386,dcta_parity_v1,topk_filter,aa0724188407797eae5187348bee11ee9f51317c4e8a201863b052786aa2f1df,823213c90703fd83224ad7122ee730ba64af3769ea517af252103bddd907f681,ACBBA,ideal,1.0,19,361,4,0.05,18,,,acbba_topk_5,/home/agxorin/topk_filter_study/simulator/scenarios/final_trial_500.csv,clue_search,00,94,69,76,19,2,0,0,649,94,555,192,457,599,acbba_entry:457;clue:4;collision_intent:94;state:94,2000,0,completed
386,dcta_parity_v1,topk_filter,aa0724188407797eae5187348bee11ee9f51317c4e8a201863b052786aa2f1df,823213c90703fd83224ad7122ee730ba64af3769ea517af252103bddd907f681,ACBBA,ideal,1.0,19,361,4,0.05,18,,,acbba_topk_5,/home/agxorin/topk_filter_study/simulator/scenarios/final_trial_500.csv,clue_search,01,93,68,88,6,0,0,0,684,94,590,191,493,634,acbba_entry:493;clue:4;collision_intent:93;state:93;target:1,1965,0,completed
386,dcta_parity_v1,topk_filter,aa0724188407797eae5187348bee11ee9f51317c4e8a201863b052786aa2f1df,823213c90703fd83224ad7122ee730ba64af3769ea517af252103bddd907f681,ACBBA,ideal,1.0,19,361,4,0.05,18,,,acbba_topk_5,/home/agxorin/topk_filter_study/simulator/scenarios/final_trial_500.csv,clue_search,02,94,69,70,25,11,3,3,647,97,550,195,452,597,acbba_entry:452;clue:4;collision_intent:97;state:94,2001,0,completed
386,dcta_parity_v1,topk_filter,aa0724188407797eae5187348bee11ee9f51317c4e8a201863b052786aa2f1df,823213c90703fd83224ad7122ee730ba64af3769ea517af252103bddd907f681,ACBBA,ideal,1.0,19,361,4,0.05,18,,,acbba_topk_5,/home/agxorin/topk_filter_study/simulator/scenarios/final_trial_500.csv,clue_search,03,93,69,74,20,14,1,1,669,94,575,191,478,621,acbba_entry:478;clue:4;collision_intent:94;state:93,1979,0,completed
387,dcta_parity_v1,topk_filter,aa0724188407797eae5187348bee11ee9f51317c4e8a201863b052786aa2f1df,823213c90703fd83224ad7122ee730ba64af3769ea517af252103bddd907f681,ACBBA,ideal,1.0,19,361,4,0.05,18,,,acbba_topk_5,/home/agxorin/topk_filter_study/simulator/scenarios/final_trial_500.csv,clue_search,00,2,0,3,0,0,0,0,4,2,2,4,0,0,collision_intent:2;state:2,12,0,completed
387,dcta_parity_v1,topk_filter,aa0724188407797eae5187348bee11ee9f51317c4e8a201863b052786aa2f1df,823213c90703fd83224ad7122ee730ba64af3769ea517af252103bddd907f681,ACBBA,ideal,1.0,19,361,4,0.05,18,,,acbba_topk_5,/home/agxorin/topk_filter_study/simulator/scenarios/final_trial_500.csv,clue_search,01,1,0,2,0,0,0,0,3,2,1,3,0,0,collision_intent:2;state:1,13,0,completed
387,dcta_parity_v1,topk_filter,aa0724188407797eae5187348bee11ee9f51317c4e8a201863b052786aa2f1df,823213c90703fd83224ad7122ee730ba64af3769ea517af252103bddd907f681,ACBBA,ideal,1.0,19,361,4,0.05,18,,,acbba_topk_5,/home/agxorin/topk_filter_study/simulator/scenarios/final_trial_500.csv,clue_search,02,2,0,3,0,0,0,0,4,2,2,4,0,0,collision_intent:2;state:2,12,0,completed
387,dcta_parity_v1,topk_filter,aa0724188407797eae5187348bee11ee9f51317c4e8a201863b052786aa2f1df,823213c90703fd83224ad7122ee730ba64af3769ea517af252103bddd907f681,ACBBA,ideal,1.0,19,361,4,0.05,18,,,acbba_topk_5,/home/agxorin/topk_filter_study/simulator/scenarios/final_trial_500.csv,clue_search,03,2,0,3,0,0,0,0,5,3,2,5,0,0,collision_intent:2;state:2;target:1,11,0,completed
388,dcta_parity_v1,topk_filter,aa0724188407797eae5187348bee11ee9f51317c4e8a201863b052786aa2f1df,823213c90703fd83224ad7122ee730ba64af3769ea517af252103bddd907f681,ACBBA,ideal,1.0,19,361,4,0.05,18,,,acbba_topk_5,/home/agxorin/topk_filter_study/simulator/scenarios/final_trial_500.csv,clue_search,00,85,43,74,12,1,0,0,445,86,359,173,272,360,acbba_entry:272;clue:2;collision_intent:85;state:85;target:1,1385,0,completed
388,dcta_parity_v1,topk_filter,aa0724188407797eae5187348bee11ee9f51317c4e8a201863b052786aa2f1df,823213c90703fd83224ad7122ee730ba64af3769ea517af252103bddd907f681,ACBBA,ideal,1.0,19,361,4,0.05,18,,,acbba_topk_5,/home/agxorin/topk_filter_study/simulator/scenarios/final_trial_500.csv,clue_search,01,84,41,77,8,1,0,0,466,84,382,170,296,380,acbba_entry:296;clue:2;collision_intent:84;state:84,1364,0,completed
388,dcta_parity_v1,topk_filter,aa0724188407797eae5187348bee11ee9f51317c4e8a201863b052786aa2f1df,823213c90703fd83224ad7122ee730ba64af3769ea517af252103bddd907f681,ACBBA,ideal,1.0,19,361,4,0.05,18,,,acbba_topk_5,/home/agxorin/topk_filter_study/simulator/scenarios/final_trial_500.csv,clue_search,02,86,43,79,8,2,0,0,460,86,374,174,286,374,acbba_entry:286;clue:2;collision_intent:86;state:86,1369,0,completed
388,dcta_parity_v1,topk_filter,aa0724188407797eae5187348bee11ee9f51317c4e8a201863b052786aa2f1df,823213c90703fd83224ad7122ee730ba64af3769ea517af252103bddd907f681,ACBBA,ideal,1.0,19,361,4,0.05,18,,,acbba_topk_5,/home/agxorin/topk_filter_study/simulator/scenarios/final_trial_500.csv,clue_search,03,86,44,58,29,4,1,1,459,87,372,175,284,375,acbba_entry:284;clue:2;collision_intent:87;state:86,1370,0,completed
389,dcta_parity_v1,topk_filter,aa0724188407797eae5187348bee11ee9f51317c4e8a201863b052786aa2f1df,823213c90703fd83224ad7122ee730ba64af3769ea517af252103bddd907f681,ACBBA,ideal,1.0,19,361,4,0.05,18,,,acbba_topk_5,/home/agxorin/topk_filter_study/simulator/scenarios/final_trial_500.csv,clue_search,00,10,0,11,0,0,0,0,21,11,10,21,0,0,collision_intent:10;state:10;target:1,54,0,completed
389,dcta_parity_v1,topk_filter,aa0724188407797eae5187348bee11ee9f51317c4e8a201863b052786aa2f1df,823213c90703fd83224ad7122ee730ba64af3769ea517af252103bddd907f681,ACBBA,ideal,1.0,19,361,4,0.05,18,,,acbba_topk_5,/home/agxorin/topk_filter_study/simulator/scenarios/final_trial_500.csv,clue_search,01,9,0,10,0,0,0,0,18,9,9,18,0,0,collision_intent:9;state:9,56,0,completed
389,dcta_parity_v1,topk_filter,aa0724188407797eae5187348bee11ee9f51317c4e8a201863b052786aa2f1df,823213c90703fd83224ad7122ee730ba64af3769ea517af252103bddd907f681,ACBBA,ideal,1.0,19,361,4,0.05,18,,,acbba_topk_5,/home/agxorin/topk_filter_study/simulator/scenarios/final_trial_500.csv,clue_search,02,9,0,10,0,0,0,0,18,9,9,18,0,0,collision_intent:9;state:9,56,0,completed
389,dcta_parity_v1,topk_filter,aa0724188407797eae5187348bee11ee9f51317c4e8a201863b052786aa2f1df,823213c90703fd83224ad7122ee730ba64af3769ea517af252103bddd907f681,ACBBA,ideal,1.0,19,361,4,0.05,18,,,acbba_topk_5,/home/agxorin/topk_filter_study/simulator/scenarios/final_trial_500.csv,clue_search,03,9,0,10,0,0,0,0,18,9,9,18,0,0,collision_intent:9;state:9,56,0,completed
390,dcta_parity_v1,topk_filter,aa0724188407797eae5187348bee11ee9f51317c4e8a201863b052786aa2f1df,823213c90703fd83224ad7122ee730ba64af3769ea517af252103bddd907f681,ACBBA,ideal,1.0,19,361,4,0.05,18,,,acbba_topk_5,/home/agxorin/topk_filter_study/simulator/scenarios/final_trial_500.csv,clue_search,00,54,0,55,0,0,0,0,109,55,54,109,0,0,collision_intent:54;state:54;target:1,320,0,completed
390,dcta_parity_v1,topk_filter,aa0724188407797eae5187348bee11ee9f51317c4e8a201863b052786aa2f1df,823213c90703fd83224ad7122ee730ba64af3769ea517af252103bddd907f681,ACBBA,ideal,1.0,19,361,4,0.05,18,,,acbba_topk_5,/home/agxorin/topk_filter_study/simulator/scenarios/final_trial_500.csv,clue_search,01,53,0,54,0,0,0,0,106,53,53,106,0,0,collision_intent:53;state:53,322,0,completed
390,dcta_parity_v1,topk_filter,aa0724188407797eae5187348bee11ee9f51317c4e8a201863b052786aa2f1df,823213c90703fd83224ad7122ee730ba64af3769ea517af252103bddd907f681,ACBBA,ideal,1.0,19,361,4,0.05,18,,,acbba_topk_5,/home/agxorin/topk_filter_study/simulator/scenarios/final_trial_500.csv,clue_search,02,54,0,55,0,0,0,0,108,54,54,108,0,0,collision_intent:54;state:54,320,0,completed
390,dcta_parity_v1,topk_filter,aa0724188407797eae5187348bee11ee9f51317c4e8a201863b052786aa2f1df,823213c90703fd83224ad7122ee730ba64af3769ea517af252103bddd907f681,ACBBA,ideal,1.0,19,361,4,0.05,18,,,acbba_topk_5,/home/agxorin/topk_filter_study/simulator/scenarios/final_trial_500.csv,clue_search,03,53,0,54,0,0,0,0,106,53,53,106,0,0,collision_intent:53;state:53,322,0,completed
391,dcta_parity_v1,topk_filter,aa0724188407797eae5187348bee11ee9f51317c4e8a201863b052786aa2f1df,823213c90703fd83224ad7122ee730ba64af3769ea517af252103bddd907f681,ACBBA,ideal,1.0,19,361,4,0.05,18,,,acbba_topk_5,/home/agxorin/topk_filter_study/simulator/scenarios/final_trial_500.csv,clue_search,00,101,66,83,19,1,0,0,647,101,546,204,443,577,acbba_entry:443;clue:2;collision_intent:101;state:101,1977,0,completed
391,dcta_parity_v1,topk_filter,aa0724188407797eae5187348bee11ee9f51317c4e8a201863b052786aa2f1df,823213c90703fd83224ad7122ee730ba64af3769ea517af252103bddd907f681,ACBBA,ideal,1.0,19,361,4,0.05,18,,,acbba_topk_5,/home/agxorin/topk_filter_study/simulator/scenarios/final_trial_500.csv,clue_search,01,101,67,85,17,7,1,1,661,102,559,205,456,593,acbba_entry:456;clue:2;collision_intent:102;state:101,1963,0,completed
391,dcta_parity_v1,topk_filter,aa0724188407797eae5187348bee11ee9f51317c4e8a201863b052786aa2f1df,823213c90703fd83224ad7122ee730ba64af3769ea517af252103bddd907f681,ACBBA,ideal,1.0,19,361,4,0.05,18,,,acbba_topk_5,/home/agxorin/topk_filter_study/simulator/scenarios/final_trial_500.csv,clue_search,02,101,66,90,12,4,0,0,668,102,566,205,463,598,acbba_entry:463;clue:2;collision_intent:101;state:101;target:1,1957,0,completed
391,dcta_parity_v1,topk_filter,aa0724188407797eae5187348bee11ee9f51317c4e8a201863b052786aa2f1df,823213c90703fd83224ad7122ee730ba64af3769ea517af252103bddd907f681,ACBBA,ideal,1.0,19,361,4,0.05,18,,,acbba_topk_5,/home/agxorin/topk_filter_study/simulator/scenarios/final_trial_500.csv,clue_search,03,104,70,67,38,5,0,0,649,104,545,210,439,580,acbba_entry:439;clue:2;collision_intent:104;state:104,1975,0,completed
392,dcta_parity_v1,topk_filter,aa0724188407797eae5187348bee11ee9f51317c4e8a201863b052786aa2f1df,823213c90703fd83224ad7122ee730ba64af3769ea517af252103bddd907f681,ACBBA,ideal,1.0,19,361,4,0.05,18,,,acbba_topk_5,/home/agxorin/topk_filter_study/simulator/scenarios/final_trial_500.csv,clue_search,00,2,0,3,0,0,0,0,4,2,2,4,0,0,collision_intent:2;state:2,11,0,completed
392,dcta_parity_v1,topk_filter,aa0724188407797eae5187348bee11ee9f51317c4e8a201863b052786aa2f1df,823213c90703fd83224ad7122ee730ba64af3769ea517af252103bddd907f681,ACBBA,ideal,1.0,19,361,4,0.05,18,,,acbba_topk_5,/home/agxorin/topk_filter_study/simulator/scenarios/final_trial_500.csv,clue_search,01,2,0,3,0,0,0,0,5,3,2,5,0,0,collision_intent:2;state:2;target:1,12,0,completed
392,dcta_parity_v1,topk_filter,aa0724188407797eae5187348bee11ee9f51317c4e8a201863b052786aa2f1df,823213c90703fd83224ad7122ee730ba64af3769ea517af252103bddd907f681,ACBBA,ideal,1.0,19,361,4,0.05,18,,,acbba_topk_5,/home/agxorin/topk_filter_study/simulator/scenarios/final_trial_500.csv,clue_search,02,2,0,3,0,0,0,0,4,2,2,4,0,0,collision_intent:2;state:2,12,0,completed
392,dcta_parity_v1,topk_filter,aa0724188407797eae5187348bee11ee9f51317c4e8a201863b052786aa2f1df,823213c90703fd83224ad7122ee730ba64af3769ea517af252103bddd907f681,ACBBA,ideal,1.0,19,361,4,0.05,18,,,acbba_topk_5,/home/agxorin/topk_filter_study/simulator/scenarios/final_trial_500.csv,clue_search,03,2,0,3,0,0,0,0,4,2,2,4,0,0,collision_intent:2;state:2,13,0,completed
393,dcta_parity_v1,topk_filter,aa0724188407797eae5187348bee11ee9f51317c4e8a201863b052786aa2f1df,823213c90703fd83224ad7122ee730ba64af3769ea517af252103bddd907f681,ACBBA,ideal,1.0,19,361,4,0.05,18,,,acbba_topk_5,/home/agxorin/topk_filter_study/simulator/scenarios/final_trial_500.csv,clue_search,00,26,0,27,0,0,0,0,52,26,26,52,0,0,collision_intent:26;state:26,156,0,completed
393,dcta_parity_v1,topk_filter,aa0724188407797eae5187348bee11ee9f51317c4e8a201863b052786aa2f1df,823213c90703fd83224ad7122ee730ba64af3769ea517af252103bddd907f681,ACBBA,ideal,1.0,19,361,4,0.05,18,,,acbba_topk_5,/home/agxorin/topk_filter_study/simulator/scenarios/final_trial_500.csv,clue_search,01,26,0,27,0,0,0,0,53,27,26,53,0,0,collision_intent:26;state:26;target:1,156,0,completed
393,dcta_parity_v1,topk_filter,aa0724188407797eae5187348bee11ee9f51317c4e8a201863b052786aa2f1df,823213c90703fd83224ad7122ee730ba64af3769ea517af252103bddd907f681,ACBBA,ideal,1.0,19,361,4,0.05,18,,,acbba_topk_5,/home/agxorin/topk_filter_study/simulator/scenarios/final_trial_500.csv,clue_search,02,26,0,27,0,0,0,0,52,26,26,52,0,0,collision_intent:26;state:26,155,0,completed
393,dcta_parity_v1,topk_filter,aa0724188407797eae5187348bee11ee9f51317c4e8a201863b052786aa2f1df,823213c90703fd83224ad7122ee730ba64af3769ea517af252103bddd907f681,ACBBA,ideal,1.0,19,361,4,0.05,18,,,acbba_topk_5,/home/agxorin/topk_filter_study/simulator/scenarios/final_trial_500.csv,clue_search,03,26,0,27,0,0,0,0,52,26,26,52,0,0,collision_intent:26;state:26,156,0,completed
394,dcta_parity_v1,topk_filter,aa0724188407797eae5187348bee11ee9f51317c4e8a201863b052786aa2f1df,823213c90703fd83224ad7122ee730ba64af3769ea517af252103bddd907f681,ACBBA,ideal,1.0,19,361,4,0.05,18,,,acbba_topk_5,/home/agxorin/topk_filter_study/simulator/scenarios/final_trial_500.csv,clue_search,00,73,2,74,0,0,0,0,158,74,84,149,9,16,acbba_entry:9;clue:2;collision_intent:73;state:73;target:1,464,0,completed
394,dcta_parity_v1,topk_filter,aa0724188407797eae5187348bee11ee9f51317c4e8a201863b052786aa2f1df,823213c90703fd83224ad7122ee730ba64af3769ea517af252103bddd907f681,ACBBA,ideal,1.0,19,361,4,0.05,18,,,acbba_topk_5,/home/agxorin/topk_filter_study/simulator/scenarios/final_trial_500.csv,clue_search,01,72,2,71,2,1,0,0,154,72,82,146,8,14,acbba_entry:8;clue:2;collision_intent:72;state:72,466,0,completed
394,dcta_parity_v1,topk_filter,aa0724188407797eae5187348bee11ee9f51317c4e8a201863b052786aa2f1df,823213c90703fd83224ad7122ee730ba64af3769ea517af252103bddd907f681,ACBBA,ideal,1.0,19,361,4,0.05,18,,,acbba_topk_5,/home/agxorin/topk_filter_study/simulator/scenarios/final_trial_500.csv,clue_search,02,73,2,72,2,1,0,0,157,73,84,148,9,15,acbba_entry:9;clue:2;collision_intent:73;state:73,465,0,completed
394,dcta_parity_v1,topk_filter,aa0724188407797eae5187348bee11ee9f51317c4e8a201863b052786aa2f1df,823213c90703fd83224ad7122ee730ba64af3769ea517af252103bddd907f681,ACBBA,ideal,1.0,19,361,4,0.05,18,,,acbba_topk_5,/home/agxorin/topk_filter_study/simulator/scenarios/final_trial_500.csv,clue_search,03,72,2,73,0,0,0,0,153,72,81,146,7,13,acbba_entry:7;clue:2;collision_intent:72;state:72,468,0,completed
395,dcta_parity_v1,topk_filter,aa0724188407797eae5187348bee11ee9f51317c4e8a201863b052786aa2f1df,823213c90703fd83224ad7122ee730ba64af3769ea517af252103bddd907f681,ACBBA,ideal,1.0,19,361,4,0.05,18,,,acbba_topk_5,/home/agxorin/topk_filter_study/simulator/scenarios/final_trial_500.csv,clue_search,00,19,7,20,0,0,0,0,77,20,57,41,36,53,acbba_entry:36;clue:2;collision_intent:19;state:19;target:1,183,0,completed
395,dcta_parity_v1,topk_filter,aa0724188407797eae5187348bee11ee9f51317c4e8a201863b052786aa2f1df,823213c90703fd83224ad7122ee730ba64af3769ea517af252103bddd907f681,ACBBA,ideal,1.0,19,361,4,0.05,18,,,acbba_topk_5,/home/agxorin/topk_filter_study/simulator/scenarios/final_trial_500.csv,clue_search,01,19,8,20,0,0,0,0,63,19,44,40,23,41,acbba_entry:23;clue:2;collision_intent:19;state:19,196,0,completed
395,dcta_parity_v1,topk_filter,aa0724188407797eae5187348bee11ee9f51317c4e8a201863b052786aa2f1df,823213c90703fd83224ad7122ee730ba64af3769ea517af252103bddd907f681,ACBBA,ideal,1.0,19,361,4,0.05,18,,,acbba_topk_5,/home/agxorin/topk_filter_study/simulator/scenarios/final_trial_500.csv,clue_search,02,19,7,20,0,0,0,0,57,19,38,40,17,33,acbba_entry:17;clue:2;collision_intent:19;state:19,203,0,completed
395,dcta_parity_v1,topk_filter,aa0724188407797eae5187348bee11ee9f51317c4e8a201863b052786aa2f1df,823213c90703fd83224ad7122ee730ba64af3769ea517af252103bddd907f681,ACBBA,ideal,1.0,19,361,4,0.05,18,,,acbba_topk_5,/home/agxorin/topk_filter_study/simulator/scenarios/final_trial_500.csv,clue_search,03,19,8,20,0,0,0,0,63,19,44,40,23,40,acbba_entry:23;clue:2;collision_intent:19;state:19,196,0,completed
396,dcta_parity_v1,topk_filter,aa0724188407797eae5187348bee11ee9f51317c4e8a201863b052786aa2f1df,823213c90703fd83224ad7122ee730ba64af3769ea517af252103bddd907f681,ACBBA,ideal,1.0,19,361,4,0.05,18,,,acbba_topk_5,/home/agxorin/topk_filter_study/simulator/scenarios/final_trial_500.csv,clue_search,00,78,76,71,8,4,1,1,789,80,709,160,629,785,acbba_entry:629;clue:2;collision_intent:80;state:78,2278,0,completed
396,dcta_parity_v1,topk_filter,aa0724188407797eae5187348bee11ee9f51317c4e8a201863b052786aa2f1df,823213c90703fd83224ad7122ee730ba64af3769ea517af252103bddd907f681,ACBBA,ideal,1.0,19,361,4,0.05,18,,,acbba_topk_5,/home/agxorin/topk_filter_study/simulator/scenarios/final_trial_500.csv,clue_search,01,80,78,69,12,4,0,0,742,81,661,163,579,738,acbba_entry:579;clue:2;collision_intent:80;state:80;target:1,2326,0,completed
396,dcta_parity_v1,topk_filter,aa0724188407797eae5187348bee11ee9f51317c4e8a201863b052786aa2f1df,823213c90703fd83224ad7122ee730ba64af3769ea517af252103bddd907f681,ACBBA,ideal,1.0,19,361,4,0.05,18,,,acbba_topk_5,/home/agxorin/topk_filter_study/simulator/scenarios/final_trial_500.csv,clue_search,02,78,75,75,4,1,1,1,768,79,689,159,609,762,acbba_entry:609;clue:2;collision_intent:79;state:78,2299,0,completed
396,dcta_parity_v1,topk_filter,aa0724188407797eae5187348bee11ee9f51317c4e8a201863b052786aa2f1df,823213c90703fd83224ad7122ee730ba64af3769ea517af252103bddd907f681,ACBBA,ideal,1.0,19,361,4,0.05,18,,,acbba_topk_5,/home/agxorin/topk_filter_study/simulator/scenarios/final_trial_500.csv,clue_search,03,79,77,57,23,10,1,1,769,80,689,161,608,765,acbba_entry:608;clue:2;collision_intent:80;state:79,2299,0,completed
397,dcta_parity_v1,topk_filter,aa0724188407797eae5187348bee11ee9f51317c4e8a201863b052786aa2f1df,823213c90703fd83224ad7122ee730ba64af3769ea517af252103bddd907f681,ACBBA,ideal,1.0,19,361,4,0.05,18,,,acbba_topk_5,/home/agxorin/topk_filter_study/simulator/scenarios/final_trial_500.csv,clue_search,00,2,0,3,0,0,0,0,4,2,2,4,0,0,collision_intent:2;state:2,11,0,completed
397,dcta_parity_v1,topk_filter,aa0724188407797eae5187348bee11ee9f51317c4e8a201863b052786aa2f1df,823213c90703fd83224ad7122ee730ba64af3769ea517af252103bddd907f681,ACBBA,ideal,1.0,19,361,4,0.05,18,,,acbba_topk_5,/home/agxorin/topk_filter_study/simulator/scenarios/final_trial_500.csv,clue_search,01,1,0,2,0,0,0,0,3,2,1,3,0,0,collision_intent:2;state:1,12,0,completed
397,dcta_parity_v1,topk_filter,aa0724188407797eae5187348bee11ee9f51317c4e8a201863b052786aa2f1df,823213c90703fd83224ad7122ee730ba64af3769ea517af252103bddd907f681,ACBBA,ideal,1.0,19,361,4,0.05,18,,,acbba_topk_5,/home/agxorin/topk_filter_study/simulator/scenarios/final_trial_500.csv,clue_search,02,2,0,3,0,0,0,0,4,2,2,4,0,0,collision_intent:2;state:2,12,0,completed
397,dcta_parity_v1,topk_filter,aa0724188407797eae5187348bee11ee9f51317c4e8a201863b052786aa2f1df,823213c90703fd83224ad7122ee730ba64af3769ea517af252103bddd907f681,ACBBA,ideal,1.0,19,361,4,0.05,18,,,acbba_topk_5,/home/agxorin/topk_filter_study/simulator/scenarios/final_trial_500.csv,clue_search,03,2,0,3,0,0,0,0,5,3,2,5,0,0,collision_intent:2;state:2;target:1,11,0,completed
398,dcta_parity_v1,topk_filter,aa0724188407797eae5187348bee11ee9f51317c4e8a201863b052786aa2f1df,823213c90703fd83224ad7122ee730ba64af3769ea517af252103bddd907f681,ACBBA,ideal,1.0,19,361,4,0.05,18,,,acbba_topk_5,/home/agxorin/topk_filter_study/simulator/scenarios/final_trial_500.csv,clue_search,00,10,6,11,0,1,0,0,48,11,37,22,26,40,acbba_entry:26;clue:1;collision_intent:10;state:10;target:1,177,0,completed
398,dcta_parity_v1,topk_filter,aa0724188407797eae5187348bee11ee9f51317c4e8a201863b052786aa2f1df,823213c90703fd83224ad7122ee730ba64af3769ea517af252103bddd907f681,ACBBA,ideal,1.0,19,361,4,0.05,18,,,acbba_topk_5,/home/agxorin/topk_filter_study/simulator/scenarios/final_trial_500.csv,clue_search,01,9,6,10,0,4,1,1,61,10,51,20,41,55,acbba_entry:41;clue:1;collision_intent:10;state:9,163,0,completed
398,dcta_parity_v1,topk_filter,aa0724188407797eae5187348bee11ee9f51317c4e8a201863b052786aa2f1df,823213c90703fd83224ad7122ee730ba64af3769ea517af252103bddd907f681,ACBBA,ideal,1.0,19,361,4,0.05,18,,,acbba_topk_5,/home/agxorin/topk_filter_study/simulator/scenarios/final_trial_500.csv,clue_search,02,9,5,10,0,0,0,0,61,9,52,19,42,53,acbba_entry:42;clue:1;collision_intent:9;state:9,162,0,completed
398,dcta_parity_v1,topk_filter,aa0724188407797eae5187348bee11ee9f51317c4e8a201863b052786aa2f1df,823213c90703fd83224ad7122ee730ba64af3769ea517af252103bddd907f681,ACBBA,ideal,1.0,19,361,4,0.05,18,,,acbba_topk_5,/home/agxorin/topk_filter_study/simulator/scenarios/final_trial_500.csv,clue_search,03,9,6,10,0,1,0,0,55,9,46,19,36,49,acbba_entry:36;clue:1;collision_intent:9;state:9,168,0,completed
399,dcta_parity_v1,topk_filter,aa0724188407797eae5187348bee11ee9f51317c4e8a201863b052786aa2f1df,823213c90703fd83224ad7122ee730ba64af3769ea517af252103bddd907f681,ACBBA,ideal,1.0,19,361,4,0.05,18,,,acbba_topk_5,/home/agxorin/topk_filter_study/simulator/scenarios/final_trial_500.csv,clue_search,00,11,8,12,0,1,0,0,73,11,62,25,48,67,acbba_entry:48;clue:3;collision_intent:11;state:11,230,0,completed
399,dcta_parity_v1,topk_filter,aa0724188407797eae5187348bee11ee9f51317c4e8a201863b052786aa2f1df,823213c90703fd83224ad7122ee730ba64af3769ea517af252103bddd907f681,ACBBA,ideal,1.0,19,361,4,0.05,18,,,acbba_topk_5,/home/agxorin/topk_filter_study/simulator/scenarios/final_trial_500.csv,clue_search,01,10,8,10,1,3,1,1,77,11,66,24,53,73,acbba_entry:53;clue:3;collision_intent:11;state:10,224,0,completed
399,dcta_parity_v1,topk_filter,aa0724188407797eae5187348bee11ee9f51317c4e8a201863b052786aa2f1df,823213c90703fd83224ad7122ee730ba64af3769ea517af252103bddd907f681,ACBBA,ideal,1.0,19,361,4,0.05,18,,,acbba_topk_5,/home/agxorin/topk_filter_study/simulator/scenarios/final_trial_500.csv,clue_search,02,11,8,10,2,0,0,0,77,12,65,26,51,71,acbba_entry:51;clue:3;collision_intent:11;state:11;target:1,226,0,completed
399,dcta_parity_v1,topk_filter,aa0724188407797eae5187348bee11ee9f51317c4e8a201863b052786aa2f1df,823213c90703fd83224ad7122ee730ba64af3769ea517af252103bddd907f681,ACBBA,ideal,1.0,19,361,4,0.05,18,,,acbba_topk_5,/home/agxorin/topk_filter_study/simulator/scenarios/final_trial_500.csv,clue_search,03,11,9,12,0,0,0,0,76,11,65,25,51,72,acbba_entry:51;clue:3;collision_intent:11;state:11,226,0,completed
400,dcta_parity_v1,topk_filter,aa0724188407797eae5187348bee11ee9f51317c4e8a201863b052786aa2f1df,823213c90703fd83224ad7122ee730ba64af3769ea517af252103bddd907f681,ACBBA,ideal,1.0,19,361,4,0.05,18,,,acbba_topk_5,/home/agxorin/topk_filter_study/simulator/scenarios/final_trial_500.csv,clue_search,00,4,0,5,0,0,0,0,8,4,4,8,0,0,collision_intent:4;state:4,23,0,completed
400,dcta_parity_v1,topk_filter,aa0724188407797eae5187348bee11ee9f51317c4e8a201863b052786aa2f1df,823213c90703fd83224ad7122ee730ba64af3769ea517af252103bddd907f681,ACBBA,ideal,1.0,19,361,4,0.05,18,,,acbba_topk_5,/home/agxorin/topk_filter_study/simulator/scenarios/final_trial_500.csv,clue_search,01,4,0,5,0,0,0,0,9,5,4,9,0,0,collision_intent:4;state:4;target:1,23,0,completed
400,dcta_parity_v1,topk_filter,aa0724188407797eae5187348bee11ee9f51317c4e8a201863b052786aa2f1df,823213c90703fd83224ad7122ee730ba64af3769ea517af252103bddd907f681,ACBBA,ideal,1.0,19,361,4,0.05,18,,,acbba_topk_5,/home/agxorin/topk_filter_study/simulator/scenarios/final_trial_500.csv,clue_search,02,4,0,5,0,0,0,0,8,4,4,8,0,0,collision_intent:4;state:4,23,0,completed
400,dcta_parity_v1,topk_filter,aa0724188407797eae5187348bee11ee9f51317c4e8a201863b052786aa2f1df,823213c90703fd83224ad7122ee730ba64af3769ea517af252103bddd907f681,ACBBA,ideal,1.0,19,361,4,0.05,18,,,acbba_topk_5,/home/agxorin/topk_filter_study/simulator/scenarios/final_trial_500.csv,clue_search,03,3,0,4,0,0,0,0,7,4,3,7,0,0,collision_intent:4;state:3,24,0,completed
401,dcta_parity_v1,topk_filter,aa0724188407797eae5187348bee11ee9f51317c4e8a201863b052786aa2f1df,823213c90703fd83224ad7122ee730ba64af3769ea517af252103bddd907f681,ACBBA,ideal,1.0,19,361,4,0.05,18,,,acbba_topk_5,/home/agxorin/topk_filter_study/simulator/scenarios/final_trial_500.csv,clue_search,00,86,71,80,7,2,0,0,723,86,637,176,547,693,acbba_entry:547;clue:4;collision_intent:86;state:86,2139,0,completed
401,dcta_parity_v1,topk_filter,aa0724188407797eae5187348bee11ee9f51317c4e8a201863b052786aa2f1df,823213c90703fd83224ad7122ee730ba64af3769ea517af252103bddd907f681,ACBBA,ideal,1.0,19,361,4,0.05,18,,,acbba_topk_5,/home/agxorin/topk_filter_study/simulator/scenarios/final_trial_500.csv,clue_search,01,87,72,50,38,0,2,2,686,90,596,181,505,656,acbba_entry:505;clue:4;collision_intent:89;state:87;target:1,2178,0,completed
401,dcta_parity_v1,topk_filter,aa0724188407797eae5187348bee11ee9f51317c4e8a201863b052786aa2f1df,823213c90703fd83224ad7122ee730ba64af3769ea517af252103bddd907f681,ACBBA,ideal,1.0,19,361,4,0.05,18,,,acbba_topk_5,/home/agxorin/topk_filter_study/simulator/scenarios/final_trial_500.csv,clue_search,02,86,71,78,9,0,0,0,734,86,648,176,558,704,acbba_entry:558;clue:4;collision_intent:86;state:86,2129,0,completed
401,dcta_parity_v1,topk_filter,aa0724188407797eae5187348bee11ee9f51317c4e8a201863b052786aa2f1df,823213c90703fd83224ad7122ee730ba64af3769ea517af252103bddd907f681,ACBBA,ideal,1.0,19,361,4,0.05,18,,,acbba_topk_5,/home/agxorin/topk_filter_study/simulator/scenarios/final_trial_500.csv,clue_search,03,85,70,77,9,4,2,1,721,87,634,176,545,691,acbba_entry:545;clue:4;collision_intent:87;state:85,2142,0,completed
402,dcta_parity_v1,topk_filter,aa0724188407797eae5187348bee11ee9f51317c4e8a201863b052786aa2f1df,823213c90703fd83224ad7122ee730ba64af3769ea517af252103bddd907f681,ACBBA,ideal,1.0,19,361,4,0.05,18,,,acbba_topk_5,/home/agxorin/topk_filter_study/simulator/scenarios/final_trial_500.csv,clue_search,00,19,0,20,0,0,0,0,39,20,19,39,0,0,collision_intent:19;state:19;target:1,110,0,completed
402,dcta_parity_v1,topk_filter,aa0724188407797eae5187348bee11ee9f51317c4e8a201863b052786aa2f1df,823213c90703fd83224ad7122ee730ba64af3769ea517af252103bddd907f681,ACBBA,ideal,1.0,19,361,4,0.05,18,,,acbba_topk_5,/home/agxorin/topk_filter_study/simulator/scenarios/final_trial_500.csv,clue_search,01,18,0,19,0,0,0,0,36,18,18,36,0,0,collision_intent:18;state:18,112,0,completed
402,dcta_parity_v1,topk_filter,aa0724188407797eae5187348bee11ee9f51317c4e8a201863b052786aa2f1df,823213c90703fd83224ad7122ee730ba64af3769ea517af252103bddd907f681,ACBBA,ideal,1.0,19,361,4,0.05,18,,,acbba_topk_5,/home/agxorin/topk_filter_study/simulator/scenarios/final_trial_500.csv,clue_search,02,19,0,20,0,0,0,0,38,19,19,38,0,0,collision_intent:19;state:19,110,0,completed
402,dcta_parity_v1,topk_filter,aa0724188407797eae5187348bee11ee9f51317c4e8a201863b052786aa2f1df,823213c90703fd83224ad7122ee730ba64af3769ea517af252103bddd907f681,ACBBA,ideal,1.0,19,361,4,0.05,18,,,acbba_topk_5,/home/agxorin/topk_filter_study/simulator/scenarios/final_trial_500.csv,clue_search,03,18,0,19,0,0,0,0,36,18,18,36,0,0,collision_intent:18;state:18,112,0,completed
403,dcta_parity_v1,topk_filter,aa0724188407797eae5187348bee11ee9f51317c4e8a201863b052786aa2f1df,823213c90703fd83224ad7122ee730ba64af3769ea517af252103bddd907f681,ACBBA,ideal,1.0,19,361,4,0.05,18,,,acbba_topk_5,/home/agxorin/topk_filter_study/simulator/scenarios/final_trial_500.csv,clue_search,00,22,9,23,0,0,0,0,103,22,81,47,56,77,acbba_entry:56;clue:3;collision_intent:22;state:22,296,0,completed
403,dcta_parity_v1,topk_filter,aa0724188407797eae5187348bee11ee9f51317c4e8a201863b052786aa2f1df,823213c90703fd83224ad7122ee730ba64af3769ea517af252103bddd907f681,ACBBA,ideal,1.0,19,361,4,0.05,18,,,acbba_topk_5,/home/agxorin/topk_filter_study/simulator/scenarios/final_trial_500.csv,clue_search,01,21,9,22,0,2,0,0,96,22,74,46,50,72,acbba_entry:50;clue:3;collision_intent:22;state:21,304,0,completed
403,dcta_parity_v1,topk_filter,aa0724188407797eae5187348bee11ee9f51317c4e8a201863b052786aa2f1df,823213c90703fd83224ad7122ee730ba64af3769ea517af252103bddd907f681,ACBBA,ideal,1.0,19,361,4,0.05,18,,,acbba_topk_5,/home/agxorin/topk_filter_study/simulator/scenarios/final_trial_500.csv,clue_search,02,22,10,23,0,2,0,0,104,23,81,48,56,80,acbba_entry:56;clue:3;collision_intent:22;state:22;target:1,296,0,completed
403,dcta_parity_v1,topk_filter,aa0724188407797eae5187348bee11ee9f51317c4e8a201863b052786aa2f1df,823213c90703fd83224ad7122ee730ba64af3769ea517af252103bddd907f681,ACBBA,ideal,1.0,19,361,4,0.05,18,,,acbba_topk_5,/home/agxorin/topk_filter_study/simulator/scenarios/final_trial_500.csv,clue_search,03,22,10,22,1,1,0,0,97,22,75,47,50,73,acbba_entry:50;clue:3;collision_intent:22;state:22,301,0,completed
404,dcta_parity_v1,topk_filter,aa0724188407797eae5187348bee11ee9f51317c4e8a201863b052786aa2f1df,823213c90703fd83224ad7122ee730ba64af3769ea517af252103bddd907f681,ACBBA,ideal,1.0,19,361,4,0.05,18,,,acbba_topk_5,/home/agxorin/topk_filter_study/simulator/scenarios/final_trial_500.csv,clue_search,00,11,0,12,0,0,0,0,23,12,11,23,0,0,collision_intent:11;state:11;target:1,62,0,completed
404,dcta_parity_v1,topk_filter,aa0724188407797eae5187348bee11ee9f51317c4e8a201863b052786aa2f1df,823213c90703fd83224ad7122ee730ba64af3769ea517af252103bddd907f681,ACBBA,ideal,1.0,19,361,4,0.05,18,,,acbba_topk_5,/home/agxorin/topk_filter_study/simulator/scenarios/final_trial_500.csv,clue_search,01,10,0,11,0,0,0,0,20,10,10,20,0,0,collision_intent:10;state:10,63,0,completed
404,dcta_parity_v1,topk_filter,aa0724188407797eae5187348bee11ee9f51317c4e8a201863b052786aa2f1df,823213c90703fd83224ad7122ee730ba64af3769ea517af252103bddd907f681,ACBBA,ideal,1.0,19,361,4,0.05,18,,,acbba_topk_5,/home/agxorin/topk_filter_study/simulator/scenarios/final_trial_500.csv,clue_search,02,11,0,12,0,0,0,0,22,11,11,22,0,0,collision_intent:11;state:11,62,0,completed
404,dcta_parity_v1,topk_filter,aa0724188407797eae5187348bee11ee9f51317c4e8a201863b052786aa2f1df,823213c90703fd83224ad7122ee730ba64af3769ea517af252103bddd907f681,ACBBA,ideal,1.0,19,361,4,0.05,18,,,acbba_topk_5,/home/agxorin/topk_filter_study/simulator/scenarios/final_trial_500.csv,clue_search,03,10,0,11,0,0,0,0,20,10,10,20,0,0,collision_intent:10;state:10,63,0,completed
405,dcta_parity_v1,topk_filter,aa0724188407797eae5187348bee11ee9f51317c4e8a201863b052786aa2f1df,823213c90703fd83224ad7122ee730ba64af3769ea517af252103bddd907f681,ACBBA,ideal,1.0,19,361,4,0.05,18,,,acbba_topk_5,/home/agxorin/topk_filter_study/simulator/scenarios/final_trial_500.csv,clue_search,00,27,9,27,1,1,0,0,123,27,96,56,67,87,acbba_entry:67;clue:2;collision_intent:27;state:27,339,0,completed
405,dcta_parity_v1,topk_filter,aa0724188407797eae5187348bee11ee9f51317c4e8a201863b052786aa2f1df,823213c90703fd83224ad7122ee730ba64af3769ea517af252103bddd907f681,ACBBA,ideal,1.0,19,361,4,0.05,18,,,acbba_topk_5,/home/agxorin/topk_filter_study/simulator/scenarios/final_trial_500.csv,clue_search,01,26,9,27,0,0,0,0,106,26,80,54,52,71,acbba_entry:52;clue:2;collision_intent:26;state:26,357,0,completed
405,dcta_parity_v1,topk_filter,aa0724188407797eae5187348bee11ee9f51317c4e8a201863b052786aa2f1df,823213c90703fd83224ad7122ee730ba64af3769ea517af252103bddd907f681,ACBBA,ideal,1.0,19,361,4,0.05,18,,,acbba_topk_5,/home/agxorin/topk_filter_study/simulator/scenarios/final_trial_500.csv,clue_search,02,27,9,28,0,1,0,0,114,28,86,57,57,78,acbba_entry:57;clue:2;collision_intent:27;state:27;target:1,349,0,completed
405,dcta_parity_v1,topk_filter,aa0724188407797eae5187348bee11ee9f51317c4e8a201863b052786aa2f1df,823213c90703fd83224ad7122ee730ba64af3769ea517af252103bddd907f681,ACBBA,ideal,1.0,19,361,4,0.05,18,,,acbba_topk_5,/home/agxorin/topk_filter_study/simulator/scenarios/final_trial_500.csv,clue_search,03,26,8,26,1,0,0,0,120,26,94,54,66,84,acbba_entry:66;clue:2;collision_intent:26;state:26,341,0,completed
406,dcta_parity_v1,topk_filter,aa0724188407797eae5187348bee11ee9f51317c4e8a201863b052786aa2f1df,823213c90703fd83224ad7122ee730ba64af3769ea517af252103bddd907f681,ACBBA,ideal,1.0,19,361,4,0.05,18,,,acbba_topk_5,/home/agxorin/topk_filter_study/simulator/scenarios/final_trial_500.csv,clue_search,00,21,15,21,1,1,0,0,125,21,104,43,82,113,acbba_entry:82;clue:1;collision_intent:21;state:21,421,0,completed
406,dcta_parity_v1,topk_filter,aa0724188407797eae5187348bee11ee9f51317c4e8a201863b052786aa2f1df,823213c90703fd83224ad7122ee730ba64af3769ea517af252103bddd907f681,ACBBA,ideal,1.0,19,361,4,0.05,18,,,acbba_topk_5,/home/agxorin/topk_filter_study/simulator/scenarios/final_trial_500.csv,clue_search,01,20,15,19,2,0,0,0,141,21,120,42,99,130,acbba_entry:99;clue:1;collision_intent:21;state:20,406,0,completed
406,dcta_parity_v1,topk_filter,aa0724188407797eae5187348bee11ee9f51317c4e8a201863b052786aa2f1df,823213c90703fd83224ad7122ee730ba64af3769ea517af252103bddd907f681,ACBBA,ideal,1.0,19,361,4,0.05,18,,,acbba_topk_5,/home/agxorin/topk_filter_study/simulator/scenarios/final_trial_500.csv,clue_search,02,20,14,19,2,0,0,0,134,20,114,41,93,122,acbba_entry:93;clue:1;collision_intent:20;state:20,412,0,completed
406,dcta_parity_v1,topk_filter,aa0724188407797eae5187348bee11ee9f51317c4e8a201863b052786aa2f1df,823213c90703fd83224ad7122ee730ba64af3769ea517af252103bddd907f681,ACBBA,ideal,1.0,19,361,4,0.05,18,,,acbba_topk_5,/home/agxorin/topk_filter_study/simulator/scenarios/final_trial_500.csv,clue_search,03,20,14,18,3,1,0,0,147,21,126,42,105,135,acbba_entry:105;clue:1;collision_intent:20;state:20;target:1,400,0,completed
407,dcta_parity_v1,topk_filter,aa0724188407797eae5187348bee11ee9f51317c4e8a201863b052786aa2f1df,823213c90703fd83224ad7122ee730ba64af3769ea517af252103bddd907f681,ACBBA,ideal,1.0,19,361,4,0.05,18,,,acbba_topk_5,/home/agxorin/topk_filter_study/simulator/scenarios/final_trial_500.csv,clue_search,00,31,25,31,1,4,0,0,227,31,196,63,164,215,acbba_entry:164;clue:1;collision_intent:31;state:31,701,0,completed
407,dcta_parity_v1,topk_filter,aa0724188407797eae5187348bee11ee9f51317c4e8a201863b052786aa2f1df,823213c90703fd83224ad7122ee730ba64af3769ea517af252103bddd907f681,ACBBA,ideal,1.0,19,361,4,0.05,18,,,acbba_topk_5,/home/agxorin/topk_filter_study/simulator/scenarios/final_trial_500.csv,clue_search,01,28,23,21,8,2,3,3,231,31,200,60,171,220,acbba_entry:171;clue:1;collision_intent:31;state:28,695,0,completed
407,dcta_parity_v1,topk_filter,aa0724188407797eae5187348bee11ee9f51317c4e8a201863b052786aa2f1df,823213c90703fd83224ad7122ee730ba64af3769ea517af252103bddd907f681,ACBBA,ideal,1.0,19,361,4,0.05,18,,,acbba_topk_5,/home/agxorin/topk_filter_study/simulator/scenarios/final_trial_500.csv,clue_search,02,29,23,22,8,3,1,1,224,30,194,60,164,212,acbba_entry:164;clue:1;collision_intent:30;state:29,702,0,completed
407,dcta_parity_v1,topk_filter,aa0724188407797eae5187348bee11ee9f51317c4e8a201863b052786aa2f1df,823213c90703fd83224ad7122ee730ba64af3769ea517af252103bddd907f681,ACBBA,ideal,1.0,19,361,4,0.05,18,,,acbba_topk_5,/home/agxorin/topk_filter_study/simulator/scenarios/final_trial_500.csv,clue_search,03,29,23,25,5,0,1,1,246,31,215,61,185,234,acbba_entry:185;clue:1;collision_intent:30;state:29;target:1,682,0,completed
408,dcta_parity_v1,topk_filter,aa0724188407797eae5187348bee11ee9f51317c4e8a201863b052786aa2f1df,823213c90703fd83224ad7122ee730ba64af3769ea517af252103bddd907f681,ACBBA,ideal,1.0,19,361,4,0.05,18,,,acbba_topk_5,/home/agxorin/topk_filter_study/simulator/scenarios/final_trial_500.csv,clue_search,00,15,0,16,0,0,0,0,30,15,15,30,0,0,collision_intent:15;state:15,90,0,completed
408,dcta_parity_v1,topk_filter,aa0724188407797eae5187348bee11ee9f51317c4e8a201863b052786aa2f1df,823213c90703fd83224ad7122ee730ba64af3769ea517af252103bddd907f681,ACBBA,ideal,1.0,19,361,4,0.05,18,,,acbba_topk_5,/home/agxorin/topk_filter_study/simulator/scenarios/final_trial_500.csv,clue_search,01,15,0,16,0,0,0,0,31,16,15,31,0,0,collision_intent:15;state:15;target:1,90,0,completed
408,dcta_parity_v1,topk_filter,aa0724188407797eae5187348bee11ee9f51317c4e8a201863b052786aa2f1df,823213c90703fd83224ad7122ee730ba64af3769ea517af252103bddd907f681,ACBBA,ideal,1.0,19,361,4,0.05,18,,,acbba_topk_5,/home/agxorin/topk_filter_study/simulator/scenarios/final_trial_500.csv,clue_search,02,15,0,16,0,0,0,0,30,15,15,30,0,0,collision_intent:15;state:15,91,0,completed
408,dcta_parity_v1,topk_filter,aa0724188407797eae5187348bee11ee9f51317c4e8a201863b052786aa2f1df,823213c90703fd83224ad7122ee730ba64af3769ea517af252103bddd907f681,ACBBA,ideal,1.0,19,361,4,0.05,18,,,acbba_topk_5,/home/agxorin/topk_filter_study/simulator/scenarios/final_trial_500.csv,clue_search,03,15,0,16,0,0,0,0,30,15,15,30,0,0,collision_intent:15;state:15,90,0,completed
409,dcta_parity_v1,topk_filter,aa0724188407797eae5187348bee11ee9f51317c4e8a201863b052786aa2f1df,823213c90703fd83224ad7122ee730ba64af3769ea517af252103bddd907f681,ACBBA,ideal,1.0,19,361,4,0.05,18,,,acbba_topk_5,/home/agxorin/topk_filter_study/simulator/scenarios/final_trial_500.csv,clue_search,00,22,15,23,0,0,0,0,161,22,139,45,116,147,acbba_entry:116;clue:1;collision_intent:22;state:22,509,0,completed
409,dcta_parity_v1,topk_filter,aa0724188407797eae5187348bee11ee9f51317c4e8a201863b052786aa2f1df,823213c90703fd83224ad7122ee730ba64af3769ea517af252103bddd907f681,ACBBA,ideal,1.0,19,361,4,0.05,18,,,acbba_topk_5,/home/agxorin/topk_filter_study/simulator/scenarios/final_trial_500.csv,clue_search,01,22,15,22,1,0,0,0,169,22,147,45,124,155,acbba_entry:124;clue:1;collision_intent:22;state:22,500,0,completed
409,dcta_parity_v1,topk_filter,aa0724188407797eae5187348bee11ee9f51317c4e8a201863b052786aa2f1df,823213c90703fd83224ad7122ee730ba64af3769ea517af252103bddd907f681,ACBBA,ideal,1.0,19,361,4,0.05,18,,,acbba_topk_5,/home/agxorin/topk_filter_study/simulator/scenarios/final_trial_500.csv,clue_search,02,22,15,23,0,0,0,0,180,22,158,45,135,166,acbba_entry:135;clue:1;collision_intent:22;state:22,490,0,completed
409,dcta_parity_v1,topk_filter,aa0724188407797eae5187348bee11ee9f51317c4e8a201863b052786aa2f1df,823213c90703fd83224ad7122ee730ba64af3769ea517af252103bddd907f681,ACBBA,ideal,1.0,19,361,4,0.05,18,,,acbba_topk_5,/home/agxorin/topk_filter_study/simulator/scenarios/final_trial_500.csv,clue_search,03,23,17,22,2,2,0,0,160,24,136,48,112,147,acbba_entry:112;clue:1;collision_intent:23;state:23;target:1,510,0,completed
410,dcta_parity_v1,topk_filter,aa0724188407797eae5187348bee11ee9f51317c4e8a201863b052786aa2f1df,823213c90703fd83224ad7122ee730ba64af3769ea517af252103bddd907f681,ACBBA,ideal,1.0,19,361,4,0.05,18,,,acbba_topk_5,/home/agxorin/topk_filter_study/simulator/scenarios/final_trial_500.csv,clue_search,00,51,27,43,9,2,0,0,281,51,230,104,177,233,acbba_entry:177;clue:2;collision_intent:51;state:51,850,0,completed
410,dcta_parity_v1,topk_filter,aa0724188407797eae5187348bee11ee9f51317c4e8a201863b052786aa2f1df,823213c90703fd83224ad7122ee730ba64af3769ea517af252103bddd907f681,ACBBA,ideal,1.0,19,361,4,0.05,18,,,acbba_topk_5,/home/agxorin/topk_filter_study/simulator/scenarios/final_trial_500.csv,clue_search,01,49,26,39,11,2,0,0,277,49,228,100,177,231,acbba_entry:177;clue:2;collision_intent:49;state:49,855,0,completed
410,dcta_parity_v1,topk_filter,aa0724188407797eae5187348bee11ee9f51317c4e8a201863b052786aa2f1df,823213c90703fd83224ad7122ee730ba64af3769ea517af252103bddd907f681,ACBBA,ideal,1.0,19,361,4,0.05,18,,,acbba_topk_5,/home/agxorin/topk_filter_study/simulator/scenarios/final_trial_500.csv,clue_search,02,49,25,46,4,5,0,0,289,50,239,101,188,241,acbba_entry:188;clue:2;collision_intent:49;state:49;target:1,843,0,completed
410,dcta_parity_v1,topk_filter,aa0724188407797eae5187348bee11ee9f51317c4e8a201863b052786aa2f1df,823213c90703fd83224ad7122ee730ba64af3769ea517af252103bddd907f681,ACBBA,ideal,1.0,19,361,4,0.05,18,,,acbba_topk_5,/home/agxorin/topk_filter_study/simulator/scenarios/final_trial_500.csv,clue_search,03,48,24,45,4,1,1,1,285,49,236,99,186,237,acbba_entry:186;clue:2;collision_intent:49;state:48,847,0,completed
411,dcta_parity_v1,topk_filter,aa0724188407797eae5187348bee11ee9f51317c4e8a201863b052786aa2f1df,823213c90703fd83224ad7122ee730ba64af3769ea517af252103bddd907f681,ACBBA,ideal,1.0,19,361,4,0.05,18,,,acbba_topk_5,/home/agxorin/topk_filter_study/simulator/scenarios/final_trial_500.csv,clue_search,00,70,66,60,11,2,0,0,665,70,595,144,521,657,acbba_entry:521;clue:4;collision_intent:70;state:70,2095,0,completed
411,dcta_parity_v1,topk_filter,aa0724188407797eae5187348bee11ee9f51317c4e8a201863b052786aa2f1df,823213c90703fd83224ad7122ee730ba64af3769ea517af252103bddd907f681,ACBBA,ideal,1.0,19,361,4,0.05,18,,,acbba_topk_5,/home/agxorin/topk_filter_study/simulator/scenarios/final_trial_500.csv,clue_search,01,70,67,68,3,2,0,0,695,70,625,144,551,689,acbba_entry:551;clue:4;collision_intent:70;state:70,2065,0,completed
411,dcta_parity_v1,topk_filter,aa0724188407797eae5187348bee11ee9f51317c4e8a201863b052786aa2f1df,823213c90703fd83224ad7122ee730ba64af3769ea517af252103bddd907f681,ACBBA,ideal,1.0,19,361,4,0.05,18,,,acbba_topk_5,/home/agxorin/topk_filter_study/simulator/scenarios/final_trial_500.csv,clue_search,02,71,67,58,14,5,1,1,699,72,627,147,552,691,acbba_entry:552;clue:4;collision_intent:72;state:71,2061,0,completed
411,dcta_parity_v1,topk_filter,aa0724188407797eae5187348bee11ee9f51317c4e8a201863b052786aa2f1df,823213c90703fd83224ad7122ee730ba64af3769ea517af252103bddd907f681,ACBBA,ideal,1.0,19,361,4,0.05,18,,,acbba_topk_5,/home/agxorin/topk_filter_study/simulator/scenarios/final_trial_500.csv,clue_search,03,73,70,57,17,12,0,0,703,74,629,151,552,697,acbba_entry:552;clue:4;collision_intent:73;state:73;target:1,2059,0,completed
412,dcta_parity_v1,topk_filter,aa0724188407797eae5187348bee11ee9f51317c4e8a201863b052786aa2f1df,823213c90703fd83224ad7122ee730ba64af3769ea517af252103bddd907f681,ACBBA,ideal,1.0,19,361,4,0.05,18,,,acbba_topk_5,/home/agxorin/topk_filter_study/simulator/scenarios/final_trial_500.csv,clue_search,00,107,103,86,22,4,0,0,930,108,822,217,713,922,acbba_entry:713;clue:2;collision_intent:107;state:107;target:1,2827,0,completed
412,dcta_parity_v1,topk_filter,aa0724188407797eae5187348bee11ee9f51317c4e8a201863b052786aa2f1df,823213c90703fd83224ad7122ee730ba64af3769ea517af252103bddd907f681,ACBBA,ideal,1.0,19,361,4,0.05,18,,,acbba_topk_5,/home/agxorin/topk_filter_study/simulator/scenarios/final_trial_500.csv,clue_search,01,109,106,69,41,2,0,0,927,109,818,220,707,921,acbba_entry:707;clue:2;collision_intent:109;state:109,2828,0,completed
412,dcta_parity_v1,topk_filter,aa0724188407797eae5187348bee11ee9f51317c4e8a201863b052786aa2f1df,823213c90703fd83224ad7122ee730ba64af3769ea517af252103bddd907f681,ACBBA,ideal,1.0,19,361,4,0.05,18,,,acbba_topk_5,/home/agxorin/topk_filter_study/simulator/scenarios/final_trial_500.csv,clue_search,02,104,100,101,4,6,0,0,955,105,850,211,744,947,acbba_entry:744;clue:2;collision_intent:105;state:104,2801,0,completed
412,dcta_parity_v1,topk_filter,aa0724188407797eae5187348bee11ee9f51317c4e8a201863b052786aa2f1df,823213c90703fd83224ad7122ee730ba64af3769ea517af252103bddd907f681,ACBBA,ideal,1.0,19,361,4,0.05,18,,,acbba_topk_5,/home/agxorin/topk_filter_study/simulator/scenarios/final_trial_500.csv,clue_search,03,108,105,84,25,6,0,0,945,108,837,218,727,939,acbba_entry:727;clue:2;collision_intent:108;state:108,2811,0,completed
413,dcta_parity_v1,topk_filter,aa0724188407797eae5187348bee11ee9f51317c4e8a201863b052786aa2f1df,823213c90703fd83224ad7122ee730ba64af3769ea517af252103bddd907f681,ACBBA,ideal,1.0,19,361,4,0.05,18,,,acbba_topk_5,/home/agxorin/topk_filter_study/simulator/scenarios/final_trial_500.csv,clue_search,00,33,26,34,0,1,0,0,283,34,249,70,213,269,acbba_entry:213;clue:3;collision_intent:33;state:33;target:1,767,0,completed
413,dcta_parity_v1,topk_filter,aa0724188407797eae5187348bee11ee9f51317c4e8a201863b052786aa2f1df,823213c90703fd83224ad7122ee730ba64af3769ea517af252103bddd907f681,ACBBA,ideal,1.0,19,361,4,0.05,18,,,acbba_topk_5,/home/agxorin/topk_filter_study/simulator/scenarios/final_trial_500.csv,clue_search,01,32,26,31,2,3,0,0,263,32,231,67,196,251,acbba_entry:196;clue:3;collision_intent:32;state:32,785,0,completed
413,dcta_parity_v1,topk_filter,aa0724188407797eae5187348bee11ee9f51317c4e8a201863b052786aa2f1df,823213c90703fd83224ad7122ee730ba64af3769ea517af252103bddd907f681,ACBBA,ideal,1.0,19,361,4,0.05,18,,,acbba_topk_5,/home/agxorin/topk_filter_study/simulator/scenarios/final_trial_500.csv,clue_search,02,33,26,31,3,0,0,0,253,33,220,69,184,239,acbba_entry:184;clue:3;collision_intent:33;state:33,796,0,completed
413,dcta_parity_v1,topk_filter,aa0724188407797eae5187348bee11ee9f51317c4e8a201863b052786aa2f1df,823213c90703fd83224ad7122ee730ba64af3769ea517af252103bddd907f681,ACBBA,ideal,1.0,19,361,4,0.05,18,,,acbba_topk_5,/home/agxorin/topk_filter_study/simulator/scenarios/final_trial_500.csv,clue_search,03,32,26,31,2,1,0,0,251,32,219,67,184,239,acbba_entry:184;clue:3;collision_intent:32;state:32,797,0,completed
414,dcta_parity_v1,topk_filter,aa0724188407797eae5187348bee11ee9f51317c4e8a201863b052786aa2f1df,823213c90703fd83224ad7122ee730ba64af3769ea517af252103bddd907f681,ACBBA,ideal,1.0,19,361,4,0.05,18,,,acbba_topk_5,/home/agxorin/topk_filter_study/simulator/scenarios/final_trial_500.csv,clue_search,00,12,0,13,0,0,0,0,24,12,12,24,0,0,collision_intent:12;state:12,70,0,completed
414,dcta_parity_v1,topk_filter,aa0724188407797eae5187348bee11ee9f51317c4e8a201863b052786aa2f1df,823213c90703fd83224ad7122ee730ba64af3769ea517af252103bddd907f681,ACBBA,ideal,1.0,19,361,4,0.05,18,,,acbba_topk_5,/home/agxorin/topk_filter_study/simulator/scenarios/final_trial_500.csv,clue_search,01,12,0,13,0,0,0,0,25,13,12,25,0,0,collision_intent:12;state:12;target:1,71,0,completed
414,dcta_parity_v1,topk_filter,aa0724188407797eae5187348bee11ee9f51317c4e8a201863b052786aa2f1df,823213c90703fd83224ad7122ee730ba64af3769ea517af252103bddd907f681,ACBBA,ideal,1.0,19,361,4,0.05,18,,,acbba_topk_5,/home/agxorin/topk_filter_study/simulator/scenarios/final_trial_500.csv,clue_search,02,12,0,13,0,0,0,0,24,12,12,24,0,0,collision_intent:12;state:12,71,0,completed
414,dcta_parity_v1,topk_filter,aa0724188407797eae5187348bee11ee9f51317c4e8a201863b052786aa2f1df,823213c90703fd83224ad7122ee730ba64af3769ea517af252103bddd907f681,ACBBA,ideal,1.0,19,361,4,0.05,18,,,acbba_topk_5,/home/agxorin/topk_filter_study/simulator/scenarios/final_trial_500.csv,clue_search,03,11,0,12,0,0,0,0,23,12,11,23,0,0,collision_intent:12;state:11,73,0,completed
415,dcta_parity_v1,topk_filter,aa0724188407797eae5187348bee11ee9f51317c4e8a201863b052786aa2f1df,823213c90703fd83224ad7122ee730ba64af3769ea517af252103bddd907f681,ACBBA,ideal,1.0,19,361,4,0.05,18,,,acbba_topk_5,/home/agxorin/topk_filter_study/simulator/scenarios/final_trial_500.csv,clue_search,00,9,0,10,0,0,0,0,18,9,9,18,0,0,collision_intent:9;state:9,53,0,completed
415,dcta_parity_v1,topk_filter,aa0724188407797eae5187348bee11ee9f51317c4e8a201863b052786aa2f1df,823213c90703fd83224ad7122ee730ba64af3769ea517af252103bddd907f681,ACBBA,ideal,1.0,19,361,4,0.05,18,,,acbba_topk_5,/home/agxorin/topk_filter_study/simulator/scenarios/final_trial_500.csv,clue_search,01,9,0,10,0,0,0,0,19,10,9,19,0,0,collision_intent:9;state:9;target:1,53,0,completed
415,dcta_parity_v1,topk_filter,aa0724188407797eae5187348bee11ee9f51317c4e8a201863b052786aa2f1df,823213c90703fd83224ad7122ee730ba64af3769ea517af252103bddd907f681,ACBBA,ideal,1.0,19,361,4,0.05,18,,,acbba_topk_5,/home/agxorin/topk_filter_study/simulator/scenarios/final_trial_500.csv,clue_search,02,9,0,10,0,0,0,0,18,9,9,18,0,0,collision_intent:9;state:9,53,0,completed
415,dcta_parity_v1,topk_filter,aa0724188407797eae5187348bee11ee9f51317c4e8a201863b052786aa2f1df,823213c90703fd83224ad7122ee730ba64af3769ea517af252103bddd907f681,ACBBA,ideal,1.0,19,361,4,0.05,18,,,acbba_topk_5,/home/agxorin/topk_filter_study/simulator/scenarios/final_trial_500.csv,clue_search,03,8,0,9,0,0,0,0,17,9,8,17,0,0,collision_intent:9;state:8,54,0,completed
416,dcta_parity_v1,topk_filter,aa0724188407797eae5187348bee11ee9f51317c4e8a201863b052786aa2f1df,823213c90703fd83224ad7122ee730ba64af3769ea517af252103bddd907f681,ACBBA,ideal,1.0,19,361,4,0.05,18,,,acbba_topk_5,/home/agxorin/topk_filter_study/simulator/scenarios/final_trial_500.csv,clue_search,00,7,0,8,0,0,0,0,15,8,7,15,0,0,collision_intent:7;state:7;target:1,37,0,completed
416,dcta_parity_v1,topk_filter,aa0724188407797eae5187348bee11ee9f51317c4e8a201863b052786aa2f1df,823213c90703fd83224ad7122ee730ba64af3769ea517af252103bddd907f681,ACBBA,ideal,1.0,19,361,4,0.05,18,,,acbba_topk_5,/home/agxorin/topk_filter_study/simulator/scenarios/final_trial_500.csv,clue_search,01,6,0,7,0,0,0,0,12,6,6,12,0,0,collision_intent:6;state:6,39,0,completed
416,dcta_parity_v1,topk_filter,aa0724188407797eae5187348bee11ee9f51317c4e8a201863b052786aa2f1df,823213c90703fd83224ad7122ee730ba64af3769ea517af252103bddd907f681,ACBBA,ideal,1.0,19,361,4,0.05,18,,,acbba_topk_5,/home/agxorin/topk_filter_study/simulator/scenarios/final_trial_500.csv,clue_search,02,6,0,7,0,0,0,0,13,7,6,13,0,0,collision_intent:7;state:6,37,0,completed
416,dcta_parity_v1,topk_filter,aa0724188407797eae5187348bee11ee9f51317c4e8a201863b052786aa2f1df,823213c90703fd83224ad7122ee730ba64af3769ea517af252103bddd907f681,ACBBA,ideal,1.0,19,361,4,0.05,18,,,acbba_topk_5,/home/agxorin/topk_filter_study/simulator/scenarios/final_trial_500.csv,clue_search,03,6,0,7,0,0,0,0,12,6,6,12,0,0,collision_intent:6;state:6,40,0,completed
417,dcta_parity_v1,topk_filter,aa0724188407797eae5187348bee11ee9f51317c4e8a201863b052786aa2f1df,823213c90703fd83224ad7122ee730ba64af3769ea517af252103bddd907f681,ACBBA,ideal,1.0,19,361,4,0.05,18,,,acbba_topk_5,/home/agxorin/topk_filter_study/simulator/scenarios/final_trial_500.csv,clue_search,00,18,16,19,0,2,0,0,157,18,139,37,120,153,acbba_entry:120;clue:1;collision_intent:18;state:18,466,0,completed
417,dcta_parity_v1,topk_filter,aa0724188407797eae5187348bee11ee9f51317c4e8a201863b052786aa2f1df,823213c90703fd83224ad7122ee730ba64af3769ea517af252103bddd907f681,ACBBA,ideal,1.0,19,361,4,0.05,18,,,acbba_topk_5,/home/agxorin/topk_filter_study/simulator/scenarios/final_trial_500.csv,clue_search,01,17,15,14,4,3,0,0,152,17,135,35,117,148,acbba_entry:117;clue:1;collision_intent:17;state:17,471,0,completed
417,dcta_parity_v1,topk_filter,aa0724188407797eae5187348bee11ee9f51317c4e8a201863b052786aa2f1df,823213c90703fd83224ad7122ee730ba64af3769ea517af252103bddd907f681,ACBBA,ideal,1.0,19,361,4,0.05,18,,,acbba_topk_5,/home/agxorin/topk_filter_study/simulator/scenarios/final_trial_500.csv,clue_search,02,17,14,16,2,1,1,1,158,18,140,36,122,152,acbba_entry:122;clue:1;collision_intent:18;state:17,467,0,completed
417,dcta_parity_v1,topk_filter,aa0724188407797eae5187348bee11ee9f51317c4e8a201863b052786aa2f1df,823213c90703fd83224ad7122ee730ba64af3769ea517af252103bddd907f681,ACBBA,ideal,1.0,19,361,4,0.05,18,,,acbba_topk_5,/home/agxorin/topk_filter_study/simulator/scenarios/final_trial_500.csv,clue_search,03,18,16,19,0,4,0,0,158,19,139,38,120,154,acbba_entry:120;clue:1;collision_intent:18;state:18;target:1,467,0,completed
418,dcta_parity_v1,topk_filter,aa0724188407797eae5187348bee11ee9f51317c4e8a201863b052786aa2f1df,823213c90703fd83224ad7122ee730ba64af3769ea517af252103bddd907f681,ACBBA,ideal,1.0,19,361,4,0.05,18,,,acbba_topk_5,/home/agxorin/topk_filter_study/simulator/scenarios/final_trial_500.csv,clue_search,00,57,44,52,6,2,0,0,429,57,372,117,312,403,acbba_entry:312;clue:3;collision_intent:57;state:57,1355,0,completed
418,dcta_parity_v1,topk_filter,aa0724188407797eae5187348bee11ee9f51317c4e8a201863b052786aa2f1df,823213c90703fd83224ad7122ee730ba64af3769ea517af252103bddd907f681,ACBBA,ideal,1.0,19,361,4,0.05,18,,,acbba_topk_5,/home/agxorin/topk_filter_study/simulator/scenarios/final_trial_500.csv,clue_search,01,57,44,54,4,0,0,0,441,57,384,117,324,415,acbba_entry:324;clue:3;collision_intent:57;state:57,1343,0,completed
418,dcta_parity_v1,topk_filter,aa0724188407797eae5187348bee11ee9f51317c4e8a201863b052786aa2f1df,823213c90703fd83224ad7122ee730ba64af3769ea517af252103bddd907f681,ACBBA,ideal,1.0,19,361,4,0.05,18,,,acbba_topk_5,/home/agxorin/topk_filter_study/simulator/scenarios/final_trial_500.csv,clue_search,02,57,44,49,9,2,2,1,449,60,389,120,329,423,acbba_entry:329;clue:3;collision_intent:59;state:57;target:1,1335,0,completed
418,dcta_parity_v1,topk_filter,aa0724188407797eae5187348bee11ee9f51317c4e8a201863b052786aa2f1df,823213c90703fd83224ad7122ee730ba64af3769ea517af252103bddd907f681,ACBBA,ideal,1.0,19,361,4,0.05,18,,,acbba_topk_5,/home/agxorin/topk_filter_study/simulator/scenarios/final_trial_500.csv,clue_search,03,56,44,53,4,2,2,1,465,58,407,117,348,441,acbba_entry:348;clue:3;collision_intent:58;state:56,1318,0,completed
419,dcta_parity_v1,topk_filter,aa0724188407797eae5187348bee11ee9f51317c4e8a201863b052786aa2f1df,823213c90703fd83224ad7122ee730ba64af3769ea517af252103bddd907f681,ACBBA,ideal,1.0,19,361,4,0.05,18,,,acbba_topk_5,/home/agxorin/topk_filter_study/simulator/scenarios/final_trial_500.csv,clue_search,00,89,74,86,4,0,0,0,773,89,684,181,592,743,acbba_entry:592;clue:3;collision_intent:89;state:89,2291,0,completed
419,dcta_parity_v1,topk_filter,aa0724188407797eae5187348bee11ee9f51317c4e8a201863b052786aa2f1df,823213c90703fd83224ad7122ee730ba64af3769ea517af252103bddd907f681,ACBBA,ideal,1.0,19,361,4,0.05,18,,,acbba_topk_5,/home/agxorin/topk_filter_study/simulator/scenarios/final_trial_500.csv,clue_search,01,90,75,80,11,1,0,0,768,90,678,183,585,738,acbba_entry:585;clue:3;collision_intent:90;state:90,2296,0,completed
419,dcta_parity_v1,topk_filter,aa0724188407797eae5187348bee11ee9f51317c4e8a201863b052786aa2f1df,823213c90703fd83224ad7122ee730ba64af3769ea517af252103bddd907f681,ACBBA,ideal,1.0,19,361,4,0.05,18,,,acbba_topk_5,/home/agxorin/topk_filter_study/simulator/scenarios/final_trial_500.csv,clue_search,02,89,74,69,21,1,3,3,759,92,667,184,575,729,acbba_entry:575;clue:3;collision_intent:92;state:89,2306,0,completed
419,dcta_parity_v1,topk_filter,aa0724188407797eae5187348bee11ee9f51317c4e8a201863b052786aa2f1df,823213c90703fd83224ad7122ee730ba64af3769ea517af252103bddd907f681,ACBBA,ideal,1.0,19,361,4,0.05,18,,,acbba_topk_5,/home/agxorin/topk_filter_study/simulator/scenarios/final_trial_500.csv,clue_search,03,89,74,80,10,3,0,0,765,90,675,182,583,735,acbba_entry:583;clue:3;collision_intent:89;state:89;target:1,2300,0,completed
420,dcta_parity_v1,topk_filter,aa0724188407797eae5187348bee11ee9f51317c4e8a201863b052786aa2f1df,823213c90703fd83224ad7122ee730ba64af3769ea517af252103bddd907f681,ACBBA,ideal,1.0,19,361,4,0.05,18,,,acbba_topk_5,/home/agxorin/topk_filter_study/simulator/scenarios/final_trial_500.csv,clue_search,00,98,64,83,16,4,0,0,669,99,570,200,469,600,acbba_entry:469;clue:3;collision_intent:98;state:98;target:1,2082,0,completed
420,dcta_parity_v1,topk_filter,aa0724188407797eae5187348bee11ee9f51317c4e8a201863b052786aa2f1df,823213c90703fd83224ad7122ee730ba64af3769ea517af252103bddd907f681,ACBBA,ideal,1.0,19,361,4,0.05,18,,,acbba_topk_5,/home/agxorin/topk_filter_study/simulator/scenarios/final_trial_500.csv,clue_search,01,96,61,89,8,1,0,0,714,97,617,196,518,644,acbba_entry:518;clue:3;collision_intent:97;state:96,2036,0,completed
420,dcta_parity_v1,topk_filter,aa0724188407797eae5187348bee11ee9f51317c4e8a201863b052786aa2f1df,823213c90703fd83224ad7122ee730ba64af3769ea517af252103bddd907f681,ACBBA,ideal,1.0,19,361,4,0.05,18,,,acbba_topk_5,/home/agxorin/topk_filter_study/simulator/scenarios/final_trial_500.csv,clue_search,02,95,60,84,12,8,4,2,703,99,604,197,506,633,acbba_entry:506;clue:3;collision_intent:99;state:95,2046,0,completed
420,dcta_parity_v1,topk_filter,aa0724188407797eae5187348bee11ee9f51317c4e8a201863b052786aa2f1df,823213c90703fd83224ad7122ee730ba64af3769ea517af252103bddd907f681,ACBBA,ideal,1.0,19,361,4,0.05,18,,,acbba_topk_5,/home/agxorin/topk_filter_study/simulator/scenarios/final_trial_500.csv,clue_search,03,96,62,78,19,1,0,0,665,96,569,195,470,597,acbba_entry:470;clue:3;collision_intent:96;state:96,2085,0,completed
421,dcta_parity_v1,topk_filter,aa0724188407797eae5187348bee11ee9f51317c4e8a201863b052786aa2f1df,823213c90703fd83224ad7122ee730ba64af3769ea517af252103bddd907f681,ACBBA,ideal,1.0,19,361,4,0.05,18,,,acbba_topk_5,/home/agxorin/topk_filter_study/simulator/scenarios/final_trial_500.csv,clue_search,00,79,77,71,9,5,1,1,726,80,646,161,565,722,acbba_entry:565;clue:2;collision_intent:80;state:79,2195,0,completed
421,dcta_parity_v1,topk_filter,aa0724188407797eae5187348bee11ee9f51317c4e8a201863b052786aa2f1df,823213c90703fd83224ad7122ee730ba64af3769ea517af252103bddd907f681,ACBBA,ideal,1.0,19,361,4,0.05,18,,,acbba_topk_5,/home/agxorin/topk_filter_study/simulator/scenarios/final_trial_500.csv,clue_search,01,76,75,66,11,2,2,2,722,78,644,156,566,720,acbba_entry:566;clue:2;collision_intent:78;state:76,2201,0,completed
421,dcta_parity_v1,topk_filter,aa0724188407797eae5187348bee11ee9f51317c4e8a201863b052786aa2f1df,823213c90703fd83224ad7122ee730ba64af3769ea517af252103bddd907f681,ACBBA,ideal,1.0,19,361,4,0.05,18,,,acbba_topk_5,/home/agxorin/topk_filter_study/simulator/scenarios/final_trial_500.csv,clue_search,02,78,76,51,28,3,1,1,737,79,658,159,578,733,acbba_entry:578;clue:2;collision_intent:79;state:78,2185,0,completed
421,dcta_parity_v1,topk_filter,aa0724188407797eae5187348bee11ee9f51317c4e8a201863b052786aa2f1df,823213c90703fd83224ad7122ee730ba64af3769ea517af252103bddd907f681,ACBBA,ideal,1.0,19,361,4,0.05,18,,,acbba_topk_5,/home/agxorin/topk_filter_study/simulator/scenarios/final_trial_500.csv,clue_search,03,78,77,76,3,6,0,0,738,79,659,159,579,736,acbba_entry:579;clue:2;collision_intent:78;state:78;target:1,2185,0,completed
422,dcta_parity_v1,topk_filter,aa0724188407797eae5187348bee11ee9f51317c4e8a201863b052786aa2f1df,823213c90703fd83224ad7122ee730ba64af3769ea517af252103bddd907f681,ACBBA,ideal,1.0,19,361,4,0.05,18,,,acbba_topk_5,/home/agxorin/topk_filter_study/simulator/scenarios/final_trial_500.csv,clue_search,00,16,1,17,0,0,0,0,37,17,20,34,3,7,acbba_entry:3;clue:1;collision_intent:16;state:16;target:1,103,0,completed
422,dcta_parity_v1,topk_filter,aa0724188407797eae5187348bee11ee9f51317c4e8a201863b052786aa2f1df,823213c90703fd83224ad7122ee730ba64af3769ea517af252103bddd907f681,ACBBA,ideal,1.0,19,361,4,0.05,18,,,acbba_topk_5,/home/agxorin/topk_filter_study/simulator/scenarios/final_trial_500.csv,clue_search,01,15,1,16,0,0,0,0,34,15,19,31,3,6,acbba_entry:3;clue:1;collision_intent:15;state:15,105,0,completed
422,dcta_parity_v1,topk_filter,aa0724188407797eae5187348bee11ee9f51317c4e8a201863b052786aa2f1df,823213c90703fd83224ad7122ee730ba64af3769ea517af252103bddd907f681,ACBBA,ideal,1.0,19,361,4,0.05,18,,,acbba_topk_5,/home/agxorin/topk_filter_study/simulator/scenarios/final_trial_500.csv,clue_search,02,15,1,16,0,0,0,0,35,16,19,32,3,6,acbba_entry:3;clue:1;collision_intent:16;state:15,103,0,completed
422,dcta_parity_v1,topk_filter,aa0724188407797eae5187348bee11ee9f51317c4e8a201863b052786aa2f1df,823213c90703fd83224ad7122ee730ba64af3769ea517af252103bddd907f681,ACBBA,ideal,1.0,19,361,4,0.05,18,,,acbba_topk_5,/home/agxorin/topk_filter_study/simulator/scenarios/final_trial_500.csv,clue_search,03,15,1,16,0,0,0,0,34,15,19,31,3,6,acbba_entry:3;clue:1;collision_intent:15;state:15,104,0,completed
423,dcta_parity_v1,topk_filter,aa0724188407797eae5187348bee11ee9f51317c4e8a201863b052786aa2f1df,823213c90703fd83224ad7122ee730ba64af3769ea517af252103bddd907f681,ACBBA,ideal,1.0,19,361,4,0.05,18,,,acbba_topk_5,/home/agxorin/topk_filter_study/simulator/scenarios/final_trial_500.csv,clue_search,00,70,23,68,3,1,0,0,302,70,232,142,160,208,acbba_entry:160;clue:2;collision_intent:70;state:70,915,0,completed
423,dcta_parity_v1,topk_filter,aa0724188407797eae5187348bee11ee9f51317c4e8a201863b052786aa2f1df,823213c90703fd83224ad7122ee730ba64af3769ea517af252103bddd907f681,ACBBA,ideal,1.0,19,361,4,0.05,18,,,acbba_topk_5,/home/agxorin/topk_filter_study/simulator/scenarios/final_trial_500.csv,clue_search,01,69,22,66,4,1,0,0,302,70,232,141,161,208,acbba_entry:161;clue:2;collision_intent:70;state:69,917,0,completed
423,dcta_parity_v1,topk_filter,aa0724188407797eae5187348bee11ee9f51317c4e8a201863b052786aa2f1df,823213c90703fd83224ad7122ee730ba64af3769ea517af252103bddd907f681,ACBBA,ideal,1.0,19,361,4,0.05,18,,,acbba_topk_5,/home/agxorin/topk_filter_study/simulator/scenarios/final_trial_500.csv,clue_search,02,70,23,68,3,1,0,0,324,71,253,143,181,230,acbba_entry:181;clue:2;collision_intent:70;state:70;target:1,895,0,completed
423,dcta_parity_v1,topk_filter,aa0724188407797eae5187348bee11ee9f51317c4e8a201863b052786aa2f1df,823213c90703fd83224ad7122ee730ba64af3769ea517af252103bddd907f681,ACBBA,ideal,1.0,19,361,4,0.05,18,,,acbba_topk_5,/home/agxorin/topk_filter_study/simulator/scenarios/final_trial_500.csv,clue_search,03,71,24,62,10,3,0,0,291,71,220,144,147,197,acbba_entry:147;clue:2;collision_intent:71;state:71,927,0,completed
424,dcta_parity_v1,topk_filter,aa0724188407797eae5187348bee11ee9f51317c4e8a201863b052786aa2f1df,823213c90703fd83224ad7122ee730ba64af3769ea517af252103bddd907f681,ACBBA,ideal,1.0,19,361,4,0.05,18,,,acbba_topk_5,/home/agxorin/topk_filter_study/simulator/scenarios/final_trial_500.csv,clue_search,00,24,19,24,1,0,1,1,195,26,169,52,143,185,acbba_entry:143;clue:2;collision_intent:25;state:24;target:1,592,0,completed
424,dcta_parity_v1,topk_filter,aa0724188407797eae5187348bee11ee9f51317c4e8a201863b052786aa2f1df,823213c90703fd83224ad7122ee730ba64af3769ea517af252103bddd907f681,ACBBA,ideal,1.0,19,361,4,0.05,18,,,acbba_topk_5,/home/agxorin/topk_filter_study/simulator/scenarios/final_trial_500.csv,clue_search,01,24,20,25,0,2,0,0,204,24,180,50,154,196,acbba_entry:154;clue:2;collision_intent:24;state:24,583,0,completed
424,dcta_parity_v1,topk_filter,aa0724188407797eae5187348bee11ee9f51317c4e8a201863b052786aa2f1df,823213c90703fd83224ad7122ee730ba64af3769ea517af252103bddd907f681,ACBBA,ideal,1.0,19,361,4,0.05,18,,,acbba_topk_5,/home/agxorin/topk_filter_study/simulator/scenarios/final_trial_500.csv,clue_search,02,24,20,25,0,0,0,0,185,24,161,50,135,176,acbba_entry:135;clue:2;collision_intent:24;state:24,601,0,completed
424,dcta_parity_v1,topk_filter,aa0724188407797eae5187348bee11ee9f51317c4e8a201863b052786aa2f1df,823213c90703fd83224ad7122ee730ba64af3769ea517af252103bddd907f681,ACBBA,ideal,1.0,19,361,4,0.05,18,,,acbba_topk_5,/home/agxorin/topk_filter_study/simulator/scenarios/final_trial_500.csv,clue_search,03,25,21,24,2,3,0,0,203,25,178,52,151,195,acbba_entry:151;clue:2;collision_intent:25;state:25,584,0,completed
425,dcta_parity_v1,topk_filter,aa0724188407797eae5187348bee11ee9f51317c4e8a201863b052786aa2f1df,823213c90703fd83224ad7122ee730ba64af3769ea517af252103bddd907f681,ACBBA,ideal,1.0,19,361,4,0.05,18,,,acbba_topk_5,/home/agxorin/topk_filter_study/simulator/scenarios/final_trial_500.csv,clue_search,00,11,11,11,1,0,0,0,104,11,93,24,80,104,acbba_entry:80;clue:2;collision_intent:11;state:11,358,0,completed
425,dcta_parity_v1,topk_filter,aa0724188407797eae5187348bee11ee9f51317c4e8a201863b052786aa2f1df,823213c90703fd83224ad7122ee730ba64af3769ea517af252103bddd907f681,ACBBA,ideal,1.0,19,361,4,0.05,18,,,acbba_topk_5,/home/agxorin/topk_filter_study/simulator/scenarios/final_trial_500.csv,clue_search,01,11,11,11,1,3,0,0,116,11,105,24,92,116,acbba_entry:92;clue:2;collision_intent:11;state:11,346,0,completed
425,dcta_parity_v1,topk_filter,aa0724188407797eae5187348bee11ee9f51317c4e8a201863b052786aa2f1df,823213c90703fd83224ad7122ee730ba64af3769ea517af252103bddd907f681,ACBBA,ideal,1.0,19,361,4,0.05,18,,,acbba_topk_5,/home/agxorin/topk_filter_study/simulator/scenarios/final_trial_500.csv,clue_search,02,11,11,10,2,2,2,1,126,14,112,27,99,126,acbba_entry:99;clue:2;collision_intent:13;state:11;target:1,337,0,completed
425,dcta_parity_v1,topk_filter,aa0724188407797eae5187348bee11ee9f51317c4e8a201863b052786aa2f1df,823213c90703fd83224ad7122ee730ba64af3769ea517af252103bddd907f681,ACBBA,ideal,1.0,19,361,4,0.05,18,,,acbba_topk_5,/home/agxorin/topk_filter_study/simulator/scenarios/final_trial_500.csv,clue_search,03,11,11,12,0,1,0,0,117,11,106,24,93,117,acbba_entry:93;clue:2;collision_intent:11;state:11,345,0,completed
426,dcta_parity_v1,topk_filter,aa0724188407797eae5187348bee11ee9f51317c4e8a201863b052786aa2f1df,823213c90703fd83224ad7122ee730ba64af3769ea517af252103bddd907f681,ACBBA,ideal,1.0,19,361,4,0.05,18,,,acbba_topk_5,/home/agxorin/topk_filter_study/simulator/scenarios/final_trial_500.csv,clue_search,00,49,41,46,4,1,0,0,411,49,362,100,311,395,acbba_entry:311;clue:2;collision_intent:49;state:49,1230,0,completed
426,dcta_parity_v1,topk_filter,aa0724188407797eae5187348bee11ee9f51317c4e8a201863b052786aa2f1df,823213c90703fd83224ad7122ee730ba64af3769ea517af252103bddd907f681,ACBBA,ideal,1.0,19,361,4,0.05,18,,,acbba_topk_5,/home/agxorin/topk_filter_study/simulator/scenarios/final_trial_500.csv,clue_search,01,48,41,47,2,2,0,0,400,48,352,98,302,386,acbba_entry:302;clue:2;collision_intent:48;state:48,1241,0,completed
426,dcta_parity_v1,topk_filter,aa0724188407797eae5187348bee11ee9f51317c4e8a201863b052786aa2f1df,823213c90703fd83224ad7122ee730ba64af3769ea517af252103bddd907f681,ACBBA,ideal,1.0,19,361,4,0.05,18,,,acbba_topk_5,/home/agxorin/topk_filter_study/simulator/scenarios/final_trial_500.csv,clue_search,02,48,40,45,4,0,0,0,419,49,370,99,320,403,acbba_entry:320;clue:2;collision_intent:48;state:48;target:1,1223,0,completed
426,dcta_parity_v1,topk_filter,aa0724188407797eae5187348bee11ee9f51317c4e8a201863b052786aa2f1df,823213c90703fd83224ad7122ee730ba64af3769ea517af252103bddd907f681,ACBBA,ideal,1.0,19,361,4,0.05,18,,,acbba_topk_5,/home/agxorin/topk_filter_study/simulator/scenarios/final_trial_500.csv,clue_search,03,48,41,47,2,1,0,0,412,48,364,98,314,398,acbba_entry:314;clue:2;collision_intent:48;state:48,1228,0,completed
427,dcta_parity_v1,topk_filter,aa0724188407797eae5187348bee11ee9f51317c4e8a201863b052786aa2f1df,823213c90703fd83224ad7122ee730ba64af3769ea517af252103bddd907f681,ACBBA,ideal,1.0,19,361,4,0.05,18,,,acbba_topk_5,/home/agxorin/topk_filter_study/simulator/scenarios/final_trial_500.csv,clue_search,00,87,69,77,11,1,0,0,690,88,602,178,512,654,acbba_entry:512;clue:3;collision_intent:87;state:87;target:1,2139,0,completed
427,dcta_parity_v1,topk_filter,aa0724188407797eae5187348bee11ee9f51317c4e8a201863b052786aa2f1df,823213c90703fd83224ad7122ee730ba64af3769ea517af252103bddd907f681,ACBBA,ideal,1.0,19,361,4,0.05,18,,,acbba_topk_5,/home/agxorin/topk_filter_study/simulator/scenarios/final_trial_500.csv,clue_search,01,86,68,75,12,2,0,0,680,86,594,175,505,644,acbba_entry:505;clue:3;collision_intent:86;state:86,2148,0,completed
427,dcta_parity_v1,topk_filter,aa0724188407797eae5187348bee11ee9f51317c4e8a201863b052786aa2f1df,823213c90703fd83224ad7122ee730ba64af3769ea517af252103bddd907f681,ACBBA,ideal,1.0,19,361,4,0.05,18,,,acbba_topk_5,/home/agxorin/topk_filter_study/simulator/scenarios/final_trial_500.csv,clue_search,02,85,67,75,11,2,5,3,727,90,637,178,549,691,acbba_entry:549;clue:3;collision_intent:90;state:85,2102,0,completed
427,dcta_parity_v1,topk_filter,aa0724188407797eae5187348bee11ee9f51317c4e8a201863b052786aa2f1df,823213c90703fd83224ad7122ee730ba64af3769ea517af252103bddd907f681,ACBBA,ideal,1.0,19,361,4,0.05,18,,,acbba_topk_5,/home/agxorin/topk_filter_study/simulator/scenarios/final_trial_500.csv,clue_search,03,85,67,70,16,6,5,5,732,91,641,179,553,696,acbba_entry:553;clue:3;collision_intent:91;state:85,2096,0,completed
428,dcta_parity_v1,topk_filter,aa0724188407797eae5187348bee11ee9f51317c4e8a201863b052786aa2f1df,823213c90703fd83224ad7122ee730ba64af3769ea517af252103bddd907f681,ACBBA,ideal,1.0,19,361,4,0.05,18,,,acbba_topk_5,/home/agxorin/topk_filter_study/simulator/scenarios/final_trial_500.csv,clue_search,00,39,1,40,0,0,0,0,82,39,43,79,3,6,acbba_entry:3;clue:1;collision_intent:39;state:39,247,0,completed
428,dcta_parity_v1,topk_filter,aa0724188407797eae5187348bee11ee9f51317c4e8a201863b052786aa2f1df,823213c90703fd83224ad7122ee730ba64af3769ea517af252103bddd907f681,ACBBA,ideal,1.0,19,361,4,0.05,18,,,acbba_topk_5,/home/agxorin/topk_filter_study/simulator/scenarios/final_trial_500.csv,clue_search,01,38,1,39,0,0,0,0,80,38,42,77,3,6,acbba_entry:3;clue:1;collision_intent:38;state:38,249,0,completed
428,dcta_parity_v1,topk_filter,aa0724188407797eae5187348bee11ee9f51317c4e8a201863b052786aa2f1df,823213c90703fd83224ad7122ee730ba64af3769ea517af252103bddd907f681,ACBBA,ideal,1.0,19,361,4,0.05,18,,,acbba_topk_5,/home/agxorin/topk_filter_study/simulator/scenarios/final_trial_500.csv,clue_search,02,39,1,40,0,0,0,0,83,40,43,80,3,7,acbba_entry:3;clue:1;collision_intent:39;state:39;target:1,247,0,completed
428,dcta_parity_v1,topk_filter,aa0724188407797eae5187348bee11ee9f51317c4e8a201863b052786aa2f1df,823213c90703fd83224ad7122ee730ba64af3769ea517af252103bddd907f681,ACBBA,ideal,1.0,19,361,4,0.05,18,,,acbba_topk_5,/home/agxorin/topk_filter_study/simulator/scenarios/final_trial_500.csv,clue_search,03,39,1,40,0,0,0,0,85,39,46,79,6,9,acbba_entry:6;clue:1;collision_intent:39;state:39,244,0,completed
429,dcta_parity_v1,topk_filter,aa0724188407797eae5187348bee11ee9f51317c4e8a201863b052786aa2f1df,823213c90703fd83224ad7122ee730ba64af3769ea517af252103bddd907f681,ACBBA,ideal,1.0,19,361,4,0.05,18,,,acbba_topk_5,/home/agxorin/topk_filter_study/simulator/scenarios/final_trial_500.csv,clue_search,00,38,28,36,3,3,0,0,255,39,216,80,175,235,acbba_entry:175;clue:3;collision_intent:38;state:38;target:1,809,0,completed
429,dcta_parity_v1,topk_filter,aa0724188407797eae5187348bee11ee9f51317c4e8a201863b052786aa2f1df,823213c90703fd83224ad7122ee730ba64af3769ea517af252103bddd907f681,ACBBA,ideal,1.0,19,361,4,0.05,18,,,acbba_topk_5,/home/agxorin/topk_filter_study/simulator/scenarios/final_trial_500.csv,clue_search,01,35,26,31,5,0,1,1,268,36,232,74,194,250,acbba_entry:194;clue:3;collision_intent:36;state:35,795,0,completed
429,dcta_parity_v1,topk_filter,aa0724188407797eae5187348bee11ee9f51317c4e8a201863b052786aa2f1df,823213c90703fd83224ad7122ee730ba64af3769ea517af252103bddd907f681,ACBBA,ideal,1.0,19,361,4,0.05,18,,,acbba_topk_5,/home/agxorin/topk_filter_study/simulator/scenarios/final_trial_500.csv,clue_search,02,36,26,35,2,1,0,0,270,36,234,75,195,250,acbba_entry:195;clue:3;collision_intent:36;state:36,793,0,completed
429,dcta_parity_v1,topk_filter,aa0724188407797eae5187348bee11ee9f51317c4e8a201863b052786aa2f1df,823213c90703fd83224ad7122ee730ba64af3769ea517af252103bddd907f681,ACBBA,ideal,1.0,19,361,4,0.05,18,,,acbba_topk_5,/home/agxorin/topk_filter_study/simulator/scenarios/final_trial_500.csv,clue_search,03,35,25,29,7,2,2,2,271,37,234,75,196,251,acbba_entry:196;clue:3;collision_intent:37;state:35,792,0,completed
430,dcta_parity_v1,topk_filter,aa0724188407797eae5187348bee11ee9f51317c4e8a201863b052786aa2f1df,823213c90703fd83224ad7122ee730ba64af3769ea517af252103bddd907f681,ACBBA,ideal,1.0,19,361,4,0.05,18,,,acbba_topk_5,/home/agxorin/topk_filter_study/simulator/scenarios/final_trial_500.csv,clue_search,00,5,0,6,0,0,0,0,11,6,5,11,0,0,collision_intent:5;state:5;target:1,26,0,completed
430,dcta_parity_v1,topk_filter,aa0724188407797eae5187348bee11ee9f51317c4e8a201863b052786aa2f1df,823213c90703fd83224ad7122ee730ba64af3769ea517af252103bddd907f681,ACBBA,ideal,1.0,19,361,4,0.05,18,,,acbba_topk_5,/home/agxorin/topk_filter_study/simulator/scenarios/final_trial_500.csv,clue_search,01,4,0,5,0,0,0,0,8,4,4,8,0,0,collision_intent:4;state:4,28,0,completed
430,dcta_parity_v1,topk_filter,aa0724188407797eae5187348bee11ee9f51317c4e8a201863b052786aa2f1df,823213c90703fd83224ad7122ee730ba64af3769ea517af252103bddd907f681,ACBBA,ideal,1.0,19,361,4,0.05,18,,,acbba_topk_5,/home/agxorin/topk_filter_study/simulator/scenarios/final_trial_500.csv,clue_search,02,5,0,6,0,0,0,0,10,5,5,10,0,0,collision_intent:5;state:5,27,0,completed
430,dcta_parity_v1,topk_filter,aa0724188407797eae5187348bee11ee9f51317c4e8a201863b052786aa2f1df,823213c90703fd83224ad7122ee730ba64af3769ea517af252103bddd907f681,ACBBA,ideal,1.0,19,361,4,0.05,18,,,acbba_topk_5,/home/agxorin/topk_filter_study/simulator/scenarios/final_trial_500.csv,clue_search,03,4,0,5,0,0,0,0,8,4,4,8,0,0,collision_intent:4;state:4,28,0,completed
431,dcta_parity_v1,topk_filter,aa0724188407797eae5187348bee11ee9f51317c4e8a201863b052786aa2f1df,823213c90703fd83224ad7122ee730ba64af3769ea517af252103bddd907f681,ACBBA,ideal,1.0,19,361,4,0.05,18,,,acbba_topk_5,/home/agxorin/topk_filter_study/simulator/scenarios/final_trial_500.csv,clue_search,00,87,55,78,10,2,1,1,576,88,488,178,398,512,acbba_entry:398;clue:3;collision_intent:88;state:87,1641,0,completed
431,dcta_parity_v1,topk_filter,aa0724188407797eae5187348bee11ee9f51317c4e8a201863b052786aa2f1df,823213c90703fd83224ad7122ee730ba64af3769ea517af252103bddd907f681,ACBBA,ideal,1.0,19,361,4,0.05,18,,,acbba_topk_5,/home/agxorin/topk_filter_study/simulator/scenarios/final_trial_500.csv,clue_search,01,89,58,71,19,3,0,0,549,90,459,182,367,487,acbba_entry:367;clue:3;collision_intent:89;state:89;target:1,1669,0,completed
431,dcta_parity_v1,topk_filter,aa0724188407797eae5187348bee11ee9f51317c4e8a201863b052786aa2f1df,823213c90703fd83224ad7122ee730ba64af3769ea517af252103bddd907f681,ACBBA,ideal,1.0,19,361,4,0.05,18,,,acbba_topk_5,/home/agxorin/topk_filter_study/simulator/scenarios/final_trial_500.csv,clue_search,02,87,55,63,25,3,0,0,541,87,454,177,364,477,acbba_entry:364;clue:3;collision_intent:87;state:87,1676,0,completed
431,dcta_parity_v1,topk_filter,aa0724188407797eae5187348bee11ee9f51317c4e8a201863b052786aa2f1df,823213c90703fd83224ad7122ee730ba64af3769ea517af252103bddd907f681,ACBBA,ideal,1.0,19,361,4,0.05,18,,,acbba_topk_5,/home/agxorin/topk_filter_study/simulator/scenarios/final_trial_500.csv,clue_search,03,88,56,69,20,2,0,0,552,88,464,179,373,488,acbba_entry:373;clue:3;collision_intent:88;state:88,1666,0,completed
432,dcta_parity_v1,topk_filter,aa0724188407797eae5187348bee11ee9f51317c4e8a201863b052786aa2f1df,823213c90703fd83224ad7122ee730ba64af3769ea517af252103bddd907f681,ACBBA,ideal,1.0,19,361,4,0.05,18,,,acbba_topk_5,/home/agxorin/topk_filter_study/simulator/scenarios/final_trial_500.csv,clue_search,00,41,41,37,5,1,4,3,444,46,398,90,354,444,acbba_entry:354;clue:3;collision_intent:45;state:41;target:1,1313,0,completed
432,dcta_parity_v1,topk_filter,aa0724188407797eae5187348bee11ee9f51317c4e8a201863b052786aa2f1df,823213c90703fd83224ad7122ee730ba64af3769ea517af252103bddd907f681,ACBBA,ideal,1.0,19,361,4,0.05,18,,,acbba_topk_5,/home/agxorin/topk_filter_study/simulator/scenarios/final_trial_500.csv,clue_search,01,42,42,41,2,6,0,0,434,42,392,87,347,434,acbba_entry:347;clue:3;collision_intent:42;state:42,1321,0,completed
432,dcta_parity_v1,topk_filter,aa0724188407797eae5187348bee11ee9f51317c4e8a201863b052786aa2f1df,823213c90703fd83224ad7122ee730ba64af3769ea517af252103bddd907f681,ACBBA,ideal,1.0,19,361,4,0.05,18,,,acbba_topk_5,/home/agxorin/topk_filter_study/simulator/scenarios/final_trial_500.csv,clue_search,02,42,42,38,5,2,0,0,436,42,394,87,349,436,acbba_entry:349;clue:3;collision_intent:42;state:42,1319,0,completed
432,dcta_parity_v1,topk_filter,aa0724188407797eae5187348bee11ee9f51317c4e8a201863b052786aa2f1df,823213c90703fd83224ad7122ee730ba64af3769ea517af252103bddd907f681,ACBBA,ideal,1.0,19,361,4,0.05,18,,,acbba_topk_5,/home/agxorin/topk_filter_study/simulator/scenarios/final_trial_500.csv,clue_search,03,42,42,38,5,4,0,0,443,42,401,87,356,443,acbba_entry:356;clue:3;collision_intent:42;state:42,1313,0,completed
433,dcta_parity_v1,topk_filter,aa0724188407797eae5187348bee11ee9f51317c4e8a201863b052786aa2f1df,823213c90703fd83224ad7122ee730ba64af3769ea517af252103bddd907f681,ACBBA,ideal,1.0,19,361,4,0.05,18,,,acbba_topk_5,/home/agxorin/topk_filter_study/simulator/scenarios/final_trial_500.csv,clue_search,00,68,57,66,3,2,0,0,535,69,466,139,396,513,acbba_entry:396;clue:2;collision_intent:68;state:68;target:1,1684,0,completed
433,dcta_parity_v1,topk_filter,aa0724188407797eae5187348bee11ee9f51317c4e8a201863b052786aa2f1df,823213c90703fd83224ad7122ee730ba64af3769ea517af252103bddd907f681,ACBBA,ideal,1.0,19,361,4,0.05,18,,,acbba_topk_5,/home/agxorin/topk_filter_study/simulator/scenarios/final_trial_500.csv,clue_search,01,68,58,62,7,3,0,0,548,68,480,138,410,528,acbba_entry:410;clue:2;collision_intent:68;state:68,1669,0,completed
433,dcta_parity_v1,topk_filter,aa0724188407797eae5187348bee11ee9f51317c4e8a201863b052786aa2f1df,823213c90703fd83224ad7122ee730ba64af3769ea517af252103bddd907f681,ACBBA,ideal,1.0,19,361,4,0.05,18,,,acbba_topk_5,/home/agxorin/topk_filter_study/simulator/scenarios/final_trial_500.csv,clue_search,02,66,55,63,4,3,2,2,572,69,503,137,435,550,acbba_entry:435;clue:2;collision_intent:69;state:66,1645,0,completed
433,dcta_parity_v1,topk_filter,aa0724188407797eae5187348bee11ee9f51317c4e8a201863b052786aa2f1df,823213c90703fd83224ad7122ee730ba64af3769ea517af252103bddd907f681,ACBBA,ideal,1.0,19,361,4,0.05,18,,,acbba_topk_5,/home/agxorin/topk_filter_study/simulator/scenarios/final_trial_500.csv,clue_search,03,67,57,65,3,3,1,1,564,69,495,138,426,544,acbba_entry:426;clue:2;collision_intent:69;state:67,1653,0,completed
434,dcta_parity_v1,topk_filter,aa0724188407797eae5187348bee11ee9f51317c4e8a201863b052786aa2f1df,823213c90703fd83224ad7122ee730ba64af3769ea517af252103bddd907f681,ACBBA,ideal,1.0,19,361,4,0.05,18,,,acbba_topk_5,/home/agxorin/topk_filter_study/simulator/scenarios/final_trial_500.csv,clue_search,00,2,0,3,0,0,0,0,5,3,2,5,0,0,collision_intent:2;state:2;target:1,7,0,completed
434,dcta_parity_v1,topk_filter,aa0724188407797eae5187348bee11ee9f51317c4e8a201863b052786aa2f1df,823213c90703fd83224ad7122ee730ba64af3769ea517af252103bddd907f681,ACBBA,ideal,1.0,19,361,4,0.05,18,,,acbba_topk_5,/home/agxorin/topk_filter_study/simulator/scenarios/final_trial_500.csv,clue_search,01,1,0,2,0,0,0,0,2,1,1,2,0,0,collision_intent:1;state:1,9,0,completed
434,dcta_parity_v1,topk_filter,aa0724188407797eae5187348bee11ee9f51317c4e8a201863b052786aa2f1df,823213c90703fd83224ad7122ee730ba64af3769ea517af252103bddd907f681,ACBBA,ideal,1.0,19,361,4,0.05,18,,,acbba_topk_5,/home/agxorin/topk_filter_study/simulator/scenarios/final_trial_500.csv,clue_search,02,1,0,2,0,0,0,0,3,2,1,3,0,0,collision_intent:2;state:1,8,0,completed
434,dcta_parity_v1,topk_filter,aa0724188407797eae5187348bee11ee9f51317c4e8a201863b052786aa2f1df,823213c90703fd83224ad7122ee730ba64af3769ea517af252103bddd907f681,ACBBA,ideal,1.0,19,361,4,0.05,18,,,acbba_topk_5,/home/agxorin/topk_filter_study/simulator/scenarios/final_trial_500.csv,clue_search,03,1,0,2,0,0,0,0,2,1,1,2,0,0,collision_intent:1;state:1,10,0,completed
435,dcta_parity_v1,topk_filter,aa0724188407797eae5187348bee11ee9f51317c4e8a201863b052786aa2f1df,823213c90703fd83224ad7122ee730ba64af3769ea517af252103bddd907f681,ACBBA,ideal,1.0,19,361,4,0.05,18,,,acbba_topk_5,/home/agxorin/topk_filter_study/simulator/scenarios/final_trial_500.csv,clue_search,00,30,27,28,3,2,0,0,221,30,191,62,159,214,acbba_entry:159;clue:2;collision_intent:30;state:30,702,0,completed
435,dcta_parity_v1,topk_filter,aa0724188407797eae5187348bee11ee9f51317c4e8a201863b052786aa2f1df,823213c90703fd83224ad7122ee730ba64af3769ea517af252103bddd907f681,ACBBA,ideal,1.0,19,361,4,0.05,18,,,acbba_topk_5,/home/agxorin/topk_filter_study/simulator/scenarios/final_trial_500.csv,clue_search,01,30,27,28,3,3,0,0,235,30,205,62,173,229,acbba_entry:173;clue:2;collision_intent:30;state:30,689,0,completed
435,dcta_parity_v1,topk_filter,aa0724188407797eae5187348bee11ee9f51317c4e8a201863b052786aa2f1df,823213c90703fd83224ad7122ee730ba64af3769ea517af252103bddd907f681,ACBBA,ideal,1.0,19,361,4,0.05,18,,,acbba_topk_5,/home/agxorin/topk_filter_study/simulator/scenarios/final_trial_500.csv,clue_search,02,29,25,22,8,1,2,2,232,31,201,62,170,224,acbba_entry:170;clue:2;collision_intent:31;state:29,690,0,completed
435,dcta_parity_v1,topk_filter,aa0724188407797eae5187348bee11ee9f51317c4e8a201863b052786aa2f1df,823213c90703fd83224ad7122ee730ba64af3769ea517af252103bddd907f681,ACBBA,ideal,1.0,19,361,4,0.05,18,,,acbba_topk_5,/home/agxorin/topk_filter_study/simulator/scenarios/final_trial_500.csv,clue_search,03,30,27,24,7,3,0,0,236,31,205,63,173,230,acbba_entry:173;clue:2;collision_intent:30;state:30;target:1,688,0,completed
436,dcta_parity_v1,topk_filter,aa0724188407797eae5187348bee11ee9f51317c4e8a201863b052786aa2f1df,823213c90703fd83224ad7122ee730ba64af3769ea517af252103bddd907f681,ACBBA,ideal,1.0,19,361,4,0.05,18,,,acbba_topk_5,/home/agxorin/topk_filter_study/simulator/scenarios/final_trial_500.csv,clue_search,00,17,11,18,0,1,0,0,94,18,76,36,58,82,acbba_entry:58;clue:1;collision_intent:17;state:17;target:1,298,0,completed
436,dcta_parity_v1,topk_filter,aa0724188407797eae5187348bee11ee9f51317c4e8a201863b052786aa2f1df,823213c90703fd83224ad7122ee730ba64af3769ea517af252103bddd907f681,ACBBA,ideal,1.0,19,361,4,0.05,18,,,acbba_topk_5,/home/agxorin/topk_filter_study/simulator/scenarios/final_trial_500.csv,clue_search,01,16,10,17,0,1,0,0,102,16,86,33,69,90,acbba_entry:69;clue:1;collision_intent:16;state:16,289,0,completed
436,dcta_parity_v1,topk_filter,aa0724188407797eae5187348bee11ee9f51317c4e8a201863b052786aa2f1df,823213c90703fd83224ad7122ee730ba64af3769ea517af252103bddd907f681,ACBBA,ideal,1.0,19,361,4,0.05,18,,,acbba_topk_5,/home/agxorin/topk_filter_study/simulator/scenarios/final_trial_500.csv,clue_search,02,15,9,16,0,1,0,0,96,15,81,31,65,84,acbba_entry:65;clue:1;collision_intent:15;state:15,296,0,completed
436,dcta_parity_v1,topk_filter,aa0724188407797eae5187348bee11ee9f51317c4e8a201863b052786aa2f1df,823213c90703fd83224ad7122ee730ba64af3769ea517af252103bddd907f681,ACBBA,ideal,1.0,19,361,4,0.05,18,,,acbba_topk_5,/home/agxorin/topk_filter_study/simulator/scenarios/final_trial_500.csv,clue_search,03,15,9,16,0,0,0,0,100,15,85,31,69,88,acbba_entry:69;clue:1;collision_intent:15;state:15,292,0,completed
437,dcta_parity_v1,topk_filter,aa0724188407797eae5187348bee11ee9f51317c4e8a201863b052786aa2f1df,823213c90703fd83224ad7122ee730ba64af3769ea517af252103bddd907f681,ACBBA,ideal,1.0,19,361,4,0.05,18,,,acbba_topk_5,/home/agxorin/topk_filter_study/simulator/scenarios/final_trial_500.csv,clue_search,00,3,0,4,0,0,0,0,7,4,3,7,0,0,collision_intent:3;state:3;target:1,14,0,completed
437,dcta_parity_v1,topk_filter,aa0724188407797eae5187348bee11ee9f51317c4e8a201863b052786aa2f1df,823213c90703fd83224ad7122ee730ba64af3769ea517af252103bddd907f681,ACBBA,ideal,1.0,19,361,4,0.05,18,,,acbba_topk_5,/home/agxorin/topk_filter_study/simulator/scenarios/final_trial_500.csv,clue_search,01,2,0,3,0,0,0,0,4,2,2,4,0,0,collision_intent:2;state:2,17,0,completed
437,dcta_parity_v1,topk_filter,aa0724188407797eae5187348bee11ee9f51317c4e8a201863b052786aa2f1df,823213c90703fd83224ad7122ee730ba64af3769ea517af252103bddd907f681,ACBBA,ideal,1.0,19,361,4,0.05,18,,,acbba_topk_5,/home/agxorin/topk_filter_study/simulator/scenarios/final_trial_500.csv,clue_search,02,3,0,4,0,0,0,0,6,3,3,6,0,0,collision_intent:3;state:3,13,0,completed
437,dcta_parity_v1,topk_filter,aa0724188407797eae5187348bee11ee9f51317c4e8a201863b052786aa2f1df,823213c90703fd83224ad7122ee730ba64af3769ea517af252103bddd907f681,ACBBA,ideal,1.0,19,361,4,0.05,18,,,acbba_topk_5,/home/agxorin/topk_filter_study/simulator/scenarios/final_trial_500.csv,clue_search,03,2,0,3,0,0,0,0,4,2,2,4,0,0,collision_intent:2;state:2,16,0,completed
438,dcta_parity_v1,topk_filter,aa0724188407797eae5187348bee11ee9f51317c4e8a201863b052786aa2f1df,823213c90703fd83224ad7122ee730ba64af3769ea517af252103bddd907f681,ACBBA,ideal,1.0,19,361,4,0.05,18,,,acbba_topk_5,/home/agxorin/topk_filter_study/simulator/scenarios/final_trial_500.csv,clue_search,00,6,0,7,0,0,0,0,12,6,6,12,0,0,collision_intent:6;state:6,35,0,completed
438,dcta_parity_v1,topk_filter,aa0724188407797eae5187348bee11ee9f51317c4e8a201863b052786aa2f1df,823213c90703fd83224ad7122ee730ba64af3769ea517af252103bddd907f681,ACBBA,ideal,1.0,19,361,4,0.05,18,,,acbba_topk_5,/home/agxorin/topk_filter_study/simulator/scenarios/final_trial_500.csv,clue_search,01,6,0,7,0,0,0,0,12,6,6,12,0,0,collision_intent:6;state:6,36,0,completed
438,dcta_parity_v1,topk_filter,aa0724188407797eae5187348bee11ee9f51317c4e8a201863b052786aa2f1df,823213c90703fd83224ad7122ee730ba64af3769ea517af252103bddd907f681,ACBBA,ideal,1.0,19,361,4,0.05,18,,,acbba_topk_5,/home/agxorin/topk_filter_study/simulator/scenarios/final_trial_500.csv,clue_search,02,6,0,7,0,0,0,0,12,6,6,12,0,0,collision_intent:6;state:6,37,0,completed
438,dcta_parity_v1,topk_filter,aa0724188407797eae5187348bee11ee9f51317c4e8a201863b052786aa2f1df,823213c90703fd83224ad7122ee730ba64af3769ea517af252103bddd907f681,ACBBA,ideal,1.0,19,361,4,0.05,18,,,acbba_topk_5,/home/agxorin/topk_filter_study/simulator/scenarios/final_trial_500.csv,clue_search,03,6,0,7,0,0,0,0,13,7,6,13,0,0,collision_intent:6;state:6;target:1,36,0,completed
439,dcta_parity_v1,topk_filter,aa0724188407797eae5187348bee11ee9f51317c4e8a201863b052786aa2f1df,823213c90703fd83224ad7122ee730ba64af3769ea517af252103bddd907f681,ACBBA,ideal,1.0,19,361,4,0.05,18,,,acbba_topk_5,/home/agxorin/topk_filter_study/simulator/scenarios/final_trial_500.csv,clue_search,00,40,29,38,3,2,0,0,292,40,252,82,210,270,acbba_entry:210;clue:2;collision_intent:40;state:40,898,0,completed
439,dcta_parity_v1,topk_filter,aa0724188407797eae5187348bee11ee9f51317c4e8a201863b052786aa2f1df,823213c90703fd83224ad7122ee730ba64af3769ea517af252103bddd907f681,ACBBA,ideal,1.0,19,361,4,0.05,18,,,acbba_topk_5,/home/agxorin/topk_filter_study/simulator/scenarios/final_trial_500.csv,clue_search,01,40,29,39,2,0,1,1,304,42,262,84,220,282,acbba_entry:220;clue:2;collision_intent:41;state:40;target:1,888,0,completed
439,dcta_parity_v1,topk_filter,aa0724188407797eae5187348bee11ee9f51317c4e8a201863b052786aa2f1df,823213c90703fd83224ad7122ee730ba64af3769ea517af252103bddd907f681,ACBBA,ideal,1.0,19,361,4,0.05,18,,,acbba_topk_5,/home/agxorin/topk_filter_study/simulator/scenarios/final_trial_500.csv,clue_search,02,39,28,37,3,0,0,0,309,39,270,80,229,287,acbba_entry:229;clue:2;collision_intent:39;state:39,881,0,completed
439,dcta_parity_v1,topk_filter,aa0724188407797eae5187348bee11ee9f51317c4e8a201863b052786aa2f1df,823213c90703fd83224ad7122ee730ba64af3769ea517af252103bddd907f681,ACBBA,ideal,1.0,19,361,4,0.05,18,,,acbba_topk_5,/home/agxorin/topk_filter_study/simulator/scenarios/final_trial_500.csv,clue_search,03,39,28,38,2,2,0,0,287,39,248,80,207,265,acbba_entry:207;clue:2;collision_intent:39;state:39,904,0,completed
440,dcta_parity_v1,topk_filter,aa0724188407797eae5187348bee11ee9f51317c4e8a201863b052786aa2f1df,823213c90703fd83224ad7122ee730ba64af3769ea517af252103bddd907f681,ACBBA,ideal,1.0,19,361,4,0.05,18,,,acbba_topk_5,/home/agxorin/topk_filter_study/simulator/scenarios/final_trial_500.csv,clue_search,00,63,44,63,1,2,2,1,474,66,408,132,342,436,acbba_entry:342;clue:3;collision_intent:66;state:63,1387,0,completed
440,dcta_parity_v1,topk_filter,aa0724188407797eae5187348bee11ee9f51317c4e8a201863b052786aa2f1df,823213c90703fd83224ad7122ee730ba64af3769ea517af252103bddd907f681,ACBBA,ideal,1.0,19,361,4,0.05,18,,,acbba_topk_5,/home/agxorin/topk_filter_study/simulator/scenarios/final_trial_500.csv,clue_search,01,63,44,62,2,1,0,0,479,64,415,130,349,441,acbba_entry:349;clue:3;collision_intent:63;state:63;target:1,1384,0,completed
440,dcta_parity_v1,topk_filter,aa0724188407797eae5187348bee11ee9f51317c4e8a201863b052786aa2f1df,823213c90703fd83224ad7122ee730ba64af3769ea517af252103bddd907f681,ACBBA,ideal,1.0,19,361,4,0.05,18,,,acbba_topk_5,/home/agxorin/topk_filter_study/simulator/scenarios/final_trial_500.csv,clue_search,02,63,44,51,13,4,3,3,472,66,406,132,340,434,acbba_entry:340;clue:3;collision_intent:66;state:63,1389,0,completed
440,dcta_parity_v1,topk_filter,aa0724188407797eae5187348bee11ee9f51317c4e8a201863b052786aa2f1df,823213c90703fd83224ad7122ee730ba64af3769ea517af252103bddd907f681,ACBBA,ideal,1.0,19,361,4,0.05,18,,,acbba_topk_5,/home/agxorin/topk_filter_study/simulator/scenarios/final_trial_500.csv,clue_search,03,63,44,58,6,2,0,0,438,63,375,129,309,400,acbba_entry:309;clue:3;collision_intent:63;state:63,1425,0,completed
441,dcta_parity_v1,topk_filter,aa0724188407797eae5187348bee11ee9f51317c4e8a201863b052786aa2f1df,823213c90703fd83224ad7122ee730ba64af3769ea517af252103bddd907f681,ACBBA,ideal,1.0,19,361,4,0.05,18,,,acbba_topk_5,/home/agxorin/topk_filter_study/simulator/scenarios/final_trial_500.csv,clue_search,00,37,6,38,0,1,0,0,122,38,84,76,46,60,acbba_entry:46;clue:1;collision_intent:38;state:37,391,0,completed
441,dcta_parity_v1,topk_filter,aa0724188407797eae5187348bee11ee9f51317c4e8a201863b052786aa2f1df,823213c90703fd83224ad7122ee730ba64af3769ea517af252103bddd907f681,ACBBA,ideal,1.0,19,361,4,0.05,18,,,acbba_topk_5,/home/agxorin/topk_filter_study/simulator/scenarios/final_trial_500.csv,clue_search,01,37,7,37,1,3,0,0,130,37,93,75,55,70,acbba_entry:55;clue:1;collision_intent:37;state:37,384,0,completed
441,dcta_parity_v1,topk_filter,aa0724188407797eae5187348bee11ee9f51317c4e8a201863b052786aa2f1df,823213c90703fd83224ad7122ee730ba64af3769ea517af252103bddd907f681,ACBBA,ideal,1.0,19,361,4,0.05,18,,,acbba_topk_5,/home/agxorin/topk_filter_study/simulator/scenarios/final_trial_500.csv,clue_search,02,37,6,38,0,0,0,0,130,37,93,75,55,68,acbba_entry:55;clue:1;collision_intent:37;state:37,385,0,completed
441,dcta_parity_v1,topk_filter,aa0724188407797eae5187348bee11ee9f51317c4e8a201863b052786aa2f1df,823213c90703fd83224ad7122ee730ba64af3769ea517af252103bddd907f681,ACBBA,ideal,1.0,19,361,4,0.05,18,,,acbba_topk_5,/home/agxorin/topk_filter_study/simulator/scenarios/final_trial_500.csv,clue_search,03,38,7,38,1,0,0,0,133,39,94,78,55,71,acbba_entry:55;clue:1;collision_intent:38;state:38;target:1,382,0,completed
442,dcta_parity_v1,topk_filter,aa0724188407797eae5187348bee11ee9f51317c4e8a201863b052786aa2f1df,823213c90703fd83224ad7122ee730ba64af3769ea517af252103bddd907f681,ACBBA,ideal,1.0,19,361,4,0.05,18,,,acbba_topk_5,/home/agxorin/topk_filter_study/simulator/scenarios/final_trial_500.csv,clue_search,00,3,0,4,0,0,0,0,6,3,3,6,0,0,collision_intent:3;state:3,18,0,completed
442,dcta_parity_v1,topk_filter,aa0724188407797eae5187348bee11ee9f51317c4e8a201863b052786aa2f1df,823213c90703fd83224ad7122ee730ba64af3769ea517af252103bddd907f681,ACBBA,ideal,1.0,19,361,4,0.05,18,,,acbba_topk_5,/home/agxorin/topk_filter_study/simulator/scenarios/final_trial_500.csv,clue_search,01,3,0,4,0,0,0,0,7,4,3,7,0,0,collision_intent:3;state:3;target:1,18,0,completed
442,dcta_parity_v1,topk_filter,aa0724188407797eae5187348bee11ee9f51317c4e8a201863b052786aa2f1df,823213c90703fd83224ad7122ee730ba64af3769ea517af252103bddd907f681,ACBBA,ideal,1.0,19,361,4,0.05,18,,,acbba_topk_5,/home/agxorin/topk_filter_study/simulator/scenarios/final_trial_500.csv,clue_search,02,3,0,4,0,0,0,0,6,3,3,6,0,0,collision_intent:3;state:3,18,0,completed
442,dcta_parity_v1,topk_filter,aa0724188407797eae5187348bee11ee9f51317c4e8a201863b052786aa2f1df,823213c90703fd83224ad7122ee730ba64af3769ea517af252103bddd907f681,ACBBA,ideal,1.0,19,361,4,0.05,18,,,acbba_topk_5,/home/agxorin/topk_filter_study/simulator/scenarios/final_trial_500.csv,clue_search,03,3,0,4,0,0,0,0,6,3,3,6,0,0,collision_intent:3;state:3,18,0,completed
443,dcta_parity_v1,topk_filter,aa0724188407797eae5187348bee11ee9f51317c4e8a201863b052786aa2f1df,823213c90703fd83224ad7122ee730ba64af3769ea517af252103bddd907f681,ACBBA,ideal,1.0,19,361,4,0.05,18,,,acbba_topk_5,/home/agxorin/topk_filter_study/simulator/scenarios/final_trial_500.csv,clue_search,00,78,72,56,23,3,0,0,717,78,639,160,557,705,acbba_entry:557;clue:4;collision_intent:78;state:78,2121,0,completed
443,dcta_parity_v1,topk_filter,aa0724188407797eae5187348bee11ee9f51317c4e8a201863b052786aa2f1df,823213c90703fd83224ad7122ee730ba64af3769ea517af252103bddd907f681,ACBBA,ideal,1.0,19,361,4,0.05,18,,,acbba_topk_5,/home/agxorin/topk_filter_study/simulator/scenarios/final_trial_500.csv,clue_search,01,79,73,69,11,3,0,0,711,80,631,163,548,699,acbba_entry:548;clue:4;collision_intent:79;state:79;target:1,2127,0,completed
443,dcta_parity_v1,topk_filter,aa0724188407797eae5187348bee11ee9f51317c4e8a201863b052786aa2f1df,823213c90703fd83224ad7122ee730ba64af3769ea517af252103bddd907f681,ACBBA,ideal,1.0,19,361,4,0.05,18,,,acbba_topk_5,/home/agxorin/topk_filter_study/simulator/scenarios/final_trial_500.csv,clue_search,02,78,72,76,3,1,0,0,724,78,646,160,564,712,acbba_entry:564;clue:4;collision_intent:78;state:78,2112,0,completed
443,dcta_parity_v1,topk_filter,aa0724188407797eae5187348bee11ee9f51317c4e8a201863b052786aa2f1df,823213c90703fd83224ad7122ee730ba64af3769ea517af252103bddd907f681,ACBBA,ideal,1.0,19,361,4,0.05,18,,,acbba_topk_5,/home/agxorin/topk_filter_study/simulator/scenarios/final_trial_500.csv,clue_search,03,79,73,61,19,11,0,0,686,80,606,163,523,674,acbba_entry:523;clue:4;collision_intent:80;state:79,2151,0,completed
444,dcta_parity_v1,topk_filter,aa0724188407797eae5187348bee11ee9f51317c4e8a201863b052786aa2f1df,823213c90703fd83224ad7122ee730ba64af3769ea517af252103bddd907f681,ACBBA,ideal,1.0,19,361,4,0.05,18,,,acbba_topk_5,/home/agxorin/topk_filter_study/simulator/scenarios/final_trial_500.csv,clue_search,00,3,0,4,0,0,0,0,7,4,3,7,0,0,collision_intent:3;state:3;target:1,13,0,completed
444,dcta_parity_v1,topk_filter,aa0724188407797eae5187348bee11ee9f51317c4e8a201863b052786aa2f1df,823213c90703fd83224ad7122ee730ba64af3769ea517af252103bddd907f681,ACBBA,ideal,1.0,19,361,4,0.05,18,,,acbba_topk_5,/home/agxorin/topk_filter_study/simulator/scenarios/final_trial_500.csv,clue_search,01,2,0,3,0,0,0,0,4,2,2,4,0,0,collision_intent:2;state:2,15,0,completed
444,dcta_parity_v1,topk_filter,aa0724188407797eae5187348bee11ee9f51317c4e8a201863b052786aa2f1df,823213c90703fd83224ad7122ee730ba64af3769ea517af252103bddd907f681,ACBBA,ideal,1.0,19,361,4,0.05,18,,,acbba_topk_5,/home/agxorin/topk_filter_study/simulator/scenarios/final_trial_500.csv,clue_search,02,2,0,3,0,0,0,0,5,3,2,5,0,0,collision_intent:3;state:2,15,0,completed
444,dcta_parity_v1,topk_filter,aa0724188407797eae5187348bee11ee9f51317c4e8a201863b052786aa2f1df,823213c90703fd83224ad7122ee730ba64af3769ea517af252103bddd907f681,ACBBA,ideal,1.0,19,361,4,0.05,18,,,acbba_topk_5,/home/agxorin/topk_filter_study/simulator/scenarios/final_trial_500.csv,clue_search,03,2,0,3,0,0,0,0,4,2,2,4,0,0,collision_intent:2;state:2,15,0,completed
445,dcta_parity_v1,topk_filter,aa0724188407797eae5187348bee11ee9f51317c4e8a201863b052786aa2f1df,823213c90703fd83224ad7122ee730ba64af3769ea517af252103bddd907f681,ACBBA,ideal,1.0,19,361,4,0.05,18,,,acbba_topk_5,/home/agxorin/topk_filter_study/simulator/scenarios/final_trial_500.csv,clue_search,00,18,0,19,0,0,0,0,36,18,18,36,0,0,collision_intent:18;state:18,108,0,completed
445,dcta_parity_v1,topk_filter,aa0724188407797eae5187348bee11ee9f51317c4e8a201863b052786aa2f1df,823213c90703fd83224ad7122ee730ba64af3769ea517af252103bddd907f681,ACBBA,ideal,1.0,19,361,4,0.05,18,,,acbba_topk_5,/home/agxorin/topk_filter_study/simulator/scenarios/final_trial_500.csv,clue_search,01,18,0,19,0,0,0,0,37,19,18,37,0,0,collision_intent:18;state:18;target:1,107,0,completed
445,dcta_parity_v1,topk_filter,aa0724188407797eae5187348bee11ee9f51317c4e8a201863b052786aa2f1df,823213c90703fd83224ad7122ee730ba64af3769ea517af252103bddd907f681,ACBBA,ideal,1.0,19,361,4,0.05,18,,,acbba_topk_5,/home/agxorin/topk_filter_study/simulator/scenarios/final_trial_500.csv,clue_search,02,18,0,19,0,0,0,0,36,18,18,36,0,0,collision_intent:18;state:18,108,0,completed
445,dcta_parity_v1,topk_filter,aa0724188407797eae5187348bee11ee9f51317c4e8a201863b052786aa2f1df,823213c90703fd83224ad7122ee730ba64af3769ea517af252103bddd907f681,ACBBA,ideal,1.0,19,361,4,0.05,18,,,acbba_topk_5,/home/agxorin/topk_filter_study/simulator/scenarios/final_trial_500.csv,clue_search,03,17,0,18,0,0,0,0,35,18,17,35,0,0,collision_intent:18;state:17,109,0,completed
446,dcta_parity_v1,topk_filter,aa0724188407797eae5187348bee11ee9f51317c4e8a201863b052786aa2f1df,823213c90703fd83224ad7122ee730ba64af3769ea517af252103bddd907f681,ACBBA,ideal,1.0,19,361,4,0.05,18,,,acbba_topk_5,/home/agxorin/topk_filter_study/simulator/scenarios/final_trial_500.csv,clue_search,00,51,49,48,4,1,1,1,493,52,441,105,388,489,acbba_entry:388;clue:2;collision_intent:52;state:51,1425,0,completed
446,dcta_parity_v1,topk_filter,aa0724188407797eae5187348bee11ee9f51317c4e8a201863b052786aa2f1df,823213c90703fd83224ad7122ee730ba64af3769ea517af252103bddd907f681,ACBBA,ideal,1.0,19,361,4,0.05,18,,,acbba_topk_5,/home/agxorin/topk_filter_study/simulator/scenarios/final_trial_500.csv,clue_search,01,50,49,45,6,2,3,3,477,53,424,105,372,475,acbba_entry:372;clue:2;collision_intent:53;state:50,1441,0,completed
446,dcta_parity_v1,topk_filter,aa0724188407797eae5187348bee11ee9f51317c4e8a201863b052786aa2f1df,823213c90703fd83224ad7122ee730ba64af3769ea517af252103bddd907f681,ACBBA,ideal,1.0,19,361,4,0.05,18,,,acbba_topk_5,/home/agxorin/topk_filter_study/simulator/scenarios/final_trial_500.csv,clue_search,02,52,50,35,18,6,0,0,473,52,421,106,367,469,acbba_entry:367;clue:2;collision_intent:52;state:52,1446,0,completed
446,dcta_parity_v1,topk_filter,aa0724188407797eae5187348bee11ee9f51317c4e8a201863b052786aa2f1df,823213c90703fd83224ad7122ee730ba64af3769ea517af252103bddd907f681,ACBBA,ideal,1.0,19,361,4,0.05,18,,,acbba_topk_5,/home/agxorin/topk_filter_study/simulator/scenarios/final_trial_500.csv,clue_search,03,51,49,52,0,2,0,0,477,52,425,105,372,473,acbba_entry:372;clue:2;collision_intent:51;state:51;target:1,1443,0,completed
447,dcta_parity_v1,topk_filter,aa0724188407797eae5187348bee11ee9f51317c4e8a201863b052786aa2f1df,823213c90703fd83224ad7122ee730ba64af3769ea517af252103bddd907f681,ACBBA,ideal,1.0,19,361,4,0.05,18,,,acbba_topk_5,/home/agxorin/topk_filter_study/simulator/scenarios/final_trial_500.csv,clue_search,00,19,9,20,0,1,0,0,90,19,71,40,50,70,acbba_entry:50;clue:2;collision_intent:19;state:19,264,0,completed
447,dcta_parity_v1,topk_filter,aa0724188407797eae5187348bee11ee9f51317c4e8a201863b052786aa2f1df,823213c90703fd83224ad7122ee730ba64af3769ea517af252103bddd907f681,ACBBA,ideal,1.0,19,361,4,0.05,18,,,acbba_topk_5,/home/agxorin/topk_filter_study/simulator/scenarios/final_trial_500.csv,clue_search,01,18,8,19,0,0,0,0,91,18,73,38,53,71,acbba_entry:53;clue:2;collision_intent:18;state:18,264,0,completed
447,dcta_parity_v1,topk_filter,aa0724188407797eae5187348bee11ee9f51317c4e8a201863b052786aa2f1df,823213c90703fd83224ad7122ee730ba64af3769ea517af252103bddd907f681,ACBBA,ideal,1.0,19,361,4,0.05,18,,,acbba_topk_5,/home/agxorin/topk_filter_study/simulator/scenarios/final_trial_500.csv,clue_search,02,18,8,18,1,0,0,0,91,18,73,38,53,71,acbba_entry:53;clue:2;collision_intent:18;state:18,264,0,completed
447,dcta_parity_v1,topk_filter,aa0724188407797eae5187348bee11ee9f51317c4e8a201863b052786aa2f1df,823213c90703fd83224ad7122ee730ba64af3769ea517af252103bddd907f681,ACBBA,ideal,1.0,19,361,4,0.05,18,,,acbba_topk_5,/home/agxorin/topk_filter_study/simulator/scenarios/final_trial_500.csv,clue_search,03,18,8,19,0,0,0,0,84,19,65,39,45,64,acbba_entry:45;clue:2;collision_intent:18;state:18;target:1,272,0,completed
448,dcta_parity_v1,topk_filter,aa0724188407797eae5187348bee11ee9f51317c4e8a201863b052786aa2f1df,823213c90703fd83224ad7122ee730ba64af3769ea517af252103bddd907f681,ACBBA,ideal,1.0,19,361,4,0.05,18,,,acbba_topk_5,/home/agxorin/topk_filter_study/simulator/scenarios/final_trial_500.csv,clue_search,00,65,0,66,0,0,0,0,130,65,65,130,0,0,collision_intent:65;state:65,388,0,completed
448,dcta_parity_v1,topk_filter,aa0724188407797eae5187348bee11ee9f51317c4e8a201863b052786aa2f1df,823213c90703fd83224ad7122ee730ba64af3769ea517af252103bddd907f681,ACBBA,ideal,1.0,19,361,4,0.05,18,,,acbba_topk_5,/home/agxorin/topk_filter_study/simulator/scenarios/final_trial_500.csv,clue_search,01,65,0,64,2,0,0,0,131,66,65,131,0,0,collision_intent:65;state:65;target:1,387,0,completed
448,dcta_parity_v1,topk_filter,aa0724188407797eae5187348bee11ee9f51317c4e8a201863b052786aa2f1df,823213c90703fd83224ad7122ee730ba64af3769ea517af252103bddd907f681,ACBBA,ideal,1.0,19,361,4,0.05,18,,,acbba_topk_5,/home/agxorin/topk_filter_study/simulator/scenarios/final_trial_500.csv,clue_search,02,64,0,63,2,0,0,0,128,64,64,128,0,0,collision_intent:64;state:64,390,0,completed
448,dcta_parity_v1,topk_filter,aa0724188407797eae5187348bee11ee9f51317c4e8a201863b052786aa2f1df,823213c90703fd83224ad7122ee730ba64af3769ea517af252103bddd907f681,ACBBA,ideal,1.0,19,361,4,0.05,18,,,acbba_topk_5,/home/agxorin/topk_filter_study/simulator/scenarios/final_trial_500.csv,clue_search,03,64,0,65,0,0,0,0,129,65,64,129,0,0,collision_intent:65;state:64,389,0,completed
449,dcta_parity_v1,topk_filter,aa0724188407797eae5187348bee11ee9f51317c4e8a201863b052786aa2f1df,823213c90703fd83224ad7122ee730ba64af3769ea517af252103bddd907f681,ACBBA,ideal,1.0,19,361,4,0.05,18,,,acbba_topk_5,/home/agxorin/topk_filter_study/simulator/scenarios/final_trial_500.csv,clue_search,00,14,11,15,0,0,0,0,104,15,89,30,74,98,acbba_entry:74;clue:1;collision_intent:14;state:14;target:1,294,0,completed
449,dcta_parity_v1,topk_filter,aa0724188407797eae5187348bee11ee9f51317c4e8a201863b052786aa2f1df,823213c90703fd83224ad7122ee730ba64af3769ea517af252103bddd907f681,ACBBA,ideal,1.0,19,361,4,0.05,18,,,acbba_topk_5,/home/agxorin/topk_filter_study/simulator/scenarios/final_trial_500.csv,clue_search,01,13,11,14,0,1,0,0,105,14,91,28,77,101,acbba_entry:77;clue:1;collision_intent:14;state:13,291,0,completed
449,dcta_parity_v1,topk_filter,aa0724188407797eae5187348bee11ee9f51317c4e8a201863b052786aa2f1df,823213c90703fd83224ad7122ee730ba64af3769ea517af252103bddd907f681,ACBBA,ideal,1.0,19,361,4,0.05,18,,,acbba_topk_5,/home/agxorin/topk_filter_study/simulator/scenarios/final_trial_500.csv,clue_search,02,14,11,15,0,0,0,0,94,14,80,29,65,88,acbba_entry:65;clue:1;collision_intent:14;state:14,303,0,completed
449,dcta_parity_v1,topk_filter,aa0724188407797eae5187348bee11ee9f51317c4e8a201863b052786aa2f1df,823213c90703fd83224ad7122ee730ba64af3769ea517af252103bddd907f681,ACBBA,ideal,1.0,19,361,4,0.05,18,,,acbba_topk_5,/home/agxorin/topk_filter_study/simulator/scenarios/final_trial_500.csv,clue_search,03,14,12,12,3,2,0,0,95,15,80,30,65,91,acbba_entry:65;clue:1;collision_intent:15;state:14,301,0,completed
450,dcta_parity_v1,topk_filter,aa0724188407797eae5187348bee11ee9f51317c4e8a201863b052786aa2f1df,823213c90703fd83224ad7122ee730ba64af3769ea517af252103bddd907f681,ACBBA,ideal,1.0,19,361,4,0.05,18,,,acbba_topk_5,/home/agxorin/topk_filter_study/simulator/scenarios/final_trial_500.csv,clue_search,00,95,89,70,26,1,0,0,813,95,718,193,620,801,acbba_entry:620;clue:3;collision_intent:95;state:95,2541,0,completed
450,dcta_parity_v1,topk_filter,aa0724188407797eae5187348bee11ee9f51317c4e8a201863b052786aa2f1df,823213c90703fd83224ad7122ee730ba64af3769ea517af252103bddd907f681,ACBBA,ideal,1.0,19,361,4,0.05,18,,,acbba_topk_5,/home/agxorin/topk_filter_study/simulator/scenarios/final_trial_500.csv,clue_search,01,92,86,81,12,3,0,0,859,92,767,187,672,847,acbba_entry:672;clue:3;collision_intent:92;state:92,2494,0,completed
450,dcta_parity_v1,topk_filter,aa0724188407797eae5187348bee11ee9f51317c4e8a201863b052786aa2f1df,823213c90703fd83224ad7122ee730ba64af3769ea517af252103bddd907f681,ACBBA,ideal,1.0,19,361,4,0.05,18,,,acbba_topk_5,/home/agxorin/topk_filter_study/simulator/scenarios/final_trial_500.csv,clue_search,02,93,87,87,7,2,0,0,855,94,761,190,665,843,acbba_entry:665;clue:3;collision_intent:93;state:93;target:1,2499,0,completed
450,dcta_parity_v1,topk_filter,aa0724188407797eae5187348bee11ee9f51317c4e8a201863b052786aa2f1df,823213c90703fd83224ad7122ee730ba64af3769ea517af252103bddd907f681,ACBBA,ideal,1.0,19,361,4,0.05,18,,,acbba_topk_5,/home/agxorin/topk_filter_study/simulator/scenarios/final_trial_500.csv,clue_search,03,90,85,73,18,10,0,0,827,90,737,183,644,817,acbba_entry:644;clue:3;collision_intent:90;state:90,2526,0,completed
451,dcta_parity_v1,topk_filter,aa0724188407797eae5187348bee11ee9f51317c4e8a201863b052786aa2f1df,823213c90703fd83224ad7122ee730ba64af3769ea517af252103bddd907f681,ACBBA,ideal,1.0,19,361,4,0.05,18,,,acbba_topk_5,/home/agxorin/topk_filter_study/simulator/scenarios/final_trial_500.csv,clue_search,00,33,32,31,3,1,0,0,317,33,284,69,248,315,acbba_entry:248;clue:3;collision_intent:33;state:33,983,0,completed
451,dcta_parity_v1,topk_filter,aa0724188407797eae5187348bee11ee9f51317c4e8a201863b052786aa2f1df,823213c90703fd83224ad7122ee730ba64af3769ea517af252103bddd907f681,ACBBA,ideal,1.0,19,361,4,0.05,18,,,acbba_topk_5,/home/agxorin/topk_filter_study/simulator/scenarios/final_trial_500.csv,clue_search,01,32,32,31,2,3,0,0,328,32,296,67,261,327,acbba_entry:261;clue:3;collision_intent:32;state:32,972,0,completed
451,dcta_parity_v1,topk_filter,aa0724188407797eae5187348bee11ee9f51317c4e8a201863b052786aa2f1df,823213c90703fd83224ad7122ee730ba64af3769ea517af252103bddd907f681,ACBBA,ideal,1.0,19,361,4,0.05,18,,,acbba_topk_5,/home/agxorin/topk_filter_study/simulator/scenarios/final_trial_500.csv,clue_search,02,32,31,30,3,0,0,0,325,33,292,68,257,323,acbba_entry:257;clue:3;collision_intent:32;state:32;target:1,975,0,completed
451,dcta_parity_v1,topk_filter,aa0724188407797eae5187348bee11ee9f51317c4e8a201863b052786aa2f1df,823213c90703fd83224ad7122ee730ba64af3769ea517af252103bddd907f681,ACBBA,ideal,1.0,19,361,4,0.05,18,,,acbba_topk_5,/home/agxorin/topk_filter_study/simulator/scenarios/final_trial_500.csv,clue_search,03,32,31,28,5,6,2,2,330,34,296,69,261,328,acbba_entry:261;clue:3;collision_intent:34;state:32,969,0,completed
452,dcta_parity_v1,topk_filter,aa0724188407797eae5187348bee11ee9f51317c4e8a201863b052786aa2f1df,823213c90703fd83224ad7122ee730ba64af3769ea517af252103bddd907f681,ACBBA,ideal,1.0,19,361,4,0.05,18,,,acbba_topk_5,/home/agxorin/topk_filter_study/simulator/scenarios/final_trial_500.csv,clue_search,00,23,15,24,0,1,0,0,160,23,137,49,111,144,acbba_entry:111;clue:3;collision_intent:23;state:23,461,0,completed
452,dcta_parity_v1,topk_filter,aa0724188407797eae5187348bee11ee9f51317c4e8a201863b052786aa2f1df,823213c90703fd83224ad7122ee730ba64af3769ea517af252103bddd907f681,ACBBA,ideal,1.0,19,361,4,0.05,18,,,acbba_topk_5,/home/agxorin/topk_filter_study/simulator/scenarios/final_trial_500.csv,clue_search,01,22,15,23,0,1,0,0,152,23,129,48,104,138,acbba_entry:104;clue:3;collision_intent:23;state:22,469,0,completed
452,dcta_parity_v1,topk_filter,aa0724188407797eae5187348bee11ee9f51317c4e8a201863b052786aa2f1df,823213c90703fd83224ad7122ee730ba64af3769ea517af252103bddd907f681,ACBBA,ideal,1.0,19,361,4,0.05,18,,,acbba_topk_5,/home/agxorin/topk_filter_study/simulator/scenarios/final_trial_500.csv,clue_search,02,24,17,25,0,2,0,0,160,25,135,52,108,145,acbba_entry:108;clue:3;collision_intent:24;state:24;target:1,461,0,completed
452,dcta_parity_v1,topk_filter,aa0724188407797eae5187348bee11ee9f51317c4e8a201863b052786aa2f1df,823213c90703fd83224ad7122ee730ba64af3769ea517af252103bddd907f681,ACBBA,ideal,1.0,19,361,4,0.05,18,,,acbba_topk_5,/home/agxorin/topk_filter_study/simulator/scenarios/final_trial_500.csv,clue_search,03,23,16,21,3,3,0,0,149,23,126,49,100,135,acbba_entry:100;clue:3;collision_intent:23;state:23,471,0,completed
453,dcta_parity_v1,topk_filter,aa0724188407797eae5187348bee11ee9f51317c4e8a201863b052786aa2f1df,823213c90703fd83224ad7122ee730ba64af3769ea517af252103bddd907f681,ACBBA,ideal,1.0,19,361,4,0.05,18,,,acbba_topk_5,/home/agxorin/topk_filter_study/simulator/scenarios/final_trial_500.csv,clue_search,00,83,56,71,13,2,0,0,522,83,439,170,352,468,acbba_entry:352;clue:4;collision_intent:83;state:83,1676,0,completed
453,dcta_parity_v1,topk_filter,aa0724188407797eae5187348bee11ee9f51317c4e8a201863b052786aa2f1df,823213c90703fd83224ad7122ee730ba64af3769ea517af252103bddd907f681,ACBBA,ideal,1.0,19,361,4,0.05,18,,,acbba_topk_5,/home/agxorin/topk_filter_study/simulator/scenarios/final_trial_500.csv,clue_search,01,84,58,72,13,2,1,1,562,85,477,173,389,510,acbba_entry:389;clue:4;collision_intent:85;state:84,1636,0,completed
453,dcta_parity_v1,topk_filter,aa0724188407797eae5187348bee11ee9f51317c4e8a201863b052786aa2f1df,823213c90703fd83224ad7122ee730ba64af3769ea517af252103bddd907f681,ACBBA,ideal,1.0,19,361,4,0.05,18,,,acbba_topk_5,/home/agxorin/topk_filter_study/simulator/scenarios/final_trial_500.csv,clue_search,02,84,57,67,18,6,4,4,556,88,468,176,380,502,acbba_entry:380;clue:4;collision_intent:88;state:84,1641,0,completed
453,dcta_parity_v1,topk_filter,aa0724188407797eae5187348bee11ee9f51317c4e8a201863b052786aa2f1df,823213c90703fd83224ad7122ee730ba64af3769ea517af252103bddd907f681,ACBBA,ideal,1.0,19,361,4,0.05,18,,,acbba_topk_5,/home/agxorin/topk_filter_study/simulator/scenarios/final_trial_500.csv,clue_search,03,85,59,76,10,5,0,0,559,86,473,175,384,507,acbba_entry:384;clue:4;collision_intent:85;state:85;target:1,1640,0,completed
454,dcta_parity_v1,topk_filter,aa0724188407797eae5187348bee11ee9f51317c4e8a201863b052786aa2f1df,823213c90703fd83224ad7122ee730ba64af3769ea517af252103bddd907f681,ACBBA,ideal,1.0,19,361,4,0.05,18,,,acbba_topk_5,/home/agxorin/topk_filter_study/simulator/scenarios/final_trial_500.csv,clue_search,00,70,51,61,10,5,1,1,479,72,407,143,336,441,acbba_entry:336;clue:1;collision_intent:71;state:70;target:1,1475,0,completed
454,dcta_parity_v1,topk_filter,aa0724188407797eae5187348bee11ee9f51317c4e8a201863b052786aa2f1df,823213c90703fd83224ad7122ee730ba64af3769ea517af252103bddd907f681,ACBBA,ideal,1.0,19,361,4,0.05,18,,,acbba_topk_5,/home/agxorin/topk_filter_study/simulator/scenarios/final_trial_500.csv,clue_search,01,69,51,64,6,1,0,0,480,69,411,139,341,444,acbba_entry:341;clue:1;collision_intent:69;state:69,1474,0,completed
454,dcta_parity_v1,topk_filter,aa0724188407797eae5187348bee11ee9f51317c4e8a201863b052786aa2f1df,823213c90703fd83224ad7122ee730ba64af3769ea517af252103bddd907f681,ACBBA,ideal,1.0,19,361,4,0.05,18,,,acbba_topk_5,/home/agxorin/topk_filter_study/simulator/scenarios/final_trial_500.csv,clue_search,02,69,51,63,7,3,1,1,492,70,422,140,352,455,acbba_entry:352;clue:1;collision_intent:70;state:69,1460,0,completed
454,dcta_parity_v1,topk_filter,aa0724188407797eae5187348bee11ee9f51317c4e8a201863b052786aa2f1df,823213c90703fd83224ad7122ee730ba64af3769ea517af252103bddd907f681,ACBBA,ideal,1.0,19,361,4,0.05,18,,,acbba_topk_5,/home/agxorin/topk_filter_study/simulator/scenarios/final_trial_500.csv,clue_search,03,69,51,59,11,2,0,0,503,69,434,139,364,467,acbba_entry:364;clue:1;collision_intent:69;state:69,1449,0,completed
455,dcta_parity_v1,topk_filter,aa0724188407797eae5187348bee11ee9f51317c4e8a201863b052786aa2f1df,823213c90703fd83224ad7122ee730ba64af3769ea517af252103bddd907f681,ACBBA,ideal,1.0,19,361,4,0.05,18,,,acbba_topk_5,/home/agxorin/topk_filter_study/simulator/scenarios/final_trial_500.csv,clue_search,00,24,2,25,0,0,0,0,53,25,28,50,3,8,acbba_entry:3;clue:1;collision_intent:24;state:24;target:1,161,0,completed
455,dcta_parity_v1,topk_filter,aa0724188407797eae5187348bee11ee9f51317c4e8a201863b052786aa2f1df,823213c90703fd83224ad7122ee730ba64af3769ea517af252103bddd907f681,ACBBA,ideal,1.0,19,361,4,0.05,18,,,acbba_topk_5,/home/agxorin/topk_filter_study/simulator/scenarios/final_trial_500.csv,clue_search,01,24,1,25,0,0,0,0,55,24,31,49,6,9,acbba_entry:6;clue:1;collision_intent:24;state:24,158,0,completed
455,dcta_parity_v1,topk_filter,aa0724188407797eae5187348bee11ee9f51317c4e8a201863b052786aa2f1df,823213c90703fd83224ad7122ee730ba64af3769ea517af252103bddd907f681,ACBBA,ideal,1.0,19,361,4,0.05,18,,,acbba_topk_5,/home/agxorin/topk_filter_study/simulator/scenarios/final_trial_500.csv,clue_search,02,24,1,24,1,0,0,0,55,24,31,49,6,9,acbba_entry:6;clue:1;collision_intent:24;state:24,158,0,completed
455,dcta_parity_v1,topk_filter,aa0724188407797eae5187348bee11ee9f51317c4e8a201863b052786aa2f1df,823213c90703fd83224ad7122ee730ba64af3769ea517af252103bddd907f681,ACBBA,ideal,1.0,19,361,4,0.05,18,,,acbba_topk_5,/home/agxorin/topk_filter_study/simulator/scenarios/final_trial_500.csv,clue_search,03,23,1,24,0,0,0,0,51,24,27,48,3,7,acbba_entry:3;clue:1;collision_intent:24;state:23,163,0,completed
456,dcta_parity_v1,topk_filter,aa0724188407797eae5187348bee11ee9f51317c4e8a201863b052786aa2f1df,823213c90703fd83224ad7122ee730ba64af3769ea517af252103bddd907f681,ACBBA,ideal,1.0,19,361,4,0.05,18,,,acbba_topk_5,/home/agxorin/topk_filter_study/simulator/scenarios/final_trial_500.csv,clue_search,00,68,50,65,4,1,0,0,509,68,441,139,370,473,acbba_entry:370;clue:3;collision_intent:68;state:68,1545,0,completed
456,dcta_parity_v1,topk_filter,aa0724188407797eae5187348bee11ee9f51317c4e8a201863b052786aa2f1df,823213c90703fd83224ad7122ee730ba64af3769ea517af252103bddd907f681,ACBBA,ideal,1.0,19,361,4,0.05,18,,,acbba_topk_5,/home/agxorin/topk_filter_study/simulator/scenarios/final_trial_500.csv,clue_search,01,69,52,55,15,0,0,0,509,70,439,142,367,475,acbba_entry:367;clue:3;collision_intent:69;state:69;target:1,1546,0,completed
456,dcta_parity_v1,topk_filter,aa0724188407797eae5187348bee11ee9f51317c4e8a201863b052786aa2f1df,823213c90703fd83224ad7122ee730ba64af3769ea517af252103bddd907f681,ACBBA,ideal,1.0,19,361,4,0.05,18,,,acbba_topk_5,/home/agxorin/topk_filter_study/simulator/scenarios/final_trial_500.csv,clue_search,02,66,48,57,10,2,3,2,527,70,457,139,388,491,acbba_entry:388;clue:3;collision_intent:70;state:66,1527,0,completed
456,dcta_parity_v1,topk_filter,aa0724188407797eae5187348bee11ee9f51317c4e8a201863b052786aa2f1df,823213c90703fd83224ad7122ee730ba64af3769ea517af252103bddd907f681,ACBBA,ideal,1.0,19,361,4,0.05,18,,,acbba_topk_5,/home/agxorin/topk_filter_study/simulator/scenarios/final_trial_500.csv,clue_search,03,67,50,57,11,4,1,1,510,68,442,138,372,476,acbba_entry:372;clue:3;collision_intent:68;state:67,1544,0,completed
457,dcta_parity_v1,topk_filter,aa0724188407797eae5187348bee11ee9f51317c4e8a201863b052786aa2f1df,823213c90703fd83224ad7122ee730ba64af3769ea517af252103bddd907f681,ACBBA,ideal,1.0,19,361,4,0.05,18,,,acbba_topk_5,/home/agxorin/topk_filter_study/simulator/scenarios/final_trial_500.csv,clue_search,00,21,20,21,1,2,0,0,184,22,162,45,139,182,acbba_entry:139;clue:2;collision_intent:21;state:21;target:1,529,0,completed
457,dcta_parity_v1,topk_filter,aa0724188407797eae5187348bee11ee9f51317c4e8a201863b052786aa2f1df,823213c90703fd83224ad7122ee730ba64af3769ea517af252103bddd907f681,ACBBA,ideal,1.0,19,361,4,0.05,18,,,acbba_topk_5,/home/agxorin/topk_filter_study/simulator/scenarios/final_trial_500.csv,clue_search,01,19,19,19,1,2,1,1,176,21,155,42,134,175,acbba_entry:134;clue:2;collision_intent:21;state:19,536,0,completed
457,dcta_parity_v1,topk_filter,aa0724188407797eae5187348bee11ee9f51317c4e8a201863b052786aa2f1df,823213c90703fd83224ad7122ee730ba64af3769ea517af252103bddd907f681,ACBBA,ideal,1.0,19,361,4,0.05,18,,,acbba_topk_5,/home/agxorin/topk_filter_study/simulator/scenarios/final_trial_500.csv,clue_search,02,20,19,17,4,0,0,0,169,21,148,43,126,167,acbba_entry:126;clue:2;collision_intent:21;state:20,543,0,completed
457,dcta_parity_v1,topk_filter,aa0724188407797eae5187348bee11ee9f51317c4e8a201863b052786aa2f1df,823213c90703fd83224ad7122ee730ba64af3769ea517af252103bddd907f681,ACBBA,ideal,1.0,19,361,4,0.05,18,,,acbba_topk_5,/home/agxorin/topk_filter_study/simulator/scenarios/final_trial_500.csv,clue_search,03,19,18,14,6,2,2,2,184,21,163,42,142,182,acbba_entry:142;clue:2;collision_intent:21;state:19,528,0,completed
458,dcta_parity_v1,topk_filter,aa0724188407797eae5187348bee11ee9f51317c4e8a201863b052786aa2f1df,823213c90703fd83224ad7122ee730ba64af3769ea517af252103bddd907f681,ACBBA,ideal,1.0,19,361,4,0.05,18,,,acbba_topk_5,/home/agxorin/topk_filter_study/simulator/scenarios/final_trial_500.csv,clue_search,00,67,40,60,8,2,0,0,428,67,361,138,290,374,acbba_entry:290;clue:4;collision_intent:67;state:67,1293,0,completed
458,dcta_parity_v1,topk_filter,aa0724188407797eae5187348bee11ee9f51317c4e8a201863b052786aa2f1df,823213c90703fd83224ad7122ee730ba64af3769ea517af252103bddd907f681,ACBBA,ideal,1.0,19,361,4,0.05,18,,,acbba_topk_5,/home/agxorin/topk_filter_study/simulator/scenarios/final_trial_500.csv,clue_search,01,69,43,63,7,0,0,0,432,69,363,142,290,380,acbba_entry:290;clue:4;collision_intent:69;state:69,1288,0,completed
458,dcta_parity_v1,topk_filter,aa0724188407797eae5187348bee11ee9f51317c4e8a201863b052786aa2f1df,823213c90703fd83224ad7122ee730ba64af3769ea517af252103bddd907f681,ACBBA,ideal,1.0,19,361,4,0.05,18,,,acbba_topk_5,/home/agxorin/topk_filter_study/simulator/scenarios/final_trial_500.csv,clue_search,02,70,44,52,19,0,0,0,435,71,364,145,290,382,acbba_entry:290;clue:4;collision_intent:70;state:70;target:1,1287,0,completed
458,dcta_parity_v1,topk_filter,aa0724188407797eae5187348bee11ee9f51317c4e8a201863b052786aa2f1df,823213c90703fd83224ad7122ee730ba64af3769ea517af252103bddd907f681,ACBBA,ideal,1.0,19,361,4,0.05,18,,,acbba_topk_5,/home/agxorin/topk_filter_study/simulator/scenarios/final_trial_500.csv,clue_search,03,69,43,66,4,5,0,0,427,69,358,142,285,375,acbba_entry:285;clue:4;collision_intent:69;state:69,1293,0,completed
459,dcta_parity_v1,topk_filter,aa0724188407797eae5187348bee11ee9f51317c4e8a201863b052786aa2f1df,823213c90703fd83224ad7122ee730ba64af3769ea517af252103bddd907f681,ACBBA,ideal,1.0,19,361,4,0.05,18,,,acbba_topk_5,/home/agxorin/topk_filter_study/simulator/scenarios/final_trial_500.csv,clue_search,00,35,26,34,2,2,0,0,241,35,206,72,169,223,acbba_entry:169;clue:2;collision_intent:35;state:35,730,0,completed
459,dcta_parity_v1,topk_filter,aa0724188407797eae5187348bee11ee9f51317c4e8a201863b052786aa2f1df,823213c90703fd83224ad7122ee730ba64af3769ea517af252103bddd907f681,ACBBA,ideal,1.0,19,361,4,0.05,18,,,acbba_topk_5,/home/agxorin/topk_filter_study/simulator/scenarios/final_trial_500.csv,clue_search,01,35,26,33,3,2,1,1,243,37,206,74,169,225,acbba_entry:169;clue:2;collision_intent:36;state:35;target:1,729,0,completed
459,dcta_parity_v1,topk_filter,aa0724188407797eae5187348bee11ee9f51317c4e8a201863b052786aa2f1df,823213c90703fd83224ad7122ee730ba64af3769ea517af252103bddd907f681,ACBBA,ideal,1.0,19,361,4,0.05,18,,,acbba_topk_5,/home/agxorin/topk_filter_study/simulator/scenarios/final_trial_500.csv,clue_search,02,35,25,33,3,0,0,0,244,35,209,72,172,224,acbba_entry:172;clue:2;collision_intent:35;state:35,727,0,completed
459,dcta_parity_v1,topk_filter,aa0724188407797eae5187348bee11ee9f51317c4e8a201863b052786aa2f1df,823213c90703fd83224ad7122ee730ba64af3769ea517af252103bddd907f681,ACBBA,ideal,1.0,19,361,4,0.05,18,,,acbba_topk_5,/home/agxorin/topk_filter_study/simulator/scenarios/final_trial_500.csv,clue_search,03,33,24,33,1,3,0,0,244,33,211,68,176,226,acbba_entry:176;clue:2;collision_intent:33;state:33,727,0,completed
460,dcta_parity_v1,topk_filter,aa0724188407797eae5187348bee11ee9f51317c4e8a201863b052786aa2f1df,823213c90703fd83224ad7122ee730ba64af3769ea517af252103bddd907f681,ACBBA,ideal,1.0,19,361,4,0.05,18,,,acbba_topk_5,/home/agxorin/topk_filter_study/simulator/scenarios/final_trial_500.csv,clue_search,00,11,0,12,0,0,0,0,22,11,11,22,0,0,collision_intent:11;state:11,66,0,completed
460,dcta_parity_v1,topk_filter,aa0724188407797eae5187348bee11ee9f51317c4e8a201863b052786aa2f1df,823213c90703fd83224ad7122ee730ba64af3769ea517af252103bddd907f681,ACBBA,ideal,1.0,19,361,4,0.05,18,,,acbba_topk_5,/home/agxorin/topk_filter_study/simulator/scenarios/final_trial_500.csv,clue_search,01,11,0,12,0,0,0,0,22,11,11,22,0,0,collision_intent:11;state:11,66,0,completed
460,dcta_parity_v1,topk_filter,aa0724188407797eae5187348bee11ee9f51317c4e8a201863b052786aa2f1df,823213c90703fd83224ad7122ee730ba64af3769ea517af252103bddd907f681,ACBBA,ideal,1.0,19,361,4,0.05,18,,,acbba_topk_5,/home/agxorin/topk_filter_study/simulator/scenarios/final_trial_500.csv,clue_search,02,11,0,12,0,0,0,0,22,11,11,22,0,0,collision_intent:11;state:11,66,0,completed
460,dcta_parity_v1,topk_filter,aa0724188407797eae5187348bee11ee9f51317c4e8a201863b052786aa2f1df,823213c90703fd83224ad7122ee730ba64af3769ea517af252103bddd907f681,ACBBA,ideal,1.0,19,361,4,0.05,18,,,acbba_topk_5,/home/agxorin/topk_filter_study/simulator/scenarios/final_trial_500.csv,clue_search,03,11,0,12,0,0,0,0,23,12,11,23,0,0,collision_intent:11;state:11;target:1,66,0,completed
461,dcta_parity_v1,topk_filter,aa0724188407797eae5187348bee11ee9f51317c4e8a201863b052786aa2f1df,823213c90703fd83224ad7122ee730ba64af3769ea517af252103bddd907f681,ACBBA,ideal,1.0,19,361,4,0.05,18,,,acbba_topk_5,/home/agxorin/topk_filter_study/simulator/scenarios/final_trial_500.csv,clue_search,00,49,18,50,0,2,0,0,231,50,181,101,130,169,acbba_entry:130;clue:2;collision_intent:49;state:49;target:1,703,0,completed
461,dcta_parity_v1,topk_filter,aa0724188407797eae5187348bee11ee9f51317c4e8a201863b052786aa2f1df,823213c90703fd83224ad7122ee730ba64af3769ea517af252103bddd907f681,ACBBA,ideal,1.0,19,361,4,0.05,18,,,acbba_topk_5,/home/agxorin/topk_filter_study/simulator/scenarios/final_trial_500.csv,clue_search,01,48,16,47,2,0,0,0,227,48,179,98,129,163,acbba_entry:129;clue:2;collision_intent:48;state:48,706,0,completed
461,dcta_parity_v1,topk_filter,aa0724188407797eae5187348bee11ee9f51317c4e8a201863b052786aa2f1df,823213c90703fd83224ad7122ee730ba64af3769ea517af252103bddd907f681,ACBBA,ideal,1.0,19,361,4,0.05,18,,,acbba_topk_5,/home/agxorin/topk_filter_study/simulator/scenarios/final_trial_500.csv,clue_search,02,48,16,48,1,1,0,0,241,49,192,99,142,177,acbba_entry:142;clue:2;collision_intent:49;state:48,692,0,completed
461,dcta_parity_v1,topk_filter,aa0724188407797eae5187348bee11ee9f51317c4e8a201863b052786aa2f1df,823213c90703fd83224ad7122ee730ba64af3769ea517af252103bddd907f681,ACBBA,ideal,1.0,19,361,4,0.05,18,,,acbba_topk_5,/home/agxorin/topk_filter_study/simulator/scenarios/final_trial_500.csv,clue_search,03,48,17,45,4,1,0,0,235,49,186,99,136,173,acbba_entry:136;clue:2;collision_intent:49;state:48,699,0,completed
462,dcta_parity_v1,topk_filter,aa0724188407797eae5187348bee11ee9f51317c4e8a201863b052786aa2f1df,823213c90703fd83224ad7122ee730ba64af3769ea517af252103bddd907f681,ACBBA,ideal,1.0,19,361,4,0.05,18,,,acbba_topk_5,/home/agxorin/topk_filter_study/simulator/scenarios/final_trial_500.csv,clue_search,00,110,84,91,20,4,0,0,653,111,542,224,429,601,acbba_entry:429;clue:3;collision_intent:110;state:110;target:1,2003,0,completed
462,dcta_parity_v1,topk_filter,aa0724188407797eae5187348bee11ee9f51317c4e8a201863b052786aa2f1df,823213c90703fd83224ad7122ee730ba64af3769ea517af252103bddd907f681,ACBBA,ideal,1.0,19,361,4,0.05,18,,,acbba_topk_5,/home/agxorin/topk_filter_study/simulator/scenarios/final_trial_500.csv,clue_search,01,107,81,73,35,1,0,0,675,107,568,217,458,623,acbba_entry:458;clue:3;collision_intent:107;state:107,1980,0,completed
462,dcta_parity_v1,topk_filter,aa0724188407797eae5187348bee11ee9f51317c4e8a201863b052786aa2f1df,823213c90703fd83224ad7122ee730ba64af3769ea517af252103bddd907f681,ACBBA,ideal,1.0,19,361,4,0.05,18,,,acbba_topk_5,/home/agxorin/topk_filter_study/simulator/scenarios/final_trial_500.csv,clue_search,02,108,82,97,12,4,0,0,663,108,555,219,444,611,acbba_entry:444;clue:3;collision_intent:108;state:108,1991,0,completed
462,dcta_parity_v1,topk_filter,aa0724188407797eae5187348bee11ee9f51317c4e8a201863b052786aa2f1df,823213c90703fd83224ad7122ee730ba64af3769ea517af252103bddd907f681,ACBBA,ideal,1.0,19,361,4,0.05,18,,,acbba_topk_5,/home/agxorin/topk_filter_study/simulator/scenarios/final_trial_500.csv,clue_search,03,108,82,73,36,12,1,1,665,109,556,220,445,613,acbba_entry:445;clue:3;collision_intent:109;state:108,1990,0,completed
463,dcta_parity_v1,topk_filter,aa0724188407797eae5187348bee11ee9f51317c4e8a201863b052786aa2f1df,823213c90703fd83224ad7122ee730ba64af3769ea517af252103bddd907f681,ACBBA,ideal,1.0,19,361,4,0.05,18,,,acbba_topk_5,/home/agxorin/topk_filter_study/simulator/scenarios/final_trial_500.csv,clue_search,00,111,85,91,21,5,2,1,828,113,715,228,600,776,acbba_entry:600;clue:4;collision_intent:113;state:111,2510,0,completed
463,dcta_parity_v1,topk_filter,aa0724188407797eae5187348bee11ee9f51317c4e8a201863b052786aa2f1df,823213c90703fd83224ad7122ee730ba64af3769ea517af252103bddd907f681,ACBBA,ideal,1.0,19,361,4,0.05,18,,,acbba_topk_5,/home/agxorin/topk_filter_study/simulator/scenarios/final_trial_500.csv,clue_search,01,110,84,77,34,3,0,0,821,110,711,224,597,769,acbba_entry:597;clue:4;collision_intent:110;state:110,2518,0,completed
463,dcta_parity_v1,topk_filter,aa0724188407797eae5187348bee11ee9f51317c4e8a201863b052786aa2f1df,823213c90703fd83224ad7122ee730ba64af3769ea517af252103bddd907f681,ACBBA,ideal,1.0,19,361,4,0.05,18,,,acbba_topk_5,/home/agxorin/topk_filter_study/simulator/scenarios/final_trial_500.csv,clue_search,02,108,82,96,13,7,0,0,840,109,731,221,619,788,acbba_entry:619;clue:4;collision_intent:108;state:108;target:1,2499,0,completed
463,dcta_parity_v1,topk_filter,aa0724188407797eae5187348bee11ee9f51317c4e8a201863b052786aa2f1df,823213c90703fd83224ad7122ee730ba64af3769ea517af252103bddd907f681,ACBBA,ideal,1.0,19,361,4,0.05,18,,,acbba_topk_5,/home/agxorin/topk_filter_study/simulator/scenarios/final_trial_500.csv,clue_search,03,110,84,93,18,1,1,1,850,112,738,226,624,798,acbba_entry:624;clue:4;collision_intent:112;state:110,2488,0,completed
464,dcta_parity_v1,topk_filter,aa0724188407797eae5187348bee11ee9f51317c4e8a201863b052786aa2f1df,823213c90703fd83224ad7122ee730ba64af3769ea517af252103bddd907f681,ACBBA,ideal,1.0,19,361,4,0.05,18,,,acbba_topk_5,/home/agxorin/topk_filter_study/simulator/scenarios/final_trial_500.csv,clue_search,00,36,9,37,0,0,0,0,132,37,95,74,58,77,acbba_entry:58;clue:1;collision_intent:37;state:36,402,0,completed
464,dcta_parity_v1,topk_filter,aa0724188407797eae5187348bee11ee9f51317c4e8a201863b052786aa2f1df,823213c90703fd83224ad7122ee730ba64af3769ea517af252103bddd907f681,ACBBA,ideal,1.0,19,361,4,0.05,18,,,acbba_topk_5,/home/agxorin/topk_filter_study/simulator/scenarios/final_trial_500.csv,clue_search,01,35,8,36,0,0,0,0,134,35,99,71,63,80,acbba_entry:63;clue:1;collision_intent:35;state:35,402,0,completed
464,dcta_parity_v1,topk_filter,aa0724188407797eae5187348bee11ee9f51317c4e8a201863b052786aa2f1df,823213c90703fd83224ad7122ee730ba64af3769ea517af252103bddd907f681,ACBBA,ideal,1.0,19,361,4,0.05,18,,,acbba_topk_5,/home/agxorin/topk_filter_study/simulator/scenarios/final_trial_500.csv,clue_search,02,36,9,36,1,1,0,0,135,37,98,74,61,81,acbba_entry:61;clue:1;collision_intent:36;state:36;target:1,401,0,completed
464,dcta_parity_v1,topk_filter,aa0724188407797eae5187348bee11ee9f51317c4e8a201863b052786aa2f1df,823213c90703fd83224ad7122ee730ba64af3769ea517af252103bddd907f681,ACBBA,ideal,1.0,19,361,4,0.05,18,,,acbba_topk_5,/home/agxorin/topk_filter_study/simulator/scenarios/final_trial_500.csv,clue_search,03,36,9,34,3,0,0,0,135,36,99,73,62,81,acbba_entry:62;clue:1;collision_intent:36;state:36,401,0,completed
465,dcta_parity_v1,topk_filter,aa0724188407797eae5187348bee11ee9f51317c4e8a201863b052786aa2f1df,823213c90703fd83224ad7122ee730ba64af3769ea517af252103bddd907f681,ACBBA,ideal,1.0,19,361,4,0.05,18,,,acbba_topk_5,/home/agxorin/topk_filter_study/simulator/scenarios/final_trial_500.csv,clue_search,00,49,22,50,0,1,0,0,294,49,245,101,193,240,acbba_entry:193;clue:3;collision_intent:49;state:49,860,0,completed
465,dcta_parity_v1,topk_filter,aa0724188407797eae5187348bee11ee9f51317c4e8a201863b052786aa2f1df,823213c90703fd83224ad7122ee730ba64af3769ea517af252103bddd907f681,ACBBA,ideal,1.0,19,361,4,0.05,18,,,acbba_topk_5,/home/agxorin/topk_filter_study/simulator/scenarios/final_trial_500.csv,clue_search,01,48,22,48,1,1,0,0,286,49,237,100,186,234,acbba_entry:186;clue:3;collision_intent:49;state:48,868,0,completed
465,dcta_parity_v1,topk_filter,aa0724188407797eae5187348bee11ee9f51317c4e8a201863b052786aa2f1df,823213c90703fd83224ad7122ee730ba64af3769ea517af252103bddd907f681,ACBBA,ideal,1.0,19,361,4,0.05,18,,,acbba_topk_5,/home/agxorin/topk_filter_study/simulator/scenarios/final_trial_500.csv,clue_search,02,49,23,48,2,2,1,1,290,51,239,103,187,238,acbba_entry:187;clue:3;collision_intent:50;state:49;target:1,866,0,completed
465,dcta_parity_v1,topk_filter,aa0724188407797eae5187348bee11ee9f51317c4e8a201863b052786aa2f1df,823213c90703fd83224ad7122ee730ba64af3769ea517af252103bddd907f681,ACBBA,ideal,1.0,19,361,4,0.05,18,,,acbba_topk_5,/home/agxorin/topk_filter_study/simulator/scenarios/final_trial_500.csv,clue_search,03,50,24,48,3,2,0,0,286,50,236,103,183,234,acbba_entry:183;clue:3;collision_intent:50;state:50,870,0,completed
466,dcta_parity_v1,topk_filter,aa0724188407797eae5187348bee11ee9f51317c4e8a201863b052786aa2f1df,823213c90703fd83224ad7122ee730ba64af3769ea517af252103bddd907f681,ACBBA,ideal,1.0,19,361,4,0.05,18,,,acbba_topk_5,/home/agxorin/topk_filter_study/simulator/scenarios/final_trial_500.csv,clue_search,00,13,3,14,0,0,0,0,45,13,32,27,18,25,acbba_entry:18;clue:1;collision_intent:13;state:13,122,0,completed
466,dcta_parity_v1,topk_filter,aa0724188407797eae5187348bee11ee9f51317c4e8a201863b052786aa2f1df,823213c90703fd83224ad7122ee730ba64af3769ea517af252103bddd907f681,ACBBA,ideal,1.0,19,361,4,0.05,18,,,acbba_topk_5,/home/agxorin/topk_filter_study/simulator/scenarios/final_trial_500.csv,clue_search,01,13,4,14,0,0,0,0,41,13,28,27,14,23,acbba_entry:14;clue:1;collision_intent:13;state:13,125,0,completed
466,dcta_parity_v1,topk_filter,aa0724188407797eae5187348bee11ee9f51317c4e8a201863b052786aa2f1df,823213c90703fd83224ad7122ee730ba64af3769ea517af252103bddd907f681,ACBBA,ideal,1.0,19,361,4,0.05,18,,,acbba_topk_5,/home/agxorin/topk_filter_study/simulator/scenarios/final_trial_500.csv,clue_search,02,14,5,15,0,0,0,0,39,15,24,30,9,21,acbba_entry:9;clue:1;collision_intent:14;state:14;target:1,128,0,completed
466,dcta_parity_v1,topk_filter,aa0724188407797eae5187348bee11ee9f51317c4e8a201863b052786aa2f1df,823213c90703fd83224ad7122ee730ba64af3769ea517af252103bddd907f681,ACBBA,ideal,1.0,19,361,4,0.05,18,,,acbba_topk_5,/home/agxorin/topk_filter_study/simulator/scenarios/final_trial_500.csv,clue_search,03,13,4,14,0,1,0,0,42,13,29,27,15,24,acbba_entry:15;clue:1;collision_intent:13;state:13,125,0,completed
467,dcta_parity_v1,topk_filter,aa0724188407797eae5187348bee11ee9f51317c4e8a201863b052786aa2f1df,823213c90703fd83224ad7122ee730ba64af3769ea517af252103bddd907f681,ACBBA,ideal,1.0,19,361,4,0.05,18,,,acbba_topk_5,/home/agxorin/topk_filter_study/simulator/scenarios/final_trial_500.csv,clue_search,00,55,35,52,4,2,0,0,363,55,308,112,251,323,acbba_entry:251;clue:2;collision_intent:55;state:55,1133,0,completed
467,dcta_parity_v1,topk_filter,aa0724188407797eae5187348bee11ee9f51317c4e8a201863b052786aa2f1df,823213c90703fd83224ad7122ee730ba64af3769ea517af252103bddd907f681,ACBBA,ideal,1.0,19,361,4,0.05,18,,,acbba_topk_5,/home/agxorin/topk_filter_study/simulator/scenarios/final_trial_500.csv,clue_search,01,54,35,48,7,1,1,1,360,56,304,112,248,321,acbba_entry:248;clue:2;collision_intent:55;state:54;target:1,1136,0,completed
467,dcta_parity_v1,topk_filter,aa0724188407797eae5187348bee11ee9f51317c4e8a201863b052786aa2f1df,823213c90703fd83224ad7122ee730ba64af3769ea517af252103bddd907f681,ACBBA,ideal,1.0,19,361,4,0.05,18,,,acbba_topk_5,/home/agxorin/topk_filter_study/simulator/scenarios/final_trial_500.csv,clue_search,02,52,33,39,14,1,3,3,372,56,316,110,262,333,acbba_entry:262;clue:2;collision_intent:56;state:52,1123,0,completed
467,dcta_parity_v1,topk_filter,aa0724188407797eae5187348bee11ee9f51317c4e8a201863b052786aa2f1df,823213c90703fd83224ad7122ee730ba64af3769ea517af252103bddd907f681,ACBBA,ideal,1.0,19,361,4,0.05,18,,,acbba_topk_5,/home/agxorin/topk_filter_study/simulator/scenarios/final_trial_500.csv,clue_search,03,53,33,54,0,0,0,0,401,54,347,109,292,361,acbba_entry:292;clue:2;collision_intent:54;state:53,1095,0,completed
468,dcta_parity_v1,topk_filter,aa0724188407797eae5187348bee11ee9f51317c4e8a201863b052786aa2f1df,823213c90703fd83224ad7122ee730ba64af3769ea517af252103bddd907f681,ACBBA,ideal,1.0,19,361,4,0.05,18,,,acbba_topk_5,/home/agxorin/topk_filter_study/simulator/scenarios/final_trial_500.csv,clue_search,00,23,11,24,0,0,0,0,137,23,114,49,88,113,acbba_entry:88;clue:3;collision_intent:23;state:23,380,0,completed
468,dcta_parity_v1,topk_filter,aa0724188407797eae5187348bee11ee9f51317c4e8a201863b052786aa2f1df,823213c90703fd83224ad7122ee730ba64af3769ea517af252103bddd907f681,ACBBA,ideal,1.0,19,361,4,0.05,18,,,acbba_topk_5,/home/agxorin/topk_filter_study/simulator/scenarios/final_trial_500.csv,clue_search,01,23,12,24,0,1,0,0,130,23,107,49,81,108,acbba_entry:81;clue:3;collision_intent:23;state:23,387,0,completed
468,dcta_parity_v1,topk_filter,aa0724188407797eae5187348bee11ee9f51317c4e8a201863b052786aa2f1df,823213c90703fd83224ad7122ee730ba64af3769ea517af252103bddd907f681,ACBBA,ideal,1.0,19,361,4,0.05,18,,,acbba_topk_5,/home/agxorin/topk_filter_study/simulator/scenarios/final_trial_500.csv,clue_search,02,24,12,23,2,1,0,0,127,25,102,52,75,103,acbba_entry:75;clue:3;collision_intent:24;state:24;target:1,391,0,completed
468,dcta_parity_v1,topk_filter,aa0724188407797eae5187348bee11ee9f51317c4e8a201863b052786aa2f1df,823213c90703fd83224ad7122ee730ba64af3769ea517af252103bddd907f681,ACBBA,ideal,1.0,19,361,4,0.05,18,,,acbba_topk_5,/home/agxorin/topk_filter_study/simulator/scenarios/final_trial_500.csv,clue_search,03,23,12,22,2,1,0,0,124,23,101,49,75,102,acbba_entry:75;clue:3;collision_intent:23;state:23,394,0,completed
469,dcta_parity_v1,topk_filter,aa0724188407797eae5187348bee11ee9f51317c4e8a201863b052786aa2f1df,823213c90703fd83224ad7122ee730ba64af3769ea517af252103bddd907f681,ACBBA,ideal,1.0,19,361,4,0.05,18,,,acbba_topk_5,/home/agxorin/topk_filter_study/simulator/scenarios/final_trial_500.csv,clue_search,00,18,0,19,0,0,0,0,36,18,18,36,0,0,collision_intent:18;state:18,106,0,completed
469,dcta_parity_v1,topk_filter,aa0724188407797eae5187348bee11ee9f51317c4e8a201863b052786aa2f1df,823213c90703fd83224ad7122ee730ba64af3769ea517af252103bddd907f681,ACBBA,ideal,1.0,19,361,4,0.05,18,,,acbba_topk_5,/home/agxorin/topk_filter_study/simulator/scenarios/final_trial_500.csv,clue_search,01,18,0,19,0,0,0,0,37,19,18,37,0,0,collision_intent:18;state:18;target:1,106,0,completed
469,dcta_parity_v1,topk_filter,aa0724188407797eae5187348bee11ee9f51317c4e8a201863b052786aa2f1df,823213c90703fd83224ad7122ee730ba64af3769ea517af252103bddd907f681,ACBBA,ideal,1.0,19,361,4,0.05,18,,,acbba_topk_5,/home/agxorin/topk_filter_study/simulator/scenarios/final_trial_500.csv,clue_search,02,18,0,19,0,0,0,0,36,18,18,36,0,0,collision_intent:18;state:18,106,0,completed
469,dcta_parity_v1,topk_filter,aa0724188407797eae5187348bee11ee9f51317c4e8a201863b052786aa2f1df,823213c90703fd83224ad7122ee730ba64af3769ea517af252103bddd907f681,ACBBA,ideal,1.0,19,361,4,0.05,18,,,acbba_topk_5,/home/agxorin/topk_filter_study/simulator/scenarios/final_trial_500.csv,clue_search,03,17,0,18,0,0,0,0,34,17,17,34,0,0,collision_intent:17;state:17,108,0,completed
470,dcta_parity_v1,topk_filter,aa0724188407797eae5187348bee11ee9f51317c4e8a201863b052786aa2f1df,823213c90703fd83224ad7122ee730ba64af3769ea517af252103bddd907f681,ACBBA,ideal,1.0,19,361,4,0.05,18,,,acbba_topk_5,/home/agxorin/topk_filter_study/simulator/scenarios/final_trial_500.csv,clue_search,00,71,42,65,7,1,0,0,398,72,326,147,251,340,acbba_entry:251;clue:4;collision_intent:71;state:71;target:1,1188,0,completed
470,dcta_parity_v1,topk_filter,aa0724188407797eae5187348bee11ee9f51317c4e8a201863b052786aa2f1df,823213c90703fd83224ad7122ee730ba64af3769ea517af252103bddd907f681,ACBBA,ideal,1.0,19,361,4,0.05,18,,,acbba_topk_5,/home/agxorin/topk_filter_study/simulator/scenarios/final_trial_500.csv,clue_search,01,71,42,59,13,2,0,0,400,71,329,146,254,342,acbba_entry:254;clue:4;collision_intent:71;state:71,1186,0,completed
470,dcta_parity_v1,topk_filter,aa0724188407797eae5187348bee11ee9f51317c4e8a201863b052786aa2f1df,823213c90703fd83224ad7122ee730ba64af3769ea517af252103bddd907f681,ACBBA,ideal,1.0,19,361,4,0.05,18,,,acbba_topk_5,/home/agxorin/topk_filter_study/simulator/scenarios/final_trial_500.csv,clue_search,02,71,42,65,7,3,1,1,406,72,334,147,259,348,acbba_entry:259;clue:4;collision_intent:72;state:71,1178,0,completed
470,dcta_parity_v1,topk_filter,aa0724188407797eae5187348bee11ee9f51317c4e8a201863b052786aa2f1df,823213c90703fd83224ad7122ee730ba64af3769ea517af252103bddd907f681,ACBBA,ideal,1.0,19,361,4,0.05,18,,,acbba_topk_5,/home/agxorin/topk_filter_study/simulator/scenarios/final_trial_500.csv,clue_search,03,70,41,52,19,2,0,0,382,70,312,144,238,324,acbba_entry:238;clue:4;collision_intent:70;state:70,1203,0,completed
471,dcta_parity_v1,topk_filter,aa0724188407797eae5187348bee11ee9f51317c4e8a201863b052786aa2f1df,823213c90703fd83224ad7122ee730ba64af3769ea517af252103bddd907f681,ACBBA,ideal,1.0,19,361,4,0.05,18,,,acbba_topk_5,/home/agxorin/topk_filter_study/simulator/scenarios/final_trial_500.csv,clue_search,00,25,0,26,0,0,0,0,50,25,25,50,0,0,collision_intent:25;state:25,150,0,completed
471,dcta_parity_v1,topk_filter,aa0724188407797eae5187348bee11ee9f51317c4e8a201863b052786aa2f1df,823213c90703fd83224ad7122ee730ba64af3769ea517af252103bddd907f681,ACBBA,ideal,1.0,19,361,4,0.05,18,,,acbba_topk_5,/home/agxorin/topk_filter_study/simulator/scenarios/final_trial_500.csv,clue_search,01,25,0,26,0,0,0,0,51,26,25,51,0,0,collision_intent:25;state:25;target:1,150,0,completed
471,dcta_parity_v1,topk_filter,aa0724188407797eae5187348bee11ee9f51317c4e8a201863b052786aa2f1df,823213c90703fd83224ad7122ee730ba64af3769ea517af252103bddd907f681,ACBBA,ideal,1.0,19,361,4,0.05,18,,,acbba_topk_5,/home/agxorin/topk_filter_study/simulator/scenarios/final_trial_500.csv,clue_search,02,25,0,26,0,0,0,0,50,25,25,50,0,0,collision_intent:25;state:25,149,0,completed
471,dcta_parity_v1,topk_filter,aa0724188407797eae5187348bee11ee9f51317c4e8a201863b052786aa2f1df,823213c90703fd83224ad7122ee730ba64af3769ea517af252103bddd907f681,ACBBA,ideal,1.0,19,361,4,0.05,18,,,acbba_topk_5,/home/agxorin/topk_filter_study/simulator/scenarios/final_trial_500.csv,clue_search,03,25,0,26,0,0,0,0,50,25,25,50,0,0,collision_intent:25;state:25,150,0,completed
472,dcta_parity_v1,topk_filter,aa0724188407797eae5187348bee11ee9f51317c4e8a201863b052786aa2f1df,823213c90703fd83224ad7122ee730ba64af3769ea517af252103bddd907f681,ACBBA,ideal,1.0,19,361,4,0.05,18,,,acbba_topk_5,/home/agxorin/topk_filter_study/simulator/scenarios/final_trial_500.csv,clue_search,00,6,0,7,0,0,0,0,12,6,6,12,0,0,collision_intent:6;state:6,35,0,completed
472,dcta_parity_v1,topk_filter,aa0724188407797eae5187348bee11ee9f51317c4e8a201863b052786aa2f1df,823213c90703fd83224ad7122ee730ba64af3769ea517af252103bddd907f681,ACBBA,ideal,1.0,19,361,4,0.05,18,,,acbba_topk_5,/home/agxorin/topk_filter_study/simulator/scenarios/final_trial_500.csv,clue_search,01,6,0,7,0,0,0,0,13,7,6,13,0,0,collision_intent:6;state:6;target:1,34,0,completed
472,dcta_parity_v1,topk_filter,aa0724188407797eae5187348bee11ee9f51317c4e8a201863b052786aa2f1df,823213c90703fd83224ad7122ee730ba64af3769ea517af252103bddd907f681,ACBBA,ideal,1.0,19,361,4,0.05,18,,,acbba_topk_5,/home/agxorin/topk_filter_study/simulator/scenarios/final_trial_500.csv,clue_search,02,6,0,7,0,0,0,0,12,6,6,12,0,0,collision_intent:6;state:6,34,0,completed
472,dcta_parity_v1,topk_filter,aa0724188407797eae5187348bee11ee9f51317c4e8a201863b052786aa2f1df,823213c90703fd83224ad7122ee730ba64af3769ea517af252103bddd907f681,ACBBA,ideal,1.0,19,361,4,0.05,18,,,acbba_topk_5,/home/agxorin/topk_filter_study/simulator/scenarios/final_trial_500.csv,clue_search,03,5,0,6,0,0,0,0,10,5,5,10,0,0,collision_intent:5;state:5,36,0,completed
473,dcta_parity_v1,topk_filter,aa0724188407797eae5187348bee11ee9f51317c4e8a201863b052786aa2f1df,823213c90703fd83224ad7122ee730ba64af3769ea517af252103bddd907f681,ACBBA,ideal,1.0,19,361,4,0.05,18,,,acbba_topk_5,/home/agxorin/topk_filter_study/simulator/scenarios/final_trial_500.csv,clue_search,00,21,5,22,0,0,0,0,59,21,38,43,16,27,acbba_entry:16;clue:1;collision_intent:21;state:21,183,0,completed
473,dcta_parity_v1,topk_filter,aa0724188407797eae5187348bee11ee9f51317c4e8a201863b052786aa2f1df,823213c90703fd83224ad7122ee730ba64af3769ea517af252103bddd907f681,ACBBA,ideal,1.0,19,361,4,0.05,18,,,acbba_topk_5,/home/agxorin/topk_filter_study/simulator/scenarios/final_trial_500.csv,clue_search,01,20,4,21,0,0,0,0,56,20,36,41,15,24,acbba_entry:15;clue:1;collision_intent:20;state:20,186,0,completed
473,dcta_parity_v1,topk_filter,aa0724188407797eae5187348bee11ee9f51317c4e8a201863b052786aa2f1df,823213c90703fd83224ad7122ee730ba64af3769ea517af252103bddd907f681,ACBBA,ideal,1.0,19,361,4,0.05,18,,,acbba_topk_5,/home/agxorin/topk_filter_study/simulator/scenarios/final_trial_500.csv,clue_search,02,21,4,22,0,0,0,0,58,21,37,43,15,24,acbba_entry:15;clue:1;collision_intent:21;state:21,182,0,completed
473,dcta_parity_v1,topk_filter,aa0724188407797eae5187348bee11ee9f51317c4e8a201863b052786aa2f1df,823213c90703fd83224ad7122ee730ba64af3769ea517af252103bddd907f681,ACBBA,ideal,1.0,19,361,4,0.05,18,,,acbba_topk_5,/home/agxorin/topk_filter_study/simulator/scenarios/final_trial_500.csv,clue_search,03,21,4,22,0,0,0,0,69,22,47,44,25,35,acbba_entry:25;clue:1;collision_intent:21;state:21;target:1,173,0,completed
474,dcta_parity_v1,topk_filter,aa0724188407797eae5187348bee11ee9f51317c4e8a201863b052786aa2f1df,823213c90703fd83224ad7122ee730ba64af3769ea517af252103bddd907f681,ACBBA,ideal,1.0,19,361,4,0.05,18,,,acbba_topk_5,/home/agxorin/topk_filter_study/simulator/scenarios/final_trial_500.csv,clue_search,00,16,0,17,0,0,0,0,32,16,16,32,0,0,collision_intent:16;state:16,94,0,completed
474,dcta_parity_v1,topk_filter,aa0724188407797eae5187348bee11ee9f51317c4e8a201863b052786aa2f1df,823213c90703fd83224ad7122ee730ba64af3769ea517af252103bddd907f681,ACBBA,ideal,1.0,19,361,4,0.05,18,,,acbba_topk_5,/home/agxorin/topk_filter_study/simulator/scenarios/final_trial_500.csv,clue_search,01,16,0,17,0,0,0,0,33,17,16,33,0,0,collision_intent:16;state:16;target:1,94,0,completed
474,dcta_parity_v1,topk_filter,aa0724188407797eae5187348bee11ee9f51317c4e8a201863b052786aa2f1df,823213c90703fd83224ad7122ee730ba64af3769ea517af252103bddd907f681,ACBBA,ideal,1.0,19,361,4,0.05,18,,,acbba_topk_5,/home/agxorin/topk_filter_study/simulator/scenarios/final_trial_500.csv,clue_search,02,16,0,17,0,0,0,0,32,16,16,32,0,0,collision_intent:16;state:16,93,0,completed
474,dcta_parity_v1,topk_filter,aa0724188407797eae5187348bee11ee9f51317c4e8a201863b052786aa2f1df,823213c90703fd83224ad7122ee730ba64af3769ea517af252103bddd907f681,ACBBA,ideal,1.0,19,361,4,0.05,18,,,acbba_topk_5,/home/agxorin/topk_filter_study/simulator/scenarios/final_trial_500.csv,clue_search,03,15,0,16,0,0,0,0,30,15,15,30,0,0,collision_intent:15;state:15,95,0,completed
475,dcta_parity_v1,topk_filter,aa0724188407797eae5187348bee11ee9f51317c4e8a201863b052786aa2f1df,823213c90703fd83224ad7122ee730ba64af3769ea517af252103bddd907f681,ACBBA,ideal,1.0,19,361,4,0.05,18,,,acbba_topk_5,/home/agxorin/topk_filter_study/simulator/scenarios/final_trial_500.csv,clue_search,00,3,0,4,0,0,0,0,6,3,3,6,0,0,collision_intent:3;state:3,19,0,completed
475,dcta_parity_v1,topk_filter,aa0724188407797eae5187348bee11ee9f51317c4e8a201863b052786aa2f1df,823213c90703fd83224ad7122ee730ba64af3769ea517af252103bddd907f681,ACBBA,ideal,1.0,19,361,4,0.05,18,,,acbba_topk_5,/home/agxorin/topk_filter_study/simulator/scenarios/final_trial_500.csv,clue_search,01,3,0,4,0,0,0,0,7,4,3,7,0,0,collision_intent:3;state:3;target:1,18,0,completed
475,dcta_parity_v1,topk_filter,aa0724188407797eae5187348bee11ee9f51317c4e8a201863b052786aa2f1df,823213c90703fd83224ad7122ee730ba64af3769ea517af252103bddd907f681,ACBBA,ideal,1.0,19,361,4,0.05,18,,,acbba_topk_5,/home/agxorin/topk_filter_study/simulator/scenarios/final_trial_500.csv,clue_search,02,3,0,4,0,0,0,0,6,3,3,6,0,0,collision_intent:3;state:3,19,0,completed
475,dcta_parity_v1,topk_filter,aa0724188407797eae5187348bee11ee9f51317c4e8a201863b052786aa2f1df,823213c90703fd83224ad7122ee730ba64af3769ea517af252103bddd907f681,ACBBA,ideal,1.0,19,361,4,0.05,18,,,acbba_topk_5,/home/agxorin/topk_filter_study/simulator/scenarios/final_trial_500.csv,clue_search,03,3,0,4,0,0,0,0,6,3,3,6,0,0,collision_intent:3;state:3,17,0,completed
476,dcta_parity_v1,topk_filter,aa0724188407797eae5187348bee11ee9f51317c4e8a201863b052786aa2f1df,823213c90703fd83224ad7122ee730ba64af3769ea517af252103bddd907f681,ACBBA,ideal,1.0,19,361,4,0.05,18,,,acbba_topk_5,/home/agxorin/topk_filter_study/simulator/scenarios/final_trial_500.csv,clue_search,00,54,43,51,4,3,0,0,446,54,392,110,336,424,acbba_entry:336;clue:2;collision_intent:54;state:54,1360,0,completed
476,dcta_parity_v1,topk_filter,aa0724188407797eae5187348bee11ee9f51317c4e8a201863b052786aa2f1df,823213c90703fd83224ad7122ee730ba64af3769ea517af252103bddd907f681,ACBBA,ideal,1.0,19,361,4,0.05,18,,,acbba_topk_5,/home/agxorin/topk_filter_study/simulator/scenarios/final_trial_500.csv,clue_search,01,54,43,46,9,4,2,1,444,56,388,112,332,422,acbba_entry:332;clue:2;collision_intent:56;state:54,1362,0,completed
476,dcta_parity_v1,topk_filter,aa0724188407797eae5187348bee11ee9f51317c4e8a201863b052786aa2f1df,823213c90703fd83224ad7122ee730ba64af3769ea517af252103bddd907f681,ACBBA,ideal,1.0,19,361,4,0.05,18,,,acbba_topk_5,/home/agxorin/topk_filter_study/simulator/scenarios/final_trial_500.csv,clue_search,02,54,43,55,0,3,0,0,462,55,407,111,351,440,acbba_entry:351;clue:2;collision_intent:54;state:54;target:1,1346,0,completed
476,dcta_parity_v1,topk_filter,aa0724188407797eae5187348bee11ee9f51317c4e8a201863b052786aa2f1df,823213c90703fd83224ad7122ee730ba64af3769ea517af252103bddd907f681,ACBBA,ideal,1.0,19,361,4,0.05,18,,,acbba_topk_5,/home/agxorin/topk_filter_study/simulator/scenarios/final_trial_500.csv,clue_search,03,54,44,50,5,2,0,0,456,54,402,110,346,436,acbba_entry:346;clue:2;collision_intent:54;state:54,1352,0,completed
477,dcta_parity_v1,topk_filter,aa0724188407797eae5187348bee11ee9f51317c4e8a201863b052786aa2f1df,823213c90703fd83224ad7122ee730ba64af3769ea517af252103bddd907f681,ACBBA,ideal,1.0,19,361,4,0.05,18,,,acbba_topk_5,/home/agxorin/topk_filter_study/simulator/scenarios/final_trial_500.csv,clue_search,00,58,45,47,12,1,0,0,434,59,375,121,313,408,acbba_entry:313;clue:4;collision_intent:58;state:58;target:1,1304,0,completed
477,dcta_parity_v1,topk_filter,aa0724188407797eae5187348bee11ee9f51317c4e8a201863b052786aa2f1df,823213c90703fd83224ad7122ee730ba64af3769ea517af252103bddd907f681,ACBBA,ideal,1.0,19,361,4,0.05,18,,,acbba_topk_5,/home/agxorin/topk_filter_study/simulator/scenarios/final_trial_500.csv,clue_search,01,56,43,52,5,2,0,0,426,56,370,116,310,400,acbba_entry:310;clue:4;collision_intent:56;state:56,1311,0,completed
477,dcta_parity_v1,topk_filter,aa0724188407797eae5187348bee11ee9f51317c4e8a201863b052786aa2f1df,823213c90703fd83224ad7122ee730ba64af3769ea517af252103bddd907f681,ACBBA,ideal,1.0,19,361,4,0.05,18,,,acbba_topk_5,/home/agxorin/topk_filter_study/simulator/scenarios/final_trial_500.csv,clue_search,02,57,44,54,4,4,1,1,430,58,372,119,311,404,acbba_entry:311;clue:4;collision_intent:58;state:57,1308,0,completed
477,dcta_parity_v1,topk_filter,aa0724188407797eae5187348bee11ee9f51317c4e8a201863b052786aa2f1df,823213c90703fd83224ad7122ee730ba64af3769ea517af252103bddd907f681,ACBBA,ideal,1.0,19,361,4,0.05,18,,,acbba_topk_5,/home/agxorin/topk_filter_study/simulator/scenarios/final_trial_500.csv,clue_search,03,58,46,53,6,3,0,0,448,58,390,120,328,424,acbba_entry:328;clue:4;collision_intent:58;state:58,1288,0,completed
478,dcta_parity_v1,topk_filter,aa0724188407797eae5187348bee11ee9f51317c4e8a201863b052786aa2f1df,823213c90703fd83224ad7122ee730ba64af3769ea517af252103bddd907f681,ACBBA,ideal,1.0,19,361,4,0.05,18,,,acbba_topk_5,/home/agxorin/topk_filter_study/simulator/scenarios/final_trial_500.csv,clue_search,00,8,3,9,0,0,0,0,32,8,24,17,15,22,acbba_entry:15;clue:1;collision_intent:8;state:8,108,0,completed
478,dcta_parity_v1,topk_filter,aa0724188407797eae5187348bee11ee9f51317c4e8a201863b052786aa2f1df,823213c90703fd83224ad7122ee730ba64af3769ea517af252103bddd907f681,ACBBA,ideal,1.0,19,361,4,0.05,18,,,acbba_topk_5,/home/agxorin/topk_filter_study/simulator/scenarios/final_trial_500.csv,clue_search,01,8,3,9,0,0,0,0,38,9,29,18,20,28,acbba_entry:20;clue:1;collision_intent:8;state:8;target:1,103,0,completed
478,dcta_parity_v1,topk_filter,aa0724188407797eae5187348bee11ee9f51317c4e8a201863b052786aa2f1df,823213c90703fd83224ad7122ee730ba64af3769ea517af252103bddd907f681,ACBBA,ideal,1.0,19,361,4,0.05,18,,,acbba_topk_5,/home/agxorin/topk_filter_study/simulator/scenarios/final_trial_500.csv,clue_search,02,8,3,9,0,0,0,0,34,8,26,17,17,24,acbba_entry:17;clue:1;collision_intent:8;state:8,106,0,completed
478,dcta_parity_v1,topk_filter,aa0724188407797eae5187348bee11ee9f51317c4e8a201863b052786aa2f1df,823213c90703fd83224ad7122ee730ba64af3769ea517af252103bddd907f681,ACBBA,ideal,1.0,19,361,4,0.05,18,,,acbba_topk_5,/home/agxorin/topk_filter_study/simulator/scenarios/final_trial_500.csv,clue_search,03,8,3,9,0,2,0,0,37,8,29,17,20,27,acbba_entry:20;clue:1;collision_intent:8;state:8,102,0,completed
479,dcta_parity_v1,topk_filter,aa0724188407797eae5187348bee11ee9f51317c4e8a201863b052786aa2f1df,823213c90703fd83224ad7122ee730ba64af3769ea517af252103bddd907f681,ACBBA,ideal,1.0,19,361,4,0.05,18,,,acbba_topk_5,/home/agxorin/topk_filter_study/simulator/scenarios/final_trial_500.csv,clue_search,00,35,19,36,0,1,0,0,247,36,211,72,175,215,acbba_entry:175;clue:1;collision_intent:36;state:35,723,0,completed
479,dcta_parity_v1,topk_filter,aa0724188407797eae5187348bee11ee9f51317c4e8a201863b052786aa2f1df,823213c90703fd83224ad7122ee730ba64af3769ea517af252103bddd907f681,ACBBA,ideal,1.0,19,361,4,0.05,18,,,acbba_topk_5,/home/agxorin/topk_filter_study/simulator/scenarios/final_trial_500.csv,clue_search,01,36,20,32,5,0,1,1,236,37,199,74,162,204,acbba_entry:162;clue:1;collision_intent:37;state:36,734,0,completed
479,dcta_parity_v1,topk_filter,aa0724188407797eae5187348bee11ee9f51317c4e8a201863b052786aa2f1df,823213c90703fd83224ad7122ee730ba64af3769ea517af252103bddd907f681,ACBBA,ideal,1.0,19,361,4,0.05,18,,,acbba_topk_5,/home/agxorin/topk_filter_study/simulator/scenarios/final_trial_500.csv,clue_search,02,36,20,34,3,0,0,0,244,36,208,73,171,212,acbba_entry:171;clue:1;collision_intent:36;state:36,726,0,completed
479,dcta_parity_v1,topk_filter,aa0724188407797eae5187348bee11ee9f51317c4e8a201863b052786aa2f1df,823213c90703fd83224ad7122ee730ba64af3769ea517af252103bddd907f681,ACBBA,ideal,1.0,19,361,4,0.05,18,,,acbba_topk_5,/home/agxorin/topk_filter_study/simulator/scenarios/final_trial_500.csv,clue_search,03,37,21,35,3,2,0,0,244,38,206,76,168,212,acbba_entry:168;clue:1;collision_intent:37;state:37;target:1,727,0,completed
480,dcta_parity_v1,topk_filter,aa0724188407797eae5187348bee11ee9f51317c4e8a201863b052786aa2f1df,823213c90703fd83224ad7122ee730ba64af3769ea517af252103bddd907f681,ACBBA,ideal,1.0,19,361,4,0.05,18,,,acbba_topk_5,/home/agxorin/topk_filter_study/simulator/scenarios/final_trial_500.csv,clue_search,00,22,0,23,0,0,0,0,45,23,22,45,0,0,collision_intent:22;state:22;target:1,130,0,completed
480,dcta_parity_v1,topk_filter,aa0724188407797eae5187348bee11ee9f51317c4e8a201863b052786aa2f1df,823213c90703fd83224ad7122ee730ba64af3769ea517af252103bddd907f681,ACBBA,ideal,1.0,19,361,4,0.05,18,,,acbba_topk_5,/home/agxorin/topk_filter_study/simulator/scenarios/final_trial_500.csv,clue_search,01,21,0,22,0,0,0,0,43,22,21,43,0,0,collision_intent:22;state:21,131,0,completed
480,dcta_parity_v1,topk_filter,aa0724188407797eae5187348bee11ee9f51317c4e8a201863b052786aa2f1df,823213c90703fd83224ad7122ee730ba64af3769ea517af252103bddd907f681,ACBBA,ideal,1.0,19,361,4,0.05,18,,,acbba_topk_5,/home/agxorin/topk_filter_study/simulator/scenarios/final_trial_500.csv,clue_search,02,22,0,23,0,0,0,0,44,22,22,44,0,0,collision_intent:22;state:22,129,0,completed
480,dcta_parity_v1,topk_filter,aa0724188407797eae5187348bee11ee9f51317c4e8a201863b052786aa2f1df,823213c90703fd83224ad7122ee730ba64af3769ea517af252103bddd907f681,ACBBA,ideal,1.0,19,361,4,0.05,18,,,acbba_topk_5,/home/agxorin/topk_filter_study/simulator/scenarios/final_trial_500.csv,clue_search,03,21,0,22,0,0,0,0,43,22,21,43,0,0,collision_intent:22;state:21,131,0,completed
481,dcta_parity_v1,topk_filter,aa0724188407797eae5187348bee11ee9f51317c4e8a201863b052786aa2f1df,823213c90703fd83224ad7122ee730ba64af3769ea517af252103bddd907f681,ACBBA,ideal,1.0,19,361,4,0.05,18,,,acbba_topk_5,/home/agxorin/topk_filter_study/simulator/scenarios/final_trial_500.csv,clue_search,00,108,105,73,36,1,2,1,1004,111,893,223,781,998,acbba_entry:781;clue:4;collision_intent:110;state:108;target:1,3060,0,completed
481,dcta_parity_v1,topk_filter,aa0724188407797eae5187348bee11ee9f51317c4e8a201863b052786aa2f1df,823213c90703fd83224ad7122ee730ba64af3769ea517af252103bddd907f681,ACBBA,ideal,1.0,19,361,4,0.05,18,,,acbba_topk_5,/home/agxorin/topk_filter_study/simulator/scenarios/final_trial_500.csv,clue_search,01,107,104,96,12,3,2,1,1053,109,944,220,833,1047,acbba_entry:833;clue:4;collision_intent:109;state:107,3010,0,completed
481,dcta_parity_v1,topk_filter,aa0724188407797eae5187348bee11ee9f51317c4e8a201863b052786aa2f1df,823213c90703fd83224ad7122ee730ba64af3769ea517af252103bddd907f681,ACBBA,ideal,1.0,19,361,4,0.05,18,,,acbba_topk_5,/home/agxorin/topk_filter_study/simulator/scenarios/final_trial_500.csv,clue_search,02,106,103,91,16,5,2,2,1010,109,901,219,791,1004,acbba_entry:791;clue:4;collision_intent:109;state:106,3052,0,completed
481,dcta_parity_v1,topk_filter,aa0724188407797eae5187348bee11ee9f51317c4e8a201863b052786aa2f1df,823213c90703fd83224ad7122ee730ba64af3769ea517af252103bddd907f681,ACBBA,ideal,1.0,19,361,4,0.05,18,,,acbba_topk_5,/home/agxorin/topk_filter_study/simulator/scenarios/final_trial_500.csv,clue_search,03,107,104,89,19,12,2,2,997,109,888,220,777,991,acbba_entry:777;clue:4;collision_intent:109;state:107,3066,0,completed
482,dcta_parity_v1,topk_filter,aa0724188407797eae5187348bee11ee9f51317c4e8a201863b052786aa2f1df,823213c90703fd83224ad7122ee730ba64af3769ea517af252103bddd907f681,ACBBA,ideal,1.0,19,361,4,0.05,18,,,acbba_topk_5,/home/agxorin/topk_filter_study/simulator/scenarios/final_trial_500.csv,clue_search,00,44,38,43,2,2,2,1,397,46,351,92,305,385,acbba_entry:305;clue:2;collision_intent:46;state:44,1177,0,completed
482,dcta_parity_v1,topk_filter,aa0724188407797eae5187348bee11ee9f51317c4e8a201863b052786aa2f1df,823213c90703fd83224ad7122ee730ba64af3769ea517af252103bddd907f681,ACBBA,ideal,1.0,19,361,4,0.05,18,,,acbba_topk_5,/home/agxorin/topk_filter_study/simulator/scenarios/final_trial_500.csv,clue_search,01,46,40,38,9,3,1,1,395,47,348,95,300,383,acbba_entry:300;clue:2;collision_intent:47;state:46,1181,0,completed
482,dcta_parity_v1,topk_filter,aa0724188407797eae5187348bee11ee9f51317c4e8a201863b052786aa2f1df,823213c90703fd83224ad7122ee730ba64af3769ea517af252103bddd907f681,ACBBA,ideal,1.0,19,361,4,0.05,18,,,acbba_topk_5,/home/agxorin/topk_filter_study/simulator/scenarios/final_trial_500.csv,clue_search,02,46,40,43,4,2,0,0,396,47,349,95,301,384,acbba_entry:301;clue:2;collision_intent:46;state:46;target:1,1180,0,completed
482,dcta_parity_v1,topk_filter,aa0724188407797eae5187348bee11ee9f51317c4e8a201863b052786aa2f1df,823213c90703fd83224ad7122ee730ba64af3769ea517af252103bddd907f681,ACBBA,ideal,1.0,19,361,4,0.05,18,,,acbba_topk_5,/home/agxorin/topk_filter_study/simulator/scenarios/final_trial_500.csv,clue_search,03,45,40,36,10,4,2,1,388,47,341,94,294,378,acbba_entry:294;clue:2;collision_intent:47;state:45,1187,0,completed
483,dcta_parity_v1,topk_filter,aa0724188407797eae5187348bee11ee9f51317c4e8a201863b052786aa2f1df,823213c90703fd83224ad7122ee730ba64af3769ea517af252103bddd907f681,ACBBA,ideal,1.0,19,361,4,0.05,18,,,acbba_topk_5,/home/agxorin/topk_filter_study/simulator/scenarios/final_trial_500.csv,clue_search,00,23,13,23,1,1,0,0,142,24,118,49,93,122,acbba_entry:93;clue:2;collision_intent:23;state:23;target:1,421,0,completed
483,dcta_parity_v1,topk_filter,aa0724188407797eae5187348bee11ee9f51317c4e8a201863b052786aa2f1df,823213c90703fd83224ad7122ee730ba64af3769ea517af252103bddd907f681,ACBBA,ideal,1.0,19,361,4,0.05,18,,,acbba_topk_5,/home/agxorin/topk_filter_study/simulator/scenarios/final_trial_500.csv,clue_search,01,22,13,22,1,2,0,0,138,22,116,46,92,119,acbba_entry:92;clue:2;collision_intent:22;state:22,425,0,completed
483,dcta_parity_v1,topk_filter,aa0724188407797eae5187348bee11ee9f51317c4e8a201863b052786aa2f1df,823213c90703fd83224ad7122ee730ba64af3769ea517af252103bddd907f681,ACBBA,ideal,1.0,19,361,4,0.05,18,,,acbba_topk_5,/home/agxorin/topk_filter_study/simulator/scenarios/final_trial_500.csv,clue_search,02,22,12,22,1,0,0,0,144,22,122,46,98,124,acbba_entry:98;clue:2;collision_intent:22;state:22,418,0,completed
483,dcta_parity_v1,topk_filter,aa0724188407797eae5187348bee11ee9f51317c4e8a201863b052786aa2f1df,823213c90703fd83224ad7122ee730ba64af3769ea517af252103bddd907f681,ACBBA,ideal,1.0,19,361,4,0.05,18,,,acbba_topk_5,/home/agxorin/topk_filter_study/simulator/scenarios/final_trial_500.csv,clue_search,03,21,12,22,0,2,0,0,139,21,118,44,95,121,acbba_entry:95;clue:2;collision_intent:21;state:21,423,0,completed
484,dcta_parity_v1,topk_filter,aa0724188407797eae5187348bee11ee9f51317c4e8a201863b052786aa2f1df,823213c90703fd83224ad7122ee730ba64af3769ea517af252103bddd907f681,ACBBA,ideal,1.0,19,361,4,0.05,18,,,acbba_topk_5,/home/agxorin/topk_filter_study/simulator/scenarios/final_trial_500.csv,clue_search,00,25,0,26,0,0,0,0,50,25,25,50,0,0,collision_intent:25;state:25,146,0,completed
484,dcta_parity_v1,topk_filter,aa0724188407797eae5187348bee11ee9f51317c4e8a201863b052786aa2f1df,823213c90703fd83224ad7122ee730ba64af3769ea517af252103bddd907f681,ACBBA,ideal,1.0,19,361,4,0.05,18,,,acbba_topk_5,/home/agxorin/topk_filter_study/simulator/scenarios/final_trial_500.csv,clue_search,01,25,0,26,0,0,0,0,51,26,25,51,0,0,collision_intent:25;state:25;target:1,147,0,completed
484,dcta_parity_v1,topk_filter,aa0724188407797eae5187348bee11ee9f51317c4e8a201863b052786aa2f1df,823213c90703fd83224ad7122ee730ba64af3769ea517af252103bddd907f681,ACBBA,ideal,1.0,19,361,4,0.05,18,,,acbba_topk_5,/home/agxorin/topk_filter_study/simulator/scenarios/final_trial_500.csv,clue_search,02,24,0,25,0,0,0,0,49,25,24,49,0,0,collision_intent:25;state:24,147,0,completed
484,dcta_parity_v1,topk_filter,aa0724188407797eae5187348bee11ee9f51317c4e8a201863b052786aa2f1df,823213c90703fd83224ad7122ee730ba64af3769ea517af252103bddd907f681,ACBBA,ideal,1.0,19,361,4,0.05,18,,,acbba_topk_5,/home/agxorin/topk_filter_study/simulator/scenarios/final_trial_500.csv,clue_search,03,24,0,25,0,0,0,0,48,24,24,48,0,0,collision_intent:24;state:24,149,0,completed
485,dcta_parity_v1,topk_filter,aa0724188407797eae5187348bee11ee9f51317c4e8a201863b052786aa2f1df,823213c90703fd83224ad7122ee730ba64af3769ea517af252103bddd907f681,ACBBA,ideal,1.0,19,361,4,0.05,18,,,acbba_topk_5,/home/agxorin/topk_filter_study/simulator/scenarios/final_trial_500.csv,clue_search,00,10,10,11,0,3,0,0,70,10,60,22,48,70,acbba_entry:48;clue:2;collision_intent:10;state:10,250,0,completed
485,dcta_parity_v1,topk_filter,aa0724188407797eae5187348bee11ee9f51317c4e8a201863b052786aa2f1df,823213c90703fd83224ad7122ee730ba64af3769ea517af252103bddd907f681,ACBBA,ideal,1.0,19,361,4,0.05,18,,,acbba_topk_5,/home/agxorin/topk_filter_study/simulator/scenarios/final_trial_500.csv,clue_search,01,10,10,9,2,1,0,0,81,11,70,23,58,81,acbba_entry:58;clue:2;collision_intent:10;state:10;target:1,240,0,completed
485,dcta_parity_v1,topk_filter,aa0724188407797eae5187348bee11ee9f51317c4e8a201863b052786aa2f1df,823213c90703fd83224ad7122ee730ba64af3769ea517af252103bddd907f681,ACBBA,ideal,1.0,19,361,4,0.05,18,,,acbba_topk_5,/home/agxorin/topk_filter_study/simulator/scenarios/final_trial_500.csv,clue_search,02,9,9,10,0,1,0,0,81,9,72,20,61,81,acbba_entry:61;clue:2;collision_intent:9;state:9,238,0,completed
485,dcta_parity_v1,topk_filter,aa0724188407797eae5187348bee11ee9f51317c4e8a201863b052786aa2f1df,823213c90703fd83224ad7122ee730ba64af3769ea517af252103bddd907f681,ACBBA,ideal,1.0,19,361,4,0.05,18,,,acbba_topk_5,/home/agxorin/topk_filter_study/simulator/scenarios/final_trial_500.csv,clue_search,03,9,9,10,0,1,0,0,89,9,80,20,69,89,acbba_entry:69;clue:2;collision_intent:9;state:9,231,0,completed
486,dcta_parity_v1,topk_filter,aa0724188407797eae5187348bee11ee9f51317c4e8a201863b052786aa2f1df,823213c90703fd83224ad7122ee730ba64af3769ea517af252103bddd907f681,ACBBA,ideal,1.0,19,361,4,0.05,18,,,acbba_topk_5,/home/agxorin/topk_filter_study/simulator/scenarios/final_trial_500.csv,clue_search,00,25,8,26,0,0,0,0,112,25,87,52,60,78,acbba_entry:60;clue:2;collision_intent:25;state:25,332,0,completed
486,dcta_parity_v1,topk_filter,aa0724188407797eae5187348bee11ee9f51317c4e8a201863b052786aa2f1df,823213c90703fd83224ad7122ee730ba64af3769ea517af252103bddd907f681,ACBBA,ideal,1.0,19,361,4,0.05,18,,,acbba_topk_5,/home/agxorin/topk_filter_study/simulator/scenarios/final_trial_500.csv,clue_search,01,25,9,26,0,1,0,0,112,25,87,52,60,80,acbba_entry:60;clue:2;collision_intent:25;state:25,331,0,completed
486,dcta_parity_v1,topk_filter,aa0724188407797eae5187348bee11ee9f51317c4e8a201863b052786aa2f1df,823213c90703fd83224ad7122ee730ba64af3769ea517af252103bddd907f681,ACBBA,ideal,1.0,19,361,4,0.05,18,,,acbba_topk_5,/home/agxorin/topk_filter_study/simulator/scenarios/final_trial_500.csv,clue_search,02,26,10,27,0,1,0,0,109,27,82,55,54,77,acbba_entry:54;clue:2;collision_intent:26;state:26;target:1,336,0,completed
486,dcta_parity_v1,topk_filter,aa0724188407797eae5187348bee11ee9f51317c4e8a201863b052786aa2f1df,823213c90703fd83224ad7122ee730ba64af3769ea517af252103bddd907f681,ACBBA,ideal,1.0,19,361,4,0.05,18,,,acbba_topk_5,/home/agxorin/topk_filter_study/simulator/scenarios/final_trial_500.csv,clue_search,03,26,10,27,0,1,0,0,112,26,86,54,58,80,acbba_entry:58;clue:2;collision_intent:26;state:26,332,0,completed
487,dcta_parity_v1,topk_filter,aa0724188407797eae5187348bee11ee9f51317c4e8a201863b052786aa2f1df,823213c90703fd83224ad7122ee730ba64af3769ea517af252103bddd907f681,ACBBA,ideal,1.0,19,361,4,0.05,18,,,acbba_topk_5,/home/agxorin/topk_filter_study/simulator/scenarios/final_trial_500.csv,clue_search,00,46,24,42,5,0,0,0,262,46,216,95,167,218,acbba_entry:167;clue:3;collision_intent:46;state:46,775,0,completed
487,dcta_parity_v1,topk_filter,aa0724188407797eae5187348bee11ee9f51317c4e8a201863b052786aa2f1df,823213c90703fd83224ad7122ee730ba64af3769ea517af252103bddd907f681,ACBBA,ideal,1.0,19,361,4,0.05,18,,,acbba_topk_5,/home/agxorin/topk_filter_study/simulator/scenarios/final_trial_500.csv,clue_search,01,45,24,42,4,1,1,1,253,46,207,94,159,211,acbba_entry:159;clue:3;collision_intent:46;state:45,784,0,completed
487,dcta_parity_v1,topk_filter,aa0724188407797eae5187348bee11ee9f51317c4e8a201863b052786aa2f1df,823213c90703fd83224ad7122ee730ba64af3769ea517af252103bddd907f681,ACBBA,ideal,1.0,19,361,4,0.05,18,,,acbba_topk_5,/home/agxorin/topk_filter_study/simulator/scenarios/final_trial_500.csv,clue_search,02,47,25,43,5,3,0,0,266,47,219,97,169,222,acbba_entry:169;clue:3;collision_intent:47;state:47,771,0,completed
487,dcta_parity_v1,topk_filter,aa0724188407797eae5187348bee11ee9f51317c4e8a201863b052786aa2f1df,823213c90703fd83224ad7122ee730ba64af3769ea517af252103bddd907f681,ACBBA,ideal,1.0,19,361,4,0.05,18,,,acbba_topk_5,/home/agxorin/topk_filter_study/simulator/scenarios/final_trial_500.csv,clue_search,03,46,24,44,3,2,1,1,257,48,209,97,160,213,acbba_entry:160;clue:3;collision_intent:47;state:46;target:1,781,0,completed
488,dcta_parity_v1,topk_filter,aa0724188407797eae5187348bee11ee9f51317c4e8a201863b052786aa2f1df,823213c90703fd83224ad7122ee730ba64af3769ea517af252103bddd907f681,ACBBA,ideal,1.0,19,361,4,0.05,18,,,acbba_topk_5,/home/agxorin/topk_filter_study/simulator/scenarios/final_trial_500.csv,clue_search,00,36,36,36,1,0,0,0,417,37,380,74,343,417,acbba_entry:343;clue:1;collision_intent:36;state:36;target:1,1108,0,completed
488,dcta_parity_v1,topk_filter,aa0724188407797eae5187348bee11ee9f51317c4e8a201863b052786aa2f1df,823213c90703fd83224ad7122ee730ba64af3769ea517af252103bddd907f681,ACBBA,ideal,1.0,19,361,4,0.05,18,,,acbba_topk_5,/home/agxorin/topk_filter_study/simulator/scenarios/final_trial_500.csv,clue_search,01,35,35,34,2,2,4,2,379,39,340,75,304,379,acbba_entry:304;clue:1;collision_intent:39;state:35,1144,0,completed
488,dcta_parity_v1,topk_filter,aa0724188407797eae5187348bee11ee9f51317c4e8a201863b052786aa2f1df,823213c90703fd83224ad7122ee730ba64af3769ea517af252103bddd907f681,ACBBA,ideal,1.0,19,361,4,0.05,18,,,acbba_topk_5,/home/agxorin/topk_filter_study/simulator/scenarios/final_trial_500.csv,clue_search,02,35,35,34,2,2,2,1,369,38,331,74,295,369,acbba_entry:295;clue:1;collision_intent:38;state:35,1155,0,completed
488,dcta_parity_v1,topk_filter,aa0724188407797eae5187348bee11ee9f51317c4e8a201863b052786aa2f1df,823213c90703fd83224ad7122ee730ba64af3769ea517af252103bddd907f681,ACBBA,ideal,1.0,19,361,4,0.05,18,,,acbba_topk_5,/home/agxorin/topk_filter_study/simulator/scenarios/final_trial_500.csv,clue_search,03,36,36,34,3,7,0,0,360,37,323,74,286,360,acbba_entry:286;clue:1;collision_intent:37;state:36,1165,0,completed
489,dcta_parity_v1,topk_filter,aa0724188407797eae5187348bee11ee9f51317c4e8a201863b052786aa2f1df,823213c90703fd83224ad7122ee730ba64af3769ea517af252103bddd907f681,ACBBA,ideal,1.0,19,361,4,0.05,18,,,acbba_topk_5,/home/agxorin/topk_filter_study/simulator/scenarios/final_trial_500.csv,clue_search,00,31,5,32,0,0,0,0,81,31,50,63,18,29,acbba_entry:18;clue:1;collision_intent:31;state:31,252,0,completed
489,dcta_parity_v1,topk_filter,aa0724188407797eae5187348bee11ee9f51317c4e8a201863b052786aa2f1df,823213c90703fd83224ad7122ee730ba64af3769ea517af252103bddd907f681,ACBBA,ideal,1.0,19,361,4,0.05,18,,,acbba_topk_5,/home/agxorin/topk_filter_study/simulator/scenarios/final_trial_500.csv,clue_search,01,30,5,29,2,1,0,0,84,30,54,61,23,34,acbba_entry:23;clue:1;collision_intent:30;state:30,250,0,completed
489,dcta_parity_v1,topk_filter,aa0724188407797eae5187348bee11ee9f51317c4e8a201863b052786aa2f1df,823213c90703fd83224ad7122ee730ba64af3769ea517af252103bddd907f681,ACBBA,ideal,1.0,19,361,4,0.05,18,,,acbba_topk_5,/home/agxorin/topk_filter_study/simulator/scenarios/final_trial_500.csv,clue_search,02,31,5,31,1,1,0,0,85,32,53,64,21,33,acbba_entry:21;clue:1;collision_intent:31;state:31;target:1,250,0,completed
489,dcta_parity_v1,topk_filter,aa0724188407797eae5187348bee11ee9f51317c4e8a201863b052786aa2f1df,823213c90703fd83224ad7122ee730ba64af3769ea517af252103bddd907f681,ACBBA,ideal,1.0,19,361,4,0.05,18,,,acbba_topk_5,/home/agxorin/topk_filter_study/simulator/scenarios/final_trial_500.csv,clue_search,03,29,3,30,0,0,0,0,85,30,55,60,25,33,acbba_entry:25;clue:1;collision_intent:30;state:29,249,0,completed
490,dcta_parity_v1,topk_filter,aa0724188407797eae5187348bee11ee9f51317c4e8a201863b052786aa2f1df,823213c90703fd83224ad7122ee730ba64af3769ea517af252103bddd907f681,ACBBA,ideal,1.0,19,361,4,0.05,18,,,acbba_topk_5,/home/agxorin/topk_filter_study/simulator/scenarios/final_trial_500.csv,clue_search,00,53,0,54,0,0,0,0,107,54,53,107,0,0,collision_intent:53;state:53;target:1,312,0,completed
490,dcta_parity_v1,topk_filter,aa0724188407797eae5187348bee11ee9f51317c4e8a201863b052786aa2f1df,823213c90703fd83224ad7122ee730ba64af3769ea517af252103bddd907f681,ACBBA,ideal,1.0,19,361,4,0.05,18,,,acbba_topk_5,/home/agxorin/topk_filter_study/simulator/scenarios/final_trial_500.csv,clue_search,01,52,0,53,0,0,0,0,104,52,52,104,0,0,collision_intent:52;state:52,314,0,completed
490,dcta_parity_v1,topk_filter,aa0724188407797eae5187348bee11ee9f51317c4e8a201863b052786aa2f1df,823213c90703fd83224ad7122ee730ba64af3769ea517af252103bddd907f681,ACBBA,ideal,1.0,19,361,4,0.05,18,,,acbba_topk_5,/home/agxorin/topk_filter_study/simulator/scenarios/final_trial_500.csv,clue_search,02,52,0,53,0,0,0,0,104,52,52,104,0,0,collision_intent:52;state:52,314,0,completed
490,dcta_parity_v1,topk_filter,aa0724188407797eae5187348bee11ee9f51317c4e8a201863b052786aa2f1df,823213c90703fd83224ad7122ee730ba64af3769ea517af252103bddd907f681,ACBBA,ideal,1.0,19,361,4,0.05,18,,,acbba_topk_5,/home/agxorin/topk_filter_study/simulator/scenarios/final_trial_500.csv,clue_search,03,52,0,53,0,0,0,0,104,52,52,104,0,0,collision_intent:52;state:52,314,0,completed
491,dcta_parity_v1,topk_filter,aa0724188407797eae5187348bee11ee9f51317c4e8a201863b052786aa2f1df,823213c90703fd83224ad7122ee730ba64af3769ea517af252103bddd907f681,ACBBA,ideal,1.0,19,361,4,0.05,18,,,acbba_topk_5,/home/agxorin/topk_filter_study/simulator/scenarios/final_trial_500.csv,clue_search,00,27,0,28,0,0,0,0,54,27,27,54,0,0,collision_intent:27;state:27,162,0,completed
491,dcta_parity_v1,topk_filter,aa0724188407797eae5187348bee11ee9f51317c4e8a201863b052786aa2f1df,823213c90703fd83224ad7122ee730ba64af3769ea517af252103bddd907f681,ACBBA,ideal,1.0,19,361,4,0.05,18,,,acbba_topk_5,/home/agxorin/topk_filter_study/simulator/scenarios/final_trial_500.csv,clue_search,01,27,0,28,0,0,0,0,55,28,27,55,0,0,collision_intent:27;state:27;target:1,162,0,completed
491,dcta_parity_v1,topk_filter,aa0724188407797eae5187348bee11ee9f51317c4e8a201863b052786aa2f1df,823213c90703fd83224ad7122ee730ba64af3769ea517af252103bddd907f681,ACBBA,ideal,1.0,19,361,4,0.05,18,,,acbba_topk_5,/home/agxorin/topk_filter_study/simulator/scenarios/final_trial_500.csv,clue_search,02,27,0,28,0,0,0,0,54,27,27,54,0,0,collision_intent:27;state:27,161,0,completed
491,dcta_parity_v1,topk_filter,aa0724188407797eae5187348bee11ee9f51317c4e8a201863b052786aa2f1df,823213c90703fd83224ad7122ee730ba64af3769ea517af252103bddd907f681,ACBBA,ideal,1.0,19,361,4,0.05,18,,,acbba_topk_5,/home/agxorin/topk_filter_study/simulator/scenarios/final_trial_500.csv,clue_search,03,27,0,28,0,0,0,0,54,27,27,54,0,0,collision_intent:27;state:27,161,0,completed
492,dcta_parity_v1,topk_filter,aa0724188407797eae5187348bee11ee9f51317c4e8a201863b052786aa2f1df,823213c90703fd83224ad7122ee730ba64af3769ea517af252103bddd907f681,ACBBA,ideal,1.0,19,361,4,0.05,18,,,acbba_topk_5,/home/agxorin/topk_filter_study/simulator/scenarios/final_trial_500.csv,clue_search,00,3,0,4,0,0,0,0,6,3,3,6,0,0,collision_intent:3;state:3,19,0,completed
492,dcta_parity_v1,topk_filter,aa0724188407797eae5187348bee11ee9f51317c4e8a201863b052786aa2f1df,823213c90703fd83224ad7122ee730ba64af3769ea517af252103bddd907f681,ACBBA,ideal,1.0,19,361,4,0.05,18,,,acbba_topk_5,/home/agxorin/topk_filter_study/simulator/scenarios/final_trial_500.csv,clue_search,01,3,0,4,0,0,0,0,7,4,3,7,0,0,collision_intent:3;state:3;target:1,18,0,completed
492,dcta_parity_v1,topk_filter,aa0724188407797eae5187348bee11ee9f51317c4e8a201863b052786aa2f1df,823213c90703fd83224ad7122ee730ba64af3769ea517af252103bddd907f681,ACBBA,ideal,1.0,19,361,4,0.05,18,,,acbba_topk_5,/home/agxorin/topk_filter_study/simulator/scenarios/final_trial_500.csv,clue_search,02,3,0,4,0,0,0,0,6,3,3,6,0,0,collision_intent:3;state:3,17,0,completed
492,dcta_parity_v1,topk_filter,aa0724188407797eae5187348bee11ee9f51317c4e8a201863b052786aa2f1df,823213c90703fd83224ad7122ee730ba64af3769ea517af252103bddd907f681,ACBBA,ideal,1.0,19,361,4,0.05,18,,,acbba_topk_5,/home/agxorin/topk_filter_study/simulator/scenarios/final_trial_500.csv,clue_search,03,3,0,4,0,0,0,0,6,3,3,6,0,0,collision_intent:3;state:3,18,0,completed
493,dcta_parity_v1,topk_filter,aa0724188407797eae5187348bee11ee9f51317c4e8a201863b052786aa2f1df,823213c90703fd83224ad7122ee730ba64af3769ea517af252103bddd907f681,ACBBA,ideal,1.0,19,361,4,0.05,18,,,acbba_topk_5,/home/agxorin/topk_filter_study/simulator/scenarios/final_trial_500.csv,clue_search,00,107,106,95,13,5,2,2,973,110,863,221,752,971,acbba_entry:752;clue:4;collision_intent:109;state:107;target:1,2939,0,completed
493,dcta_parity_v1,topk_filter,aa0724188407797eae5187348bee11ee9f51317c4e8a201863b052786aa2f1df,823213c90703fd83224ad7122ee730ba64af3769ea517af252103bddd907f681,ACBBA,ideal,1.0,19,361,4,0.05,18,,,acbba_topk_5,/home/agxorin/topk_filter_study/simulator/scenarios/final_trial_500.csv,clue_search,01,108,107,68,41,0,3,3,961,111,850,223,738,959,acbba_entry:738;clue:4;collision_intent:111;state:108,2949,0,completed
493,dcta_parity_v1,topk_filter,aa0724188407797eae5187348bee11ee9f51317c4e8a201863b052786aa2f1df,823213c90703fd83224ad7122ee730ba64af3769ea517af252103bddd907f681,ACBBA,ideal,1.0,19,361,4,0.05,18,,,acbba_topk_5,/home/agxorin/topk_filter_study/simulator/scenarios/final_trial_500.csv,clue_search,02,106,105,96,11,8,1,1,964,107,857,217,747,962,acbba_entry:747;clue:4;collision_intent:107;state:106,2948,0,completed
493,dcta_parity_v1,topk_filter,aa0724188407797eae5187348bee11ee9f51317c4e8a201863b052786aa2f1df,823213c90703fd83224ad7122ee730ba64af3769ea517af252103bddd907f681,ACBBA,ideal,1.0,19,361,4,0.05,18,,,acbba_topk_5,/home/agxorin/topk_filter_study/simulator/scenarios/final_trial_500.csv,clue_search,03,107,107,94,14,4,0,0,1014,107,907,218,796,1013,acbba_entry:796;clue:4;collision_intent:107;state:107,2897,0,completed
494,dcta_parity_v1,topk_filter,aa0724188407797eae5187348bee11ee9f51317c4e8a201863b052786aa2f1df,823213c90703fd83224ad7122ee730ba64af3769ea517af252103bddd907f681,ACBBA,ideal,1.0,19,361,4,0.05,18,,,acbba_topk_5,/home/agxorin/topk_filter_study/simulator/scenarios/final_trial_500.csv,clue_search,00,0,0,1,0,0,0,0,1,1,0,1,0,0,collision_intent:1,4,0,completed
494,dcta_parity_v1,topk_filter,aa0724188407797eae5187348bee11ee9f51317c4e8a201863b052786aa2f1df,823213c90703fd83224ad7122ee730ba64af3769ea517af252103bddd907f681,ACBBA,ideal,1.0,19,361,4,0.05,18,,,acbba_topk_5,/home/agxorin/topk_filter_study/simulator/scenarios/final_trial_500.csv,clue_search,01,0,0,1,0,0,0,0,0,0,0,0,0,0,,3,0,completed
494,dcta_parity_v1,topk_filter,aa0724188407797eae5187348bee11ee9f51317c4e8a201863b052786aa2f1df,823213c90703fd83224ad7122ee730ba64af3769ea517af252103bddd907f681,ACBBA,ideal,1.0,19,361,4,0.05,18,,,acbba_topk_5,/home/agxorin/topk_filter_study/simulator/scenarios/final_trial_500.csv,clue_search,02,1,0,2,0,0,0,0,3,2,1,3,0,0,collision_intent:1;state:1;target:1,2,0,completed
494,dcta_parity_v1,topk_filter,aa0724188407797eae5187348bee11ee9f51317c4e8a201863b052786aa2f1df,823213c90703fd83224ad7122ee730ba64af3769ea517af252103bddd907f681,ACBBA,ideal,1.0,19,361,4,0.05,18,,,acbba_topk_5,/home/agxorin/topk_filter_study/simulator/scenarios/final_trial_500.csv,clue_search,03,0,0,1,0,0,0,0,1,1,0,1,0,0,collision_intent:1,4,0,completed
495,dcta_parity_v1,topk_filter,aa0724188407797eae5187348bee11ee9f51317c4e8a201863b052786aa2f1df,823213c90703fd83224ad7122ee730ba64af3769ea517af252103bddd907f681,ACBBA,ideal,1.0,19,361,4,0.05,18,,,acbba_topk_5,/home/agxorin/topk_filter_study/simulator/scenarios/final_trial_500.csv,clue_search,00,16,9,17,0,0,0,0,100,17,83,35,65,86,acbba_entry:65;clue:2;collision_intent:16;state:16;target:1,244,0,completed
495,dcta_parity_v1,topk_filter,aa0724188407797eae5187348bee11ee9f51317c4e8a201863b052786aa2f1df,823213c90703fd83224ad7122ee730ba64af3769ea517af252103bddd907f681,ACBBA,ideal,1.0,19,361,4,0.05,18,,,acbba_topk_5,/home/agxorin/topk_filter_study/simulator/scenarios/final_trial_500.csv,clue_search,01,15,9,16,0,1,0,0,78,16,62,33,45,66,acbba_entry:45;clue:2;collision_intent:16;state:15,266,0,completed
495,dcta_parity_v1,topk_filter,aa0724188407797eae5187348bee11ee9f51317c4e8a201863b052786aa2f1df,823213c90703fd83224ad7122ee730ba64af3769ea517af252103bddd907f681,ACBBA,ideal,1.0,19,361,4,0.05,18,,,acbba_topk_5,/home/agxorin/topk_filter_study/simulator/scenarios/final_trial_500.csv,clue_search,02,16,10,16,1,1,0,0,89,16,73,34,55,77,acbba_entry:55;clue:2;collision_intent:16;state:16,254,0,completed
495,dcta_parity_v1,topk_filter,aa0724188407797eae5187348bee11ee9f51317c4e8a201863b052786aa2f1df,823213c90703fd83224ad7122ee730ba64af3769ea517af252103bddd907f681,ACBBA,ideal,1.0,19,361,4,0.05,18,,,acbba_topk_5,/home/agxorin/topk_filter_study/simulator/scenarios/final_trial_500.csv,clue_search,03,16,10,17,0,1,0,0,77,16,61,34,43,65,acbba_entry:43;clue:2;collision_intent:16;state:16,265,0,completed
496,dcta_parity_v1,topk_filter,aa0724188407797eae5187348bee11ee9f51317c4e8a201863b052786aa2f1df,823213c90703fd83224ad7122ee730ba64af3769ea517af252103bddd907f681,ACBBA,ideal,1.0,19,361,4,0.05,18,,,acbba_topk_5,/home/agxorin/topk_filter_study/simulator/scenarios/final_trial_500.csv,clue_search,00,29,24,27,3,2,0,0,231,30,201,61,170,221,acbba_entry:170;clue:2;collision_intent:29;state:29;target:1,710,0,completed
496,dcta_parity_v1,topk_filter,aa0724188407797eae5187348bee11ee9f51317c4e8a201863b052786aa2f1df,823213c90703fd83224ad7122ee730ba64af3769ea517af252103bddd907f681,ACBBA,ideal,1.0,19,361,4,0.05,18,,,acbba_topk_5,/home/agxorin/topk_filter_study/simulator/scenarios/final_trial_500.csv,clue_search,01,28,23,29,0,3,0,0,242,28,214,58,184,232,acbba_entry:184;clue:2;collision_intent:28;state:28,698,0,completed
496,dcta_parity_v1,topk_filter,aa0724188407797eae5187348bee11ee9f51317c4e8a201863b052786aa2f1df,823213c90703fd83224ad7122ee730ba64af3769ea517af252103bddd907f681,ACBBA,ideal,1.0,19,361,4,0.05,18,,,acbba_topk_5,/home/agxorin/topk_filter_study/simulator/scenarios/final_trial_500.csv,clue_search,02,27,22,24,4,2,2,2,236,29,207,58,178,226,acbba_entry:178;clue:2;collision_intent:29;state:27,705,0,completed
496,dcta_parity_v1,topk_filter,aa0724188407797eae5187348bee11ee9f51317c4e8a201863b052786aa2f1df,823213c90703fd83224ad7122ee730ba64af3769ea517af252103bddd907f681,ACBBA,ideal,1.0,19,361,4,0.05,18,,,acbba_topk_5,/home/agxorin/topk_filter_study/simulator/scenarios/final_trial_500.csv,clue_search,03,27,22,25,3,0,0,0,232,27,205,56,176,222,acbba_entry:176;clue:2;collision_intent:27;state:27,708,0,completed
497,dcta_parity_v1,topk_filter,aa0724188407797eae5187348bee11ee9f51317c4e8a201863b052786aa2f1df,823213c90703fd83224ad7122ee730ba64af3769ea517af252103bddd907f681,ACBBA,ideal,1.0,19,361,4,0.05,18,,,acbba_topk_5,/home/agxorin/topk_filter_study/simulator/scenarios/final_trial_500.csv,clue_search,00,36,0,37,0,0,0,0,72,36,36,72,0,0,collision_intent:36;state:36,217,0,completed
497,dcta_parity_v1,topk_filter,aa0724188407797eae5187348bee11ee9f51317c4e8a201863b052786aa2f1df,823213c90703fd83224ad7122ee730ba64af3769ea517af252103bddd907f681,ACBBA,ideal,1.0,19,361,4,0.05,18,,,acbba_topk_5,/home/agxorin/topk_filter_study/simulator/scenarios/final_trial_500.csv,clue_search,01,36,0,37,0,0,0,0,72,36,36,72,0,0,collision_intent:36;state:36,217,0,completed
497,dcta_parity_v1,topk_filter,aa0724188407797eae5187348bee11ee9f51317c4e8a201863b052786aa2f1df,823213c90703fd83224ad7122ee730ba64af3769ea517af252103bddd907f681,ACBBA,ideal,1.0,19,361,4,0.05,18,,,acbba_topk_5,/home/agxorin/topk_filter_study/simulator/scenarios/final_trial_500.csv,clue_search,02,37,0,38,0,0,0,0,75,38,37,75,0,0,collision_intent:37;state:37;target:1,216,0,completed
497,dcta_parity_v1,topk_filter,aa0724188407797eae5187348bee11ee9f51317c4e8a201863b052786aa2f1df,823213c90703fd83224ad7122ee730ba64af3769ea517af252103bddd907f681,ACBBA,ideal,1.0,19,361,4,0.05,18,,,acbba_topk_5,/home/agxorin/topk_filter_study/simulator/scenarios/final_trial_500.csv,clue_search,03,36,0,37,0,0,0,0,72,36,36,72,0,0,collision_intent:36;state:36,218,0,completed
498,dcta_parity_v1,topk_filter,aa0724188407797eae5187348bee11ee9f51317c4e8a201863b052786aa2f1df,823213c90703fd83224ad7122ee730ba64af3769ea517af252103bddd907f681,ACBBA,ideal,1.0,19,361,4,0.05,18,,,acbba_topk_5,/home/agxorin/topk_filter_study/simulator/scenarios/final_trial_500.csv,clue_search,00,50,1,51,0,0,0,0,105,51,54,102,3,7,acbba_entry:3;clue:1;collision_intent:50;state:50;target:1,309,0,completed
498,dcta_parity_v1,topk_filter,aa0724188407797eae5187348bee11ee9f51317c4e8a201863b052786aa2f1df,823213c90703fd83224ad7122ee730ba64af3769ea517af252103bddd907f681,ACBBA,ideal,1.0,19,361,4,0.05,18,,,acbba_topk_5,/home/agxorin/topk_filter_study/simulator/scenarios/final_trial_500.csv,clue_search,01,49,1,50,0,0,0,0,102,49,53,99,3,6,acbba_entry:3;clue:1;collision_intent:49;state:49,311,0,completed
498,dcta_parity_v1,topk_filter,aa0724188407797eae5187348bee11ee9f51317c4e8a201863b052786aa2f1df,823213c90703fd83224ad7122ee730ba64af3769ea517af252103bddd907f681,ACBBA,ideal,1.0,19,361,4,0.05,18,,,acbba_topk_5,/home/agxorin/topk_filter_study/simulator/scenarios/final_trial_500.csv,clue_search,02,50,1,50,1,0,0,0,104,50,54,101,3,6,acbba_entry:3;clue:1;collision_intent:50;state:50,309,0,completed
498,dcta_parity_v1,topk_filter,aa0724188407797eae5187348bee11ee9f51317c4e8a201863b052786aa2f1df,823213c90703fd83224ad7122ee730ba64af3769ea517af252103bddd907f681,ACBBA,ideal,1.0,19,361,4,0.05,18,,,acbba_topk_5,/home/agxorin/topk_filter_study/simulator/scenarios/final_trial_500.csv,clue_search,03,49,1,50,0,0,0,0,103,50,53,100,3,6,acbba_entry:3;clue:1;collision_intent:50;state:49,310,0,completed
499,dcta_parity_v1,topk_filter,aa0724188407797eae5187348bee11ee9f51317c4e8a201863b052786aa2f1df,823213c90703fd83224ad7122ee730ba64af3769ea517af252103bddd907f681,ACBBA,ideal,1.0,19,361,4,0.05,18,,,acbba_topk_5,/home/agxorin/topk_filter_study/simulator/scenarios/final_trial_500.csv,clue_search,00,32,5,33,0,1,0,0,98,33,65,67,31,44,acbba_entry:31;clue:2;collision_intent:32;state:32;target:1,270,0,completed
499,dcta_parity_v1,topk_filter,aa0724188407797eae5187348bee11ee9f51317c4e8a201863b052786aa2f1df,823213c90703fd83224ad7122ee730ba64af3769ea517af252103bddd907f681,ACBBA,ideal,1.0,19,361,4,0.05,18,,,acbba_topk_5,/home/agxorin/topk_filter_study/simulator/scenarios/final_trial_500.csv,clue_search,01,32,5,33,0,0,0,0,91,32,59,66,25,37,acbba_entry:25;clue:2;collision_intent:32;state:32,275,0,completed
499,dcta_parity_v1,topk_filter,aa0724188407797eae5187348bee11ee9f51317c4e8a201863b052786aa2f1df,823213c90703fd83224ad7122ee730ba64af3769ea517af252103bddd907f681,ACBBA,ideal,1.0,19,361,4,0.05,18,,,acbba_topk_5,/home/agxorin/topk_filter_study/simulator/scenarios/final_trial_500.csv,clue_search,02,31,3,31,1,0,0,0,87,31,56,64,23,31,acbba_entry:23;clue:2;collision_intent:31;state:31,279,0,completed
499,dcta_parity_v1,topk_filter,aa0724188407797eae5187348bee11ee9f51317c4e8a201863b052786aa2f1df,823213c90703fd83224ad7122ee730ba64af3769ea517af252103bddd907f681,ACBBA,ideal,1.0,19,361,4,0.05,18,,,acbba_topk_5,/home/agxorin/topk_filter_study/simulator/scenarios/final_trial_500.csv,clue_search,03,32,5,32,1,0,0,0,92,32,60,66,26,38,acbba_entry:26;clue:2;collision_intent:32;state:32,274,0,completed
