trial_id,logic_revision,study_profile,scenario_file_sha256,scenario_selection_sha256,algorithm,comm_model,comm_level,trial_mode,grid_size,grid_cells,robot_count,top_k_rate,top_k_max_cells,max_candidate_cells,condition_id,scenario_file,host_trial_runtime_ms,robot_id,allocator_calls,allocator_calls_pre_clue,allocator_calls_post_clue,allocator_time_ms_total,allocator_time_ms_mean,allocator_time_ms_median,allocator_time_ms_p95,allocator_time_ms_max,allocator_time_pct,candidate_filter_calls,candidate_filter_time_ms_total,candidate_filter_time_ms_mean,candidate_filter_time_ms_max,allocator_time_ms_pre_clue_total,allocator_time_ms_post_clue_total,allocator_host_runtime_pct,trial_status
0,dcta_parity_v1,custom,d9da52d694264b0e61eacce63be8c39aec13a5d875ee1a04def1cc4de76c9066,ff3ae3e0de6c3e3e7eb1071deaf59fde03942073a583d40c1cb3fff598a15b89,HIPC,ideal,1.0,clue_search,14,196,4,0.1,20,20,scale_g14_r4_hipc_topk010,C:\Users\lottj\Desktop\research\decentralized benchmark\topk_filter_study\results\sensitivity_suite\scenarios\clue_g14_n50.csv,36.2048,00,15,13,2,4.1707,0.27804666666666666,0.0161,2.0545,2.0545,11.519743238465619,2,0.9117,0.45585,0.4804,0.2494,3.9213,11.519743238465619,completed
0,dcta_parity_v1,custom,d9da52d694264b0e61eacce63be8c39aec13a5d875ee1a04def1cc4de76c9066,ff3ae3e0de6c3e3e7eb1071deaf59fde03942073a583d40c1cb3fff598a15b89,HIPC,ideal,1.0,clue_search,14,196,4,0.1,20,20,scale_g14_r4_hipc_topk010,C:\Users\lottj\Desktop\research\decentralized benchmark\topk_filter_study\results\sensitivity_suite\scenarios\clue_g14_n50.csv,36.2048,01,15,12,3,5.9622,0.39748,0.0168,1.988,1.988,16.46798214601379,3,1.3416,0.4472,0.4628,0.2235,5.7387,16.46798214601379,completed
0,dcta_parity_v1,custom,d9da52d694264b0e61eacce63be8c39aec13a5d875ee1a04def1cc4de76c9066,ff3ae3e0de6c3e3e7eb1071deaf59fde03942073a583d40c1cb3fff598a15b89,HIPC,ideal,1.0,clue_search,14,196,4,0.1,20,20,scale_g14_r4_hipc_topk010,C:\Users\lottj\Desktop\research\decentralized benchmark\topk_filter_study\results\sensitivity_suite\scenarios\clue_g14_n50.csv,36.2048,02,13,12,1,2.2376,0.17212307692307693,0.0161,1.8724,1.8724,6.1803959695951916,1,0.4151,0.4151,0.4151,0.36519999999999997,1.8724,6.1803959695951916,completed
0,dcta_parity_v1,custom,d9da52d694264b0e61eacce63be8c39aec13a5d875ee1a04def1cc4de76c9066,ff3ae3e0de6c3e3e7eb1071deaf59fde03942073a583d40c1cb3fff598a15b89,HIPC,ideal,1.0,clue_search,14,196,4,0.1,20,20,scale_g14_r4_hipc_topk010,C:\Users\lottj\Desktop\research\decentralized benchmark\topk_filter_study\results\sensitivity_suite\scenarios\clue_g14_n50.csv,36.2048,03,14,13,1,2.1209,0.15149285714285712,0.01595,1.8476,1.8476,5.858063019268163,1,0.4372,0.4372,0.4372,0.2733,1.8476,5.858063019268163,completed
1,dcta_parity_v1,custom,d9da52d694264b0e61eacce63be8c39aec13a5d875ee1a04def1cc4de76c9066,ff3ae3e0de6c3e3e7eb1071deaf59fde03942073a583d40c1cb3fff598a15b89,HIPC,ideal,1.0,clue_search,14,196,4,0.1,20,20,scale_g14_r4_hipc_topk010,C:\Users\lottj\Desktop\research\decentralized benchmark\topk_filter_study\results\sensitivity_suite\scenarios\clue_g14_n50.csv,268.8739,00,32,1,31,32.8931,1.027909375,0.92475,1.8216,1.8634,12.233653024707863,31,13.1472,0.4241032258064516,0.7239,0.0249,32.8682,12.233653024707863,completed
1,dcta_parity_v1,custom,d9da52d694264b0e61eacce63be8c39aec13a5d875ee1a04def1cc4de76c9066,ff3ae3e0de6c3e3e7eb1071deaf59fde03942073a583d40c1cb3fff598a15b89,HIPC,ideal,1.0,clue_search,14,196,4,0.1,20,20,scale_g14_r4_hipc_topk010,C:\Users\lottj\Desktop\research\decentralized benchmark\topk_filter_study\results\sensitivity_suite\scenarios\clue_g14_n50.csv,268.8739,01,19,1,18,16.4758,0.8671473684210526,0.8017,1.8184,1.8184,6.127705217947893,18,7.5353,0.4186277777777778,0.5411,0.0356,16.4402,6.127705217947893,completed
1,dcta_parity_v1,custom,d9da52d694264b0e61eacce63be8c39aec13a5d875ee1a04def1cc4de76c9066,ff3ae3e0de6c3e3e7eb1071deaf59fde03942073a583d40c1cb3fff598a15b89,HIPC,ideal,1.0,clue_search,14,196,4,0.1,20,20,scale_g14_r4_hipc_topk010,C:\Users\lottj\Desktop\research\decentralized benchmark\topk_filter_study\results\sensitivity_suite\scenarios\clue_g14_n50.csv,268.8739,02,24,1,23,25.3625,1.0567708333333334,0.9889,1.8642,1.8876,9.432860534250443,23,9.4028,0.4088173913043478,0.5088,0.0237,25.3388,9.432860534250443,completed
1,dcta_parity_v1,custom,d9da52d694264b0e61eacce63be8c39aec13a5d875ee1a04def1cc4de76c9066,ff3ae3e0de6c3e3e7eb1071deaf59fde03942073a583d40c1cb3fff598a15b89,HIPC,ideal,1.0,clue_search,14,196,4,0.1,20,20,scale_g14_r4_hipc_topk010,C:\Users\lottj\Desktop\research\decentralized benchmark\topk_filter_study\results\sensitivity_suite\scenarios\clue_g14_n50.csv,268.8739,03,30,1,29,32.1916,1.0730533333333334,0.9974000000000001,1.8443,2.4847,11.972750051232197,29,12.2399,0.4220655172413793,0.6442,0.0573,32.1343,11.972750051232197,completed
2,dcta_parity_v1,custom,d9da52d694264b0e61eacce63be8c39aec13a5d875ee1a04def1cc4de76c9066,ff3ae3e0de6c3e3e7eb1071deaf59fde03942073a583d40c1cb3fff598a15b89,HIPC,ideal,1.0,clue_search,14,196,4,0.1,20,20,scale_g14_r4_hipc_topk010,C:\Users\lottj\Desktop\research\decentralized benchmark\topk_filter_study\results\sensitivity_suite\scenarios\clue_g14_n50.csv,10.2577,00,2,1,1,0.8361,0.41805,0.41805,0.7933,0.7933,8.150950018035232,1,0.4822,0.4822,0.4822,0.0428,0.7933,8.150950018035232,completed
2,dcta_parity_v1,custom,d9da52d694264b0e61eacce63be8c39aec13a5d875ee1a04def1cc4de76c9066,ff3ae3e0de6c3e3e7eb1071deaf59fde03942073a583d40c1cb3fff598a15b89,HIPC,ideal,1.0,clue_search,14,196,4,0.1,20,20,scale_g14_r4_hipc_topk010,C:\Users\lottj\Desktop\research\decentralized benchmark\topk_filter_study\results\sensitivity_suite\scenarios\clue_g14_n50.csv,10.2577,01,2,1,1,1.103,0.5515,0.5515,1.0659,1.0659,10.752897823098746,1,0.4896,0.4896,0.4896,0.0371,1.0659,10.752897823098746,completed
2,dcta_parity_v1,custom,d9da52d694264b0e61eacce63be8c39aec13a5d875ee1a04def1cc4de76c9066,ff3ae3e0de6c3e3e7eb1071deaf59fde03942073a583d40c1cb3fff598a15b89,HIPC,ideal,1.0,clue_search,14,196,4,0.1,20,20,scale_g14_r4_hipc_topk010,C:\Users\lottj\Desktop\research\decentralized benchmark\topk_filter_study\results\sensitivity_suite\scenarios\clue_g14_n50.csv,10.2577,02,2,1,1,1.8699000000000001,0.9349500000000001,0.9349500000000001,1.8281,1.8281,18.22923267399125,1,0.5013,0.5013,0.5013,0.0418,1.8281,18.22923267399125,completed
2,dcta_parity_v1,custom,d9da52d694264b0e61eacce63be8c39aec13a5d875ee1a04def1cc4de76c9066,ff3ae3e0de6c3e3e7eb1071deaf59fde03942073a583d40c1cb3fff598a15b89,HIPC,ideal,1.0,clue_search,14,196,4,0.1,20,20,scale_g14_r4_hipc_topk010,C:\Users\lottj\Desktop\research\decentralized benchmark\topk_filter_study\results\sensitivity_suite\scenarios\clue_g14_n50.csv,10.2577,03,2,1,1,0.9361999999999999,0.46809999999999996,0.46809999999999996,0.8672,0.8672,9.126802304610194,1,0.5248,0.5248,0.5248,0.069,0.8672,9.126802304610194,completed
3,dcta_parity_v1,custom,d9da52d694264b0e61eacce63be8c39aec13a5d875ee1a04def1cc4de76c9066,ff3ae3e0de6c3e3e7eb1071deaf59fde03942073a583d40c1cb3fff598a15b89,HIPC,ideal,1.0,clue_search,14,196,4,0.1,20,20,scale_g14_r4_hipc_topk010,C:\Users\lottj\Desktop\research\decentralized benchmark\topk_filter_study\results\sensitivity_suite\scenarios\clue_g14_n50.csv,98.9377,00,13,3,10,12.5097,0.9622846153846154,0.7424,2.1154,2.1154,12.644017396806273,9,3.9543,0.4393666666666667,0.6876,0.0623,12.4474,12.644017396806273,completed
3,dcta_parity_v1,custom,d9da52d694264b0e61eacce63be8c39aec13a5d875ee1a04def1cc4de76c9066,ff3ae3e0de6c3e3e7eb1071deaf59fde03942073a583d40c1cb3fff598a15b89,HIPC,ideal,1.0,clue_search,14,196,4,0.1,20,20,scale_g14_r4_hipc_topk010,C:\Users\lottj\Desktop\research\decentralized benchmark\topk_filter_study\results\sensitivity_suite\scenarios\clue_g14_n50.csv,98.9377,01,11,4,7,7.9951,0.7268272727272728,0.7565,2.0854,2.0854,8.08094386669591,7,3.1202,0.44574285714285716,0.6889,0.0703,7.924799999999999,8.08094386669591,completed
3,dcta_parity_v1,custom,d9da52d694264b0e61eacce63be8c39aec13a5d875ee1a04def1cc4de76c9066,ff3ae3e0de6c3e3e7eb1071deaf59fde03942073a583d40c1cb3fff598a15b89,HIPC,ideal,1.0,clue_search,14,196,4,0.1,20,20,scale_g14_r4_hipc_topk010,C:\Users\lottj\Desktop\research\decentralized benchmark\topk_filter_study\results\sensitivity_suite\scenarios\clue_g14_n50.csv,98.9377,02,10,3,7,9.591,0.9591,1.0002499999999999,2.1117,2.1117,9.693979140408558,7,3.3736,0.4819428571428572,0.7203,0.0873,9.5037,9.693979140408558,completed
3,dcta_parity_v1,custom,d9da52d694264b0e61eacce63be8c39aec13a5d875ee1a04def1cc4de76c9066,ff3ae3e0de6c3e3e7eb1071deaf59fde03942073a583d40c1cb3fff598a15b89,HIPC,ideal,1.0,clue_search,14,196,4,0.1,20,20,scale_g14_r4_hipc_topk010,C:\Users\lottj\Desktop\research\decentralized benchmark\topk_filter_study\results\sensitivity_suite\scenarios\clue_g14_n50.csv,98.9377,03,12,4,8,11.6751,0.972925,1.1575,2.1143,2.1143,11.800456246708787,8,3.8659,0.4832375,0.7309,0.0803,11.594800000000001,11.800456246708787,completed
4,dcta_parity_v1,custom,d9da52d694264b0e61eacce63be8c39aec13a5d875ee1a04def1cc4de76c9066,ff3ae3e0de6c3e3e7eb1071deaf59fde03942073a583d40c1cb3fff598a15b89,HIPC,ideal,1.0,clue_search,14,196,4,0.1,20,20,scale_g14_r4_hipc_topk010,C:\Users\lottj\Desktop\research\decentralized benchmark\topk_filter_study\results\sensitivity_suite\scenarios\clue_g14_n50.csv,138.6653,00,26,12,14,13.7898,0.5303769230769231,0.7657,1.9269,1.9394,9.944665320018778,14,6.3655,0.45467857142857143,0.5711,0.1956,13.5942,9.944665320018778,completed
4,dcta_parity_v1,custom,d9da52d694264b0e61eacce63be8c39aec13a5d875ee1a04def1cc4de76c9066,ff3ae3e0de6c3e3e7eb1071deaf59fde03942073a583d40c1cb3fff598a15b89,HIPC,ideal,1.0,clue_search,14,196,4,0.1,20,20,scale_g14_r4_hipc_topk010,C:\Users\lottj\Desktop\research\decentralized benchmark\topk_filter_study\results\sensitivity_suite\scenarios\clue_g14_n50.csv,138.6653,01,27,12,15,19.4573,0.7206407407407407,1.0133,1.9615,2.0014,14.031845025395683,15,7.6647,0.51098,0.5873,0.1884,19.2689,14.031845025395683,completed
4,dcta_parity_v1,custom,d9da52d694264b0e61eacce63be8c39aec13a5d875ee1a04def1cc4de76c9066,ff3ae3e0de6c3e3e7eb1071deaf59fde03942073a583d40c1cb3fff598a15b89,HIPC,ideal,1.0,clue_search,14,196,4,0.1,20,20,scale_g14_r4_hipc_topk010,C:\Users\lottj\Desktop\research\decentralized benchmark\topk_filter_study\results\sensitivity_suite\scenarios\clue_g14_n50.csv,138.6653,02,26,12,14,18.4403,0.7092423076923077,0.75485,2.0127,2.0282,13.298424335432152,14,6.8654,0.4903857142857143,0.624,0.23729999999999998,18.203,13.298424335432152,completed
4,dcta_parity_v1,custom,d9da52d694264b0e61eacce63be8c39aec13a5d875ee1a04def1cc4de76c9066,ff3ae3e0de6c3e3e7eb1071deaf59fde03942073a583d40c1cb3fff598a15b89,HIPC,ideal,1.0,clue_search,14,196,4,0.1,20,20,scale_g14_r4_hipc_topk010,C:\Users\lottj\Desktop\research\decentralized benchmark\topk_filter_study\results\sensitivity_suite\scenarios\clue_g14_n50.csv,138.6653,03,24,12,12,15.736799999999999,0.6557,0.51635,1.9886,2.1134,11.348765696969608,12,6.2752,0.5229333333333334,0.6364,0.2093,15.5275,11.348765696969608,completed
5,dcta_parity_v1,custom,d9da52d694264b0e61eacce63be8c39aec13a5d875ee1a04def1cc4de76c9066,ff3ae3e0de6c3e3e7eb1071deaf59fde03942073a583d40c1cb3fff598a15b89,HIPC,ideal,1.0,clue_search,14,196,4,0.1,20,20,scale_g14_r4_hipc_topk010,C:\Users\lottj\Desktop\research\decentralized benchmark\topk_filter_study\results\sensitivity_suite\scenarios\clue_g14_n50.csv,255.6402,00,30,4,26,22.555,0.7518333333333334,0.68855,1.8777,1.9241,8.822947251645086,26,8.2994,0.3192076923076923,0.6053,0.0827,22.4723,8.822947251645086,completed
5,dcta_parity_v1,custom,d9da52d694264b0e61eacce63be8c39aec13a5d875ee1a04def1cc4de76c9066,ff3ae3e0de6c3e3e7eb1071deaf59fde03942073a583d40c1cb3fff598a15b89,HIPC,ideal,1.0,clue_search,14,196,4,0.1,20,20,scale_g14_r4_hipc_topk010,C:\Users\lottj\Desktop\research\decentralized benchmark\topk_filter_study\results\sensitivity_suite\scenarios\clue_g14_n50.csv,255.6402,01,20,4,16,14.3429,0.717145,0.7456499999999999,1.4114,1.9329,5.6105808084956905,16,6.3778,0.3986125,0.6338,0.1803,14.1626,5.6105808084956905,completed
5,dcta_parity_v1,custom,d9da52d694264b0e61eacce63be8c39aec13a5d875ee1a04def1cc4de76c9066,ff3ae3e0de6c3e3e7eb1071deaf59fde03942073a583d40c1cb3fff598a15b89,HIPC,ideal,1.0,clue_search,14,196,4,0.1,20,20,scale_g14_r4_hipc_topk010,C:\Users\lottj\Desktop\research\decentralized benchmark\topk_filter_study\results\sensitivity_suite\scenarios\clue_g14_n50.csv,255.6402,02,21,3,18,23.088,1.0994285714285714,0.9676,1.9587,1.9603,9.031443411482233,18,7.2600999999999996,0.40333888888888886,0.6276,0.08729999999999999,23.000700000000002,9.031443411482233,completed
5,dcta_parity_v1,custom,d9da52d694264b0e61eacce63be8c39aec13a5d875ee1a04def1cc4de76c9066,ff3ae3e0de6c3e3e7eb1071deaf59fde03942073a583d40c1cb3fff598a15b89,HIPC,ideal,1.0,clue_search,14,196,4,0.1,20,20,scale_g14_r4_hipc_topk010,C:\Users\lottj\Desktop\research\decentralized benchmark\topk_filter_study\results\sensitivity_suite\scenarios\clue_g14_n50.csv,255.6402,03,44,4,40,35.3095,0.8024886363636363,0.69045,1.9225,2.0908,13.812186033339044,40,11.6756,0.29189,0.6724,0.08700000000000001,35.2225,13.812186033339044,completed
6,dcta_parity_v1,custom,d9da52d694264b0e61eacce63be8c39aec13a5d875ee1a04def1cc4de76c9066,ff3ae3e0de6c3e3e7eb1071deaf59fde03942073a583d40c1cb3fff598a15b89,HIPC,ideal,1.0,clue_search,14,196,4,0.1,20,20,scale_g14_r4_hipc_topk010,C:\Users\lottj\Desktop\research\decentralized benchmark\topk_filter_study\results\sensitivity_suite\scenarios\clue_g14_n50.csv,88.4449,00,14,4,10,11.7122,0.8365857142857143,0.73775,1.9677,1.9677,13.242368977747727,10,4.5217,0.45217,0.5402,0.0743,11.6379,13.242368977747727,completed
6,dcta_parity_v1,custom,d9da52d694264b0e61eacce63be8c39aec13a5d875ee1a04def1cc4de76c9066,ff3ae3e0de6c3e3e7eb1071deaf59fde03942073a583d40c1cb3fff598a15b89,HIPC,ideal,1.0,clue_search,14,196,4,0.1,20,20,scale_g14_r4_hipc_topk010,C:\Users\lottj\Desktop\research\decentralized benchmark\topk_filter_study\results\sensitivity_suite\scenarios\clue_g14_n50.csv,88.4449,01,11,5,6,9.454,0.8594545454545455,1.2903,1.837,1.837,10.689140922766605,6,2.8884,0.4814,0.4966,0.0816,9.3724,10.689140922766605,completed
6,dcta_parity_v1,custom,d9da52d694264b0e61eacce63be8c39aec13a5d875ee1a04def1cc4de76c9066,ff3ae3e0de6c3e3e7eb1071deaf59fde03942073a583d40c1cb3fff598a15b89,HIPC,ideal,1.0,clue_search,14,196,4,0.1,20,20,scale_g14_r4_hipc_topk010,C:\Users\lottj\Desktop\research\decentralized benchmark\topk_filter_study\results\sensitivity_suite\scenarios\clue_g14_n50.csv,88.4449,02,12,4,8,7.8048,0.6504,0.74525,1.7116,1.7116,8.824477160356334,8,3.6426,0.455325,0.4959,0.0777,7.7271,8.824477160356334,completed
6,dcta_parity_v1,custom,d9da52d694264b0e61eacce63be8c39aec13a5d875ee1a04def1cc4de76c9066,ff3ae3e0de6c3e3e7eb1071deaf59fde03942073a583d40c1cb3fff598a15b89,HIPC,ideal,1.0,clue_search,14,196,4,0.1,20,20,scale_g14_r4_hipc_topk010,C:\Users\lottj\Desktop\research\decentralized benchmark\topk_filter_study\results\sensitivity_suite\scenarios\clue_g14_n50.csv,88.4449,03,13,5,8,9.5389,0.7337615384615385,0.9732,1.7481,1.7481,10.785132890647171,8,3.7846,0.473075,0.5147,0.11,9.4289,10.785132890647171,completed
7,dcta_parity_v1,custom,d9da52d694264b0e61eacce63be8c39aec13a5d875ee1a04def1cc4de76c9066,ff3ae3e0de6c3e3e7eb1071deaf59fde03942073a583d40c1cb3fff598a15b89,HIPC,ideal,1.0,clue_search,14,196,4,0.1,20,20,scale_g14_r4_hipc_topk010,C:\Users\lottj\Desktop\research\decentralized benchmark\topk_filter_study\results\sensitivity_suite\scenarios\clue_g14_n50.csv,165.233,00,14,1,13,15.7063,1.1218785714285715,1.1320999999999999,1.6629,1.6629,9.50554671282371,13,6.4257,0.4942846153846154,0.6146,0.0371,15.6692,9.50554671282371,completed
7,dcta_parity_v1,custom,d9da52d694264b0e61eacce63be8c39aec13a5d875ee1a04def1cc4de76c9066,ff3ae3e0de6c3e3e7eb1071deaf59fde03942073a583d40c1cb3fff598a15b89,HIPC,ideal,1.0,clue_search,14,196,4,0.1,20,20,scale_g14_r4_hipc_topk010,C:\Users\lottj\Desktop\research\decentralized benchmark\topk_filter_study\results\sensitivity_suite\scenarios\clue_g14_n50.csv,165.233,01,12,1,11,14.5017,1.208475,1.2744499999999999,1.7549,1.7549,8.776515587080063,11,5.721,0.520090909090909,0.6013,0.023,14.4787,8.776515587080063,completed
7,dcta_parity_v1,custom,d9da52d694264b0e61eacce63be8c39aec13a5d875ee1a04def1cc4de76c9066,ff3ae3e0de6c3e3e7eb1071deaf59fde03942073a583d40c1cb3fff598a15b89,HIPC,ideal,1.0,clue_search,14,196,4,0.1,20,20,scale_g14_r4_hipc_topk010,C:\Users\lottj\Desktop\research\decentralized benchmark\topk_filter_study\results\sensitivity_suite\scenarios\clue_g14_n50.csv,165.233,02,21,1,20,25.601,1.219095238095238,1.178,1.744,1.7683,15.493878341493527,20,10.8042,0.54021,0.6722,0.048,25.553,15.493878341493527,completed
7,dcta_parity_v1,custom,d9da52d694264b0e61eacce63be8c39aec13a5d875ee1a04def1cc4de76c9066,ff3ae3e0de6c3e3e7eb1071deaf59fde03942073a583d40c1cb3fff598a15b89,HIPC,ideal,1.0,clue_search,14,196,4,0.1,20,20,scale_g14_r4_hipc_topk010,C:\Users\lottj\Desktop\research\decentralized benchmark\topk_filter_study\results\sensitivity_suite\scenarios\clue_g14_n50.csv,165.233,03,16,1,15,17.0685,1.06678125,1.13685,1.7479,1.7479,10.32995830130785,15,7.3253,0.48835333333333336,0.6075,0.0288,17.0397,10.32995830130785,completed
8,dcta_parity_v1,custom,d9da52d694264b0e61eacce63be8c39aec13a5d875ee1a04def1cc4de76c9066,ff3ae3e0de6c3e3e7eb1071deaf59fde03942073a583d40c1cb3fff598a15b89,HIPC,ideal,1.0,clue_search,14,196,4,0.1,20,20,scale_g14_r4_hipc_topk010,C:\Users\lottj\Desktop\research\decentralized benchmark\topk_filter_study\results\sensitivity_suite\scenarios\clue_g14_n50.csv,299.5549,00,29,5,24,36.0745,1.243948275862069,1.076,2.7544,2.811,12.04270068691916,24,12.0805,0.5033541666666667,0.7616,0.132,35.9425,12.04270068691916,completed
8,dcta_parity_v1,custom,d9da52d694264b0e61eacce63be8c39aec13a5d875ee1a04def1cc4de76c9066,ff3ae3e0de6c3e3e7eb1071deaf59fde03942073a583d40c1cb3fff598a15b89,HIPC,ideal,1.0,clue_search,14,196,4,0.1,20,20,scale_g14_r4_hipc_topk010,C:\Users\lottj\Desktop\research\decentralized benchmark\topk_filter_study\results\sensitivity_suite\scenarios\clue_g14_n50.csv,299.5549,01,29,5,24,31.6413,1.0910793103448275,1.074,2.7376,2.7612,10.562771632178276,24,12.317,0.5132083333333334,0.7348,0.1782,31.4631,10.562771632178276,completed
8,dcta_parity_v1,custom,d9da52d694264b0e61eacce63be8c39aec13a5d875ee1a04def1cc4de76c9066,ff3ae3e0de6c3e3e7eb1071deaf59fde03942073a583d40c1cb3fff598a15b89,HIPC,ideal,1.0,clue_search,14,196,4,0.1,20,20,scale_g14_r4_hipc_topk010,C:\Users\lottj\Desktop\research\decentralized benchmark\topk_filter_study\results\sensitivity_suite\scenarios\clue_g14_n50.csv,299.5549,02,26,4,22,29.118499999999997,1.1199423076923076,1.05505,2.7645,2.9269,9.720588780220254,22,10.0952,0.45887272727272727,0.8117,0.1229,28.9956,9.720588780220254,completed
8,dcta_parity_v1,custom,d9da52d694264b0e61eacce63be8c39aec13a5d875ee1a04def1cc4de76c9066,ff3ae3e0de6c3e3e7eb1071deaf59fde03942073a583d40c1cb3fff598a15b89,HIPC,ideal,1.0,clue_search,14,196,4,0.1,20,20,scale_g14_r4_hipc_topk010,C:\Users\lottj\Desktop\research\decentralized benchmark\topk_filter_study\results\sensitivity_suite\scenarios\clue_g14_n50.csv,299.5549,03,25,5,20,24.8921,0.995684,1.0791,1.9815,2.8898,8.309695484867715,20,10.0742,0.50371,0.8005,0.15410000000000001,24.738,8.309695484867715,completed
9,dcta_parity_v1,custom,d9da52d694264b0e61eacce63be8c39aec13a5d875ee1a04def1cc4de76c9066,ff3ae3e0de6c3e3e7eb1071deaf59fde03942073a583d40c1cb3fff598a15b89,HIPC,ideal,1.0,clue_search,14,196,4,0.1,20,20,scale_g14_r4_hipc_topk010,C:\Users\lottj\Desktop\research\decentralized benchmark\topk_filter_study\results\sensitivity_suite\scenarios\clue_g14_n50.csv,132.4833,00,31,23,8,11.991,0.3868064516129032,0.0239,2.5075,2.7701,9.050952082262443,8,2.9861,0.3732625,0.5414,0.5702,11.4208,9.050952082262443,completed
9,dcta_parity_v1,custom,d9da52d694264b0e61eacce63be8c39aec13a5d875ee1a04def1cc4de76c9066,ff3ae3e0de6c3e3e7eb1071deaf59fde03942073a583d40c1cb3fff598a15b89,HIPC,ideal,1.0,clue_search,14,196,4,0.1,20,20,scale_g14_r4_hipc_topk010,C:\Users\lottj\Desktop\research\decentralized benchmark\topk_filter_study\results\sensitivity_suite\scenarios\clue_g14_n50.csv,132.4833,01,32,23,9,15.7435,0.491984375,0.0237,2.5684,2.6065,11.883384547335398,9,3.7487,0.41652222222222224,0.5287,0.5436,15.1999,11.883384547335398,completed
9,dcta_parity_v1,custom,d9da52d694264b0e61eacce63be8c39aec13a5d875ee1a04def1cc4de76c9066,ff3ae3e0de6c3e3e7eb1071deaf59fde03942073a583d40c1cb3fff598a15b89,HIPC,ideal,1.0,clue_search,14,196,4,0.1,20,20,scale_g14_r4_hipc_topk010,C:\Users\lottj\Desktop\research\decentralized benchmark\topk_filter_study\results\sensitivity_suite\scenarios\clue_g14_n50.csv,132.4833,02,22,15,7,14.86,0.6754545454545454,0.02605,2.7328,2.7492,11.2165080429005,7,2.9411,0.42015714285714284,0.5388,0.4382,14.4218,11.2165080429005,completed
9,dcta_parity_v1,custom,d9da52d694264b0e61eacce63be8c39aec13a5d875ee1a04def1cc4de76c9066,ff3ae3e0de6c3e3e7eb1071deaf59fde03942073a583d40c1cb3fff598a15b89,HIPC,ideal,1.0,clue_search,14,196,4,0.1,20,20,scale_g14_r4_hipc_topk010,C:\Users\lottj\Desktop\research\decentralized benchmark\topk_filter_study\results\sensitivity_suite\scenarios\clue_g14_n50.csv,132.4833,03,23,14,9,17.6682,0.7681826086956521,0.0254,2.6876,2.6963,13.336171426889274,9,3.5669,0.39632222222222224,0.5305,0.3546,17.3136,13.336171426889274,completed
10,dcta_parity_v1,custom,d9da52d694264b0e61eacce63be8c39aec13a5d875ee1a04def1cc4de76c9066,ff3ae3e0de6c3e3e7eb1071deaf59fde03942073a583d40c1cb3fff598a15b89,HIPC,ideal,1.0,clue_search,14,196,4,0.1,20,20,scale_g14_r4_hipc_topk010,C:\Users\lottj\Desktop\research\decentralized benchmark\topk_filter_study\results\sensitivity_suite\scenarios\clue_g14_n50.csv,111.9879,00,20,14,6,8.9024,0.44512,0.017050000000000003,1.9057,1.9752,7.9494302509467545,6,3.8174,0.6362333333333333,0.7111,0.2422,8.6602,7.9494302509467545,completed
10,dcta_parity_v1,custom,d9da52d694264b0e61eacce63be8c39aec13a5d875ee1a04def1cc4de76c9066,ff3ae3e0de6c3e3e7eb1071deaf59fde03942073a583d40c1cb3fff598a15b89,HIPC,ideal,1.0,clue_search,14,196,4,0.1,20,20,scale_g14_r4_hipc_topk010,C:\Users\lottj\Desktop\research\decentralized benchmark\topk_filter_study\results\sensitivity_suite\scenarios\clue_g14_n50.csv,111.9879,01,20,14,6,13.646,0.6823,0.017050000000000003,2.8961,2.8996,12.185245013077306,6,3.9849,0.66415,0.7388,0.2316,13.4144,12.185245013077306,completed
10,dcta_parity_v1,custom,d9da52d694264b0e61eacce63be8c39aec13a5d875ee1a04def1cc4de76c9066,ff3ae3e0de6c3e3e7eb1071deaf59fde03942073a583d40c1cb3fff598a15b89,HIPC,ideal,1.0,clue_search,14,196,4,0.1,20,20,scale_g14_r4_hipc_topk010,C:\Users\lottj\Desktop\research\decentralized benchmark\topk_filter_study\results\sensitivity_suite\scenarios\clue_g14_n50.csv,111.9879,02,23,14,9,23.703,1.0305652173913042,0.0216,2.9409,3.0097,21.165679506446676,9,5.9096,0.6566222222222222,0.7744,0.2703,23.4327,21.165679506446676,completed
10,dcta_parity_v1,custom,d9da52d694264b0e61eacce63be8c39aec13a5d875ee1a04def1cc4de76c9066,ff3ae3e0de6c3e3e7eb1071deaf59fde03942073a583d40c1cb3fff598a15b89,HIPC,ideal,1.0,clue_search,14,196,4,0.1,20,20,scale_g14_r4_hipc_topk010,C:\Users\lottj\Desktop\research\decentralized benchmark\topk_filter_study\results\sensitivity_suite\scenarios\clue_g14_n50.csv,111.9879,03,21,14,7,14.5396,0.6923619047619047,0.0187,2.086,2.1517,12.983188362314143,7,4.6277,0.6611,0.7639,0.2812,14.2584,12.983188362314143,completed
11,dcta_parity_v1,custom,d9da52d694264b0e61eacce63be8c39aec13a5d875ee1a04def1cc4de76c9066,ff3ae3e0de6c3e3e7eb1071deaf59fde03942073a583d40c1cb3fff598a15b89,HIPC,ideal,1.0,clue_search,14,196,4,0.1,20,20,scale_g14_r4_hipc_topk010,C:\Users\lottj\Desktop\research\decentralized benchmark\topk_filter_study\results\sensitivity_suite\scenarios\clue_g14_n50.csv,179.4401,00,21,10,11,16.0408,0.7638476190476191,1.1171,1.5959,2.9231,8.939361937493349,11,7.0083,0.6371181818181818,0.8849,0.252,15.7888,8.939361937493349,completed
11,dcta_parity_v1,custom,d9da52d694264b0e61eacce63be8c39aec13a5d875ee1a04def1cc4de76c9066,ff3ae3e0de6c3e3e7eb1071deaf59fde03942073a583d40c1cb3fff598a15b89,HIPC,ideal,1.0,clue_search,14,196,4,0.1,20,20,scale_g14_r4_hipc_topk010,C:\Users\lottj\Desktop\research\decentralized benchmark\topk_filter_study\results\sensitivity_suite\scenarios\clue_g14_n50.csv,179.4401,01,18,10,8,11.5406,0.6411444444444444,0.041049999999999996,3.0231,3.0231,6.43144982643233,8,5.2182,0.652275,0.9165,0.2667,11.2739,6.43144982643233,completed
11,dcta_parity_v1,custom,d9da52d694264b0e61eacce63be8c39aec13a5d875ee1a04def1cc4de76c9066,ff3ae3e0de6c3e3e7eb1071deaf59fde03942073a583d40c1cb3fff598a15b89,HIPC,ideal,1.0,clue_search,14,196,4,0.1,20,20,scale_g14_r4_hipc_topk010,C:\Users\lottj\Desktop\research\decentralized benchmark\topk_filter_study\results\sensitivity_suite\scenarios\clue_g14_n50.csv,179.4401,02,21,10,11,21.4708,1.0224190476190476,1.0439,2.9961,3.0011,11.965441392420088,11,7.0087,0.6371545454545454,0.9263,0.3454,21.1254,11.965441392420088,completed
11,dcta_parity_v1,custom,d9da52d694264b0e61eacce63be8c39aec13a5d875ee1a04def1cc4de76c9066,ff3ae3e0de6c3e3e7eb1071deaf59fde03942073a583d40c1cb3fff598a15b89,HIPC,ideal,1.0,clue_search,14,196,4,0.1,20,20,scale_g14_r4_hipc_topk010,C:\Users\lottj\Desktop\research\decentralized benchmark\topk_filter_study\results\sensitivity_suite\scenarios\clue_g14_n50.csv,179.4401,03,24,10,14,23.9816,0.9992333333333333,1.15095,2.9263,3.1679,13.364682699129123,14,9.1478,0.6534142857142857,1.0009,0.2706,23.711,13.364682699129123,completed
12,dcta_parity_v1,custom,d9da52d694264b0e61eacce63be8c39aec13a5d875ee1a04def1cc4de76c9066,ff3ae3e0de6c3e3e7eb1071deaf59fde03942073a583d40c1cb3fff598a15b89,HIPC,ideal,1.0,clue_search,14,196,4,0.1,20,20,scale_g14_r4_hipc_topk010,C:\Users\lottj\Desktop\research\decentralized benchmark\topk_filter_study\results\sensitivity_suite\scenarios\clue_g14_n50.csv,85.842,00,9,4,5,10.8967,1.2107444444444444,1.5227,2.8003,2.8003,12.69390275156683,5,3.5847,0.71694,0.7729,0.1409,10.7558,12.69390275156683,completed
12,dcta_parity_v1,custom,d9da52d694264b0e61eacce63be8c39aec13a5d875ee1a04def1cc4de76c9066,ff3ae3e0de6c3e3e7eb1071deaf59fde03942073a583d40c1cb3fff598a15b89,HIPC,ideal,1.0,clue_search,14,196,4,0.1,20,20,scale_g14_r4_hipc_topk010,C:\Users\lottj\Desktop\research\decentralized benchmark\topk_filter_study\results\sensitivity_suite\scenarios\clue_g14_n50.csv,85.842,01,8,4,4,12.378599999999999,1.5473249999999998,1.3959,3.6733,3.6733,14.420213881316837,4,2.992,0.748,0.7983,0.1101,12.2685,14.420213881316837,completed
12,dcta_parity_v1,custom,d9da52d694264b0e61eacce63be8c39aec13a5d875ee1a04def1cc4de76c9066,ff3ae3e0de6c3e3e7eb1071deaf59fde03942073a583d40c1cb3fff598a15b89,HIPC,ideal,1.0,clue_search,14,196,4,0.1,20,20,scale_g14_r4_hipc_topk010,C:\Users\lottj\Desktop\research\decentralized benchmark\topk_filter_study\results\sensitivity_suite\scenarios\clue_g14_n50.csv,85.842,02,5,3,2,4.0915,0.8183,0.041,2.7947,2.7947,4.766314857528949,2,1.4106,0.7053,0.7214,0.0974,3.9941000000000004,4.766314857528949,completed
12,dcta_parity_v1,custom,d9da52d694264b0e61eacce63be8c39aec13a5d875ee1a04def1cc4de76c9066,ff3ae3e0de6c3e3e7eb1071deaf59fde03942073a583d40c1cb3fff598a15b89,HIPC,ideal,1.0,clue_search,14,196,4,0.1,20,20,scale_g14_r4_hipc_topk010,C:\Users\lottj\Desktop\research\decentralized benchmark\topk_filter_study\results\sensitivity_suite\scenarios\clue_g14_n50.csv,85.842,03,9,4,5,12.7817,1.420188888888889,2.1163,2.9142,2.9142,14.889797535006176,5,3.5398,0.70796,0.7528,0.1279,12.6538,14.889797535006176,completed
13,dcta_parity_v1,custom,d9da52d694264b0e61eacce63be8c39aec13a5d875ee1a04def1cc4de76c9066,ff3ae3e0de6c3e3e7eb1071deaf59fde03942073a583d40c1cb3fff598a15b89,HIPC,ideal,1.0,clue_search,14,196,4,0.1,20,20,scale_g14_r4_hipc_topk010,C:\Users\lottj\Desktop\research\decentralized benchmark\topk_filter_study\results\sensitivity_suite\scenarios\clue_g14_n50.csv,45.8191,00,31,31,0,0.8145,0.026274193548387097,0.0242,0.0383,0.0857,1.777642948028224,0,0.0,0.0,0.0,0.8145,0.0,1.777642948028224,completed
13,dcta_parity_v1,custom,d9da52d694264b0e61eacce63be8c39aec13a5d875ee1a04def1cc4de76c9066,ff3ae3e0de6c3e3e7eb1071deaf59fde03942073a583d40c1cb3fff598a15b89,HIPC,ideal,1.0,clue_search,14,196,4,0.1,20,20,scale_g14_r4_hipc_topk010,C:\Users\lottj\Desktop\research\decentralized benchmark\topk_filter_study\results\sensitivity_suite\scenarios\clue_g14_n50.csv,45.8191,01,31,31,0,0.7728,0.024929032258064518,0.0245,0.0286,0.0421,1.6866328670794495,0,0.0,0.0,0.0,0.7728,0.0,1.6866328670794495,completed
13,dcta_parity_v1,custom,d9da52d694264b0e61eacce63be8c39aec13a5d875ee1a04def1cc4de76c9066,ff3ae3e0de6c3e3e7eb1071deaf59fde03942073a583d40c1cb3fff598a15b89,HIPC,ideal,1.0,clue_search,14,196,4,0.1,20,20,scale_g14_r4_hipc_topk010,C:\Users\lottj\Desktop\research\decentralized benchmark\topk_filter_study\results\sensitivity_suite\scenarios\clue_g14_n50.csv,45.8191,02,16,16,0,0.4159,0.02599375,0.02445,0.0399,0.0399,0.9077000639471312,0,0.0,0.0,0.0,0.4159,0.0,0.9077000639471312,completed
13,dcta_parity_v1,custom,d9da52d694264b0e61eacce63be8c39aec13a5d875ee1a04def1cc4de76c9066,ff3ae3e0de6c3e3e7eb1071deaf59fde03942073a583d40c1cb3fff598a15b89,HIPC,ideal,1.0,clue_search,14,196,4,0.1,20,20,scale_g14_r4_hipc_topk010,C:\Users\lottj\Desktop\research\decentralized benchmark\topk_filter_study\results\sensitivity_suite\scenarios\clue_g14_n50.csv,45.8191,03,15,15,0,0.3928,0.026186666666666667,0.0249,0.0415,0.0415,0.857284407594213,0,0.0,0.0,0.0,0.3928,0.0,0.857284407594213,completed
14,dcta_parity_v1,custom,d9da52d694264b0e61eacce63be8c39aec13a5d875ee1a04def1cc4de76c9066,ff3ae3e0de6c3e3e7eb1071deaf59fde03942073a583d40c1cb3fff598a15b89,HIPC,ideal,1.0,clue_search,14,196,4,0.1,20,20,scale_g14_r4_hipc_topk010,C:\Users\lottj\Desktop\research\decentralized benchmark\topk_filter_study\results\sensitivity_suite\scenarios\clue_g14_n50.csv,76.6599,00,12,10,2,4.9358,0.4113166666666667,0.022150000000000003,3.0726,3.0726,6.438568273634587,2,1.7179,0.85895,0.9123,0.2412,4.6946,6.438568273634587,completed
14,dcta_parity_v1,custom,d9da52d694264b0e61eacce63be8c39aec13a5d875ee1a04def1cc4de76c9066,ff3ae3e0de6c3e3e7eb1071deaf59fde03942073a583d40c1cb3fff598a15b89,HIPC,ideal,1.0,clue_search,14,196,4,0.1,20,20,scale_g14_r4_hipc_topk010,C:\Users\lottj\Desktop\research\decentralized benchmark\topk_filter_study\results\sensitivity_suite\scenarios\clue_g14_n50.csv,76.6599,01,12,10,2,4.8809,0.4067416666666666,0.0229,2.9757,2.9757,6.366953257178786,2,1.7729,0.88645,0.9038,0.2669,4.614,6.366953257178786,completed
14,dcta_parity_v1,custom,d9da52d694264b0e61eacce63be8c39aec13a5d875ee1a04def1cc4de76c9066,ff3ae3e0de6c3e3e7eb1071deaf59fde03942073a583d40c1cb3fff598a15b89,HIPC,ideal,1.0,clue_search,14,196,4,0.1,20,20,scale_g14_r4_hipc_topk010,C:\Users\lottj\Desktop\research\decentralized benchmark\topk_filter_study\results\sensitivity_suite\scenarios\clue_g14_n50.csv,76.6599,02,15,10,5,15.7124,1.0474933333333334,0.0254,3.284,3.284,20.49624379890921,5,4.5682,0.91364,0.9845,0.3124,15.4,20.49624379890921,completed
14,dcta_parity_v1,custom,d9da52d694264b0e61eacce63be8c39aec13a5d875ee1a04def1cc4de76c9066,ff3ae3e0de6c3e3e7eb1071deaf59fde03942073a583d40c1cb3fff598a15b89,HIPC,ideal,1.0,clue_search,14,196,4,0.1,20,20,scale_g14_r4_hipc_topk010,C:\Users\lottj\Desktop\research\decentralized benchmark\topk_filter_study\results\sensitivity_suite\scenarios\clue_g14_n50.csv,76.6599,03,14,10,4,12.8847,0.9203357142857144,0.0254,3.2405,3.2405,16.807613889399807,4,3.7047,0.926175,1.0058,0.2621,12.6226,16.807613889399807,completed
15,dcta_parity_v1,custom,d9da52d694264b0e61eacce63be8c39aec13a5d875ee1a04def1cc4de76c9066,ff3ae3e0de6c3e3e7eb1071deaf59fde03942073a583d40c1cb3fff598a15b89,HIPC,ideal,1.0,clue_search,14,196,4,0.1,20,20,scale_g14_r4_hipc_topk010,C:\Users\lottj\Desktop\research\decentralized benchmark\topk_filter_study\results\sensitivity_suite\scenarios\clue_g14_n50.csv,46.9048,00,3,2,1,3.0756,1.0252000000000001,0.0763,2.9764,2.9764,6.557111425696304,1,0.918,0.918,0.918,0.09920000000000001,2.9764,6.557111425696304,completed
15,dcta_parity_v1,custom,d9da52d694264b0e61eacce63be8c39aec13a5d875ee1a04def1cc4de76c9066,ff3ae3e0de6c3e3e7eb1071deaf59fde03942073a583d40c1cb3fff598a15b89,HIPC,ideal,1.0,clue_search,14,196,4,0.1,20,20,scale_g14_r4_hipc_topk010,C:\Users\lottj\Desktop\research\decentralized benchmark\topk_filter_study\results\sensitivity_suite\scenarios\clue_g14_n50.csv,46.9048,01,3,2,1,3.0656,1.0218666666666667,0.0357,3.0072,3.0072,6.535791646057546,1,0.9027,0.9027,0.9027,0.05840000000000001,3.0072,6.535791646057546,completed
15,dcta_parity_v1,custom,d9da52d694264b0e61eacce63be8c39aec13a5d875ee1a04def1cc4de76c9066,ff3ae3e0de6c3e3e7eb1071deaf59fde03942073a583d40c1cb3fff598a15b89,HIPC,ideal,1.0,clue_search,14,196,4,0.1,20,20,scale_g14_r4_hipc_topk010,C:\Users\lottj\Desktop\research\decentralized benchmark\topk_filter_study\results\sensitivity_suite\scenarios\clue_g14_n50.csv,46.9048,02,5,2,3,9.1138,1.82276,2.9563,3.1142,3.1142,19.43042076717095,3,2.7042,0.9014000000000001,0.9148,0.06470000000000001,9.0491,19.43042076717095,completed
15,dcta_parity_v1,custom,d9da52d694264b0e61eacce63be8c39aec13a5d875ee1a04def1cc4de76c9066,ff3ae3e0de6c3e3e7eb1071deaf59fde03942073a583d40c1cb3fff598a15b89,HIPC,ideal,1.0,clue_search,14,196,4,0.1,20,20,scale_g14_r4_hipc_topk010,C:\Users\lottj\Desktop\research\decentralized benchmark\topk_filter_study\results\sensitivity_suite\scenarios\clue_g14_n50.csv,46.9048,03,5,2,3,9.2341,1.84682,2.967,3.1774,3.1774,19.686897716225204,3,2.7129,0.9043,0.9322,0.0715,9.162600000000001,19.686897716225204,completed
16,dcta_parity_v1,custom,d9da52d694264b0e61eacce63be8c39aec13a5d875ee1a04def1cc4de76c9066,ff3ae3e0de6c3e3e7eb1071deaf59fde03942073a583d40c1cb3fff598a15b89,HIPC,ideal,1.0,clue_search,14,196,4,0.1,20,20,scale_g14_r4_hipc_topk010,C:\Users\lottj\Desktop\research\decentralized benchmark\topk_filter_study\results\sensitivity_suite\scenarios\clue_g14_n50.csv,128.3873,00,6,2,4,6.8516,1.1419333333333335,1.1717,2.4142,2.4142,5.3366649193494995,4,2.7699,0.692475,0.868,0.0596,6.792,5.3366649193494995,completed
16,dcta_parity_v1,custom,d9da52d694264b0e61eacce63be8c39aec13a5d875ee1a04def1cc4de76c9066,ff3ae3e0de6c3e3e7eb1071deaf59fde03942073a583d40c1cb3fff598a15b89,HIPC,ideal,1.0,clue_search,14,196,4,0.1,20,20,scale_g14_r4_hipc_topk010,C:\Users\lottj\Desktop\research\decentralized benchmark\topk_filter_study\results\sensitivity_suite\scenarios\clue_g14_n50.csv,128.3873,01,11,1,10,18.0778,1.6434363636363636,1.537,3.0892,3.0892,14.08067620395475,10,7.6803,0.76803,1.0338,0.0255,18.0523,14.08067620395475,completed
16,dcta_parity_v1,custom,d9da52d694264b0e61eacce63be8c39aec13a5d875ee1a04def1cc4de76c9066,ff3ae3e0de6c3e3e7eb1071deaf59fde03942073a583d40c1cb3fff598a15b89,HIPC,ideal,1.0,clue_search,14,196,4,0.1,20,20,scale_g14_r4_hipc_topk010,C:\Users\lottj\Desktop\research\decentralized benchmark\topk_filter_study\results\sensitivity_suite\scenarios\clue_g14_n50.csv,128.3873,02,11,1,10,17.5249,1.5931727272727272,1.7194,2.2292,2.2292,13.65002613186818,10,6.7304,0.6730400000000001,0.8577,0.0282,17.4967,13.65002613186818,completed
16,dcta_parity_v1,custom,d9da52d694264b0e61eacce63be8c39aec13a5d875ee1a04def1cc4de76c9066,ff3ae3e0de6c3e3e7eb1071deaf59fde03942073a583d40c1cb3fff598a15b89,HIPC,ideal,1.0,clue_search,14,196,4,0.1,20,20,scale_g14_r4_hipc_topk010,C:\Users\lottj\Desktop\research\decentralized benchmark\topk_filter_study\results\sensitivity_suite\scenarios\clue_g14_n50.csv,128.3873,03,13,2,11,22.8337,1.7564384615384616,2.1108,3.1552,3.1552,17.78501456140911,11,8.2661,0.7514636363636363,1.0694,0.11280000000000001,22.7209,17.78501456140911,completed
17,dcta_parity_v1,custom,d9da52d694264b0e61eacce63be8c39aec13a5d875ee1a04def1cc4de76c9066,ff3ae3e0de6c3e3e7eb1071deaf59fde03942073a583d40c1cb3fff598a15b89,HIPC,ideal,1.0,clue_search,14,196,4,0.1,20,20,scale_g14_r4_hipc_topk010,C:\Users\lottj\Desktop\research\decentralized benchmark\topk_filter_study\results\sensitivity_suite\scenarios\clue_g14_n50.csv,91.8476,00,17,13,4,8.7198,0.5129294117647059,0.0238,2.9773,2.9773,9.493770114842413,4,2.3175,0.579375,0.6901,0.3424,8.3774,9.493770114842413,completed
17,dcta_parity_v1,custom,d9da52d694264b0e61eacce63be8c39aec13a5d875ee1a04def1cc4de76c9066,ff3ae3e0de6c3e3e7eb1071deaf59fde03942073a583d40c1cb3fff598a15b89,HIPC,ideal,1.0,clue_search,14,196,4,0.1,20,20,scale_g14_r4_hipc_topk010,C:\Users\lottj\Desktop\research\decentralized benchmark\topk_filter_study\results\sensitivity_suite\scenarios\clue_g14_n50.csv,91.8476,01,19,13,6,12.6125,0.6638157894736842,0.024,3.0291,3.0291,13.73198646453473,6,3.3855,0.56425,0.7586,0.3263,12.286200000000001,13.73198646453473,completed
17,dcta_parity_v1,custom,d9da52d694264b0e61eacce63be8c39aec13a5d875ee1a04def1cc4de76c9066,ff3ae3e0de6c3e3e7eb1071deaf59fde03942073a583d40c1cb3fff598a15b89,HIPC,ideal,1.0,clue_search,14,196,4,0.1,20,20,scale_g14_r4_hipc_topk010,C:\Users\lottj\Desktop\research\decentralized benchmark\topk_filter_study\results\sensitivity_suite\scenarios\clue_g14_n50.csv,91.8476,02,17,12,5,12.6598,0.7446941176470588,0.0274,3.1686,3.1686,13.783484816151974,5,2.9527,0.5905400000000001,0.7717,0.3746,12.2852,13.783484816151974,completed
17,dcta_parity_v1,custom,d9da52d694264b0e61eacce63be8c39aec13a5d875ee1a04def1cc4de76c9066,ff3ae3e0de6c3e3e7eb1071deaf59fde03942073a583d40c1cb3fff598a15b89,HIPC,ideal,1.0,clue_search,14,196,4,0.1,20,20,scale_g14_r4_hipc_topk010,C:\Users\lottj\Desktop\research\decentralized benchmark\topk_filter_study\results\sensitivity_suite\scenarios\clue_g14_n50.csv,91.8476,03,17,12,5,11.2072,0.6592470588235294,0.0266,2.9738,2.9738,12.201951929065103,5,2.7386999999999997,0.5477399999999999,0.7976,0.36060000000000003,10.8466,12.201951929065103,completed
18,dcta_parity_v1,custom,d9da52d694264b0e61eacce63be8c39aec13a5d875ee1a04def1cc4de76c9066,ff3ae3e0de6c3e3e7eb1071deaf59fde03942073a583d40c1cb3fff598a15b89,HIPC,ideal,1.0,clue_search,14,196,4,0.1,20,20,scale_g14_r4_hipc_topk010,C:\Users\lottj\Desktop\research\decentralized benchmark\topk_filter_study\results\sensitivity_suite\scenarios\clue_g14_n50.csv,210.1256,00,27,8,19,19.6482,0.7277111111111111,0.8762,1.4945,2.0457,9.350693109264174,19,9.5881,0.5046368421052632,0.7318,0.1534,19.494799999999998,9.350693109264174,completed
18,dcta_parity_v1,custom,d9da52d694264b0e61eacce63be8c39aec13a5d875ee1a04def1cc4de76c9066,ff3ae3e0de6c3e3e7eb1071deaf59fde03942073a583d40c1cb3fff598a15b89,HIPC,ideal,1.0,clue_search,14,196,4,0.1,20,20,scale_g14_r4_hipc_topk010,C:\Users\lottj\Desktop\research\decentralized benchmark\topk_filter_study\results\sensitivity_suite\scenarios\clue_g14_n50.csv,210.1256,01,25,8,17,22.0956,0.883824,1.1359,1.6301,2.1163,10.515425060059316,17,9.4014,0.5530235294117647,0.7251,0.1593,21.9363,10.515425060059316,completed
18,dcta_parity_v1,custom,d9da52d694264b0e61eacce63be8c39aec13a5d875ee1a04def1cc4de76c9066,ff3ae3e0de6c3e3e7eb1071deaf59fde03942073a583d40c1cb3fff598a15b89,HIPC,ideal,1.0,clue_search,14,196,4,0.1,20,20,scale_g14_r4_hipc_topk010,C:\Users\lottj\Desktop\research\decentralized benchmark\topk_filter_study\results\sensitivity_suite\scenarios\clue_g14_n50.csv,210.1256,02,24,8,16,21.436,0.8931666666666667,0.9254,2.0689,2.0756,10.201517568539959,16,9.0026,0.5626625,0.6679,0.19,21.246,10.201517568539959,completed
18,dcta_parity_v1,custom,d9da52d694264b0e61eacce63be8c39aec13a5d875ee1a04def1cc4de76c9066,ff3ae3e0de6c3e3e7eb1071deaf59fde03942073a583d40c1cb3fff598a15b89,HIPC,ideal,1.0,clue_search,14,196,4,0.1,20,20,scale_g14_r4_hipc_topk010,C:\Users\lottj\Desktop\research\decentralized benchmark\topk_filter_study\results\sensitivity_suite\scenarios\clue_g14_n50.csv,210.1256,03,25,8,17,21.6799,0.867196,0.8901,2.0791,2.1014,10.317591002714567,17,9.0832,0.5343058823529412,0.686,0.1567,21.5232,10.317591002714567,completed
19,dcta_parity_v1,custom,d9da52d694264b0e61eacce63be8c39aec13a5d875ee1a04def1cc4de76c9066,ff3ae3e0de6c3e3e7eb1071deaf59fde03942073a583d40c1cb3fff598a15b89,HIPC,ideal,1.0,clue_search,14,196,4,0.1,20,20,scale_g14_r4_hipc_topk010,C:\Users\lottj\Desktop\research\decentralized benchmark\topk_filter_study\results\sensitivity_suite\scenarios\clue_g14_n50.csv,189.1211,00,19,7,12,18.6391,0.9810052631578947,1.2126,2.1921,2.1921,9.855642760115078,12,8.222199999999999,0.6851833333333333,1.0058,0.1421,18.497,9.855642760115078,completed
19,dcta_parity_v1,custom,d9da52d694264b0e61eacce63be8c39aec13a5d875ee1a04def1cc4de76c9066,ff3ae3e0de6c3e3e7eb1071deaf59fde03942073a583d40c1cb3fff598a15b89,HIPC,ideal,1.0,clue_search,14,196,4,0.1,20,20,scale_g14_r4_hipc_topk010,C:\Users\lottj\Desktop\research\decentralized benchmark\topk_filter_study\results\sensitivity_suite\scenarios\clue_g14_n50.csv,189.1211,01,19,7,12,15.7591,0.8294263157894737,0.9436,2.2421,2.2421,8.332808977951165,12,7.7132000000000005,0.6427666666666667,0.9619,0.168,15.5911,8.332808977951165,completed
19,dcta_parity_v1,custom,d9da52d694264b0e61eacce63be8c39aec13a5d875ee1a04def1cc4de76c9066,ff3ae3e0de6c3e3e7eb1071deaf59fde03942073a583d40c1cb3fff598a15b89,HIPC,ideal,1.0,clue_search,14,196,4,0.1,20,20,scale_g14_r4_hipc_topk010,C:\Users\lottj\Desktop\research\decentralized benchmark\topk_filter_study\results\sensitivity_suite\scenarios\clue_g14_n50.csv,189.1211,02,22,7,15,30.1948,1.3724909090909092,1.65075,2.7722,2.8512,15.965854682528812,15,9.974,0.6649333333333334,1.0031,0.15309999999999999,30.0417,15.965854682528812,completed
19,dcta_parity_v1,custom,d9da52d694264b0e61eacce63be8c39aec13a5d875ee1a04def1cc4de76c9066,ff3ae3e0de6c3e3e7eb1071deaf59fde03942073a583d40c1cb3fff598a15b89,HIPC,ideal,1.0,clue_search,14,196,4,0.1,20,20,scale_g14_r4_hipc_topk010,C:\Users\lottj\Desktop\research\decentralized benchmark\topk_filter_study\results\sensitivity_suite\scenarios\clue_g14_n50.csv,189.1211,03,20,7,13,26.464100000000002,1.3232050000000002,1.4416,2.5599,2.5807,13.993203296723635,13,9.0506,0.6961999999999999,1.0092,0.1738,26.290300000000002,13.993203296723635,completed
20,dcta_parity_v1,custom,d9da52d694264b0e61eacce63be8c39aec13a5d875ee1a04def1cc4de76c9066,ff3ae3e0de6c3e3e7eb1071deaf59fde03942073a583d40c1cb3fff598a15b89,HIPC,ideal,1.0,clue_search,14,196,4,0.1,20,20,scale_g14_r4_hipc_topk010,C:\Users\lottj\Desktop\research\decentralized benchmark\topk_filter_study\results\sensitivity_suite\scenarios\clue_g14_n50.csv,231.0063,00,29,16,13,26.371,0.9093448275862068,0.0212,2.9313,2.9511,11.415705978581535,13,6.9395,0.5338076923076923,0.596,0.3322,26.0388,11.415705978581535,completed
20,dcta_parity_v1,custom,d9da52d694264b0e61eacce63be8c39aec13a5d875ee1a04def1cc4de76c9066,ff3ae3e0de6c3e3e7eb1071deaf59fde03942073a583d40c1cb3fff598a15b89,HIPC,ideal,1.0,clue_search,14,196,4,0.1,20,20,scale_g14_r4_hipc_topk010,C:\Users\lottj\Desktop\research\decentralized benchmark\topk_filter_study\results\sensitivity_suite\scenarios\clue_g14_n50.csv,231.0063,01,27,16,11,24.2528,0.8982518518518519,0.0202,2.9985,3.0205,10.498761289194277,11,5.9953,0.5450272727272728,0.6142,0.3208,23.932,10.498761289194277,completed
20,dcta_parity_v1,custom,d9da52d694264b0e61eacce63be8c39aec13a5d875ee1a04def1cc4de76c9066,ff3ae3e0de6c3e3e7eb1071deaf59fde03942073a583d40c1cb3fff598a15b89,HIPC,ideal,1.0,clue_search,14,196,4,0.1,20,20,scale_g14_r4_hipc_topk010,C:\Users\lottj\Desktop\research\decentralized benchmark\topk_filter_study\results\sensitivity_suite\scenarios\clue_g14_n50.csv,231.0063,02,24,15,9,21.0387,0.8766124999999999,0.02065,2.8063,2.9046,9.10741395364542,9,5.158,0.5731111111111111,0.6463,0.312,20.7267,9.10741395364542,completed
20,dcta_parity_v1,custom,d9da52d694264b0e61eacce63be8c39aec13a5d875ee1a04def1cc4de76c9066,ff3ae3e0de6c3e3e7eb1071deaf59fde03942073a583d40c1cb3fff598a15b89,HIPC,ideal,1.0,clue_search,14,196,4,0.1,20,20,scale_g14_r4_hipc_topk010,C:\Users\lottj\Desktop\research\decentralized benchmark\topk_filter_study\results\sensitivity_suite\scenarios\clue_g14_n50.csv,231.0063,03,31,14,17,28.7372,0.9270064516129033,1.4568,2.7662,2.9842,12.440007047426846,17,8.6979,0.5116411764705883,0.6536,0.29309999999999997,28.4441,12.440007047426846,completed
21,dcta_parity_v1,custom,d9da52d694264b0e61eacce63be8c39aec13a5d875ee1a04def1cc4de76c9066,ff3ae3e0de6c3e3e7eb1071deaf59fde03942073a583d40c1cb3fff598a15b89,HIPC,ideal,1.0,clue_search,14,196,4,0.1,20,20,scale_g14_r4_hipc_topk010,C:\Users\lottj\Desktop\research\decentralized benchmark\topk_filter_study\results\sensitivity_suite\scenarios\clue_g14_n50.csv,157.4798,00,31,22,9,15.7694,0.5086903225806452,0.0292,2.0208,2.0981,10.013601744477702,9,5.2157,0.5795222222222223,0.7326,0.6265,15.142900000000001,10.013601744477702,completed
21,dcta_parity_v1,custom,d9da52d694264b0e61eacce63be8c39aec13a5d875ee1a04def1cc4de76c9066,ff3ae3e0de6c3e3e7eb1071deaf59fde03942073a583d40c1cb3fff598a15b89,HIPC,ideal,1.0,clue_search,14,196,4,0.1,20,20,scale_g14_r4_hipc_topk010,C:\Users\lottj\Desktop\research\decentralized benchmark\topk_filter_study\results\sensitivity_suite\scenarios\clue_g14_n50.csv,157.4798,01,31,21,10,19.4329,0.6268677419354839,0.029,2.3231,3.3741,12.339931851577154,10,5.9011,0.5901099999999999,0.9124,0.6208,18.8121,12.339931851577154,completed
21,dcta_parity_v1,custom,d9da52d694264b0e61eacce63be8c39aec13a5d875ee1a04def1cc4de76c9066,ff3ae3e0de6c3e3e7eb1071deaf59fde03942073a583d40c1cb3fff598a15b89,HIPC,ideal,1.0,clue_search,14,196,4,0.1,20,20,scale_g14_r4_hipc_topk010,C:\Users\lottj\Desktop\research\decentralized benchmark\topk_filter_study\results\sensitivity_suite\scenarios\clue_g14_n50.csv,157.4798,02,23,15,8,16.8228,0.7314260869565218,0.0312,2.1485,3.3299,10.682512931817287,8,4.7158,0.589475,0.9342,0.4997,16.3231,10.682512931817287,completed
21,dcta_parity_v1,custom,d9da52d694264b0e61eacce63be8c39aec13a5d875ee1a04def1cc4de76c9066,ff3ae3e0de6c3e3e7eb1071deaf59fde03942073a583d40c1cb3fff598a15b89,HIPC,ideal,1.0,clue_search,14,196,4,0.1,20,20,scale_g14_r4_hipc_topk010,C:\Users\lottj\Desktop\research\decentralized benchmark\topk_filter_study\results\sensitivity_suite\scenarios\clue_g14_n50.csv,157.4798,03,22,14,8,16.061700000000002,0.7300772727272729,0.02975,2.1924,2.5364,10.199212851426024,8,4.5682,0.571025,0.7476,0.4187,15.643,10.199212851426024,completed
22,dcta_parity_v1,custom,d9da52d694264b0e61eacce63be8c39aec13a5d875ee1a04def1cc4de76c9066,ff3ae3e0de6c3e3e7eb1071deaf59fde03942073a583d40c1cb3fff598a15b89,HIPC,ideal,1.0,clue_search,14,196,4,0.1,20,20,scale_g14_r4_hipc_topk010,C:\Users\lottj\Desktop\research\decentralized benchmark\topk_filter_study\results\sensitivity_suite\scenarios\clue_g14_n50.csv,8.1819,00,5,5,0,0.1423,0.028460000000000003,0.0245,0.0451,0.0451,1.7392048301739205,0,0.0,0.0,0.0,0.1423,0.0,1.7392048301739205,completed
22,dcta_parity_v1,custom,d9da52d694264b0e61eacce63be8c39aec13a5d875ee1a04def1cc4de76c9066,ff3ae3e0de6c3e3e7eb1071deaf59fde03942073a583d40c1cb3fff598a15b89,HIPC,ideal,1.0,clue_search,14,196,4,0.1,20,20,scale_g14_r4_hipc_topk010,C:\Users\lottj\Desktop\research\decentralized benchmark\topk_filter_study\results\sensitivity_suite\scenarios\clue_g14_n50.csv,8.1819,01,4,4,0,0.17350000000000002,0.043375000000000004,0.025300000000000003,0.0989,0.0989,2.1205343502120533,0,0.0,0.0,0.0,0.17350000000000002,0.0,2.1205343502120533,completed
22,dcta_parity_v1,custom,d9da52d694264b0e61eacce63be8c39aec13a5d875ee1a04def1cc4de76c9066,ff3ae3e0de6c3e3e7eb1071deaf59fde03942073a583d40c1cb3fff598a15b89,HIPC,ideal,1.0,clue_search,14,196,4,0.1,20,20,scale_g14_r4_hipc_topk010,C:\Users\lottj\Desktop\research\decentralized benchmark\topk_filter_study\results\sensitivity_suite\scenarios\clue_g14_n50.csv,8.1819,02,4,4,0,0.12290000000000001,0.030725000000000002,0.0278,0.041,0.041,1.5020960901502096,0,0.0,0.0,0.0,0.12290000000000001,0.0,1.5020960901502096,completed
22,dcta_parity_v1,custom,d9da52d694264b0e61eacce63be8c39aec13a5d875ee1a04def1cc4de76c9066,ff3ae3e0de6c3e3e7eb1071deaf59fde03942073a583d40c1cb3fff598a15b89,HIPC,ideal,1.0,clue_search,14,196,4,0.1,20,20,scale_g14_r4_hipc_topk010,C:\Users\lottj\Desktop\research\decentralized benchmark\topk_filter_study\results\sensitivity_suite\scenarios\clue_g14_n50.csv,8.1819,03,5,5,0,0.2069,0.04138,0.0273,0.0946,0.0946,2.528752490252875,0,0.0,0.0,0.0,0.2069,0.0,2.528752490252875,completed
23,dcta_parity_v1,custom,d9da52d694264b0e61eacce63be8c39aec13a5d875ee1a04def1cc4de76c9066,ff3ae3e0de6c3e3e7eb1071deaf59fde03942073a583d40c1cb3fff598a15b89,HIPC,ideal,1.0,clue_search,14,196,4,0.1,20,20,scale_g14_r4_hipc_topk010,C:\Users\lottj\Desktop\research\decentralized benchmark\topk_filter_study\results\sensitivity_suite\scenarios\clue_g14_n50.csv,163.9667,00,11,8,3,7.4477,0.6770636363636364,0.0261,3.1827,3.1827,4.542202776539383,3,2.8754,0.9584666666666667,1.019,0.2128,7.2349,4.542202776539383,completed
23,dcta_parity_v1,custom,d9da52d694264b0e61eacce63be8c39aec13a5d875ee1a04def1cc4de76c9066,ff3ae3e0de6c3e3e7eb1071deaf59fde03942073a583d40c1cb3fff598a15b89,HIPC,ideal,1.0,clue_search,14,196,4,0.1,20,20,scale_g14_r4_hipc_topk010,C:\Users\lottj\Desktop\research\decentralized benchmark\topk_filter_study\results\sensitivity_suite\scenarios\clue_g14_n50.csv,163.9667,01,15,8,7,15.764700000000001,1.05098,0.046,3.3074,3.3074,9.614574178781423,7,6.8719,0.9817,1.2005,0.2147,15.55,9.614574178781423,completed
23,dcta_parity_v1,custom,d9da52d694264b0e61eacce63be8c39aec13a5d875ee1a04def1cc4de76c9066,ff3ae3e0de6c3e3e7eb1071deaf59fde03942073a583d40c1cb3fff598a15b89,HIPC,ideal,1.0,clue_search,14,196,4,0.1,20,20,scale_g14_r4_hipc_topk010,C:\Users\lottj\Desktop\research\decentralized benchmark\topk_filter_study\results\sensitivity_suite\scenarios\clue_g14_n50.csv,163.9667,02,18,8,10,32.3625,1.7979166666666666,2.5013,3.7523,3.7523,19.73723932969316,10,10.131,1.0131000000000001,1.1253,0.2884,32.0741,19.73723932969316,completed
23,dcta_parity_v1,custom,d9da52d694264b0e61eacce63be8c39aec13a5d875ee1a04def1cc4de76c9066,ff3ae3e0de6c3e3e7eb1071deaf59fde03942073a583d40c1cb3fff598a15b89,HIPC,ideal,1.0,clue_search,14,196,4,0.1,20,20,scale_g14_r4_hipc_topk010,C:\Users\lottj\Desktop\research\decentralized benchmark\topk_filter_study\results\sensitivity_suite\scenarios\clue_g14_n50.csv,163.9667,03,16,8,8,29.6961,1.85600625,1.65425,4.149,4.149,18.11105547650834,8,8.0945,1.0118125,1.1006,0.2354,29.4607,18.11105547650834,completed
24,dcta_parity_v1,custom,d9da52d694264b0e61eacce63be8c39aec13a5d875ee1a04def1cc4de76c9066,ff3ae3e0de6c3e3e7eb1071deaf59fde03942073a583d40c1cb3fff598a15b89,HIPC,ideal,1.0,clue_search,14,196,4,0.1,20,20,scale_g14_r4_hipc_topk010,C:\Users\lottj\Desktop\research\decentralized benchmark\topk_filter_study\results\sensitivity_suite\scenarios\clue_g14_n50.csv,159.4619,00,21,11,10,27.9389,1.3304238095238095,0.0445,3.1029,3.1467,17.520736928382263,10,6.2187,0.62187,0.6742,0.2956,27.6433,17.520736928382263,completed
24,dcta_parity_v1,custom,d9da52d694264b0e61eacce63be8c39aec13a5d875ee1a04def1cc4de76c9066,ff3ae3e0de6c3e3e7eb1071deaf59fde03942073a583d40c1cb3fff598a15b89,HIPC,ideal,1.0,clue_search,14,196,4,0.1,20,20,scale_g14_r4_hipc_topk010,C:\Users\lottj\Desktop\research\decentralized benchmark\topk_filter_study\results\sensitivity_suite\scenarios\clue_g14_n50.csv,159.4619,01,21,11,10,23.4773,1.1179666666666666,0.0561,2.9998,3.0545,14.72282720825476,10,6.1905,0.61905,0.7373,0.3056,23.1717,14.72282720825476,completed
24,dcta_parity_v1,custom,d9da52d694264b0e61eacce63be8c39aec13a5d875ee1a04def1cc4de76c9066,ff3ae3e0de6c3e3e7eb1071deaf59fde03942073a583d40c1cb3fff598a15b89,HIPC,ideal,1.0,clue_search,14,196,4,0.1,20,20,scale_g14_r4_hipc_topk010,C:\Users\lottj\Desktop\research\decentralized benchmark\topk_filter_study\results\sensitivity_suite\scenarios\clue_g14_n50.csv,159.4619,02,17,10,7,13.2342,0.7784823529411764,0.0298,2.9427,2.9427,8.299286538038238,7,4.327,0.6181428571428571,0.6916,0.2901,12.944099999999999,8.299286538038238,completed
24,dcta_parity_v1,custom,d9da52d694264b0e61eacce63be8c39aec13a5d875ee1a04def1cc4de76c9066,ff3ae3e0de6c3e3e7eb1071deaf59fde03942073a583d40c1cb3fff598a15b89,HIPC,ideal,1.0,clue_search,14,196,4,0.1,20,20,scale_g14_r4_hipc_topk010,C:\Users\lottj\Desktop\research\decentralized benchmark\topk_filter_study\results\sensitivity_suite\scenarios\clue_g14_n50.csv,159.4619,03,17,10,7,10.942,0.6436470588235295,0.0297,3.0941,3.0941,6.861827182543291,6,3.6654,0.6109,0.685,0.284,10.658,6.861827182543291,completed
25,dcta_parity_v1,custom,d9da52d694264b0e61eacce63be8c39aec13a5d875ee1a04def1cc4de76c9066,ff3ae3e0de6c3e3e7eb1071deaf59fde03942073a583d40c1cb3fff598a15b89,HIPC,ideal,1.0,clue_search,14,196,4,0.1,20,20,scale_g14_r4_hipc_topk010,C:\Users\lottj\Desktop\research\decentralized benchmark\topk_filter_study\results\sensitivity_suite\scenarios\clue_g14_n50.csv,184.9224,00,23,15,8,13.0045,0.5654130434782608,0.0261,1.4258,3.1572,7.0324092700505725,8,6.3056,0.7882,0.8695,0.4277,12.5768,7.0324092700505725,completed
25,dcta_parity_v1,custom,d9da52d694264b0e61eacce63be8c39aec13a5d875ee1a04def1cc4de76c9066,ff3ae3e0de6c3e3e7eb1071deaf59fde03942073a583d40c1cb3fff598a15b89,HIPC,ideal,1.0,clue_search,14,196,4,0.1,20,20,scale_g14_r4_hipc_topk010,C:\Users\lottj\Desktop\research\decentralized benchmark\topk_filter_study\results\sensitivity_suite\scenarios\clue_g14_n50.csv,184.9224,01,25,14,11,35.9657,1.438628,0.0319,3.3763,3.4308,19.449077018251977,11,9.302,0.8456363636363636,0.9236,0.3795,35.5862,19.449077018251977,completed
25,dcta_parity_v1,custom,d9da52d694264b0e61eacce63be8c39aec13a5d875ee1a04def1cc4de76c9066,ff3ae3e0de6c3e3e7eb1071deaf59fde03942073a583d40c1cb3fff598a15b89,HIPC,ideal,1.0,clue_search,14,196,4,0.1,20,20,scale_g14_r4_hipc_topk010,C:\Users\lottj\Desktop\research\decentralized benchmark\topk_filter_study\results\sensitivity_suite\scenarios\clue_g14_n50.csv,184.9224,02,24,14,10,25.2134,1.0505583333333333,0.030100000000000002,3.2427,3.2487,13.634584020107894,10,8.3649,0.8364900000000001,0.9532,0.4475,24.765900000000002,13.634584020107894,completed
25,dcta_parity_v1,custom,d9da52d694264b0e61eacce63be8c39aec13a5d875ee1a04def1cc4de76c9066,ff3ae3e0de6c3e3e7eb1071deaf59fde03942073a583d40c1cb3fff598a15b89,HIPC,ideal,1.0,clue_search,14,196,4,0.1,20,20,scale_g14_r4_hipc_topk010,C:\Users\lottj\Desktop\research\decentralized benchmark\topk_filter_study\results\sensitivity_suite\scenarios\clue_g14_n50.csv,184.9224,03,23,14,9,23.143,1.006217391304348,0.0291,3.3106,3.5426,12.514979256163667,9,7.5853,0.8428111111111112,0.9612,0.4223,22.7207,12.514979256163667,completed
26,dcta_parity_v1,custom,d9da52d694264b0e61eacce63be8c39aec13a5d875ee1a04def1cc4de76c9066,ff3ae3e0de6c3e3e7eb1071deaf59fde03942073a583d40c1cb3fff598a15b89,HIPC,ideal,1.0,clue_search,14,196,4,0.1,20,20,scale_g14_r4_hipc_topk010,C:\Users\lottj\Desktop\research\decentralized benchmark\topk_filter_study\results\sensitivity_suite\scenarios\clue_g14_n50.csv,19.0847,00,2,1,1,1.7602,0.8801,0.8801,1.7175,1.7175,9.2230949399257,1,1.1335,1.1335,1.1335,0.0427,1.7175,9.2230949399257,completed
26,dcta_parity_v1,custom,d9da52d694264b0e61eacce63be8c39aec13a5d875ee1a04def1cc4de76c9066,ff3ae3e0de6c3e3e7eb1071deaf59fde03942073a583d40c1cb3fff598a15b89,HIPC,ideal,1.0,clue_search,14,196,4,0.1,20,20,scale_g14_r4_hipc_topk010,C:\Users\lottj\Desktop\research\decentralized benchmark\topk_filter_study\results\sensitivity_suite\scenarios\clue_g14_n50.csv,19.0847,01,2,1,1,2.0443000000000002,1.0221500000000001,1.0221500000000001,2.0049,2.0049,10.711721955283553,1,1.0402,1.0402,1.0402,0.0394,2.0049,10.711721955283553,completed
26,dcta_parity_v1,custom,d9da52d694264b0e61eacce63be8c39aec13a5d875ee1a04def1cc4de76c9066,ff3ae3e0de6c3e3e7eb1071deaf59fde03942073a583d40c1cb3fff598a15b89,HIPC,ideal,1.0,clue_search,14,196,4,0.1,20,20,scale_g14_r4_hipc_topk010,C:\Users\lottj\Desktop\research\decentralized benchmark\topk_filter_study\results\sensitivity_suite\scenarios\clue_g14_n50.csv,19.0847,02,2,1,1,3.5174999999999996,1.7587499999999998,1.7587499999999998,3.4067,3.4067,18.43099446153201,1,1.0474,1.0474,1.0474,0.1108,3.4067,18.43099446153201,completed
26,dcta_parity_v1,custom,d9da52d694264b0e61eacce63be8c39aec13a5d875ee1a04def1cc4de76c9066,ff3ae3e0de6c3e3e7eb1071deaf59fde03942073a583d40c1cb3fff598a15b89,HIPC,ideal,1.0,clue_search,14,196,4,0.1,20,20,scale_g14_r4_hipc_topk010,C:\Users\lottj\Desktop\research\decentralized benchmark\topk_filter_study\results\sensitivity_suite\scenarios\clue_g14_n50.csv,19.0847,03,2,1,1,1.6932,0.8466,0.8466,1.6444,1.6444,8.87202837875366,1,1.0923,1.0923,1.0923,0.0488,1.6444,8.87202837875366,completed
27,dcta_parity_v1,custom,d9da52d694264b0e61eacce63be8c39aec13a5d875ee1a04def1cc4de76c9066,ff3ae3e0de6c3e3e7eb1071deaf59fde03942073a583d40c1cb3fff598a15b89,HIPC,ideal,1.0,clue_search,14,196,4,0.1,20,20,scale_g14_r4_hipc_topk010,C:\Users\lottj\Desktop\research\decentralized benchmark\topk_filter_study\results\sensitivity_suite\scenarios\clue_g14_n50.csv,76.8839,00,13,11,2,3.504,0.26953846153846156,0.0272,3.1572,3.1572,4.557521145519413,1,0.9312,0.9312,0.9312,0.32130000000000003,3.1827,4.557521145519413,completed
27,dcta_parity_v1,custom,d9da52d694264b0e61eacce63be8c39aec13a5d875ee1a04def1cc4de76c9066,ff3ae3e0de6c3e3e7eb1071deaf59fde03942073a583d40c1cb3fff598a15b89,HIPC,ideal,1.0,clue_search,14,196,4,0.1,20,20,scale_g14_r4_hipc_topk010,C:\Users\lottj\Desktop\research\decentralized benchmark\topk_filter_study\results\sensitivity_suite\scenarios\clue_g14_n50.csv,76.8839,01,13,11,2,5.9614,0.4585692307692308,0.0258,3.2907,3.2907,7.753768994548924,2,1.7489,0.87445,0.996,0.3157,5.6457,7.753768994548924,completed
27,dcta_parity_v1,custom,d9da52d694264b0e61eacce63be8c39aec13a5d875ee1a04def1cc4de76c9066,ff3ae3e0de6c3e3e7eb1071deaf59fde03942073a583d40c1cb3fff598a15b89,HIPC,ideal,1.0,clue_search,14,196,4,0.1,20,20,scale_g14_r4_hipc_topk010,C:\Users\lottj\Desktop\research\decentralized benchmark\topk_filter_study\results\sensitivity_suite\scenarios\clue_g14_n50.csv,76.8839,02,15,11,4,13.577300000000001,0.9051533333333334,0.0306,3.5742,3.5742,17.659483975188564,4,3.387,0.84675,1.0661,0.3874,13.1899,17.659483975188564,completed
27,dcta_parity_v1,custom,d9da52d694264b0e61eacce63be8c39aec13a5d875ee1a04def1cc4de76c9066,ff3ae3e0de6c3e3e7eb1071deaf59fde03942073a583d40c1cb3fff598a15b89,HIPC,ideal,1.0,clue_search,14,196,4,0.1,20,20,scale_g14_r4_hipc_topk010,C:\Users\lottj\Desktop\research\decentralized benchmark\topk_filter_study\results\sensitivity_suite\scenarios\clue_g14_n50.csv,76.8839,03,15,12,3,10.279300000000001,0.6852866666666667,0.0296,3.3487,3.3487,13.36989928970825,3,2.7926,0.9308666666666667,1.0289,0.3869,9.8924,13.36989928970825,completed
28,dcta_parity_v1,custom,d9da52d694264b0e61eacce63be8c39aec13a5d875ee1a04def1cc4de76c9066,ff3ae3e0de6c3e3e7eb1071deaf59fde03942073a583d40c1cb3fff598a15b89,HIPC,ideal,1.0,clue_search,14,196,4,0.1,20,20,scale_g14_r4_hipc_topk010,C:\Users\lottj\Desktop\research\decentralized benchmark\topk_filter_study\results\sensitivity_suite\scenarios\clue_g14_n50.csv,371.88,00,39,14,25,35.1898,0.902302564102564,1.1722,1.4889,3.6684,9.462676132085619,25,15.1386,0.605544,0.9724,0.4097,34.7801,9.462676132085619,completed
28,dcta_parity_v1,custom,d9da52d694264b0e61eacce63be8c39aec13a5d875ee1a04def1cc4de76c9066,ff3ae3e0de6c3e3e7eb1071deaf59fde03942073a583d40c1cb3fff598a15b89,HIPC,ideal,1.0,clue_search,14,196,4,0.1,20,20,scale_g14_r4_hipc_topk010,C:\Users\lottj\Desktop\research\decentralized benchmark\topk_filter_study\results\sensitivity_suite\scenarios\clue_g14_n50.csv,371.88,01,34,14,20,44.1272,1.2978588235294117,1.20615,3.4392,3.4687,11.865978272561042,20,14.9171,0.7458549999999999,1.0144,0.3874,43.7398,11.865978272561042,completed
28,dcta_parity_v1,custom,d9da52d694264b0e61eacce63be8c39aec13a5d875ee1a04def1cc4de76c9066,ff3ae3e0de6c3e3e7eb1071deaf59fde03942073a583d40c1cb3fff598a15b89,HIPC,ideal,1.0,clue_search,14,196,4,0.1,20,20,scale_g14_r4_hipc_topk010,C:\Users\lottj\Desktop\research\decentralized benchmark\topk_filter_study\results\sensitivity_suite\scenarios\clue_g14_n50.csv,371.88,02,35,14,21,39.6534,1.1329542857142856,1.2336,3.3102,3.399,10.66295579219103,21,15.5959,0.7426619047619047,1.0556,0.4104,39.243,10.66295579219103,completed
28,dcta_parity_v1,custom,d9da52d694264b0e61eacce63be8c39aec13a5d875ee1a04def1cc4de76c9066,ff3ae3e0de6c3e3e7eb1071deaf59fde03942073a583d40c1cb3fff598a15b89,HIPC,ideal,1.0,clue_search,14,196,4,0.1,20,20,scale_g14_r4_hipc_topk010,C:\Users\lottj\Desktop\research\decentralized benchmark\topk_filter_study\results\sensitivity_suite\scenarios\clue_g14_n50.csv,371.88,03,32,14,18,40.7176,1.272425,1.21545,3.6953,3.8907,10.949123373131117,18,14.7511,0.8195055555555555,1.1174,0.421,40.2966,10.949123373131117,completed
29,dcta_parity_v1,custom,d9da52d694264b0e61eacce63be8c39aec13a5d875ee1a04def1cc4de76c9066,ff3ae3e0de6c3e3e7eb1071deaf59fde03942073a583d40c1cb3fff598a15b89,HIPC,ideal,1.0,clue_search,14,196,4,0.1,20,20,scale_g14_r4_hipc_topk010,C:\Users\lottj\Desktop\research\decentralized benchmark\topk_filter_study\results\sensitivity_suite\scenarios\clue_g14_n50.csv,191.7623,00,28,18,10,22.0365,0.7870178571428571,0.0297,3.1867,3.1888,11.491570553753267,10,7.396100000000001,0.7396100000000001,0.8681,0.5052,21.5313,11.491570553753267,completed
29,dcta_parity_v1,custom,d9da52d694264b0e61eacce63be8c39aec13a5d875ee1a04def1cc4de76c9066,ff3ae3e0de6c3e3e7eb1071deaf59fde03942073a583d40c1cb3fff598a15b89,HIPC,ideal,1.0,clue_search,14,196,4,0.1,20,20,scale_g14_r4_hipc_topk010,C:\Users\lottj\Desktop\research\decentralized benchmark\topk_filter_study\results\sensitivity_suite\scenarios\clue_g14_n50.csv,191.7623,01,28,17,11,22.9187,0.8185250000000001,0.03005,3.141,3.4344,11.951619270315383,10,7.4287,0.74287,0.8769,0.5551,22.3636,11.951619270315383,completed
29,dcta_parity_v1,custom,d9da52d694264b0e61eacce63be8c39aec13a5d875ee1a04def1cc4de76c9066,ff3ae3e0de6c3e3e7eb1071deaf59fde03942073a583d40c1cb3fff598a15b89,HIPC,ideal,1.0,clue_search,14,196,4,0.1,20,20,scale_g14_r4_hipc_topk010,C:\Users\lottj\Desktop\research\decentralized benchmark\topk_filter_study\results\sensitivity_suite\scenarios\clue_g14_n50.csv,191.7623,02,22,15,7,16.6817,0.7582590909090908,0.033100000000000004,3.1544,3.2113,8.699155151977212,7,5.3477,0.7639571428571428,0.8667,0.5118,16.1699,8.699155151977212,completed
29,dcta_parity_v1,custom,d9da52d694264b0e61eacce63be8c39aec13a5d875ee1a04def1cc4de76c9066,ff3ae3e0de6c3e3e7eb1071deaf59fde03942073a583d40c1cb3fff598a15b89,HIPC,ideal,1.0,clue_search,14,196,4,0.1,20,20,scale_g14_r4_hipc_topk010,C:\Users\lottj\Desktop\research\decentralized benchmark\topk_filter_study\results\sensitivity_suite\scenarios\clue_g14_n50.csv,191.7623,03,24,14,10,22.8681,0.9528374999999999,0.0294,3.2895,3.3671,11.925232436198355,10,7.4528,0.7452799999999999,0.9917,0.3996,22.4685,11.925232436198355,completed
30,dcta_parity_v1,custom,d9da52d694264b0e61eacce63be8c39aec13a5d875ee1a04def1cc4de76c9066,ff3ae3e0de6c3e3e7eb1071deaf59fde03942073a583d40c1cb3fff598a15b89,HIPC,ideal,1.0,clue_search,14,196,4,0.1,20,20,scale_g14_r4_hipc_topk010,C:\Users\lottj\Desktop\research\decentralized benchmark\topk_filter_study\results\sensitivity_suite\scenarios\clue_g14_n50.csv,349.8803,00,24,5,19,28.3049,1.1793708333333333,1.35675,1.7814,3.232,8.089881025024845,19,13.2649,0.6981526315789474,0.9923,0.14450000000000002,28.1604,8.089881025024845,completed
30,dcta_parity_v1,custom,d9da52d694264b0e61eacce63be8c39aec13a5d875ee1a04def1cc4de76c9066,ff3ae3e0de6c3e3e7eb1071deaf59fde03942073a583d40c1cb3fff598a15b89,HIPC,ideal,1.0,clue_search,14,196,4,0.1,20,20,scale_g14_r4_hipc_topk010,C:\Users\lottj\Desktop\research\decentralized benchmark\topk_filter_study\results\sensitivity_suite\scenarios\clue_g14_n50.csv,349.8803,01,22,5,17,28.7133,1.30515,1.37595,1.9054,3.2198,8.206606659477542,17,12.6065,0.7415588235294118,1.0263,0.13520000000000001,28.5781,8.206606659477542,completed
30,dcta_parity_v1,custom,d9da52d694264b0e61eacce63be8c39aec13a5d875ee1a04def1cc4de76c9066,ff3ae3e0de6c3e3e7eb1071deaf59fde03942073a583d40c1cb3fff598a15b89,HIPC,ideal,1.0,clue_search,14,196,4,0.1,20,20,scale_g14_r4_hipc_topk010,C:\Users\lottj\Desktop\research\decentralized benchmark\topk_filter_study\results\sensitivity_suite\scenarios\clue_g14_n50.csv,349.8803,02,28,5,23,54.7965,1.9570178571428571,1.7763,3.5342,3.6154,15.661499089831581,23,18.612099999999998,0.8092217391304347,1.0977,0.1761,54.6204,15.661499089831581,completed
30,dcta_parity_v1,custom,d9da52d694264b0e61eacce63be8c39aec13a5d875ee1a04def1cc4de76c9066,ff3ae3e0de6c3e3e7eb1071deaf59fde03942073a583d40c1cb3fff598a15b89,HIPC,ideal,1.0,clue_search,14,196,4,0.1,20,20,scale_g14_r4_hipc_topk010,C:\Users\lottj\Desktop\research\decentralized benchmark\topk_filter_study\results\sensitivity_suite\scenarios\clue_g14_n50.csv,349.8803,03,24,5,19,48.0604,2.0025166666666667,2.2418,3.6168,3.6271,13.736240651445652,19,15.2383,0.8020157894736842,1.0902,0.2595,47.8009,13.736240651445652,completed
31,dcta_parity_v1,custom,d9da52d694264b0e61eacce63be8c39aec13a5d875ee1a04def1cc4de76c9066,ff3ae3e0de6c3e3e7eb1071deaf59fde03942073a583d40c1cb3fff598a15b89,HIPC,ideal,1.0,clue_search,14,196,4,0.1,20,20,scale_g14_r4_hipc_topk010,C:\Users\lottj\Desktop\research\decentralized benchmark\topk_filter_study\results\sensitivity_suite\scenarios\clue_g14_n50.csv,132.486,00,11,6,5,10.4916,0.9537818181818182,0.1024,3.3027,3.3027,7.919025406458042,5,4.6251,0.92502,1.0623,0.2275,10.2641,7.919025406458042,completed
31,dcta_parity_v1,custom,d9da52d694264b0e61eacce63be8c39aec13a5d875ee1a04def1cc4de76c9066,ff3ae3e0de6c3e3e7eb1071deaf59fde03942073a583d40c1cb3fff598a15b89,HIPC,ideal,1.0,clue_search,14,196,4,0.1,20,20,scale_g14_r4_hipc_topk010,C:\Users\lottj\Desktop\research\decentralized benchmark\topk_filter_study\results\sensitivity_suite\scenarios\clue_g14_n50.csv,132.486,01,14,5,9,16.6142,1.1867285714285714,1.26745,3.289,3.289,12.540343885391666,8,7.1301000000000005,0.8912625000000001,1.1263,0.1513,16.4629,12.540343885391666,completed
31,dcta_parity_v1,custom,d9da52d694264b0e61eacce63be8c39aec13a5d875ee1a04def1cc4de76c9066,ff3ae3e0de6c3e3e7eb1071deaf59fde03942073a583d40c1cb3fff598a15b89,HIPC,ideal,1.0,clue_search,14,196,4,0.1,20,20,scale_g14_r4_hipc_topk010,C:\Users\lottj\Desktop\research\decentralized benchmark\topk_filter_study\results\sensitivity_suite\scenarios\clue_g14_n50.csv,132.486,02,11,5,6,13.2612,1.2055636363636364,1.3342,3.463,3.463,10.009510438838822,6,5.6547,0.94245,1.1492,0.1767,13.0845,10.009510438838822,completed
31,dcta_parity_v1,custom,d9da52d694264b0e61eacce63be8c39aec13a5d875ee1a04def1cc4de76c9066,ff3ae3e0de6c3e3e7eb1071deaf59fde03942073a583d40c1cb3fff598a15b89,HIPC,ideal,1.0,clue_search,14,196,4,0.1,20,20,scale_g14_r4_hipc_topk010,C:\Users\lottj\Desktop\research\decentralized benchmark\topk_filter_study\results\sensitivity_suite\scenarios\clue_g14_n50.csv,132.486,03,12,6,6,18.6725,1.5560416666666665,1.30025,3.6513,3.6513,14.09394200141902,6,6.1394,1.0232333333333334,1.1385,0.2052,18.4673,14.09394200141902,completed
32,dcta_parity_v1,custom,d9da52d694264b0e61eacce63be8c39aec13a5d875ee1a04def1cc4de76c9066,ff3ae3e0de6c3e3e7eb1071deaf59fde03942073a583d40c1cb3fff598a15b89,HIPC,ideal,1.0,clue_search,14,196,4,0.1,20,20,scale_g14_r4_hipc_topk010,C:\Users\lottj\Desktop\research\decentralized benchmark\topk_filter_study\results\sensitivity_suite\scenarios\clue_g14_n50.csv,120.7693,00,13,6,7,10.4053,0.8004076923076924,1.0263,2.3552,2.3552,8.615848564163244,7,4.7213,0.6744714285714286,0.8334,0.1372,10.2681,8.615848564163244,completed
32,dcta_parity_v1,custom,d9da52d694264b0e61eacce63be8c39aec13a5d875ee1a04def1cc4de76c9066,ff3ae3e0de6c3e3e7eb1071deaf59fde03942073a583d40c1cb3fff598a15b89,HIPC,ideal,1.0,clue_search,14,196,4,0.1,20,20,scale_g14_r4_hipc_topk010,C:\Users\lottj\Desktop\research\decentralized benchmark\topk_filter_study\results\sensitivity_suite\scenarios\clue_g14_n50.csv,120.7693,01,14,6,8,11.7462,0.8390142857142857,1.15285,2.2645,2.2645,9.72614729074359,8,5.486,0.68575,0.7559,0.1571,11.5891,9.72614729074359,completed
32,dcta_parity_v1,custom,d9da52d694264b0e61eacce63be8c39aec13a5d875ee1a04def1cc4de76c9066,ff3ae3e0de6c3e3e7eb1071deaf59fde03942073a583d40c1cb3fff598a15b89,HIPC,ideal,1.0,clue_search,14,196,4,0.1,20,20,scale_g14_r4_hipc_topk010,C:\Users\lottj\Desktop\research\decentralized benchmark\topk_filter_study\results\sensitivity_suite\scenarios\clue_g14_n50.csv,120.7693,02,15,5,10,18.7643,1.2509533333333331,1.4218,2.3451,2.3451,15.537309564599612,10,7.364,0.7363999999999999,0.8736,0.1206,18.6437,15.537309564599612,completed
32,dcta_parity_v1,custom,d9da52d694264b0e61eacce63be8c39aec13a5d875ee1a04def1cc4de76c9066,ff3ae3e0de6c3e3e7eb1071deaf59fde03942073a583d40c1cb3fff598a15b89,HIPC,ideal,1.0,clue_search,14,196,4,0.1,20,20,scale_g14_r4_hipc_topk010,C:\Users\lottj\Desktop\research\decentralized benchmark\topk_filter_study\results\sensitivity_suite\scenarios\clue_g14_n50.csv,120.7693,03,17,6,11,22.1182,1.3010705882352942,1.3272,3.0415,3.0415,18.314422622305504,11,8.5274,0.7752181818181818,1.0481,0.1456,21.9726,18.314422622305504,completed
33,dcta_parity_v1,custom,d9da52d694264b0e61eacce63be8c39aec13a5d875ee1a04def1cc4de76c9066,ff3ae3e0de6c3e3e7eb1071deaf59fde03942073a583d40c1cb3fff598a15b89,HIPC,ideal,1.0,clue_search,14,196,4,0.1,20,20,scale_g14_r4_hipc_topk010,C:\Users\lottj\Desktop\research\decentralized benchmark\topk_filter_study\results\sensitivity_suite\scenarios\clue_g14_n50.csv,8.6192,00,4,4,0,0.133,0.03325,0.032100000000000004,0.0466,0.0466,1.5430666419157233,0,0.0,0.0,0.0,0.133,0.0,1.5430666419157233,completed
33,dcta_parity_v1,custom,d9da52d694264b0e61eacce63be8c39aec13a5d875ee1a04def1cc4de76c9066,ff3ae3e0de6c3e3e7eb1071deaf59fde03942073a583d40c1cb3fff598a15b89,HIPC,ideal,1.0,clue_search,14,196,4,0.1,20,20,scale_g14_r4_hipc_topk010,C:\Users\lottj\Desktop\research\decentralized benchmark\topk_filter_study\results\sensitivity_suite\scenarios\clue_g14_n50.csv,8.6192,01,4,4,0,0.1774,0.04435,0.0389,0.0748,0.0748,2.0581956562093935,0,0.0,0.0,0.0,0.1774,0.0,2.0581956562093935,completed
33,dcta_parity_v1,custom,d9da52d694264b0e61eacce63be8c39aec13a5d875ee1a04def1cc4de76c9066,ff3ae3e0de6c3e3e7eb1071deaf59fde03942073a583d40c1cb3fff598a15b89,HIPC,ideal,1.0,clue_search,14,196,4,0.1,20,20,scale_g14_r4_hipc_topk010,C:\Users\lottj\Desktop\research\decentralized benchmark\topk_filter_study\results\sensitivity_suite\scenarios\clue_g14_n50.csv,8.6192,02,3,3,0,0.12029999999999999,0.0401,0.039,0.0503,0.0503,1.3957211806200112,0,0.0,0.0,0.0,0.12029999999999999,0.0,1.3957211806200112,completed
33,dcta_parity_v1,custom,d9da52d694264b0e61eacce63be8c39aec13a5d875ee1a04def1cc4de76c9066,ff3ae3e0de6c3e3e7eb1071deaf59fde03942073a583d40c1cb3fff598a15b89,HIPC,ideal,1.0,clue_search,14,196,4,0.1,20,20,scale_g14_r4_hipc_topk010,C:\Users\lottj\Desktop\research\decentralized benchmark\topk_filter_study\results\sensitivity_suite\scenarios\clue_g14_n50.csv,8.6192,03,4,4,0,0.24760000000000001,0.061900000000000004,0.03245,0.1565,0.1565,2.8726563950250608,0,0.0,0.0,0.0,0.24760000000000001,0.0,2.8726563950250608,completed
34,dcta_parity_v1,custom,d9da52d694264b0e61eacce63be8c39aec13a5d875ee1a04def1cc4de76c9066,ff3ae3e0de6c3e3e7eb1071deaf59fde03942073a583d40c1cb3fff598a15b89,HIPC,ideal,1.0,clue_search,14,196,4,0.1,20,20,scale_g14_r4_hipc_topk010,C:\Users\lottj\Desktop\research\decentralized benchmark\topk_filter_study\results\sensitivity_suite\scenarios\clue_g14_n50.csv,196.386,00,14,5,9,17.4182,1.2441571428571427,1.7020499999999998,3.1249,3.1249,8.869369506991333,9,7.6092,0.8454666666666667,1.0094,0.1792,17.239,8.869369506991333,completed
34,dcta_parity_v1,custom,d9da52d694264b0e61eacce63be8c39aec13a5d875ee1a04def1cc4de76c9066,ff3ae3e0de6c3e3e7eb1071deaf59fde03942073a583d40c1cb3fff598a15b89,HIPC,ideal,1.0,clue_search,14,196,4,0.1,20,20,scale_g14_r4_hipc_topk010,C:\Users\lottj\Desktop\research\decentralized benchmark\topk_filter_study\results\sensitivity_suite\scenarios\clue_g14_n50.csv,196.386,01,14,5,9,16.4255,1.17325,1.3277,3.5703,3.5703,8.3638854093469,9,7.7713,0.8634777777777778,1.2024,0.2018,16.2237,8.3638854093469,completed
34,dcta_parity_v1,custom,d9da52d694264b0e61eacce63be8c39aec13a5d875ee1a04def1cc4de76c9066,ff3ae3e0de6c3e3e7eb1071deaf59fde03942073a583d40c1cb3fff598a15b89,HIPC,ideal,1.0,clue_search,14,196,4,0.1,20,20,scale_g14_r4_hipc_topk010,C:\Users\lottj\Desktop\research\decentralized benchmark\topk_filter_study\results\sensitivity_suite\scenarios\clue_g14_n50.csv,196.386,02,19,5,14,37.5908,1.978463157894737,2.4832,3.3864,3.3864,19.141282983512063,14,12.6626,0.9044714285714285,1.0309,0.1816,37.4092,19.141282983512063,completed
34,dcta_parity_v1,custom,d9da52d694264b0e61eacce63be8c39aec13a5d875ee1a04def1cc4de76c9066,ff3ae3e0de6c3e3e7eb1071deaf59fde03942073a583d40c1cb3fff598a15b89,HIPC,ideal,1.0,clue_search,14,196,4,0.1,20,20,scale_g14_r4_hipc_topk010,C:\Users\lottj\Desktop\research\decentralized benchmark\topk_filter_study\results\sensitivity_suite\scenarios\clue_g14_n50.csv,196.386,03,17,5,12,32.1737,1.892570588235294,1.7768,3.5054,3.5054,16.382888800627335,12,10.4873,0.8739416666666666,1.0511,0.2052,31.9685,16.382888800627335,completed
35,dcta_parity_v1,custom,d9da52d694264b0e61eacce63be8c39aec13a5d875ee1a04def1cc4de76c9066,ff3ae3e0de6c3e3e7eb1071deaf59fde03942073a583d40c1cb3fff598a15b89,HIPC,ideal,1.0,clue_search,14,196,4,0.1,20,20,scale_g14_r4_hipc_topk010,C:\Users\lottj\Desktop\research\decentralized benchmark\topk_filter_study\results\sensitivity_suite\scenarios\clue_g14_n50.csv,99.0123,00,5,3,2,5.7146,1.14292,0.0947,3.5071,3.5071,5.77160615398289,2,2.2696,1.1348,1.1807,0.161,5.553599999999999,5.77160615398289,completed
35,dcta_parity_v1,custom,d9da52d694264b0e61eacce63be8c39aec13a5d875ee1a04def1cc4de76c9066,ff3ae3e0de6c3e3e7eb1071deaf59fde03942073a583d40c1cb3fff598a15b89,HIPC,ideal,1.0,clue_search,14,196,4,0.1,20,20,scale_g14_r4_hipc_topk010,C:\Users\lottj\Desktop\research\decentralized benchmark\topk_filter_study\results\sensitivity_suite\scenarios\clue_g14_n50.csv,99.0123,01,8,3,5,18.6626,2.332825,3.4791499999999997,4.2434,4.2434,18.84876929432,5,5.7183,1.1436600000000001,1.2308,0.3112,18.351399999999998,18.84876929432,completed
35,dcta_parity_v1,custom,d9da52d694264b0e61eacce63be8c39aec13a5d875ee1a04def1cc4de76c9066,ff3ae3e0de6c3e3e7eb1071deaf59fde03942073a583d40c1cb3fff598a15b89,HIPC,ideal,1.0,clue_search,14,196,4,0.1,20,20,scale_g14_r4_hipc_topk010,C:\Users\lottj\Desktop\research\decentralized benchmark\topk_filter_study\results\sensitivity_suite\scenarios\clue_g14_n50.csv,99.0123,02,6,2,4,13.3315,2.2219166666666665,2.9860499999999996,3.6466,3.6466,13.464488755437458,4,4.6154,1.15385,1.2598,0.0883,13.2432,13.464488755437458,completed
35,dcta_parity_v1,custom,d9da52d694264b0e61eacce63be8c39aec13a5d875ee1a04def1cc4de76c9066,ff3ae3e0de6c3e3e7eb1071deaf59fde03942073a583d40c1cb3fff598a15b89,HIPC,ideal,1.0,clue_search,14,196,4,0.1,20,20,scale_g14_r4_hipc_topk010,C:\Users\lottj\Desktop\research\decentralized benchmark\topk_filter_study\results\sensitivity_suite\scenarios\clue_g14_n50.csv,99.0123,03,8,3,5,18.3519,2.2939875,3.5696,3.769,3.769,18.53496989767938,5,5.8553,1.17106,1.2296,0.1083,18.2436,18.53496989767938,completed
36,dcta_parity_v1,custom,d9da52d694264b0e61eacce63be8c39aec13a5d875ee1a04def1cc4de76c9066,ff3ae3e0de6c3e3e7eb1071deaf59fde03942073a583d40c1cb3fff598a15b89,HIPC,ideal,1.0,clue_search,14,196,4,0.1,20,20,scale_g14_r4_hipc_topk010,C:\Users\lottj\Desktop\research\decentralized benchmark\topk_filter_study\results\sensitivity_suite\scenarios\clue_g14_n50.csv,32.9978,00,5,3,2,5.2835,1.0567,0.0358,3.1411,3.1411,16.01167350550643,2,1.4165999999999999,0.7082999999999999,0.8909,0.0744,5.209099999999999,16.01167350550643,completed
36,dcta_parity_v1,custom,d9da52d694264b0e61eacce63be8c39aec13a5d875ee1a04def1cc4de76c9066,ff3ae3e0de6c3e3e7eb1071deaf59fde03942073a583d40c1cb3fff598a15b89,HIPC,ideal,1.0,clue_search,14,196,4,0.1,20,20,scale_g14_r4_hipc_topk010,C:\Users\lottj\Desktop\research\decentralized benchmark\topk_filter_study\results\sensitivity_suite\scenarios\clue_g14_n50.csv,32.9978,01,5,3,2,5.2421,1.04842,0.0744,3.1029,3.1029,15.886210595857904,2,1.4388,0.7194,0.8795,0.1091,5.133,15.886210595857904,completed
36,dcta_parity_v1,custom,d9da52d694264b0e61eacce63be8c39aec13a5d875ee1a04def1cc4de76c9066,ff3ae3e0de6c3e3e7eb1071deaf59fde03942073a583d40c1cb3fff598a15b89,HIPC,ideal,1.0,clue_search,14,196,4,0.1,20,20,scale_g14_r4_hipc_topk010,C:\Users\lottj\Desktop\research\decentralized benchmark\topk_filter_study\results\sensitivity_suite\scenarios\clue_g14_n50.csv,32.9978,02,4,2,2,5.3578,1.33945,1.0629,3.2104,3.2104,16.236840031759694,2,1.487,0.7435,0.9225,0.1015,5.2562999999999995,16.236840031759694,completed
36,dcta_parity_v1,custom,d9da52d694264b0e61eacce63be8c39aec13a5d875ee1a04def1cc4de76c9066,ff3ae3e0de6c3e3e7eb1071deaf59fde03942073a583d40c1cb3fff598a15b89,HIPC,ideal,1.0,clue_search,14,196,4,0.1,20,20,scale_g14_r4_hipc_topk010,C:\Users\lottj\Desktop\research\decentralized benchmark\topk_filter_study\results\sensitivity_suite\scenarios\clue_g14_n50.csv,32.9978,03,4,3,1,3.2373000000000003,0.8093250000000001,0.0309,3.1573,3.1573,9.810654043602907,1,0.9079,0.9079,0.9079,0.08,3.1573,9.810654043602907,completed
37,dcta_parity_v1,custom,d9da52d694264b0e61eacce63be8c39aec13a5d875ee1a04def1cc4de76c9066,ff3ae3e0de6c3e3e7eb1071deaf59fde03942073a583d40c1cb3fff598a15b89,HIPC,ideal,1.0,clue_search,14,196,4,0.1,20,20,scale_g14_r4_hipc_topk010,C:\Users\lottj\Desktop\research\decentralized benchmark\topk_filter_study\results\sensitivity_suite\scenarios\clue_g14_n50.csv,268.2796,00,22,3,19,35.8246,1.628390909090909,1.39615,3.1602,3.194,13.353456617648153,19,10.2234,0.5380736842105263,0.7652,0.09759999999999999,35.727,13.353456617648153,completed
37,dcta_parity_v1,custom,d9da52d694264b0e61eacce63be8c39aec13a5d875ee1a04def1cc4de76c9066,ff3ae3e0de6c3e3e7eb1071deaf59fde03942073a583d40c1cb3fff598a15b89,HIPC,ideal,1.0,clue_search,14,196,4,0.1,20,20,scale_g14_r4_hipc_topk010,C:\Users\lottj\Desktop\research\decentralized benchmark\topk_filter_study\results\sensitivity_suite\scenarios\clue_g14_n50.csv,268.2796,01,23,3,20,30.3877,1.3212043478260869,1.3348,2.5731,2.6449,11.32687688516011,20,11.2416,0.56208,0.7365,0.10049999999999999,30.2872,11.32687688516011,completed
37,dcta_parity_v1,custom,d9da52d694264b0e61eacce63be8c39aec13a5d875ee1a04def1cc4de76c9066,ff3ae3e0de6c3e3e7eb1071deaf59fde03942073a583d40c1cb3fff598a15b89,HIPC,ideal,1.0,clue_search,14,196,4,0.1,20,20,scale_g14_r4_hipc_topk010,C:\Users\lottj\Desktop\research\decentralized benchmark\topk_filter_study\results\sensitivity_suite\scenarios\clue_g14_n50.csv,268.2796,02,18,2,16,21.7367,1.2075944444444444,1.2192,2.7679,2.7679,8.10225600455644,16,8.4389,0.52743125,0.7751,0.0819,21.6548,8.10225600455644,completed
37,dcta_parity_v1,custom,d9da52d694264b0e61eacce63be8c39aec13a5d875ee1a04def1cc4de76c9066,ff3ae3e0de6c3e3e7eb1071deaf59fde03942073a583d40c1cb3fff598a15b89,HIPC,ideal,1.0,clue_search,14,196,4,0.1,20,20,scale_g14_r4_hipc_topk010,C:\Users\lottj\Desktop\research\decentralized benchmark\topk_filter_study\results\sensitivity_suite\scenarios\clue_g14_n50.csv,268.2796,03,16,3,13,19.5899,1.22436875,1.27275,2.9806,2.9806,7.302046074319478,13,7.1721,0.5517000000000001,0.7814,0.1301,19.4598,7.302046074319478,completed
38,dcta_parity_v1,custom,d9da52d694264b0e61eacce63be8c39aec13a5d875ee1a04def1cc4de76c9066,ff3ae3e0de6c3e3e7eb1071deaf59fde03942073a583d40c1cb3fff598a15b89,HIPC,ideal,1.0,clue_search,14,196,4,0.1,20,20,scale_g14_r4_hipc_topk010,C:\Users\lottj\Desktop\research\decentralized benchmark\topk_filter_study\results\sensitivity_suite\scenarios\clue_g14_n50.csv,209.8331,00,30,19,11,24.0362,0.8012066666666667,0.02985,3.2211,3.3231,11.45491345264403,11,6.9919,0.6356272727272727,0.7572,0.5647,23.4715,11.45491345264403,completed
38,dcta_parity_v1,custom,d9da52d694264b0e61eacce63be8c39aec13a5d875ee1a04def1cc4de76c9066,ff3ae3e0de6c3e3e7eb1071deaf59fde03942073a583d40c1cb3fff598a15b89,HIPC,ideal,1.0,clue_search,14,196,4,0.1,20,20,scale_g14_r4_hipc_topk010,C:\Users\lottj\Desktop\research\decentralized benchmark\topk_filter_study\results\sensitivity_suite\scenarios\clue_g14_n50.csv,209.8331,01,31,19,12,29.244,0.9433548387096774,0.0294,3.3333,3.4969,13.936790716050043,12,8.205,0.68375,0.7967,0.5631,28.6809,13.936790716050043,completed
38,dcta_parity_v1,custom,d9da52d694264b0e61eacce63be8c39aec13a5d875ee1a04def1cc4de76c9066,ff3ae3e0de6c3e3e7eb1071deaf59fde03942073a583d40c1cb3fff598a15b89,HIPC,ideal,1.0,clue_search,14,196,4,0.1,20,20,scale_g14_r4_hipc_topk010,C:\Users\lottj\Desktop\research\decentralized benchmark\topk_filter_study\results\sensitivity_suite\scenarios\clue_g14_n50.csv,209.8331,02,24,15,9,18.909,0.787875,0.031549999999999995,3.2079,3.4041,9.011447669600267,9,5.8665,0.6518333333333334,0.8141,0.5085,18.4005,9.011447669600267,completed
38,dcta_parity_v1,custom,d9da52d694264b0e61eacce63be8c39aec13a5d875ee1a04def1cc4de76c9066,ff3ae3e0de6c3e3e7eb1071deaf59fde03942073a583d40c1cb3fff598a15b89,HIPC,ideal,1.0,clue_search,14,196,4,0.1,20,20,scale_g14_r4_hipc_topk010,C:\Users\lottj\Desktop\research\decentralized benchmark\topk_filter_study\results\sensitivity_suite\scenarios\clue_g14_n50.csv,209.8331,03,26,14,12,23.7642,0.9140076923076923,0.04315,3.1861,3.5311,11.325286620652319,12,7.9257,0.660475,0.8047,0.4478,23.3164,11.325286620652319,completed
39,dcta_parity_v1,custom,d9da52d694264b0e61eacce63be8c39aec13a5d875ee1a04def1cc4de76c9066,ff3ae3e0de6c3e3e7eb1071deaf59fde03942073a583d40c1cb3fff598a15b89,HIPC,ideal,1.0,clue_search,14,196,4,0.1,20,20,scale_g14_r4_hipc_topk010,C:\Users\lottj\Desktop\research\decentralized benchmark\topk_filter_study\results\sensitivity_suite\scenarios\clue_g14_n50.csv,206.8805,00,15,7,8,19.2076,1.2805066666666667,1.3156,3.4509,3.4509,9.284393647540488,8,6.7976,0.8497,0.9248,0.1968,19.0108,9.284393647540488,completed
39,dcta_parity_v1,custom,d9da52d694264b0e61eacce63be8c39aec13a5d875ee1a04def1cc4de76c9066,ff3ae3e0de6c3e3e7eb1071deaf59fde03942073a583d40c1cb3fff598a15b89,HIPC,ideal,1.0,clue_search,14,196,4,0.1,20,20,scale_g14_r4_hipc_topk010,C:\Users\lottj\Desktop\research\decentralized benchmark\topk_filter_study\results\sensitivity_suite\scenarios\clue_g14_n50.csv,206.8805,01,18,7,11,22.655,1.2586111111111111,1.6838000000000002,3.521,3.521,10.950766263615952,11,8.9228,0.8111636363636364,0.9609,0.1891,22.4659,10.950766263615952,completed
39,dcta_parity_v1,custom,d9da52d694264b0e61eacce63be8c39aec13a5d875ee1a04def1cc4de76c9066,ff3ae3e0de6c3e3e7eb1071deaf59fde03942073a583d40c1cb3fff598a15b89,HIPC,ideal,1.0,clue_search,14,196,4,0.1,20,20,scale_g14_r4_hipc_topk010,C:\Users\lottj\Desktop\research\decentralized benchmark\topk_filter_study\results\sensitivity_suite\scenarios\clue_g14_n50.csv,206.8805,02,16,6,10,24.8947,1.55591875,1.74345,3.5548,3.5548,12.033371922438317,10,8.3823,0.83823,0.9432,0.1837,24.711,12.033371922438317,completed
39,dcta_parity_v1,custom,d9da52d694264b0e61eacce63be8c39aec13a5d875ee1a04def1cc4de76c9066,ff3ae3e0de6c3e3e7eb1071deaf59fde03942073a583d40c1cb3fff598a15b89,HIPC,ideal,1.0,clue_search,14,196,4,0.1,20,20,scale_g14_r4_hipc_topk010,C:\Users\lottj\Desktop\research\decentralized benchmark\topk_filter_study\results\sensitivity_suite\scenarios\clue_g14_n50.csv,206.8805,03,19,7,12,25.261,1.3295263157894737,1.711,3.3775,3.3775,12.210430659245311,12,9.6655,0.8054583333333333,0.9436,0.2786,24.9824,12.210430659245311,completed
40,dcta_parity_v1,custom,d9da52d694264b0e61eacce63be8c39aec13a5d875ee1a04def1cc4de76c9066,ff3ae3e0de6c3e3e7eb1071deaf59fde03942073a583d40c1cb3fff598a15b89,HIPC,ideal,1.0,clue_search,14,196,4,0.1,20,20,scale_g14_r4_hipc_topk010,C:\Users\lottj\Desktop\research\decentralized benchmark\topk_filter_study\results\sensitivity_suite\scenarios\clue_g14_n50.csv,2.2209,00,1,1,0,0.0354,0.0354,0.0354,0.0354,0.0354,1.5939483992975823,0,0.0,0.0,0.0,0.0354,0.0,1.5939483992975823,completed
40,dcta_parity_v1,custom,d9da52d694264b0e61eacce63be8c39aec13a5d875ee1a04def1cc4de76c9066,ff3ae3e0de6c3e3e7eb1071deaf59fde03942073a583d40c1cb3fff598a15b89,HIPC,ideal,1.0,clue_search,14,196,4,0.1,20,20,scale_g14_r4_hipc_topk010,C:\Users\lottj\Desktop\research\decentralized benchmark\topk_filter_study\results\sensitivity_suite\scenarios\clue_g14_n50.csv,2.2209,01,1,1,0,0.0362,0.0362,0.0362,0.0362,0.0362,1.62996983205007,0,0.0,0.0,0.0,0.0362,0.0,1.62996983205007,completed
40,dcta_parity_v1,custom,d9da52d694264b0e61eacce63be8c39aec13a5d875ee1a04def1cc4de76c9066,ff3ae3e0de6c3e3e7eb1071deaf59fde03942073a583d40c1cb3fff598a15b89,HIPC,ideal,1.0,clue_search,14,196,4,0.1,20,20,scale_g14_r4_hipc_topk010,C:\Users\lottj\Desktop\research\decentralized benchmark\topk_filter_study\results\sensitivity_suite\scenarios\clue_g14_n50.csv,2.2209,02,1,1,0,0.0428,0.0428,0.0428,0.0428,0.0428,1.9271466522580933,0,0.0,0.0,0.0,0.0428,0.0,1.9271466522580933,completed
40,dcta_parity_v1,custom,d9da52d694264b0e61eacce63be8c39aec13a5d875ee1a04def1cc4de76c9066,ff3ae3e0de6c3e3e7eb1071deaf59fde03942073a583d40c1cb3fff598a15b89,HIPC,ideal,1.0,clue_search,14,196,4,0.1,20,20,scale_g14_r4_hipc_topk010,C:\Users\lottj\Desktop\research\decentralized benchmark\topk_filter_study\results\sensitivity_suite\scenarios\clue_g14_n50.csv,2.2209,03,1,1,0,0.0698,0.0698,0.0698,0.0698,0.0698,3.142870007654555,0,0.0,0.0,0.0,0.0698,0.0,3.142870007654555,completed
41,dcta_parity_v1,custom,d9da52d694264b0e61eacce63be8c39aec13a5d875ee1a04def1cc4de76c9066,ff3ae3e0de6c3e3e7eb1071deaf59fde03942073a583d40c1cb3fff598a15b89,HIPC,ideal,1.0,clue_search,14,196,4,0.1,20,20,scale_g14_r4_hipc_topk010,C:\Users\lottj\Desktop\research\decentralized benchmark\topk_filter_study\results\sensitivity_suite\scenarios\clue_g14_n50.csv,250.2367,00,22,8,14,17.0083,0.7731045454545454,1.12135,1.2246,2.8307,6.79688470955699,13,7.4805,0.5754230769230769,0.7146,0.2465,16.7618,6.79688470955699,completed
41,dcta_parity_v1,custom,d9da52d694264b0e61eacce63be8c39aec13a5d875ee1a04def1cc4de76c9066,ff3ae3e0de6c3e3e7eb1071deaf59fde03942073a583d40c1cb3fff598a15b89,HIPC,ideal,1.0,clue_search,14,196,4,0.1,20,20,scale_g14_r4_hipc_topk010,C:\Users\lottj\Desktop\research\decentralized benchmark\topk_filter_study\results\sensitivity_suite\scenarios\clue_g14_n50.csv,250.2367,01,21,8,13,30.9394,1.473304761904762,1.141,3.125,3.2176,12.364053713943639,13,8.4542,0.6503230769230769,1.0491,0.2092,30.7302,12.364053713943639,completed
41,dcta_parity_v1,custom,d9da52d694264b0e61eacce63be8c39aec13a5d875ee1a04def1cc4de76c9066,ff3ae3e0de6c3e3e7eb1071deaf59fde03942073a583d40c1cb3fff598a15b89,HIPC,ideal,1.0,clue_search,14,196,4,0.1,20,20,scale_g14_r4_hipc_topk010,C:\Users\lottj\Desktop\research\decentralized benchmark\topk_filter_study\results\sensitivity_suite\scenarios\clue_g14_n50.csv,250.2367,02,18,8,10,20.3978,1.1332111111111112,1.11735,3.3038,3.3038,8.151402252347477,10,6.7838,0.67838,1.0349,0.2395,20.1583,8.151402252347477,completed
41,dcta_parity_v1,custom,d9da52d694264b0e61eacce63be8c39aec13a5d875ee1a04def1cc4de76c9066,ff3ae3e0de6c3e3e7eb1071deaf59fde03942073a583d40c1cb3fff598a15b89,HIPC,ideal,1.0,clue_search,14,196,4,0.1,20,20,scale_g14_r4_hipc_topk010,C:\Users\lottj\Desktop\research\decentralized benchmark\topk_filter_study\results\sensitivity_suite\scenarios\clue_g14_n50.csv,250.2367,03,27,9,18,34.4511,1.2759666666666665,1.1493,3.193,3.5161,13.767405020926185,18,11.0544,0.6141333333333333,1.1291,0.3132,34.1379,13.767405020926185,completed
42,dcta_parity_v1,custom,d9da52d694264b0e61eacce63be8c39aec13a5d875ee1a04def1cc4de76c9066,ff3ae3e0de6c3e3e7eb1071deaf59fde03942073a583d40c1cb3fff598a15b89,HIPC,ideal,1.0,clue_search,14,196,4,0.1,20,20,scale_g14_r4_hipc_topk010,C:\Users\lottj\Desktop\research\decentralized benchmark\topk_filter_study\results\sensitivity_suite\scenarios\clue_g14_n50.csv,223.655,00,49,31,18,27.7376,0.5660734693877552,0.0279,2.1429,2.5795,12.401958373387584,18,5.2284,0.29046666666666665,0.4302,0.7482,26.9894,12.401958373387584,completed
42,dcta_parity_v1,custom,d9da52d694264b0e61eacce63be8c39aec13a5d875ee1a04def1cc4de76c9066,ff3ae3e0de6c3e3e7eb1071deaf59fde03942073a583d40c1cb3fff598a15b89,HIPC,ideal,1.0,clue_search,14,196,4,0.1,20,20,scale_g14_r4_hipc_topk010,C:\Users\lottj\Desktop\research\decentralized benchmark\topk_filter_study\results\sensitivity_suite\scenarios\clue_g14_n50.csv,223.655,01,48,31,17,25.2975,0.52703125,0.030600000000000002,1.8938,2.1247,11.310947664930362,17,5.3037,0.3119823529411765,0.4825,0.9437,24.3538,11.310947664930362,completed
42,dcta_parity_v1,custom,d9da52d694264b0e61eacce63be8c39aec13a5d875ee1a04def1cc4de76c9066,ff3ae3e0de6c3e3e7eb1071deaf59fde03942073a583d40c1cb3fff598a15b89,HIPC,ideal,1.0,clue_search,14,196,4,0.1,20,20,scale_g14_r4_hipc_topk010,C:\Users\lottj\Desktop\research\decentralized benchmark\topk_filter_study\results\sensitivity_suite\scenarios\clue_g14_n50.csv,223.655,02,25,16,9,13.7734,0.550936,0.0303,2.555,2.6622,6.15832420469026,9,2.8897,0.3210777777777778,0.432,0.4107,13.3627,6.15832420469026,completed
42,dcta_parity_v1,custom,d9da52d694264b0e61eacce63be8c39aec13a5d875ee1a04def1cc4de76c9066,ff3ae3e0de6c3e3e7eb1071deaf59fde03942073a583d40c1cb3fff598a15b89,HIPC,ideal,1.0,clue_search,14,196,4,0.1,20,20,scale_g14_r4_hipc_topk010,C:\Users\lottj\Desktop\research\decentralized benchmark\topk_filter_study\results\sensitivity_suite\scenarios\clue_g14_n50.csv,223.655,03,32,15,17,21.1915,0.662234375,0.7948500000000001,1.8499,2.0127,9.475084393373724,17,4.9647,0.2920411764705882,0.3683,0.3787,20.8128,9.475084393373724,completed
43,dcta_parity_v1,custom,d9da52d694264b0e61eacce63be8c39aec13a5d875ee1a04def1cc4de76c9066,ff3ae3e0de6c3e3e7eb1071deaf59fde03942073a583d40c1cb3fff598a15b89,HIPC,ideal,1.0,clue_search,14,196,4,0.1,20,20,scale_g14_r4_hipc_topk010,C:\Users\lottj\Desktop\research\decentralized benchmark\topk_filter_study\results\sensitivity_suite\scenarios\clue_g14_n50.csv,175.1869,00,22,9,13,20.196,0.918,0.7335,2.8604,2.8697,11.52825924769489,13,6.3785,0.49065384615384616,0.7469,0.24230000000000002,19.9537,11.52825924769489,completed
43,dcta_parity_v1,custom,d9da52d694264b0e61eacce63be8c39aec13a5d875ee1a04def1cc4de76c9066,ff3ae3e0de6c3e3e7eb1071deaf59fde03942073a583d40c1cb3fff598a15b89,HIPC,ideal,1.0,clue_search,14,196,4,0.1,20,20,scale_g14_r4_hipc_topk010,C:\Users\lottj\Desktop\research\decentralized benchmark\topk_filter_study\results\sensitivity_suite\scenarios\clue_g14_n50.csv,175.1869,01,24,9,15,24.9325,1.0388541666666666,1.28465,2.7553,2.8503,14.231943141867342,15,7.6457,0.5097133333333334,0.7406,0.2188,24.7137,14.231943141867342,completed
43,dcta_parity_v1,custom,d9da52d694264b0e61eacce63be8c39aec13a5d875ee1a04def1cc4de76c9066,ff3ae3e0de6c3e3e7eb1071deaf59fde03942073a583d40c1cb3fff598a15b89,HIPC,ideal,1.0,clue_search,14,196,4,0.1,20,20,scale_g14_r4_hipc_topk010,C:\Users\lottj\Desktop\research\decentralized benchmark\topk_filter_study\results\sensitivity_suite\scenarios\clue_g14_n50.csv,175.1869,02,17,8,9,20.0773,1.1810176470588236,1.1784,2.9567,2.9567,11.460503039896247,9,4.8420000000000005,0.538,0.6992,2.9276,17.1497,11.460503039896247,completed
43,dcta_parity_v1,custom,d9da52d694264b0e61eacce63be8c39aec13a5d875ee1a04def1cc4de76c9066,ff3ae3e0de6c3e3e7eb1071deaf59fde03942073a583d40c1cb3fff598a15b89,HIPC,ideal,1.0,clue_search,14,196,4,0.1,20,20,scale_g14_r4_hipc_topk010,C:\Users\lottj\Desktop\research\decentralized benchmark\topk_filter_study\results\sensitivity_suite\scenarios\clue_g14_n50.csv,175.1869,03,20,9,11,11.4967,0.574835,0.7342,1.321,1.9012,6.562534070755291,11,4.877,0.44336363636363635,0.5907,0.2443,11.2524,6.562534070755291,completed
44,dcta_parity_v1,custom,d9da52d694264b0e61eacce63be8c39aec13a5d875ee1a04def1cc4de76c9066,ff3ae3e0de6c3e3e7eb1071deaf59fde03942073a583d40c1cb3fff598a15b89,HIPC,ideal,1.0,clue_search,14,196,4,0.1,20,20,scale_g14_r4_hipc_topk010,C:\Users\lottj\Desktop\research\decentralized benchmark\topk_filter_study\results\sensitivity_suite\scenarios\clue_g14_n50.csv,1.5588,00,1,1,0,0.0447,0.0447,0.0447,0.0447,0.0447,2.867590454195535,0,0.0,0.0,0.0,0.0447,0.0,2.867590454195535,completed
44,dcta_parity_v1,custom,d9da52d694264b0e61eacce63be8c39aec13a5d875ee1a04def1cc4de76c9066,ff3ae3e0de6c3e3e7eb1071deaf59fde03942073a583d40c1cb3fff598a15b89,HIPC,ideal,1.0,clue_search,14,196,4,0.1,20,20,scale_g14_r4_hipc_topk010,C:\Users\lottj\Desktop\research\decentralized benchmark\topk_filter_study\results\sensitivity_suite\scenarios\clue_g14_n50.csv,1.5588,01,1,1,0,0.0426,0.0426,0.0426,0.0426,0.0426,2.732871439568899,0,0.0,0.0,0.0,0.0426,0.0,2.732871439568899,completed
44,dcta_parity_v1,custom,d9da52d694264b0e61eacce63be8c39aec13a5d875ee1a04def1cc4de76c9066,ff3ae3e0de6c3e3e7eb1071deaf59fde03942073a583d40c1cb3fff598a15b89,HIPC,ideal,1.0,clue_search,14,196,4,0.1,20,20,scale_g14_r4_hipc_topk010,C:\Users\lottj\Desktop\research\decentralized benchmark\topk_filter_study\results\sensitivity_suite\scenarios\clue_g14_n50.csv,1.5588,02,1,1,0,0.0744,0.0744,0.0744,0.0744,0.0744,4.772902232486528,0,0.0,0.0,0.0,0.0744,0.0,4.772902232486528,completed
44,dcta_parity_v1,custom,d9da52d694264b0e61eacce63be8c39aec13a5d875ee1a04def1cc4de76c9066,ff3ae3e0de6c3e3e7eb1071deaf59fde03942073a583d40c1cb3fff598a15b89,HIPC,ideal,1.0,clue_search,14,196,4,0.1,20,20,scale_g14_r4_hipc_topk010,C:\Users\lottj\Desktop\research\decentralized benchmark\topk_filter_study\results\sensitivity_suite\scenarios\clue_g14_n50.csv,1.5588,03,1,1,0,0.0443,0.0443,0.0443,0.0443,0.0443,2.841929689504747,0,0.0,0.0,0.0,0.0443,0.0,2.841929689504747,completed
45,dcta_parity_v1,custom,d9da52d694264b0e61eacce63be8c39aec13a5d875ee1a04def1cc4de76c9066,ff3ae3e0de6c3e3e7eb1071deaf59fde03942073a583d40c1cb3fff598a15b89,HIPC,ideal,1.0,clue_search,14,196,4,0.1,20,20,scale_g14_r4_hipc_topk010,C:\Users\lottj\Desktop\research\decentralized benchmark\topk_filter_study\results\sensitivity_suite\scenarios\clue_g14_n50.csv,232.9187,00,28,13,15,23.2082,0.8288642857142857,0.8370500000000001,3.0521,3.1387,9.964077594456779,15,10.2797,0.6853133333333333,0.9304,0.3928,22.8154,9.964077594456779,completed
45,dcta_parity_v1,custom,d9da52d694264b0e61eacce63be8c39aec13a5d875ee1a04def1cc4de76c9066,ff3ae3e0de6c3e3e7eb1071deaf59fde03942073a583d40c1cb3fff598a15b89,HIPC,ideal,1.0,clue_search,14,196,4,0.1,20,20,scale_g14_r4_hipc_topk010,C:\Users\lottj\Desktop\research\decentralized benchmark\topk_filter_study\results\sensitivity_suite\scenarios\clue_g14_n50.csv,232.9187,01,22,13,9,22.9917,1.0450772727272728,0.029400000000000003,3.3614,3.4533,9.871126706443064,9,7.4833,0.8314777777777778,1.0767,0.35660000000000003,22.6351,9.871126706443064,completed
45,dcta_parity_v1,custom,d9da52d694264b0e61eacce63be8c39aec13a5d875ee1a04def1cc4de76c9066,ff3ae3e0de6c3e3e7eb1071deaf59fde03942073a583d40c1cb3fff598a15b89,HIPC,ideal,1.0,clue_search,14,196,4,0.1,20,20,scale_g14_r4_hipc_topk010,C:\Users\lottj\Desktop\research\decentralized benchmark\topk_filter_study\results\sensitivity_suite\scenarios\clue_g14_n50.csv,232.9187,02,29,12,17,35.693,1.2307931034482757,1.2427,3.5164,3.5257,15.324231158769132,17,12.9827,0.7636882352941177,1.0164,0.42310000000000003,35.2699,15.324231158769132,completed
45,dcta_parity_v1,custom,d9da52d694264b0e61eacce63be8c39aec13a5d875ee1a04def1cc4de76c9066,ff3ae3e0de6c3e3e7eb1071deaf59fde03942073a583d40c1cb3fff598a15b89,HIPC,ideal,1.0,clue_search,14,196,4,0.1,20,20,scale_g14_r4_hipc_topk010,C:\Users\lottj\Desktop\research\decentralized benchmark\topk_filter_study\results\sensitivity_suite\scenarios\clue_g14_n50.csv,232.9187,03,26,13,13,28.3831,1.0916576923076922,0.56505,3.2248,3.2337,12.185839951880205,13,10.0986,0.7768153846153846,1.0183,0.3849,27.9982,12.185839951880205,completed
46,dcta_parity_v1,custom,d9da52d694264b0e61eacce63be8c39aec13a5d875ee1a04def1cc4de76c9066,ff3ae3e0de6c3e3e7eb1071deaf59fde03942073a583d40c1cb3fff598a15b89,HIPC,ideal,1.0,clue_search,14,196,4,0.1,20,20,scale_g14_r4_hipc_topk010,C:\Users\lottj\Desktop\research\decentralized benchmark\topk_filter_study\results\sensitivity_suite\scenarios\clue_g14_n50.csv,11.3449,00,7,7,0,0.1867,0.02667142857142857,0.0247,0.0374,0.0374,1.6456733862792974,0,0.0,0.0,0.0,0.1867,0.0,1.6456733862792974,completed
46,dcta_parity_v1,custom,d9da52d694264b0e61eacce63be8c39aec13a5d875ee1a04def1cc4de76c9066,ff3ae3e0de6c3e3e7eb1071deaf59fde03942073a583d40c1cb3fff598a15b89,HIPC,ideal,1.0,clue_search,14,196,4,0.1,20,20,scale_g14_r4_hipc_topk010,C:\Users\lottj\Desktop\research\decentralized benchmark\topk_filter_study\results\sensitivity_suite\scenarios\clue_g14_n50.csv,11.3449,01,7,7,0,0.2197,0.03138571428571429,0.0241,0.0759,0.0759,1.9365529885675499,0,0.0,0.0,0.0,0.2197,0.0,1.9365529885675499,completed
46,dcta_parity_v1,custom,d9da52d694264b0e61eacce63be8c39aec13a5d875ee1a04def1cc4de76c9066,ff3ae3e0de6c3e3e7eb1071deaf59fde03942073a583d40c1cb3fff598a15b89,HIPC,ideal,1.0,clue_search,14,196,4,0.1,20,20,scale_g14_r4_hipc_topk010,C:\Users\lottj\Desktop\research\decentralized benchmark\topk_filter_study\results\sensitivity_suite\scenarios\clue_g14_n50.csv,11.3449,02,6,6,0,0.1797,0.02995,0.02655,0.0465,0.0465,1.5839716524605767,0,0.0,0.0,0.0,0.1797,0.0,1.5839716524605767,completed
46,dcta_parity_v1,custom,d9da52d694264b0e61eacce63be8c39aec13a5d875ee1a04def1cc4de76c9066,ff3ae3e0de6c3e3e7eb1071deaf59fde03942073a583d40c1cb3fff598a15b89,HIPC,ideal,1.0,clue_search,14,196,4,0.1,20,20,scale_g14_r4_hipc_topk010,C:\Users\lottj\Desktop\research\decentralized benchmark\topk_filter_study\results\sensitivity_suite\scenarios\clue_g14_n50.csv,11.3449,03,6,6,0,0.1857,0.030950000000000002,0.027749999999999997,0.042,0.042,1.6368588528766228,0,0.0,0.0,0.0,0.1857,0.0,1.6368588528766228,completed
47,dcta_parity_v1,custom,d9da52d694264b0e61eacce63be8c39aec13a5d875ee1a04def1cc4de76c9066,ff3ae3e0de6c3e3e7eb1071deaf59fde03942073a583d40c1cb3fff598a15b89,HIPC,ideal,1.0,clue_search,14,196,4,0.1,20,20,scale_g14_r4_hipc_topk010,C:\Users\lottj\Desktop\research\decentralized benchmark\topk_filter_study\results\sensitivity_suite\scenarios\clue_g14_n50.csv,206.1397,00,46,34,12,20.0164,0.43513913043478264,0.02615,2.668,2.7073,9.71011406342398,12,3.8655,0.322125,0.4304,0.8746,19.1418,9.71011406342398,completed
47,dcta_parity_v1,custom,d9da52d694264b0e61eacce63be8c39aec13a5d875ee1a04def1cc4de76c9066,ff3ae3e0de6c3e3e7eb1071deaf59fde03942073a583d40c1cb3fff598a15b89,HIPC,ideal,1.0,clue_search,14,196,4,0.1,20,20,scale_g14_r4_hipc_topk010,C:\Users\lottj\Desktop\research\decentralized benchmark\topk_filter_study\results\sensitivity_suite\scenarios\clue_g14_n50.csv,206.1397,01,47,34,13,23.9866,0.5103531914893616,0.0265,2.2824,3.1209,11.636089506291121,13,4.3696,0.3361230769230769,0.4689,0.8746,23.112,11.636089506291121,completed
47,dcta_parity_v1,custom,d9da52d694264b0e61eacce63be8c39aec13a5d875ee1a04def1cc4de76c9066,ff3ae3e0de6c3e3e7eb1071deaf59fde03942073a583d40c1cb3fff598a15b89,HIPC,ideal,1.0,clue_search,14,196,4,0.1,20,20,scale_g14_r4_hipc_topk010,C:\Users\lottj\Desktop\research\decentralized benchmark\topk_filter_study\results\sensitivity_suite\scenarios\clue_g14_n50.csv,206.1397,02,27,16,11,20.059,0.742925925925926,0.0286,2.6767,2.7448,9.730779660589397,11,3.9163,0.35602727272727275,0.4406,0.446,19.613,9.730779660589397,completed
47,dcta_parity_v1,custom,d9da52d694264b0e61eacce63be8c39aec13a5d875ee1a04def1cc4de76c9066,ff3ae3e0de6c3e3e7eb1071deaf59fde03942073a583d40c1cb3fff598a15b89,HIPC,ideal,1.0,clue_search,14,196,4,0.1,20,20,scale_g14_r4_hipc_topk010,C:\Users\lottj\Desktop\research\decentralized benchmark\topk_filter_study\results\sensitivity_suite\scenarios\clue_g14_n50.csv,206.1397,03,26,15,11,15.8952,0.6113538461538461,0.0299,2.6082,2.7475,7.71088732543998,11,3.5140000000000002,0.3194545454545455,0.4646,0.44930000000000003,15.4459,7.71088732543998,completed
48,dcta_parity_v1,custom,d9da52d694264b0e61eacce63be8c39aec13a5d875ee1a04def1cc4de76c9066,ff3ae3e0de6c3e3e7eb1071deaf59fde03942073a583d40c1cb3fff598a15b89,HIPC,ideal,1.0,clue_search,14,196,4,0.1,20,20,scale_g14_r4_hipc_topk010,C:\Users\lottj\Desktop\research\decentralized benchmark\topk_filter_study\results\sensitivity_suite\scenarios\clue_g14_n50.csv,74.0239,00,23,21,2,6.6374,0.28858260869565217,0.0261,2.9376,3.1192,8.966563501787936,2,1.5192999999999999,0.7596499999999999,0.7756,0.5806,6.056800000000001,8.966563501787936,completed
48,dcta_parity_v1,custom,d9da52d694264b0e61eacce63be8c39aec13a5d875ee1a04def1cc4de76c9066,ff3ae3e0de6c3e3e7eb1071deaf59fde03942073a583d40c1cb3fff598a15b89,HIPC,ideal,1.0,clue_search,14,196,4,0.1,20,20,scale_g14_r4_hipc_topk010,C:\Users\lottj\Desktop\research\decentralized benchmark\topk_filter_study\results\sensitivity_suite\scenarios\clue_g14_n50.csv,74.0239,01,23,21,2,6.8921,0.29965652173913043,0.0254,3.0132,3.3254,9.310641563062742,2,1.5607,0.78035,0.7913,0.5535,6.3386,9.310641563062742,completed
48,dcta_parity_v1,custom,d9da52d694264b0e61eacce63be8c39aec13a5d875ee1a04def1cc4de76c9066,ff3ae3e0de6c3e3e7eb1071deaf59fde03942073a583d40c1cb3fff598a15b89,HIPC,ideal,1.0,clue_search,14,196,4,0.1,20,20,scale_g14_r4_hipc_topk010,C:\Users\lottj\Desktop\research\decentralized benchmark\topk_filter_study\results\sensitivity_suite\scenarios\clue_g14_n50.csv,74.0239,02,17,15,2,6.7623999999999995,0.3977882352941176,0.0282,3.2698,3.2698,9.135427882075925,2,1.5522,0.7761,0.7968,0.4409,6.3215,9.135427882075925,completed
48,dcta_parity_v1,custom,d9da52d694264b0e61eacce63be8c39aec13a5d875ee1a04def1cc4de76c9066,ff3ae3e0de6c3e3e7eb1071deaf59fde03942073a583d40c1cb3fff598a15b89,HIPC,ideal,1.0,clue_search,14,196,4,0.1,20,20,scale_g14_r4_hipc_topk010,C:\Users\lottj\Desktop\research\decentralized benchmark\topk_filter_study\results\sensitivity_suite\scenarios\clue_g14_n50.csv,74.0239,03,16,14,2,6.8265,0.42665625,0.027999999999999997,3.1667,3.1667,9.222021536287604,2,1.6072,0.8036,0.8197,0.5407,6.2858,9.222021536287604,completed
49,dcta_parity_v1,custom,d9da52d694264b0e61eacce63be8c39aec13a5d875ee1a04def1cc4de76c9066,ff3ae3e0de6c3e3e7eb1071deaf59fde03942073a583d40c1cb3fff598a15b89,HIPC,ideal,1.0,clue_search,14,196,4,0.1,20,20,scale_g14_r4_hipc_topk010,C:\Users\lottj\Desktop\research\decentralized benchmark\topk_filter_study\results\sensitivity_suite\scenarios\clue_g14_n50.csv,12.4731,00,7,7,0,0.2343,0.033471428571428576,0.0257,0.0759,0.0759,1.8784424080621496,0,0.0,0.0,0.0,0.2343,0.0,1.8784424080621496,completed
49,dcta_parity_v1,custom,d9da52d694264b0e61eacce63be8c39aec13a5d875ee1a04def1cc4de76c9066,ff3ae3e0de6c3e3e7eb1071deaf59fde03942073a583d40c1cb3fff598a15b89,HIPC,ideal,1.0,clue_search,14,196,4,0.1,20,20,scale_g14_r4_hipc_topk010,C:\Users\lottj\Desktop\research\decentralized benchmark\topk_filter_study\results\sensitivity_suite\scenarios\clue_g14_n50.csv,12.4731,01,7,7,0,0.1995,0.0285,0.0255,0.039,0.039,1.5994419991822404,0,0.0,0.0,0.0,0.1995,0.0,1.5994419991822404,completed
49,dcta_parity_v1,custom,d9da52d694264b0e61eacce63be8c39aec13a5d875ee1a04def1cc4de76c9066,ff3ae3e0de6c3e3e7eb1071deaf59fde03942073a583d40c1cb3fff598a15b89,HIPC,ideal,1.0,clue_search,14,196,4,0.1,20,20,scale_g14_r4_hipc_topk010,C:\Users\lottj\Desktop\research\decentralized benchmark\topk_filter_study\results\sensitivity_suite\scenarios\clue_g14_n50.csv,12.4731,02,6,6,0,0.1868,0.031133333333333332,0.028749999999999998,0.0452,0.0452,1.4976228844473305,0,0.0,0.0,0.0,0.1868,0.0,1.4976228844473305,completed
49,dcta_parity_v1,custom,d9da52d694264b0e61eacce63be8c39aec13a5d875ee1a04def1cc4de76c9066,ff3ae3e0de6c3e3e7eb1071deaf59fde03942073a583d40c1cb3fff598a15b89,HIPC,ideal,1.0,clue_search,14,196,4,0.1,20,20,scale_g14_r4_hipc_topk010,C:\Users\lottj\Desktop\research\decentralized benchmark\topk_filter_study\results\sensitivity_suite\scenarios\clue_g14_n50.csv,12.4731,03,7,7,0,0.2107,0.0301,0.028,0.0442,0.0442,1.6892352342240502,0,0.0,0.0,0.0,0.2107,0.0,1.6892352342240502,completed
