trial_id,logic_revision,study_profile,scenario_file_sha256,scenario_selection_sha256,algorithm,comm_model,comm_level,trial_mode,grid_size,grid_cells,robot_count,top_k_rate,top_k_max_cells,max_candidate_cells,condition_id,scenario_file,host_trial_runtime_ms,robot_id,allocator_calls,allocator_calls_pre_clue,allocator_calls_post_clue,allocator_time_ms_total,allocator_time_ms_mean,allocator_time_ms_median,allocator_time_ms_p95,allocator_time_ms_max,allocator_time_pct,candidate_filter_calls,candidate_filter_time_ms_total,candidate_filter_time_ms_mean,candidate_filter_time_ms_max,allocator_time_ms_pre_clue_total,allocator_time_ms_post_clue_total,allocator_host_runtime_pct,trial_status
0,dcta_parity_v1,custom,5789862b56c579a63f65129a7c7ce0c99a25e7c55fba998a5a9699fc4a7df60b,03f32103aba060045f2661de3c031f6fbcbc73f46000a9666f166ad349c5805d,CBAA,rayleigh_style,sens_-50.63,clue_search,19,361,4,0.5,181,181,comm_g19_r4_rayleigh_drop025_cbaa_topk050,C:\Users\lottj\Desktop\research\decentralized benchmark\topk_filter_study\results\sensitivity_suite\scenarios\clue_g19_n50.csv,327.2014,00,20,10,10,73.9742,3.6987099999999997,3.3376,7.704,7.8678,22.60815509958087,10,63.6347,6.36347,6.9046,0.0834,73.8908,22.60815509958087,completed
0,dcta_parity_v1,custom,5789862b56c579a63f65129a7c7ce0c99a25e7c55fba998a5a9699fc4a7df60b,03f32103aba060045f2661de3c031f6fbcbc73f46000a9666f166ad349c5805d,CBAA,rayleigh_style,sens_-50.63,clue_search,19,361,4,0.5,181,181,comm_g19_r4_rayleigh_drop025_cbaa_topk050,C:\Users\lottj\Desktop\research\decentralized benchmark\topk_filter_study\results\sensitivity_suite\scenarios\clue_g19_n50.csv,327.2014,01,16,9,7,54.3698,3.3981125,0.0121,8.4262,8.4262,16.616615943574814,7,47.3275,6.761071428571428,7.3619,0.0927,54.2771,16.616615943574814,completed
0,dcta_parity_v1,custom,5789862b56c579a63f65129a7c7ce0c99a25e7c55fba998a5a9699fc4a7df60b,03f32103aba060045f2661de3c031f6fbcbc73f46000a9666f166ad349c5805d,CBAA,rayleigh_style,sens_-50.63,clue_search,19,361,4,0.5,181,181,comm_g19_r4_rayleigh_drop025_cbaa_topk050,C:\Users\lottj\Desktop\research\decentralized benchmark\topk_filter_study\results\sensitivity_suite\scenarios\clue_g19_n50.csv,327.2014,02,17,10,7,54.3161,3.195064705882353,0.0127,8.5973,8.5973,16.600204033356825,7,47.1265,6.7323571428571425,7.6171,0.114,54.2021,16.600204033356825,completed
0,dcta_parity_v1,custom,5789862b56c579a63f65129a7c7ce0c99a25e7c55fba998a5a9699fc4a7df60b,03f32103aba060045f2661de3c031f6fbcbc73f46000a9666f166ad349c5805d,CBAA,rayleigh_style,sens_-50.63,clue_search,19,361,4,0.5,181,181,comm_g19_r4_rayleigh_drop025_cbaa_topk050,C:\Users\lottj\Desktop\research\decentralized benchmark\topk_filter_study\results\sensitivity_suite\scenarios\clue_g19_n50.csv,327.2014,03,14,7,7,55.6711,3.9765071428571432,3.6838,8.6026,8.6026,17.014322065859133,7,48.4319,6.918842857142857,7.6229,0.0618,55.609300000000005,17.014322065859133,completed
1,dcta_parity_v1,custom,5789862b56c579a63f65129a7c7ce0c99a25e7c55fba998a5a9699fc4a7df60b,03f32103aba060045f2661de3c031f6fbcbc73f46000a9666f166ad349c5805d,CBAA,rayleigh_style,sens_-50.63,clue_search,19,361,4,0.5,181,181,comm_g19_r4_rayleigh_drop025_cbaa_topk050,C:\Users\lottj\Desktop\research\decentralized benchmark\topk_filter_study\results\sensitivity_suite\scenarios\clue_g19_n50.csv,463.0238,00,38,25,13,77.5798,2.0415736842105265,0.00885,7.6966,9.0182,16.755035054353577,13,61.744099999999996,4.749546153846153,7.4274,0.212,77.3678,16.755035054353577,completed
1,dcta_parity_v1,custom,5789862b56c579a63f65129a7c7ce0c99a25e7c55fba998a5a9699fc4a7df60b,03f32103aba060045f2661de3c031f6fbcbc73f46000a9666f166ad349c5805d,CBAA,rayleigh_style,sens_-50.63,clue_search,19,361,4,0.5,181,181,comm_g19_r4_rayleigh_drop025_cbaa_topk050,C:\Users\lottj\Desktop\research\decentralized benchmark\topk_filter_study\results\sensitivity_suite\scenarios\clue_g19_n50.csv,463.0238,01,35,25,10,59.271,1.6934571428571428,0.0113,7.1942,7.4343,12.800853865395258,10,46.6305,4.66305,5.849,0.2696,59.001400000000004,12.800853865395258,completed
1,dcta_parity_v1,custom,5789862b56c579a63f65129a7c7ce0c99a25e7c55fba998a5a9699fc4a7df60b,03f32103aba060045f2661de3c031f6fbcbc73f46000a9666f166ad349c5805d,CBAA,rayleigh_style,sens_-50.63,clue_search,19,361,4,0.5,181,181,comm_g19_r4_rayleigh_drop025_cbaa_topk050,C:\Users\lottj\Desktop\research\decentralized benchmark\topk_filter_study\results\sensitivity_suite\scenarios\clue_g19_n50.csv,463.0238,02,38,25,13,78.2371,2.058871052631579,0.01145,7.6828,7.9008,16.896993199917585,13,62.3967,4.799746153846154,6.3524,0.2795,77.9576,16.896993199917585,completed
1,dcta_parity_v1,custom,5789862b56c579a63f65129a7c7ce0c99a25e7c55fba998a5a9699fc4a7df60b,03f32103aba060045f2661de3c031f6fbcbc73f46000a9666f166ad349c5805d,CBAA,rayleigh_style,sens_-50.63,clue_search,19,361,4,0.5,181,181,comm_g19_r4_rayleigh_drop025_cbaa_topk050,C:\Users\lottj\Desktop\research\decentralized benchmark\topk_filter_study\results\sensitivity_suite\scenarios\clue_g19_n50.csv,463.0238,03,37,23,14,89.2276,2.411556756756757,0.0089,7.8243,8.2251,19.2706292851469,14,71.3649,5.097492857142858,6.5016,0.2158,89.0118,19.2706292851469,completed
2,dcta_parity_v1,custom,5789862b56c579a63f65129a7c7ce0c99a25e7c55fba998a5a9699fc4a7df60b,03f32103aba060045f2661de3c031f6fbcbc73f46000a9666f166ad349c5805d,CBAA,rayleigh_style,sens_-50.63,clue_search,19,361,4,0.5,181,181,comm_g19_r4_rayleigh_drop025_cbaa_topk050,C:\Users\lottj\Desktop\research\decentralized benchmark\topk_filter_study\results\sensitivity_suite\scenarios\clue_g19_n50.csv,8.3476,00,3,3,0,0.0436,0.014533333333333334,0.0106,0.024,0.024,0.5223058124490872,0,0.0,0.0,0.0,0.0436,0.0,0.5223058124490872,completed
2,dcta_parity_v1,custom,5789862b56c579a63f65129a7c7ce0c99a25e7c55fba998a5a9699fc4a7df60b,03f32103aba060045f2661de3c031f6fbcbc73f46000a9666f166ad349c5805d,CBAA,rayleigh_style,sens_-50.63,clue_search,19,361,4,0.5,181,181,comm_g19_r4_rayleigh_drop025_cbaa_topk050,C:\Users\lottj\Desktop\research\decentralized benchmark\topk_filter_study\results\sensitivity_suite\scenarios\clue_g19_n50.csv,8.3476,01,3,3,0,0.0572,0.019066666666666666,0.0131,0.0318,0.0318,0.6852268915616464,0,0.0,0.0,0.0,0.0572,0.0,0.6852268915616464,completed
2,dcta_parity_v1,custom,5789862b56c579a63f65129a7c7ce0c99a25e7c55fba998a5a9699fc4a7df60b,03f32103aba060045f2661de3c031f6fbcbc73f46000a9666f166ad349c5805d,CBAA,rayleigh_style,sens_-50.63,clue_search,19,361,4,0.5,181,181,comm_g19_r4_rayleigh_drop025_cbaa_topk050,C:\Users\lottj\Desktop\research\decentralized benchmark\topk_filter_study\results\sensitivity_suite\scenarios\clue_g19_n50.csv,8.3476,02,3,3,0,0.048100000000000004,0.016033333333333333,0.0133,0.0216,0.0216,0.5762135224495664,0,0.0,0.0,0.0,0.048100000000000004,0.0,0.5762135224495664,completed
2,dcta_parity_v1,custom,5789862b56c579a63f65129a7c7ce0c99a25e7c55fba998a5a9699fc4a7df60b,03f32103aba060045f2661de3c031f6fbcbc73f46000a9666f166ad349c5805d,CBAA,rayleigh_style,sens_-50.63,clue_search,19,361,4,0.5,181,181,comm_g19_r4_rayleigh_drop025_cbaa_topk050,C:\Users\lottj\Desktop\research\decentralized benchmark\topk_filter_study\results\sensitivity_suite\scenarios\clue_g19_n50.csv,8.3476,03,1,1,0,0.0154,0.0154,0.0154,0.0154,0.0154,0.18448416311275098,0,0.0,0.0,0.0,0.0154,0.0,0.18448416311275098,completed
3,dcta_parity_v1,custom,5789862b56c579a63f65129a7c7ce0c99a25e7c55fba998a5a9699fc4a7df60b,03f32103aba060045f2661de3c031f6fbcbc73f46000a9666f166ad349c5805d,CBAA,rayleigh_style,sens_-50.63,clue_search,19,361,4,0.5,181,181,comm_g19_r4_rayleigh_drop025_cbaa_topk050,C:\Users\lottj\Desktop\research\decentralized benchmark\topk_filter_study\results\sensitivity_suite\scenarios\clue_g19_n50.csv,945.2492,00,51,19,32,145.8064,2.858949019607843,2.9399,6.8652,7.6109,15.425180999888706,32,98.4174,3.07554375,6.0634,0.1835,145.6229,15.425180999888706,completed
3,dcta_parity_v1,custom,5789862b56c579a63f65129a7c7ce0c99a25e7c55fba998a5a9699fc4a7df60b,03f32103aba060045f2661de3c031f6fbcbc73f46000a9666f166ad349c5805d,CBAA,rayleigh_style,sens_-50.63,clue_search,19,361,4,0.5,181,181,comm_g19_r4_rayleigh_drop025_cbaa_topk050,C:\Users\lottj\Desktop\research\decentralized benchmark\topk_filter_study\results\sensitivity_suite\scenarios\clue_g19_n50.csv,945.2492,01,53,19,34,160.7672,3.033343396226415,3.8847,7.0799,14.6283,17.007917065679614,34,112.5351,3.309855882352941,12.9213,0.2172,160.55,17.007917065679614,completed
3,dcta_parity_v1,custom,5789862b56c579a63f65129a7c7ce0c99a25e7c55fba998a5a9699fc4a7df60b,03f32103aba060045f2661de3c031f6fbcbc73f46000a9666f166ad349c5805d,CBAA,rayleigh_style,sens_-50.63,clue_search,19,361,4,0.5,181,181,comm_g19_r4_rayleigh_drop025_cbaa_topk050,C:\Users\lottj\Desktop\research\decentralized benchmark\topk_filter_study\results\sensitivity_suite\scenarios\clue_g19_n50.csv,945.2492,02,55,19,36,165.6387,3.0116127272727273,3.9981,7.2649,7.9276,17.523283807063788,36,113.6121,3.1558916666666668,6.3125,0.2029,165.4358,17.523283807063788,completed
3,dcta_parity_v1,custom,5789862b56c579a63f65129a7c7ce0c99a25e7c55fba998a5a9699fc4a7df60b,03f32103aba060045f2661de3c031f6fbcbc73f46000a9666f166ad349c5805d,CBAA,rayleigh_style,sens_-50.63,clue_search,19,361,4,0.5,181,181,comm_g19_r4_rayleigh_drop025_cbaa_topk050,C:\Users\lottj\Desktop\research\decentralized benchmark\topk_filter_study\results\sensitivity_suite\scenarios\clue_g19_n50.csv,945.2492,03,53,17,36,182.5641,3.4446056603773583,4.4052,7.6908,8.1472,19.313859244736733,36,132.0452,3.667922222222222,6.5295,0.1567,182.4074,19.313859244736733,completed
4,dcta_parity_v1,custom,5789862b56c579a63f65129a7c7ce0c99a25e7c55fba998a5a9699fc4a7df60b,03f32103aba060045f2661de3c031f6fbcbc73f46000a9666f166ad349c5805d,CBAA,rayleigh_style,sens_-50.63,clue_search,19,361,4,0.5,181,181,comm_g19_r4_rayleigh_drop025_cbaa_topk050,C:\Users\lottj\Desktop\research\decentralized benchmark\topk_filter_study\results\sensitivity_suite\scenarios\clue_g19_n50.csv,990.3248,00,48,10,38,159.9535,3.3323645833333333,4.252000000000001,5.5707,6.5868,16.151620155326817,38,113.5477,2.988097368421053,5.1971,0.0772,159.8763,16.151620155326817,completed
4,dcta_parity_v1,custom,5789862b56c579a63f65129a7c7ce0c99a25e7c55fba998a5a9699fc4a7df60b,03f32103aba060045f2661de3c031f6fbcbc73f46000a9666f166ad349c5805d,CBAA,rayleigh_style,sens_-50.63,clue_search,19,361,4,0.5,181,181,comm_g19_r4_rayleigh_drop025_cbaa_topk050,C:\Users\lottj\Desktop\research\decentralized benchmark\topk_filter_study\results\sensitivity_suite\scenarios\clue_g19_n50.csv,990.3248,01,46,10,36,148.2205,3.2221847826086956,3.95545,5.949,7.0795,14.966857338117757,36,102.1859,2.8384972222222222,5.6242,0.0974,148.1231,14.966857338117757,completed
4,dcta_parity_v1,custom,5789862b56c579a63f65129a7c7ce0c99a25e7c55fba998a5a9699fc4a7df60b,03f32103aba060045f2661de3c031f6fbcbc73f46000a9666f166ad349c5805d,CBAA,rayleigh_style,sens_-50.63,clue_search,19,361,4,0.5,181,181,comm_g19_r4_rayleigh_drop025_cbaa_topk050,C:\Users\lottj\Desktop\research\decentralized benchmark\topk_filter_study\results\sensitivity_suite\scenarios\clue_g19_n50.csv,990.3248,02,46,10,36,150.3697,3.2689065217391304,4.16675,5.3679,7.2717,15.183877047207138,36,105.0346,2.9176277777777777,5.8397,0.1224,150.2473,15.183877047207138,completed
4,dcta_parity_v1,custom,5789862b56c579a63f65129a7c7ce0c99a25e7c55fba998a5a9699fc4a7df60b,03f32103aba060045f2661de3c031f6fbcbc73f46000a9666f166ad349c5805d,CBAA,rayleigh_style,sens_-50.63,clue_search,19,361,4,0.5,181,181,comm_g19_r4_rayleigh_drop025_cbaa_topk050,C:\Users\lottj\Desktop\research\decentralized benchmark\topk_filter_study\results\sensitivity_suite\scenarios\clue_g19_n50.csv,990.3248,03,57,8,49,211.2159,3.705542105263158,4.2157,6.2163,7.9824,21.327942105458735,49,149.624,3.0535510204081633,6.4295,0.0626,211.1533,21.327942105458735,completed
5,dcta_parity_v1,custom,5789862b56c579a63f65129a7c7ce0c99a25e7c55fba998a5a9699fc4a7df60b,03f32103aba060045f2661de3c031f6fbcbc73f46000a9666f166ad349c5805d,CBAA,rayleigh_style,sens_-50.63,clue_search,19,361,4,0.5,181,181,comm_g19_r4_rayleigh_drop025_cbaa_topk050,C:\Users\lottj\Desktop\research\decentralized benchmark\topk_filter_study\results\sensitivity_suite\scenarios\clue_g19_n50.csv,2340.9766,00,72,11,61,436.2428,6.058927777777778,3.2363999999999997,12.5115,12.9858,18.63507734336174,61,325.244,5.331868852459017,11.5919,0.0735,436.1693,18.63507734336174,completed
5,dcta_parity_v1,custom,5789862b56c579a63f65129a7c7ce0c99a25e7c55fba998a5a9699fc4a7df60b,03f32103aba060045f2661de3c031f6fbcbc73f46000a9666f166ad349c5805d,CBAA,rayleigh_style,sens_-50.63,clue_search,19,361,4,0.5,181,181,comm_g19_r4_rayleigh_drop025_cbaa_topk050,C:\Users\lottj\Desktop\research\decentralized benchmark\topk_filter_study\results\sensitivity_suite\scenarios\clue_g19_n50.csv,2340.9766,01,64,11,53,340.7531,5.3242671875,2.9195,13.3998,14.7444,14.556023328041812,53,244.1379,4.606375471698113,13.259,0.1023,340.6508,14.556023328041812,completed
5,dcta_parity_v1,custom,5789862b56c579a63f65129a7c7ce0c99a25e7c55fba998a5a9699fc4a7df60b,03f32103aba060045f2661de3c031f6fbcbc73f46000a9666f166ad349c5805d,CBAA,rayleigh_style,sens_-50.63,clue_search,19,361,4,0.5,181,181,comm_g19_r4_rayleigh_drop025_cbaa_topk050,C:\Users\lottj\Desktop\research\decentralized benchmark\topk_filter_study\results\sensitivity_suite\scenarios\clue_g19_n50.csv,2340.9766,02,55,11,44,342.9248,6.2349963636363634,7.9725,13.7485,14.0964,14.648792303178086,44,261.9059,5.952406818181817,12.6097,0.1027,342.8221,14.648792303178086,completed
5,dcta_parity_v1,custom,5789862b56c579a63f65129a7c7ce0c99a25e7c55fba998a5a9699fc4a7df60b,03f32103aba060045f2661de3c031f6fbcbc73f46000a9666f166ad349c5805d,CBAA,rayleigh_style,sens_-50.63,clue_search,19,361,4,0.5,181,181,comm_g19_r4_rayleigh_drop025_cbaa_topk050,C:\Users\lottj\Desktop\research\decentralized benchmark\topk_filter_study\results\sensitivity_suite\scenarios\clue_g19_n50.csv,2340.9766,03,68,9,59,439.8848,6.468894117647059,3.2064,13.1636,15.0794,18.790653439252658,59,333.1759,5.647049152542373,13.4331,0.081,439.8038,18.790653439252658,completed
6,dcta_parity_v1,custom,5789862b56c579a63f65129a7c7ce0c99a25e7c55fba998a5a9699fc4a7df60b,03f32103aba060045f2661de3c031f6fbcbc73f46000a9666f166ad349c5805d,CBAA,rayleigh_style,sens_-50.63,clue_search,19,361,4,0.5,181,181,comm_g19_r4_rayleigh_drop025_cbaa_topk050,C:\Users\lottj\Desktop\research\decentralized benchmark\topk_filter_study\results\sensitivity_suite\scenarios\clue_g19_n50.csv,2436.3831,00,61,2,59,403.5942,6.616298360655738,7.8259,12.111,13.4187,16.565301245112067,59,290.2955,4.920262711864407,11.6877,0.0272,403.567,16.565301245112067,completed
6,dcta_parity_v1,custom,5789862b56c579a63f65129a7c7ce0c99a25e7c55fba998a5a9699fc4a7df60b,03f32103aba060045f2661de3c031f6fbcbc73f46000a9666f166ad349c5805d,CBAA,rayleigh_style,sens_-50.63,clue_search,19,361,4,0.5,181,181,comm_g19_r4_rayleigh_drop025_cbaa_topk050,C:\Users\lottj\Desktop\research\decentralized benchmark\topk_filter_study\results\sensitivity_suite\scenarios\clue_g19_n50.csv,2436.3831,01,67,1,66,444.7694,6.638349253731343,7.9933,10.3493,12.8368,18.255314609594855,66,326.7843,4.951277272727272,11.3558,0.0135,444.7559,18.255314609594855,completed
6,dcta_parity_v1,custom,5789862b56c579a63f65129a7c7ce0c99a25e7c55fba998a5a9699fc4a7df60b,03f32103aba060045f2661de3c031f6fbcbc73f46000a9666f166ad349c5805d,CBAA,rayleigh_style,sens_-50.63,clue_search,19,361,4,0.5,181,181,comm_g19_r4_rayleigh_drop025_cbaa_topk050,C:\Users\lottj\Desktop\research\decentralized benchmark\topk_filter_study\results\sensitivity_suite\scenarios\clue_g19_n50.csv,2436.3831,02,68,2,66,458.2523,6.739004411764705,7.97275,10.7618,13.227,18.808712800544377,66,336.96569999999997,5.105540909090909,11.6001,0.0377,458.2146,18.808712800544377,completed
6,dcta_parity_v1,custom,5789862b56c579a63f65129a7c7ce0c99a25e7c55fba998a5a9699fc4a7df60b,03f32103aba060045f2661de3c031f6fbcbc73f46000a9666f166ad349c5805d,CBAA,rayleigh_style,sens_-50.63,clue_search,19,361,4,0.5,181,181,comm_g19_r4_rayleigh_drop025_cbaa_topk050,C:\Users\lottj\Desktop\research\decentralized benchmark\topk_filter_study\results\sensitivity_suite\scenarios\clue_g19_n50.csv,2436.3831,03,67,1,66,453.3187,6.765950746268657,7.7881,11.3199,13.482,18.606215910790056,66,331.9963,5.03024696969697,11.8758,0.017,453.3017,18.606215910790056,completed
7,dcta_parity_v1,custom,5789862b56c579a63f65129a7c7ce0c99a25e7c55fba998a5a9699fc4a7df60b,03f32103aba060045f2661de3c031f6fbcbc73f46000a9666f166ad349c5805d,CBAA,rayleigh_style,sens_-50.63,clue_search,19,361,4,0.5,181,181,comm_g19_r4_rayleigh_drop025_cbaa_topk050,C:\Users\lottj\Desktop\research\decentralized benchmark\topk_filter_study\results\sensitivity_suite\scenarios\clue_g19_n50.csv,174.4095,00,16,13,3,34.4386,2.1524125,0.010450000000000001,12.0019,12.0019,19.745828065558356,3,29.942,9.980666666666666,10.5025,0.1496,34.289,19.745828065558356,completed
7,dcta_parity_v1,custom,5789862b56c579a63f65129a7c7ce0c99a25e7c55fba998a5a9699fc4a7df60b,03f32103aba060045f2661de3c031f6fbcbc73f46000a9666f166ad349c5805d,CBAA,rayleigh_style,sens_-50.63,clue_search,19,361,4,0.5,181,181,comm_g19_r4_rayleigh_drop025_cbaa_topk050,C:\Users\lottj\Desktop\research\decentralized benchmark\topk_filter_study\results\sensitivity_suite\scenarios\clue_g19_n50.csv,174.4095,01,15,12,3,34.2639,2.28426,0.0135,12.0915,12.0915,19.645661503530484,3,29.5119,9.8373,10.5772,0.161,34.1029,19.645661503530484,completed
7,dcta_parity_v1,custom,5789862b56c579a63f65129a7c7ce0c99a25e7c55fba998a5a9699fc4a7df60b,03f32103aba060045f2661de3c031f6fbcbc73f46000a9666f166ad349c5805d,CBAA,rayleigh_style,sens_-50.63,clue_search,19,361,4,0.5,181,181,comm_g19_r4_rayleigh_drop025_cbaa_topk050,C:\Users\lottj\Desktop\research\decentralized benchmark\topk_filter_study\results\sensitivity_suite\scenarios\clue_g19_n50.csv,174.4095,02,15,13,2,22.0207,1.4680466666666667,0.0128,12.2855,12.2855,12.625860403246383,2,19.273600000000002,9.636800000000001,10.7753,0.1698,21.850900000000003,12.625860403246383,completed
7,dcta_parity_v1,custom,5789862b56c579a63f65129a7c7ce0c99a25e7c55fba998a5a9699fc4a7df60b,03f32103aba060045f2661de3c031f6fbcbc73f46000a9666f166ad349c5805d,CBAA,rayleigh_style,sens_-50.63,clue_search,19,361,4,0.5,181,181,comm_g19_r4_rayleigh_drop025_cbaa_topk050,C:\Users\lottj\Desktop\research\decentralized benchmark\topk_filter_study\results\sensitivity_suite\scenarios\clue_g19_n50.csv,174.4095,03,12,10,2,24.852999999999998,2.071083333333333,0.0125,12.4178,12.4178,14.249797172745748,2,21.749,10.8745,11.0118,0.1317,24.7213,14.249797172745748,completed
8,dcta_parity_v1,custom,5789862b56c579a63f65129a7c7ce0c99a25e7c55fba998a5a9699fc4a7df60b,03f32103aba060045f2661de3c031f6fbcbc73f46000a9666f166ad349c5805d,CBAA,rayleigh_style,sens_-50.63,clue_search,19,361,4,0.5,181,181,comm_g19_r4_rayleigh_drop025_cbaa_topk050,C:\Users\lottj\Desktop\research\decentralized benchmark\topk_filter_study\results\sensitivity_suite\scenarios\clue_g19_n50.csv,1264.8378,00,56,13,43,186.1826,3.324689285714286,4.538349999999999,5.3801,5.4366,14.7198794975925,43,110.6497,2.5732488372093023,3.7875,0.1371,186.0455,14.7198794975925,completed
8,dcta_parity_v1,custom,5789862b56c579a63f65129a7c7ce0c99a25e7c55fba998a5a9699fc4a7df60b,03f32103aba060045f2661de3c031f6fbcbc73f46000a9666f166ad349c5805d,CBAA,rayleigh_style,sens_-50.63,clue_search,19,361,4,0.5,181,181,comm_g19_r4_rayleigh_drop025_cbaa_topk050,C:\Users\lottj\Desktop\research\decentralized benchmark\topk_filter_study\results\sensitivity_suite\scenarios\clue_g19_n50.csv,1264.8378,01,63,12,51,218.8226,3.473374603174603,4.5645,5.2481,5.3821,17.30044753564449,51,128.4133,2.517907843137255,3.8903,0.1392,218.6834,17.30044753564449,completed
8,dcta_parity_v1,custom,5789862b56c579a63f65129a7c7ce0c99a25e7c55fba998a5a9699fc4a7df60b,03f32103aba060045f2661de3c031f6fbcbc73f46000a9666f166ad349c5805d,CBAA,rayleigh_style,sens_-50.63,clue_search,19,361,4,0.5,181,181,comm_g19_r4_rayleigh_drop025_cbaa_topk050,C:\Users\lottj\Desktop\research\decentralized benchmark\topk_filter_study\results\sensitivity_suite\scenarios\clue_g19_n50.csv,1264.8378,02,51,12,39,159.2512,3.122572549019608,2.9784,5.5145,6.3275,12.590642057028973,39,88.6667,2.2735051282051284,4.6614,0.1446,159.1066,12.590642057028973,completed
8,dcta_parity_v1,custom,5789862b56c579a63f65129a7c7ce0c99a25e7c55fba998a5a9699fc4a7df60b,03f32103aba060045f2661de3c031f6fbcbc73f46000a9666f166ad349c5805d,CBAA,rayleigh_style,sens_-50.63,clue_search,19,361,4,0.5,181,181,comm_g19_r4_rayleigh_drop025_cbaa_topk050,C:\Users\lottj\Desktop\research\decentralized benchmark\topk_filter_study\results\sensitivity_suite\scenarios\clue_g19_n50.csv,1264.8378,03,59,10,49,211.5644,3.5858372881355933,4.5972,5.2303,5.4282,16.726603205565173,49,123.973,2.530061224489796,3.8674,0.1162,211.4482,16.726603205565173,completed
9,dcta_parity_v1,custom,5789862b56c579a63f65129a7c7ce0c99a25e7c55fba998a5a9699fc4a7df60b,03f32103aba060045f2661de3c031f6fbcbc73f46000a9666f166ad349c5805d,CBAA,rayleigh_style,sens_-50.63,clue_search,19,361,4,0.5,181,181,comm_g19_r4_rayleigh_drop025_cbaa_topk050,C:\Users\lottj\Desktop\research\decentralized benchmark\topk_filter_study\results\sensitivity_suite\scenarios\clue_g19_n50.csv,1748.1992,00,62,7,55,251.9767,4.064140322580645,3.9442000000000004,7.4707,7.8529,14.413500475231883,55,159.3927,2.898049090909091,6.4911,0.0601,251.9166,14.413500475231883,completed
9,dcta_parity_v1,custom,5789862b56c579a63f65129a7c7ce0c99a25e7c55fba998a5a9699fc4a7df60b,03f32103aba060045f2661de3c031f6fbcbc73f46000a9666f166ad349c5805d,CBAA,rayleigh_style,sens_-50.63,clue_search,19,361,4,0.5,181,181,comm_g19_r4_rayleigh_drop025_cbaa_topk050,C:\Users\lottj\Desktop\research\decentralized benchmark\topk_filter_study\results\sensitivity_suite\scenarios\clue_g19_n50.csv,1748.1992,01,63,7,56,261.2493,4.146814285714286,3.697,7.6573,8.4181,14.943909138043308,56,166.6276,2.975492857142857,7.1456,0.08399999999999999,261.1653,14.943909138043308,completed
9,dcta_parity_v1,custom,5789862b56c579a63f65129a7c7ce0c99a25e7c55fba998a5a9699fc4a7df60b,03f32103aba060045f2661de3c031f6fbcbc73f46000a9666f166ad349c5805d,CBAA,rayleigh_style,sens_-50.63,clue_search,19,361,4,0.5,181,181,comm_g19_r4_rayleigh_drop025_cbaa_topk050,C:\Users\lottj\Desktop\research\decentralized benchmark\topk_filter_study\results\sensitivity_suite\scenarios\clue_g19_n50.csv,1748.1992,02,64,7,57,259.8154,4.059615625,3.6467,8.3488,8.6187,14.861887592672506,57,163.0052,2.859740350877193,7.2741,0.09230000000000001,259.7231,14.861887592672506,completed
9,dcta_parity_v1,custom,5789862b56c579a63f65129a7c7ce0c99a25e7c55fba998a5a9699fc4a7df60b,03f32103aba060045f2661de3c031f6fbcbc73f46000a9666f166ad349c5805d,CBAA,rayleigh_style,sens_-50.63,clue_search,19,361,4,0.5,181,181,comm_g19_r4_rayleigh_drop025_cbaa_topk050,C:\Users\lottj\Desktop\research\decentralized benchmark\topk_filter_study\results\sensitivity_suite\scenarios\clue_g19_n50.csv,1748.1992,03,70,4,66,306.6265,4.3803785714285715,3.6284,8.533,8.7383,17.539562997168744,66,193.6081,2.9334560606060607,7.2001,0.0411,306.5854,17.539562997168744,completed
10,dcta_parity_v1,custom,5789862b56c579a63f65129a7c7ce0c99a25e7c55fba998a5a9699fc4a7df60b,03f32103aba060045f2661de3c031f6fbcbc73f46000a9666f166ad349c5805d,CBAA,rayleigh_style,sens_-50.63,clue_search,19,361,4,0.5,181,181,comm_g19_r4_rayleigh_drop025_cbaa_topk050,C:\Users\lottj\Desktop\research\decentralized benchmark\topk_filter_study\results\sensitivity_suite\scenarios\clue_g19_n50.csv,1750.2236,00,35,11,24,280.608,8.017371428571428,10.1266,14.1815,14.5277,16.032694336883583,24,240.8907,10.037112500000001,13.0668,0.1365,280.4715,16.032694336883583,completed
10,dcta_parity_v1,custom,5789862b56c579a63f65129a7c7ce0c99a25e7c55fba998a5a9699fc4a7df60b,03f32103aba060045f2661de3c031f6fbcbc73f46000a9666f166ad349c5805d,CBAA,rayleigh_style,sens_-50.63,clue_search,19,361,4,0.5,181,181,comm_g19_r4_rayleigh_drop025_cbaa_topk050,C:\Users\lottj\Desktop\research\decentralized benchmark\topk_filter_study\results\sensitivity_suite\scenarios\clue_g19_n50.csv,1750.2236,01,46,10,36,385.594,8.382478260869565,9.649049999999999,13.8364,14.3516,22.031127908456956,35,327.7973,9.365637142857143,12.6648,0.1629,385.4311,22.031127908456956,completed
10,dcta_parity_v1,custom,5789862b56c579a63f65129a7c7ce0c99a25e7c55fba998a5a9699fc4a7df60b,03f32103aba060045f2661de3c031f6fbcbc73f46000a9666f166ad349c5805d,CBAA,rayleigh_style,sens_-50.63,clue_search,19,361,4,0.5,181,181,comm_g19_r4_rayleigh_drop025_cbaa_topk050,C:\Users\lottj\Desktop\research\decentralized benchmark\topk_filter_study\results\sensitivity_suite\scenarios\clue_g19_n50.csv,1750.2236,02,44,11,33,343.8825,7.815511363636364,9.331499999999998,13.2751,14.1013,19.64791812886079,33,289.3704,8.7688,12.5304,0.1736,343.70889999999997,19.64791812886079,completed
10,dcta_parity_v1,custom,5789862b56c579a63f65129a7c7ce0c99a25e7c55fba998a5a9699fc4a7df60b,03f32103aba060045f2661de3c031f6fbcbc73f46000a9666f166ad349c5805d,CBAA,rayleigh_style,sens_-50.63,clue_search,19,361,4,0.5,181,181,comm_g19_r4_rayleigh_drop025_cbaa_topk050,C:\Users\lottj\Desktop\research\decentralized benchmark\topk_filter_study\results\sensitivity_suite\scenarios\clue_g19_n50.csv,1750.2236,03,42,9,33,356.3318,8.484090476190476,9.4947,13.561,15.7392,20.35921581676764,33,300.9969,9.121118181818181,14.0813,0.1297,356.2021,20.35921581676764,completed
11,dcta_parity_v1,custom,5789862b56c579a63f65129a7c7ce0c99a25e7c55fba998a5a9699fc4a7df60b,03f32103aba060045f2661de3c031f6fbcbc73f46000a9666f166ad349c5805d,CBAA,rayleigh_style,sens_-50.63,clue_search,19,361,4,0.5,181,181,comm_g19_r4_rayleigh_drop025_cbaa_topk050,C:\Users\lottj\Desktop\research\decentralized benchmark\topk_filter_study\results\sensitivity_suite\scenarios\clue_g19_n50.csv,547.7102,00,81,51,30,69.4061,0.8568654320987654,0.0128,2.3156,7.119,12.672048101349947,30,29.9676,0.99892,5.7232,0.595,68.8111,12.672048101349947,completed
11,dcta_parity_v1,custom,5789862b56c579a63f65129a7c7ce0c99a25e7c55fba998a5a9699fc4a7df60b,03f32103aba060045f2661de3c031f6fbcbc73f46000a9666f166ad349c5805d,CBAA,rayleigh_style,sens_-50.63,clue_search,19,361,4,0.5,181,181,comm_g19_r4_rayleigh_drop025_cbaa_topk050,C:\Users\lottj\Desktop\research\decentralized benchmark\topk_filter_study\results\sensitivity_suite\scenarios\clue_g19_n50.csv,547.7102,01,77,50,27,47.5604,0.6176675324675325,0.0147,1.9661,2.1336,8.683497221705931,27,15.9595,0.5910925925925926,0.8211,0.6656,46.8948,8.683497221705931,completed
11,dcta_parity_v1,custom,5789862b56c579a63f65129a7c7ce0c99a25e7c55fba998a5a9699fc4a7df60b,03f32103aba060045f2661de3c031f6fbcbc73f46000a9666f166ad349c5805d,CBAA,rayleigh_style,sens_-50.63,clue_search,19,361,4,0.5,181,181,comm_g19_r4_rayleigh_drop025_cbaa_topk050,C:\Users\lottj\Desktop\research\decentralized benchmark\topk_filter_study\results\sensitivity_suite\scenarios\clue_g19_n50.csv,547.7102,02,76,51,25,43.7511,0.5756723684210526,0.01425,2.0144,2.0716,7.988001684102286,25,14.887599999999999,0.5955039999999999,0.8004,0.6737,43.0774,7.988001684102286,completed
11,dcta_parity_v1,custom,5789862b56c579a63f65129a7c7ce0c99a25e7c55fba998a5a9699fc4a7df60b,03f32103aba060045f2661de3c031f6fbcbc73f46000a9666f166ad349c5805d,CBAA,rayleigh_style,sens_-50.63,clue_search,19,361,4,0.5,181,181,comm_g19_r4_rayleigh_drop025_cbaa_topk050,C:\Users\lottj\Desktop\research\decentralized benchmark\topk_filter_study\results\sensitivity_suite\scenarios\clue_g19_n50.csv,547.7102,03,72,48,24,43.6946,0.6068694444444445,0.01225,2.0725,2.2264,7.977686009864341,23,14.9233,0.6488391304347826,0.8357,0.5765,43.1181,7.977686009864341,completed
12,dcta_parity_v1,custom,5789862b56c579a63f65129a7c7ce0c99a25e7c55fba998a5a9699fc4a7df60b,03f32103aba060045f2661de3c031f6fbcbc73f46000a9666f166ad349c5805d,CBAA,rayleigh_style,sens_-50.63,clue_search,19,361,4,0.5,181,181,comm_g19_r4_rayleigh_drop025_cbaa_topk050,C:\Users\lottj\Desktop\research\decentralized benchmark\topk_filter_study\results\sensitivity_suite\scenarios\clue_g19_n50.csv,442.5082,00,30,20,10,96.4637,3.215456666666667,0.01155,9.8841,10.5728,21.79930225021819,10,83.0911,8.30911,9.246,0.2311,96.2326,21.79930225021819,completed
12,dcta_parity_v1,custom,5789862b56c579a63f65129a7c7ce0c99a25e7c55fba998a5a9699fc4a7df60b,03f32103aba060045f2661de3c031f6fbcbc73f46000a9666f166ad349c5805d,CBAA,rayleigh_style,sens_-50.63,clue_search,19,361,4,0.5,181,181,comm_g19_r4_rayleigh_drop025_cbaa_topk050,C:\Users\lottj\Desktop\research\decentralized benchmark\topk_filter_study\results\sensitivity_suite\scenarios\clue_g19_n50.csv,442.5082,01,27,20,7,67.4505,2.4981666666666666,0.0132,9.7689,10.0339,15.242768382597205,7,57.8185,8.259785714285714,8.785,0.262,67.1885,15.242768382597205,completed
12,dcta_parity_v1,custom,5789862b56c579a63f65129a7c7ce0c99a25e7c55fba998a5a9699fc4a7df60b,03f32103aba060045f2661de3c031f6fbcbc73f46000a9666f166ad349c5805d,CBAA,rayleigh_style,sens_-50.63,clue_search,19,361,4,0.5,181,181,comm_g19_r4_rayleigh_drop025_cbaa_topk050,C:\Users\lottj\Desktop\research\decentralized benchmark\topk_filter_study\results\sensitivity_suite\scenarios\clue_g19_n50.csv,442.5082,02,27,20,7,72.4395,2.6829444444444444,0.0143,10.499,11.4761,16.370205117102916,7,62.9995,8.99992857142857,10.1473,0.2893,72.1502,16.370205117102916,completed
12,dcta_parity_v1,custom,5789862b56c579a63f65129a7c7ce0c99a25e7c55fba998a5a9699fc4a7df60b,03f32103aba060045f2661de3c031f6fbcbc73f46000a9666f166ad349c5805d,CBAA,rayleigh_style,sens_-50.63,clue_search,19,361,4,0.5,181,181,comm_g19_r4_rayleigh_drop025_cbaa_topk050,C:\Users\lottj\Desktop\research\decentralized benchmark\topk_filter_study\results\sensitivity_suite\scenarios\clue_g19_n50.csv,442.5082,03,24,17,7,75.0754,3.1281416666666666,0.01105,11.2594,11.3763,16.965877694469842,7,65.2261,9.318014285714286,10.1174,0.1977,74.8777,16.965877694469842,completed
13,dcta_parity_v1,custom,5789862b56c579a63f65129a7c7ce0c99a25e7c55fba998a5a9699fc4a7df60b,03f32103aba060045f2661de3c031f6fbcbc73f46000a9666f166ad349c5805d,CBAA,rayleigh_style,sens_-50.63,clue_search,19,361,4,0.5,181,181,comm_g19_r4_rayleigh_drop025_cbaa_topk050,C:\Users\lottj\Desktop\research\decentralized benchmark\topk_filter_study\results\sensitivity_suite\scenarios\clue_g19_n50.csv,14.0395,00,7,7,0,0.0651,0.009300000000000001,0.0084,0.0145,0.0145,0.46369172691335164,0,0.0,0.0,0.0,0.0651,0.0,0.46369172691335164,completed
13,dcta_parity_v1,custom,5789862b56c579a63f65129a7c7ce0c99a25e7c55fba998a5a9699fc4a7df60b,03f32103aba060045f2661de3c031f6fbcbc73f46000a9666f166ad349c5805d,CBAA,rayleigh_style,sens_-50.63,clue_search,19,361,4,0.5,181,181,comm_g19_r4_rayleigh_drop025_cbaa_topk050,C:\Users\lottj\Desktop\research\decentralized benchmark\topk_filter_study\results\sensitivity_suite\scenarios\clue_g19_n50.csv,14.0395,01,6,6,0,0.061700000000000005,0.010283333333333334,0.0104,0.0112,0.0112,0.4394743402542826,0,0.0,0.0,0.0,0.061700000000000005,0.0,0.4394743402542826,completed
13,dcta_parity_v1,custom,5789862b56c579a63f65129a7c7ce0c99a25e7c55fba998a5a9699fc4a7df60b,03f32103aba060045f2661de3c031f6fbcbc73f46000a9666f166ad349c5805d,CBAA,rayleigh_style,sens_-50.63,clue_search,19,361,4,0.5,181,181,comm_g19_r4_rayleigh_drop025_cbaa_topk050,C:\Users\lottj\Desktop\research\decentralized benchmark\topk_filter_study\results\sensitivity_suite\scenarios\clue_g19_n50.csv,14.0395,02,7,7,0,0.0985,0.014071428571428572,0.0124,0.0247,0.0247,0.7015919370347946,0,0.0,0.0,0.0,0.0985,0.0,0.7015919370347946,completed
13,dcta_parity_v1,custom,5789862b56c579a63f65129a7c7ce0c99a25e7c55fba998a5a9699fc4a7df60b,03f32103aba060045f2661de3c031f6fbcbc73f46000a9666f166ad349c5805d,CBAA,rayleigh_style,sens_-50.63,clue_search,19,361,4,0.5,181,181,comm_g19_r4_rayleigh_drop025_cbaa_topk050,C:\Users\lottj\Desktop\research\decentralized benchmark\topk_filter_study\results\sensitivity_suite\scenarios\clue_g19_n50.csv,14.0395,03,5,5,0,0.046900000000000004,0.009380000000000001,0.0079,0.0126,0.0126,0.3340574806795114,0,0.0,0.0,0.0,0.046900000000000004,0.0,0.3340574806795114,completed
14,dcta_parity_v1,custom,5789862b56c579a63f65129a7c7ce0c99a25e7c55fba998a5a9699fc4a7df60b,03f32103aba060045f2661de3c031f6fbcbc73f46000a9666f166ad349c5805d,CBAA,rayleigh_style,sens_-50.63,clue_search,19,361,4,0.5,181,181,comm_g19_r4_rayleigh_drop025_cbaa_topk050,C:\Users\lottj\Desktop\research\decentralized benchmark\topk_filter_study\results\sensitivity_suite\scenarios\clue_g19_n50.csv,2320.8152,00,49,7,42,322.4591,6.580797959183673,8.5533,12.9516,13.5303,13.894216997544655,42,244.5761,5.823240476190476,11.8875,0.0884,322.3707,13.894216997544655,completed
14,dcta_parity_v1,custom,5789862b56c579a63f65129a7c7ce0c99a25e7c55fba998a5a9699fc4a7df60b,03f32103aba060045f2661de3c031f6fbcbc73f46000a9666f166ad349c5805d,CBAA,rayleigh_style,sens_-50.63,clue_search,19,361,4,0.5,181,181,comm_g19_r4_rayleigh_drop025_cbaa_topk050,C:\Users\lottj\Desktop\research\decentralized benchmark\topk_filter_study\results\sensitivity_suite\scenarios\clue_g19_n50.csv,2320.8152,01,72,6,66,478.4211,6.644737500000001,8.4321,13.2296,14.7061,20.614355679849048,66,356.3519,5.399271212121212,12.9538,0.11649999999999999,478.3046,20.614355679849048,completed
14,dcta_parity_v1,custom,5789862b56c579a63f65129a7c7ce0c99a25e7c55fba998a5a9699fc4a7df60b,03f32103aba060045f2661de3c031f6fbcbc73f46000a9666f166ad349c5805d,CBAA,rayleigh_style,sens_-50.63,clue_search,19,361,4,0.5,181,181,comm_g19_r4_rayleigh_drop025_cbaa_topk050,C:\Users\lottj\Desktop\research\decentralized benchmark\topk_filter_study\results\sensitivity_suite\scenarios\clue_g19_n50.csv,2320.8152,02,68,7,61,432.7401,6.363824999999999,7.8197,12.8643,13.6971,18.64603868502757,61,318.6745,5.224172131147541,11.9561,0.12129999999999999,432.6188,18.64603868502757,completed
14,dcta_parity_v1,custom,5789862b56c579a63f65129a7c7ce0c99a25e7c55fba998a5a9699fc4a7df60b,03f32103aba060045f2661de3c031f6fbcbc73f46000a9666f166ad349c5805d,CBAA,rayleigh_style,sens_-50.63,clue_search,19,361,4,0.5,181,181,comm_g19_r4_rayleigh_drop025_cbaa_topk050,C:\Users\lottj\Desktop\research\decentralized benchmark\topk_filter_study\results\sensitivity_suite\scenarios\clue_g19_n50.csv,2320.8152,03,63,4,59,446.9228,7.0940126984126985,8.1837,13.7957,14.6168,19.257147229990565,59,337.9223,5.727496610169491,12.8978,0.0593,446.8635,19.257147229990565,completed
15,dcta_parity_v1,custom,5789862b56c579a63f65129a7c7ce0c99a25e7c55fba998a5a9699fc4a7df60b,03f32103aba060045f2661de3c031f6fbcbc73f46000a9666f166ad349c5805d,CBAA,rayleigh_style,sens_-50.63,clue_search,19,361,4,0.5,181,181,comm_g19_r4_rayleigh_drop025_cbaa_topk050,C:\Users\lottj\Desktop\research\decentralized benchmark\topk_filter_study\results\sensitivity_suite\scenarios\clue_g19_n50.csv,672.0249,00,49,31,18,97.0784,1.981191836734694,0.013,6.5926,6.6604,14.445655213073206,18,68.7968,3.822044444444445,5.1636,0.4129,96.6655,14.445655213073206,completed
15,dcta_parity_v1,custom,5789862b56c579a63f65129a7c7ce0c99a25e7c55fba998a5a9699fc4a7df60b,03f32103aba060045f2661de3c031f6fbcbc73f46000a9666f166ad349c5805d,CBAA,rayleigh_style,sens_-50.63,clue_search,19,361,4,0.5,181,181,comm_g19_r4_rayleigh_drop025_cbaa_topk050,C:\Users\lottj\Desktop\research\decentralized benchmark\topk_filter_study\results\sensitivity_suite\scenarios\clue_g19_n50.csv,672.0249,01,49,31,18,90.1269,1.8393244897959184,0.0154,6.5516,6.7993,13.411244136935998,18,62.2016,3.4556444444444443,5.3462,0.4475,89.6794,13.411244136935998,completed
15,dcta_parity_v1,custom,5789862b56c579a63f65129a7c7ce0c99a25e7c55fba998a5a9699fc4a7df60b,03f32103aba060045f2661de3c031f6fbcbc73f46000a9666f166ad349c5805d,CBAA,rayleigh_style,sens_-50.63,clue_search,19,361,4,0.5,181,181,comm_g19_r4_rayleigh_drop025_cbaa_topk050,C:\Users\lottj\Desktop\research\decentralized benchmark\topk_filter_study\results\sensitivity_suite\scenarios\clue_g19_n50.csv,672.0249,02,50,31,19,105.1115,2.10223,0.0153,6.9257,7.1821,15.641012706523227,19,74.9496,3.9447157894736846,5.7641,0.433,104.6785,15.641012706523227,completed
15,dcta_parity_v1,custom,5789862b56c579a63f65129a7c7ce0c99a25e7c55fba998a5a9699fc4a7df60b,03f32103aba060045f2661de3c031f6fbcbc73f46000a9666f166ad349c5805d,CBAA,rayleigh_style,sens_-50.63,clue_search,19,361,4,0.5,181,181,comm_g19_r4_rayleigh_drop025_cbaa_topk050,C:\Users\lottj\Desktop\research\decentralized benchmark\topk_filter_study\results\sensitivity_suite\scenarios\clue_g19_n50.csv,672.0249,03,47,29,18,111.8071,2.3788744680851064,0.0122,7.3005,7.762,16.63734483647853,18,84.2419,4.6801055555555555,6.2855,0.3334,111.47370000000001,16.63734483647853,completed
16,dcta_parity_v1,custom,5789862b56c579a63f65129a7c7ce0c99a25e7c55fba998a5a9699fc4a7df60b,03f32103aba060045f2661de3c031f6fbcbc73f46000a9666f166ad349c5805d,CBAA,rayleigh_style,sens_-50.63,clue_search,19,361,4,0.5,181,181,comm_g19_r4_rayleigh_drop025_cbaa_topk050,C:\Users\lottj\Desktop\research\decentralized benchmark\topk_filter_study\results\sensitivity_suite\scenarios\clue_g19_n50.csv,1615.9506,00,43,6,37,279.9452,6.510353488372093,7.3771,11.5729,11.9942,17.323871162893223,37,213.5628,5.771967567567568,10.4284,0.0682,279.877,17.323871162893223,completed
16,dcta_parity_v1,custom,5789862b56c579a63f65129a7c7ce0c99a25e7c55fba998a5a9699fc4a7df60b,03f32103aba060045f2661de3c031f6fbcbc73f46000a9666f166ad349c5805d,CBAA,rayleigh_style,sens_-50.63,clue_search,19,361,4,0.5,181,181,comm_g19_r4_rayleigh_drop025_cbaa_topk050,C:\Users\lottj\Desktop\research\decentralized benchmark\topk_filter_study\results\sensitivity_suite\scenarios\clue_g19_n50.csv,1615.9506,01,47,6,41,305.8464,6.507370212765958,7.2739,11.9143,12.8403,18.926717190488375,41,232.1777,5.662870731707317,11.4015,0.0881,305.7583,18.926717190488375,completed
16,dcta_parity_v1,custom,5789862b56c579a63f65129a7c7ce0c99a25e7c55fba998a5a9699fc4a7df60b,03f32103aba060045f2661de3c031f6fbcbc73f46000a9666f166ad349c5805d,CBAA,rayleigh_style,sens_-50.63,clue_search,19,361,4,0.5,181,181,comm_g19_r4_rayleigh_drop025_cbaa_topk050,C:\Users\lottj\Desktop\research\decentralized benchmark\topk_filter_study\results\sensitivity_suite\scenarios\clue_g19_n50.csv,1615.9506,02,42,7,35,276.4233,6.581507142857142,7.665900000000001,9.7278,13.5773,17.10592514399883,35,215.713,6.163228571428571,12.0993,0.127,276.29630000000003,17.10592514399883,completed
16,dcta_parity_v1,custom,5789862b56c579a63f65129a7c7ce0c99a25e7c55fba998a5a9699fc4a7df60b,03f32103aba060045f2661de3c031f6fbcbc73f46000a9666f166ad349c5805d,CBAA,rayleigh_style,sens_-50.63,clue_search,19,361,4,0.5,181,181,comm_g19_r4_rayleigh_drop025_cbaa_topk050,C:\Users\lottj\Desktop\research\decentralized benchmark\topk_filter_study\results\sensitivity_suite\scenarios\clue_g19_n50.csv,1615.9506,03,36,4,32,252.5708,7.0158555555555555,7.5543,13.6174,14.3835,15.629858982075318,32,195.5507,6.110959375,12.8914,0.049,252.52179999999998,15.629858982075318,completed
17,dcta_parity_v1,custom,5789862b56c579a63f65129a7c7ce0c99a25e7c55fba998a5a9699fc4a7df60b,03f32103aba060045f2661de3c031f6fbcbc73f46000a9666f166ad349c5805d,CBAA,rayleigh_style,sens_-50.63,clue_search,19,361,4,0.5,181,181,comm_g19_r4_rayleigh_drop025_cbaa_topk050,C:\Users\lottj\Desktop\research\decentralized benchmark\topk_filter_study\results\sensitivity_suite\scenarios\clue_g19_n50.csv,3.6185,00,1,1,0,0.0112,0.0112,0.0112,0.0112,0.0112,0.30952051955230064,0,0.0,0.0,0.0,0.0112,0.0,0.30952051955230064,completed
17,dcta_parity_v1,custom,5789862b56c579a63f65129a7c7ce0c99a25e7c55fba998a5a9699fc4a7df60b,03f32103aba060045f2661de3c031f6fbcbc73f46000a9666f166ad349c5805d,CBAA,rayleigh_style,sens_-50.63,clue_search,19,361,4,0.5,181,181,comm_g19_r4_rayleigh_drop025_cbaa_topk050,C:\Users\lottj\Desktop\research\decentralized benchmark\topk_filter_study\results\sensitivity_suite\scenarios\clue_g19_n50.csv,3.6185,01,1,1,0,0.0122,0.0122,0.0122,0.0122,0.0122,0.3371562802266132,0,0.0,0.0,0.0,0.0122,0.0,0.3371562802266132,completed
17,dcta_parity_v1,custom,5789862b56c579a63f65129a7c7ce0c99a25e7c55fba998a5a9699fc4a7df60b,03f32103aba060045f2661de3c031f6fbcbc73f46000a9666f166ad349c5805d,CBAA,rayleigh_style,sens_-50.63,clue_search,19,361,4,0.5,181,181,comm_g19_r4_rayleigh_drop025_cbaa_topk050,C:\Users\lottj\Desktop\research\decentralized benchmark\topk_filter_study\results\sensitivity_suite\scenarios\clue_g19_n50.csv,3.6185,02,1,1,0,0.0113,0.0113,0.0113,0.0113,0.0113,0.3122840956197319,0,0.0,0.0,0.0,0.0113,0.0,0.3122840956197319,completed
17,dcta_parity_v1,custom,5789862b56c579a63f65129a7c7ce0c99a25e7c55fba998a5a9699fc4a7df60b,03f32103aba060045f2661de3c031f6fbcbc73f46000a9666f166ad349c5805d,CBAA,rayleigh_style,sens_-50.63,clue_search,19,361,4,0.5,181,181,comm_g19_r4_rayleigh_drop025_cbaa_topk050,C:\Users\lottj\Desktop\research\decentralized benchmark\topk_filter_study\results\sensitivity_suite\scenarios\clue_g19_n50.csv,3.6185,03,1,1,0,0.031,0.031,0.031,0.031,0.031,0.8567085809036894,0,0.0,0.0,0.0,0.031,0.0,0.8567085809036894,completed
18,dcta_parity_v1,custom,5789862b56c579a63f65129a7c7ce0c99a25e7c55fba998a5a9699fc4a7df60b,03f32103aba060045f2661de3c031f6fbcbc73f46000a9666f166ad349c5805d,CBAA,rayleigh_style,sens_-50.63,clue_search,19,361,4,0.5,181,181,comm_g19_r4_rayleigh_drop025_cbaa_topk050,C:\Users\lottj\Desktop\research\decentralized benchmark\topk_filter_study\results\sensitivity_suite\scenarios\clue_g19_n50.csv,456.5544,00,86,66,20,34.2383,0.3981197674418605,0.01235,1.8,1.9522,7.499281575207688,20,12.0984,0.60492,0.7497,0.7904,33.4479,7.499281575207688,completed
18,dcta_parity_v1,custom,5789862b56c579a63f65129a7c7ce0c99a25e7c55fba998a5a9699fc4a7df60b,03f32103aba060045f2661de3c031f6fbcbc73f46000a9666f166ad349c5805d,CBAA,rayleigh_style,sens_-50.63,clue_search,19,361,4,0.5,181,181,comm_g19_r4_rayleigh_drop025_cbaa_topk050,C:\Users\lottj\Desktop\research\decentralized benchmark\topk_filter_study\results\sensitivity_suite\scenarios\clue_g19_n50.csv,456.5544,01,80,58,22,31.2696,0.39087,0.0141,1.4725,1.6379,6.849041428578938,22,11.318,0.5144545454545454,0.6577,0.8186,30.451,6.849041428578938,completed
18,dcta_parity_v1,custom,5789862b56c579a63f65129a7c7ce0c99a25e7c55fba998a5a9699fc4a7df60b,03f32103aba060045f2661de3c031f6fbcbc73f46000a9666f166ad349c5805d,CBAA,rayleigh_style,sens_-50.63,clue_search,19,361,4,0.5,181,181,comm_g19_r4_rayleigh_drop025_cbaa_topk050,C:\Users\lottj\Desktop\research\decentralized benchmark\topk_filter_study\results\sensitivity_suite\scenarios\clue_g19_n50.csv,456.5544,02,79,57,22,30.035,0.38018987341772154,0.0149,1.4264,1.7076,6.578624584496393,22,10.7673,0.4894227272727273,0.6904,0.8352,29.1998,6.578624584496393,completed
18,dcta_parity_v1,custom,5789862b56c579a63f65129a7c7ce0c99a25e7c55fba998a5a9699fc4a7df60b,03f32103aba060045f2661de3c031f6fbcbc73f46000a9666f166ad349c5805d,CBAA,rayleigh_style,sens_-50.63,clue_search,19,361,4,0.5,181,181,comm_g19_r4_rayleigh_drop025_cbaa_topk050,C:\Users\lottj\Desktop\research\decentralized benchmark\topk_filter_study\results\sensitivity_suite\scenarios\clue_g19_n50.csv,456.5544,03,80,64,16,25.0501,0.31312625,0.0131,1.6045,1.743,5.48677222254347,16,9.1817,0.57385625,0.7412,0.8168,24.2333,5.48677222254347,completed
19,dcta_parity_v1,custom,5789862b56c579a63f65129a7c7ce0c99a25e7c55fba998a5a9699fc4a7df60b,03f32103aba060045f2661de3c031f6fbcbc73f46000a9666f166ad349c5805d,CBAA,rayleigh_style,sens_-50.63,clue_search,19,361,4,0.5,181,181,comm_g19_r4_rayleigh_drop025_cbaa_topk050,C:\Users\lottj\Desktop\research\decentralized benchmark\topk_filter_study\results\sensitivity_suite\scenarios\clue_g19_n50.csv,2023.1956,00,104,20,84,317.4885,3.0527740384615383,2.3625,7.9573,9.3392,15.692427365895814,84,169.22650000000002,2.0146011904761907,7.5423,0.2241,317.2644,15.692427365895814,completed
19,dcta_parity_v1,custom,5789862b56c579a63f65129a7c7ce0c99a25e7c55fba998a5a9699fc4a7df60b,03f32103aba060045f2661de3c031f6fbcbc73f46000a9666f166ad349c5805d,CBAA,rayleigh_style,sens_-50.63,clue_search,19,361,4,0.5,181,181,comm_g19_r4_rayleigh_drop025_cbaa_topk050,C:\Users\lottj\Desktop\research\decentralized benchmark\topk_filter_study\results\sensitivity_suite\scenarios\clue_g19_n50.csv,2023.1956,01,82,20,62,270.6612,3.3007463414634146,2.5863,7.9696,9.8614,13.377905724982796,62,162.446,2.620096774193548,8.365,0.2985,270.3627,13.377905724982796,completed
19,dcta_parity_v1,custom,5789862b56c579a63f65129a7c7ce0c99a25e7c55fba998a5a9699fc4a7df60b,03f32103aba060045f2661de3c031f6fbcbc73f46000a9666f166ad349c5805d,CBAA,rayleigh_style,sens_-50.63,clue_search,19,361,4,0.5,181,181,comm_g19_r4_rayleigh_drop025_cbaa_topk050,C:\Users\lottj\Desktop\research\decentralized benchmark\topk_filter_study\results\sensitivity_suite\scenarios\clue_g19_n50.csv,2023.1956,02,88,20,68,299.3687,3.4019170454545455,2.5228,8.3142,10.3209,14.796824390088629,68,180.5547,2.655216176470588,8.8026,0.2861,299.0826,14.796824390088629,completed
19,dcta_parity_v1,custom,5789862b56c579a63f65129a7c7ce0c99a25e7c55fba998a5a9699fc4a7df60b,03f32103aba060045f2661de3c031f6fbcbc73f46000a9666f166ad349c5805d,CBAA,rayleigh_style,sens_-50.63,clue_search,19,361,4,0.5,181,181,comm_g19_r4_rayleigh_drop025_cbaa_topk050,C:\Users\lottj\Desktop\research\decentralized benchmark\topk_filter_study\results\sensitivity_suite\scenarios\clue_g19_n50.csv,2023.1956,03,86,17,69,316.6876,3.6824139534883717,2.5199,8.7589,10.151,15.652841475139624,69,198.8905,2.8824710144927534,8.627,0.1976,316.49,15.652841475139624,completed
20,dcta_parity_v1,custom,5789862b56c579a63f65129a7c7ce0c99a25e7c55fba998a5a9699fc4a7df60b,03f32103aba060045f2661de3c031f6fbcbc73f46000a9666f166ad349c5805d,CBAA,rayleigh_style,sens_-50.63,clue_search,19,361,4,0.5,181,181,comm_g19_r4_rayleigh_drop025_cbaa_topk050,C:\Users\lottj\Desktop\research\decentralized benchmark\topk_filter_study\results\sensitivity_suite\scenarios\clue_g19_n50.csv,1133.9479,00,27,2,25,227.3142,8.419044444444445,9.2119,10.9881,12.5077,20.046264912171008,25,186.7942,7.471768,11.0907,0.0197,227.2945,20.046264912171008,completed
20,dcta_parity_v1,custom,5789862b56c579a63f65129a7c7ce0c99a25e7c55fba998a5a9699fc4a7df60b,03f32103aba060045f2661de3c031f6fbcbc73f46000a9666f166ad349c5805d,CBAA,rayleigh_style,sens_-50.63,clue_search,19,361,4,0.5,181,181,comm_g19_r4_rayleigh_drop025_cbaa_topk050,C:\Users\lottj\Desktop\research\decentralized benchmark\topk_filter_study\results\sensitivity_suite\scenarios\clue_g19_n50.csv,1133.9479,01,24,2,22,191.5951,7.983129166666667,8.83895,10.4523,11.2177,16.89628773949844,22,155.7269,7.078495454545455,9.7385,0.026099999999999998,191.569,16.89628773949844,completed
20,dcta_parity_v1,custom,5789862b56c579a63f65129a7c7ce0c99a25e7c55fba998a5a9699fc4a7df60b,03f32103aba060045f2661de3c031f6fbcbc73f46000a9666f166ad349c5805d,CBAA,rayleigh_style,sens_-50.63,clue_search,19,361,4,0.5,181,181,comm_g19_r4_rayleigh_drop025_cbaa_topk050,C:\Users\lottj\Desktop\research\decentralized benchmark\topk_filter_study\results\sensitivity_suite\scenarios\clue_g19_n50.csv,1133.9479,02,25,2,23,192.2776,7.691104,8.34,11.1236,12.0483,16.956475689932496,23,156.2078,6.791643478260869,10.485,0.0414,192.2362,16.956475689932496,completed
20,dcta_parity_v1,custom,5789862b56c579a63f65129a7c7ce0c99a25e7c55fba998a5a9699fc4a7df60b,03f32103aba060045f2661de3c031f6fbcbc73f46000a9666f166ad349c5805d,CBAA,rayleigh_style,sens_-50.63,clue_search,19,361,4,0.5,181,181,comm_g19_r4_rayleigh_drop025_cbaa_topk050,C:\Users\lottj\Desktop\research\decentralized benchmark\topk_filter_study\results\sensitivity_suite\scenarios\clue_g19_n50.csv,1133.9479,03,26,1,25,209.0414,8.040053846153846,8.654399999999999,10.6313,11.2712,18.434832852549928,25,168.0895,6.723579999999999,9.7936,0.0159,209.0255,18.434832852549928,completed
21,dcta_parity_v1,custom,5789862b56c579a63f65129a7c7ce0c99a25e7c55fba998a5a9699fc4a7df60b,03f32103aba060045f2661de3c031f6fbcbc73f46000a9666f166ad349c5805d,CBAA,rayleigh_style,sens_-50.63,clue_search,19,361,4,0.5,181,181,comm_g19_r4_rayleigh_drop025_cbaa_topk050,C:\Users\lottj\Desktop\research\decentralized benchmark\topk_filter_study\results\sensitivity_suite\scenarios\clue_g19_n50.csv,229.7223,00,41,38,3,27.13,0.6617073170731707,0.0131,8.1885,9.595,11.809911358192045,3,22.0383,7.3461,7.9762,0.4898,26.6402,11.809911358192045,completed
21,dcta_parity_v1,custom,5789862b56c579a63f65129a7c7ce0c99a25e7c55fba998a5a9699fc4a7df60b,03f32103aba060045f2661de3c031f6fbcbc73f46000a9666f166ad349c5805d,CBAA,rayleigh_style,sens_-50.63,clue_search,19,361,4,0.5,181,181,comm_g19_r4_rayleigh_drop025_cbaa_topk050,C:\Users\lottj\Desktop\research\decentralized benchmark\topk_filter_study\results\sensitivity_suite\scenarios\clue_g19_n50.csv,229.7223,01,40,37,3,25.1941,0.6298524999999999,0.0157,7.9097,8.6606,10.967198221504834,3,19.9595,6.6531666666666665,7.0746,0.5771,24.617,10.967198221504834,completed
21,dcta_parity_v1,custom,5789862b56c579a63f65129a7c7ce0c99a25e7c55fba998a5a9699fc4a7df60b,03f32103aba060045f2661de3c031f6fbcbc73f46000a9666f166ad349c5805d,CBAA,rayleigh_style,sens_-50.63,clue_search,19,361,4,0.5,181,181,comm_g19_r4_rayleigh_drop025_cbaa_topk050,C:\Users\lottj\Desktop\research\decentralized benchmark\topk_filter_study\results\sensitivity_suite\scenarios\clue_g19_n50.csv,229.7223,02,41,38,3,25.4916,0.6217463414634146,0.0163,8.0258,8.5276,11.096702409822642,3,20.3309,6.776966666666667,6.9378,0.6202,24.8714,11.096702409822642,completed
21,dcta_parity_v1,custom,5789862b56c579a63f65129a7c7ce0c99a25e7c55fba998a5a9699fc4a7df60b,03f32103aba060045f2661de3c031f6fbcbc73f46000a9666f166ad349c5805d,CBAA,rayleigh_style,sens_-50.63,clue_search,19,361,4,0.5,181,181,comm_g19_r4_rayleigh_drop025_cbaa_topk050,C:\Users\lottj\Desktop\research\decentralized benchmark\topk_filter_study\results\sensitivity_suite\scenarios\clue_g19_n50.csv,229.7223,03,38,36,2,16.4771,0.4336078947368421,0.01265,7.8434,8.1682,7.172616676744052,2,13.0297,6.51485,6.6059,0.4655,16.0116,7.172616676744052,completed
22,dcta_parity_v1,custom,5789862b56c579a63f65129a7c7ce0c99a25e7c55fba998a5a9699fc4a7df60b,03f32103aba060045f2661de3c031f6fbcbc73f46000a9666f166ad349c5805d,CBAA,rayleigh_style,sens_-50.63,clue_search,19,361,4,0.5,181,181,comm_g19_r4_rayleigh_drop025_cbaa_topk050,C:\Users\lottj\Desktop\research\decentralized benchmark\topk_filter_study\results\sensitivity_suite\scenarios\clue_g19_n50.csv,1684.7302,00,39,14,25,285.4585,7.319448717948719,9.8007,13.5913,14.2851,16.94387030041962,25,241.1567,9.646268,12.4113,0.1521,285.3064,16.94387030041962,completed
22,dcta_parity_v1,custom,5789862b56c579a63f65129a7c7ce0c99a25e7c55fba998a5a9699fc4a7df60b,03f32103aba060045f2661de3c031f6fbcbc73f46000a9666f166ad349c5805d,CBAA,rayleigh_style,sens_-50.63,clue_search,19,361,4,0.5,181,181,comm_g19_r4_rayleigh_drop025_cbaa_topk050,C:\Users\lottj\Desktop\research\decentralized benchmark\topk_filter_study\results\sensitivity_suite\scenarios\clue_g19_n50.csv,1684.7302,01,42,13,29,340.4726,8.106490476190476,10.7596,14.061,14.8898,20.20932491149028,29,287.2734,9.905979310344827,13.0141,0.1725,340.3001,20.20932491149028,completed
22,dcta_parity_v1,custom,5789862b56c579a63f65129a7c7ce0c99a25e7c55fba998a5a9699fc4a7df60b,03f32103aba060045f2661de3c031f6fbcbc73f46000a9666f166ad349c5805d,CBAA,rayleigh_style,sens_-50.63,clue_search,19,361,4,0.5,181,181,comm_g19_r4_rayleigh_drop025_cbaa_topk050,C:\Users\lottj\Desktop\research\decentralized benchmark\topk_filter_study\results\sensitivity_suite\scenarios\clue_g19_n50.csv,1684.7302,02,43,14,29,343.322,7.984232558139535,10.5719,13.6539,15.4564,20.37845585008211,29,291.8464,10.063668965517241,13.8449,0.208,343.11400000000003,20.37845585008211,completed
22,dcta_parity_v1,custom,5789862b56c579a63f65129a7c7ce0c99a25e7c55fba998a5a9699fc4a7df60b,03f32103aba060045f2661de3c031f6fbcbc73f46000a9666f166ad349c5805d,CBAA,rayleigh_style,sens_-50.63,clue_search,19,361,4,0.5,181,181,comm_g19_r4_rayleigh_drop025_cbaa_topk050,C:\Users\lottj\Desktop\research\decentralized benchmark\topk_filter_study\results\sensitivity_suite\scenarios\clue_g19_n50.csv,1684.7302,03,40,12,28,323.329,8.083225,10.439350000000001,14.8161,15.2343,19.19173764440146,28,274.6976,9.810628571428571,13.6829,0.1434,323.1856,19.19173764440146,completed
23,dcta_parity_v1,custom,5789862b56c579a63f65129a7c7ce0c99a25e7c55fba998a5a9699fc4a7df60b,03f32103aba060045f2661de3c031f6fbcbc73f46000a9666f166ad349c5805d,CBAA,rayleigh_style,sens_-50.63,clue_search,19,361,4,0.5,181,181,comm_g19_r4_rayleigh_drop025_cbaa_topk050,C:\Users\lottj\Desktop\research\decentralized benchmark\topk_filter_study\results\sensitivity_suite\scenarios\clue_g19_n50.csv,225.0976,00,38,35,3,30.9922,0.8155842105263158,0.0131,10.3284,10.5872,13.768338711741041,3,26.049300000000002,8.683100000000001,8.9375,0.4807,30.511499999999998,13.768338711741041,completed
23,dcta_parity_v1,custom,5789862b56c579a63f65129a7c7ce0c99a25e7c55fba998a5a9699fc4a7df60b,03f32103aba060045f2661de3c031f6fbcbc73f46000a9666f166ad349c5805d,CBAA,rayleigh_style,sens_-50.63,clue_search,19,361,4,0.5,181,181,comm_g19_r4_rayleigh_drop025_cbaa_topk050,C:\Users\lottj\Desktop\research\decentralized benchmark\topk_filter_study\results\sensitivity_suite\scenarios\clue_g19_n50.csv,225.0976,01,38,35,3,28.303,0.7448157894736842,0.01555,9.1792,9.3981,12.573656938145943,3,23.2883,7.762766666666667,7.9134,0.5986,27.7044,12.573656938145943,completed
23,dcta_parity_v1,custom,5789862b56c579a63f65129a7c7ce0c99a25e7c55fba998a5a9699fc4a7df60b,03f32103aba060045f2661de3c031f6fbcbc73f46000a9666f166ad349c5805d,CBAA,rayleigh_style,sens_-50.63,clue_search,19,361,4,0.5,181,181,comm_g19_r4_rayleigh_drop025_cbaa_topk050,C:\Users\lottj\Desktop\research\decentralized benchmark\topk_filter_study\results\sensitivity_suite\scenarios\clue_g19_n50.csv,225.0976,02,37,35,2,19.1844,0.5184972972972973,0.0147,9.0522,9.5936,8.522703040814296,2,15.7166,7.8583,8.0691,0.5386,18.6458,8.522703040814296,completed
23,dcta_parity_v1,custom,5789862b56c579a63f65129a7c7ce0c99a25e7c55fba998a5a9699fc4a7df60b,03f32103aba060045f2661de3c031f6fbcbc73f46000a9666f166ad349c5805d,CBAA,rayleigh_style,sens_-50.63,clue_search,19,361,4,0.5,181,181,comm_g19_r4_rayleigh_drop025_cbaa_topk050,C:\Users\lottj\Desktop\research\decentralized benchmark\topk_filter_study\results\sensitivity_suite\scenarios\clue_g19_n50.csv,225.0976,03,35,33,2,20.5831,0.5880885714285715,0.0131,9.8554,10.2886,9.14407794663293,2,16.973300000000002,8.486650000000001,8.7358,0.4391,20.144,9.14407794663293,completed
24,dcta_parity_v1,custom,5789862b56c579a63f65129a7c7ce0c99a25e7c55fba998a5a9699fc4a7df60b,03f32103aba060045f2661de3c031f6fbcbc73f46000a9666f166ad349c5805d,CBAA,rayleigh_style,sens_-50.63,clue_search,19,361,4,0.5,181,181,comm_g19_r4_rayleigh_drop025_cbaa_topk050,C:\Users\lottj\Desktop\research\decentralized benchmark\topk_filter_study\results\sensitivity_suite\scenarios\clue_g19_n50.csv,2546.3263,00,94,9,85,461.4158,4.908678723404255,2.4413,12.9781,14.7967,18.120843349888034,85,314.4923,3.699909411764706,13.2936,0.0937,461.3221,18.120843349888034,completed
24,dcta_parity_v1,custom,5789862b56c579a63f65129a7c7ce0c99a25e7c55fba998a5a9699fc4a7df60b,03f32103aba060045f2661de3c031f6fbcbc73f46000a9666f166ad349c5805d,CBAA,rayleigh_style,sens_-50.63,clue_search,19,361,4,0.5,181,181,comm_g19_r4_rayleigh_drop025_cbaa_topk050,C:\Users\lottj\Desktop\research\decentralized benchmark\topk_filter_study\results\sensitivity_suite\scenarios\clue_g19_n50.csv,2546.3263,01,76,9,67,452.392,5.952526315789473,2.5557499999999997,13.2477,15.9407,17.766458289340214,67,337.5166,5.03756119402985,14.3392,0.138,452.254,17.766458289340214,completed
24,dcta_parity_v1,custom,5789862b56c579a63f65129a7c7ce0c99a25e7c55fba998a5a9699fc4a7df60b,03f32103aba060045f2661de3c031f6fbcbc73f46000a9666f166ad349c5805d,CBAA,rayleigh_style,sens_-50.63,clue_search,19,361,4,0.5,181,181,comm_g19_r4_rayleigh_drop025_cbaa_topk050,C:\Users\lottj\Desktop\research\decentralized benchmark\topk_filter_study\results\sensitivity_suite\scenarios\clue_g19_n50.csv,2546.3263,02,63,9,54,408.0014,6.476212698412699,7.0223,13.8915,16.3797,16.023138904075253,54,313.9322,5.81355925925926,14.7751,0.1377,407.8637,16.023138904075253,completed
24,dcta_parity_v1,custom,5789862b56c579a63f65129a7c7ce0c99a25e7c55fba998a5a9699fc4a7df60b,03f32103aba060045f2661de3c031f6fbcbc73f46000a9666f166ad349c5805d,CBAA,rayleigh_style,sens_-50.63,clue_search,19,361,4,0.5,181,181,comm_g19_r4_rayleigh_drop025_cbaa_topk050,C:\Users\lottj\Desktop\research\decentralized benchmark\topk_filter_study\results\sensitivity_suite\scenarios\clue_g19_n50.csv,2546.3263,03,76,7,69,417.8629,5.498196052631579,2.4663000000000004,13.1946,16.0886,16.4104223406089,69,298.7192,4.329263768115942,14.5404,0.0838,417.7791,16.4104223406089,completed
25,dcta_parity_v1,custom,5789862b56c579a63f65129a7c7ce0c99a25e7c55fba998a5a9699fc4a7df60b,03f32103aba060045f2661de3c031f6fbcbc73f46000a9666f166ad349c5805d,CBAA,rayleigh_style,sens_-50.63,clue_search,19,361,4,0.5,181,181,comm_g19_r4_rayleigh_drop025_cbaa_topk050,C:\Users\lottj\Desktop\research\decentralized benchmark\topk_filter_study\results\sensitivity_suite\scenarios\clue_g19_n50.csv,2454.07,00,99,6,93,373.1655,3.769348484848485,2.8406,7.3973,8.355,15.205984344374855,93,204.8511,2.2027,6.3559,0.054599999999999996,373.1109,15.205984344374855,completed
25,dcta_parity_v1,custom,5789862b56c579a63f65129a7c7ce0c99a25e7c55fba998a5a9699fc4a7df60b,03f32103aba060045f2661de3c031f6fbcbc73f46000a9666f166ad349c5805d,CBAA,rayleigh_style,sens_-50.63,clue_search,19,361,4,0.5,181,181,comm_g19_r4_rayleigh_drop025_cbaa_topk050,C:\Users\lottj\Desktop\research\decentralized benchmark\topk_filter_study\results\sensitivity_suite\scenarios\clue_g19_n50.csv,2454.07,01,113,6,107,434.1523,3.8420557522123895,2.7333,7.6768,8.3033,17.691113130432303,107,242.924,2.270317757009346,6.6808,0.0672,434.0851,17.691113130432303,completed
25,dcta_parity_v1,custom,5789862b56c579a63f65129a7c7ce0c99a25e7c55fba998a5a9699fc4a7df60b,03f32103aba060045f2661de3c031f6fbcbc73f46000a9666f166ad349c5805d,CBAA,rayleigh_style,sens_-50.63,clue_search,19,361,4,0.5,181,181,comm_g19_r4_rayleigh_drop025_cbaa_topk050,C:\Users\lottj\Desktop\research\decentralized benchmark\topk_filter_study\results\sensitivity_suite\scenarios\clue_g19_n50.csv,2454.07,02,83,6,77,354.389,4.269746987951807,2.9557,8.2011,8.8598,14.440867619913043,77,219.0676,2.845033766233766,7.0413,0.0674,354.3216,14.440867619913043,completed
25,dcta_parity_v1,custom,5789862b56c579a63f65129a7c7ce0c99a25e7c55fba998a5a9699fc4a7df60b,03f32103aba060045f2661de3c031f6fbcbc73f46000a9666f166ad349c5805d,CBAA,rayleigh_style,sens_-50.63,clue_search,19,361,4,0.5,181,181,comm_g19_r4_rayleigh_drop025_cbaa_topk050,C:\Users\lottj\Desktop\research\decentralized benchmark\topk_filter_study\results\sensitivity_suite\scenarios\clue_g19_n50.csv,2454.07,03,75,4,71,345.1034,4.601378666666667,5.2481,7.8891,8.6038,14.062492104952183,71,221.9384,3.125892957746479,7.1793,0.0533,345.0501,14.062492104952183,completed
26,dcta_parity_v1,custom,5789862b56c579a63f65129a7c7ce0c99a25e7c55fba998a5a9699fc4a7df60b,03f32103aba060045f2661de3c031f6fbcbc73f46000a9666f166ad349c5805d,CBAA,rayleigh_style,sens_-50.63,clue_search,19,361,4,0.5,181,181,comm_g19_r4_rayleigh_drop025_cbaa_topk050,C:\Users\lottj\Desktop\research\decentralized benchmark\topk_filter_study\results\sensitivity_suite\scenarios\clue_g19_n50.csv,173.3588,00,57,54,3,6.4714,0.11353333333333333,0.0112,1.9004,2.0077,3.7329515432732574,3,2.2056,0.7352,0.7567,0.6442,5.8271999999999995,3.7329515432732574,completed
26,dcta_parity_v1,custom,5789862b56c579a63f65129a7c7ce0c99a25e7c55fba998a5a9699fc4a7df60b,03f32103aba060045f2661de3c031f6fbcbc73f46000a9666f166ad349c5805d,CBAA,rayleigh_style,sens_-50.63,clue_search,19,361,4,0.5,181,181,comm_g19_r4_rayleigh_drop025_cbaa_topk050,C:\Users\lottj\Desktop\research\decentralized benchmark\topk_filter_study\results\sensitivity_suite\scenarios\clue_g19_n50.csv,173.3588,01,56,53,3,5.9716,0.10663571428571428,0.013649999999999999,1.6965,1.7789,3.444647747907807,3,2.0041,0.6680333333333334,0.6785,0.7584,5.2132,3.444647747907807,completed
26,dcta_parity_v1,custom,5789862b56c579a63f65129a7c7ce0c99a25e7c55fba998a5a9699fc4a7df60b,03f32103aba060045f2661de3c031f6fbcbc73f46000a9666f166ad349c5805d,CBAA,rayleigh_style,sens_-50.63,clue_search,19,361,4,0.5,181,181,comm_g19_r4_rayleigh_drop025_cbaa_topk050,C:\Users\lottj\Desktop\research\decentralized benchmark\topk_filter_study\results\sensitivity_suite\scenarios\clue_g19_n50.csv,173.3588,02,57,54,3,6.1895,0.10858771929824561,0.0133,1.7661,1.8635,3.5703408191565695,3,2.0961,0.6987,0.7186,0.7411,5.4483999999999995,3.5703408191565695,completed
26,dcta_parity_v1,custom,5789862b56c579a63f65129a7c7ce0c99a25e7c55fba998a5a9699fc4a7df60b,03f32103aba060045f2661de3c031f6fbcbc73f46000a9666f166ad349c5805d,CBAA,rayleigh_style,sens_-50.63,clue_search,19,361,4,0.5,181,181,comm_g19_r4_rayleigh_drop025_cbaa_topk050,C:\Users\lottj\Desktop\research\decentralized benchmark\topk_filter_study\results\sensitivity_suite\scenarios\clue_g19_n50.csv,173.3588,03,54,51,3,6.5838,0.12192222222222222,0.01195,1.9076,2.0992,3.7977881711225505,3,2.2062999999999997,0.7354333333333333,0.7663,0.6468,5.937,3.7977881711225505,completed
27,dcta_parity_v1,custom,5789862b56c579a63f65129a7c7ce0c99a25e7c55fba998a5a9699fc4a7df60b,03f32103aba060045f2661de3c031f6fbcbc73f46000a9666f166ad349c5805d,CBAA,rayleigh_style,sens_-50.63,clue_search,19,361,4,0.5,181,181,comm_g19_r4_rayleigh_drop025_cbaa_topk050,C:\Users\lottj\Desktop\research\decentralized benchmark\topk_filter_study\results\sensitivity_suite\scenarios\clue_g19_n50.csv,2309.5677,00,66,9,57,323.1472,4.896169696969697,2.5141,11.9396,12.5972,13.99167471903941,57,225.7816,3.961080701754386,11.09,0.1019,323.0453,13.99167471903941,completed
27,dcta_parity_v1,custom,5789862b56c579a63f65129a7c7ce0c99a25e7c55fba998a5a9699fc4a7df60b,03f32103aba060045f2661de3c031f6fbcbc73f46000a9666f166ad349c5805d,CBAA,rayleigh_style,sens_-50.63,clue_search,19,361,4,0.5,181,181,comm_g19_r4_rayleigh_drop025_cbaa_topk050,C:\Users\lottj\Desktop\research\decentralized benchmark\topk_filter_study\results\sensitivity_suite\scenarios\clue_g19_n50.csv,2309.5677,01,67,9,58,428.5693,6.39655671641791,8.257,11.4572,13.0424,18.556256220590544,58,331.7317,5.719512068965517,11.4948,0.1261,428.4432,18.556256220590544,completed
27,dcta_parity_v1,custom,5789862b56c579a63f65129a7c7ce0c99a25e7c55fba998a5a9699fc4a7df60b,03f32103aba060045f2661de3c031f6fbcbc73f46000a9666f166ad349c5805d,CBAA,rayleigh_style,sens_-50.63,clue_search,19,361,4,0.5,181,181,comm_g19_r4_rayleigh_drop025_cbaa_topk050,C:\Users\lottj\Desktop\research\decentralized benchmark\topk_filter_study\results\sensitivity_suite\scenarios\clue_g19_n50.csv,2309.5677,02,71,10,61,428.996,6.042197183098591,3.0621,12.1378,12.7607,18.57473153958639,61,326.2312,5.348052459016394,11.0339,0.1186,428.8774,18.57473153958639,completed
27,dcta_parity_v1,custom,5789862b56c579a63f65129a7c7ce0c99a25e7c55fba998a5a9699fc4a7df60b,03f32103aba060045f2661de3c031f6fbcbc73f46000a9666f166ad349c5805d,CBAA,rayleigh_style,sens_-50.63,clue_search,19,361,4,0.5,181,181,comm_g19_r4_rayleigh_drop025_cbaa_topk050,C:\Users\lottj\Desktop\research\decentralized benchmark\topk_filter_study\results\sensitivity_suite\scenarios\clue_g19_n50.csv,2309.5677,03,74,7,67,437.409,5.910932432432432,2.63385,12.0945,12.2529,18.9389988438096,67,325.4366,4.857262686567164,10.7784,0.0714,437.3376,18.9389988438096,completed
28,dcta_parity_v1,custom,5789862b56c579a63f65129a7c7ce0c99a25e7c55fba998a5a9699fc4a7df60b,03f32103aba060045f2661de3c031f6fbcbc73f46000a9666f166ad349c5805d,CBAA,rayleigh_style,sens_-50.63,clue_search,19,361,4,0.5,181,181,comm_g19_r4_rayleigh_drop025_cbaa_topk050,C:\Users\lottj\Desktop\research\decentralized benchmark\topk_filter_study\results\sensitivity_suite\scenarios\clue_g19_n50.csv,1443.1914,00,42,17,25,182.3453,4.341554761904762,2.55165,9.9028,10.4681,12.634866033708352,24,144.996,6.0415,9.0378,0.162,182.1833,12.634866033708352,completed
28,dcta_parity_v1,custom,5789862b56c579a63f65129a7c7ce0c99a25e7c55fba998a5a9699fc4a7df60b,03f32103aba060045f2661de3c031f6fbcbc73f46000a9666f166ad349c5805d,CBAA,rayleigh_style,sens_-50.63,clue_search,19,361,4,0.5,181,181,comm_g19_r4_rayleigh_drop025_cbaa_topk050,C:\Users\lottj\Desktop\research\decentralized benchmark\topk_filter_study\results\sensitivity_suite\scenarios\clue_g19_n50.csv,1443.1914,01,60,17,43,251.7363,4.195605,2.5711000000000004,9.3077,10.0691,17.443029386123005,43,181.2177,4.21436511627907,8.7901,0.2066,251.5297,17.443029386123005,completed
28,dcta_parity_v1,custom,5789862b56c579a63f65129a7c7ce0c99a25e7c55fba998a5a9699fc4a7df60b,03f32103aba060045f2661de3c031f6fbcbc73f46000a9666f166ad349c5805d,CBAA,rayleigh_style,sens_-50.63,clue_search,19,361,4,0.5,181,181,comm_g19_r4_rayleigh_drop025_cbaa_topk050,C:\Users\lottj\Desktop\research\decentralized benchmark\topk_filter_study\results\sensitivity_suite\scenarios\clue_g19_n50.csv,1443.1914,02,63,18,45,272.8139,4.330379365079365,2.6044,9.2476,10.2948,18.903514807530033,45,199.0696,4.423768888888889,9.0312,0.2202,272.5937,18.903514807530033,completed
28,dcta_parity_v1,custom,5789862b56c579a63f65129a7c7ce0c99a25e7c55fba998a5a9699fc4a7df60b,03f32103aba060045f2661de3c031f6fbcbc73f46000a9666f166ad349c5805d,CBAA,rayleigh_style,sens_-50.63,clue_search,19,361,4,0.5,181,181,comm_g19_r4_rayleigh_drop025_cbaa_topk050,C:\Users\lottj\Desktop\research\decentralized benchmark\topk_filter_study\results\sensitivity_suite\scenarios\clue_g19_n50.csv,1443.1914,03,53,15,38,272.3265,5.138235849056604,7.8451,10.5716,10.7635,18.869742433332128,38,210.5097,5.539728947368421,9.3726,0.1464,272.1801,18.869742433332128,completed
29,dcta_parity_v1,custom,5789862b56c579a63f65129a7c7ce0c99a25e7c55fba998a5a9699fc4a7df60b,03f32103aba060045f2661de3c031f6fbcbc73f46000a9666f166ad349c5805d,CBAA,rayleigh_style,sens_-50.63,clue_search,19,361,4,0.5,181,181,comm_g19_r4_rayleigh_drop025_cbaa_topk050,C:\Users\lottj\Desktop\research\decentralized benchmark\topk_filter_study\results\sensitivity_suite\scenarios\clue_g19_n50.csv,376.3817,00,53,42,11,54.4962,1.0282301886792453,0.0125,5.8053,6.4223,14.478971745969583,11,38.1566,3.4687818181818177,4.9112,0.5256,53.9706,14.478971745969583,completed
29,dcta_parity_v1,custom,5789862b56c579a63f65129a7c7ce0c99a25e7c55fba998a5a9699fc4a7df60b,03f32103aba060045f2661de3c031f6fbcbc73f46000a9666f166ad349c5805d,CBAA,rayleigh_style,sens_-50.63,clue_search,19,361,4,0.5,181,181,comm_g19_r4_rayleigh_drop025_cbaa_topk050,C:\Users\lottj\Desktop\research\decentralized benchmark\topk_filter_study\results\sensitivity_suite\scenarios\clue_g19_n50.csv,376.3817,01,51,42,9,32.7367,0.6418960784313725,0.0156,5.4172,5.7747,8.697739555350326,9,19.4934,2.1659333333333333,4.2681,0.658,32.0787,8.697739555350326,completed
29,dcta_parity_v1,custom,5789862b56c579a63f65129a7c7ce0c99a25e7c55fba998a5a9699fc4a7df60b,03f32103aba060045f2661de3c031f6fbcbc73f46000a9666f166ad349c5805d,CBAA,rayleigh_style,sens_-50.63,clue_search,19,361,4,0.5,181,181,comm_g19_r4_rayleigh_drop025_cbaa_topk050,C:\Users\lottj\Desktop\research\decentralized benchmark\topk_filter_study\results\sensitivity_suite\scenarios\clue_g19_n50.csv,376.3817,02,51,42,9,35.119,0.6886078431372549,0.0156,5.3751,5.8737,9.330687437779254,9,22.1721,2.463566666666667,4.3973,0.6628000000000001,34.4562,9.330687437779254,completed
29,dcta_parity_v1,custom,5789862b56c579a63f65129a7c7ce0c99a25e7c55fba998a5a9699fc4a7df60b,03f32103aba060045f2661de3c031f6fbcbc73f46000a9666f166ad349c5805d,CBAA,rayleigh_style,sens_-50.63,clue_search,19,361,4,0.5,181,181,comm_g19_r4_rayleigh_drop025_cbaa_topk050,C:\Users\lottj\Desktop\research\decentralized benchmark\topk_filter_study\results\sensitivity_suite\scenarios\clue_g19_n50.csv,376.3817,03,50,40,10,41.1744,0.823488,0.01235,5.7106,6.1422,10.939532926282014,10,26.9072,2.69072,4.6509,0.7164,40.458,10.939532926282014,completed
30,dcta_parity_v1,custom,5789862b56c579a63f65129a7c7ce0c99a25e7c55fba998a5a9699fc4a7df60b,03f32103aba060045f2661de3c031f6fbcbc73f46000a9666f166ad349c5805d,CBAA,rayleigh_style,sens_-50.63,clue_search,19,361,4,0.5,181,181,comm_g19_r4_rayleigh_drop025_cbaa_topk050,C:\Users\lottj\Desktop\research\decentralized benchmark\topk_filter_study\results\sensitivity_suite\scenarios\clue_g19_n50.csv,46.356,00,18,18,0,0.23399999999999999,0.013,0.0102,0.0477,0.0477,0.5047890240745534,0,0.0,0.0,0.0,0.23399999999999999,0.0,0.5047890240745534,completed
30,dcta_parity_v1,custom,5789862b56c579a63f65129a7c7ce0c99a25e7c55fba998a5a9699fc4a7df60b,03f32103aba060045f2661de3c031f6fbcbc73f46000a9666f166ad349c5805d,CBAA,rayleigh_style,sens_-50.63,clue_search,19,361,4,0.5,181,181,comm_g19_r4_rayleigh_drop025_cbaa_topk050,C:\Users\lottj\Desktop\research\decentralized benchmark\topk_filter_study\results\sensitivity_suite\scenarios\clue_g19_n50.csv,46.356,01,18,18,0,0.2343,0.013016666666666668,0.0128,0.0188,0.0188,0.5054361894900337,0,0.0,0.0,0.0,0.2343,0.0,0.5054361894900337,completed
30,dcta_parity_v1,custom,5789862b56c579a63f65129a7c7ce0c99a25e7c55fba998a5a9699fc4a7df60b,03f32103aba060045f2661de3c031f6fbcbc73f46000a9666f166ad349c5805d,CBAA,rayleigh_style,sens_-50.63,clue_search,19,361,4,0.5,181,181,comm_g19_r4_rayleigh_drop025_cbaa_topk050,C:\Users\lottj\Desktop\research\decentralized benchmark\topk_filter_study\results\sensitivity_suite\scenarios\clue_g19_n50.csv,46.356,02,18,18,0,0.2544,0.014133333333333335,0.012750000000000001,0.0217,0.0217,0.5487962723272068,0,0.0,0.0,0.0,0.2544,0.0,0.5487962723272068,completed
30,dcta_parity_v1,custom,5789862b56c579a63f65129a7c7ce0c99a25e7c55fba998a5a9699fc4a7df60b,03f32103aba060045f2661de3c031f6fbcbc73f46000a9666f166ad349c5805d,CBAA,rayleigh_style,sens_-50.63,clue_search,19,361,4,0.5,181,181,comm_g19_r4_rayleigh_drop025_cbaa_topk050,C:\Users\lottj\Desktop\research\decentralized benchmark\topk_filter_study\results\sensitivity_suite\scenarios\clue_g19_n50.csv,46.356,03,16,16,0,0.166,0.010375,0.00975,0.0175,0.0175,0.3580981965657089,0,0.0,0.0,0.0,0.166,0.0,0.3580981965657089,completed
31,dcta_parity_v1,custom,5789862b56c579a63f65129a7c7ce0c99a25e7c55fba998a5a9699fc4a7df60b,03f32103aba060045f2661de3c031f6fbcbc73f46000a9666f166ad349c5805d,CBAA,rayleigh_style,sens_-50.63,clue_search,19,361,4,0.5,181,181,comm_g19_r4_rayleigh_drop025_cbaa_topk050,C:\Users\lottj\Desktop\research\decentralized benchmark\topk_filter_study\results\sensitivity_suite\scenarios\clue_g19_n50.csv,1940.0466,00,64,4,60,320.9163,5.0143171875,5.8555,7.9729,8.5184,16.541679978202584,60,210.0493,3.5008216666666665,6.7221,0.0438,320.8725,16.541679978202584,completed
31,dcta_parity_v1,custom,5789862b56c579a63f65129a7c7ce0c99a25e7c55fba998a5a9699fc4a7df60b,03f32103aba060045f2661de3c031f6fbcbc73f46000a9666f166ad349c5805d,CBAA,rayleigh_style,sens_-50.63,clue_search,19,361,4,0.5,181,181,comm_g19_r4_rayleigh_drop025_cbaa_topk050,C:\Users\lottj\Desktop\research\decentralized benchmark\topk_filter_study\results\sensitivity_suite\scenarios\clue_g19_n50.csv,1940.0466,01,63,4,59,321.025,5.09563492063492,5.9386,7.7999,8.1733,16.54728293639957,59,216.2809,3.665777966101695,6.7273,0.0758,320.9492,16.54728293639957,completed
31,dcta_parity_v1,custom,5789862b56c579a63f65129a7c7ce0c99a25e7c55fba998a5a9699fc4a7df60b,03f32103aba060045f2661de3c031f6fbcbc73f46000a9666f166ad349c5805d,CBAA,rayleigh_style,sens_-50.63,clue_search,19,361,4,0.5,181,181,comm_g19_r4_rayleigh_drop025_cbaa_topk050,C:\Users\lottj\Desktop\research\decentralized benchmark\topk_filter_study\results\sensitivity_suite\scenarios\clue_g19_n50.csv,1940.0466,02,68,4,64,343.4391,5.050575,5.5214,8.1504,9.3039,17.702621163842146,64,224.348,3.5054375,7.8027,0.0564,343.3827,17.702621163842146,completed
31,dcta_parity_v1,custom,5789862b56c579a63f65129a7c7ce0c99a25e7c55fba998a5a9699fc4a7df60b,03f32103aba060045f2661de3c031f6fbcbc73f46000a9666f166ad349c5805d,CBAA,rayleigh_style,sens_-50.63,clue_search,19,361,4,0.5,181,181,comm_g19_r4_rayleigh_drop025_cbaa_topk050,C:\Users\lottj\Desktop\research\decentralized benchmark\topk_filter_study\results\sensitivity_suite\scenarios\clue_g19_n50.csv,1940.0466,03,57,2,55,320.3793,5.620689473684211,6.0268,8.7105,9.0801,16.514000230716107,55,222.9137,4.052976363636364,7.4503,0.0409,320.3384,16.514000230716107,completed
32,dcta_parity_v1,custom,5789862b56c579a63f65129a7c7ce0c99a25e7c55fba998a5a9699fc4a7df60b,03f32103aba060045f2661de3c031f6fbcbc73f46000a9666f166ad349c5805d,CBAA,rayleigh_style,sens_-50.63,clue_search,19,361,4,0.5,181,181,comm_g19_r4_rayleigh_drop025_cbaa_topk050,C:\Users\lottj\Desktop\research\decentralized benchmark\topk_filter_study\results\sensitivity_suite\scenarios\clue_g19_n50.csv,52.0169,00,21,21,0,0.2024,0.009638095238095237,0.0095,0.0118,0.0149,0.389104310329912,0,0.0,0.0,0.0,0.2024,0.0,0.389104310329912,completed
32,dcta_parity_v1,custom,5789862b56c579a63f65129a7c7ce0c99a25e7c55fba998a5a9699fc4a7df60b,03f32103aba060045f2661de3c031f6fbcbc73f46000a9666f166ad349c5805d,CBAA,rayleigh_style,sens_-50.63,clue_search,19,361,4,0.5,181,181,comm_g19_r4_rayleigh_drop025_cbaa_topk050,C:\Users\lottj\Desktop\research\decentralized benchmark\topk_filter_study\results\sensitivity_suite\scenarios\clue_g19_n50.csv,52.0169,01,22,22,0,0.2686,0.012209090909090909,0.01145,0.0168,0.0177,0.5163706410801105,0,0.0,0.0,0.0,0.2686,0.0,0.5163706410801105,completed
32,dcta_parity_v1,custom,5789862b56c579a63f65129a7c7ce0c99a25e7c55fba998a5a9699fc4a7df60b,03f32103aba060045f2661de3c031f6fbcbc73f46000a9666f166ad349c5805d,CBAA,rayleigh_style,sens_-50.63,clue_search,19,361,4,0.5,181,181,comm_g19_r4_rayleigh_drop025_cbaa_topk050,C:\Users\lottj\Desktop\research\decentralized benchmark\topk_filter_study\results\sensitivity_suite\scenarios\clue_g19_n50.csv,52.0169,02,22,22,0,0.2744,0.012472727272727272,0.012199999999999999,0.016,0.016,0.5275208634116989,0,0.0,0.0,0.0,0.2744,0.0,0.5275208634116989,completed
32,dcta_parity_v1,custom,5789862b56c579a63f65129a7c7ce0c99a25e7c55fba998a5a9699fc4a7df60b,03f32103aba060045f2661de3c031f6fbcbc73f46000a9666f166ad349c5805d,CBAA,rayleigh_style,sens_-50.63,clue_search,19,361,4,0.5,181,181,comm_g19_r4_rayleigh_drop025_cbaa_topk050,C:\Users\lottj\Desktop\research\decentralized benchmark\topk_filter_study\results\sensitivity_suite\scenarios\clue_g19_n50.csv,52.0169,03,20,20,0,0.2002,0.01001,0.009049999999999999,0.0115,0.0266,0.38487491565241294,0,0.0,0.0,0.0,0.2002,0.0,0.38487491565241294,completed
33,dcta_parity_v1,custom,5789862b56c579a63f65129a7c7ce0c99a25e7c55fba998a5a9699fc4a7df60b,03f32103aba060045f2661de3c031f6fbcbc73f46000a9666f166ad349c5805d,CBAA,rayleigh_style,sens_-50.63,clue_search,19,361,4,0.5,181,181,comm_g19_r4_rayleigh_drop025_cbaa_topk050,C:\Users\lottj\Desktop\research\decentralized benchmark\topk_filter_study\results\sensitivity_suite\scenarios\clue_g19_n50.csv,7.6233,00,3,3,0,0.0378,0.0126,0.0111,0.0178,0.0178,0.49584825469284954,0,0.0,0.0,0.0,0.0378,0.0,0.49584825469284954,completed
33,dcta_parity_v1,custom,5789862b56c579a63f65129a7c7ce0c99a25e7c55fba998a5a9699fc4a7df60b,03f32103aba060045f2661de3c031f6fbcbc73f46000a9666f166ad349c5805d,CBAA,rayleigh_style,sens_-50.63,clue_search,19,361,4,0.5,181,181,comm_g19_r4_rayleigh_drop025_cbaa_topk050,C:\Users\lottj\Desktop\research\decentralized benchmark\topk_filter_study\results\sensitivity_suite\scenarios\clue_g19_n50.csv,7.6233,01,2,2,0,0.0262,0.0131,0.0131,0.0166,0.0166,0.34368318182414437,0,0.0,0.0,0.0,0.0262,0.0,0.34368318182414437,completed
33,dcta_parity_v1,custom,5789862b56c579a63f65129a7c7ce0c99a25e7c55fba998a5a9699fc4a7df60b,03f32103aba060045f2661de3c031f6fbcbc73f46000a9666f166ad349c5805d,CBAA,rayleigh_style,sens_-50.63,clue_search,19,361,4,0.5,181,181,comm_g19_r4_rayleigh_drop025_cbaa_topk050,C:\Users\lottj\Desktop\research\decentralized benchmark\topk_filter_study\results\sensitivity_suite\scenarios\clue_g19_n50.csv,7.6233,02,3,3,0,0.0601,0.020033333333333334,0.0206,0.0249,0.0249,0.7883724896042396,0,0.0,0.0,0.0,0.0601,0.0,0.7883724896042396,completed
33,dcta_parity_v1,custom,5789862b56c579a63f65129a7c7ce0c99a25e7c55fba998a5a9699fc4a7df60b,03f32103aba060045f2661de3c031f6fbcbc73f46000a9666f166ad349c5805d,CBAA,rayleigh_style,sens_-50.63,clue_search,19,361,4,0.5,181,181,comm_g19_r4_rayleigh_drop025_cbaa_topk050,C:\Users\lottj\Desktop\research\decentralized benchmark\topk_filter_study\results\sensitivity_suite\scenarios\clue_g19_n50.csv,7.6233,03,1,1,0,0.0181,0.0181,0.0181,0.0181,0.0181,0.23742998438996235,0,0.0,0.0,0.0,0.0181,0.0,0.23742998438996235,completed
34,dcta_parity_v1,custom,5789862b56c579a63f65129a7c7ce0c99a25e7c55fba998a5a9699fc4a7df60b,03f32103aba060045f2661de3c031f6fbcbc73f46000a9666f166ad349c5805d,CBAA,rayleigh_style,sens_-50.63,clue_search,19,361,4,0.5,181,181,comm_g19_r4_rayleigh_drop025_cbaa_topk050,C:\Users\lottj\Desktop\research\decentralized benchmark\topk_filter_study\results\sensitivity_suite\scenarios\clue_g19_n50.csv,1291.0488,00,66,26,40,224.8003,3.4060651515151514,2.2888,9.3489,10.9535,17.412223302480896,40,162.8302,4.070755,9.3926,0.2785,224.52179999999998,17.412223302480896,completed
34,dcta_parity_v1,custom,5789862b56c579a63f65129a7c7ce0c99a25e7c55fba998a5a9699fc4a7df60b,03f32103aba060045f2661de3c031f6fbcbc73f46000a9666f166ad349c5805d,CBAA,rayleigh_style,sens_-50.63,clue_search,19,361,4,0.5,181,181,comm_g19_r4_rayleigh_drop025_cbaa_topk050,C:\Users\lottj\Desktop\research\decentralized benchmark\topk_filter_study\results\sensitivity_suite\scenarios\clue_g19_n50.csv,1291.0488,01,71,25,46,214.5339,3.0216042253521125,2.0999,9.1629,10.9944,16.617024856070504,46,145.3376,3.159513043478261,9.6521,0.3214,214.2125,16.617024856070504,completed
34,dcta_parity_v1,custom,5789862b56c579a63f65129a7c7ce0c99a25e7c55fba998a5a9699fc4a7df60b,03f32103aba060045f2661de3c031f6fbcbc73f46000a9666f166ad349c5805d,CBAA,rayleigh_style,sens_-50.63,clue_search,19,361,4,0.5,181,181,comm_g19_r4_rayleigh_drop025_cbaa_topk050,C:\Users\lottj\Desktop\research\decentralized benchmark\topk_filter_study\results\sensitivity_suite\scenarios\clue_g19_n50.csv,1291.0488,02,70,26,44,204.1913,2.9170185714285717,1.91015,9.2011,11.9577,15.815924231524015,44,138.8378,3.155404545454545,10.3222,0.3525,203.8388,15.815924231524015,completed
34,dcta_parity_v1,custom,5789862b56c579a63f65129a7c7ce0c99a25e7c55fba998a5a9699fc4a7df60b,03f32103aba060045f2661de3c031f6fbcbc73f46000a9666f166ad349c5805d,CBAA,rayleigh_style,sens_-50.63,clue_search,19,361,4,0.5,181,181,comm_g19_r4_rayleigh_drop025_cbaa_topk050,C:\Users\lottj\Desktop\research\decentralized benchmark\topk_filter_study\results\sensitivity_suite\scenarios\clue_g19_n50.csv,1291.0488,03,62,23,39,206.8848,3.336851612903226,1.91435,8.9388,11.1674,16.02455306104618,39,148.382,3.804666666666667,9.6964,0.2445,206.6403,16.02455306104618,completed
35,dcta_parity_v1,custom,5789862b56c579a63f65129a7c7ce0c99a25e7c55fba998a5a9699fc4a7df60b,03f32103aba060045f2661de3c031f6fbcbc73f46000a9666f166ad349c5805d,CBAA,rayleigh_style,sens_-50.63,clue_search,19,361,4,0.5,181,181,comm_g19_r4_rayleigh_drop025_cbaa_topk050,C:\Users\lottj\Desktop\research\decentralized benchmark\topk_filter_study\results\sensitivity_suite\scenarios\clue_g19_n50.csv,2017.0621,00,48,9,39,359.9546,7.499054166666667,8.6082,13.1546,13.7778,17.845489239027398,39,297.819,7.636384615384616,12.1927,0.0859,359.8687,17.845489239027398,completed
35,dcta_parity_v1,custom,5789862b56c579a63f65129a7c7ce0c99a25e7c55fba998a5a9699fc4a7df60b,03f32103aba060045f2661de3c031f6fbcbc73f46000a9666f166ad349c5805d,CBAA,rayleigh_style,sens_-50.63,clue_search,19,361,4,0.5,181,181,comm_g19_r4_rayleigh_drop025_cbaa_topk050,C:\Users\lottj\Desktop\research\decentralized benchmark\topk_filter_study\results\sensitivity_suite\scenarios\clue_g19_n50.csv,2017.0621,01,51,8,43,402.835,7.898725490196078,8.7797,13.2236,13.4111,19.971373216521197,43,336.6237,7.828458139534884,12.0463,0.1106,402.7244,19.971373216521197,completed
35,dcta_parity_v1,custom,5789862b56c579a63f65129a7c7ce0c99a25e7c55fba998a5a9699fc4a7df60b,03f32103aba060045f2661de3c031f6fbcbc73f46000a9666f166ad349c5805d,CBAA,rayleigh_style,sens_-50.63,clue_search,19,361,4,0.5,181,181,comm_g19_r4_rayleigh_drop025_cbaa_topk050,C:\Users\lottj\Desktop\research\decentralized benchmark\topk_filter_study\results\sensitivity_suite\scenarios\clue_g19_n50.csv,2017.0621,02,50,9,41,391.2398,7.824796,8.7587,13.1717,13.8853,19.396517340740278,41,328.4008,8.009775609756097,12.5351,0.1235,391.1163,19.396517340740278,completed
35,dcta_parity_v1,custom,5789862b56c579a63f65129a7c7ce0c99a25e7c55fba998a5a9699fc4a7df60b,03f32103aba060045f2661de3c031f6fbcbc73f46000a9666f166ad349c5805d,CBAA,rayleigh_style,sens_-50.63,clue_search,19,361,4,0.5,181,181,comm_g19_r4_rayleigh_drop025_cbaa_topk050,C:\Users\lottj\Desktop\research\decentralized benchmark\topk_filter_study\results\sensitivity_suite\scenarios\clue_g19_n50.csv,2017.0621,03,48,7,41,377.9787,7.87455625,9.1172,12.9219,13.5718,18.739071047936502,41,312.6787,7.626309756097561,12.1245,0.0942,377.8845,18.739071047936502,completed
36,dcta_parity_v1,custom,5789862b56c579a63f65129a7c7ce0c99a25e7c55fba998a5a9699fc4a7df60b,03f32103aba060045f2661de3c031f6fbcbc73f46000a9666f166ad349c5805d,CBAA,rayleigh_style,sens_-50.63,clue_search,19,361,4,0.5,181,181,comm_g19_r4_rayleigh_drop025_cbaa_topk050,C:\Users\lottj\Desktop\research\decentralized benchmark\topk_filter_study\results\sensitivity_suite\scenarios\clue_g19_n50.csv,18.6998,00,7,7,0,0.0746,0.010657142857142856,0.0104,0.0139,0.0139,0.3989347479652189,0,0.0,0.0,0.0,0.0746,0.0,0.3989347479652189,completed
36,dcta_parity_v1,custom,5789862b56c579a63f65129a7c7ce0c99a25e7c55fba998a5a9699fc4a7df60b,03f32103aba060045f2661de3c031f6fbcbc73f46000a9666f166ad349c5805d,CBAA,rayleigh_style,sens_-50.63,clue_search,19,361,4,0.5,181,181,comm_g19_r4_rayleigh_drop025_cbaa_topk050,C:\Users\lottj\Desktop\research\decentralized benchmark\topk_filter_study\results\sensitivity_suite\scenarios\clue_g19_n50.csv,18.6998,01,6,6,0,0.0852,0.014199999999999999,0.0132,0.0177,0.0177,0.45561984620156365,0,0.0,0.0,0.0,0.0852,0.0,0.45561984620156365,completed
36,dcta_parity_v1,custom,5789862b56c579a63f65129a7c7ce0c99a25e7c55fba998a5a9699fc4a7df60b,03f32103aba060045f2661de3c031f6fbcbc73f46000a9666f166ad349c5805d,CBAA,rayleigh_style,sens_-50.63,clue_search,19,361,4,0.5,181,181,comm_g19_r4_rayleigh_drop025_cbaa_topk050,C:\Users\lottj\Desktop\research\decentralized benchmark\topk_filter_study\results\sensitivity_suite\scenarios\clue_g19_n50.csv,18.6998,02,7,7,0,0.0871,0.012442857142857143,0.0123,0.0148,0.0148,0.46578038267788957,0,0.0,0.0,0.0,0.0871,0.0,0.46578038267788957,completed
36,dcta_parity_v1,custom,5789862b56c579a63f65129a7c7ce0c99a25e7c55fba998a5a9699fc4a7df60b,03f32103aba060045f2661de3c031f6fbcbc73f46000a9666f166ad349c5805d,CBAA,rayleigh_style,sens_-50.63,clue_search,19,361,4,0.5,181,181,comm_g19_r4_rayleigh_drop025_cbaa_topk050,C:\Users\lottj\Desktop\research\decentralized benchmark\topk_filter_study\results\sensitivity_suite\scenarios\clue_g19_n50.csv,18.6998,03,5,5,0,0.0663,0.01326,0.0106,0.0246,0.0246,0.3545492465160055,0,0.0,0.0,0.0,0.0663,0.0,0.3545492465160055,completed
37,dcta_parity_v1,custom,5789862b56c579a63f65129a7c7ce0c99a25e7c55fba998a5a9699fc4a7df60b,03f32103aba060045f2661de3c031f6fbcbc73f46000a9666f166ad349c5805d,CBAA,rayleigh_style,sens_-50.63,clue_search,19,361,4,0.5,181,181,comm_g19_r4_rayleigh_drop025_cbaa_topk050,C:\Users\lottj\Desktop\research\decentralized benchmark\topk_filter_study\results\sensitivity_suite\scenarios\clue_g19_n50.csv,1915.6114,00,72,1,71,299.85699999999997,4.164680555555555,4.4166,5.8767,6.9679,15.653331359376958,71,165.3136,2.328360563380282,5.3431,0.0091,299.8479,15.653331359376958,completed
37,dcta_parity_v1,custom,5789862b56c579a63f65129a7c7ce0c99a25e7c55fba998a5a9699fc4a7df60b,03f32103aba060045f2661de3c031f6fbcbc73f46000a9666f166ad349c5805d,CBAA,rayleigh_style,sens_-50.63,clue_search,19,361,4,0.5,181,181,comm_g19_r4_rayleigh_drop025_cbaa_topk050,C:\Users\lottj\Desktop\research\decentralized benchmark\topk_filter_study\results\sensitivity_suite\scenarios\clue_g19_n50.csv,1915.6114,01,59,1,58,241.202,4.088169491525424,4.4148,5.7684,5.8411,12.591384661836948,58,131.3337,2.2643741379310343,4.3887,0.0425,241.1595,12.591384661836948,completed
37,dcta_parity_v1,custom,5789862b56c579a63f65129a7c7ce0c99a25e7c55fba998a5a9699fc4a7df60b,03f32103aba060045f2661de3c031f6fbcbc73f46000a9666f166ad349c5805d,CBAA,rayleigh_style,sens_-50.63,clue_search,19,361,4,0.5,181,181,comm_g19_r4_rayleigh_drop025_cbaa_topk050,C:\Users\lottj\Desktop\research\decentralized benchmark\topk_filter_study\results\sensitivity_suite\scenarios\clue_g19_n50.csv,1915.6114,02,72,1,71,310.6296,4.314299999999999,4.7829,6.0489,6.4764,16.215689674847415,71,179.2114,2.5241042253521124,4.7066,0.0142,310.6154,16.215689674847415,completed
37,dcta_parity_v1,custom,5789862b56c579a63f65129a7c7ce0c99a25e7c55fba998a5a9699fc4a7df60b,03f32103aba060045f2661de3c031f6fbcbc73f46000a9666f166ad349c5805d,CBAA,rayleigh_style,sens_-50.63,clue_search,19,361,4,0.5,181,181,comm_g19_r4_rayleigh_drop025_cbaa_topk050,C:\Users\lottj\Desktop\research\decentralized benchmark\topk_filter_study\results\sensitivity_suite\scenarios\clue_g19_n50.csv,1915.6114,03,74,1,73,325.6806,4.4010891891891895,4.94265,5.9192,6.5143,17.0013918271733,73,189.4041,2.594576712328767,4.6029,0.0181,325.6625,17.0013918271733,completed
38,dcta_parity_v1,custom,5789862b56c579a63f65129a7c7ce0c99a25e7c55fba998a5a9699fc4a7df60b,03f32103aba060045f2661de3c031f6fbcbc73f46000a9666f166ad349c5805d,CBAA,rayleigh_style,sens_-50.63,clue_search,19,361,4,0.5,181,181,comm_g19_r4_rayleigh_drop025_cbaa_topk050,C:\Users\lottj\Desktop\research\decentralized benchmark\topk_filter_study\results\sensitivity_suite\scenarios\clue_g19_n50.csv,217.1518,00,45,42,3,22.784,0.506311111111111,0.0119,7.2583,7.6203,10.492199465995677,3,17.9512,5.983733333333333,6.1257,0.4812,22.3028,10.492199465995677,completed
38,dcta_parity_v1,custom,5789862b56c579a63f65129a7c7ce0c99a25e7c55fba998a5a9699fc4a7df60b,03f32103aba060045f2661de3c031f6fbcbc73f46000a9666f166ad349c5805d,CBAA,rayleigh_style,sens_-50.63,clue_search,19,361,4,0.5,181,181,comm_g19_r4_rayleigh_drop025_cbaa_topk050,C:\Users\lottj\Desktop\research\decentralized benchmark\topk_filter_study\results\sensitivity_suite\scenarios\clue_g19_n50.csv,217.1518,01,45,42,3,20.8225,0.46272222222222226,0.0149,6.5329,6.831,9.58891429866112,3,15.9712,5.323733333333333,5.4956,0.631,20.1915,9.58891429866112,completed
38,dcta_parity_v1,custom,5789862b56c579a63f65129a7c7ce0c99a25e7c55fba998a5a9699fc4a7df60b,03f32103aba060045f2661de3c031f6fbcbc73f46000a9666f166ad349c5805d,CBAA,rayleigh_style,sens_-50.63,clue_search,19,361,4,0.5,181,181,comm_g19_r4_rayleigh_drop025_cbaa_topk050,C:\Users\lottj\Desktop\research\decentralized benchmark\topk_filter_study\results\sensitivity_suite\scenarios\clue_g19_n50.csv,217.1518,02,46,43,3,20.6713,0.4493760869565217,0.0143,6.5619,6.8394,9.519285587317258,3,15.651299999999999,5.217099999999999,5.3908,0.6371,20.0342,9.519285587317258,completed
38,dcta_parity_v1,custom,5789862b56c579a63f65129a7c7ce0c99a25e7c55fba998a5a9699fc4a7df60b,03f32103aba060045f2661de3c031f6fbcbc73f46000a9666f166ad349c5805d,CBAA,rayleigh_style,sens_-50.63,clue_search,19,361,4,0.5,181,181,comm_g19_r4_rayleigh_drop025_cbaa_topk050,C:\Users\lottj\Desktop\research\decentralized benchmark\topk_filter_study\results\sensitivity_suite\scenarios\clue_g19_n50.csv,217.1518,03,44,41,3,21.4242,0.4869136363636363,0.01125,6.8633,7.1428,9.86600157125108,3,16.6734,5.5578,5.6449,0.505,20.9192,9.86600157125108,completed
39,dcta_parity_v1,custom,5789862b56c579a63f65129a7c7ce0c99a25e7c55fba998a5a9699fc4a7df60b,03f32103aba060045f2661de3c031f6fbcbc73f46000a9666f166ad349c5805d,CBAA,rayleigh_style,sens_-50.63,clue_search,19,361,4,0.5,181,181,comm_g19_r4_rayleigh_drop025_cbaa_topk050,C:\Users\lottj\Desktop\research\decentralized benchmark\topk_filter_study\results\sensitivity_suite\scenarios\clue_g19_n50.csv,2015.6506,00,80,20,60,325.7089,4.071361250000001,2.38295,10.2292,11.4514,16.158996008534416,60,226.1149,3.768581666666667,9.8198,0.22870000000000001,325.4802,16.158996008534416,completed
39,dcta_parity_v1,custom,5789862b56c579a63f65129a7c7ce0c99a25e7c55fba998a5a9699fc4a7df60b,03f32103aba060045f2661de3c031f6fbcbc73f46000a9666f166ad349c5805d,CBAA,rayleigh_style,sens_-50.63,clue_search,19,361,4,0.5,181,181,comm_g19_r4_rayleigh_drop025_cbaa_topk050,C:\Users\lottj\Desktop\research\decentralized benchmark\topk_filter_study\results\sensitivity_suite\scenarios\clue_g19_n50.csv,2015.6506,01,75,19,56,257.4185,3.4322466666666664,2.2493,10.1296,10.7221,12.770988186146944,56,164.2444,2.9329357142857146,9.1056,0.25,257.1685,12.770988186146944,completed
39,dcta_parity_v1,custom,5789862b56c579a63f65129a7c7ce0c99a25e7c55fba998a5a9699fc4a7df60b,03f32103aba060045f2661de3c031f6fbcbc73f46000a9666f166ad349c5805d,CBAA,rayleigh_style,sens_-50.63,clue_search,19,361,4,0.5,181,181,comm_g19_r4_rayleigh_drop025_cbaa_topk050,C:\Users\lottj\Desktop\research\decentralized benchmark\topk_filter_study\results\sensitivity_suite\scenarios\clue_g19_n50.csv,2015.6506,02,82,20,62,348.5676,4.250824390243903,2.3788,10.7882,14.6268,17.29305664384492,62,246.5749,3.9770145161290325,12.7833,0.3062,348.2614,17.29305664384492,completed
39,dcta_parity_v1,custom,5789862b56c579a63f65129a7c7ce0c99a25e7c55fba998a5a9699fc4a7df60b,03f32103aba060045f2661de3c031f6fbcbc73f46000a9666f166ad349c5805d,CBAA,rayleigh_style,sens_-50.63,clue_search,19,361,4,0.5,181,181,comm_g19_r4_rayleigh_drop025_cbaa_topk050,C:\Users\lottj\Desktop\research\decentralized benchmark\topk_filter_study\results\sensitivity_suite\scenarios\clue_g19_n50.csv,2015.6506,03,75,17,58,374.7131,4.996174666666667,2.6243,11.052,11.3543,18.590181254628156,58,275.2269,4.745291379310345,9.6959,0.1905,374.5226,18.590181254628156,completed
40,dcta_parity_v1,custom,5789862b56c579a63f65129a7c7ce0c99a25e7c55fba998a5a9699fc4a7df60b,03f32103aba060045f2661de3c031f6fbcbc73f46000a9666f166ad349c5805d,CBAA,rayleigh_style,sens_-50.63,clue_search,19,361,4,0.5,181,181,comm_g19_r4_rayleigh_drop025_cbaa_topk050,C:\Users\lottj\Desktop\research\decentralized benchmark\topk_filter_study\results\sensitivity_suite\scenarios\clue_g19_n50.csv,2823.6441,00,69,2,67,489.5212,7.094510144927536,8.2425,13.0494,13.4487,17.336504979505033,67,367.71,5.488208955223881,11.9607,0.0174,489.5038,17.336504979505033,completed
40,dcta_parity_v1,custom,5789862b56c579a63f65129a7c7ce0c99a25e7c55fba998a5a9699fc4a7df60b,03f32103aba060045f2661de3c031f6fbcbc73f46000a9666f166ad349c5805d,CBAA,rayleigh_style,sens_-50.63,clue_search,19,361,4,0.5,181,181,comm_g19_r4_rayleigh_drop025_cbaa_topk050,C:\Users\lottj\Desktop\research\decentralized benchmark\topk_filter_study\results\sensitivity_suite\scenarios\clue_g19_n50.csv,2823.6441,01,79,2,77,549.7836,6.959286075949366,8.1199,13.0899,13.9346,19.470711624032223,77,407.3159,5.289816883116883,12.3941,0.023899999999999998,549.7597,19.470711624032223,completed
40,dcta_parity_v1,custom,5789862b56c579a63f65129a7c7ce0c99a25e7c55fba998a5a9699fc4a7df60b,03f32103aba060045f2661de3c031f6fbcbc73f46000a9666f166ad349c5805d,CBAA,rayleigh_style,sens_-50.63,clue_search,19,361,4,0.5,181,181,comm_g19_r4_rayleigh_drop025_cbaa_topk050,C:\Users\lottj\Desktop\research\decentralized benchmark\topk_filter_study\results\sensitivity_suite\scenarios\clue_g19_n50.csv,2823.6441,02,65,2,63,506.103,7.7862,8.4565,12.7684,13.7912,17.92375320954932,63,388.71,6.17,12.2142,0.0334,506.0696,17.92375320954932,completed
40,dcta_parity_v1,custom,5789862b56c579a63f65129a7c7ce0c99a25e7c55fba998a5a9699fc4a7df60b,03f32103aba060045f2661de3c031f6fbcbc73f46000a9666f166ad349c5805d,CBAA,rayleigh_style,sens_-50.63,clue_search,19,361,4,0.5,181,181,comm_g19_r4_rayleigh_drop025_cbaa_topk050,C:\Users\lottj\Desktop\research\decentralized benchmark\topk_filter_study\results\sensitivity_suite\scenarios\clue_g19_n50.csv,2823.6441,03,71,1,70,492.0084,6.929695774647887,8.1001,12.5223,14.0594,17.4245897349457,70,361.7177,5.167395714285714,12.5821,0.0145,491.9939,17.4245897349457,completed
41,dcta_parity_v1,custom,5789862b56c579a63f65129a7c7ce0c99a25e7c55fba998a5a9699fc4a7df60b,03f32103aba060045f2661de3c031f6fbcbc73f46000a9666f166ad349c5805d,CBAA,rayleigh_style,sens_-50.63,clue_search,19,361,4,0.5,181,181,comm_g19_r4_rayleigh_drop025_cbaa_topk050,C:\Users\lottj\Desktop\research\decentralized benchmark\topk_filter_study\results\sensitivity_suite\scenarios\clue_g19_n50.csv,1312.8571,00,45,7,38,220.1209,4.891575555555556,5.3664,7.1125,7.6058,16.766554410224845,38,160.2664,4.217536842105264,6.0077,0.0713,220.0496,16.766554410224845,completed
41,dcta_parity_v1,custom,5789862b56c579a63f65129a7c7ce0c99a25e7c55fba998a5a9699fc4a7df60b,03f32103aba060045f2661de3c031f6fbcbc73f46000a9666f166ad349c5805d,CBAA,rayleigh_style,sens_-50.63,clue_search,19,361,4,0.5,181,181,comm_g19_r4_rayleigh_drop025_cbaa_topk050,C:\Users\lottj\Desktop\research\decentralized benchmark\topk_filter_study\results\sensitivity_suite\scenarios\clue_g19_n50.csv,1312.8571,01,39,7,32,192.0328,4.923917948717949,5.442,7.4247,7.8154,14.627090793049756,32,141.3681,4.417753125,6.21,0.0942,191.9386,14.627090793049756,completed
41,dcta_parity_v1,custom,5789862b56c579a63f65129a7c7ce0c99a25e7c55fba998a5a9699fc4a7df60b,03f32103aba060045f2661de3c031f6fbcbc73f46000a9666f166ad349c5805d,CBAA,rayleigh_style,sens_-50.63,clue_search,19,361,4,0.5,181,181,comm_g19_r4_rayleigh_drop025_cbaa_topk050,C:\Users\lottj\Desktop\research\decentralized benchmark\topk_filter_study\results\sensitivity_suite\scenarios\clue_g19_n50.csv,1312.8571,02,47,7,40,238.2353,5.068836170212766,5.2934,7.7122,7.766,18.146323769738533,40,175.2536,4.38134,6.5055,0.0829,238.1524,18.146323769738533,completed
41,dcta_parity_v1,custom,5789862b56c579a63f65129a7c7ce0c99a25e7c55fba998a5a9699fc4a7df60b,03f32103aba060045f2661de3c031f6fbcbc73f46000a9666f166ad349c5805d,CBAA,rayleigh_style,sens_-50.63,clue_search,19,361,4,0.5,181,181,comm_g19_r4_rayleigh_drop025_cbaa_topk050,C:\Users\lottj\Desktop\research\decentralized benchmark\topk_filter_study\results\sensitivity_suite\scenarios\clue_g19_n50.csv,1312.8571,03,40,4,36,215.5751,5.3893775,5.32615,7.7129,7.9669,16.420301950608334,36,161.5551,4.487641666666667,6.6387,0.044399999999999995,215.5307,16.420301950608334,completed
42,dcta_parity_v1,custom,5789862b56c579a63f65129a7c7ce0c99a25e7c55fba998a5a9699fc4a7df60b,03f32103aba060045f2661de3c031f6fbcbc73f46000a9666f166ad349c5805d,CBAA,rayleigh_style,sens_-50.63,clue_search,19,361,4,0.5,181,181,comm_g19_r4_rayleigh_drop025_cbaa_topk050,C:\Users\lottj\Desktop\research\decentralized benchmark\topk_filter_study\results\sensitivity_suite\scenarios\clue_g19_n50.csv,935.1767,00,44,9,35,149.2493,3.3920295454545455,3.9875499999999997,4.941,5.0125,15.95947589370009,35,92.9185,2.6548142857142856,3.4974,0.0958,149.1535,15.95947589370009,completed
42,dcta_parity_v1,custom,5789862b56c579a63f65129a7c7ce0c99a25e7c55fba998a5a9699fc4a7df60b,03f32103aba060045f2661de3c031f6fbcbc73f46000a9666f166ad349c5805d,CBAA,rayleigh_style,sens_-50.63,clue_search,19,361,4,0.5,181,181,comm_g19_r4_rayleigh_drop025_cbaa_topk050,C:\Users\lottj\Desktop\research\decentralized benchmark\topk_filter_study\results\sensitivity_suite\scenarios\clue_g19_n50.csv,935.1767,01,38,8,30,128.0225,3.369013157894737,3.9604,5.016,5.1581,13.689658863399826,30,78.6194,2.6206466666666666,3.6333,0.1079,127.9146,13.689658863399826,completed
42,dcta_parity_v1,custom,5789862b56c579a63f65129a7c7ce0c99a25e7c55fba998a5a9699fc4a7df60b,03f32103aba060045f2661de3c031f6fbcbc73f46000a9666f166ad349c5805d,CBAA,rayleigh_style,sens_-50.63,clue_search,19,361,4,0.5,181,181,comm_g19_r4_rayleigh_drop025_cbaa_topk050,C:\Users\lottj\Desktop\research\decentralized benchmark\topk_filter_study\results\sensitivity_suite\scenarios\clue_g19_n50.csv,935.1767,02,45,9,36,153.6744,3.4149866666666666,3.9449,4.8686,5.2672,16.432659196919683,36,95.4668,2.6518555555555556,3.7631,0.1257,153.5487,16.432659196919683,completed
42,dcta_parity_v1,custom,5789862b56c579a63f65129a7c7ce0c99a25e7c55fba998a5a9699fc4a7df60b,03f32103aba060045f2661de3c031f6fbcbc73f46000a9666f166ad349c5805d,CBAA,rayleigh_style,sens_-50.63,clue_search,19,361,4,0.5,181,181,comm_g19_r4_rayleigh_drop025_cbaa_topk050,C:\Users\lottj\Desktop\research\decentralized benchmark\topk_filter_study\results\sensitivity_suite\scenarios\clue_g19_n50.csv,935.1767,03,30,6,24,100.5495,3.35165,3.98935,4.7977,5.0896,10.751925277864599,24,61.3461,2.5560875,3.5769,0.09509999999999999,100.4544,10.751925277864599,completed
43,dcta_parity_v1,custom,5789862b56c579a63f65129a7c7ce0c99a25e7c55fba998a5a9699fc4a7df60b,03f32103aba060045f2661de3c031f6fbcbc73f46000a9666f166ad349c5805d,CBAA,rayleigh_style,sens_-50.63,clue_search,19,361,4,0.5,181,181,comm_g19_r4_rayleigh_drop025_cbaa_topk050,C:\Users\lottj\Desktop\research\decentralized benchmark\topk_filter_study\results\sensitivity_suite\scenarios\clue_g19_n50.csv,497.2269,00,17,7,10,68.5391,4.031711764705882,5.2568,7.7263,7.7263,13.784270320049057,10,54.5351,5.45351,6.3531,0.0736,68.4655,13.784270320049057,completed
43,dcta_parity_v1,custom,5789862b56c579a63f65129a7c7ce0c99a25e7c55fba998a5a9699fc4a7df60b,03f32103aba060045f2661de3c031f6fbcbc73f46000a9666f166ad349c5805d,CBAA,rayleigh_style,sens_-50.63,clue_search,19,361,4,0.5,181,181,comm_g19_r4_rayleigh_drop025_cbaa_topk050,C:\Users\lottj\Desktop\research\decentralized benchmark\topk_filter_study\results\sensitivity_suite\scenarios\clue_g19_n50.csv,497.2269,01,16,7,9,67.4872,4.21795,6.1400500000000005,8.6159,8.6159,13.572717003042273,9,53.9468,5.994088888888889,6.8511,0.0907,67.3965,13.572717003042273,completed
43,dcta_parity_v1,custom,5789862b56c579a63f65129a7c7ce0c99a25e7c55fba998a5a9699fc4a7df60b,03f32103aba060045f2661de3c031f6fbcbc73f46000a9666f166ad349c5805d,CBAA,rayleigh_style,sens_-50.63,clue_search,19,361,4,0.5,181,181,comm_g19_r4_rayleigh_drop025_cbaa_topk050,C:\Users\lottj\Desktop\research\decentralized benchmark\topk_filter_study\results\sensitivity_suite\scenarios\clue_g19_n50.csv,497.2269,02,21,7,14,95.0823,4.527728571428572,5.2677,8.1502,8.7075,19.12251730547965,14,76.5311,5.466507142857142,7.19,0.1007,94.9816,19.12251730547965,completed
43,dcta_parity_v1,custom,5789862b56c579a63f65129a7c7ce0c99a25e7c55fba998a5a9699fc4a7df60b,03f32103aba060045f2661de3c031f6fbcbc73f46000a9666f166ad349c5805d,CBAA,rayleigh_style,sens_-50.63,clue_search,19,361,4,0.5,181,181,comm_g19_r4_rayleigh_drop025_cbaa_topk050,C:\Users\lottj\Desktop\research\decentralized benchmark\topk_filter_study\results\sensitivity_suite\scenarios\clue_g19_n50.csv,497.2269,03,20,4,16,117.056,5.8528,7.456849999999999,8.2394,10.0941,23.541767350077,16,94.5827,5.91141875,8.3811,0.061,116.99499999999999,23.541767350077,completed
44,dcta_parity_v1,custom,5789862b56c579a63f65129a7c7ce0c99a25e7c55fba998a5a9699fc4a7df60b,03f32103aba060045f2661de3c031f6fbcbc73f46000a9666f166ad349c5805d,CBAA,rayleigh_style,sens_-50.63,clue_search,19,361,4,0.5,181,181,comm_g19_r4_rayleigh_drop025_cbaa_topk050,C:\Users\lottj\Desktop\research\decentralized benchmark\topk_filter_study\results\sensitivity_suite\scenarios\clue_g19_n50.csv,1966.229,00,57,3,54,456.5138,8.00901403508772,8.5932,11.0677,11.9646,23.21773303109658,54,364.5282,6.750522222222223,10.3561,0.0542,456.4596,23.21773303109658,completed
44,dcta_parity_v1,custom,5789862b56c579a63f65129a7c7ce0c99a25e7c55fba998a5a9699fc4a7df60b,03f32103aba060045f2661de3c031f6fbcbc73f46000a9666f166ad349c5805d,CBAA,rayleigh_style,sens_-50.63,clue_search,19,361,4,0.5,181,181,comm_g19_r4_rayleigh_drop025_cbaa_topk050,C:\Users\lottj\Desktop\research\decentralized benchmark\topk_filter_study\results\sensitivity_suite\scenarios\clue_g19_n50.csv,1966.229,01,51,2,49,393.3343,7.71243725490196,8.4148,10.9559,11.0781,20.00450100166359,49,309.399,6.314265306122449,9.6263,0.0247,393.3096,20.00450100166359,completed
44,dcta_parity_v1,custom,5789862b56c579a63f65129a7c7ce0c99a25e7c55fba998a5a9699fc4a7df60b,03f32103aba060045f2661de3c031f6fbcbc73f46000a9666f166ad349c5805d,CBAA,rayleigh_style,sens_-50.63,clue_search,19,361,4,0.5,181,181,comm_g19_r4_rayleigh_drop025_cbaa_topk050,C:\Users\lottj\Desktop\research\decentralized benchmark\topk_filter_study\results\sensitivity_suite\scenarios\clue_g19_n50.csv,1966.229,02,48,3,45,374.0588,7.792891666666667,8.3722,11.4447,13.0277,19.024172667578398,45,298.0516,6.623368888888889,11.6251,0.040400000000000005,374.0184,19.024172667578398,completed
44,dcta_parity_v1,custom,5789862b56c579a63f65129a7c7ce0c99a25e7c55fba998a5a9699fc4a7df60b,03f32103aba060045f2661de3c031f6fbcbc73f46000a9666f166ad349c5805d,CBAA,rayleigh_style,sens_-50.63,clue_search,19,361,4,0.5,181,181,comm_g19_r4_rayleigh_drop025_cbaa_topk050,C:\Users\lottj\Desktop\research\decentralized benchmark\topk_filter_study\results\sensitivity_suite\scenarios\clue_g19_n50.csv,1966.229,03,36,1,35,253.0193,7.0283138888888885,7.31545,11.8797,13.6871,12.868251866898515,35,187.9974,5.371354285714285,10.3178,0.0147,253.0046,12.868251866898515,completed
45,dcta_parity_v1,custom,5789862b56c579a63f65129a7c7ce0c99a25e7c55fba998a5a9699fc4a7df60b,03f32103aba060045f2661de3c031f6fbcbc73f46000a9666f166ad349c5805d,CBAA,rayleigh_style,sens_-50.63,clue_search,19,361,4,0.5,181,181,comm_g19_r4_rayleigh_drop025_cbaa_topk050,C:\Users\lottj\Desktop\research\decentralized benchmark\topk_filter_study\results\sensitivity_suite\scenarios\clue_g19_n50.csv,169.449,00,41,39,2,14.8254,0.3615951219512195,0.011,0.02,7.4138,8.74918116955544,2,11.752600000000001,5.8763000000000005,6.0747,0.4483,14.3771,8.74918116955544,completed
45,dcta_parity_v1,custom,5789862b56c579a63f65129a7c7ce0c99a25e7c55fba998a5a9699fc4a7df60b,03f32103aba060045f2661de3c031f6fbcbc73f46000a9666f166ad349c5805d,CBAA,rayleigh_style,sens_-50.63,clue_search,19,361,4,0.5,181,181,comm_g19_r4_rayleigh_drop025_cbaa_topk050,C:\Users\lottj\Desktop\research\decentralized benchmark\topk_filter_study\results\sensitivity_suite\scenarios\clue_g19_n50.csv,169.449,01,41,39,2,13.7995,0.33657317073170734,0.0132,0.0307,6.9243,8.14374826644005,2,10.588899999999999,5.294449999999999,5.575,0.542,13.2575,8.14374826644005,completed
45,dcta_parity_v1,custom,5789862b56c579a63f65129a7c7ce0c99a25e7c55fba998a5a9699fc4a7df60b,03f32103aba060045f2661de3c031f6fbcbc73f46000a9666f166ad349c5805d,CBAA,rayleigh_style,sens_-50.63,clue_search,19,361,4,0.5,181,181,comm_g19_r4_rayleigh_drop025_cbaa_topk050,C:\Users\lottj\Desktop\research\decentralized benchmark\topk_filter_study\results\sensitivity_suite\scenarios\clue_g19_n50.csv,169.449,02,42,40,2,12.7117,0.3026595238095238,0.0143,0.0252,6.541,7.5017851979061545,2,9.9247,4.96235,5.2214,0.5908,12.1209,7.5017851979061545,completed
45,dcta_parity_v1,custom,5789862b56c579a63f65129a7c7ce0c99a25e7c55fba998a5a9699fc4a7df60b,03f32103aba060045f2661de3c031f6fbcbc73f46000a9666f166ad349c5805d,CBAA,rayleigh_style,sens_-50.63,clue_search,19,361,4,0.5,181,181,comm_g19_r4_rayleigh_drop025_cbaa_topk050,C:\Users\lottj\Desktop\research\decentralized benchmark\topk_filter_study\results\sensitivity_suite\scenarios\clue_g19_n50.csv,169.449,03,39,37,2,14.7342,0.37779999999999997,0.0118,6.7375,7.5482,8.695359665740133,2,11.6906,5.8453,6.256,0.4485,14.285699999999999,8.695359665740133,completed
46,dcta_parity_v1,custom,5789862b56c579a63f65129a7c7ce0c99a25e7c55fba998a5a9699fc4a7df60b,03f32103aba060045f2661de3c031f6fbcbc73f46000a9666f166ad349c5805d,CBAA,rayleigh_style,sens_-50.63,clue_search,19,361,4,0.5,181,181,comm_g19_r4_rayleigh_drop025_cbaa_topk050,C:\Users\lottj\Desktop\research\decentralized benchmark\topk_filter_study\results\sensitivity_suite\scenarios\clue_g19_n50.csv,2178.8769,00,65,9,56,400.1844,6.156683076923077,7.4916,12.6658,13.8942,18.36654470934085,56,306.336,5.470285714285715,12.5011,0.0881,400.0963,18.36654470934085,completed
46,dcta_parity_v1,custom,5789862b56c579a63f65129a7c7ce0c99a25e7c55fba998a5a9699fc4a7df60b,03f32103aba060045f2661de3c031f6fbcbc73f46000a9666f166ad349c5805d,CBAA,rayleigh_style,sens_-50.63,clue_search,19,361,4,0.5,181,181,comm_g19_r4_rayleigh_drop025_cbaa_topk050,C:\Users\lottj\Desktop\research\decentralized benchmark\topk_filter_study\results\sensitivity_suite\scenarios\clue_g19_n50.csv,2178.8769,01,67,9,58,364.639,5.442373134328358,2.7279,13.1689,14.1207,16.735181322083868,58,267.4018,4.610375862068965,12.7583,0.11889999999999999,364.5201,16.735181322083868,completed
46,dcta_parity_v1,custom,5789862b56c579a63f65129a7c7ce0c99a25e7c55fba998a5a9699fc4a7df60b,03f32103aba060045f2661de3c031f6fbcbc73f46000a9666f166ad349c5805d,CBAA,rayleigh_style,sens_-50.63,clue_search,19,361,4,0.5,181,181,comm_g19_r4_rayleigh_drop025_cbaa_topk050,C:\Users\lottj\Desktop\research\decentralized benchmark\topk_filter_study\results\sensitivity_suite\scenarios\clue_g19_n50.csv,2178.8769,02,75,9,66,393.3849,5.245132,2.6146,13.559,14.1589,18.054480269169865,66,281.7434,4.268839393939394,12.7986,0.1065,393.2784,18.054480269169865,completed
46,dcta_parity_v1,custom,5789862b56c579a63f65129a7c7ce0c99a25e7c55fba998a5a9699fc4a7df60b,03f32103aba060045f2661de3c031f6fbcbc73f46000a9666f166ad349c5805d,CBAA,rayleigh_style,sens_-50.63,clue_search,19,361,4,0.5,181,181,comm_g19_r4_rayleigh_drop025_cbaa_topk050,C:\Users\lottj\Desktop\research\decentralized benchmark\topk_filter_study\results\sensitivity_suite\scenarios\clue_g19_n50.csv,2178.8769,03,58,7,51,350.4516,6.042268965517241,7.49465,13.3068,13.857,16.0840477036587,51,265.4414,5.204733333333333,12.5015,0.0755,350.3761,16.0840477036587,completed
47,dcta_parity_v1,custom,5789862b56c579a63f65129a7c7ce0c99a25e7c55fba998a5a9699fc4a7df60b,03f32103aba060045f2661de3c031f6fbcbc73f46000a9666f166ad349c5805d,CBAA,rayleigh_style,sens_-50.63,clue_search,19,361,4,0.5,181,181,comm_g19_r4_rayleigh_drop025_cbaa_topk050,C:\Users\lottj\Desktop\research\decentralized benchmark\topk_filter_study\results\sensitivity_suite\scenarios\clue_g19_n50.csv,721.4325,00,29,5,24,105.4448,3.6360275862068967,4.249,4.9565,5.4318,14.616031298839461,24,69.8938,2.9122416666666666,3.6562,0.0577,105.3871,14.616031298839461,completed
47,dcta_parity_v1,custom,5789862b56c579a63f65129a7c7ce0c99a25e7c55fba998a5a9699fc4a7df60b,03f32103aba060045f2661de3c031f6fbcbc73f46000a9666f166ad349c5805d,CBAA,rayleigh_style,sens_-50.63,clue_search,19,361,4,0.5,181,181,comm_g19_r4_rayleigh_drop025_cbaa_topk050,C:\Users\lottj\Desktop\research\decentralized benchmark\topk_filter_study\results\sensitivity_suite\scenarios\clue_g19_n50.csv,721.4325,01,32,4,28,122.4632,3.826975,4.1743500000000004,5.0537,5.2686,16.975004591559156,28,81.2113,2.9004035714285714,3.6428,0.0566,122.4066,16.975004591559156,completed
47,dcta_parity_v1,custom,5789862b56c579a63f65129a7c7ce0c99a25e7c55fba998a5a9699fc4a7df60b,03f32103aba060045f2661de3c031f6fbcbc73f46000a9666f166ad349c5805d,CBAA,rayleigh_style,sens_-50.63,clue_search,19,361,4,0.5,181,181,comm_g19_r4_rayleigh_drop025_cbaa_topk050,C:\Users\lottj\Desktop\research\decentralized benchmark\topk_filter_study\results\sensitivity_suite\scenarios\clue_g19_n50.csv,721.4325,02,36,5,31,135.5037,3.763991666666667,4.30805,5.0421,5.3036,18.78258880768471,31,90.4078,2.9163806451612904,3.5484,0.07970000000000001,135.424,18.78258880768471,completed
47,dcta_parity_v1,custom,5789862b56c579a63f65129a7c7ce0c99a25e7c55fba998a5a9699fc4a7df60b,03f32103aba060045f2661de3c031f6fbcbc73f46000a9666f166ad349c5805d,CBAA,rayleigh_style,sens_-50.63,clue_search,19,361,4,0.5,181,181,comm_g19_r4_rayleigh_drop025_cbaa_topk050,C:\Users\lottj\Desktop\research\decentralized benchmark\topk_filter_study\results\sensitivity_suite\scenarios\clue_g19_n50.csv,721.4325,03,19,2,17,76.6987,4.036773684210527,4.3552,5.3685,5.3685,10.631445076289188,17,51.7403,3.0435470588235294,3.7217,0.026299999999999997,76.6724,10.631445076289188,completed
48,dcta_parity_v1,custom,5789862b56c579a63f65129a7c7ce0c99a25e7c55fba998a5a9699fc4a7df60b,03f32103aba060045f2661de3c031f6fbcbc73f46000a9666f166ad349c5805d,CBAA,rayleigh_style,sens_-50.63,clue_search,19,361,4,0.5,181,181,comm_g19_r4_rayleigh_drop025_cbaa_topk050,C:\Users\lottj\Desktop\research\decentralized benchmark\topk_filter_study\results\sensitivity_suite\scenarios\clue_g19_n50.csv,1897.2677,00,71,3,68,295.507,4.162070422535211,4.8425,6.0183,6.5166,15.575398242430417,68,174.2709,2.5628073529411766,4.488,0.0385,295.4685,15.575398242430417,completed
48,dcta_parity_v1,custom,5789862b56c579a63f65129a7c7ce0c99a25e7c55fba998a5a9699fc4a7df60b,03f32103aba060045f2661de3c031f6fbcbc73f46000a9666f166ad349c5805d,CBAA,rayleigh_style,sens_-50.63,clue_search,19,361,4,0.5,181,181,comm_g19_r4_rayleigh_drop025_cbaa_topk050,C:\Users\lottj\Desktop\research\decentralized benchmark\topk_filter_study\results\sensitivity_suite\scenarios\clue_g19_n50.csv,1897.2677,01,71,2,69,306.6062,4.318397183098591,4.9323,6.182,7.0157,16.16040793821557,69,185.5847,2.689633333333333,4.924,0.0266,306.57959999999997,16.16040793821557,completed
48,dcta_parity_v1,custom,5789862b56c579a63f65129a7c7ce0c99a25e7c55fba998a5a9699fc4a7df60b,03f32103aba060045f2661de3c031f6fbcbc73f46000a9666f166ad349c5805d,CBAA,rayleigh_style,sens_-50.63,clue_search,19,361,4,0.5,181,181,comm_g19_r4_rayleigh_drop025_cbaa_topk050,C:\Users\lottj\Desktop\research\decentralized benchmark\topk_filter_study\results\sensitivity_suite\scenarios\clue_g19_n50.csv,1897.2677,02,64,3,61,252.7717,3.9495578125,4.3873,6.6196,7.7657,13.32293276273032,61,142.3105,2.3329590163934424,5.4142,0.0364,252.7353,13.32293276273032,completed
48,dcta_parity_v1,custom,5789862b56c579a63f65129a7c7ce0c99a25e7c55fba998a5a9699fc4a7df60b,03f32103aba060045f2661de3c031f6fbcbc73f46000a9666f166ad349c5805d,CBAA,rayleigh_style,sens_-50.63,clue_search,19,361,4,0.5,181,181,comm_g19_r4_rayleigh_drop025_cbaa_topk050,C:\Users\lottj\Desktop\research\decentralized benchmark\topk_filter_study\results\sensitivity_suite\scenarios\clue_g19_n50.csv,1897.2677,03,73,1,72,311.2588,4.2638191780821915,4.6694,6.5302,6.8692,16.405634270799002,72,182.2733,2.5315736111111113,4.8955,0.0252,311.2336,16.405634270799002,completed
49,dcta_parity_v1,custom,5789862b56c579a63f65129a7c7ce0c99a25e7c55fba998a5a9699fc4a7df60b,03f32103aba060045f2661de3c031f6fbcbc73f46000a9666f166ad349c5805d,CBAA,rayleigh_style,sens_-50.63,clue_search,19,361,4,0.5,181,181,comm_g19_r4_rayleigh_drop025_cbaa_topk050,C:\Users\lottj\Desktop\research\decentralized benchmark\topk_filter_study\results\sensitivity_suite\scenarios\clue_g19_n50.csv,537.3081,00,35,25,10,100.3077,2.8659342857142858,0.0106,10.3537,10.458,18.668562785485648,10,86.1772,8.61772,9.1009,0.2507,100.057,18.668562785485648,completed
49,dcta_parity_v1,custom,5789862b56c579a63f65129a7c7ce0c99a25e7c55fba998a5a9699fc4a7df60b,03f32103aba060045f2661de3c031f6fbcbc73f46000a9666f166ad349c5805d,CBAA,rayleigh_style,sens_-50.63,clue_search,19,361,4,0.5,181,181,comm_g19_r4_rayleigh_drop025_cbaa_topk050,C:\Users\lottj\Desktop\research\decentralized benchmark\topk_filter_study\results\sensitivity_suite\scenarios\clue_g19_n50.csv,537.3081,01,34,25,9,86.7448,2.5513176470588235,0.01285,10.0274,10.1249,16.144331343599696,9,73.8229,8.202544444444445,8.7663,0.3361,86.4087,16.144331343599696,completed
49,dcta_parity_v1,custom,5789862b56c579a63f65129a7c7ce0c99a25e7c55fba998a5a9699fc4a7df60b,03f32103aba060045f2661de3c031f6fbcbc73f46000a9666f166ad349c5805d,CBAA,rayleigh_style,sens_-50.63,clue_search,19,361,4,0.5,181,181,comm_g19_r4_rayleigh_drop025_cbaa_topk050,C:\Users\lottj\Desktop\research\decentralized benchmark\topk_filter_study\results\sensitivity_suite\scenarios\clue_g19_n50.csv,537.3081,02,36,26,10,101.6705,2.8241805555555555,0.0133,10.4465,11.0627,18.92219752503266,10,86.99799999999999,8.6998,9.7167,0.3398,101.33070000000001,18.92219752503266,completed
49,dcta_parity_v1,custom,5789862b56c579a63f65129a7c7ce0c99a25e7c55fba998a5a9699fc4a7df60b,03f32103aba060045f2661de3c031f6fbcbc73f46000a9666f166ad349c5805d,CBAA,rayleigh_style,sens_-50.63,clue_search,19,361,4,0.5,181,181,comm_g19_r4_rayleigh_drop025_cbaa_topk050,C:\Users\lottj\Desktop\research\decentralized benchmark\topk_filter_study\results\sensitivity_suite\scenarios\clue_g19_n50.csv,537.3081,03,31,23,8,81.3574,2.624432258064516,0.0109,10.9345,11.1442,15.141666392150054,8,69.9926,8.749075,9.7831,0.2491,81.1083,15.141666392150054,completed
