trial_id,logic_revision,study_profile,scenario_file_sha256,scenario_selection_sha256,algorithm,comm_model,comm_level,grid_size,grid_cells,robot_count,top_k_rate,top_k_max_cells,target_cells_per_robot,actual_cells_per_robot,condition_id,scenario_file,trial_mode,robot_id,steps_total,steps_after_first_clue,unique_cells_contributed,system_revisits_by_robot,task_cell_replans,path_replans,collision_prevention_events,messages_sent,protected_messages_sent,unprotected_messages_sent,core_messages_sent,allocation_messages_sent,post_clue_messages_sent,messages_sent_by_topic,messages_delivered_to_robot,messages_dropped_to_robot,trial_status
0,dcta_parity_v1,topk_filter,aa0724188407797eae5187348bee11ee9f51317c4e8a201863b052786aa2f1df,823213c90703fd83224ad7122ee730ba64af3769ea517af252103bddd907f681,DMCHBA,ideal,1.0,19,361,4,0.1,36,,,dmchba_topk_10,/home/agxorin/topk_filter_study/simulator/scenarios/final_trial_500.csv,clue_search,00,100,77,93,8,0,0,0,204,100,104,204,0,158,clue:4;collision_intent:100;state:100,624,0,completed
0,dcta_parity_v1,topk_filter,aa0724188407797eae5187348bee11ee9f51317c4e8a201863b052786aa2f1df,823213c90703fd83224ad7122ee730ba64af3769ea517af252103bddd907f681,DMCHBA,ideal,1.0,19,361,4,0.1,36,,,dmchba_topk_10,/home/agxorin/topk_filter_study/simulator/scenarios/final_trial_500.csv,clue_search,01,100,78,91,10,0,0,0,204,100,104,204,0,160,clue:4;collision_intent:100;state:100,623,0,completed
0,dcta_parity_v1,topk_filter,aa0724188407797eae5187348bee11ee9f51317c4e8a201863b052786aa2f1df,823213c90703fd83224ad7122ee730ba64af3769ea517af252103bddd907f681,DMCHBA,ideal,1.0,19,361,4,0.1,36,,,dmchba_topk_10,/home/agxorin/topk_filter_study/simulator/scenarios/final_trial_500.csv,clue_search,02,103,80,81,23,0,0,0,211,104,107,211,0,165,clue:4;collision_intent:103;state:103;target:1,618,0,completed
0,dcta_parity_v1,topk_filter,aa0724188407797eae5187348bee11ee9f51317c4e8a201863b052786aa2f1df,823213c90703fd83224ad7122ee730ba64af3769ea517af252103bddd907f681,DMCHBA,ideal,1.0,19,361,4,0.1,36,,,dmchba_topk_10,/home/agxorin/topk_filter_study/simulator/scenarios/final_trial_500.csv,clue_search,03,103,81,80,24,0,0,0,210,103,107,210,0,166,clue:4;collision_intent:103;state:103,618,0,completed
1,dcta_parity_v1,topk_filter,aa0724188407797eae5187348bee11ee9f51317c4e8a201863b052786aa2f1df,823213c90703fd83224ad7122ee730ba64af3769ea517af252103bddd907f681,DMCHBA,ideal,1.0,19,361,4,0.1,36,,,dmchba_topk_10,/home/agxorin/topk_filter_study/simulator/scenarios/final_trial_500.csv,clue_search,00,23,9,24,0,0,0,0,47,23,24,47,0,19,clue:1;collision_intent:23;state:23,147,0,completed
1,dcta_parity_v1,topk_filter,aa0724188407797eae5187348bee11ee9f51317c4e8a201863b052786aa2f1df,823213c90703fd83224ad7122ee730ba64af3769ea517af252103bddd907f681,DMCHBA,ideal,1.0,19,361,4,0.1,36,,,dmchba_topk_10,/home/agxorin/topk_filter_study/simulator/scenarios/final_trial_500.csv,clue_search,01,24,11,25,0,0,0,0,50,25,25,50,0,24,clue:1;collision_intent:24;state:24;target:1,145,0,completed
1,dcta_parity_v1,topk_filter,aa0724188407797eae5187348bee11ee9f51317c4e8a201863b052786aa2f1df,823213c90703fd83224ad7122ee730ba64af3769ea517af252103bddd907f681,DMCHBA,ideal,1.0,19,361,4,0.1,36,,,dmchba_topk_10,/home/agxorin/topk_filter_study/simulator/scenarios/final_trial_500.csv,clue_search,02,24,11,25,0,0,0,0,49,24,25,49,0,23,clue:1;collision_intent:24;state:24,145,0,completed
1,dcta_parity_v1,topk_filter,aa0724188407797eae5187348bee11ee9f51317c4e8a201863b052786aa2f1df,823213c90703fd83224ad7122ee730ba64af3769ea517af252103bddd907f681,DMCHBA,ideal,1.0,19,361,4,0.1,36,,,dmchba_topk_10,/home/agxorin/topk_filter_study/simulator/scenarios/final_trial_500.csv,clue_search,03,24,11,23,2,0,0,0,49,24,25,49,0,23,clue:1;collision_intent:24;state:24,144,0,completed
2,dcta_parity_v1,topk_filter,aa0724188407797eae5187348bee11ee9f51317c4e8a201863b052786aa2f1df,823213c90703fd83224ad7122ee730ba64af3769ea517af252103bddd907f681,DMCHBA,ideal,1.0,19,361,4,0.1,36,,,dmchba_topk_10,/home/agxorin/topk_filter_study/simulator/scenarios/final_trial_500.csv,clue_search,00,46,21,44,3,0,0,0,94,46,48,94,0,44,clue:2;collision_intent:46;state:46,285,0,completed
2,dcta_parity_v1,topk_filter,aa0724188407797eae5187348bee11ee9f51317c4e8a201863b052786aa2f1df,823213c90703fd83224ad7122ee730ba64af3769ea517af252103bddd907f681,DMCHBA,ideal,1.0,19,361,4,0.1,36,,,dmchba_topk_10,/home/agxorin/topk_filter_study/simulator/scenarios/final_trial_500.csv,clue_search,01,47,23,40,8,0,0,0,97,48,49,97,0,49,clue:2;collision_intent:47;state:47;target:1,283,0,completed
2,dcta_parity_v1,topk_filter,aa0724188407797eae5187348bee11ee9f51317c4e8a201863b052786aa2f1df,823213c90703fd83224ad7122ee730ba64af3769ea517af252103bddd907f681,DMCHBA,ideal,1.0,19,361,4,0.1,36,,,dmchba_topk_10,/home/agxorin/topk_filter_study/simulator/scenarios/final_trial_500.csv,clue_search,02,46,22,42,5,0,1,1,95,47,48,95,0,47,clue:2;collision_intent:47;state:46,284,0,completed
2,dcta_parity_v1,topk_filter,aa0724188407797eae5187348bee11ee9f51317c4e8a201863b052786aa2f1df,823213c90703fd83224ad7122ee730ba64af3769ea517af252103bddd907f681,DMCHBA,ideal,1.0,19,361,4,0.1,36,,,dmchba_topk_10,/home/agxorin/topk_filter_study/simulator/scenarios/final_trial_500.csv,clue_search,03,46,21,39,8,0,0,0,94,46,48,94,0,44,clue:2;collision_intent:46;state:46,284,0,completed
3,dcta_parity_v1,topk_filter,aa0724188407797eae5187348bee11ee9f51317c4e8a201863b052786aa2f1df,823213c90703fd83224ad7122ee730ba64af3769ea517af252103bddd907f681,DMCHBA,ideal,1.0,19,361,4,0.1,36,,,dmchba_topk_10,/home/agxorin/topk_filter_study/simulator/scenarios/final_trial_500.csv,clue_search,00,75,58,62,14,0,0,0,154,75,79,154,0,120,clue:4;collision_intent:75;state:75,457,0,completed
3,dcta_parity_v1,topk_filter,aa0724188407797eae5187348bee11ee9f51317c4e8a201863b052786aa2f1df,823213c90703fd83224ad7122ee730ba64af3769ea517af252103bddd907f681,DMCHBA,ideal,1.0,19,361,4,0.1,36,,,dmchba_topk_10,/home/agxorin/topk_filter_study/simulator/scenarios/final_trial_500.csv,clue_search,01,74,57,57,18,0,0,0,152,74,78,152,0,118,clue:4;collision_intent:74;state:74,460,0,completed
3,dcta_parity_v1,topk_filter,aa0724188407797eae5187348bee11ee9f51317c4e8a201863b052786aa2f1df,823213c90703fd83224ad7122ee730ba64af3769ea517af252103bddd907f681,DMCHBA,ideal,1.0,19,361,4,0.1,36,,,dmchba_topk_10,/home/agxorin/topk_filter_study/simulator/scenarios/final_trial_500.csv,clue_search,02,74,57,68,7,0,0,0,152,74,78,152,0,118,clue:4;collision_intent:74;state:74,460,0,completed
3,dcta_parity_v1,topk_filter,aa0724188407797eae5187348bee11ee9f51317c4e8a201863b052786aa2f1df,823213c90703fd83224ad7122ee730ba64af3769ea517af252103bddd907f681,DMCHBA,ideal,1.0,19,361,4,0.1,36,,,dmchba_topk_10,/home/agxorin/topk_filter_study/simulator/scenarios/final_trial_500.csv,clue_search,03,75,59,69,7,0,0,0,155,76,79,155,0,122,clue:4;collision_intent:75;state:75;target:1,458,0,completed
4,dcta_parity_v1,topk_filter,aa0724188407797eae5187348bee11ee9f51317c4e8a201863b052786aa2f1df,823213c90703fd83224ad7122ee730ba64af3769ea517af252103bddd907f681,DMCHBA,ideal,1.0,19,361,4,0.1,36,,,dmchba_topk_10,/home/agxorin/topk_filter_study/simulator/scenarios/final_trial_500.csv,clue_search,00,10,4,11,0,0,0,0,21,10,11,21,0,9,clue:1;collision_intent:10;state:10,61,0,completed
4,dcta_parity_v1,topk_filter,aa0724188407797eae5187348bee11ee9f51317c4e8a201863b052786aa2f1df,823213c90703fd83224ad7122ee730ba64af3769ea517af252103bddd907f681,DMCHBA,ideal,1.0,19,361,4,0.1,36,,,dmchba_topk_10,/home/agxorin/topk_filter_study/simulator/scenarios/final_trial_500.csv,clue_search,01,9,3,10,0,0,0,0,19,9,10,19,0,7,clue:1;collision_intent:9;state:9,63,0,completed
4,dcta_parity_v1,topk_filter,aa0724188407797eae5187348bee11ee9f51317c4e8a201863b052786aa2f1df,823213c90703fd83224ad7122ee730ba64af3769ea517af252103bddd907f681,DMCHBA,ideal,1.0,19,361,4,0.1,36,,,dmchba_topk_10,/home/agxorin/topk_filter_study/simulator/scenarios/final_trial_500.csv,clue_search,02,10,4,11,0,0,0,0,22,11,11,22,0,10,clue:1;collision_intent:10;state:10;target:1,61,0,completed
4,dcta_parity_v1,topk_filter,aa0724188407797eae5187348bee11ee9f51317c4e8a201863b052786aa2f1df,823213c90703fd83224ad7122ee730ba64af3769ea517af252103bddd907f681,DMCHBA,ideal,1.0,19,361,4,0.1,36,,,dmchba_topk_10,/home/agxorin/topk_filter_study/simulator/scenarios/final_trial_500.csv,clue_search,03,10,4,11,0,0,0,0,21,10,11,21,0,9,clue:1;collision_intent:10;state:10,61,0,completed
5,dcta_parity_v1,topk_filter,aa0724188407797eae5187348bee11ee9f51317c4e8a201863b052786aa2f1df,823213c90703fd83224ad7122ee730ba64af3769ea517af252103bddd907f681,DMCHBA,ideal,1.0,19,361,4,0.1,36,,,dmchba_topk_10,/home/agxorin/topk_filter_study/simulator/scenarios/final_trial_500.csv,clue_search,00,74,43,68,7,0,0,0,152,74,78,152,0,90,clue:4;collision_intent:74;state:74,470,0,completed
5,dcta_parity_v1,topk_filter,aa0724188407797eae5187348bee11ee9f51317c4e8a201863b052786aa2f1df,823213c90703fd83224ad7122ee730ba64af3769ea517af252103bddd907f681,DMCHBA,ideal,1.0,19,361,4,0.1,36,,,dmchba_topk_10,/home/agxorin/topk_filter_study/simulator/scenarios/final_trial_500.csv,clue_search,01,76,46,75,2,0,0,0,157,77,80,157,0,97,clue:4;collision_intent:76;state:76;target:1,466,0,completed
5,dcta_parity_v1,topk_filter,aa0724188407797eae5187348bee11ee9f51317c4e8a201863b052786aa2f1df,823213c90703fd83224ad7122ee730ba64af3769ea517af252103bddd907f681,DMCHBA,ideal,1.0,19,361,4,0.1,36,,,dmchba_topk_10,/home/agxorin/topk_filter_study/simulator/scenarios/final_trial_500.csv,clue_search,02,77,46,72,6,0,0,0,158,77,81,158,0,96,clue:4;collision_intent:77;state:77,464,0,completed
5,dcta_parity_v1,topk_filter,aa0724188407797eae5187348bee11ee9f51317c4e8a201863b052786aa2f1df,823213c90703fd83224ad7122ee730ba64af3769ea517af252103bddd907f681,DMCHBA,ideal,1.0,19,361,4,0.1,36,,,dmchba_topk_10,/home/agxorin/topk_filter_study/simulator/scenarios/final_trial_500.csv,clue_search,03,76,46,61,16,0,0,0,156,76,80,156,0,96,clue:4;collision_intent:76;state:76,465,0,completed
6,dcta_parity_v1,topk_filter,aa0724188407797eae5187348bee11ee9f51317c4e8a201863b052786aa2f1df,823213c90703fd83224ad7122ee730ba64af3769ea517af252103bddd907f681,DMCHBA,ideal,1.0,19,361,4,0.1,36,,,dmchba_topk_10,/home/agxorin/topk_filter_study/simulator/scenarios/final_trial_500.csv,clue_search,00,27,22,27,1,0,0,0,56,28,28,56,0,46,clue:1;collision_intent:27;state:27;target:1,160,0,completed
6,dcta_parity_v1,topk_filter,aa0724188407797eae5187348bee11ee9f51317c4e8a201863b052786aa2f1df,823213c90703fd83224ad7122ee730ba64af3769ea517af252103bddd907f681,DMCHBA,ideal,1.0,19,361,4,0.1,36,,,dmchba_topk_10,/home/agxorin/topk_filter_study/simulator/scenarios/final_trial_500.csv,clue_search,01,26,21,22,5,0,1,1,54,27,27,54,0,44,clue:1;collision_intent:27;state:26,161,0,completed
6,dcta_parity_v1,topk_filter,aa0724188407797eae5187348bee11ee9f51317c4e8a201863b052786aa2f1df,823213c90703fd83224ad7122ee730ba64af3769ea517af252103bddd907f681,DMCHBA,ideal,1.0,19,361,4,0.1,36,,,dmchba_topk_10,/home/agxorin/topk_filter_study/simulator/scenarios/final_trial_500.csv,clue_search,02,26,20,26,1,0,0,0,53,26,27,53,0,41,clue:1;collision_intent:26;state:26,162,0,completed
6,dcta_parity_v1,topk_filter,aa0724188407797eae5187348bee11ee9f51317c4e8a201863b052786aa2f1df,823213c90703fd83224ad7122ee730ba64af3769ea517af252103bddd907f681,DMCHBA,ideal,1.0,19,361,4,0.1,36,,,dmchba_topk_10,/home/agxorin/topk_filter_study/simulator/scenarios/final_trial_500.csv,clue_search,03,26,21,24,3,0,0,0,53,26,27,53,0,43,clue:1;collision_intent:26;state:26,163,0,completed
7,dcta_parity_v1,topk_filter,aa0724188407797eae5187348bee11ee9f51317c4e8a201863b052786aa2f1df,823213c90703fd83224ad7122ee730ba64af3769ea517af252103bddd907f681,DMCHBA,ideal,1.0,19,361,4,0.1,36,,,dmchba_topk_10,/home/agxorin/topk_filter_study/simulator/scenarios/final_trial_500.csv,clue_search,00,6,5,7,0,0,0,0,14,6,8,14,0,11,clue:2;collision_intent:6;state:6,41,0,completed
7,dcta_parity_v1,topk_filter,aa0724188407797eae5187348bee11ee9f51317c4e8a201863b052786aa2f1df,823213c90703fd83224ad7122ee730ba64af3769ea517af252103bddd907f681,DMCHBA,ideal,1.0,19,361,4,0.1,36,,,dmchba_topk_10,/home/agxorin/topk_filter_study/simulator/scenarios/final_trial_500.csv,clue_search,01,6,5,7,0,0,0,0,14,6,8,14,0,12,clue:2;collision_intent:6;state:6,42,0,completed
7,dcta_parity_v1,topk_filter,aa0724188407797eae5187348bee11ee9f51317c4e8a201863b052786aa2f1df,823213c90703fd83224ad7122ee730ba64af3769ea517af252103bddd907f681,DMCHBA,ideal,1.0,19,361,4,0.1,36,,,dmchba_topk_10,/home/agxorin/topk_filter_study/simulator/scenarios/final_trial_500.csv,clue_search,02,6,4,7,0,0,0,0,15,7,8,15,0,11,clue:2;collision_intent:6;state:6;target:1,42,0,completed
7,dcta_parity_v1,topk_filter,aa0724188407797eae5187348bee11ee9f51317c4e8a201863b052786aa2f1df,823213c90703fd83224ad7122ee730ba64af3769ea517af252103bddd907f681,DMCHBA,ideal,1.0,19,361,4,0.1,36,,,dmchba_topk_10,/home/agxorin/topk_filter_study/simulator/scenarios/final_trial_500.csv,clue_search,03,6,5,7,0,0,0,0,14,6,8,14,0,12,clue:2;collision_intent:6;state:6,41,0,completed
8,dcta_parity_v1,topk_filter,aa0724188407797eae5187348bee11ee9f51317c4e8a201863b052786aa2f1df,823213c90703fd83224ad7122ee730ba64af3769ea517af252103bddd907f681,DMCHBA,ideal,1.0,19,361,4,0.1,36,,,dmchba_topk_10,/home/agxorin/topk_filter_study/simulator/scenarios/final_trial_500.csv,clue_search,00,49,40,45,5,0,0,0,102,50,52,102,0,84,clue:3;collision_intent:49;state:49;target:1,302,0,completed
8,dcta_parity_v1,topk_filter,aa0724188407797eae5187348bee11ee9f51317c4e8a201863b052786aa2f1df,823213c90703fd83224ad7122ee730ba64af3769ea517af252103bddd907f681,DMCHBA,ideal,1.0,19,361,4,0.1,36,,,dmchba_topk_10,/home/agxorin/topk_filter_study/simulator/scenarios/final_trial_500.csv,clue_search,01,48,40,41,8,0,1,1,100,49,51,100,0,84,clue:3;collision_intent:49;state:48,303,0,completed
8,dcta_parity_v1,topk_filter,aa0724188407797eae5187348bee11ee9f51317c4e8a201863b052786aa2f1df,823213c90703fd83224ad7122ee730ba64af3769ea517af252103bddd907f681,DMCHBA,ideal,1.0,19,361,4,0.1,36,,,dmchba_topk_10,/home/agxorin/topk_filter_study/simulator/scenarios/final_trial_500.csv,clue_search,02,48,39,46,3,0,0,0,99,48,51,99,0,81,clue:3;collision_intent:48;state:48,305,0,completed
8,dcta_parity_v1,topk_filter,aa0724188407797eae5187348bee11ee9f51317c4e8a201863b052786aa2f1df,823213c90703fd83224ad7122ee730ba64af3769ea517af252103bddd907f681,DMCHBA,ideal,1.0,19,361,4,0.1,36,,,dmchba_topk_10,/home/agxorin/topk_filter_study/simulator/scenarios/final_trial_500.csv,clue_search,03,50,42,46,5,0,0,0,103,50,53,103,0,87,clue:3;collision_intent:50;state:50,299,0,completed
9,dcta_parity_v1,topk_filter,aa0724188407797eae5187348bee11ee9f51317c4e8a201863b052786aa2f1df,823213c90703fd83224ad7122ee730ba64af3769ea517af252103bddd907f681,DMCHBA,ideal,1.0,19,361,4,0.1,36,,,dmchba_topk_10,/home/agxorin/topk_filter_study/simulator/scenarios/final_trial_500.csv,clue_search,00,3,3,4,0,0,0,0,8,4,4,8,0,8,clue:1;collision_intent:3;state:3;target:1,21,0,completed
9,dcta_parity_v1,topk_filter,aa0724188407797eae5187348bee11ee9f51317c4e8a201863b052786aa2f1df,823213c90703fd83224ad7122ee730ba64af3769ea517af252103bddd907f681,DMCHBA,ideal,1.0,19,361,4,0.1,36,,,dmchba_topk_10,/home/agxorin/topk_filter_study/simulator/scenarios/final_trial_500.csv,clue_search,01,3,3,4,0,0,0,0,7,3,4,7,0,7,clue:1;collision_intent:3;state:3,20,0,completed
9,dcta_parity_v1,topk_filter,aa0724188407797eae5187348bee11ee9f51317c4e8a201863b052786aa2f1df,823213c90703fd83224ad7122ee730ba64af3769ea517af252103bddd907f681,DMCHBA,ideal,1.0,19,361,4,0.1,36,,,dmchba_topk_10,/home/agxorin/topk_filter_study/simulator/scenarios/final_trial_500.csv,clue_search,02,3,3,4,0,0,0,0,7,3,4,7,0,7,clue:1;collision_intent:3;state:3,20,0,completed
9,dcta_parity_v1,topk_filter,aa0724188407797eae5187348bee11ee9f51317c4e8a201863b052786aa2f1df,823213c90703fd83224ad7122ee730ba64af3769ea517af252103bddd907f681,DMCHBA,ideal,1.0,19,361,4,0.1,36,,,dmchba_topk_10,/home/agxorin/topk_filter_study/simulator/scenarios/final_trial_500.csv,clue_search,03,3,3,4,0,0,0,0,7,3,4,7,0,7,clue:1;collision_intent:3;state:3,20,0,completed
10,dcta_parity_v1,topk_filter,aa0724188407797eae5187348bee11ee9f51317c4e8a201863b052786aa2f1df,823213c90703fd83224ad7122ee730ba64af3769ea517af252103bddd907f681,DMCHBA,ideal,1.0,19,361,4,0.1,36,,,dmchba_topk_10,/home/agxorin/topk_filter_study/simulator/scenarios/final_trial_500.csv,clue_search,00,42,35,43,0,0,0,0,87,42,45,87,0,73,clue:3;collision_intent:42;state:42,264,0,completed
10,dcta_parity_v1,topk_filter,aa0724188407797eae5187348bee11ee9f51317c4e8a201863b052786aa2f1df,823213c90703fd83224ad7122ee730ba64af3769ea517af252103bddd907f681,DMCHBA,ideal,1.0,19,361,4,0.1,36,,,dmchba_topk_10,/home/agxorin/topk_filter_study/simulator/scenarios/final_trial_500.csv,clue_search,01,42,35,40,3,0,1,1,88,43,45,88,0,74,clue:3;collision_intent:43;state:42,263,0,completed
10,dcta_parity_v1,topk_filter,aa0724188407797eae5187348bee11ee9f51317c4e8a201863b052786aa2f1df,823213c90703fd83224ad7122ee730ba64af3769ea517af252103bddd907f681,DMCHBA,ideal,1.0,19,361,4,0.1,36,,,dmchba_topk_10,/home/agxorin/topk_filter_study/simulator/scenarios/final_trial_500.csv,clue_search,02,42,34,42,1,0,0,0,87,42,45,87,0,71,clue:3;collision_intent:42;state:42,264,0,completed
10,dcta_parity_v1,topk_filter,aa0724188407797eae5187348bee11ee9f51317c4e8a201863b052786aa2f1df,823213c90703fd83224ad7122ee730ba64af3769ea517af252103bddd907f681,DMCHBA,ideal,1.0,19,361,4,0.1,36,,,dmchba_topk_10,/home/agxorin/topk_filter_study/simulator/scenarios/final_trial_500.csv,clue_search,03,43,36,38,6,0,0,0,90,44,46,90,0,76,clue:3;collision_intent:43;state:43;target:1,262,0,completed
11,dcta_parity_v1,topk_filter,aa0724188407797eae5187348bee11ee9f51317c4e8a201863b052786aa2f1df,823213c90703fd83224ad7122ee730ba64af3769ea517af252103bddd907f681,DMCHBA,ideal,1.0,19,361,4,0.1,36,,,dmchba_topk_10,/home/agxorin/topk_filter_study/simulator/scenarios/final_trial_500.csv,clue_search,00,79,59,73,7,0,0,0,159,79,80,159,0,119,clue:1;collision_intent:79;state:79,470,0,completed
11,dcta_parity_v1,topk_filter,aa0724188407797eae5187348bee11ee9f51317c4e8a201863b052786aa2f1df,823213c90703fd83224ad7122ee730ba64af3769ea517af252103bddd907f681,DMCHBA,ideal,1.0,19,361,4,0.1,36,,,dmchba_topk_10,/home/agxorin/topk_filter_study/simulator/scenarios/final_trial_500.csv,clue_search,01,77,57,66,12,0,0,0,156,78,78,156,0,115,clue:1;collision_intent:78;state:77,473,0,completed
11,dcta_parity_v1,topk_filter,aa0724188407797eae5187348bee11ee9f51317c4e8a201863b052786aa2f1df,823213c90703fd83224ad7122ee730ba64af3769ea517af252103bddd907f681,DMCHBA,ideal,1.0,19,361,4,0.1,36,,,dmchba_topk_10,/home/agxorin/topk_filter_study/simulator/scenarios/final_trial_500.csv,clue_search,02,78,57,71,8,0,0,0,158,79,79,158,0,116,clue:1;collision_intent:78;state:78;target:1,472,0,completed
11,dcta_parity_v1,topk_filter,aa0724188407797eae5187348bee11ee9f51317c4e8a201863b052786aa2f1df,823213c90703fd83224ad7122ee730ba64af3769ea517af252103bddd907f681,DMCHBA,ideal,1.0,19,361,4,0.1,36,,,dmchba_topk_10,/home/agxorin/topk_filter_study/simulator/scenarios/final_trial_500.csv,clue_search,03,78,57,61,18,0,0,0,157,78,79,157,0,115,clue:1;collision_intent:78;state:78,473,0,completed
12,dcta_parity_v1,topk_filter,aa0724188407797eae5187348bee11ee9f51317c4e8a201863b052786aa2f1df,823213c90703fd83224ad7122ee730ba64af3769ea517af252103bddd907f681,DMCHBA,ideal,1.0,19,361,4,0.1,36,,,dmchba_topk_10,/home/agxorin/topk_filter_study/simulator/scenarios/final_trial_500.csv,clue_search,00,81,46,77,5,0,0,0,165,81,84,165,0,95,clue:3;collision_intent:81;state:81,507,0,completed
12,dcta_parity_v1,topk_filter,aa0724188407797eae5187348bee11ee9f51317c4e8a201863b052786aa2f1df,823213c90703fd83224ad7122ee730ba64af3769ea517af252103bddd907f681,DMCHBA,ideal,1.0,19,361,4,0.1,36,,,dmchba_topk_10,/home/agxorin/topk_filter_study/simulator/scenarios/final_trial_500.csv,clue_search,01,82,48,69,14,0,0,0,167,82,85,167,0,99,clue:3;collision_intent:82;state:82,505,0,completed
12,dcta_parity_v1,topk_filter,aa0724188407797eae5187348bee11ee9f51317c4e8a201863b052786aa2f1df,823213c90703fd83224ad7122ee730ba64af3769ea517af252103bddd907f681,DMCHBA,ideal,1.0,19,361,4,0.1,36,,,dmchba_topk_10,/home/agxorin/topk_filter_study/simulator/scenarios/final_trial_500.csv,clue_search,02,83,49,64,20,0,0,0,169,83,86,169,0,101,clue:3;collision_intent:83;state:83,503,0,completed
12,dcta_parity_v1,topk_filter,aa0724188407797eae5187348bee11ee9f51317c4e8a201863b052786aa2f1df,823213c90703fd83224ad7122ee730ba64af3769ea517af252103bddd907f681,DMCHBA,ideal,1.0,19,361,4,0.1,36,,,dmchba_topk_10,/home/agxorin/topk_filter_study/simulator/scenarios/final_trial_500.csv,clue_search,03,84,50,65,20,0,0,0,172,85,87,172,0,104,clue:3;collision_intent:84;state:84;target:1,501,0,completed
13,dcta_parity_v1,topk_filter,aa0724188407797eae5187348bee11ee9f51317c4e8a201863b052786aa2f1df,823213c90703fd83224ad7122ee730ba64af3769ea517af252103bddd907f681,DMCHBA,ideal,1.0,19,361,4,0.1,36,,,dmchba_topk_10,/home/agxorin/topk_filter_study/simulator/scenarios/final_trial_500.csv,clue_search,00,18,16,18,1,0,0,0,38,18,20,38,0,34,clue:2;collision_intent:18;state:18,112,0,completed
13,dcta_parity_v1,topk_filter,aa0724188407797eae5187348bee11ee9f51317c4e8a201863b052786aa2f1df,823213c90703fd83224ad7122ee730ba64af3769ea517af252103bddd907f681,DMCHBA,ideal,1.0,19,361,4,0.1,36,,,dmchba_topk_10,/home/agxorin/topk_filter_study/simulator/scenarios/final_trial_500.csv,clue_search,01,17,16,16,2,0,0,0,36,17,19,36,0,33,clue:2;collision_intent:17;state:17,112,0,completed
13,dcta_parity_v1,topk_filter,aa0724188407797eae5187348bee11ee9f51317c4e8a201863b052786aa2f1df,823213c90703fd83224ad7122ee730ba64af3769ea517af252103bddd907f681,DMCHBA,ideal,1.0,19,361,4,0.1,36,,,dmchba_topk_10,/home/agxorin/topk_filter_study/simulator/scenarios/final_trial_500.csv,clue_search,02,17,15,13,5,0,1,1,37,18,19,37,0,33,clue:2;collision_intent:18;state:17,111,0,completed
13,dcta_parity_v1,topk_filter,aa0724188407797eae5187348bee11ee9f51317c4e8a201863b052786aa2f1df,823213c90703fd83224ad7122ee730ba64af3769ea517af252103bddd907f681,DMCHBA,ideal,1.0,19,361,4,0.1,36,,,dmchba_topk_10,/home/agxorin/topk_filter_study/simulator/scenarios/final_trial_500.csv,clue_search,03,17,15,12,6,0,2,1,39,20,19,39,0,35,clue:2;collision_intent:19;state:17;target:1,111,0,completed
14,dcta_parity_v1,topk_filter,aa0724188407797eae5187348bee11ee9f51317c4e8a201863b052786aa2f1df,823213c90703fd83224ad7122ee730ba64af3769ea517af252103bddd907f681,DMCHBA,ideal,1.0,19,361,4,0.1,36,,,dmchba_topk_10,/home/agxorin/topk_filter_study/simulator/scenarios/final_trial_500.csv,clue_search,00,38,14,39,0,0,0,0,79,38,41,79,0,31,clue:3;collision_intent:38;state:38,241,0,completed
14,dcta_parity_v1,topk_filter,aa0724188407797eae5187348bee11ee9f51317c4e8a201863b052786aa2f1df,823213c90703fd83224ad7122ee730ba64af3769ea517af252103bddd907f681,DMCHBA,ideal,1.0,19,361,4,0.1,36,,,dmchba_topk_10,/home/agxorin/topk_filter_study/simulator/scenarios/final_trial_500.csv,clue_search,01,38,15,38,1,0,0,0,80,39,41,80,0,34,clue:3;collision_intent:38;state:38;target:1,241,0,completed
14,dcta_parity_v1,topk_filter,aa0724188407797eae5187348bee11ee9f51317c4e8a201863b052786aa2f1df,823213c90703fd83224ad7122ee730ba64af3769ea517af252103bddd907f681,DMCHBA,ideal,1.0,19,361,4,0.1,36,,,dmchba_topk_10,/home/agxorin/topk_filter_study/simulator/scenarios/final_trial_500.csv,clue_search,02,39,15,37,3,0,0,0,81,39,42,81,0,33,clue:3;collision_intent:39;state:39,238,0,completed
14,dcta_parity_v1,topk_filter,aa0724188407797eae5187348bee11ee9f51317c4e8a201863b052786aa2f1df,823213c90703fd83224ad7122ee730ba64af3769ea517af252103bddd907f681,DMCHBA,ideal,1.0,19,361,4,0.1,36,,,dmchba_topk_10,/home/agxorin/topk_filter_study/simulator/scenarios/final_trial_500.csv,clue_search,03,39,16,37,3,0,0,0,81,39,42,81,0,35,clue:3;collision_intent:39;state:39,239,0,completed
15,dcta_parity_v1,topk_filter,aa0724188407797eae5187348bee11ee9f51317c4e8a201863b052786aa2f1df,823213c90703fd83224ad7122ee730ba64af3769ea517af252103bddd907f681,DMCHBA,ideal,1.0,19,361,4,0.1,36,,,dmchba_topk_10,/home/agxorin/topk_filter_study/simulator/scenarios/final_trial_500.csv,clue_search,00,10,2,11,0,0,0,0,22,11,11,22,0,6,clue:1;collision_intent:10;state:10;target:1,59,0,completed
15,dcta_parity_v1,topk_filter,aa0724188407797eae5187348bee11ee9f51317c4e8a201863b052786aa2f1df,823213c90703fd83224ad7122ee730ba64af3769ea517af252103bddd907f681,DMCHBA,ideal,1.0,19,361,4,0.1,36,,,dmchba_topk_10,/home/agxorin/topk_filter_study/simulator/scenarios/final_trial_500.csv,clue_search,01,9,2,10,0,0,0,0,19,9,10,19,0,5,clue:1;collision_intent:9;state:9,62,0,completed
15,dcta_parity_v1,topk_filter,aa0724188407797eae5187348bee11ee9f51317c4e8a201863b052786aa2f1df,823213c90703fd83224ad7122ee730ba64af3769ea517af252103bddd907f681,DMCHBA,ideal,1.0,19,361,4,0.1,36,,,dmchba_topk_10,/home/agxorin/topk_filter_study/simulator/scenarios/final_trial_500.csv,clue_search,02,10,3,11,0,0,0,0,21,10,11,21,0,7,clue:1;collision_intent:10;state:10,59,0,completed
15,dcta_parity_v1,topk_filter,aa0724188407797eae5187348bee11ee9f51317c4e8a201863b052786aa2f1df,823213c90703fd83224ad7122ee730ba64af3769ea517af252103bddd907f681,DMCHBA,ideal,1.0,19,361,4,0.1,36,,,dmchba_topk_10,/home/agxorin/topk_filter_study/simulator/scenarios/final_trial_500.csv,clue_search,03,9,2,10,0,0,0,0,19,9,10,19,0,5,clue:1;collision_intent:9;state:9,62,0,completed
16,dcta_parity_v1,topk_filter,aa0724188407797eae5187348bee11ee9f51317c4e8a201863b052786aa2f1df,823213c90703fd83224ad7122ee730ba64af3769ea517af252103bddd907f681,DMCHBA,ideal,1.0,19,361,4,0.1,36,,,dmchba_topk_10,/home/agxorin/topk_filter_study/simulator/scenarios/final_trial_500.csv,clue_search,00,94,83,87,8,0,0,0,192,94,98,192,0,170,clue:4;collision_intent:94;state:94,595,0,completed
16,dcta_parity_v1,topk_filter,aa0724188407797eae5187348bee11ee9f51317c4e8a201863b052786aa2f1df,823213c90703fd83224ad7122ee730ba64af3769ea517af252103bddd907f681,DMCHBA,ideal,1.0,19,361,4,0.1,36,,,dmchba_topk_10,/home/agxorin/topk_filter_study/simulator/scenarios/final_trial_500.csv,clue_search,01,96,86,90,7,0,0,0,197,97,100,197,0,177,clue:4;collision_intent:96;state:96;target:1,591,0,completed
16,dcta_parity_v1,topk_filter,aa0724188407797eae5187348bee11ee9f51317c4e8a201863b052786aa2f1df,823213c90703fd83224ad7122ee730ba64af3769ea517af252103bddd907f681,DMCHBA,ideal,1.0,19,361,4,0.1,36,,,dmchba_topk_10,/home/agxorin/topk_filter_study/simulator/scenarios/final_trial_500.csv,clue_search,02,94,84,60,35,0,7,3,201,103,98,201,0,181,clue:4;collision_intent:103;state:94,586,0,completed
16,dcta_parity_v1,topk_filter,aa0724188407797eae5187348bee11ee9f51317c4e8a201863b052786aa2f1df,823213c90703fd83224ad7122ee730ba64af3769ea517af252103bddd907f681,DMCHBA,ideal,1.0,19,361,4,0.1,36,,,dmchba_topk_10,/home/agxorin/topk_filter_study/simulator/scenarios/final_trial_500.csv,clue_search,03,97,87,85,13,0,0,0,198,97,101,198,0,178,clue:4;collision_intent:97;state:97,589,0,completed
17,dcta_parity_v1,topk_filter,aa0724188407797eae5187348bee11ee9f51317c4e8a201863b052786aa2f1df,823213c90703fd83224ad7122ee730ba64af3769ea517af252103bddd907f681,DMCHBA,ideal,1.0,19,361,4,0.1,36,,,dmchba_topk_10,/home/agxorin/topk_filter_study/simulator/scenarios/final_trial_500.csv,clue_search,00,14,11,15,0,0,0,0,30,14,16,30,0,24,clue:2;collision_intent:14;state:14,87,0,completed
17,dcta_parity_v1,topk_filter,aa0724188407797eae5187348bee11ee9f51317c4e8a201863b052786aa2f1df,823213c90703fd83224ad7122ee730ba64af3769ea517af252103bddd907f681,DMCHBA,ideal,1.0,19,361,4,0.1,36,,,dmchba_topk_10,/home/agxorin/topk_filter_study/simulator/scenarios/final_trial_500.csv,clue_search,01,14,12,13,2,0,0,0,31,15,16,31,0,27,clue:2;collision_intent:14;state:14;target:1,86,0,completed
17,dcta_parity_v1,topk_filter,aa0724188407797eae5187348bee11ee9f51317c4e8a201863b052786aa2f1df,823213c90703fd83224ad7122ee730ba64af3769ea517af252103bddd907f681,DMCHBA,ideal,1.0,19,361,4,0.1,36,,,dmchba_topk_10,/home/agxorin/topk_filter_study/simulator/scenarios/final_trial_500.csv,clue_search,02,13,10,14,0,0,0,0,28,13,15,28,0,22,clue:2;collision_intent:13;state:13,87,0,completed
17,dcta_parity_v1,topk_filter,aa0724188407797eae5187348bee11ee9f51317c4e8a201863b052786aa2f1df,823213c90703fd83224ad7122ee730ba64af3769ea517af252103bddd907f681,DMCHBA,ideal,1.0,19,361,4,0.1,36,,,dmchba_topk_10,/home/agxorin/topk_filter_study/simulator/scenarios/final_trial_500.csv,clue_search,03,13,10,13,1,0,0,0,28,13,15,28,0,22,clue:2;collision_intent:13;state:13,87,0,completed
18,dcta_parity_v1,topk_filter,aa0724188407797eae5187348bee11ee9f51317c4e8a201863b052786aa2f1df,823213c90703fd83224ad7122ee730ba64af3769ea517af252103bddd907f681,DMCHBA,ideal,1.0,19,361,4,0.1,36,,,dmchba_topk_10,/home/agxorin/topk_filter_study/simulator/scenarios/final_trial_500.csv,clue_search,00,37,24,38,0,0,0,0,76,37,39,76,0,50,clue:2;collision_intent:37;state:37,232,0,completed
18,dcta_parity_v1,topk_filter,aa0724188407797eae5187348bee11ee9f51317c4e8a201863b052786aa2f1df,823213c90703fd83224ad7122ee730ba64af3769ea517af252103bddd907f681,DMCHBA,ideal,1.0,19,361,4,0.1,36,,,dmchba_topk_10,/home/agxorin/topk_filter_study/simulator/scenarios/final_trial_500.csv,clue_search,01,37,25,35,3,0,0,0,77,38,39,77,0,53,clue:2;collision_intent:37;state:37;target:1,232,0,completed
18,dcta_parity_v1,topk_filter,aa0724188407797eae5187348bee11ee9f51317c4e8a201863b052786aa2f1df,823213c90703fd83224ad7122ee730ba64af3769ea517af252103bddd907f681,DMCHBA,ideal,1.0,19,361,4,0.1,36,,,dmchba_topk_10,/home/agxorin/topk_filter_study/simulator/scenarios/final_trial_500.csv,clue_search,02,38,26,39,0,0,0,0,78,38,40,78,0,54,clue:2;collision_intent:38;state:38,229,0,completed
18,dcta_parity_v1,topk_filter,aa0724188407797eae5187348bee11ee9f51317c4e8a201863b052786aa2f1df,823213c90703fd83224ad7122ee730ba64af3769ea517af252103bddd907f681,DMCHBA,ideal,1.0,19,361,4,0.1,36,,,dmchba_topk_10,/home/agxorin/topk_filter_study/simulator/scenarios/final_trial_500.csv,clue_search,03,38,26,36,3,0,0,0,78,38,40,78,0,54,clue:2;collision_intent:38;state:38,229,0,completed
19,dcta_parity_v1,topk_filter,aa0724188407797eae5187348bee11ee9f51317c4e8a201863b052786aa2f1df,823213c90703fd83224ad7122ee730ba64af3769ea517af252103bddd907f681,DMCHBA,ideal,1.0,19,361,4,0.1,36,,,dmchba_topk_10,/home/agxorin/topk_filter_study/simulator/scenarios/final_trial_500.csv,clue_search,00,20,14,21,0,0,0,0,44,21,23,44,0,32,clue:3;collision_intent:21;state:20,138,0,completed
19,dcta_parity_v1,topk_filter,aa0724188407797eae5187348bee11ee9f51317c4e8a201863b052786aa2f1df,823213c90703fd83224ad7122ee730ba64af3769ea517af252103bddd907f681,DMCHBA,ideal,1.0,19,361,4,0.1,36,,,dmchba_topk_10,/home/agxorin/topk_filter_study/simulator/scenarios/final_trial_500.csv,clue_search,01,21,16,20,2,0,0,0,45,21,24,45,0,35,clue:3;collision_intent:21;state:21,136,0,completed
19,dcta_parity_v1,topk_filter,aa0724188407797eae5187348bee11ee9f51317c4e8a201863b052786aa2f1df,823213c90703fd83224ad7122ee730ba64af3769ea517af252103bddd907f681,DMCHBA,ideal,1.0,19,361,4,0.1,36,,,dmchba_topk_10,/home/agxorin/topk_filter_study/simulator/scenarios/final_trial_500.csv,clue_search,02,21,15,20,2,0,0,0,45,21,24,45,0,33,clue:3;collision_intent:21;state:21,137,0,completed
19,dcta_parity_v1,topk_filter,aa0724188407797eae5187348bee11ee9f51317c4e8a201863b052786aa2f1df,823213c90703fd83224ad7122ee730ba64af3769ea517af252103bddd907f681,DMCHBA,ideal,1.0,19,361,4,0.1,36,,,dmchba_topk_10,/home/agxorin/topk_filter_study/simulator/scenarios/final_trial_500.csv,clue_search,03,22,17,21,2,0,0,0,48,23,25,48,0,38,clue:3;collision_intent:22;state:22;target:1,134,0,completed
20,dcta_parity_v1,topk_filter,aa0724188407797eae5187348bee11ee9f51317c4e8a201863b052786aa2f1df,823213c90703fd83224ad7122ee730ba64af3769ea517af252103bddd907f681,DMCHBA,ideal,1.0,19,361,4,0.1,36,,,dmchba_topk_10,/home/agxorin/topk_filter_study/simulator/scenarios/final_trial_500.csv,clue_search,00,10,0,11,0,0,0,0,20,10,10,20,0,0,collision_intent:10;state:10,60,0,completed
20,dcta_parity_v1,topk_filter,aa0724188407797eae5187348bee11ee9f51317c4e8a201863b052786aa2f1df,823213c90703fd83224ad7122ee730ba64af3769ea517af252103bddd907f681,DMCHBA,ideal,1.0,19,361,4,0.1,36,,,dmchba_topk_10,/home/agxorin/topk_filter_study/simulator/scenarios/final_trial_500.csv,clue_search,01,10,0,11,0,0,0,0,20,10,10,20,0,0,collision_intent:10;state:10,59,0,completed
20,dcta_parity_v1,topk_filter,aa0724188407797eae5187348bee11ee9f51317c4e8a201863b052786aa2f1df,823213c90703fd83224ad7122ee730ba64af3769ea517af252103bddd907f681,DMCHBA,ideal,1.0,19,361,4,0.1,36,,,dmchba_topk_10,/home/agxorin/topk_filter_study/simulator/scenarios/final_trial_500.csv,clue_search,02,10,0,11,0,0,0,0,20,10,10,20,0,0,collision_intent:10;state:10,60,0,completed
20,dcta_parity_v1,topk_filter,aa0724188407797eae5187348bee11ee9f51317c4e8a201863b052786aa2f1df,823213c90703fd83224ad7122ee730ba64af3769ea517af252103bddd907f681,DMCHBA,ideal,1.0,19,361,4,0.1,36,,,dmchba_topk_10,/home/agxorin/topk_filter_study/simulator/scenarios/final_trial_500.csv,clue_search,03,10,0,11,0,0,0,0,21,11,10,21,0,0,collision_intent:10;state:10;target:1,60,0,completed
21,dcta_parity_v1,topk_filter,aa0724188407797eae5187348bee11ee9f51317c4e8a201863b052786aa2f1df,823213c90703fd83224ad7122ee730ba64af3769ea517af252103bddd907f681,DMCHBA,ideal,1.0,19,361,4,0.1,36,,,dmchba_topk_10,/home/agxorin/topk_filter_study/simulator/scenarios/final_trial_500.csv,clue_search,00,11,10,11,1,0,0,0,24,11,13,24,0,22,clue:2;collision_intent:11;state:11,72,0,completed
21,dcta_parity_v1,topk_filter,aa0724188407797eae5187348bee11ee9f51317c4e8a201863b052786aa2f1df,823213c90703fd83224ad7122ee730ba64af3769ea517af252103bddd907f681,DMCHBA,ideal,1.0,19,361,4,0.1,36,,,dmchba_topk_10,/home/agxorin/topk_filter_study/simulator/scenarios/final_trial_500.csv,clue_search,01,11,10,10,2,0,0,0,25,12,13,25,0,23,clue:2;collision_intent:11;state:11;target:1,72,0,completed
21,dcta_parity_v1,topk_filter,aa0724188407797eae5187348bee11ee9f51317c4e8a201863b052786aa2f1df,823213c90703fd83224ad7122ee730ba64af3769ea517af252103bddd907f681,DMCHBA,ideal,1.0,19,361,4,0.1,36,,,dmchba_topk_10,/home/agxorin/topk_filter_study/simulator/scenarios/final_trial_500.csv,clue_search,02,11,10,11,1,0,0,0,24,11,13,24,0,22,clue:2;collision_intent:11;state:11,73,0,completed
21,dcta_parity_v1,topk_filter,aa0724188407797eae5187348bee11ee9f51317c4e8a201863b052786aa2f1df,823213c90703fd83224ad7122ee730ba64af3769ea517af252103bddd907f681,DMCHBA,ideal,1.0,19,361,4,0.1,36,,,dmchba_topk_10,/home/agxorin/topk_filter_study/simulator/scenarios/final_trial_500.csv,clue_search,03,11,10,10,2,0,0,0,24,11,13,24,0,22,clue:2;collision_intent:11;state:11,71,0,completed
22,dcta_parity_v1,topk_filter,aa0724188407797eae5187348bee11ee9f51317c4e8a201863b052786aa2f1df,823213c90703fd83224ad7122ee730ba64af3769ea517af252103bddd907f681,DMCHBA,ideal,1.0,19,361,4,0.1,36,,,dmchba_topk_10,/home/agxorin/topk_filter_study/simulator/scenarios/final_trial_500.csv,clue_search,00,57,56,52,6,0,0,0,119,58,61,119,0,116,clue:4;collision_intent:57;state:57;target:1,350,0,completed
22,dcta_parity_v1,topk_filter,aa0724188407797eae5187348bee11ee9f51317c4e8a201863b052786aa2f1df,823213c90703fd83224ad7122ee730ba64af3769ea517af252103bddd907f681,DMCHBA,ideal,1.0,19,361,4,0.1,36,,,dmchba_topk_10,/home/agxorin/topk_filter_study/simulator/scenarios/final_trial_500.csv,clue_search,01,56,55,45,12,0,0,0,116,56,60,116,0,114,clue:4;collision_intent:56;state:56,353,0,completed
22,dcta_parity_v1,topk_filter,aa0724188407797eae5187348bee11ee9f51317c4e8a201863b052786aa2f1df,823213c90703fd83224ad7122ee730ba64af3769ea517af252103bddd907f681,DMCHBA,ideal,1.0,19,361,4,0.1,36,,,dmchba_topk_10,/home/agxorin/topk_filter_study/simulator/scenarios/final_trial_500.csv,clue_search,02,56,54,55,2,0,1,1,118,58,60,118,0,114,clue:4;collision_intent:58;state:56,350,0,completed
22,dcta_parity_v1,topk_filter,aa0724188407797eae5187348bee11ee9f51317c4e8a201863b052786aa2f1df,823213c90703fd83224ad7122ee730ba64af3769ea517af252103bddd907f681,DMCHBA,ideal,1.0,19,361,4,0.1,36,,,dmchba_topk_10,/home/agxorin/topk_filter_study/simulator/scenarios/final_trial_500.csv,clue_search,03,56,55,51,6,0,0,0,116,56,60,116,0,114,clue:4;collision_intent:56;state:56,351,0,completed
23,dcta_parity_v1,topk_filter,aa0724188407797eae5187348bee11ee9f51317c4e8a201863b052786aa2f1df,823213c90703fd83224ad7122ee730ba64af3769ea517af252103bddd907f681,DMCHBA,ideal,1.0,19,361,4,0.1,36,,,dmchba_topk_10,/home/agxorin/topk_filter_study/simulator/scenarios/final_trial_500.csv,clue_search,00,9,4,10,0,0,0,0,19,9,10,19,0,9,clue:1;collision_intent:9;state:9,55,0,completed
23,dcta_parity_v1,topk_filter,aa0724188407797eae5187348bee11ee9f51317c4e8a201863b052786aa2f1df,823213c90703fd83224ad7122ee730ba64af3769ea517af252103bddd907f681,DMCHBA,ideal,1.0,19,361,4,0.1,36,,,dmchba_topk_10,/home/agxorin/topk_filter_study/simulator/scenarios/final_trial_500.csv,clue_search,01,9,4,10,0,0,0,0,19,9,10,19,0,9,clue:1;collision_intent:9;state:9,55,0,completed
23,dcta_parity_v1,topk_filter,aa0724188407797eae5187348bee11ee9f51317c4e8a201863b052786aa2f1df,823213c90703fd83224ad7122ee730ba64af3769ea517af252103bddd907f681,DMCHBA,ideal,1.0,19,361,4,0.1,36,,,dmchba_topk_10,/home/agxorin/topk_filter_study/simulator/scenarios/final_trial_500.csv,clue_search,02,9,4,10,0,0,0,0,20,10,10,20,0,10,clue:1;collision_intent:9;state:9;target:1,55,0,completed
23,dcta_parity_v1,topk_filter,aa0724188407797eae5187348bee11ee9f51317c4e8a201863b052786aa2f1df,823213c90703fd83224ad7122ee730ba64af3769ea517af252103bddd907f681,DMCHBA,ideal,1.0,19,361,4,0.1,36,,,dmchba_topk_10,/home/agxorin/topk_filter_study/simulator/scenarios/final_trial_500.csv,clue_search,03,8,3,9,0,0,0,0,17,8,9,17,0,7,clue:1;collision_intent:8;state:8,56,0,completed
24,dcta_parity_v1,topk_filter,aa0724188407797eae5187348bee11ee9f51317c4e8a201863b052786aa2f1df,823213c90703fd83224ad7122ee730ba64af3769ea517af252103bddd907f681,DMCHBA,ideal,1.0,19,361,4,0.1,36,,,dmchba_topk_10,/home/agxorin/topk_filter_study/simulator/scenarios/final_trial_500.csv,clue_search,00,39,31,37,3,0,0,0,80,39,41,80,0,64,clue:2;collision_intent:39;state:39,235,0,completed
24,dcta_parity_v1,topk_filter,aa0724188407797eae5187348bee11ee9f51317c4e8a201863b052786aa2f1df,823213c90703fd83224ad7122ee730ba64af3769ea517af252103bddd907f681,DMCHBA,ideal,1.0,19,361,4,0.1,36,,,dmchba_topk_10,/home/agxorin/topk_filter_study/simulator/scenarios/final_trial_500.csv,clue_search,01,38,31,39,0,0,0,0,78,38,40,78,0,63,clue:2;collision_intent:38;state:38,239,0,completed
24,dcta_parity_v1,topk_filter,aa0724188407797eae5187348bee11ee9f51317c4e8a201863b052786aa2f1df,823213c90703fd83224ad7122ee730ba64af3769ea517af252103bddd907f681,DMCHBA,ideal,1.0,19,361,4,0.1,36,,,dmchba_topk_10,/home/agxorin/topk_filter_study/simulator/scenarios/final_trial_500.csv,clue_search,02,39,31,36,4,0,0,0,81,40,41,81,0,65,clue:2;collision_intent:39;state:39;target:1,236,0,completed
24,dcta_parity_v1,topk_filter,aa0724188407797eae5187348bee11ee9f51317c4e8a201863b052786aa2f1df,823213c90703fd83224ad7122ee730ba64af3769ea517af252103bddd907f681,DMCHBA,ideal,1.0,19,361,4,0.1,36,,,dmchba_topk_10,/home/agxorin/topk_filter_study/simulator/scenarios/final_trial_500.csv,clue_search,03,38,30,30,9,0,0,0,78,38,40,78,0,62,clue:2;collision_intent:38;state:38,238,0,completed
25,dcta_parity_v1,topk_filter,aa0724188407797eae5187348bee11ee9f51317c4e8a201863b052786aa2f1df,823213c90703fd83224ad7122ee730ba64af3769ea517af252103bddd907f681,DMCHBA,ideal,1.0,19,361,4,0.1,36,,,dmchba_topk_10,/home/agxorin/topk_filter_study/simulator/scenarios/final_trial_500.csv,clue_search,00,14,0,15,0,0,0,0,28,14,14,28,0,0,collision_intent:14;state:14,82,0,completed
25,dcta_parity_v1,topk_filter,aa0724188407797eae5187348bee11ee9f51317c4e8a201863b052786aa2f1df,823213c90703fd83224ad7122ee730ba64af3769ea517af252103bddd907f681,DMCHBA,ideal,1.0,19,361,4,0.1,36,,,dmchba_topk_10,/home/agxorin/topk_filter_study/simulator/scenarios/final_trial_500.csv,clue_search,01,14,0,15,0,0,0,0,29,15,14,29,0,0,collision_intent:14;state:14;target:1,82,0,completed
25,dcta_parity_v1,topk_filter,aa0724188407797eae5187348bee11ee9f51317c4e8a201863b052786aa2f1df,823213c90703fd83224ad7122ee730ba64af3769ea517af252103bddd907f681,DMCHBA,ideal,1.0,19,361,4,0.1,36,,,dmchba_topk_10,/home/agxorin/topk_filter_study/simulator/scenarios/final_trial_500.csv,clue_search,02,14,0,15,0,0,0,0,28,14,14,28,0,0,collision_intent:14;state:14,83,0,completed
25,dcta_parity_v1,topk_filter,aa0724188407797eae5187348bee11ee9f51317c4e8a201863b052786aa2f1df,823213c90703fd83224ad7122ee730ba64af3769ea517af252103bddd907f681,DMCHBA,ideal,1.0,19,361,4,0.1,36,,,dmchba_topk_10,/home/agxorin/topk_filter_study/simulator/scenarios/final_trial_500.csv,clue_search,03,13,0,14,0,0,0,0,26,13,13,26,0,0,collision_intent:13;state:13,83,0,completed
26,dcta_parity_v1,topk_filter,aa0724188407797eae5187348bee11ee9f51317c4e8a201863b052786aa2f1df,823213c90703fd83224ad7122ee730ba64af3769ea517af252103bddd907f681,DMCHBA,ideal,1.0,19,361,4,0.1,36,,,dmchba_topk_10,/home/agxorin/topk_filter_study/simulator/scenarios/final_trial_500.csv,clue_search,00,15,0,16,0,0,0,0,31,16,15,31,0,0,collision_intent:15;state:15;target:1,84,0,completed
26,dcta_parity_v1,topk_filter,aa0724188407797eae5187348bee11ee9f51317c4e8a201863b052786aa2f1df,823213c90703fd83224ad7122ee730ba64af3769ea517af252103bddd907f681,DMCHBA,ideal,1.0,19,361,4,0.1,36,,,dmchba_topk_10,/home/agxorin/topk_filter_study/simulator/scenarios/final_trial_500.csv,clue_search,01,14,0,15,0,0,0,0,28,14,14,28,0,0,collision_intent:14;state:14,86,0,completed
26,dcta_parity_v1,topk_filter,aa0724188407797eae5187348bee11ee9f51317c4e8a201863b052786aa2f1df,823213c90703fd83224ad7122ee730ba64af3769ea517af252103bddd907f681,DMCHBA,ideal,1.0,19,361,4,0.1,36,,,dmchba_topk_10,/home/agxorin/topk_filter_study/simulator/scenarios/final_trial_500.csv,clue_search,02,14,0,15,0,0,0,0,28,14,14,28,0,0,collision_intent:14;state:14,87,0,completed
26,dcta_parity_v1,topk_filter,aa0724188407797eae5187348bee11ee9f51317c4e8a201863b052786aa2f1df,823213c90703fd83224ad7122ee730ba64af3769ea517af252103bddd907f681,DMCHBA,ideal,1.0,19,361,4,0.1,36,,,dmchba_topk_10,/home/agxorin/topk_filter_study/simulator/scenarios/final_trial_500.csv,clue_search,03,14,0,15,0,0,0,0,28,14,14,28,0,0,collision_intent:14;state:14,86,0,completed
27,dcta_parity_v1,topk_filter,aa0724188407797eae5187348bee11ee9f51317c4e8a201863b052786aa2f1df,823213c90703fd83224ad7122ee730ba64af3769ea517af252103bddd907f681,DMCHBA,ideal,1.0,19,361,4,0.1,36,,,dmchba_topk_10,/home/agxorin/topk_filter_study/simulator/scenarios/final_trial_500.csv,clue_search,00,24,0,25,0,0,0,0,48,24,24,48,0,0,collision_intent:24;state:24,145,0,completed
27,dcta_parity_v1,topk_filter,aa0724188407797eae5187348bee11ee9f51317c4e8a201863b052786aa2f1df,823213c90703fd83224ad7122ee730ba64af3769ea517af252103bddd907f681,DMCHBA,ideal,1.0,19,361,4,0.1,36,,,dmchba_topk_10,/home/agxorin/topk_filter_study/simulator/scenarios/final_trial_500.csv,clue_search,01,24,0,25,0,0,0,0,48,24,24,48,0,0,collision_intent:24;state:24,145,0,completed
27,dcta_parity_v1,topk_filter,aa0724188407797eae5187348bee11ee9f51317c4e8a201863b052786aa2f1df,823213c90703fd83224ad7122ee730ba64af3769ea517af252103bddd907f681,DMCHBA,ideal,1.0,19,361,4,0.1,36,,,dmchba_topk_10,/home/agxorin/topk_filter_study/simulator/scenarios/final_trial_500.csv,clue_search,02,24,0,25,0,0,0,0,48,24,24,48,0,0,collision_intent:24;state:24,143,0,completed
27,dcta_parity_v1,topk_filter,aa0724188407797eae5187348bee11ee9f51317c4e8a201863b052786aa2f1df,823213c90703fd83224ad7122ee730ba64af3769ea517af252103bddd907f681,DMCHBA,ideal,1.0,19,361,4,0.1,36,,,dmchba_topk_10,/home/agxorin/topk_filter_study/simulator/scenarios/final_trial_500.csv,clue_search,03,24,0,25,0,0,0,0,49,25,24,49,0,0,collision_intent:24;state:24;target:1,144,0,completed
28,dcta_parity_v1,topk_filter,aa0724188407797eae5187348bee11ee9f51317c4e8a201863b052786aa2f1df,823213c90703fd83224ad7122ee730ba64af3769ea517af252103bddd907f681,DMCHBA,ideal,1.0,19,361,4,0.1,36,,,dmchba_topk_10,/home/agxorin/topk_filter_study/simulator/scenarios/final_trial_500.csv,clue_search,00,4,0,5,0,0,0,0,8,4,4,8,0,0,collision_intent:4;state:4,24,0,completed
28,dcta_parity_v1,topk_filter,aa0724188407797eae5187348bee11ee9f51317c4e8a201863b052786aa2f1df,823213c90703fd83224ad7122ee730ba64af3769ea517af252103bddd907f681,DMCHBA,ideal,1.0,19,361,4,0.1,36,,,dmchba_topk_10,/home/agxorin/topk_filter_study/simulator/scenarios/final_trial_500.csv,clue_search,01,4,0,5,0,0,0,0,9,5,4,9,0,0,collision_intent:4;state:4;target:1,24,0,completed
28,dcta_parity_v1,topk_filter,aa0724188407797eae5187348bee11ee9f51317c4e8a201863b052786aa2f1df,823213c90703fd83224ad7122ee730ba64af3769ea517af252103bddd907f681,DMCHBA,ideal,1.0,19,361,4,0.1,36,,,dmchba_topk_10,/home/agxorin/topk_filter_study/simulator/scenarios/final_trial_500.csv,clue_search,02,4,0,5,0,0,0,0,8,4,4,8,0,0,collision_intent:4;state:4,24,0,completed
28,dcta_parity_v1,topk_filter,aa0724188407797eae5187348bee11ee9f51317c4e8a201863b052786aa2f1df,823213c90703fd83224ad7122ee730ba64af3769ea517af252103bddd907f681,DMCHBA,ideal,1.0,19,361,4,0.1,36,,,dmchba_topk_10,/home/agxorin/topk_filter_study/simulator/scenarios/final_trial_500.csv,clue_search,03,4,0,5,0,0,0,0,8,4,4,8,0,0,collision_intent:4;state:4,23,0,completed
29,dcta_parity_v1,topk_filter,aa0724188407797eae5187348bee11ee9f51317c4e8a201863b052786aa2f1df,823213c90703fd83224ad7122ee730ba64af3769ea517af252103bddd907f681,DMCHBA,ideal,1.0,19,361,4,0.1,36,,,dmchba_topk_10,/home/agxorin/topk_filter_study/simulator/scenarios/final_trial_500.csv,clue_search,00,23,8,24,0,0,0,0,48,23,25,48,0,17,clue:2;collision_intent:23;state:23,142,0,completed
29,dcta_parity_v1,topk_filter,aa0724188407797eae5187348bee11ee9f51317c4e8a201863b052786aa2f1df,823213c90703fd83224ad7122ee730ba64af3769ea517af252103bddd907f681,DMCHBA,ideal,1.0,19,361,4,0.1,36,,,dmchba_topk_10,/home/agxorin/topk_filter_study/simulator/scenarios/final_trial_500.csv,clue_search,01,23,8,24,0,0,0,0,49,24,25,49,0,19,clue:2;collision_intent:23;state:23;target:1,142,0,completed
29,dcta_parity_v1,topk_filter,aa0724188407797eae5187348bee11ee9f51317c4e8a201863b052786aa2f1df,823213c90703fd83224ad7122ee730ba64af3769ea517af252103bddd907f681,DMCHBA,ideal,1.0,19,361,4,0.1,36,,,dmchba_topk_10,/home/agxorin/topk_filter_study/simulator/scenarios/final_trial_500.csv,clue_search,02,23,7,23,1,0,0,0,48,23,25,48,0,16,clue:2;collision_intent:23;state:23,141,0,completed
29,dcta_parity_v1,topk_filter,aa0724188407797eae5187348bee11ee9f51317c4e8a201863b052786aa2f1df,823213c90703fd83224ad7122ee730ba64af3769ea517af252103bddd907f681,DMCHBA,ideal,1.0,19,361,4,0.1,36,,,dmchba_topk_10,/home/agxorin/topk_filter_study/simulator/scenarios/final_trial_500.csv,clue_search,03,22,6,23,0,0,0,0,46,22,24,46,0,14,clue:2;collision_intent:22;state:22,143,0,completed
30,dcta_parity_v1,topk_filter,aa0724188407797eae5187348bee11ee9f51317c4e8a201863b052786aa2f1df,823213c90703fd83224ad7122ee730ba64af3769ea517af252103bddd907f681,DMCHBA,ideal,1.0,19,361,4,0.1,36,,,dmchba_topk_10,/home/agxorin/topk_filter_study/simulator/scenarios/final_trial_500.csv,clue_search,00,79,16,77,3,0,0,0,161,79,82,161,0,35,clue:3;collision_intent:79;state:79,494,0,completed
30,dcta_parity_v1,topk_filter,aa0724188407797eae5187348bee11ee9f51317c4e8a201863b052786aa2f1df,823213c90703fd83224ad7122ee730ba64af3769ea517af252103bddd907f681,DMCHBA,ideal,1.0,19,361,4,0.1,36,,,dmchba_topk_10,/home/agxorin/topk_filter_study/simulator/scenarios/final_trial_500.csv,clue_search,01,81,18,79,3,0,0,0,166,82,84,166,0,40,clue:3;collision_intent:81;state:81;target:1,489,0,completed
30,dcta_parity_v1,topk_filter,aa0724188407797eae5187348bee11ee9f51317c4e8a201863b052786aa2f1df,823213c90703fd83224ad7122ee730ba64af3769ea517af252103bddd907f681,DMCHBA,ideal,1.0,19,361,4,0.1,36,,,dmchba_topk_10,/home/agxorin/topk_filter_study/simulator/scenarios/final_trial_500.csv,clue_search,02,81,18,80,2,0,0,0,165,81,84,165,0,39,clue:3;collision_intent:81;state:81,490,0,completed
30,dcta_parity_v1,topk_filter,aa0724188407797eae5187348bee11ee9f51317c4e8a201863b052786aa2f1df,823213c90703fd83224ad7122ee730ba64af3769ea517af252103bddd907f681,DMCHBA,ideal,1.0,19,361,4,0.1,36,,,dmchba_topk_10,/home/agxorin/topk_filter_study/simulator/scenarios/final_trial_500.csv,clue_search,03,80,17,70,11,0,0,0,163,80,83,163,0,37,clue:3;collision_intent:80;state:80,491,0,completed
31,dcta_parity_v1,topk_filter,aa0724188407797eae5187348bee11ee9f51317c4e8a201863b052786aa2f1df,823213c90703fd83224ad7122ee730ba64af3769ea517af252103bddd907f681,DMCHBA,ideal,1.0,19,361,4,0.1,36,,,dmchba_topk_10,/home/agxorin/topk_filter_study/simulator/scenarios/final_trial_500.csv,clue_search,00,54,47,50,5,0,0,0,109,54,55,109,0,95,clue:1;collision_intent:54;state:54,320,0,completed
31,dcta_parity_v1,topk_filter,aa0724188407797eae5187348bee11ee9f51317c4e8a201863b052786aa2f1df,823213c90703fd83224ad7122ee730ba64af3769ea517af252103bddd907f681,DMCHBA,ideal,1.0,19,361,4,0.1,36,,,dmchba_topk_10,/home/agxorin/topk_filter_study/simulator/scenarios/final_trial_500.csv,clue_search,01,51,44,42,10,0,4,1,108,56,52,108,0,94,clue:1;collision_intent:55;state:51;target:1,323,0,completed
31,dcta_parity_v1,topk_filter,aa0724188407797eae5187348bee11ee9f51317c4e8a201863b052786aa2f1df,823213c90703fd83224ad7122ee730ba64af3769ea517af252103bddd907f681,DMCHBA,ideal,1.0,19,361,4,0.1,36,,,dmchba_topk_10,/home/agxorin/topk_filter_study/simulator/scenarios/final_trial_500.csv,clue_search,02,51,44,50,2,1,3,1,107,55,52,107,0,93,clue:1;collision_intent:55;state:51,323,0,completed
31,dcta_parity_v1,topk_filter,aa0724188407797eae5187348bee11ee9f51317c4e8a201863b052786aa2f1df,823213c90703fd83224ad7122ee730ba64af3769ea517af252103bddd907f681,DMCHBA,ideal,1.0,19,361,4,0.1,36,,,dmchba_topk_10,/home/agxorin/topk_filter_study/simulator/scenarios/final_trial_500.csv,clue_search,03,53,46,54,0,0,0,0,107,53,54,107,0,93,clue:1;collision_intent:53;state:53,322,0,completed
32,dcta_parity_v1,topk_filter,aa0724188407797eae5187348bee11ee9f51317c4e8a201863b052786aa2f1df,823213c90703fd83224ad7122ee730ba64af3769ea517af252103bddd907f681,DMCHBA,ideal,1.0,19,361,4,0.1,36,,,dmchba_topk_10,/home/agxorin/topk_filter_study/simulator/scenarios/final_trial_500.csv,clue_search,00,35,1,36,0,0,0,0,71,35,36,71,0,3,clue:1;collision_intent:35;state:35,211,0,completed
32,dcta_parity_v1,topk_filter,aa0724188407797eae5187348bee11ee9f51317c4e8a201863b052786aa2f1df,823213c90703fd83224ad7122ee730ba64af3769ea517af252103bddd907f681,DMCHBA,ideal,1.0,19,361,4,0.1,36,,,dmchba_topk_10,/home/agxorin/topk_filter_study/simulator/scenarios/final_trial_500.csv,clue_search,01,34,1,35,0,0,0,0,69,34,35,69,0,3,clue:1;collision_intent:34;state:34,214,0,completed
32,dcta_parity_v1,topk_filter,aa0724188407797eae5187348bee11ee9f51317c4e8a201863b052786aa2f1df,823213c90703fd83224ad7122ee730ba64af3769ea517af252103bddd907f681,DMCHBA,ideal,1.0,19,361,4,0.1,36,,,dmchba_topk_10,/home/agxorin/topk_filter_study/simulator/scenarios/final_trial_500.csv,clue_search,02,35,2,35,1,0,0,0,72,36,36,72,0,6,clue:1;collision_intent:35;state:35;target:1,211,0,completed
32,dcta_parity_v1,topk_filter,aa0724188407797eae5187348bee11ee9f51317c4e8a201863b052786aa2f1df,823213c90703fd83224ad7122ee730ba64af3769ea517af252103bddd907f681,DMCHBA,ideal,1.0,19,361,4,0.1,36,,,dmchba_topk_10,/home/agxorin/topk_filter_study/simulator/scenarios/final_trial_500.csv,clue_search,03,35,2,35,1,0,0,0,71,35,36,71,0,5,clue:1;collision_intent:35;state:35,211,0,completed
33,dcta_parity_v1,topk_filter,aa0724188407797eae5187348bee11ee9f51317c4e8a201863b052786aa2f1df,823213c90703fd83224ad7122ee730ba64af3769ea517af252103bddd907f681,DMCHBA,ideal,1.0,19,361,4,0.1,36,,,dmchba_topk_10,/home/agxorin/topk_filter_study/simulator/scenarios/final_trial_500.csv,clue_search,00,5,5,6,0,0,0,0,13,6,7,13,0,13,clue:2;collision_intent:5;state:5;target:1,36,0,completed
33,dcta_parity_v1,topk_filter,aa0724188407797eae5187348bee11ee9f51317c4e8a201863b052786aa2f1df,823213c90703fd83224ad7122ee730ba64af3769ea517af252103bddd907f681,DMCHBA,ideal,1.0,19,361,4,0.1,36,,,dmchba_topk_10,/home/agxorin/topk_filter_study/simulator/scenarios/final_trial_500.csv,clue_search,01,5,5,6,0,0,0,0,12,5,7,12,0,12,clue:2;collision_intent:5;state:5,37,0,completed
33,dcta_parity_v1,topk_filter,aa0724188407797eae5187348bee11ee9f51317c4e8a201863b052786aa2f1df,823213c90703fd83224ad7122ee730ba64af3769ea517af252103bddd907f681,DMCHBA,ideal,1.0,19,361,4,0.1,36,,,dmchba_topk_10,/home/agxorin/topk_filter_study/simulator/scenarios/final_trial_500.csv,clue_search,02,5,5,6,0,0,0,0,12,5,7,12,0,12,clue:2;collision_intent:5;state:5,37,0,completed
33,dcta_parity_v1,topk_filter,aa0724188407797eae5187348bee11ee9f51317c4e8a201863b052786aa2f1df,823213c90703fd83224ad7122ee730ba64af3769ea517af252103bddd907f681,DMCHBA,ideal,1.0,19,361,4,0.1,36,,,dmchba_topk_10,/home/agxorin/topk_filter_study/simulator/scenarios/final_trial_500.csv,clue_search,03,5,5,6,0,0,0,0,12,5,7,12,0,12,clue:2;collision_intent:5;state:5,36,0,completed
34,dcta_parity_v1,topk_filter,aa0724188407797eae5187348bee11ee9f51317c4e8a201863b052786aa2f1df,823213c90703fd83224ad7122ee730ba64af3769ea517af252103bddd907f681,DMCHBA,ideal,1.0,19,361,4,0.1,36,,,dmchba_topk_10,/home/agxorin/topk_filter_study/simulator/scenarios/final_trial_500.csv,clue_search,00,34,9,35,0,0,0,0,70,34,36,70,0,20,clue:2;collision_intent:34;state:34,211,0,completed
34,dcta_parity_v1,topk_filter,aa0724188407797eae5187348bee11ee9f51317c4e8a201863b052786aa2f1df,823213c90703fd83224ad7122ee730ba64af3769ea517af252103bddd907f681,DMCHBA,ideal,1.0,19,361,4,0.1,36,,,dmchba_topk_10,/home/agxorin/topk_filter_study/simulator/scenarios/final_trial_500.csv,clue_search,01,33,9,33,1,0,0,0,69,34,35,69,0,21,clue:2;collision_intent:34;state:33,212,0,completed
34,dcta_parity_v1,topk_filter,aa0724188407797eae5187348bee11ee9f51317c4e8a201863b052786aa2f1df,823213c90703fd83224ad7122ee730ba64af3769ea517af252103bddd907f681,DMCHBA,ideal,1.0,19,361,4,0.1,36,,,dmchba_topk_10,/home/agxorin/topk_filter_study/simulator/scenarios/final_trial_500.csv,clue_search,02,34,10,32,3,0,0,0,70,34,36,70,0,22,clue:2;collision_intent:34;state:34,211,0,completed
34,dcta_parity_v1,topk_filter,aa0724188407797eae5187348bee11ee9f51317c4e8a201863b052786aa2f1df,823213c90703fd83224ad7122ee730ba64af3769ea517af252103bddd907f681,DMCHBA,ideal,1.0,19,361,4,0.1,36,,,dmchba_topk_10,/home/agxorin/topk_filter_study/simulator/scenarios/final_trial_500.csv,clue_search,03,35,11,34,2,0,0,0,73,36,37,73,0,25,clue:2;collision_intent:35;state:35;target:1,209,0,completed
35,dcta_parity_v1,topk_filter,aa0724188407797eae5187348bee11ee9f51317c4e8a201863b052786aa2f1df,823213c90703fd83224ad7122ee730ba64af3769ea517af252103bddd907f681,DMCHBA,ideal,1.0,19,361,4,0.1,36,,,dmchba_topk_10,/home/agxorin/topk_filter_study/simulator/scenarios/final_trial_500.csv,clue_search,00,38,28,38,1,0,0,0,78,38,40,78,0,58,clue:2;collision_intent:38;state:38,233,0,completed
35,dcta_parity_v1,topk_filter,aa0724188407797eae5187348bee11ee9f51317c4e8a201863b052786aa2f1df,823213c90703fd83224ad7122ee730ba64af3769ea517af252103bddd907f681,DMCHBA,ideal,1.0,19,361,4,0.1,36,,,dmchba_topk_10,/home/agxorin/topk_filter_study/simulator/scenarios/final_trial_500.csv,clue_search,01,37,27,38,0,0,0,0,76,37,39,76,0,56,clue:2;collision_intent:37;state:37,236,0,completed
35,dcta_parity_v1,topk_filter,aa0724188407797eae5187348bee11ee9f51317c4e8a201863b052786aa2f1df,823213c90703fd83224ad7122ee730ba64af3769ea517af252103bddd907f681,DMCHBA,ideal,1.0,19,361,4,0.1,36,,,dmchba_topk_10,/home/agxorin/topk_filter_study/simulator/scenarios/final_trial_500.csv,clue_search,02,39,29,35,5,0,0,0,80,39,41,80,0,60,clue:2;collision_intent:39;state:39,232,0,completed
35,dcta_parity_v1,topk_filter,aa0724188407797eae5187348bee11ee9f51317c4e8a201863b052786aa2f1df,823213c90703fd83224ad7122ee730ba64af3769ea517af252103bddd907f681,DMCHBA,ideal,1.0,19,361,4,0.1,36,,,dmchba_topk_10,/home/agxorin/topk_filter_study/simulator/scenarios/final_trial_500.csv,clue_search,03,38,29,33,6,0,0,0,79,39,40,79,0,60,clue:2;collision_intent:38;state:38;target:1,234,0,completed
36,dcta_parity_v1,topk_filter,aa0724188407797eae5187348bee11ee9f51317c4e8a201863b052786aa2f1df,823213c90703fd83224ad7122ee730ba64af3769ea517af252103bddd907f681,DMCHBA,ideal,1.0,19,361,4,0.1,36,,,dmchba_topk_10,/home/agxorin/topk_filter_study/simulator/scenarios/final_trial_500.csv,clue_search,00,2,0,3,0,0,0,0,4,2,2,4,0,0,collision_intent:2;state:2,8,0,completed
36,dcta_parity_v1,topk_filter,aa0724188407797eae5187348bee11ee9f51317c4e8a201863b052786aa2f1df,823213c90703fd83224ad7122ee730ba64af3769ea517af252103bddd907f681,DMCHBA,ideal,1.0,19,361,4,0.1,36,,,dmchba_topk_10,/home/agxorin/topk_filter_study/simulator/scenarios/final_trial_500.csv,clue_search,01,1,0,2,0,0,0,0,2,1,1,2,0,0,collision_intent:1;state:1,9,0,completed
36,dcta_parity_v1,topk_filter,aa0724188407797eae5187348bee11ee9f51317c4e8a201863b052786aa2f1df,823213c90703fd83224ad7122ee730ba64af3769ea517af252103bddd907f681,DMCHBA,ideal,1.0,19,361,4,0.1,36,,,dmchba_topk_10,/home/agxorin/topk_filter_study/simulator/scenarios/final_trial_500.csv,clue_search,02,2,0,3,0,0,0,0,5,3,2,5,0,0,collision_intent:2;state:2;target:1,8,0,completed
36,dcta_parity_v1,topk_filter,aa0724188407797eae5187348bee11ee9f51317c4e8a201863b052786aa2f1df,823213c90703fd83224ad7122ee730ba64af3769ea517af252103bddd907f681,DMCHBA,ideal,1.0,19,361,4,0.1,36,,,dmchba_topk_10,/home/agxorin/topk_filter_study/simulator/scenarios/final_trial_500.csv,clue_search,03,1,0,2,0,0,0,0,2,1,1,2,0,0,collision_intent:1;state:1,10,0,completed
37,dcta_parity_v1,topk_filter,aa0724188407797eae5187348bee11ee9f51317c4e8a201863b052786aa2f1df,823213c90703fd83224ad7122ee730ba64af3769ea517af252103bddd907f681,DMCHBA,ideal,1.0,19,361,4,0.1,36,,,dmchba_topk_10,/home/agxorin/topk_filter_study/simulator/scenarios/final_trial_500.csv,clue_search,00,58,39,56,3,0,0,0,120,59,61,120,0,81,clue:3;collision_intent:58;state:58;target:1,357,0,completed
37,dcta_parity_v1,topk_filter,aa0724188407797eae5187348bee11ee9f51317c4e8a201863b052786aa2f1df,823213c90703fd83224ad7122ee730ba64af3769ea517af252103bddd907f681,DMCHBA,ideal,1.0,19,361,4,0.1,36,,,dmchba_topk_10,/home/agxorin/topk_filter_study/simulator/scenarios/final_trial_500.csv,clue_search,01,58,39,43,16,0,0,0,119,58,61,119,0,81,clue:3;collision_intent:58;state:58,357,0,completed
37,dcta_parity_v1,topk_filter,aa0724188407797eae5187348bee11ee9f51317c4e8a201863b052786aa2f1df,823213c90703fd83224ad7122ee730ba64af3769ea517af252103bddd907f681,DMCHBA,ideal,1.0,19,361,4,0.1,36,,,dmchba_topk_10,/home/agxorin/topk_filter_study/simulator/scenarios/final_trial_500.csv,clue_search,02,58,38,57,2,0,0,0,119,58,61,119,0,79,clue:3;collision_intent:58;state:58,356,0,completed
37,dcta_parity_v1,topk_filter,aa0724188407797eae5187348bee11ee9f51317c4e8a201863b052786aa2f1df,823213c90703fd83224ad7122ee730ba64af3769ea517af252103bddd907f681,DMCHBA,ideal,1.0,19,361,4,0.1,36,,,dmchba_topk_10,/home/agxorin/topk_filter_study/simulator/scenarios/final_trial_500.csv,clue_search,03,58,38,56,3,0,0,0,119,58,61,119,0,79,clue:3;collision_intent:58;state:58,357,0,completed
38,dcta_parity_v1,topk_filter,aa0724188407797eae5187348bee11ee9f51317c4e8a201863b052786aa2f1df,823213c90703fd83224ad7122ee730ba64af3769ea517af252103bddd907f681,DMCHBA,ideal,1.0,19,361,4,0.1,36,,,dmchba_topk_10,/home/agxorin/topk_filter_study/simulator/scenarios/final_trial_500.csv,clue_search,00,122,120,92,31,0,3,3,251,125,126,251,0,247,clue:4;collision_intent:125;state:122,745,0,completed
38,dcta_parity_v1,topk_filter,aa0724188407797eae5187348bee11ee9f51317c4e8a201863b052786aa2f1df,823213c90703fd83224ad7122ee730ba64af3769ea517af252103bddd907f681,DMCHBA,ideal,1.0,19,361,4,0.1,36,,,dmchba_topk_10,/home/agxorin/topk_filter_study/simulator/scenarios/final_trial_500.csv,clue_search,01,121,120,96,26,0,2,1,248,123,125,248,0,246,clue:4;collision_intent:123;state:121,748,0,completed
38,dcta_parity_v1,topk_filter,aa0724188407797eae5187348bee11ee9f51317c4e8a201863b052786aa2f1df,823213c90703fd83224ad7122ee730ba64af3769ea517af252103bddd907f681,DMCHBA,ideal,1.0,19,361,4,0.1,36,,,dmchba_topk_10,/home/agxorin/topk_filter_study/simulator/scenarios/final_trial_500.csv,clue_search,02,121,119,67,55,0,2,1,249,124,125,249,0,245,clue:4;collision_intent:124;state:121,747,0,completed
38,dcta_parity_v1,topk_filter,aa0724188407797eae5187348bee11ee9f51317c4e8a201863b052786aa2f1df,823213c90703fd83224ad7122ee730ba64af3769ea517af252103bddd907f681,DMCHBA,ideal,1.0,19,361,4,0.1,36,,,dmchba_topk_10,/home/agxorin/topk_filter_study/simulator/scenarios/final_trial_500.csv,clue_search,03,121,120,102,20,0,2,1,249,124,125,249,0,247,clue:4;collision_intent:123;state:121;target:1,748,0,completed
39,dcta_parity_v1,topk_filter,aa0724188407797eae5187348bee11ee9f51317c4e8a201863b052786aa2f1df,823213c90703fd83224ad7122ee730ba64af3769ea517af252103bddd907f681,DMCHBA,ideal,1.0,19,361,4,0.1,36,,,dmchba_topk_10,/home/agxorin/topk_filter_study/simulator/scenarios/final_trial_500.csv,clue_search,00,39,22,35,5,0,0,0,79,39,40,79,0,45,clue:1;collision_intent:39;state:39,232,0,completed
39,dcta_parity_v1,topk_filter,aa0724188407797eae5187348bee11ee9f51317c4e8a201863b052786aa2f1df,823213c90703fd83224ad7122ee730ba64af3769ea517af252103bddd907f681,DMCHBA,ideal,1.0,19,361,4,0.1,36,,,dmchba_topk_10,/home/agxorin/topk_filter_study/simulator/scenarios/final_trial_500.csv,clue_search,01,38,21,38,1,0,0,0,77,38,39,77,0,43,clue:1;collision_intent:38;state:38,233,0,completed
39,dcta_parity_v1,topk_filter,aa0724188407797eae5187348bee11ee9f51317c4e8a201863b052786aa2f1df,823213c90703fd83224ad7122ee730ba64af3769ea517af252103bddd907f681,DMCHBA,ideal,1.0,19,361,4,0.1,36,,,dmchba_topk_10,/home/agxorin/topk_filter_study/simulator/scenarios/final_trial_500.csv,clue_search,02,38,21,34,5,0,1,1,78,39,39,78,0,44,clue:1;collision_intent:39;state:38,233,0,completed
39,dcta_parity_v1,topk_filter,aa0724188407797eae5187348bee11ee9f51317c4e8a201863b052786aa2f1df,823213c90703fd83224ad7122ee730ba64af3769ea517af252103bddd907f681,DMCHBA,ideal,1.0,19,361,4,0.1,36,,,dmchba_topk_10,/home/agxorin/topk_filter_study/simulator/scenarios/final_trial_500.csv,clue_search,03,38,21,37,2,0,0,0,78,39,39,78,0,44,clue:1;collision_intent:38;state:38;target:1,234,0,completed
40,dcta_parity_v1,topk_filter,aa0724188407797eae5187348bee11ee9f51317c4e8a201863b052786aa2f1df,823213c90703fd83224ad7122ee730ba64af3769ea517af252103bddd907f681,DMCHBA,ideal,1.0,19,361,4,0.1,36,,,dmchba_topk_10,/home/agxorin/topk_filter_study/simulator/scenarios/final_trial_500.csv,clue_search,00,94,62,74,21,0,0,0,192,94,98,192,0,128,clue:4;collision_intent:94;state:94,576,0,completed
40,dcta_parity_v1,topk_filter,aa0724188407797eae5187348bee11ee9f51317c4e8a201863b052786aa2f1df,823213c90703fd83224ad7122ee730ba64af3769ea517af252103bddd907f681,DMCHBA,ideal,1.0,19,361,4,0.1,36,,,dmchba_topk_10,/home/agxorin/topk_filter_study/simulator/scenarios/final_trial_500.csv,clue_search,01,92,61,84,9,0,0,0,188,92,96,188,0,126,clue:4;collision_intent:92;state:92,581,0,completed
40,dcta_parity_v1,topk_filter,aa0724188407797eae5187348bee11ee9f51317c4e8a201863b052786aa2f1df,823213c90703fd83224ad7122ee730ba64af3769ea517af252103bddd907f681,DMCHBA,ideal,1.0,19,361,4,0.1,36,,,dmchba_topk_10,/home/agxorin/topk_filter_study/simulator/scenarios/final_trial_500.csv,clue_search,02,96,64,81,16,0,0,0,196,96,100,196,0,132,clue:4;collision_intent:96;state:96,572,0,completed
40,dcta_parity_v1,topk_filter,aa0724188407797eae5187348bee11ee9f51317c4e8a201863b052786aa2f1df,823213c90703fd83224ad7122ee730ba64af3769ea517af252103bddd907f681,DMCHBA,ideal,1.0,19,361,4,0.1,36,,,dmchba_topk_10,/home/agxorin/topk_filter_study/simulator/scenarios/final_trial_500.csv,clue_search,03,94,63,82,13,0,0,0,193,95,98,193,0,131,clue:4;collision_intent:94;state:94;target:1,576,0,completed
41,dcta_parity_v1,topk_filter,aa0724188407797eae5187348bee11ee9f51317c4e8a201863b052786aa2f1df,823213c90703fd83224ad7122ee730ba64af3769ea517af252103bddd907f681,DMCHBA,ideal,1.0,19,361,4,0.1,36,,,dmchba_topk_10,/home/agxorin/topk_filter_study/simulator/scenarios/final_trial_500.csv,clue_search,00,10,8,11,0,0,0,0,23,11,12,23,0,19,clue:2;collision_intent:10;state:10;target:1,59,0,completed
41,dcta_parity_v1,topk_filter,aa0724188407797eae5187348bee11ee9f51317c4e8a201863b052786aa2f1df,823213c90703fd83224ad7122ee730ba64af3769ea517af252103bddd907f681,DMCHBA,ideal,1.0,19,361,4,0.1,36,,,dmchba_topk_10,/home/agxorin/topk_filter_study/simulator/scenarios/final_trial_500.csv,clue_search,01,9,8,8,2,0,0,0,20,9,11,20,0,18,clue:2;collision_intent:9;state:9,61,0,completed
41,dcta_parity_v1,topk_filter,aa0724188407797eae5187348bee11ee9f51317c4e8a201863b052786aa2f1df,823213c90703fd83224ad7122ee730ba64af3769ea517af252103bddd907f681,DMCHBA,ideal,1.0,19,361,4,0.1,36,,,dmchba_topk_10,/home/agxorin/topk_filter_study/simulator/scenarios/final_trial_500.csv,clue_search,02,8,6,9,0,0,0,0,19,9,10,19,0,15,clue:2;collision_intent:9;state:8,62,0,completed
41,dcta_parity_v1,topk_filter,aa0724188407797eae5187348bee11ee9f51317c4e8a201863b052786aa2f1df,823213c90703fd83224ad7122ee730ba64af3769ea517af252103bddd907f681,DMCHBA,ideal,1.0,19,361,4,0.1,36,,,dmchba_topk_10,/home/agxorin/topk_filter_study/simulator/scenarios/final_trial_500.csv,clue_search,03,9,8,10,0,0,0,0,20,9,11,20,0,18,clue:2;collision_intent:9;state:9,61,0,completed
42,dcta_parity_v1,topk_filter,aa0724188407797eae5187348bee11ee9f51317c4e8a201863b052786aa2f1df,823213c90703fd83224ad7122ee730ba64af3769ea517af252103bddd907f681,DMCHBA,ideal,1.0,19,361,4,0.1,36,,,dmchba_topk_10,/home/agxorin/topk_filter_study/simulator/scenarios/final_trial_500.csv,clue_search,00,20,12,21,0,0,0,0,43,21,22,43,0,27,clue:2;collision_intent:21;state:20,125,0,completed
42,dcta_parity_v1,topk_filter,aa0724188407797eae5187348bee11ee9f51317c4e8a201863b052786aa2f1df,823213c90703fd83224ad7122ee730ba64af3769ea517af252103bddd907f681,DMCHBA,ideal,1.0,19,361,4,0.1,36,,,dmchba_topk_10,/home/agxorin/topk_filter_study/simulator/scenarios/final_trial_500.csv,clue_search,01,20,12,21,0,0,0,0,42,20,22,42,0,26,clue:2;collision_intent:20;state:20,127,0,completed
42,dcta_parity_v1,topk_filter,aa0724188407797eae5187348bee11ee9f51317c4e8a201863b052786aa2f1df,823213c90703fd83224ad7122ee730ba64af3769ea517af252103bddd907f681,DMCHBA,ideal,1.0,19,361,4,0.1,36,,,dmchba_topk_10,/home/agxorin/topk_filter_study/simulator/scenarios/final_trial_500.csv,clue_search,02,20,11,21,0,0,0,0,43,21,22,43,0,25,clue:2;collision_intent:20;state:20;target:1,127,0,completed
42,dcta_parity_v1,topk_filter,aa0724188407797eae5187348bee11ee9f51317c4e8a201863b052786aa2f1df,823213c90703fd83224ad7122ee730ba64af3769ea517af252103bddd907f681,DMCHBA,ideal,1.0,19,361,4,0.1,36,,,dmchba_topk_10,/home/agxorin/topk_filter_study/simulator/scenarios/final_trial_500.csv,clue_search,03,20,12,20,1,0,0,0,42,20,22,42,0,26,clue:2;collision_intent:20;state:20,128,0,completed
43,dcta_parity_v1,topk_filter,aa0724188407797eae5187348bee11ee9f51317c4e8a201863b052786aa2f1df,823213c90703fd83224ad7122ee730ba64af3769ea517af252103bddd907f681,DMCHBA,ideal,1.0,19,361,4,0.1,36,,,dmchba_topk_10,/home/agxorin/topk_filter_study/simulator/scenarios/final_trial_500.csv,clue_search,00,4,0,5,0,0,0,0,8,4,4,8,0,0,collision_intent:4;state:4,24,0,completed
43,dcta_parity_v1,topk_filter,aa0724188407797eae5187348bee11ee9f51317c4e8a201863b052786aa2f1df,823213c90703fd83224ad7122ee730ba64af3769ea517af252103bddd907f681,DMCHBA,ideal,1.0,19,361,4,0.1,36,,,dmchba_topk_10,/home/agxorin/topk_filter_study/simulator/scenarios/final_trial_500.csv,clue_search,01,4,0,5,0,0,0,0,9,5,4,9,0,0,collision_intent:4;state:4;target:1,24,0,completed
43,dcta_parity_v1,topk_filter,aa0724188407797eae5187348bee11ee9f51317c4e8a201863b052786aa2f1df,823213c90703fd83224ad7122ee730ba64af3769ea517af252103bddd907f681,DMCHBA,ideal,1.0,19,361,4,0.1,36,,,dmchba_topk_10,/home/agxorin/topk_filter_study/simulator/scenarios/final_trial_500.csv,clue_search,02,4,0,5,0,0,0,0,8,4,4,8,0,0,collision_intent:4;state:4,24,0,completed
43,dcta_parity_v1,topk_filter,aa0724188407797eae5187348bee11ee9f51317c4e8a201863b052786aa2f1df,823213c90703fd83224ad7122ee730ba64af3769ea517af252103bddd907f681,DMCHBA,ideal,1.0,19,361,4,0.1,36,,,dmchba_topk_10,/home/agxorin/topk_filter_study/simulator/scenarios/final_trial_500.csv,clue_search,03,4,0,5,0,0,0,0,8,4,4,8,0,0,collision_intent:4;state:4,23,0,completed
44,dcta_parity_v1,topk_filter,aa0724188407797eae5187348bee11ee9f51317c4e8a201863b052786aa2f1df,823213c90703fd83224ad7122ee730ba64af3769ea517af252103bddd907f681,DMCHBA,ideal,1.0,19,361,4,0.1,36,,,dmchba_topk_10,/home/agxorin/topk_filter_study/simulator/scenarios/final_trial_500.csv,clue_search,00,29,0,30,0,0,0,0,58,29,29,58,0,0,collision_intent:29;state:29,175,0,completed
44,dcta_parity_v1,topk_filter,aa0724188407797eae5187348bee11ee9f51317c4e8a201863b052786aa2f1df,823213c90703fd83224ad7122ee730ba64af3769ea517af252103bddd907f681,DMCHBA,ideal,1.0,19,361,4,0.1,36,,,dmchba_topk_10,/home/agxorin/topk_filter_study/simulator/scenarios/final_trial_500.csv,clue_search,01,29,0,30,0,0,0,0,59,30,29,59,0,0,collision_intent:29;state:29;target:1,174,0,completed
44,dcta_parity_v1,topk_filter,aa0724188407797eae5187348bee11ee9f51317c4e8a201863b052786aa2f1df,823213c90703fd83224ad7122ee730ba64af3769ea517af252103bddd907f681,DMCHBA,ideal,1.0,19,361,4,0.1,36,,,dmchba_topk_10,/home/agxorin/topk_filter_study/simulator/scenarios/final_trial_500.csv,clue_search,02,29,0,30,0,0,0,0,58,29,29,58,0,0,collision_intent:29;state:29,174,0,completed
44,dcta_parity_v1,topk_filter,aa0724188407797eae5187348bee11ee9f51317c4e8a201863b052786aa2f1df,823213c90703fd83224ad7122ee730ba64af3769ea517af252103bddd907f681,DMCHBA,ideal,1.0,19,361,4,0.1,36,,,dmchba_topk_10,/home/agxorin/topk_filter_study/simulator/scenarios/final_trial_500.csv,clue_search,03,29,0,30,0,0,0,0,58,29,29,58,0,0,collision_intent:29;state:29,174,0,completed
45,dcta_parity_v1,topk_filter,aa0724188407797eae5187348bee11ee9f51317c4e8a201863b052786aa2f1df,823213c90703fd83224ad7122ee730ba64af3769ea517af252103bddd907f681,DMCHBA,ideal,1.0,19,361,4,0.1,36,,,dmchba_topk_10,/home/agxorin/topk_filter_study/simulator/scenarios/final_trial_500.csv,clue_search,00,59,24,54,6,0,0,0,120,59,61,120,0,50,clue:2;collision_intent:59;state:59,353,0,completed
45,dcta_parity_v1,topk_filter,aa0724188407797eae5187348bee11ee9f51317c4e8a201863b052786aa2f1df,823213c90703fd83224ad7122ee730ba64af3769ea517af252103bddd907f681,DMCHBA,ideal,1.0,19,361,4,0.1,36,,,dmchba_topk_10,/home/agxorin/topk_filter_study/simulator/scenarios/final_trial_500.csv,clue_search,01,58,24,49,10,0,0,0,118,58,60,118,0,50,clue:2;collision_intent:58;state:58,355,0,completed
45,dcta_parity_v1,topk_filter,aa0724188407797eae5187348bee11ee9f51317c4e8a201863b052786aa2f1df,823213c90703fd83224ad7122ee730ba64af3769ea517af252103bddd907f681,DMCHBA,ideal,1.0,19,361,4,0.1,36,,,dmchba_topk_10,/home/agxorin/topk_filter_study/simulator/scenarios/final_trial_500.csv,clue_search,02,59,24,49,11,0,1,1,122,61,61,122,0,52,clue:2;collision_intent:60;state:59;target:1,353,0,completed
45,dcta_parity_v1,topk_filter,aa0724188407797eae5187348bee11ee9f51317c4e8a201863b052786aa2f1df,823213c90703fd83224ad7122ee730ba64af3769ea517af252103bddd907f681,DMCHBA,ideal,1.0,19,361,4,0.1,36,,,dmchba_topk_10,/home/agxorin/topk_filter_study/simulator/scenarios/final_trial_500.csv,clue_search,03,56,21,56,1,0,0,0,115,57,58,115,0,45,clue:2;collision_intent:57;state:56,359,0,completed
46,dcta_parity_v1,topk_filter,aa0724188407797eae5187348bee11ee9f51317c4e8a201863b052786aa2f1df,823213c90703fd83224ad7122ee730ba64af3769ea517af252103bddd907f681,DMCHBA,ideal,1.0,19,361,4,0.1,36,,,dmchba_topk_10,/home/agxorin/topk_filter_study/simulator/scenarios/final_trial_500.csv,clue_search,00,46,38,38,9,0,0,0,94,46,48,94,0,78,clue:2;collision_intent:46;state:46,281,0,completed
46,dcta_parity_v1,topk_filter,aa0724188407797eae5187348bee11ee9f51317c4e8a201863b052786aa2f1df,823213c90703fd83224ad7122ee730ba64af3769ea517af252103bddd907f681,DMCHBA,ideal,1.0,19,361,4,0.1,36,,,dmchba_topk_10,/home/agxorin/topk_filter_study/simulator/scenarios/final_trial_500.csv,clue_search,01,45,38,45,1,0,0,0,93,46,47,93,0,78,clue:2;collision_intent:45;state:45;target:1,282,0,completed
46,dcta_parity_v1,topk_filter,aa0724188407797eae5187348bee11ee9f51317c4e8a201863b052786aa2f1df,823213c90703fd83224ad7122ee730ba64af3769ea517af252103bddd907f681,DMCHBA,ideal,1.0,19,361,4,0.1,36,,,dmchba_topk_10,/home/agxorin/topk_filter_study/simulator/scenarios/final_trial_500.csv,clue_search,02,46,38,45,2,0,0,0,94,46,48,94,0,78,clue:2;collision_intent:46;state:46,280,0,completed
46,dcta_parity_v1,topk_filter,aa0724188407797eae5187348bee11ee9f51317c4e8a201863b052786aa2f1df,823213c90703fd83224ad7122ee730ba64af3769ea517af252103bddd907f681,DMCHBA,ideal,1.0,19,361,4,0.1,36,,,dmchba_topk_10,/home/agxorin/topk_filter_study/simulator/scenarios/final_trial_500.csv,clue_search,03,46,38,37,10,0,0,0,94,46,48,94,0,78,clue:2;collision_intent:46;state:46,281,0,completed
47,dcta_parity_v1,topk_filter,aa0724188407797eae5187348bee11ee9f51317c4e8a201863b052786aa2f1df,823213c90703fd83224ad7122ee730ba64af3769ea517af252103bddd907f681,DMCHBA,ideal,1.0,19,361,4,0.1,36,,,dmchba_topk_10,/home/agxorin/topk_filter_study/simulator/scenarios/final_trial_500.csv,clue_search,00,84,76,73,12,0,0,0,171,84,87,171,0,155,clue:3;collision_intent:84;state:84,503,0,completed
47,dcta_parity_v1,topk_filter,aa0724188407797eae5187348bee11ee9f51317c4e8a201863b052786aa2f1df,823213c90703fd83224ad7122ee730ba64af3769ea517af252103bddd907f681,DMCHBA,ideal,1.0,19,361,4,0.1,36,,,dmchba_topk_10,/home/agxorin/topk_filter_study/simulator/scenarios/final_trial_500.csv,clue_search,01,82,75,80,3,0,0,0,168,83,85,168,0,154,clue:3;collision_intent:82;state:82;target:1,508,0,completed
47,dcta_parity_v1,topk_filter,aa0724188407797eae5187348bee11ee9f51317c4e8a201863b052786aa2f1df,823213c90703fd83224ad7122ee730ba64af3769ea517af252103bddd907f681,DMCHBA,ideal,1.0,19,361,4,0.1,36,,,dmchba_topk_10,/home/agxorin/topk_filter_study/simulator/scenarios/final_trial_500.csv,clue_search,02,83,75,62,22,0,1,1,170,84,86,170,0,154,clue:3;collision_intent:84;state:83,506,0,completed
47,dcta_parity_v1,topk_filter,aa0724188407797eae5187348bee11ee9f51317c4e8a201863b052786aa2f1df,823213c90703fd83224ad7122ee730ba64af3769ea517af252103bddd907f681,DMCHBA,ideal,1.0,19,361,4,0.1,36,,,dmchba_topk_10,/home/agxorin/topk_filter_study/simulator/scenarios/final_trial_500.csv,clue_search,03,82,74,66,17,0,0,0,167,82,85,167,0,151,clue:3;collision_intent:82;state:82,508,0,completed
48,dcta_parity_v1,topk_filter,aa0724188407797eae5187348bee11ee9f51317c4e8a201863b052786aa2f1df,823213c90703fd83224ad7122ee730ba64af3769ea517af252103bddd907f681,DMCHBA,ideal,1.0,19,361,4,0.1,36,,,dmchba_topk_10,/home/agxorin/topk_filter_study/simulator/scenarios/final_trial_500.csv,clue_search,00,11,0,12,0,0,0,0,22,11,11,22,0,0,collision_intent:11;state:11,65,0,completed
48,dcta_parity_v1,topk_filter,aa0724188407797eae5187348bee11ee9f51317c4e8a201863b052786aa2f1df,823213c90703fd83224ad7122ee730ba64af3769ea517af252103bddd907f681,DMCHBA,ideal,1.0,19,361,4,0.1,36,,,dmchba_topk_10,/home/agxorin/topk_filter_study/simulator/scenarios/final_trial_500.csv,clue_search,01,11,0,12,0,0,0,0,22,11,11,22,0,0,collision_intent:11;state:11,66,0,completed
48,dcta_parity_v1,topk_filter,aa0724188407797eae5187348bee11ee9f51317c4e8a201863b052786aa2f1df,823213c90703fd83224ad7122ee730ba64af3769ea517af252103bddd907f681,DMCHBA,ideal,1.0,19,361,4,0.1,36,,,dmchba_topk_10,/home/agxorin/topk_filter_study/simulator/scenarios/final_trial_500.csv,clue_search,02,11,0,12,0,0,0,0,22,11,11,22,0,0,collision_intent:11;state:11,66,0,completed
48,dcta_parity_v1,topk_filter,aa0724188407797eae5187348bee11ee9f51317c4e8a201863b052786aa2f1df,823213c90703fd83224ad7122ee730ba64af3769ea517af252103bddd907f681,DMCHBA,ideal,1.0,19,361,4,0.1,36,,,dmchba_topk_10,/home/agxorin/topk_filter_study/simulator/scenarios/final_trial_500.csv,clue_search,03,11,0,12,0,0,0,0,23,12,11,23,0,0,collision_intent:11;state:11;target:1,66,0,completed
49,dcta_parity_v1,topk_filter,aa0724188407797eae5187348bee11ee9f51317c4e8a201863b052786aa2f1df,823213c90703fd83224ad7122ee730ba64af3769ea517af252103bddd907f681,DMCHBA,ideal,1.0,19,361,4,0.1,36,,,dmchba_topk_10,/home/agxorin/topk_filter_study/simulator/scenarios/final_trial_500.csv,clue_search,00,56,55,48,9,0,0,0,114,56,58,114,0,112,clue:2;collision_intent:56;state:56,337,0,completed
49,dcta_parity_v1,topk_filter,aa0724188407797eae5187348bee11ee9f51317c4e8a201863b052786aa2f1df,823213c90703fd83224ad7122ee730ba64af3769ea517af252103bddd907f681,DMCHBA,ideal,1.0,19,361,4,0.1,36,,,dmchba_topk_10,/home/agxorin/topk_filter_study/simulator/scenarios/final_trial_500.csv,clue_search,01,54,53,46,9,0,1,1,111,55,56,111,0,109,clue:2;collision_intent:55;state:54,342,0,completed
49,dcta_parity_v1,topk_filter,aa0724188407797eae5187348bee11ee9f51317c4e8a201863b052786aa2f1df,823213c90703fd83224ad7122ee730ba64af3769ea517af252103bddd907f681,DMCHBA,ideal,1.0,19,361,4,0.1,36,,,dmchba_topk_10,/home/agxorin/topk_filter_study/simulator/scenarios/final_trial_500.csv,clue_search,02,54,53,45,10,0,1,1,111,55,56,111,0,109,clue:2;collision_intent:55;state:54,342,0,completed
49,dcta_parity_v1,topk_filter,aa0724188407797eae5187348bee11ee9f51317c4e8a201863b052786aa2f1df,823213c90703fd83224ad7122ee730ba64af3769ea517af252103bddd907f681,DMCHBA,ideal,1.0,19,361,4,0.1,36,,,dmchba_topk_10,/home/agxorin/topk_filter_study/simulator/scenarios/final_trial_500.csv,clue_search,03,57,56,46,12,0,0,0,117,58,59,117,0,115,clue:2;collision_intent:57;state:57;target:1,336,0,completed
50,dcta_parity_v1,topk_filter,aa0724188407797eae5187348bee11ee9f51317c4e8a201863b052786aa2f1df,823213c90703fd83224ad7122ee730ba64af3769ea517af252103bddd907f681,DMCHBA,ideal,1.0,19,361,4,0.1,36,,,dmchba_topk_10,/home/agxorin/topk_filter_study/simulator/scenarios/final_trial_500.csv,clue_search,00,126,126,92,35,0,1,1,257,127,130,257,0,257,clue:4;collision_intent:127;state:126,767,0,completed
50,dcta_parity_v1,topk_filter,aa0724188407797eae5187348bee11ee9f51317c4e8a201863b052786aa2f1df,823213c90703fd83224ad7122ee730ba64af3769ea517af252103bddd907f681,DMCHBA,ideal,1.0,19,361,4,0.1,36,,,dmchba_topk_10,/home/agxorin/topk_filter_study/simulator/scenarios/final_trial_500.csv,clue_search,01,127,127,107,21,0,0,0,259,128,131,259,0,259,clue:4;collision_intent:127;state:127;target:1,766,0,completed
50,dcta_parity_v1,topk_filter,aa0724188407797eae5187348bee11ee9f51317c4e8a201863b052786aa2f1df,823213c90703fd83224ad7122ee730ba64af3769ea517af252103bddd907f681,DMCHBA,ideal,1.0,19,361,4,0.1,36,,,dmchba_topk_10,/home/agxorin/topk_filter_study/simulator/scenarios/final_trial_500.csv,clue_search,02,123,123,82,42,0,0,0,251,124,127,251,0,251,clue:4;collision_intent:124;state:123,774,0,completed
50,dcta_parity_v1,topk_filter,aa0724188407797eae5187348bee11ee9f51317c4e8a201863b052786aa2f1df,823213c90703fd83224ad7122ee730ba64af3769ea517af252103bddd907f681,DMCHBA,ideal,1.0,19,361,4,0.1,36,,,dmchba_topk_10,/home/agxorin/topk_filter_study/simulator/scenarios/final_trial_500.csv,clue_search,03,127,127,79,49,0,0,0,258,127,131,258,0,258,clue:4;collision_intent:127;state:127,766,0,completed
51,dcta_parity_v1,topk_filter,aa0724188407797eae5187348bee11ee9f51317c4e8a201863b052786aa2f1df,823213c90703fd83224ad7122ee730ba64af3769ea517af252103bddd907f681,DMCHBA,ideal,1.0,19,361,4,0.1,36,,,dmchba_topk_10,/home/agxorin/topk_filter_study/simulator/scenarios/final_trial_500.csv,clue_search,00,11,0,12,0,0,0,0,22,11,11,22,0,0,collision_intent:11;state:11,64,0,completed
51,dcta_parity_v1,topk_filter,aa0724188407797eae5187348bee11ee9f51317c4e8a201863b052786aa2f1df,823213c90703fd83224ad7122ee730ba64af3769ea517af252103bddd907f681,DMCHBA,ideal,1.0,19,361,4,0.1,36,,,dmchba_topk_10,/home/agxorin/topk_filter_study/simulator/scenarios/final_trial_500.csv,clue_search,01,10,0,11,0,0,0,0,21,11,10,21,0,0,collision_intent:11;state:10,66,0,completed
51,dcta_parity_v1,topk_filter,aa0724188407797eae5187348bee11ee9f51317c4e8a201863b052786aa2f1df,823213c90703fd83224ad7122ee730ba64af3769ea517af252103bddd907f681,DMCHBA,ideal,1.0,19,361,4,0.1,36,,,dmchba_topk_10,/home/agxorin/topk_filter_study/simulator/scenarios/final_trial_500.csv,clue_search,02,11,0,12,0,0,0,0,22,11,11,22,0,0,collision_intent:11;state:11,66,0,completed
51,dcta_parity_v1,topk_filter,aa0724188407797eae5187348bee11ee9f51317c4e8a201863b052786aa2f1df,823213c90703fd83224ad7122ee730ba64af3769ea517af252103bddd907f681,DMCHBA,ideal,1.0,19,361,4,0.1,36,,,dmchba_topk_10,/home/agxorin/topk_filter_study/simulator/scenarios/final_trial_500.csv,clue_search,03,11,0,12,0,0,0,0,23,12,11,23,0,0,collision_intent:11;state:11;target:1,65,0,completed
52,dcta_parity_v1,topk_filter,aa0724188407797eae5187348bee11ee9f51317c4e8a201863b052786aa2f1df,823213c90703fd83224ad7122ee730ba64af3769ea517af252103bddd907f681,DMCHBA,ideal,1.0,19,361,4,0.1,36,,,dmchba_topk_10,/home/agxorin/topk_filter_study/simulator/scenarios/final_trial_500.csv,clue_search,00,35,21,35,1,0,0,0,73,35,38,73,0,45,clue:3;collision_intent:35;state:35,223,0,completed
52,dcta_parity_v1,topk_filter,aa0724188407797eae5187348bee11ee9f51317c4e8a201863b052786aa2f1df,823213c90703fd83224ad7122ee730ba64af3769ea517af252103bddd907f681,DMCHBA,ideal,1.0,19,361,4,0.1,36,,,dmchba_topk_10,/home/agxorin/topk_filter_study/simulator/scenarios/final_trial_500.csv,clue_search,01,36,22,37,0,0,0,0,76,37,39,76,0,48,clue:3;collision_intent:36;state:36;target:1,220,0,completed
52,dcta_parity_v1,topk_filter,aa0724188407797eae5187348bee11ee9f51317c4e8a201863b052786aa2f1df,823213c90703fd83224ad7122ee730ba64af3769ea517af252103bddd907f681,DMCHBA,ideal,1.0,19,361,4,0.1,36,,,dmchba_topk_10,/home/agxorin/topk_filter_study/simulator/scenarios/final_trial_500.csv,clue_search,02,35,21,33,3,0,0,0,73,35,38,73,0,45,clue:3;collision_intent:35;state:35,224,0,completed
52,dcta_parity_v1,topk_filter,aa0724188407797eae5187348bee11ee9f51317c4e8a201863b052786aa2f1df,823213c90703fd83224ad7122ee730ba64af3769ea517af252103bddd907f681,DMCHBA,ideal,1.0,19,361,4,0.1,36,,,dmchba_topk_10,/home/agxorin/topk_filter_study/simulator/scenarios/final_trial_500.csv,clue_search,03,36,23,32,5,0,0,0,75,36,39,75,0,49,clue:3;collision_intent:36;state:36,222,0,completed
53,dcta_parity_v1,topk_filter,aa0724188407797eae5187348bee11ee9f51317c4e8a201863b052786aa2f1df,823213c90703fd83224ad7122ee730ba64af3769ea517af252103bddd907f681,DMCHBA,ideal,1.0,19,361,4,0.1,36,,,dmchba_topk_10,/home/agxorin/topk_filter_study/simulator/scenarios/final_trial_500.csv,clue_search,00,14,8,15,0,0,0,0,30,14,16,30,0,18,clue:2;collision_intent:14;state:14,95,0,completed
53,dcta_parity_v1,topk_filter,aa0724188407797eae5187348bee11ee9f51317c4e8a201863b052786aa2f1df,823213c90703fd83224ad7122ee730ba64af3769ea517af252103bddd907f681,DMCHBA,ideal,1.0,19,361,4,0.1,36,,,dmchba_topk_10,/home/agxorin/topk_filter_study/simulator/scenarios/final_trial_500.csv,clue_search,01,15,10,15,1,0,0,0,33,16,17,33,0,23,clue:2;collision_intent:15;state:15;target:1,94,0,completed
53,dcta_parity_v1,topk_filter,aa0724188407797eae5187348bee11ee9f51317c4e8a201863b052786aa2f1df,823213c90703fd83224ad7122ee730ba64af3769ea517af252103bddd907f681,DMCHBA,ideal,1.0,19,361,4,0.1,36,,,dmchba_topk_10,/home/agxorin/topk_filter_study/simulator/scenarios/final_trial_500.csv,clue_search,02,15,9,16,0,0,0,0,32,15,17,32,0,20,clue:2;collision_intent:15;state:15,95,0,completed
53,dcta_parity_v1,topk_filter,aa0724188407797eae5187348bee11ee9f51317c4e8a201863b052786aa2f1df,823213c90703fd83224ad7122ee730ba64af3769ea517af252103bddd907f681,DMCHBA,ideal,1.0,19,361,4,0.1,36,,,dmchba_topk_10,/home/agxorin/topk_filter_study/simulator/scenarios/final_trial_500.csv,clue_search,03,15,10,14,2,0,0,0,32,15,17,32,0,21,clue:2;collision_intent:15;state:15,93,0,completed
54,dcta_parity_v1,topk_filter,aa0724188407797eae5187348bee11ee9f51317c4e8a201863b052786aa2f1df,823213c90703fd83224ad7122ee730ba64af3769ea517af252103bddd907f681,DMCHBA,ideal,1.0,19,361,4,0.1,36,,,dmchba_topk_10,/home/agxorin/topk_filter_study/simulator/scenarios/final_trial_500.csv,clue_search,00,16,3,17,0,0,0,0,33,16,17,33,0,7,clue:1;collision_intent:16;state:16,95,0,completed
54,dcta_parity_v1,topk_filter,aa0724188407797eae5187348bee11ee9f51317c4e8a201863b052786aa2f1df,823213c90703fd83224ad7122ee730ba64af3769ea517af252103bddd907f681,DMCHBA,ideal,1.0,19,361,4,0.1,36,,,dmchba_topk_10,/home/agxorin/topk_filter_study/simulator/scenarios/final_trial_500.csv,clue_search,01,15,2,16,0,0,0,0,31,15,16,31,0,5,clue:1;collision_intent:15;state:15,97,0,completed
54,dcta_parity_v1,topk_filter,aa0724188407797eae5187348bee11ee9f51317c4e8a201863b052786aa2f1df,823213c90703fd83224ad7122ee730ba64af3769ea517af252103bddd907f681,DMCHBA,ideal,1.0,19,361,4,0.1,36,,,dmchba_topk_10,/home/agxorin/topk_filter_study/simulator/scenarios/final_trial_500.csv,clue_search,02,16,3,17,0,0,0,0,34,17,17,34,0,8,clue:1;collision_intent:16;state:16;target:1,95,0,completed
54,dcta_parity_v1,topk_filter,aa0724188407797eae5187348bee11ee9f51317c4e8a201863b052786aa2f1df,823213c90703fd83224ad7122ee730ba64af3769ea517af252103bddd907f681,DMCHBA,ideal,1.0,19,361,4,0.1,36,,,dmchba_topk_10,/home/agxorin/topk_filter_study/simulator/scenarios/final_trial_500.csv,clue_search,03,15,3,16,0,0,0,0,31,15,16,31,0,7,clue:1;collision_intent:15;state:15,98,0,completed
55,dcta_parity_v1,topk_filter,aa0724188407797eae5187348bee11ee9f51317c4e8a201863b052786aa2f1df,823213c90703fd83224ad7122ee730ba64af3769ea517af252103bddd907f681,DMCHBA,ideal,1.0,19,361,4,0.1,36,,,dmchba_topk_10,/home/agxorin/topk_filter_study/simulator/scenarios/final_trial_500.csv,clue_search,00,66,54,54,13,0,0,0,136,66,70,136,0,112,clue:4;collision_intent:66;state:66,408,0,completed
55,dcta_parity_v1,topk_filter,aa0724188407797eae5187348bee11ee9f51317c4e8a201863b052786aa2f1df,823213c90703fd83224ad7122ee730ba64af3769ea517af252103bddd907f681,DMCHBA,ideal,1.0,19,361,4,0.1,36,,,dmchba_topk_10,/home/agxorin/topk_filter_study/simulator/scenarios/final_trial_500.csv,clue_search,01,64,52,56,9,0,0,0,132,64,68,132,0,108,clue:4;collision_intent:64;state:64,413,0,completed
55,dcta_parity_v1,topk_filter,aa0724188407797eae5187348bee11ee9f51317c4e8a201863b052786aa2f1df,823213c90703fd83224ad7122ee730ba64af3769ea517af252103bddd907f681,DMCHBA,ideal,1.0,19,361,4,0.1,36,,,dmchba_topk_10,/home/agxorin/topk_filter_study/simulator/scenarios/final_trial_500.csv,clue_search,02,66,54,60,7,0,1,1,137,67,70,137,0,113,clue:4;collision_intent:67;state:66,409,0,completed
55,dcta_parity_v1,topk_filter,aa0724188407797eae5187348bee11ee9f51317c4e8a201863b052786aa2f1df,823213c90703fd83224ad7122ee730ba64af3769ea517af252103bddd907f681,DMCHBA,ideal,1.0,19,361,4,0.1,36,,,dmchba_topk_10,/home/agxorin/topk_filter_study/simulator/scenarios/final_trial_500.csv,clue_search,03,68,57,58,11,0,0,0,141,69,72,141,0,118,clue:4;collision_intent:68;state:68;target:1,405,0,completed
56,dcta_parity_v1,topk_filter,aa0724188407797eae5187348bee11ee9f51317c4e8a201863b052786aa2f1df,823213c90703fd83224ad7122ee730ba64af3769ea517af252103bddd907f681,DMCHBA,ideal,1.0,19,361,4,0.1,36,,,dmchba_topk_10,/home/agxorin/topk_filter_study/simulator/scenarios/final_trial_500.csv,clue_search,00,64,21,63,2,0,0,0,129,64,65,129,0,43,clue:1;collision_intent:64;state:64,391,0,completed
56,dcta_parity_v1,topk_filter,aa0724188407797eae5187348bee11ee9f51317c4e8a201863b052786aa2f1df,823213c90703fd83224ad7122ee730ba64af3769ea517af252103bddd907f681,DMCHBA,ideal,1.0,19,361,4,0.1,36,,,dmchba_topk_10,/home/agxorin/topk_filter_study/simulator/scenarios/final_trial_500.csv,clue_search,01,63,20,64,0,0,2,1,130,66,64,130,0,44,clue:1;collision_intent:66;state:63,390,0,completed
56,dcta_parity_v1,topk_filter,aa0724188407797eae5187348bee11ee9f51317c4e8a201863b052786aa2f1df,823213c90703fd83224ad7122ee730ba64af3769ea517af252103bddd907f681,DMCHBA,ideal,1.0,19,361,4,0.1,36,,,dmchba_topk_10,/home/agxorin/topk_filter_study/simulator/scenarios/final_trial_500.csv,clue_search,02,65,22,60,6,0,0,0,132,66,66,132,0,46,clue:1;collision_intent:65;state:65;target:1,388,0,completed
56,dcta_parity_v1,topk_filter,aa0724188407797eae5187348bee11ee9f51317c4e8a201863b052786aa2f1df,823213c90703fd83224ad7122ee730ba64af3769ea517af252103bddd907f681,DMCHBA,ideal,1.0,19,361,4,0.1,36,,,dmchba_topk_10,/home/agxorin/topk_filter_study/simulator/scenarios/final_trial_500.csv,clue_search,03,64,22,53,12,0,0,0,129,64,65,129,0,44,clue:1;collision_intent:64;state:64,390,0,completed
57,dcta_parity_v1,topk_filter,aa0724188407797eae5187348bee11ee9f51317c4e8a201863b052786aa2f1df,823213c90703fd83224ad7122ee730ba64af3769ea517af252103bddd907f681,DMCHBA,ideal,1.0,19,361,4,0.1,36,,,dmchba_topk_10,/home/agxorin/topk_filter_study/simulator/scenarios/final_trial_500.csv,clue_search,00,25,24,26,0,0,0,0,53,26,27,53,0,51,clue:2;collision_intent:25;state:25;target:1,165,0,completed
57,dcta_parity_v1,topk_filter,aa0724188407797eae5187348bee11ee9f51317c4e8a201863b052786aa2f1df,823213c90703fd83224ad7122ee730ba64af3769ea517af252103bddd907f681,DMCHBA,ideal,1.0,19,361,4,0.1,36,,,dmchba_topk_10,/home/agxorin/topk_filter_study/simulator/scenarios/final_trial_500.csv,clue_search,01,26,26,27,0,0,0,0,54,26,28,54,0,53,clue:2;collision_intent:26;state:26,162,0,completed
57,dcta_parity_v1,topk_filter,aa0724188407797eae5187348bee11ee9f51317c4e8a201863b052786aa2f1df,823213c90703fd83224ad7122ee730ba64af3769ea517af252103bddd907f681,DMCHBA,ideal,1.0,19,361,4,0.1,36,,,dmchba_topk_10,/home/agxorin/topk_filter_study/simulator/scenarios/final_trial_500.csv,clue_search,02,26,26,17,10,0,0,0,54,26,28,54,0,53,clue:2;collision_intent:26;state:26,162,0,completed
57,dcta_parity_v1,topk_filter,aa0724188407797eae5187348bee11ee9f51317c4e8a201863b052786aa2f1df,823213c90703fd83224ad7122ee730ba64af3769ea517af252103bddd907f681,DMCHBA,ideal,1.0,19,361,4,0.1,36,,,dmchba_topk_10,/home/agxorin/topk_filter_study/simulator/scenarios/final_trial_500.csv,clue_search,03,27,27,20,8,0,0,0,57,28,29,57,0,56,clue:2;collision_intent:28;state:27,160,0,completed
58,dcta_parity_v1,topk_filter,aa0724188407797eae5187348bee11ee9f51317c4e8a201863b052786aa2f1df,823213c90703fd83224ad7122ee730ba64af3769ea517af252103bddd907f681,DMCHBA,ideal,1.0,19,361,4,0.1,36,,,dmchba_topk_10,/home/agxorin/topk_filter_study/simulator/scenarios/final_trial_500.csv,clue_search,00,24,2,25,0,0,0,0,50,25,25,50,0,6,clue:1;collision_intent:24;state:24;target:1,146,0,completed
58,dcta_parity_v1,topk_filter,aa0724188407797eae5187348bee11ee9f51317c4e8a201863b052786aa2f1df,823213c90703fd83224ad7122ee730ba64af3769ea517af252103bddd907f681,DMCHBA,ideal,1.0,19,361,4,0.1,36,,,dmchba_topk_10,/home/agxorin/topk_filter_study/simulator/scenarios/final_trial_500.csv,clue_search,01,24,1,25,0,0,0,0,49,24,25,49,0,3,clue:1;collision_intent:24;state:24,146,0,completed
58,dcta_parity_v1,topk_filter,aa0724188407797eae5187348bee11ee9f51317c4e8a201863b052786aa2f1df,823213c90703fd83224ad7122ee730ba64af3769ea517af252103bddd907f681,DMCHBA,ideal,1.0,19,361,4,0.1,36,,,dmchba_topk_10,/home/agxorin/topk_filter_study/simulator/scenarios/final_trial_500.csv,clue_search,02,24,1,24,1,0,0,0,49,24,25,49,0,3,clue:1;collision_intent:24;state:24,146,0,completed
58,dcta_parity_v1,topk_filter,aa0724188407797eae5187348bee11ee9f51317c4e8a201863b052786aa2f1df,823213c90703fd83224ad7122ee730ba64af3769ea517af252103bddd907f681,DMCHBA,ideal,1.0,19,361,4,0.1,36,,,dmchba_topk_10,/home/agxorin/topk_filter_study/simulator/scenarios/final_trial_500.csv,clue_search,03,23,1,24,0,0,0,0,48,24,24,48,0,4,clue:1;collision_intent:24;state:23,147,0,completed
59,dcta_parity_v1,topk_filter,aa0724188407797eae5187348bee11ee9f51317c4e8a201863b052786aa2f1df,823213c90703fd83224ad7122ee730ba64af3769ea517af252103bddd907f681,DMCHBA,ideal,1.0,19,361,4,0.1,36,,,dmchba_topk_10,/home/agxorin/topk_filter_study/simulator/scenarios/final_trial_500.csv,clue_search,00,62,36,62,1,0,0,0,126,62,64,126,0,74,clue:2;collision_intent:62;state:62,370,0,completed
59,dcta_parity_v1,topk_filter,aa0724188407797eae5187348bee11ee9f51317c4e8a201863b052786aa2f1df,823213c90703fd83224ad7122ee730ba64af3769ea517af252103bddd907f681,DMCHBA,ideal,1.0,19,361,4,0.1,36,,,dmchba_topk_10,/home/agxorin/topk_filter_study/simulator/scenarios/final_trial_500.csv,clue_search,01,60,34,48,13,0,2,2,124,62,62,124,0,72,clue:2;collision_intent:62;state:60,371,0,completed
59,dcta_parity_v1,topk_filter,aa0724188407797eae5187348bee11ee9f51317c4e8a201863b052786aa2f1df,823213c90703fd83224ad7122ee730ba64af3769ea517af252103bddd907f681,DMCHBA,ideal,1.0,19,361,4,0.1,36,,,dmchba_topk_10,/home/agxorin/topk_filter_study/simulator/scenarios/final_trial_500.csv,clue_search,02,59,33,56,4,0,0,0,121,60,61,121,0,69,clue:2;collision_intent:60;state:59,375,0,completed
59,dcta_parity_v1,topk_filter,aa0724188407797eae5187348bee11ee9f51317c4e8a201863b052786aa2f1df,823213c90703fd83224ad7122ee730ba64af3769ea517af252103bddd907f681,DMCHBA,ideal,1.0,19,361,4,0.1,36,,,dmchba_topk_10,/home/agxorin/topk_filter_study/simulator/scenarios/final_trial_500.csv,clue_search,03,61,35,51,11,0,0,0,125,62,63,125,0,73,clue:2;collision_intent:61;state:61;target:1,371,0,completed
60,dcta_parity_v1,topk_filter,aa0724188407797eae5187348bee11ee9f51317c4e8a201863b052786aa2f1df,823213c90703fd83224ad7122ee730ba64af3769ea517af252103bddd907f681,DMCHBA,ideal,1.0,19,361,4,0.1,36,,,dmchba_topk_10,/home/agxorin/topk_filter_study/simulator/scenarios/final_trial_500.csv,clue_search,00,52,0,53,0,0,0,0,105,53,52,105,0,0,collision_intent:52;state:52;target:1,310,0,completed
60,dcta_parity_v1,topk_filter,aa0724188407797eae5187348bee11ee9f51317c4e8a201863b052786aa2f1df,823213c90703fd83224ad7122ee730ba64af3769ea517af252103bddd907f681,DMCHBA,ideal,1.0,19,361,4,0.1,36,,,dmchba_topk_10,/home/agxorin/topk_filter_study/simulator/scenarios/final_trial_500.csv,clue_search,01,51,0,52,0,0,0,0,102,51,51,102,0,0,collision_intent:51;state:51,313,0,completed
60,dcta_parity_v1,topk_filter,aa0724188407797eae5187348bee11ee9f51317c4e8a201863b052786aa2f1df,823213c90703fd83224ad7122ee730ba64af3769ea517af252103bddd907f681,DMCHBA,ideal,1.0,19,361,4,0.1,36,,,dmchba_topk_10,/home/agxorin/topk_filter_study/simulator/scenarios/final_trial_500.csv,clue_search,02,52,0,53,0,0,0,0,104,52,52,104,0,0,collision_intent:52;state:52,311,0,completed
60,dcta_parity_v1,topk_filter,aa0724188407797eae5187348bee11ee9f51317c4e8a201863b052786aa2f1df,823213c90703fd83224ad7122ee730ba64af3769ea517af252103bddd907f681,DMCHBA,ideal,1.0,19,361,4,0.1,36,,,dmchba_topk_10,/home/agxorin/topk_filter_study/simulator/scenarios/final_trial_500.csv,clue_search,03,52,0,53,0,0,0,0,104,52,52,104,0,0,collision_intent:52;state:52,309,0,completed
61,dcta_parity_v1,topk_filter,aa0724188407797eae5187348bee11ee9f51317c4e8a201863b052786aa2f1df,823213c90703fd83224ad7122ee730ba64af3769ea517af252103bddd907f681,DMCHBA,ideal,1.0,19,361,4,0.1,36,,,dmchba_topk_10,/home/agxorin/topk_filter_study/simulator/scenarios/final_trial_500.csv,clue_search,00,48,0,49,0,0,0,0,96,48,48,96,0,0,collision_intent:48;state:48,286,0,completed
61,dcta_parity_v1,topk_filter,aa0724188407797eae5187348bee11ee9f51317c4e8a201863b052786aa2f1df,823213c90703fd83224ad7122ee730ba64af3769ea517af252103bddd907f681,DMCHBA,ideal,1.0,19,361,4,0.1,36,,,dmchba_topk_10,/home/agxorin/topk_filter_study/simulator/scenarios/final_trial_500.csv,clue_search,01,48,0,49,0,0,0,0,97,49,48,97,0,0,collision_intent:48;state:48;target:1,286,0,completed
61,dcta_parity_v1,topk_filter,aa0724188407797eae5187348bee11ee9f51317c4e8a201863b052786aa2f1df,823213c90703fd83224ad7122ee730ba64af3769ea517af252103bddd907f681,DMCHBA,ideal,1.0,19,361,4,0.1,36,,,dmchba_topk_10,/home/agxorin/topk_filter_study/simulator/scenarios/final_trial_500.csv,clue_search,02,48,0,49,0,0,0,0,96,48,48,96,0,0,collision_intent:48;state:48,286,0,completed
61,dcta_parity_v1,topk_filter,aa0724188407797eae5187348bee11ee9f51317c4e8a201863b052786aa2f1df,823213c90703fd83224ad7122ee730ba64af3769ea517af252103bddd907f681,DMCHBA,ideal,1.0,19,361,4,0.1,36,,,dmchba_topk_10,/home/agxorin/topk_filter_study/simulator/scenarios/final_trial_500.csv,clue_search,03,47,0,48,0,0,0,0,94,47,47,94,0,0,collision_intent:47;state:47,288,0,completed
62,dcta_parity_v1,topk_filter,aa0724188407797eae5187348bee11ee9f51317c4e8a201863b052786aa2f1df,823213c90703fd83224ad7122ee730ba64af3769ea517af252103bddd907f681,DMCHBA,ideal,1.0,19,361,4,0.1,36,,,dmchba_topk_10,/home/agxorin/topk_filter_study/simulator/scenarios/final_trial_500.csv,clue_search,00,38,2,39,0,0,0,0,77,38,39,77,0,5,clue:1;collision_intent:38;state:38,233,0,completed
62,dcta_parity_v1,topk_filter,aa0724188407797eae5187348bee11ee9f51317c4e8a201863b052786aa2f1df,823213c90703fd83224ad7122ee730ba64af3769ea517af252103bddd907f681,DMCHBA,ideal,1.0,19,361,4,0.1,36,,,dmchba_topk_10,/home/agxorin/topk_filter_study/simulator/scenarios/final_trial_500.csv,clue_search,01,38,2,39,0,0,0,0,78,39,39,78,0,6,clue:1;collision_intent:39;state:38,233,0,completed
62,dcta_parity_v1,topk_filter,aa0724188407797eae5187348bee11ee9f51317c4e8a201863b052786aa2f1df,823213c90703fd83224ad7122ee730ba64af3769ea517af252103bddd907f681,DMCHBA,ideal,1.0,19,361,4,0.1,36,,,dmchba_topk_10,/home/agxorin/topk_filter_study/simulator/scenarios/final_trial_500.csv,clue_search,02,39,3,39,1,0,0,0,80,40,40,80,0,8,clue:1;collision_intent:39;state:39;target:1,232,0,completed
62,dcta_parity_v1,topk_filter,aa0724188407797eae5187348bee11ee9f51317c4e8a201863b052786aa2f1df,823213c90703fd83224ad7122ee730ba64af3769ea517af252103bddd907f681,DMCHBA,ideal,1.0,19,361,4,0.1,36,,,dmchba_topk_10,/home/agxorin/topk_filter_study/simulator/scenarios/final_trial_500.csv,clue_search,03,38,2,39,0,0,0,0,77,38,39,77,0,5,clue:1;collision_intent:38;state:38,234,0,completed
63,dcta_parity_v1,topk_filter,aa0724188407797eae5187348bee11ee9f51317c4e8a201863b052786aa2f1df,823213c90703fd83224ad7122ee730ba64af3769ea517af252103bddd907f681,DMCHBA,ideal,1.0,19,361,4,0.1,36,,,dmchba_topk_10,/home/agxorin/topk_filter_study/simulator/scenarios/final_trial_500.csv,clue_search,00,37,6,38,0,0,0,0,75,37,38,75,0,13,clue:1;collision_intent:37;state:37,225,0,completed
63,dcta_parity_v1,topk_filter,aa0724188407797eae5187348bee11ee9f51317c4e8a201863b052786aa2f1df,823213c90703fd83224ad7122ee730ba64af3769ea517af252103bddd907f681,DMCHBA,ideal,1.0,19,361,4,0.1,36,,,dmchba_topk_10,/home/agxorin/topk_filter_study/simulator/scenarios/final_trial_500.csv,clue_search,01,37,7,38,0,0,0,0,76,38,38,76,0,16,clue:1;collision_intent:37;state:37;target:1,225,0,completed
63,dcta_parity_v1,topk_filter,aa0724188407797eae5187348bee11ee9f51317c4e8a201863b052786aa2f1df,823213c90703fd83224ad7122ee730ba64af3769ea517af252103bddd907f681,DMCHBA,ideal,1.0,19,361,4,0.1,36,,,dmchba_topk_10,/home/agxorin/topk_filter_study/simulator/scenarios/final_trial_500.csv,clue_search,02,37,6,38,0,0,0,0,75,37,38,75,0,13,clue:1;collision_intent:37;state:37,224,0,completed
63,dcta_parity_v1,topk_filter,aa0724188407797eae5187348bee11ee9f51317c4e8a201863b052786aa2f1df,823213c90703fd83224ad7122ee730ba64af3769ea517af252103bddd907f681,DMCHBA,ideal,1.0,19,361,4,0.1,36,,,dmchba_topk_10,/home/agxorin/topk_filter_study/simulator/scenarios/final_trial_500.csv,clue_search,03,37,7,38,0,0,0,0,75,37,38,75,0,15,clue:1;collision_intent:37;state:37,226,0,completed
64,dcta_parity_v1,topk_filter,aa0724188407797eae5187348bee11ee9f51317c4e8a201863b052786aa2f1df,823213c90703fd83224ad7122ee730ba64af3769ea517af252103bddd907f681,DMCHBA,ideal,1.0,19,361,4,0.1,36,,,dmchba_topk_10,/home/agxorin/topk_filter_study/simulator/scenarios/final_trial_500.csv,clue_search,00,85,36,80,6,0,0,0,174,85,89,174,0,76,clue:4;collision_intent:85;state:85,533,0,completed
64,dcta_parity_v1,topk_filter,aa0724188407797eae5187348bee11ee9f51317c4e8a201863b052786aa2f1df,823213c90703fd83224ad7122ee730ba64af3769ea517af252103bddd907f681,DMCHBA,ideal,1.0,19,361,4,0.1,36,,,dmchba_topk_10,/home/agxorin/topk_filter_study/simulator/scenarios/final_trial_500.csv,clue_search,01,85,37,74,12,0,0,0,174,85,89,174,0,78,clue:4;collision_intent:85;state:85,534,0,completed
64,dcta_parity_v1,topk_filter,aa0724188407797eae5187348bee11ee9f51317c4e8a201863b052786aa2f1df,823213c90703fd83224ad7122ee730ba64af3769ea517af252103bddd907f681,DMCHBA,ideal,1.0,19,361,4,0.1,36,,,dmchba_topk_10,/home/agxorin/topk_filter_study/simulator/scenarios/final_trial_500.csv,clue_search,02,88,39,73,16,0,0,0,181,89,92,181,0,83,clue:4;collision_intent:88;state:88;target:1,527,0,completed
64,dcta_parity_v1,topk_filter,aa0724188407797eae5187348bee11ee9f51317c4e8a201863b052786aa2f1df,823213c90703fd83224ad7122ee730ba64af3769ea517af252103bddd907f681,DMCHBA,ideal,1.0,19,361,4,0.1,36,,,dmchba_topk_10,/home/agxorin/topk_filter_study/simulator/scenarios/final_trial_500.csv,clue_search,03,86,38,74,13,0,3,2,179,89,90,179,0,83,clue:4;collision_intent:89;state:86,528,0,completed
65,dcta_parity_v1,topk_filter,aa0724188407797eae5187348bee11ee9f51317c4e8a201863b052786aa2f1df,823213c90703fd83224ad7122ee730ba64af3769ea517af252103bddd907f681,DMCHBA,ideal,1.0,19,361,4,0.1,36,,,dmchba_topk_10,/home/agxorin/topk_filter_study/simulator/scenarios/final_trial_500.csv,clue_search,00,47,22,47,1,0,0,0,96,47,49,96,0,46,clue:2;collision_intent:47;state:47,291,0,completed
65,dcta_parity_v1,topk_filter,aa0724188407797eae5187348bee11ee9f51317c4e8a201863b052786aa2f1df,823213c90703fd83224ad7122ee730ba64af3769ea517af252103bddd907f681,DMCHBA,ideal,1.0,19,361,4,0.1,36,,,dmchba_topk_10,/home/agxorin/topk_filter_study/simulator/scenarios/final_trial_500.csv,clue_search,01,47,22,45,3,0,1,1,97,48,49,97,0,47,clue:2;collision_intent:48;state:47,290,0,completed
65,dcta_parity_v1,topk_filter,aa0724188407797eae5187348bee11ee9f51317c4e8a201863b052786aa2f1df,823213c90703fd83224ad7122ee730ba64af3769ea517af252103bddd907f681,DMCHBA,ideal,1.0,19,361,4,0.1,36,,,dmchba_topk_10,/home/agxorin/topk_filter_study/simulator/scenarios/final_trial_500.csv,clue_search,02,48,23,44,5,0,0,0,99,49,50,99,0,49,clue:2;collision_intent:48;state:48;target:1,289,0,completed
65,dcta_parity_v1,topk_filter,aa0724188407797eae5187348bee11ee9f51317c4e8a201863b052786aa2f1df,823213c90703fd83224ad7122ee730ba64af3769ea517af252103bddd907f681,DMCHBA,ideal,1.0,19,361,4,0.1,36,,,dmchba_topk_10,/home/agxorin/topk_filter_study/simulator/scenarios/final_trial_500.csv,clue_search,03,47,23,38,10,0,0,0,96,47,49,96,0,48,clue:2;collision_intent:47;state:47,291,0,completed
66,dcta_parity_v1,topk_filter,aa0724188407797eae5187348bee11ee9f51317c4e8a201863b052786aa2f1df,823213c90703fd83224ad7122ee730ba64af3769ea517af252103bddd907f681,DMCHBA,ideal,1.0,19,361,4,0.1,36,,,dmchba_topk_10,/home/agxorin/topk_filter_study/simulator/scenarios/final_trial_500.csv,clue_search,00,39,29,39,1,0,0,0,80,39,41,80,0,60,clue:2;collision_intent:39;state:39,249,0,completed
66,dcta_parity_v1,topk_filter,aa0724188407797eae5187348bee11ee9f51317c4e8a201863b052786aa2f1df,823213c90703fd83224ad7122ee730ba64af3769ea517af252103bddd907f681,DMCHBA,ideal,1.0,19,361,4,0.1,36,,,dmchba_topk_10,/home/agxorin/topk_filter_study/simulator/scenarios/final_trial_500.csv,clue_search,01,40,31,37,4,0,0,0,82,40,42,82,0,64,clue:2;collision_intent:40;state:40,248,0,completed
66,dcta_parity_v1,topk_filter,aa0724188407797eae5187348bee11ee9f51317c4e8a201863b052786aa2f1df,823213c90703fd83224ad7122ee730ba64af3769ea517af252103bddd907f681,DMCHBA,ideal,1.0,19,361,4,0.1,36,,,dmchba_topk_10,/home/agxorin/topk_filter_study/simulator/scenarios/final_trial_500.csv,clue_search,02,41,31,39,3,0,0,0,85,42,43,85,0,65,clue:2;collision_intent:41;state:41;target:1,246,0,completed
66,dcta_parity_v1,topk_filter,aa0724188407797eae5187348bee11ee9f51317c4e8a201863b052786aa2f1df,823213c90703fd83224ad7122ee730ba64af3769ea517af252103bddd907f681,DMCHBA,ideal,1.0,19,361,4,0.1,36,,,dmchba_topk_10,/home/agxorin/topk_filter_study/simulator/scenarios/final_trial_500.csv,clue_search,03,40,31,34,7,0,2,2,84,42,42,84,0,66,clue:2;collision_intent:42;state:40,246,0,completed
67,dcta_parity_v1,topk_filter,aa0724188407797eae5187348bee11ee9f51317c4e8a201863b052786aa2f1df,823213c90703fd83224ad7122ee730ba64af3769ea517af252103bddd907f681,DMCHBA,ideal,1.0,19,361,4,0.1,36,,,dmchba_topk_10,/home/agxorin/topk_filter_study/simulator/scenarios/final_trial_500.csv,clue_search,00,69,57,62,8,0,0,0,141,69,72,141,0,116,clue:3;collision_intent:69;state:69,434,0,completed
67,dcta_parity_v1,topk_filter,aa0724188407797eae5187348bee11ee9f51317c4e8a201863b052786aa2f1df,823213c90703fd83224ad7122ee730ba64af3769ea517af252103bddd907f681,DMCHBA,ideal,1.0,19,361,4,0.1,36,,,dmchba_topk_10,/home/agxorin/topk_filter_study/simulator/scenarios/final_trial_500.csv,clue_search,01,69,56,69,1,0,2,2,144,72,72,144,0,118,clue:3;collision_intent:71;state:69;target:1,431,0,completed
67,dcta_parity_v1,topk_filter,aa0724188407797eae5187348bee11ee9f51317c4e8a201863b052786aa2f1df,823213c90703fd83224ad7122ee730ba64af3769ea517af252103bddd907f681,DMCHBA,ideal,1.0,19,361,4,0.1,36,,,dmchba_topk_10,/home/agxorin/topk_filter_study/simulator/scenarios/final_trial_500.csv,clue_search,02,69,56,55,15,0,4,4,145,73,72,145,0,119,clue:3;collision_intent:73;state:69,429,0,completed
67,dcta_parity_v1,topk_filter,aa0724188407797eae5187348bee11ee9f51317c4e8a201863b052786aa2f1df,823213c90703fd83224ad7122ee730ba64af3769ea517af252103bddd907f681,DMCHBA,ideal,1.0,19,361,4,0.1,36,,,dmchba_topk_10,/home/agxorin/topk_filter_study/simulator/scenarios/final_trial_500.csv,clue_search,03,71,59,63,9,0,0,0,145,71,74,145,0,121,clue:3;collision_intent:71;state:71,429,0,completed
68,dcta_parity_v1,topk_filter,aa0724188407797eae5187348bee11ee9f51317c4e8a201863b052786aa2f1df,823213c90703fd83224ad7122ee730ba64af3769ea517af252103bddd907f681,DMCHBA,ideal,1.0,19,361,4,0.1,36,,,dmchba_topk_10,/home/agxorin/topk_filter_study/simulator/scenarios/final_trial_500.csv,clue_search,00,100,100,101,0,0,0,0,204,100,104,204,0,204,clue:4;collision_intent:100;state:100,639,0,completed
68,dcta_parity_v1,topk_filter,aa0724188407797eae5187348bee11ee9f51317c4e8a201863b052786aa2f1df,823213c90703fd83224ad7122ee730ba64af3769ea517af252103bddd907f681,DMCHBA,ideal,1.0,19,361,4,0.1,36,,,dmchba_topk_10,/home/agxorin/topk_filter_study/simulator/scenarios/final_trial_500.csv,clue_search,01,104,104,62,43,0,2,2,214,106,108,214,0,214,clue:4;collision_intent:106;state:104,628,0,completed
68,dcta_parity_v1,topk_filter,aa0724188407797eae5187348bee11ee9f51317c4e8a201863b052786aa2f1df,823213c90703fd83224ad7122ee730ba64af3769ea517af252103bddd907f681,DMCHBA,ideal,1.0,19,361,4,0.1,36,,,dmchba_topk_10,/home/agxorin/topk_filter_study/simulator/scenarios/final_trial_500.csv,clue_search,02,103,103,91,13,0,0,0,211,104,107,211,0,211,clue:4;collision_intent:103;state:103;target:1,633,0,completed
68,dcta_parity_v1,topk_filter,aa0724188407797eae5187348bee11ee9f51317c4e8a201863b052786aa2f1df,823213c90703fd83224ad7122ee730ba64af3769ea517af252103bddd907f681,DMCHBA,ideal,1.0,19,361,4,0.1,36,,,dmchba_topk_10,/home/agxorin/topk_filter_study/simulator/scenarios/final_trial_500.csv,clue_search,03,105,105,90,16,0,1,1,215,106,109,215,0,215,clue:4;collision_intent:106;state:105,627,0,completed
69,dcta_parity_v1,topk_filter,aa0724188407797eae5187348bee11ee9f51317c4e8a201863b052786aa2f1df,823213c90703fd83224ad7122ee730ba64af3769ea517af252103bddd907f681,DMCHBA,ideal,1.0,19,361,4,0.1,36,,,dmchba_topk_10,/home/agxorin/topk_filter_study/simulator/scenarios/final_trial_500.csv,clue_search,00,85,73,74,12,0,1,1,176,87,89,176,0,152,clue:4;collision_intent:86;state:85;target:1,525,0,completed
69,dcta_parity_v1,topk_filter,aa0724188407797eae5187348bee11ee9f51317c4e8a201863b052786aa2f1df,823213c90703fd83224ad7122ee730ba64af3769ea517af252103bddd907f681,DMCHBA,ideal,1.0,19,361,4,0.1,36,,,dmchba_topk_10,/home/agxorin/topk_filter_study/simulator/scenarios/final_trial_500.csv,clue_search,01,85,74,62,24,0,0,0,175,86,89,175,0,153,clue:4;collision_intent:86;state:85,525,0,completed
69,dcta_parity_v1,topk_filter,aa0724188407797eae5187348bee11ee9f51317c4e8a201863b052786aa2f1df,823213c90703fd83224ad7122ee730ba64af3769ea517af252103bddd907f681,DMCHBA,ideal,1.0,19,361,4,0.1,36,,,dmchba_topk_10,/home/agxorin/topk_filter_study/simulator/scenarios/final_trial_500.csv,clue_search,02,85,73,82,4,0,0,0,174,85,89,174,0,150,clue:4;collision_intent:85;state:85,525,0,completed
69,dcta_parity_v1,topk_filter,aa0724188407797eae5187348bee11ee9f51317c4e8a201863b052786aa2f1df,823213c90703fd83224ad7122ee730ba64af3769ea517af252103bddd907f681,DMCHBA,ideal,1.0,19,361,4,0.1,36,,,dmchba_topk_10,/home/agxorin/topk_filter_study/simulator/scenarios/final_trial_500.csv,clue_search,03,86,75,68,19,0,0,0,176,86,90,176,0,154,clue:4;collision_intent:86;state:86,523,0,completed
70,dcta_parity_v1,topk_filter,aa0724188407797eae5187348bee11ee9f51317c4e8a201863b052786aa2f1df,823213c90703fd83224ad7122ee730ba64af3769ea517af252103bddd907f681,DMCHBA,ideal,1.0,19,361,4,0.1,36,,,dmchba_topk_10,/home/agxorin/topk_filter_study/simulator/scenarios/final_trial_500.csv,clue_search,00,36,0,37,0,0,0,0,73,37,36,73,0,0,collision_intent:36;state:36;target:1,212,0,completed
70,dcta_parity_v1,topk_filter,aa0724188407797eae5187348bee11ee9f51317c4e8a201863b052786aa2f1df,823213c90703fd83224ad7122ee730ba64af3769ea517af252103bddd907f681,DMCHBA,ideal,1.0,19,361,4,0.1,36,,,dmchba_topk_10,/home/agxorin/topk_filter_study/simulator/scenarios/final_trial_500.csv,clue_search,01,35,0,36,0,0,0,0,70,35,35,70,0,0,collision_intent:35;state:35,213,0,completed
70,dcta_parity_v1,topk_filter,aa0724188407797eae5187348bee11ee9f51317c4e8a201863b052786aa2f1df,823213c90703fd83224ad7122ee730ba64af3769ea517af252103bddd907f681,DMCHBA,ideal,1.0,19,361,4,0.1,36,,,dmchba_topk_10,/home/agxorin/topk_filter_study/simulator/scenarios/final_trial_500.csv,clue_search,02,36,0,37,0,0,0,0,72,36,36,72,0,0,collision_intent:36;state:36,213,0,completed
70,dcta_parity_v1,topk_filter,aa0724188407797eae5187348bee11ee9f51317c4e8a201863b052786aa2f1df,823213c90703fd83224ad7122ee730ba64af3769ea517af252103bddd907f681,DMCHBA,ideal,1.0,19,361,4,0.1,36,,,dmchba_topk_10,/home/agxorin/topk_filter_study/simulator/scenarios/final_trial_500.csv,clue_search,03,35,0,36,0,0,0,0,70,35,35,70,0,0,collision_intent:35;state:35,214,0,completed
71,dcta_parity_v1,topk_filter,aa0724188407797eae5187348bee11ee9f51317c4e8a201863b052786aa2f1df,823213c90703fd83224ad7122ee730ba64af3769ea517af252103bddd907f681,DMCHBA,ideal,1.0,19,361,4,0.1,36,,,dmchba_topk_10,/home/agxorin/topk_filter_study/simulator/scenarios/final_trial_500.csv,clue_search,00,26,24,26,1,0,0,0,55,26,29,55,0,51,clue:3;collision_intent:26;state:26,168,0,completed
71,dcta_parity_v1,topk_filter,aa0724188407797eae5187348bee11ee9f51317c4e8a201863b052786aa2f1df,823213c90703fd83224ad7122ee730ba64af3769ea517af252103bddd907f681,DMCHBA,ideal,1.0,19,361,4,0.1,36,,,dmchba_topk_10,/home/agxorin/topk_filter_study/simulator/scenarios/final_trial_500.csv,clue_search,01,25,23,26,0,0,0,0,53,25,28,53,0,49,clue:3;collision_intent:25;state:25,169,0,completed
71,dcta_parity_v1,topk_filter,aa0724188407797eae5187348bee11ee9f51317c4e8a201863b052786aa2f1df,823213c90703fd83224ad7122ee730ba64af3769ea517af252103bddd907f681,DMCHBA,ideal,1.0,19,361,4,0.1,36,,,dmchba_topk_10,/home/agxorin/topk_filter_study/simulator/scenarios/final_trial_500.csv,clue_search,02,27,25,24,4,0,0,0,58,28,30,58,0,54,clue:3;collision_intent:27;state:27;target:1,165,0,completed
71,dcta_parity_v1,topk_filter,aa0724188407797eae5187348bee11ee9f51317c4e8a201863b052786aa2f1df,823213c90703fd83224ad7122ee730ba64af3769ea517af252103bddd907f681,DMCHBA,ideal,1.0,19,361,4,0.1,36,,,dmchba_topk_10,/home/agxorin/topk_filter_study/simulator/scenarios/final_trial_500.csv,clue_search,03,27,25,18,10,0,0,0,57,27,30,57,0,53,clue:3;collision_intent:27;state:27,166,0,completed
72,dcta_parity_v1,topk_filter,aa0724188407797eae5187348bee11ee9f51317c4e8a201863b052786aa2f1df,823213c90703fd83224ad7122ee730ba64af3769ea517af252103bddd907f681,DMCHBA,ideal,1.0,19,361,4,0.1,36,,,dmchba_topk_10,/home/agxorin/topk_filter_study/simulator/scenarios/final_trial_500.csv,clue_search,00,49,14,50,0,0,0,0,101,50,51,101,0,31,clue:2;collision_intent:49;state:49;target:1,298,0,completed
72,dcta_parity_v1,topk_filter,aa0724188407797eae5187348bee11ee9f51317c4e8a201863b052786aa2f1df,823213c90703fd83224ad7122ee730ba64af3769ea517af252103bddd907f681,DMCHBA,ideal,1.0,19,361,4,0.1,36,,,dmchba_topk_10,/home/agxorin/topk_filter_study/simulator/scenarios/final_trial_500.csv,clue_search,01,48,14,45,4,0,0,0,98,48,50,98,0,30,clue:2;collision_intent:48;state:48,300,0,completed
72,dcta_parity_v1,topk_filter,aa0724188407797eae5187348bee11ee9f51317c4e8a201863b052786aa2f1df,823213c90703fd83224ad7122ee730ba64af3769ea517af252103bddd907f681,DMCHBA,ideal,1.0,19,361,4,0.1,36,,,dmchba_topk_10,/home/agxorin/topk_filter_study/simulator/scenarios/final_trial_500.csv,clue_search,02,49,15,46,4,0,0,0,100,49,51,100,0,32,clue:2;collision_intent:49;state:49,299,0,completed
72,dcta_parity_v1,topk_filter,aa0724188407797eae5187348bee11ee9f51317c4e8a201863b052786aa2f1df,823213c90703fd83224ad7122ee730ba64af3769ea517af252103bddd907f681,DMCHBA,ideal,1.0,19,361,4,0.1,36,,,dmchba_topk_10,/home/agxorin/topk_filter_study/simulator/scenarios/final_trial_500.csv,clue_search,03,49,15,44,6,0,0,0,100,49,51,100,0,32,clue:2;collision_intent:49;state:49,298,0,completed
73,dcta_parity_v1,topk_filter,aa0724188407797eae5187348bee11ee9f51317c4e8a201863b052786aa2f1df,823213c90703fd83224ad7122ee730ba64af3769ea517af252103bddd907f681,DMCHBA,ideal,1.0,19,361,4,0.1,36,,,dmchba_topk_10,/home/agxorin/topk_filter_study/simulator/scenarios/final_trial_500.csv,clue_search,00,40,16,38,3,0,0,0,81,40,41,81,0,33,clue:1;collision_intent:40;state:40,243,0,completed
73,dcta_parity_v1,topk_filter,aa0724188407797eae5187348bee11ee9f51317c4e8a201863b052786aa2f1df,823213c90703fd83224ad7122ee730ba64af3769ea517af252103bddd907f681,DMCHBA,ideal,1.0,19,361,4,0.1,36,,,dmchba_topk_10,/home/agxorin/topk_filter_study/simulator/scenarios/final_trial_500.csv,clue_search,01,39,15,37,3,0,1,1,80,40,40,80,0,32,clue:1;collision_intent:40;state:39,242,0,completed
73,dcta_parity_v1,topk_filter,aa0724188407797eae5187348bee11ee9f51317c4e8a201863b052786aa2f1df,823213c90703fd83224ad7122ee730ba64af3769ea517af252103bddd907f681,DMCHBA,ideal,1.0,19,361,4,0.1,36,,,dmchba_topk_10,/home/agxorin/topk_filter_study/simulator/scenarios/final_trial_500.csv,clue_search,02,40,16,40,1,0,0,0,81,40,41,81,0,33,clue:1;collision_intent:40;state:40,241,0,completed
73,dcta_parity_v1,topk_filter,aa0724188407797eae5187348bee11ee9f51317c4e8a201863b052786aa2f1df,823213c90703fd83224ad7122ee730ba64af3769ea517af252103bddd907f681,DMCHBA,ideal,1.0,19,361,4,0.1,36,,,dmchba_topk_10,/home/agxorin/topk_filter_study/simulator/scenarios/final_trial_500.csv,clue_search,03,40,17,35,6,0,0,0,82,41,41,82,0,36,clue:1;collision_intent:40;state:40;target:1,242,0,completed
74,dcta_parity_v1,topk_filter,aa0724188407797eae5187348bee11ee9f51317c4e8a201863b052786aa2f1df,823213c90703fd83224ad7122ee730ba64af3769ea517af252103bddd907f681,DMCHBA,ideal,1.0,19,361,4,0.1,36,,,dmchba_topk_10,/home/agxorin/topk_filter_study/simulator/scenarios/final_trial_500.csv,clue_search,00,9,0,10,0,0,0,0,19,10,9,19,0,0,collision_intent:9;state:9;target:1,50,0,completed
74,dcta_parity_v1,topk_filter,aa0724188407797eae5187348bee11ee9f51317c4e8a201863b052786aa2f1df,823213c90703fd83224ad7122ee730ba64af3769ea517af252103bddd907f681,DMCHBA,ideal,1.0,19,361,4,0.1,36,,,dmchba_topk_10,/home/agxorin/topk_filter_study/simulator/scenarios/final_trial_500.csv,clue_search,01,8,0,9,0,0,0,0,16,8,8,16,0,0,collision_intent:8;state:8,52,0,completed
74,dcta_parity_v1,topk_filter,aa0724188407797eae5187348bee11ee9f51317c4e8a201863b052786aa2f1df,823213c90703fd83224ad7122ee730ba64af3769ea517af252103bddd907f681,DMCHBA,ideal,1.0,19,361,4,0.1,36,,,dmchba_topk_10,/home/agxorin/topk_filter_study/simulator/scenarios/final_trial_500.csv,clue_search,02,9,0,10,0,0,0,0,18,9,9,18,0,0,collision_intent:9;state:9,51,0,completed
74,dcta_parity_v1,topk_filter,aa0724188407797eae5187348bee11ee9f51317c4e8a201863b052786aa2f1df,823213c90703fd83224ad7122ee730ba64af3769ea517af252103bddd907f681,DMCHBA,ideal,1.0,19,361,4,0.1,36,,,dmchba_topk_10,/home/agxorin/topk_filter_study/simulator/scenarios/final_trial_500.csv,clue_search,03,8,0,9,0,0,0,0,16,8,8,16,0,0,collision_intent:8;state:8,53,0,completed
75,dcta_parity_v1,topk_filter,aa0724188407797eae5187348bee11ee9f51317c4e8a201863b052786aa2f1df,823213c90703fd83224ad7122ee730ba64af3769ea517af252103bddd907f681,DMCHBA,ideal,1.0,19,361,4,0.1,36,,,dmchba_topk_10,/home/agxorin/topk_filter_study/simulator/scenarios/final_trial_500.csv,clue_search,00,29,18,29,1,0,0,0,61,30,31,61,0,39,clue:2;collision_intent:30;state:29,184,0,completed
75,dcta_parity_v1,topk_filter,aa0724188407797eae5187348bee11ee9f51317c4e8a201863b052786aa2f1df,823213c90703fd83224ad7122ee730ba64af3769ea517af252103bddd907f681,DMCHBA,ideal,1.0,19,361,4,0.1,36,,,dmchba_topk_10,/home/agxorin/topk_filter_study/simulator/scenarios/final_trial_500.csv,clue_search,01,29,18,30,0,0,0,0,60,29,31,60,0,38,clue:2;collision_intent:29;state:29,184,0,completed
75,dcta_parity_v1,topk_filter,aa0724188407797eae5187348bee11ee9f51317c4e8a201863b052786aa2f1df,823213c90703fd83224ad7122ee730ba64af3769ea517af252103bddd907f681,DMCHBA,ideal,1.0,19,361,4,0.1,36,,,dmchba_topk_10,/home/agxorin/topk_filter_study/simulator/scenarios/final_trial_500.csv,clue_search,02,30,19,26,5,0,0,0,62,30,32,62,0,40,clue:2;collision_intent:30;state:30,183,0,completed
75,dcta_parity_v1,topk_filter,aa0724188407797eae5187348bee11ee9f51317c4e8a201863b052786aa2f1df,823213c90703fd83224ad7122ee730ba64af3769ea517af252103bddd907f681,DMCHBA,ideal,1.0,19,361,4,0.1,36,,,dmchba_topk_10,/home/agxorin/topk_filter_study/simulator/scenarios/final_trial_500.csv,clue_search,03,30,20,29,2,0,0,0,63,31,32,63,0,43,clue:2;collision_intent:30;state:30;target:1,183,0,completed
76,dcta_parity_v1,topk_filter,aa0724188407797eae5187348bee11ee9f51317c4e8a201863b052786aa2f1df,823213c90703fd83224ad7122ee730ba64af3769ea517af252103bddd907f681,DMCHBA,ideal,1.0,19,361,4,0.1,36,,,dmchba_topk_10,/home/agxorin/topk_filter_study/simulator/scenarios/final_trial_500.csv,clue_search,00,65,52,61,5,0,0,0,133,66,67,133,0,107,clue:2;collision_intent:65;state:65;target:1,389,0,completed
76,dcta_parity_v1,topk_filter,aa0724188407797eae5187348bee11ee9f51317c4e8a201863b052786aa2f1df,823213c90703fd83224ad7122ee730ba64af3769ea517af252103bddd907f681,DMCHBA,ideal,1.0,19,361,4,0.1,36,,,dmchba_topk_10,/home/agxorin/topk_filter_study/simulator/scenarios/final_trial_500.csv,clue_search,01,64,52,47,18,0,1,1,131,65,66,131,0,106,clue:2;collision_intent:65;state:64,390,0,completed
76,dcta_parity_v1,topk_filter,aa0724188407797eae5187348bee11ee9f51317c4e8a201863b052786aa2f1df,823213c90703fd83224ad7122ee730ba64af3769ea517af252103bddd907f681,DMCHBA,ideal,1.0,19,361,4,0.1,36,,,dmchba_topk_10,/home/agxorin/topk_filter_study/simulator/scenarios/final_trial_500.csv,clue_search,02,63,50,47,17,0,0,0,128,63,65,128,0,102,clue:2;collision_intent:63;state:63,393,0,completed
76,dcta_parity_v1,topk_filter,aa0724188407797eae5187348bee11ee9f51317c4e8a201863b052786aa2f1df,823213c90703fd83224ad7122ee730ba64af3769ea517af252103bddd907f681,DMCHBA,ideal,1.0,19,361,4,0.1,36,,,dmchba_topk_10,/home/agxorin/topk_filter_study/simulator/scenarios/final_trial_500.csv,clue_search,03,64,51,52,13,0,0,0,130,64,66,130,0,104,clue:2;collision_intent:64;state:64,390,0,completed
77,dcta_parity_v1,topk_filter,aa0724188407797eae5187348bee11ee9f51317c4e8a201863b052786aa2f1df,823213c90703fd83224ad7122ee730ba64af3769ea517af252103bddd907f681,DMCHBA,ideal,1.0,19,361,4,0.1,36,,,dmchba_topk_10,/home/agxorin/topk_filter_study/simulator/scenarios/final_trial_500.csv,clue_search,00,1,0,2,0,0,0,0,3,2,1,3,0,0,collision_intent:1;state:1;target:1,3,0,completed
77,dcta_parity_v1,topk_filter,aa0724188407797eae5187348bee11ee9f51317c4e8a201863b052786aa2f1df,823213c90703fd83224ad7122ee730ba64af3769ea517af252103bddd907f681,DMCHBA,ideal,1.0,19,361,4,0.1,36,,,dmchba_topk_10,/home/agxorin/topk_filter_study/simulator/scenarios/final_trial_500.csv,clue_search,01,0,0,1,0,0,0,0,1,1,0,1,0,0,collision_intent:1,3,0,completed
77,dcta_parity_v1,topk_filter,aa0724188407797eae5187348bee11ee9f51317c4e8a201863b052786aa2f1df,823213c90703fd83224ad7122ee730ba64af3769ea517af252103bddd907f681,DMCHBA,ideal,1.0,19,361,4,0.1,36,,,dmchba_topk_10,/home/agxorin/topk_filter_study/simulator/scenarios/final_trial_500.csv,clue_search,02,0,0,1,0,0,0,0,1,1,0,1,0,0,collision_intent:1,4,0,completed
77,dcta_parity_v1,topk_filter,aa0724188407797eae5187348bee11ee9f51317c4e8a201863b052786aa2f1df,823213c90703fd83224ad7122ee730ba64af3769ea517af252103bddd907f681,DMCHBA,ideal,1.0,19,361,4,0.1,36,,,dmchba_topk_10,/home/agxorin/topk_filter_study/simulator/scenarios/final_trial_500.csv,clue_search,03,0,0,1,0,0,0,0,1,1,0,1,0,0,collision_intent:1,4,0,completed
78,dcta_parity_v1,topk_filter,aa0724188407797eae5187348bee11ee9f51317c4e8a201863b052786aa2f1df,823213c90703fd83224ad7122ee730ba64af3769ea517af252103bddd907f681,DMCHBA,ideal,1.0,19,361,4,0.1,36,,,dmchba_topk_10,/home/agxorin/topk_filter_study/simulator/scenarios/final_trial_500.csv,clue_search,00,33,6,34,0,0,0,0,68,33,35,68,0,14,clue:2;collision_intent:33;state:33,205,0,completed
78,dcta_parity_v1,topk_filter,aa0724188407797eae5187348bee11ee9f51317c4e8a201863b052786aa2f1df,823213c90703fd83224ad7122ee730ba64af3769ea517af252103bddd907f681,DMCHBA,ideal,1.0,19,361,4,0.1,36,,,dmchba_topk_10,/home/agxorin/topk_filter_study/simulator/scenarios/final_trial_500.csv,clue_search,01,33,7,31,3,0,0,0,68,33,35,68,0,16,clue:2;collision_intent:33;state:33,203,0,completed
78,dcta_parity_v1,topk_filter,aa0724188407797eae5187348bee11ee9f51317c4e8a201863b052786aa2f1df,823213c90703fd83224ad7122ee730ba64af3769ea517af252103bddd907f681,DMCHBA,ideal,1.0,19,361,4,0.1,36,,,dmchba_topk_10,/home/agxorin/topk_filter_study/simulator/scenarios/final_trial_500.csv,clue_search,02,33,6,33,1,0,0,0,68,33,35,68,0,14,clue:2;collision_intent:33;state:33,204,0,completed
78,dcta_parity_v1,topk_filter,aa0724188407797eae5187348bee11ee9f51317c4e8a201863b052786aa2f1df,823213c90703fd83224ad7122ee730ba64af3769ea517af252103bddd907f681,DMCHBA,ideal,1.0,19,361,4,0.1,36,,,dmchba_topk_10,/home/agxorin/topk_filter_study/simulator/scenarios/final_trial_500.csv,clue_search,03,33,6,33,1,0,0,0,69,34,35,69,0,15,clue:2;collision_intent:33;state:33;target:1,204,0,completed
79,dcta_parity_v1,topk_filter,aa0724188407797eae5187348bee11ee9f51317c4e8a201863b052786aa2f1df,823213c90703fd83224ad7122ee730ba64af3769ea517af252103bddd907f681,DMCHBA,ideal,1.0,19,361,4,0.1,36,,,dmchba_topk_10,/home/agxorin/topk_filter_study/simulator/scenarios/final_trial_500.csv,clue_search,00,21,0,22,0,0,0,0,42,21,21,42,0,0,collision_intent:21;state:21,129,0,completed
79,dcta_parity_v1,topk_filter,aa0724188407797eae5187348bee11ee9f51317c4e8a201863b052786aa2f1df,823213c90703fd83224ad7122ee730ba64af3769ea517af252103bddd907f681,DMCHBA,ideal,1.0,19,361,4,0.1,36,,,dmchba_topk_10,/home/agxorin/topk_filter_study/simulator/scenarios/final_trial_500.csv,clue_search,01,21,0,22,0,0,0,0,42,21,21,42,0,0,collision_intent:21;state:21,127,0,completed
79,dcta_parity_v1,topk_filter,aa0724188407797eae5187348bee11ee9f51317c4e8a201863b052786aa2f1df,823213c90703fd83224ad7122ee730ba64af3769ea517af252103bddd907f681,DMCHBA,ideal,1.0,19,361,4,0.1,36,,,dmchba_topk_10,/home/agxorin/topk_filter_study/simulator/scenarios/final_trial_500.csv,clue_search,02,22,0,23,0,0,0,0,45,23,22,45,0,0,collision_intent:22;state:22;target:1,126,0,completed
79,dcta_parity_v1,topk_filter,aa0724188407797eae5187348bee11ee9f51317c4e8a201863b052786aa2f1df,823213c90703fd83224ad7122ee730ba64af3769ea517af252103bddd907f681,DMCHBA,ideal,1.0,19,361,4,0.1,36,,,dmchba_topk_10,/home/agxorin/topk_filter_study/simulator/scenarios/final_trial_500.csv,clue_search,03,21,0,22,0,0,0,0,42,21,21,42,0,0,collision_intent:21;state:21,128,0,completed
80,dcta_parity_v1,topk_filter,aa0724188407797eae5187348bee11ee9f51317c4e8a201863b052786aa2f1df,823213c90703fd83224ad7122ee730ba64af3769ea517af252103bddd907f681,DMCHBA,ideal,1.0,19,361,4,0.1,36,,,dmchba_topk_10,/home/agxorin/topk_filter_study/simulator/scenarios/final_trial_500.csv,clue_search,00,77,71,56,22,0,0,0,156,78,78,156,0,144,clue:1;collision_intent:77;state:77;target:1,455,0,completed
80,dcta_parity_v1,topk_filter,aa0724188407797eae5187348bee11ee9f51317c4e8a201863b052786aa2f1df,823213c90703fd83224ad7122ee730ba64af3769ea517af252103bddd907f681,DMCHBA,ideal,1.0,19,361,4,0.1,36,,,dmchba_topk_10,/home/agxorin/topk_filter_study/simulator/scenarios/final_trial_500.csv,clue_search,01,75,69,62,14,0,0,0,151,75,76,151,0,139,clue:1;collision_intent:75;state:75,460,0,completed
80,dcta_parity_v1,topk_filter,aa0724188407797eae5187348bee11ee9f51317c4e8a201863b052786aa2f1df,823213c90703fd83224ad7122ee730ba64af3769ea517af252103bddd907f681,DMCHBA,ideal,1.0,19,361,4,0.1,36,,,dmchba_topk_10,/home/agxorin/topk_filter_study/simulator/scenarios/final_trial_500.csv,clue_search,02,75,69,70,6,0,1,1,152,76,76,152,0,140,clue:1;collision_intent:76;state:75,457,0,completed
80,dcta_parity_v1,topk_filter,aa0724188407797eae5187348bee11ee9f51317c4e8a201863b052786aa2f1df,823213c90703fd83224ad7122ee730ba64af3769ea517af252103bddd907f681,DMCHBA,ideal,1.0,19,361,4,0.1,36,,,dmchba_topk_10,/home/agxorin/topk_filter_study/simulator/scenarios/final_trial_500.csv,clue_search,03,75,69,55,21,0,1,1,152,76,76,152,0,140,clue:1;collision_intent:76;state:75,458,0,completed
81,dcta_parity_v1,topk_filter,aa0724188407797eae5187348bee11ee9f51317c4e8a201863b052786aa2f1df,823213c90703fd83224ad7122ee730ba64af3769ea517af252103bddd907f681,DMCHBA,ideal,1.0,19,361,4,0.1,36,,,dmchba_topk_10,/home/agxorin/topk_filter_study/simulator/scenarios/final_trial_500.csv,clue_search,00,110,91,103,8,0,0,0,224,110,114,224,0,185,clue:4;collision_intent:110;state:110,679,0,completed
81,dcta_parity_v1,topk_filter,aa0724188407797eae5187348bee11ee9f51317c4e8a201863b052786aa2f1df,823213c90703fd83224ad7122ee730ba64af3769ea517af252103bddd907f681,DMCHBA,ideal,1.0,19,361,4,0.1,36,,,dmchba_topk_10,/home/agxorin/topk_filter_study/simulator/scenarios/final_trial_500.csv,clue_search,01,111,92,79,33,0,0,0,226,111,115,226,0,187,clue:4;collision_intent:111;state:111,678,0,completed
81,dcta_parity_v1,topk_filter,aa0724188407797eae5187348bee11ee9f51317c4e8a201863b052786aa2f1df,823213c90703fd83224ad7122ee730ba64af3769ea517af252103bddd907f681,DMCHBA,ideal,1.0,19,361,4,0.1,36,,,dmchba_topk_10,/home/agxorin/topk_filter_study/simulator/scenarios/final_trial_500.csv,clue_search,02,113,93,60,54,0,0,0,231,114,117,231,0,191,clue:4;collision_intent:113;state:113;target:1,674,0,completed
81,dcta_parity_v1,topk_filter,aa0724188407797eae5187348bee11ee9f51317c4e8a201863b052786aa2f1df,823213c90703fd83224ad7122ee730ba64af3769ea517af252103bddd907f681,DMCHBA,ideal,1.0,19,361,4,0.1,36,,,dmchba_topk_10,/home/agxorin/topk_filter_study/simulator/scenarios/final_trial_500.csv,clue_search,03,110,91,99,12,0,0,0,224,110,114,224,0,186,clue:4;collision_intent:110;state:110,679,0,completed
82,dcta_parity_v1,topk_filter,aa0724188407797eae5187348bee11ee9f51317c4e8a201863b052786aa2f1df,823213c90703fd83224ad7122ee730ba64af3769ea517af252103bddd907f681,DMCHBA,ideal,1.0,19,361,4,0.1,36,,,dmchba_topk_10,/home/agxorin/topk_filter_study/simulator/scenarios/final_trial_500.csv,clue_search,00,88,78,78,11,0,1,1,180,90,90,180,0,160,clue:2;collision_intent:89;state:88;target:1,532,0,completed
82,dcta_parity_v1,topk_filter,aa0724188407797eae5187348bee11ee9f51317c4e8a201863b052786aa2f1df,823213c90703fd83224ad7122ee730ba64af3769ea517af252103bddd907f681,DMCHBA,ideal,1.0,19,361,4,0.1,36,,,dmchba_topk_10,/home/agxorin/topk_filter_study/simulator/scenarios/final_trial_500.csv,clue_search,01,88,79,59,30,0,2,1,180,90,90,180,0,162,clue:2;collision_intent:90;state:88,531,0,completed
82,dcta_parity_v1,topk_filter,aa0724188407797eae5187348bee11ee9f51317c4e8a201863b052786aa2f1df,823213c90703fd83224ad7122ee730ba64af3769ea517af252103bddd907f681,DMCHBA,ideal,1.0,19,361,4,0.1,36,,,dmchba_topk_10,/home/agxorin/topk_filter_study/simulator/scenarios/final_trial_500.csv,clue_search,02,86,76,78,9,0,0,0,174,86,88,174,0,154,clue:2;collision_intent:86;state:86,538,0,completed
82,dcta_parity_v1,topk_filter,aa0724188407797eae5187348bee11ee9f51317c4e8a201863b052786aa2f1df,823213c90703fd83224ad7122ee730ba64af3769ea517af252103bddd907f681,DMCHBA,ideal,1.0,19,361,4,0.1,36,,,dmchba_topk_10,/home/agxorin/topk_filter_study/simulator/scenarios/final_trial_500.csv,clue_search,03,88,78,61,28,0,0,0,178,88,90,178,0,158,clue:2;collision_intent:88;state:88,533,0,completed
83,dcta_parity_v1,topk_filter,aa0724188407797eae5187348bee11ee9f51317c4e8a201863b052786aa2f1df,823213c90703fd83224ad7122ee730ba64af3769ea517af252103bddd907f681,DMCHBA,ideal,1.0,19,361,4,0.1,36,,,dmchba_topk_10,/home/agxorin/topk_filter_study/simulator/scenarios/final_trial_500.csv,clue_search,00,31,12,31,1,0,0,0,64,32,32,64,0,26,clue:1;collision_intent:31;state:31;target:1,185,0,completed
83,dcta_parity_v1,topk_filter,aa0724188407797eae5187348bee11ee9f51317c4e8a201863b052786aa2f1df,823213c90703fd83224ad7122ee730ba64af3769ea517af252103bddd907f681,DMCHBA,ideal,1.0,19,361,4,0.1,36,,,dmchba_topk_10,/home/agxorin/topk_filter_study/simulator/scenarios/final_trial_500.csv,clue_search,01,30,11,31,0,0,0,0,61,30,31,61,0,23,clue:1;collision_intent:30;state:30,188,0,completed
83,dcta_parity_v1,topk_filter,aa0724188407797eae5187348bee11ee9f51317c4e8a201863b052786aa2f1df,823213c90703fd83224ad7122ee730ba64af3769ea517af252103bddd907f681,DMCHBA,ideal,1.0,19,361,4,0.1,36,,,dmchba_topk_10,/home/agxorin/topk_filter_study/simulator/scenarios/final_trial_500.csv,clue_search,02,30,11,27,4,0,0,0,61,30,31,61,0,23,clue:1;collision_intent:30;state:30,187,0,completed
83,dcta_parity_v1,topk_filter,aa0724188407797eae5187348bee11ee9f51317c4e8a201863b052786aa2f1df,823213c90703fd83224ad7122ee730ba64af3769ea517af252103bddd907f681,DMCHBA,ideal,1.0,19,361,4,0.1,36,,,dmchba_topk_10,/home/agxorin/topk_filter_study/simulator/scenarios/final_trial_500.csv,clue_search,03,31,12,31,1,0,0,0,63,31,32,63,0,25,clue:1;collision_intent:31;state:31,185,0,completed
84,dcta_parity_v1,topk_filter,aa0724188407797eae5187348bee11ee9f51317c4e8a201863b052786aa2f1df,823213c90703fd83224ad7122ee730ba64af3769ea517af252103bddd907f681,DMCHBA,ideal,1.0,19,361,4,0.1,36,,,dmchba_topk_10,/home/agxorin/topk_filter_study/simulator/scenarios/final_trial_500.csv,clue_search,00,40,26,37,4,0,1,1,83,41,42,83,0,55,clue:2;collision_intent:41;state:40,240,0,completed
84,dcta_parity_v1,topk_filter,aa0724188407797eae5187348bee11ee9f51317c4e8a201863b052786aa2f1df,823213c90703fd83224ad7122ee730ba64af3769ea517af252103bddd907f681,DMCHBA,ideal,1.0,19,361,4,0.1,36,,,dmchba_topk_10,/home/agxorin/topk_filter_study/simulator/scenarios/final_trial_500.csv,clue_search,01,39,26,38,2,0,1,1,82,41,41,82,0,55,clue:2;collision_intent:40;state:39;target:1,242,0,completed
84,dcta_parity_v1,topk_filter,aa0724188407797eae5187348bee11ee9f51317c4e8a201863b052786aa2f1df,823213c90703fd83224ad7122ee730ba64af3769ea517af252103bddd907f681,DMCHBA,ideal,1.0,19,361,4,0.1,36,,,dmchba_topk_10,/home/agxorin/topk_filter_study/simulator/scenarios/final_trial_500.csv,clue_search,02,39,25,34,6,0,0,0,80,39,41,80,0,52,clue:2;collision_intent:39;state:39,242,0,completed
84,dcta_parity_v1,topk_filter,aa0724188407797eae5187348bee11ee9f51317c4e8a201863b052786aa2f1df,823213c90703fd83224ad7122ee730ba64af3769ea517af252103bddd907f681,DMCHBA,ideal,1.0,19,361,4,0.1,36,,,dmchba_topk_10,/home/agxorin/topk_filter_study/simulator/scenarios/final_trial_500.csv,clue_search,03,38,24,35,4,0,0,0,79,39,40,79,0,51,clue:2;collision_intent:39;state:38,244,0,completed
85,dcta_parity_v1,topk_filter,aa0724188407797eae5187348bee11ee9f51317c4e8a201863b052786aa2f1df,823213c90703fd83224ad7122ee730ba64af3769ea517af252103bddd907f681,DMCHBA,ideal,1.0,19,361,4,0.1,36,,,dmchba_topk_10,/home/agxorin/topk_filter_study/simulator/scenarios/final_trial_500.csv,clue_search,00,10,4,11,0,0,0,0,21,10,11,21,0,9,clue:1;collision_intent:10;state:10,62,0,completed
85,dcta_parity_v1,topk_filter,aa0724188407797eae5187348bee11ee9f51317c4e8a201863b052786aa2f1df,823213c90703fd83224ad7122ee730ba64af3769ea517af252103bddd907f681,DMCHBA,ideal,1.0,19,361,4,0.1,36,,,dmchba_topk_10,/home/agxorin/topk_filter_study/simulator/scenarios/final_trial_500.csv,clue_search,01,10,5,11,0,0,0,0,22,11,11,22,0,12,clue:1;collision_intent:10;state:10;target:1,61,0,completed
85,dcta_parity_v1,topk_filter,aa0724188407797eae5187348bee11ee9f51317c4e8a201863b052786aa2f1df,823213c90703fd83224ad7122ee730ba64af3769ea517af252103bddd907f681,DMCHBA,ideal,1.0,19,361,4,0.1,36,,,dmchba_topk_10,/home/agxorin/topk_filter_study/simulator/scenarios/final_trial_500.csv,clue_search,02,9,3,10,0,0,0,0,19,9,10,19,0,7,clue:1;collision_intent:9;state:9,63,0,completed
85,dcta_parity_v1,topk_filter,aa0724188407797eae5187348bee11ee9f51317c4e8a201863b052786aa2f1df,823213c90703fd83224ad7122ee730ba64af3769ea517af252103bddd907f681,DMCHBA,ideal,1.0,19,361,4,0.1,36,,,dmchba_topk_10,/home/agxorin/topk_filter_study/simulator/scenarios/final_trial_500.csv,clue_search,03,10,5,11,0,0,0,0,21,10,11,21,0,11,clue:1;collision_intent:10;state:10,62,0,completed
86,dcta_parity_v1,topk_filter,aa0724188407797eae5187348bee11ee9f51317c4e8a201863b052786aa2f1df,823213c90703fd83224ad7122ee730ba64af3769ea517af252103bddd907f681,DMCHBA,ideal,1.0,19,361,4,0.1,36,,,dmchba_topk_10,/home/agxorin/topk_filter_study/simulator/scenarios/final_trial_500.csv,clue_search,00,1,1,2,0,0,0,0,5,2,3,5,0,5,clue:2;collision_intent:1;state:1;target:1,9,0,completed
86,dcta_parity_v1,topk_filter,aa0724188407797eae5187348bee11ee9f51317c4e8a201863b052786aa2f1df,823213c90703fd83224ad7122ee730ba64af3769ea517af252103bddd907f681,DMCHBA,ideal,1.0,19,361,4,0.1,36,,,dmchba_topk_10,/home/agxorin/topk_filter_study/simulator/scenarios/final_trial_500.csv,clue_search,01,0,0,1,0,0,0,0,3,1,2,3,0,3,clue:2;collision_intent:1,10,0,completed
86,dcta_parity_v1,topk_filter,aa0724188407797eae5187348bee11ee9f51317c4e8a201863b052786aa2f1df,823213c90703fd83224ad7122ee730ba64af3769ea517af252103bddd907f681,DMCHBA,ideal,1.0,19,361,4,0.1,36,,,dmchba_topk_10,/home/agxorin/topk_filter_study/simulator/scenarios/final_trial_500.csv,clue_search,02,0,0,1,0,0,0,0,3,1,2,3,0,3,clue:2;collision_intent:1,11,0,completed
86,dcta_parity_v1,topk_filter,aa0724188407797eae5187348bee11ee9f51317c4e8a201863b052786aa2f1df,823213c90703fd83224ad7122ee730ba64af3769ea517af252103bddd907f681,DMCHBA,ideal,1.0,19,361,4,0.1,36,,,dmchba_topk_10,/home/agxorin/topk_filter_study/simulator/scenarios/final_trial_500.csv,clue_search,03,0,0,1,0,0,0,0,3,1,2,3,0,3,clue:2;collision_intent:1,10,0,completed
87,dcta_parity_v1,topk_filter,aa0724188407797eae5187348bee11ee9f51317c4e8a201863b052786aa2f1df,823213c90703fd83224ad7122ee730ba64af3769ea517af252103bddd907f681,DMCHBA,ideal,1.0,19,361,4,0.1,36,,,dmchba_topk_10,/home/agxorin/topk_filter_study/simulator/scenarios/final_trial_500.csv,clue_search,00,18,17,15,4,0,0,0,37,18,19,37,0,35,clue:1;collision_intent:18;state:18,109,0,completed
87,dcta_parity_v1,topk_filter,aa0724188407797eae5187348bee11ee9f51317c4e8a201863b052786aa2f1df,823213c90703fd83224ad7122ee730ba64af3769ea517af252103bddd907f681,DMCHBA,ideal,1.0,19,361,4,0.1,36,,,dmchba_topk_10,/home/agxorin/topk_filter_study/simulator/scenarios/final_trial_500.csv,clue_search,01,17,16,18,0,0,0,0,35,17,18,35,0,33,clue:1;collision_intent:17;state:17,113,0,completed
87,dcta_parity_v1,topk_filter,aa0724188407797eae5187348bee11ee9f51317c4e8a201863b052786aa2f1df,823213c90703fd83224ad7122ee730ba64af3769ea517af252103bddd907f681,DMCHBA,ideal,1.0,19,361,4,0.1,36,,,dmchba_topk_10,/home/agxorin/topk_filter_study/simulator/scenarios/final_trial_500.csv,clue_search,02,18,17,17,2,0,0,0,38,19,19,38,0,36,clue:1;collision_intent:18;state:18;target:1,110,0,completed
87,dcta_parity_v1,topk_filter,aa0724188407797eae5187348bee11ee9f51317c4e8a201863b052786aa2f1df,823213c90703fd83224ad7122ee730ba64af3769ea517af252103bddd907f681,DMCHBA,ideal,1.0,19,361,4,0.1,36,,,dmchba_topk_10,/home/agxorin/topk_filter_study/simulator/scenarios/final_trial_500.csv,clue_search,03,18,18,16,3,0,0,0,38,19,19,38,0,37,clue:1;collision_intent:19;state:18,110,0,completed
88,dcta_parity_v1,topk_filter,aa0724188407797eae5187348bee11ee9f51317c4e8a201863b052786aa2f1df,823213c90703fd83224ad7122ee730ba64af3769ea517af252103bddd907f681,DMCHBA,ideal,1.0,19,361,4,0.1,36,,,dmchba_topk_10,/home/agxorin/topk_filter_study/simulator/scenarios/final_trial_500.csv,clue_search,00,10,5,11,0,0,0,0,22,11,11,22,0,12,clue:1;collision_intent:10;state:10;target:1,61,0,completed
88,dcta_parity_v1,topk_filter,aa0724188407797eae5187348bee11ee9f51317c4e8a201863b052786aa2f1df,823213c90703fd83224ad7122ee730ba64af3769ea517af252103bddd907f681,DMCHBA,ideal,1.0,19,361,4,0.1,36,,,dmchba_topk_10,/home/agxorin/topk_filter_study/simulator/scenarios/final_trial_500.csv,clue_search,01,10,6,11,0,0,0,0,21,10,11,21,0,13,clue:1;collision_intent:10;state:10,61,0,completed
88,dcta_parity_v1,topk_filter,aa0724188407797eae5187348bee11ee9f51317c4e8a201863b052786aa2f1df,823213c90703fd83224ad7122ee730ba64af3769ea517af252103bddd907f681,DMCHBA,ideal,1.0,19,361,4,0.1,36,,,dmchba_topk_10,/home/agxorin/topk_filter_study/simulator/scenarios/final_trial_500.csv,clue_search,02,10,6,11,0,0,0,0,21,10,11,21,0,13,clue:1;collision_intent:10;state:10,61,0,completed
88,dcta_parity_v1,topk_filter,aa0724188407797eae5187348bee11ee9f51317c4e8a201863b052786aa2f1df,823213c90703fd83224ad7122ee730ba64af3769ea517af252103bddd907f681,DMCHBA,ideal,1.0,19,361,4,0.1,36,,,dmchba_topk_10,/home/agxorin/topk_filter_study/simulator/scenarios/final_trial_500.csv,clue_search,03,9,5,9,1,0,0,0,19,9,10,19,0,11,clue:1;collision_intent:9;state:9,63,0,completed
89,dcta_parity_v1,topk_filter,aa0724188407797eae5187348bee11ee9f51317c4e8a201863b052786aa2f1df,823213c90703fd83224ad7122ee730ba64af3769ea517af252103bddd907f681,DMCHBA,ideal,1.0,19,361,4,0.1,36,,,dmchba_topk_10,/home/agxorin/topk_filter_study/simulator/scenarios/final_trial_500.csv,clue_search,00,29,22,28,2,0,0,0,62,30,32,62,0,48,clue:3;collision_intent:29;state:29;target:1,189,0,completed
89,dcta_parity_v1,topk_filter,aa0724188407797eae5187348bee11ee9f51317c4e8a201863b052786aa2f1df,823213c90703fd83224ad7122ee730ba64af3769ea517af252103bddd907f681,DMCHBA,ideal,1.0,19,361,4,0.1,36,,,dmchba_topk_10,/home/agxorin/topk_filter_study/simulator/scenarios/final_trial_500.csv,clue_search,01,30,24,25,6,0,0,0,63,30,33,63,0,51,clue:3;collision_intent:30;state:30,186,0,completed
89,dcta_parity_v1,topk_filter,aa0724188407797eae5187348bee11ee9f51317c4e8a201863b052786aa2f1df,823213c90703fd83224ad7122ee730ba64af3769ea517af252103bddd907f681,DMCHBA,ideal,1.0,19,361,4,0.1,36,,,dmchba_topk_10,/home/agxorin/topk_filter_study/simulator/scenarios/final_trial_500.csv,clue_search,02,30,24,28,3,0,0,0,63,30,33,63,0,50,clue:3;collision_intent:30;state:30,188,0,completed
89,dcta_parity_v1,topk_filter,aa0724188407797eae5187348bee11ee9f51317c4e8a201863b052786aa2f1df,823213c90703fd83224ad7122ee730ba64af3769ea517af252103bddd907f681,DMCHBA,ideal,1.0,19,361,4,0.1,36,,,dmchba_topk_10,/home/agxorin/topk_filter_study/simulator/scenarios/final_trial_500.csv,clue_search,03,30,24,26,5,0,0,0,63,30,33,63,0,51,clue:3;collision_intent:30;state:30,188,0,completed
90,dcta_parity_v1,topk_filter,aa0724188407797eae5187348bee11ee9f51317c4e8a201863b052786aa2f1df,823213c90703fd83224ad7122ee730ba64af3769ea517af252103bddd907f681,DMCHBA,ideal,1.0,19,361,4,0.1,36,,,dmchba_topk_10,/home/agxorin/topk_filter_study/simulator/scenarios/final_trial_500.csv,clue_search,00,6,3,7,0,0,0,0,14,6,8,14,0,8,clue:2;collision_intent:6;state:6,45,0,completed
90,dcta_parity_v1,topk_filter,aa0724188407797eae5187348bee11ee9f51317c4e8a201863b052786aa2f1df,823213c90703fd83224ad7122ee730ba64af3769ea517af252103bddd907f681,DMCHBA,ideal,1.0,19,361,4,0.1,36,,,dmchba_topk_10,/home/agxorin/topk_filter_study/simulator/scenarios/final_trial_500.csv,clue_search,01,6,3,7,0,0,0,0,14,6,8,14,0,8,clue:2;collision_intent:6;state:6,47,0,completed
90,dcta_parity_v1,topk_filter,aa0724188407797eae5187348bee11ee9f51317c4e8a201863b052786aa2f1df,823213c90703fd83224ad7122ee730ba64af3769ea517af252103bddd907f681,DMCHBA,ideal,1.0,19,361,4,0.1,36,,,dmchba_topk_10,/home/agxorin/topk_filter_study/simulator/scenarios/final_trial_500.csv,clue_search,02,7,4,8,0,0,0,0,17,8,9,17,0,11,clue:2;collision_intent:7;state:7;target:1,44,0,completed
90,dcta_parity_v1,topk_filter,aa0724188407797eae5187348bee11ee9f51317c4e8a201863b052786aa2f1df,823213c90703fd83224ad7122ee730ba64af3769ea517af252103bddd907f681,DMCHBA,ideal,1.0,19,361,4,0.1,36,,,dmchba_topk_10,/home/agxorin/topk_filter_study/simulator/scenarios/final_trial_500.csv,clue_search,03,7,4,7,1,0,0,0,16,7,9,16,0,10,clue:2;collision_intent:7;state:7,44,0,completed
91,dcta_parity_v1,topk_filter,aa0724188407797eae5187348bee11ee9f51317c4e8a201863b052786aa2f1df,823213c90703fd83224ad7122ee730ba64af3769ea517af252103bddd907f681,DMCHBA,ideal,1.0,19,361,4,0.1,36,,,dmchba_topk_10,/home/agxorin/topk_filter_study/simulator/scenarios/final_trial_500.csv,clue_search,00,1,0,2,0,0,0,0,3,2,1,3,0,0,collision_intent:2;state:1,8,0,completed
91,dcta_parity_v1,topk_filter,aa0724188407797eae5187348bee11ee9f51317c4e8a201863b052786aa2f1df,823213c90703fd83224ad7122ee730ba64af3769ea517af252103bddd907f681,DMCHBA,ideal,1.0,19,361,4,0.1,36,,,dmchba_topk_10,/home/agxorin/topk_filter_study/simulator/scenarios/final_trial_500.csv,clue_search,01,1,0,2,0,0,0,0,2,1,1,2,0,0,collision_intent:1;state:1,9,0,completed
91,dcta_parity_v1,topk_filter,aa0724188407797eae5187348bee11ee9f51317c4e8a201863b052786aa2f1df,823213c90703fd83224ad7122ee730ba64af3769ea517af252103bddd907f681,DMCHBA,ideal,1.0,19,361,4,0.1,36,,,dmchba_topk_10,/home/agxorin/topk_filter_study/simulator/scenarios/final_trial_500.csv,clue_search,02,2,0,3,0,0,0,0,5,3,2,5,0,0,collision_intent:2;state:2;target:1,7,0,completed
91,dcta_parity_v1,topk_filter,aa0724188407797eae5187348bee11ee9f51317c4e8a201863b052786aa2f1df,823213c90703fd83224ad7122ee730ba64af3769ea517af252103bddd907f681,DMCHBA,ideal,1.0,19,361,4,0.1,36,,,dmchba_topk_10,/home/agxorin/topk_filter_study/simulator/scenarios/final_trial_500.csv,clue_search,03,1,0,2,0,0,0,0,2,1,1,2,0,0,collision_intent:1;state:1,8,0,completed
92,dcta_parity_v1,topk_filter,aa0724188407797eae5187348bee11ee9f51317c4e8a201863b052786aa2f1df,823213c90703fd83224ad7122ee730ba64af3769ea517af252103bddd907f681,DMCHBA,ideal,1.0,19,361,4,0.1,36,,,dmchba_topk_10,/home/agxorin/topk_filter_study/simulator/scenarios/final_trial_500.csv,clue_search,00,38,38,38,1,0,0,0,80,39,41,80,0,80,clue:3;collision_intent:38;state:38;target:1,226,0,completed
92,dcta_parity_v1,topk_filter,aa0724188407797eae5187348bee11ee9f51317c4e8a201863b052786aa2f1df,823213c90703fd83224ad7122ee730ba64af3769ea517af252103bddd907f681,DMCHBA,ideal,1.0,19,361,4,0.1,36,,,dmchba_topk_10,/home/agxorin/topk_filter_study/simulator/scenarios/final_trial_500.csv,clue_search,01,36,36,33,4,0,1,1,76,37,39,76,0,76,clue:3;collision_intent:37;state:36,229,0,completed
92,dcta_parity_v1,topk_filter,aa0724188407797eae5187348bee11ee9f51317c4e8a201863b052786aa2f1df,823213c90703fd83224ad7122ee730ba64af3769ea517af252103bddd907f681,DMCHBA,ideal,1.0,19,361,4,0.1,36,,,dmchba_topk_10,/home/agxorin/topk_filter_study/simulator/scenarios/final_trial_500.csv,clue_search,02,36,36,36,1,0,0,0,75,36,39,75,0,75,clue:3;collision_intent:36;state:36,229,0,completed
92,dcta_parity_v1,topk_filter,aa0724188407797eae5187348bee11ee9f51317c4e8a201863b052786aa2f1df,823213c90703fd83224ad7122ee730ba64af3769ea517af252103bddd907f681,DMCHBA,ideal,1.0,19,361,4,0.1,36,,,dmchba_topk_10,/home/agxorin/topk_filter_study/simulator/scenarios/final_trial_500.csv,clue_search,03,36,36,34,3,0,0,0,75,36,39,75,0,75,clue:3;collision_intent:36;state:36,229,0,completed
93,dcta_parity_v1,topk_filter,aa0724188407797eae5187348bee11ee9f51317c4e8a201863b052786aa2f1df,823213c90703fd83224ad7122ee730ba64af3769ea517af252103bddd907f681,DMCHBA,ideal,1.0,19,361,4,0.1,36,,,dmchba_topk_10,/home/agxorin/topk_filter_study/simulator/scenarios/final_trial_500.csv,clue_search,00,37,0,38,0,0,0,0,75,38,37,75,0,0,collision_intent:37;state:37;target:1,216,0,completed
93,dcta_parity_v1,topk_filter,aa0724188407797eae5187348bee11ee9f51317c4e8a201863b052786aa2f1df,823213c90703fd83224ad7122ee730ba64af3769ea517af252103bddd907f681,DMCHBA,ideal,1.0,19,361,4,0.1,36,,,dmchba_topk_10,/home/agxorin/topk_filter_study/simulator/scenarios/final_trial_500.csv,clue_search,01,36,0,37,0,0,0,0,72,36,36,72,0,0,collision_intent:36;state:36,218,0,completed
93,dcta_parity_v1,topk_filter,aa0724188407797eae5187348bee11ee9f51317c4e8a201863b052786aa2f1df,823213c90703fd83224ad7122ee730ba64af3769ea517af252103bddd907f681,DMCHBA,ideal,1.0,19,361,4,0.1,36,,,dmchba_topk_10,/home/agxorin/topk_filter_study/simulator/scenarios/final_trial_500.csv,clue_search,02,36,0,37,0,0,0,0,72,36,36,72,0,0,collision_intent:36;state:36,218,0,completed
93,dcta_parity_v1,topk_filter,aa0724188407797eae5187348bee11ee9f51317c4e8a201863b052786aa2f1df,823213c90703fd83224ad7122ee730ba64af3769ea517af252103bddd907f681,DMCHBA,ideal,1.0,19,361,4,0.1,36,,,dmchba_topk_10,/home/agxorin/topk_filter_study/simulator/scenarios/final_trial_500.csv,clue_search,03,36,0,37,0,0,0,0,72,36,36,72,0,0,collision_intent:36;state:36,219,0,completed
94,dcta_parity_v1,topk_filter,aa0724188407797eae5187348bee11ee9f51317c4e8a201863b052786aa2f1df,823213c90703fd83224ad7122ee730ba64af3769ea517af252103bddd907f681,DMCHBA,ideal,1.0,19,361,4,0.1,36,,,dmchba_topk_10,/home/agxorin/topk_filter_study/simulator/scenarios/final_trial_500.csv,clue_search,00,86,75,85,2,0,0,0,175,86,89,175,0,153,clue:3;collision_intent:86;state:86,530,0,completed
94,dcta_parity_v1,topk_filter,aa0724188407797eae5187348bee11ee9f51317c4e8a201863b052786aa2f1df,823213c90703fd83224ad7122ee730ba64af3769ea517af252103bddd907f681,DMCHBA,ideal,1.0,19,361,4,0.1,36,,,dmchba_topk_10,/home/agxorin/topk_filter_study/simulator/scenarios/final_trial_500.csv,clue_search,01,87,77,81,7,0,0,0,177,87,90,177,0,157,clue:3;collision_intent:87;state:87,530,0,completed
94,dcta_parity_v1,topk_filter,aa0724188407797eae5187348bee11ee9f51317c4e8a201863b052786aa2f1df,823213c90703fd83224ad7122ee730ba64af3769ea517af252103bddd907f681,DMCHBA,ideal,1.0,19,361,4,0.1,36,,,dmchba_topk_10,/home/agxorin/topk_filter_study/simulator/scenarios/final_trial_500.csv,clue_search,02,88,78,72,17,0,0,0,180,89,91,180,0,159,clue:3;collision_intent:88;state:88;target:1,527,0,completed
94,dcta_parity_v1,topk_filter,aa0724188407797eae5187348bee11ee9f51317c4e8a201863b052786aa2f1df,823213c90703fd83224ad7122ee730ba64af3769ea517af252103bddd907f681,DMCHBA,ideal,1.0,19,361,4,0.1,36,,,dmchba_topk_10,/home/agxorin/topk_filter_study/simulator/scenarios/final_trial_500.csv,clue_search,03,86,76,81,6,0,0,0,175,86,89,175,0,155,clue:3;collision_intent:86;state:86,530,0,completed
95,dcta_parity_v1,topk_filter,aa0724188407797eae5187348bee11ee9f51317c4e8a201863b052786aa2f1df,823213c90703fd83224ad7122ee730ba64af3769ea517af252103bddd907f681,DMCHBA,ideal,1.0,19,361,4,0.1,36,,,dmchba_topk_10,/home/agxorin/topk_filter_study/simulator/scenarios/final_trial_500.csv,clue_search,00,46,9,47,0,0,0,0,95,47,48,95,0,21,clue:2;collision_intent:47;state:46,288,0,completed
95,dcta_parity_v1,topk_filter,aa0724188407797eae5187348bee11ee9f51317c4e8a201863b052786aa2f1df,823213c90703fd83224ad7122ee730ba64af3769ea517af252103bddd907f681,DMCHBA,ideal,1.0,19,361,4,0.1,36,,,dmchba_topk_10,/home/agxorin/topk_filter_study/simulator/scenarios/final_trial_500.csv,clue_search,01,47,11,45,3,0,0,0,97,48,49,97,0,25,clue:2;collision_intent:47;state:47;target:1,287,0,completed
95,dcta_parity_v1,topk_filter,aa0724188407797eae5187348bee11ee9f51317c4e8a201863b052786aa2f1df,823213c90703fd83224ad7122ee730ba64af3769ea517af252103bddd907f681,DMCHBA,ideal,1.0,19,361,4,0.1,36,,,dmchba_topk_10,/home/agxorin/topk_filter_study/simulator/scenarios/final_trial_500.csv,clue_search,02,47,11,47,1,0,0,0,96,47,49,96,0,24,clue:2;collision_intent:47;state:47,287,0,completed
95,dcta_parity_v1,topk_filter,aa0724188407797eae5187348bee11ee9f51317c4e8a201863b052786aa2f1df,823213c90703fd83224ad7122ee730ba64af3769ea517af252103bddd907f681,DMCHBA,ideal,1.0,19,361,4,0.1,36,,,dmchba_topk_10,/home/agxorin/topk_filter_study/simulator/scenarios/final_trial_500.csv,clue_search,03,47,11,43,5,0,0,0,96,47,49,96,0,24,clue:2;collision_intent:47;state:47,286,0,completed
96,dcta_parity_v1,topk_filter,aa0724188407797eae5187348bee11ee9f51317c4e8a201863b052786aa2f1df,823213c90703fd83224ad7122ee730ba64af3769ea517af252103bddd907f681,DMCHBA,ideal,1.0,19,361,4,0.1,36,,,dmchba_topk_10,/home/agxorin/topk_filter_study/simulator/scenarios/final_trial_500.csv,clue_search,00,72,68,70,3,0,0,0,149,73,76,149,0,141,clue:4;collision_intent:72;state:72;target:1,445,0,completed
96,dcta_parity_v1,topk_filter,aa0724188407797eae5187348bee11ee9f51317c4e8a201863b052786aa2f1df,823213c90703fd83224ad7122ee730ba64af3769ea517af252103bddd907f681,DMCHBA,ideal,1.0,19,361,4,0.1,36,,,dmchba_topk_10,/home/agxorin/topk_filter_study/simulator/scenarios/final_trial_500.csv,clue_search,01,71,68,67,5,0,0,0,146,71,75,146,0,140,clue:4;collision_intent:71;state:71,446,0,completed
96,dcta_parity_v1,topk_filter,aa0724188407797eae5187348bee11ee9f51317c4e8a201863b052786aa2f1df,823213c90703fd83224ad7122ee730ba64af3769ea517af252103bddd907f681,DMCHBA,ideal,1.0,19,361,4,0.1,36,,,dmchba_topk_10,/home/agxorin/topk_filter_study/simulator/scenarios/final_trial_500.csv,clue_search,02,71,67,63,9,0,1,1,147,72,75,147,0,139,clue:4;collision_intent:72;state:71,445,0,completed
96,dcta_parity_v1,topk_filter,aa0724188407797eae5187348bee11ee9f51317c4e8a201863b052786aa2f1df,823213c90703fd83224ad7122ee730ba64af3769ea517af252103bddd907f681,DMCHBA,ideal,1.0,19,361,4,0.1,36,,,dmchba_topk_10,/home/agxorin/topk_filter_study/simulator/scenarios/final_trial_500.csv,clue_search,03,74,71,53,22,0,0,0,152,74,78,152,0,146,clue:4;collision_intent:74;state:74,442,0,completed
97,dcta_parity_v1,topk_filter,aa0724188407797eae5187348bee11ee9f51317c4e8a201863b052786aa2f1df,823213c90703fd83224ad7122ee730ba64af3769ea517af252103bddd907f681,DMCHBA,ideal,1.0,19,361,4,0.1,36,,,dmchba_topk_10,/home/agxorin/topk_filter_study/simulator/scenarios/final_trial_500.csv,clue_search,00,19,0,20,0,0,0,0,39,20,19,39,0,0,collision_intent:19;state:19;target:1,108,0,completed
97,dcta_parity_v1,topk_filter,aa0724188407797eae5187348bee11ee9f51317c4e8a201863b052786aa2f1df,823213c90703fd83224ad7122ee730ba64af3769ea517af252103bddd907f681,DMCHBA,ideal,1.0,19,361,4,0.1,36,,,dmchba_topk_10,/home/agxorin/topk_filter_study/simulator/scenarios/final_trial_500.csv,clue_search,01,18,0,19,0,0,0,0,36,18,18,36,0,0,collision_intent:18;state:18,109,0,completed
97,dcta_parity_v1,topk_filter,aa0724188407797eae5187348bee11ee9f51317c4e8a201863b052786aa2f1df,823213c90703fd83224ad7122ee730ba64af3769ea517af252103bddd907f681,DMCHBA,ideal,1.0,19,361,4,0.1,36,,,dmchba_topk_10,/home/agxorin/topk_filter_study/simulator/scenarios/final_trial_500.csv,clue_search,02,18,0,19,0,0,0,0,36,18,18,36,0,0,collision_intent:18;state:18,111,0,completed
97,dcta_parity_v1,topk_filter,aa0724188407797eae5187348bee11ee9f51317c4e8a201863b052786aa2f1df,823213c90703fd83224ad7122ee730ba64af3769ea517af252103bddd907f681,DMCHBA,ideal,1.0,19,361,4,0.1,36,,,dmchba_topk_10,/home/agxorin/topk_filter_study/simulator/scenarios/final_trial_500.csv,clue_search,03,18,0,19,0,0,0,0,36,18,18,36,0,0,collision_intent:18;state:18,110,0,completed
98,dcta_parity_v1,topk_filter,aa0724188407797eae5187348bee11ee9f51317c4e8a201863b052786aa2f1df,823213c90703fd83224ad7122ee730ba64af3769ea517af252103bddd907f681,DMCHBA,ideal,1.0,19,361,4,0.1,36,,,dmchba_topk_10,/home/agxorin/topk_filter_study/simulator/scenarios/final_trial_500.csv,clue_search,00,26,11,27,0,0,0,0,53,26,27,53,0,23,clue:1;collision_intent:26;state:26,161,0,completed
98,dcta_parity_v1,topk_filter,aa0724188407797eae5187348bee11ee9f51317c4e8a201863b052786aa2f1df,823213c90703fd83224ad7122ee730ba64af3769ea517af252103bddd907f681,DMCHBA,ideal,1.0,19,361,4,0.1,36,,,dmchba_topk_10,/home/agxorin/topk_filter_study/simulator/scenarios/final_trial_500.csv,clue_search,01,25,10,25,1,0,0,0,52,26,26,52,0,22,clue:1;collision_intent:26;state:25,162,0,completed
98,dcta_parity_v1,topk_filter,aa0724188407797eae5187348bee11ee9f51317c4e8a201863b052786aa2f1df,823213c90703fd83224ad7122ee730ba64af3769ea517af252103bddd907f681,DMCHBA,ideal,1.0,19,361,4,0.1,36,,,dmchba_topk_10,/home/agxorin/topk_filter_study/simulator/scenarios/final_trial_500.csv,clue_search,02,26,11,26,1,0,0,0,54,27,27,54,0,24,clue:1;collision_intent:27;state:26,160,0,completed
98,dcta_parity_v1,topk_filter,aa0724188407797eae5187348bee11ee9f51317c4e8a201863b052786aa2f1df,823213c90703fd83224ad7122ee730ba64af3769ea517af252103bddd907f681,DMCHBA,ideal,1.0,19,361,4,0.1,36,,,dmchba_topk_10,/home/agxorin/topk_filter_study/simulator/scenarios/final_trial_500.csv,clue_search,03,27,12,27,1,0,0,0,56,28,28,56,0,26,clue:1;collision_intent:27;state:27;target:1,159,0,completed
99,dcta_parity_v1,topk_filter,aa0724188407797eae5187348bee11ee9f51317c4e8a201863b052786aa2f1df,823213c90703fd83224ad7122ee730ba64af3769ea517af252103bddd907f681,DMCHBA,ideal,1.0,19,361,4,0.1,36,,,dmchba_topk_10,/home/agxorin/topk_filter_study/simulator/scenarios/final_trial_500.csv,clue_search,00,11,0,12,0,0,0,0,22,11,11,22,0,0,collision_intent:11;state:11,65,0,completed
99,dcta_parity_v1,topk_filter,aa0724188407797eae5187348bee11ee9f51317c4e8a201863b052786aa2f1df,823213c90703fd83224ad7122ee730ba64af3769ea517af252103bddd907f681,DMCHBA,ideal,1.0,19,361,4,0.1,36,,,dmchba_topk_10,/home/agxorin/topk_filter_study/simulator/scenarios/final_trial_500.csv,clue_search,01,11,0,12,0,0,0,0,23,12,11,23,0,0,collision_intent:11;state:11;target:1,65,0,completed
99,dcta_parity_v1,topk_filter,aa0724188407797eae5187348bee11ee9f51317c4e8a201863b052786aa2f1df,823213c90703fd83224ad7122ee730ba64af3769ea517af252103bddd907f681,DMCHBA,ideal,1.0,19,361,4,0.1,36,,,dmchba_topk_10,/home/agxorin/topk_filter_study/simulator/scenarios/final_trial_500.csv,clue_search,02,11,0,12,0,0,0,0,22,11,11,22,0,0,collision_intent:11;state:11,66,0,completed
99,dcta_parity_v1,topk_filter,aa0724188407797eae5187348bee11ee9f51317c4e8a201863b052786aa2f1df,823213c90703fd83224ad7122ee730ba64af3769ea517af252103bddd907f681,DMCHBA,ideal,1.0,19,361,4,0.1,36,,,dmchba_topk_10,/home/agxorin/topk_filter_study/simulator/scenarios/final_trial_500.csv,clue_search,03,10,0,11,0,0,0,0,21,11,10,21,0,0,collision_intent:11;state:10,67,0,completed
100,dcta_parity_v1,topk_filter,aa0724188407797eae5187348bee11ee9f51317c4e8a201863b052786aa2f1df,823213c90703fd83224ad7122ee730ba64af3769ea517af252103bddd907f681,DMCHBA,ideal,1.0,19,361,4,0.1,36,,,dmchba_topk_10,/home/agxorin/topk_filter_study/simulator/scenarios/final_trial_500.csv,clue_search,00,6,3,7,0,0,0,0,13,6,7,13,0,6,clue:1;collision_intent:6;state:6,38,0,completed
100,dcta_parity_v1,topk_filter,aa0724188407797eae5187348bee11ee9f51317c4e8a201863b052786aa2f1df,823213c90703fd83224ad7122ee730ba64af3769ea517af252103bddd907f681,DMCHBA,ideal,1.0,19,361,4,0.1,36,,,dmchba_topk_10,/home/agxorin/topk_filter_study/simulator/scenarios/final_trial_500.csv,clue_search,01,5,2,6,0,0,0,0,12,6,6,12,0,6,clue:1;collision_intent:6;state:5,38,0,completed
100,dcta_parity_v1,topk_filter,aa0724188407797eae5187348bee11ee9f51317c4e8a201863b052786aa2f1df,823213c90703fd83224ad7122ee730ba64af3769ea517af252103bddd907f681,DMCHBA,ideal,1.0,19,361,4,0.1,36,,,dmchba_topk_10,/home/agxorin/topk_filter_study/simulator/scenarios/final_trial_500.csv,clue_search,02,6,2,7,0,0,0,0,14,7,7,14,0,6,clue:1;collision_intent:6;state:6;target:1,37,0,completed
100,dcta_parity_v1,topk_filter,aa0724188407797eae5187348bee11ee9f51317c4e8a201863b052786aa2f1df,823213c90703fd83224ad7122ee730ba64af3769ea517af252103bddd907f681,DMCHBA,ideal,1.0,19,361,4,0.1,36,,,dmchba_topk_10,/home/agxorin/topk_filter_study/simulator/scenarios/final_trial_500.csv,clue_search,03,5,2,6,0,0,0,0,12,6,6,12,0,6,clue:1;collision_intent:6;state:5,37,0,completed
101,dcta_parity_v1,topk_filter,aa0724188407797eae5187348bee11ee9f51317c4e8a201863b052786aa2f1df,823213c90703fd83224ad7122ee730ba64af3769ea517af252103bddd907f681,DMCHBA,ideal,1.0,19,361,4,0.1,36,,,dmchba_topk_10,/home/agxorin/topk_filter_study/simulator/scenarios/final_trial_500.csv,clue_search,00,99,73,86,14,0,0,0,202,100,102,202,0,150,clue:3;collision_intent:99;state:99;target:1,596,0,completed
101,dcta_parity_v1,topk_filter,aa0724188407797eae5187348bee11ee9f51317c4e8a201863b052786aa2f1df,823213c90703fd83224ad7122ee730ba64af3769ea517af252103bddd907f681,DMCHBA,ideal,1.0,19,361,4,0.1,36,,,dmchba_topk_10,/home/agxorin/topk_filter_study/simulator/scenarios/final_trial_500.csv,clue_search,01,98,72,78,21,0,0,0,199,98,101,199,0,147,clue:3;collision_intent:98;state:98,599,0,completed
101,dcta_parity_v1,topk_filter,aa0724188407797eae5187348bee11ee9f51317c4e8a201863b052786aa2f1df,823213c90703fd83224ad7122ee730ba64af3769ea517af252103bddd907f681,DMCHBA,ideal,1.0,19,361,4,0.1,36,,,dmchba_topk_10,/home/agxorin/topk_filter_study/simulator/scenarios/final_trial_500.csv,clue_search,02,98,72,86,13,0,0,0,199,98,101,199,0,147,clue:3;collision_intent:98;state:98,598,0,completed
101,dcta_parity_v1,topk_filter,aa0724188407797eae5187348bee11ee9f51317c4e8a201863b052786aa2f1df,823213c90703fd83224ad7122ee730ba64af3769ea517af252103bddd907f681,DMCHBA,ideal,1.0,19,361,4,0.1,36,,,dmchba_topk_10,/home/agxorin/topk_filter_study/simulator/scenarios/final_trial_500.csv,clue_search,03,97,71,72,26,0,1,1,198,98,100,198,0,146,clue:3;collision_intent:98;state:97,599,0,completed
102,dcta_parity_v1,topk_filter,aa0724188407797eae5187348bee11ee9f51317c4e8a201863b052786aa2f1df,823213c90703fd83224ad7122ee730ba64af3769ea517af252103bddd907f681,DMCHBA,ideal,1.0,19,361,4,0.1,36,,,dmchba_topk_10,/home/agxorin/topk_filter_study/simulator/scenarios/final_trial_500.csv,clue_search,00,12,0,13,0,0,0,0,25,13,12,25,0,0,collision_intent:12;state:12;target:1,66,0,completed
102,dcta_parity_v1,topk_filter,aa0724188407797eae5187348bee11ee9f51317c4e8a201863b052786aa2f1df,823213c90703fd83224ad7122ee730ba64af3769ea517af252103bddd907f681,DMCHBA,ideal,1.0,19,361,4,0.1,36,,,dmchba_topk_10,/home/agxorin/topk_filter_study/simulator/scenarios/final_trial_500.csv,clue_search,01,11,0,12,0,0,0,0,22,11,11,22,0,0,collision_intent:11;state:11,69,0,completed
102,dcta_parity_v1,topk_filter,aa0724188407797eae5187348bee11ee9f51317c4e8a201863b052786aa2f1df,823213c90703fd83224ad7122ee730ba64af3769ea517af252103bddd907f681,DMCHBA,ideal,1.0,19,361,4,0.1,36,,,dmchba_topk_10,/home/agxorin/topk_filter_study/simulator/scenarios/final_trial_500.csv,clue_search,02,11,0,12,0,0,0,0,22,11,11,22,0,0,collision_intent:11;state:11,67,0,completed
102,dcta_parity_v1,topk_filter,aa0724188407797eae5187348bee11ee9f51317c4e8a201863b052786aa2f1df,823213c90703fd83224ad7122ee730ba64af3769ea517af252103bddd907f681,DMCHBA,ideal,1.0,19,361,4,0.1,36,,,dmchba_topk_10,/home/agxorin/topk_filter_study/simulator/scenarios/final_trial_500.csv,clue_search,03,11,0,12,0,0,0,0,22,11,11,22,0,0,collision_intent:11;state:11,68,0,completed
103,dcta_parity_v1,topk_filter,aa0724188407797eae5187348bee11ee9f51317c4e8a201863b052786aa2f1df,823213c90703fd83224ad7122ee730ba64af3769ea517af252103bddd907f681,DMCHBA,ideal,1.0,19,361,4,0.1,36,,,dmchba_topk_10,/home/agxorin/topk_filter_study/simulator/scenarios/final_trial_500.csv,clue_search,00,30,15,28,3,0,0,0,62,30,32,62,0,31,clue:2;collision_intent:30;state:30,184,0,completed
103,dcta_parity_v1,topk_filter,aa0724188407797eae5187348bee11ee9f51317c4e8a201863b052786aa2f1df,823213c90703fd83224ad7122ee730ba64af3769ea517af252103bddd907f681,DMCHBA,ideal,1.0,19,361,4,0.1,36,,,dmchba_topk_10,/home/agxorin/topk_filter_study/simulator/scenarios/final_trial_500.csv,clue_search,01,30,15,30,1,0,0,0,63,31,32,63,0,33,clue:2;collision_intent:30;state:30;target:1,185,0,completed
103,dcta_parity_v1,topk_filter,aa0724188407797eae5187348bee11ee9f51317c4e8a201863b052786aa2f1df,823213c90703fd83224ad7122ee730ba64af3769ea517af252103bddd907f681,DMCHBA,ideal,1.0,19,361,4,0.1,36,,,dmchba_topk_10,/home/agxorin/topk_filter_study/simulator/scenarios/final_trial_500.csv,clue_search,02,30,14,30,1,0,0,0,62,30,32,62,0,30,clue:2;collision_intent:30;state:30,185,0,completed
103,dcta_parity_v1,topk_filter,aa0724188407797eae5187348bee11ee9f51317c4e8a201863b052786aa2f1df,823213c90703fd83224ad7122ee730ba64af3769ea517af252103bddd907f681,DMCHBA,ideal,1.0,19,361,4,0.1,36,,,dmchba_topk_10,/home/agxorin/topk_filter_study/simulator/scenarios/final_trial_500.csv,clue_search,03,29,14,29,1,0,0,0,61,30,31,61,0,31,clue:2;collision_intent:30;state:29,185,0,completed
104,dcta_parity_v1,topk_filter,aa0724188407797eae5187348bee11ee9f51317c4e8a201863b052786aa2f1df,823213c90703fd83224ad7122ee730ba64af3769ea517af252103bddd907f681,DMCHBA,ideal,1.0,19,361,4,0.1,36,,,dmchba_topk_10,/home/agxorin/topk_filter_study/simulator/scenarios/final_trial_500.csv,clue_search,00,52,21,51,2,0,0,0,108,53,55,108,0,46,clue:3;collision_intent:52;state:52;target:1,312,0,completed
104,dcta_parity_v1,topk_filter,aa0724188407797eae5187348bee11ee9f51317c4e8a201863b052786aa2f1df,823213c90703fd83224ad7122ee730ba64af3769ea517af252103bddd907f681,DMCHBA,ideal,1.0,19,361,4,0.1,36,,,dmchba_topk_10,/home/agxorin/topk_filter_study/simulator/scenarios/final_trial_500.csv,clue_search,01,50,19,48,3,0,1,1,104,51,53,104,0,42,clue:3;collision_intent:51;state:50,316,0,completed
104,dcta_parity_v1,topk_filter,aa0724188407797eae5187348bee11ee9f51317c4e8a201863b052786aa2f1df,823213c90703fd83224ad7122ee730ba64af3769ea517af252103bddd907f681,DMCHBA,ideal,1.0,19,361,4,0.1,36,,,dmchba_topk_10,/home/agxorin/topk_filter_study/simulator/scenarios/final_trial_500.csv,clue_search,02,50,19,48,3,0,0,0,103,50,53,103,0,41,clue:3;collision_intent:50;state:50,316,0,completed
104,dcta_parity_v1,topk_filter,aa0724188407797eae5187348bee11ee9f51317c4e8a201863b052786aa2f1df,823213c90703fd83224ad7122ee730ba64af3769ea517af252103bddd907f681,DMCHBA,ideal,1.0,19,361,4,0.1,36,,,dmchba_topk_10,/home/agxorin/topk_filter_study/simulator/scenarios/final_trial_500.csv,clue_search,03,51,21,44,8,0,0,0,105,51,54,105,0,45,clue:3;collision_intent:51;state:51,314,0,completed
105,dcta_parity_v1,topk_filter,aa0724188407797eae5187348bee11ee9f51317c4e8a201863b052786aa2f1df,823213c90703fd83224ad7122ee730ba64af3769ea517af252103bddd907f681,DMCHBA,ideal,1.0,19,361,4,0.1,36,,,dmchba_topk_10,/home/agxorin/topk_filter_study/simulator/scenarios/final_trial_500.csv,clue_search,00,3,0,4,0,0,0,0,7,4,3,7,0,0,collision_intent:3;state:3;target:1,12,0,completed
105,dcta_parity_v1,topk_filter,aa0724188407797eae5187348bee11ee9f51317c4e8a201863b052786aa2f1df,823213c90703fd83224ad7122ee730ba64af3769ea517af252103bddd907f681,DMCHBA,ideal,1.0,19,361,4,0.1,36,,,dmchba_topk_10,/home/agxorin/topk_filter_study/simulator/scenarios/final_trial_500.csv,clue_search,01,2,0,3,0,0,0,0,4,2,2,4,0,0,collision_intent:2;state:2,14,0,completed
105,dcta_parity_v1,topk_filter,aa0724188407797eae5187348bee11ee9f51317c4e8a201863b052786aa2f1df,823213c90703fd83224ad7122ee730ba64af3769ea517af252103bddd907f681,DMCHBA,ideal,1.0,19,361,4,0.1,36,,,dmchba_topk_10,/home/agxorin/topk_filter_study/simulator/scenarios/final_trial_500.csv,clue_search,02,2,0,3,0,0,0,0,4,2,2,4,0,0,collision_intent:2;state:2,15,0,completed
105,dcta_parity_v1,topk_filter,aa0724188407797eae5187348bee11ee9f51317c4e8a201863b052786aa2f1df,823213c90703fd83224ad7122ee730ba64af3769ea517af252103bddd907f681,DMCHBA,ideal,1.0,19,361,4,0.1,36,,,dmchba_topk_10,/home/agxorin/topk_filter_study/simulator/scenarios/final_trial_500.csv,clue_search,03,2,0,3,0,0,0,0,4,2,2,4,0,0,collision_intent:2;state:2,14,0,completed
106,dcta_parity_v1,topk_filter,aa0724188407797eae5187348bee11ee9f51317c4e8a201863b052786aa2f1df,823213c90703fd83224ad7122ee730ba64af3769ea517af252103bddd907f681,DMCHBA,ideal,1.0,19,361,4,0.1,36,,,dmchba_topk_10,/home/agxorin/topk_filter_study/simulator/scenarios/final_trial_500.csv,clue_search,00,38,38,37,2,0,0,0,79,38,41,79,0,79,clue:3;collision_intent:38;state:38,233,0,completed
106,dcta_parity_v1,topk_filter,aa0724188407797eae5187348bee11ee9f51317c4e8a201863b052786aa2f1df,823213c90703fd83224ad7122ee730ba64af3769ea517af252103bddd907f681,DMCHBA,ideal,1.0,19,361,4,0.1,36,,,dmchba_topk_10,/home/agxorin/topk_filter_study/simulator/scenarios/final_trial_500.csv,clue_search,01,37,37,33,5,0,0,0,78,38,40,78,0,78,clue:3;collision_intent:38;state:37,233,0,completed
106,dcta_parity_v1,topk_filter,aa0724188407797eae5187348bee11ee9f51317c4e8a201863b052786aa2f1df,823213c90703fd83224ad7122ee730ba64af3769ea517af252103bddd907f681,DMCHBA,ideal,1.0,19,361,4,0.1,36,,,dmchba_topk_10,/home/agxorin/topk_filter_study/simulator/scenarios/final_trial_500.csv,clue_search,02,37,37,37,1,0,0,0,77,37,40,77,0,77,clue:3;collision_intent:37;state:37,235,0,completed
106,dcta_parity_v1,topk_filter,aa0724188407797eae5187348bee11ee9f51317c4e8a201863b052786aa2f1df,823213c90703fd83224ad7122ee730ba64af3769ea517af252103bddd907f681,DMCHBA,ideal,1.0,19,361,4,0.1,36,,,dmchba_topk_10,/home/agxorin/topk_filter_study/simulator/scenarios/final_trial_500.csv,clue_search,03,37,37,38,0,0,0,0,78,38,40,78,0,78,clue:3;collision_intent:37;state:37;target:1,234,0,completed
107,dcta_parity_v1,topk_filter,aa0724188407797eae5187348bee11ee9f51317c4e8a201863b052786aa2f1df,823213c90703fd83224ad7122ee730ba64af3769ea517af252103bddd907f681,DMCHBA,ideal,1.0,19,361,4,0.1,36,,,dmchba_topk_10,/home/agxorin/topk_filter_study/simulator/scenarios/final_trial_500.csv,clue_search,00,14,2,15,0,0,0,0,29,14,15,29,0,5,clue:1;collision_intent:14;state:14,86,0,completed
107,dcta_parity_v1,topk_filter,aa0724188407797eae5187348bee11ee9f51317c4e8a201863b052786aa2f1df,823213c90703fd83224ad7122ee730ba64af3769ea517af252103bddd907f681,DMCHBA,ideal,1.0,19,361,4,0.1,36,,,dmchba_topk_10,/home/agxorin/topk_filter_study/simulator/scenarios/final_trial_500.csv,clue_search,01,13,2,14,0,0,0,0,28,14,14,28,0,6,clue:1;collision_intent:14;state:13,86,0,completed
107,dcta_parity_v1,topk_filter,aa0724188407797eae5187348bee11ee9f51317c4e8a201863b052786aa2f1df,823213c90703fd83224ad7122ee730ba64af3769ea517af252103bddd907f681,DMCHBA,ideal,1.0,19,361,4,0.1,36,,,dmchba_topk_10,/home/agxorin/topk_filter_study/simulator/scenarios/final_trial_500.csv,clue_search,02,14,2,15,0,0,0,0,30,15,15,30,0,6,clue:1;collision_intent:14;state:14;target:1,86,0,completed
107,dcta_parity_v1,topk_filter,aa0724188407797eae5187348bee11ee9f51317c4e8a201863b052786aa2f1df,823213c90703fd83224ad7122ee730ba64af3769ea517af252103bddd907f681,DMCHBA,ideal,1.0,19,361,4,0.1,36,,,dmchba_topk_10,/home/agxorin/topk_filter_study/simulator/scenarios/final_trial_500.csv,clue_search,03,14,3,15,0,0,0,0,29,14,15,29,0,7,clue:1;collision_intent:14;state:14,85,0,completed
108,dcta_parity_v1,topk_filter,aa0724188407797eae5187348bee11ee9f51317c4e8a201863b052786aa2f1df,823213c90703fd83224ad7122ee730ba64af3769ea517af252103bddd907f681,DMCHBA,ideal,1.0,19,361,4,0.1,36,,,dmchba_topk_10,/home/agxorin/topk_filter_study/simulator/scenarios/final_trial_500.csv,clue_search,00,54,6,55,0,0,0,0,110,55,55,110,0,14,clue:1;collision_intent:54;state:54;target:1,325,0,completed
108,dcta_parity_v1,topk_filter,aa0724188407797eae5187348bee11ee9f51317c4e8a201863b052786aa2f1df,823213c90703fd83224ad7122ee730ba64af3769ea517af252103bddd907f681,DMCHBA,ideal,1.0,19,361,4,0.1,36,,,dmchba_topk_10,/home/agxorin/topk_filter_study/simulator/scenarios/final_trial_500.csv,clue_search,01,54,7,53,2,0,0,0,109,54,55,109,0,15,clue:1;collision_intent:54;state:54,324,0,completed
108,dcta_parity_v1,topk_filter,aa0724188407797eae5187348bee11ee9f51317c4e8a201863b052786aa2f1df,823213c90703fd83224ad7122ee730ba64af3769ea517af252103bddd907f681,DMCHBA,ideal,1.0,19,361,4,0.1,36,,,dmchba_topk_10,/home/agxorin/topk_filter_study/simulator/scenarios/final_trial_500.csv,clue_search,02,54,7,51,4,0,0,0,109,54,55,109,0,15,clue:1;collision_intent:54;state:54,325,0,completed
108,dcta_parity_v1,topk_filter,aa0724188407797eae5187348bee11ee9f51317c4e8a201863b052786aa2f1df,823213c90703fd83224ad7122ee730ba64af3769ea517af252103bddd907f681,DMCHBA,ideal,1.0,19,361,4,0.1,36,,,dmchba_topk_10,/home/agxorin/topk_filter_study/simulator/scenarios/final_trial_500.csv,clue_search,03,53,6,51,3,0,0,0,107,53,54,107,0,13,clue:1;collision_intent:53;state:53,327,0,completed
109,dcta_parity_v1,topk_filter,aa0724188407797eae5187348bee11ee9f51317c4e8a201863b052786aa2f1df,823213c90703fd83224ad7122ee730ba64af3769ea517af252103bddd907f681,DMCHBA,ideal,1.0,19,361,4,0.1,36,,,dmchba_topk_10,/home/agxorin/topk_filter_study/simulator/scenarios/final_trial_500.csv,clue_search,00,14,0,15,0,0,0,0,28,14,14,28,0,0,collision_intent:14;state:14,86,0,completed
109,dcta_parity_v1,topk_filter,aa0724188407797eae5187348bee11ee9f51317c4e8a201863b052786aa2f1df,823213c90703fd83224ad7122ee730ba64af3769ea517af252103bddd907f681,DMCHBA,ideal,1.0,19,361,4,0.1,36,,,dmchba_topk_10,/home/agxorin/topk_filter_study/simulator/scenarios/final_trial_500.csv,clue_search,01,14,0,15,0,0,0,0,28,14,14,28,0,0,collision_intent:14;state:14,86,0,completed
109,dcta_parity_v1,topk_filter,aa0724188407797eae5187348bee11ee9f51317c4e8a201863b052786aa2f1df,823213c90703fd83224ad7122ee730ba64af3769ea517af252103bddd907f681,DMCHBA,ideal,1.0,19,361,4,0.1,36,,,dmchba_topk_10,/home/agxorin/topk_filter_study/simulator/scenarios/final_trial_500.csv,clue_search,02,15,0,16,0,0,0,0,31,16,15,31,0,0,collision_intent:15;state:15;target:1,84,0,completed
109,dcta_parity_v1,topk_filter,aa0724188407797eae5187348bee11ee9f51317c4e8a201863b052786aa2f1df,823213c90703fd83224ad7122ee730ba64af3769ea517af252103bddd907f681,DMCHBA,ideal,1.0,19,361,4,0.1,36,,,dmchba_topk_10,/home/agxorin/topk_filter_study/simulator/scenarios/final_trial_500.csv,clue_search,03,14,0,15,0,0,0,0,28,14,14,28,0,0,collision_intent:14;state:14,86,0,completed
110,dcta_parity_v1,topk_filter,aa0724188407797eae5187348bee11ee9f51317c4e8a201863b052786aa2f1df,823213c90703fd83224ad7122ee730ba64af3769ea517af252103bddd907f681,DMCHBA,ideal,1.0,19,361,4,0.1,36,,,dmchba_topk_10,/home/agxorin/topk_filter_study/simulator/scenarios/final_trial_500.csv,clue_search,00,29,17,30,0,0,0,0,60,29,31,60,0,36,clue:2;collision_intent:29;state:29,185,0,completed
110,dcta_parity_v1,topk_filter,aa0724188407797eae5187348bee11ee9f51317c4e8a201863b052786aa2f1df,823213c90703fd83224ad7122ee730ba64af3769ea517af252103bddd907f681,DMCHBA,ideal,1.0,19,361,4,0.1,36,,,dmchba_topk_10,/home/agxorin/topk_filter_study/simulator/scenarios/final_trial_500.csv,clue_search,01,29,18,23,7,0,0,0,60,29,31,60,0,38,clue:2;collision_intent:29;state:29,187,0,completed
110,dcta_parity_v1,topk_filter,aa0724188407797eae5187348bee11ee9f51317c4e8a201863b052786aa2f1df,823213c90703fd83224ad7122ee730ba64af3769ea517af252103bddd907f681,DMCHBA,ideal,1.0,19,361,4,0.1,36,,,dmchba_topk_10,/home/agxorin/topk_filter_study/simulator/scenarios/final_trial_500.csv,clue_search,02,31,19,32,0,0,0,0,65,32,33,65,0,41,clue:2;collision_intent:31;state:31;target:1,182,0,completed
110,dcta_parity_v1,topk_filter,aa0724188407797eae5187348bee11ee9f51317c4e8a201863b052786aa2f1df,823213c90703fd83224ad7122ee730ba64af3769ea517af252103bddd907f681,DMCHBA,ideal,1.0,19,361,4,0.1,36,,,dmchba_topk_10,/home/agxorin/topk_filter_study/simulator/scenarios/final_trial_500.csv,clue_search,03,30,19,29,2,0,0,0,62,30,32,62,0,40,clue:2;collision_intent:30;state:30,183,0,completed
111,dcta_parity_v1,topk_filter,aa0724188407797eae5187348bee11ee9f51317c4e8a201863b052786aa2f1df,823213c90703fd83224ad7122ee730ba64af3769ea517af252103bddd907f681,DMCHBA,ideal,1.0,19,361,4,0.1,36,,,dmchba_topk_10,/home/agxorin/topk_filter_study/simulator/scenarios/final_trial_500.csv,clue_search,00,9,8,10,0,0,0,0,19,9,10,19,0,16,clue:1;collision_intent:9;state:9,55,0,completed
111,dcta_parity_v1,topk_filter,aa0724188407797eae5187348bee11ee9f51317c4e8a201863b052786aa2f1df,823213c90703fd83224ad7122ee730ba64af3769ea517af252103bddd907f681,DMCHBA,ideal,1.0,19,361,4,0.1,36,,,dmchba_topk_10,/home/agxorin/topk_filter_study/simulator/scenarios/final_trial_500.csv,clue_search,01,9,8,8,2,0,0,0,19,9,10,19,0,17,clue:1;collision_intent:9;state:9,55,0,completed
111,dcta_parity_v1,topk_filter,aa0724188407797eae5187348bee11ee9f51317c4e8a201863b052786aa2f1df,823213c90703fd83224ad7122ee730ba64af3769ea517af252103bddd907f681,DMCHBA,ideal,1.0,19,361,4,0.1,36,,,dmchba_topk_10,/home/agxorin/topk_filter_study/simulator/scenarios/final_trial_500.csv,clue_search,02,8,6,9,0,0,0,0,17,8,9,17,0,13,clue:1;collision_intent:8;state:8,57,0,completed
111,dcta_parity_v1,topk_filter,aa0724188407797eae5187348bee11ee9f51317c4e8a201863b052786aa2f1df,823213c90703fd83224ad7122ee730ba64af3769ea517af252103bddd907f681,DMCHBA,ideal,1.0,19,361,4,0.1,36,,,dmchba_topk_10,/home/agxorin/topk_filter_study/simulator/scenarios/final_trial_500.csv,clue_search,03,9,8,10,0,0,0,0,20,10,10,20,0,17,clue:1;collision_intent:9;state:9;target:1,55,0,completed
112,dcta_parity_v1,topk_filter,aa0724188407797eae5187348bee11ee9f51317c4e8a201863b052786aa2f1df,823213c90703fd83224ad7122ee730ba64af3769ea517af252103bddd907f681,DMCHBA,ideal,1.0,19,361,4,0.1,36,,,dmchba_topk_10,/home/agxorin/topk_filter_study/simulator/scenarios/final_trial_500.csv,clue_search,00,5,5,6,0,0,0,0,11,5,6,11,0,11,clue:1;collision_intent:5;state:5,33,0,completed
112,dcta_parity_v1,topk_filter,aa0724188407797eae5187348bee11ee9f51317c4e8a201863b052786aa2f1df,823213c90703fd83224ad7122ee730ba64af3769ea517af252103bddd907f681,DMCHBA,ideal,1.0,19,361,4,0.1,36,,,dmchba_topk_10,/home/agxorin/topk_filter_study/simulator/scenarios/final_trial_500.csv,clue_search,01,5,5,5,1,0,0,0,11,5,6,11,0,11,clue:1;collision_intent:5;state:5,33,0,completed
112,dcta_parity_v1,topk_filter,aa0724188407797eae5187348bee11ee9f51317c4e8a201863b052786aa2f1df,823213c90703fd83224ad7122ee730ba64af3769ea517af252103bddd907f681,DMCHBA,ideal,1.0,19,361,4,0.1,36,,,dmchba_topk_10,/home/agxorin/topk_filter_study/simulator/scenarios/final_trial_500.csv,clue_search,02,5,5,6,0,0,0,0,12,6,6,12,0,12,clue:1;collision_intent:5;state:5;target:1,33,0,completed
112,dcta_parity_v1,topk_filter,aa0724188407797eae5187348bee11ee9f51317c4e8a201863b052786aa2f1df,823213c90703fd83224ad7122ee730ba64af3769ea517af252103bddd907f681,DMCHBA,ideal,1.0,19,361,4,0.1,36,,,dmchba_topk_10,/home/agxorin/topk_filter_study/simulator/scenarios/final_trial_500.csv,clue_search,03,5,5,6,0,0,0,0,11,5,6,11,0,11,clue:1;collision_intent:5;state:5,33,0,completed
113,dcta_parity_v1,topk_filter,aa0724188407797eae5187348bee11ee9f51317c4e8a201863b052786aa2f1df,823213c90703fd83224ad7122ee730ba64af3769ea517af252103bddd907f681,DMCHBA,ideal,1.0,19,361,4,0.1,36,,,dmchba_topk_10,/home/agxorin/topk_filter_study/simulator/scenarios/final_trial_500.csv,clue_search,00,4,2,5,0,0,0,0,10,5,5,10,0,6,clue:1;collision_intent:5;state:4,31,0,completed
113,dcta_parity_v1,topk_filter,aa0724188407797eae5187348bee11ee9f51317c4e8a201863b052786aa2f1df,823213c90703fd83224ad7122ee730ba64af3769ea517af252103bddd907f681,DMCHBA,ideal,1.0,19,361,4,0.1,36,,,dmchba_topk_10,/home/agxorin/topk_filter_study/simulator/scenarios/final_trial_500.csv,clue_search,01,4,2,5,0,0,0,0,9,4,5,9,0,5,clue:1;collision_intent:4;state:4,30,0,completed
113,dcta_parity_v1,topk_filter,aa0724188407797eae5187348bee11ee9f51317c4e8a201863b052786aa2f1df,823213c90703fd83224ad7122ee730ba64af3769ea517af252103bddd907f681,DMCHBA,ideal,1.0,19,361,4,0.1,36,,,dmchba_topk_10,/home/agxorin/topk_filter_study/simulator/scenarios/final_trial_500.csv,clue_search,02,4,2,5,0,0,0,0,10,5,5,10,0,6,clue:1;collision_intent:5;state:4,31,0,completed
113,dcta_parity_v1,topk_filter,aa0724188407797eae5187348bee11ee9f51317c4e8a201863b052786aa2f1df,823213c90703fd83224ad7122ee730ba64af3769ea517af252103bddd907f681,DMCHBA,ideal,1.0,19,361,4,0.1,36,,,dmchba_topk_10,/home/agxorin/topk_filter_study/simulator/scenarios/final_trial_500.csv,clue_search,03,5,3,6,0,0,0,0,12,6,6,12,0,8,clue:1;collision_intent:5;state:5;target:1,29,0,completed
114,dcta_parity_v1,topk_filter,aa0724188407797eae5187348bee11ee9f51317c4e8a201863b052786aa2f1df,823213c90703fd83224ad7122ee730ba64af3769ea517af252103bddd907f681,DMCHBA,ideal,1.0,19,361,4,0.1,36,,,dmchba_topk_10,/home/agxorin/topk_filter_study/simulator/scenarios/final_trial_500.csv,clue_search,00,80,38,71,10,0,0,0,161,80,81,161,0,77,clue:1;collision_intent:80;state:80,487,0,completed
114,dcta_parity_v1,topk_filter,aa0724188407797eae5187348bee11ee9f51317c4e8a201863b052786aa2f1df,823213c90703fd83224ad7122ee730ba64af3769ea517af252103bddd907f681,DMCHBA,ideal,1.0,19,361,4,0.1,36,,,dmchba_topk_10,/home/agxorin/topk_filter_study/simulator/scenarios/final_trial_500.csv,clue_search,01,81,39,62,20,0,1,1,165,83,82,165,0,81,clue:1;collision_intent:82;state:81;target:1,484,0,completed
114,dcta_parity_v1,topk_filter,aa0724188407797eae5187348bee11ee9f51317c4e8a201863b052786aa2f1df,823213c90703fd83224ad7122ee730ba64af3769ea517af252103bddd907f681,DMCHBA,ideal,1.0,19,361,4,0.1,36,,,dmchba_topk_10,/home/agxorin/topk_filter_study/simulator/scenarios/final_trial_500.csv,clue_search,02,79,37,73,7,0,0,0,159,79,80,159,0,75,clue:1;collision_intent:79;state:79,489,0,completed
114,dcta_parity_v1,topk_filter,aa0724188407797eae5187348bee11ee9f51317c4e8a201863b052786aa2f1df,823213c90703fd83224ad7122ee730ba64af3769ea517af252103bddd907f681,DMCHBA,ideal,1.0,19,361,4,0.1,36,,,dmchba_topk_10,/home/agxorin/topk_filter_study/simulator/scenarios/final_trial_500.csv,clue_search,03,80,38,60,21,0,3,3,164,83,81,164,0,80,clue:1;collision_intent:83;state:80,483,0,completed
115,dcta_parity_v1,topk_filter,aa0724188407797eae5187348bee11ee9f51317c4e8a201863b052786aa2f1df,823213c90703fd83224ad7122ee730ba64af3769ea517af252103bddd907f681,DMCHBA,ideal,1.0,19,361,4,0.1,36,,,dmchba_topk_10,/home/agxorin/topk_filter_study/simulator/scenarios/final_trial_500.csv,clue_search,00,69,63,48,22,0,0,0,139,69,70,139,0,127,clue:1;collision_intent:69;state:69,414,0,completed
115,dcta_parity_v1,topk_filter,aa0724188407797eae5187348bee11ee9f51317c4e8a201863b052786aa2f1df,823213c90703fd83224ad7122ee730ba64af3769ea517af252103bddd907f681,DMCHBA,ideal,1.0,19,361,4,0.1,36,,,dmchba_topk_10,/home/agxorin/topk_filter_study/simulator/scenarios/final_trial_500.csv,clue_search,01,69,63,70,0,0,0,0,140,70,70,140,0,128,clue:1;collision_intent:69;state:69;target:1,414,0,completed
115,dcta_parity_v1,topk_filter,aa0724188407797eae5187348bee11ee9f51317c4e8a201863b052786aa2f1df,823213c90703fd83224ad7122ee730ba64af3769ea517af252103bddd907f681,DMCHBA,ideal,1.0,19,361,4,0.1,36,,,dmchba_topk_10,/home/agxorin/topk_filter_study/simulator/scenarios/final_trial_500.csv,clue_search,02,67,61,51,17,0,3,2,138,70,68,138,0,126,clue:1;collision_intent:70;state:67,415,0,completed
115,dcta_parity_v1,topk_filter,aa0724188407797eae5187348bee11ee9f51317c4e8a201863b052786aa2f1df,823213c90703fd83224ad7122ee730ba64af3769ea517af252103bddd907f681,DMCHBA,ideal,1.0,19,361,4,0.1,36,,,dmchba_topk_10,/home/agxorin/topk_filter_study/simulator/scenarios/final_trial_500.csv,clue_search,03,68,63,65,4,0,0,0,137,68,69,137,0,127,clue:1;collision_intent:68;state:68,416,0,completed
116,dcta_parity_v1,topk_filter,aa0724188407797eae5187348bee11ee9f51317c4e8a201863b052786aa2f1df,823213c90703fd83224ad7122ee730ba64af3769ea517af252103bddd907f681,DMCHBA,ideal,1.0,19,361,4,0.1,36,,,dmchba_topk_10,/home/agxorin/topk_filter_study/simulator/scenarios/final_trial_500.csv,clue_search,00,62,15,63,0,0,0,0,127,63,64,127,0,33,clue:2;collision_intent:62;state:62;target:1,374,0,completed
116,dcta_parity_v1,topk_filter,aa0724188407797eae5187348bee11ee9f51317c4e8a201863b052786aa2f1df,823213c90703fd83224ad7122ee730ba64af3769ea517af252103bddd907f681,DMCHBA,ideal,1.0,19,361,4,0.1,36,,,dmchba_topk_10,/home/agxorin/topk_filter_study/simulator/scenarios/final_trial_500.csv,clue_search,01,61,14,62,0,0,0,0,124,61,63,124,0,30,clue:2;collision_intent:61;state:61,376,0,completed
116,dcta_parity_v1,topk_filter,aa0724188407797eae5187348bee11ee9f51317c4e8a201863b052786aa2f1df,823213c90703fd83224ad7122ee730ba64af3769ea517af252103bddd907f681,DMCHBA,ideal,1.0,19,361,4,0.1,36,,,dmchba_topk_10,/home/agxorin/topk_filter_study/simulator/scenarios/final_trial_500.csv,clue_search,02,61,15,59,3,0,0,0,124,61,63,124,0,32,clue:2;collision_intent:61;state:61,376,0,completed
116,dcta_parity_v1,topk_filter,aa0724188407797eae5187348bee11ee9f51317c4e8a201863b052786aa2f1df,823213c90703fd83224ad7122ee730ba64af3769ea517af252103bddd907f681,DMCHBA,ideal,1.0,19,361,4,0.1,36,,,dmchba_topk_10,/home/agxorin/topk_filter_study/simulator/scenarios/final_trial_500.csv,clue_search,03,62,15,56,7,0,0,0,126,62,64,126,0,32,clue:2;collision_intent:62;state:62,373,0,completed
117,dcta_parity_v1,topk_filter,aa0724188407797eae5187348bee11ee9f51317c4e8a201863b052786aa2f1df,823213c90703fd83224ad7122ee730ba64af3769ea517af252103bddd907f681,DMCHBA,ideal,1.0,19,361,4,0.1,36,,,dmchba_topk_10,/home/agxorin/topk_filter_study/simulator/scenarios/final_trial_500.csv,clue_search,00,65,32,54,12,0,0,0,131,65,66,131,0,65,clue:1;collision_intent:65;state:65,394,0,completed
117,dcta_parity_v1,topk_filter,aa0724188407797eae5187348bee11ee9f51317c4e8a201863b052786aa2f1df,823213c90703fd83224ad7122ee730ba64af3769ea517af252103bddd907f681,DMCHBA,ideal,1.0,19,361,4,0.1,36,,,dmchba_topk_10,/home/agxorin/topk_filter_study/simulator/scenarios/final_trial_500.csv,clue_search,01,65,33,64,2,0,0,0,132,66,66,132,0,68,clue:1;collision_intent:65;state:65;target:1,395,0,completed
117,dcta_parity_v1,topk_filter,aa0724188407797eae5187348bee11ee9f51317c4e8a201863b052786aa2f1df,823213c90703fd83224ad7122ee730ba64af3769ea517af252103bddd907f681,DMCHBA,ideal,1.0,19,361,4,0.1,36,,,dmchba_topk_10,/home/agxorin/topk_filter_study/simulator/scenarios/final_trial_500.csv,clue_search,02,65,32,58,8,0,0,0,131,65,66,131,0,65,clue:1;collision_intent:65;state:65,394,0,completed
117,dcta_parity_v1,topk_filter,aa0724188407797eae5187348bee11ee9f51317c4e8a201863b052786aa2f1df,823213c90703fd83224ad7122ee730ba64af3769ea517af252103bddd907f681,DMCHBA,ideal,1.0,19,361,4,0.1,36,,,dmchba_topk_10,/home/agxorin/topk_filter_study/simulator/scenarios/final_trial_500.csv,clue_search,03,66,33,62,5,0,0,0,133,66,67,133,0,67,clue:1;collision_intent:66;state:66,393,0,completed
118,dcta_parity_v1,topk_filter,aa0724188407797eae5187348bee11ee9f51317c4e8a201863b052786aa2f1df,823213c90703fd83224ad7122ee730ba64af3769ea517af252103bddd907f681,DMCHBA,ideal,1.0,19,361,4,0.1,36,,,dmchba_topk_10,/home/agxorin/topk_filter_study/simulator/scenarios/final_trial_500.csv,clue_search,00,75,68,74,2,0,0,0,154,75,79,154,0,140,clue:4;collision_intent:75;state:75,470,0,completed
118,dcta_parity_v1,topk_filter,aa0724188407797eae5187348bee11ee9f51317c4e8a201863b052786aa2f1df,823213c90703fd83224ad7122ee730ba64af3769ea517af252103bddd907f681,DMCHBA,ideal,1.0,19,361,4,0.1,36,,,dmchba_topk_10,/home/agxorin/topk_filter_study/simulator/scenarios/final_trial_500.csv,clue_search,01,75,68,52,24,0,1,1,156,77,79,156,0,142,clue:4;collision_intent:77;state:75,469,0,completed
118,dcta_parity_v1,topk_filter,aa0724188407797eae5187348bee11ee9f51317c4e8a201863b052786aa2f1df,823213c90703fd83224ad7122ee730ba64af3769ea517af252103bddd907f681,DMCHBA,ideal,1.0,19,361,4,0.1,36,,,dmchba_topk_10,/home/agxorin/topk_filter_study/simulator/scenarios/final_trial_500.csv,clue_search,02,77,70,57,21,0,0,0,158,77,81,158,0,144,clue:4;collision_intent:77;state:77,468,0,completed
118,dcta_parity_v1,topk_filter,aa0724188407797eae5187348bee11ee9f51317c4e8a201863b052786aa2f1df,823213c90703fd83224ad7122ee730ba64af3769ea517af252103bddd907f681,DMCHBA,ideal,1.0,19,361,4,0.1,36,,,dmchba_topk_10,/home/agxorin/topk_filter_study/simulator/scenarios/final_trial_500.csv,clue_search,03,74,68,58,17,0,5,5,158,80,78,158,0,146,clue:4;collision_intent:79;state:74;target:1,468,0,completed
119,dcta_parity_v1,topk_filter,aa0724188407797eae5187348bee11ee9f51317c4e8a201863b052786aa2f1df,823213c90703fd83224ad7122ee730ba64af3769ea517af252103bddd907f681,DMCHBA,ideal,1.0,19,361,4,0.1,36,,,dmchba_topk_10,/home/agxorin/topk_filter_study/simulator/scenarios/final_trial_500.csv,clue_search,00,80,71,63,18,0,0,0,163,80,83,163,0,145,clue:3;collision_intent:80;state:80,480,0,completed
119,dcta_parity_v1,topk_filter,aa0724188407797eae5187348bee11ee9f51317c4e8a201863b052786aa2f1df,823213c90703fd83224ad7122ee730ba64af3769ea517af252103bddd907f681,DMCHBA,ideal,1.0,19,361,4,0.1,36,,,dmchba_topk_10,/home/agxorin/topk_filter_study/simulator/scenarios/final_trial_500.csv,clue_search,01,80,71,77,4,0,0,0,163,80,83,163,0,145,clue:3;collision_intent:80;state:80,480,0,completed
119,dcta_parity_v1,topk_filter,aa0724188407797eae5187348bee11ee9f51317c4e8a201863b052786aa2f1df,823213c90703fd83224ad7122ee730ba64af3769ea517af252103bddd907f681,DMCHBA,ideal,1.0,19,361,4,0.1,36,,,dmchba_topk_10,/home/agxorin/topk_filter_study/simulator/scenarios/final_trial_500.csv,clue_search,02,77,67,73,5,0,0,0,158,78,80,158,0,138,clue:3;collision_intent:77;state:77;target:1,486,0,completed
119,dcta_parity_v1,topk_filter,aa0724188407797eae5187348bee11ee9f51317c4e8a201863b052786aa2f1df,823213c90703fd83224ad7122ee730ba64af3769ea517af252103bddd907f681,DMCHBA,ideal,1.0,19,361,4,0.1,36,,,dmchba_topk_10,/home/agxorin/topk_filter_study/simulator/scenarios/final_trial_500.csv,clue_search,03,78,69,68,11,0,1,1,160,79,81,160,0,142,clue:3;collision_intent:79;state:78,483,0,completed
120,dcta_parity_v1,topk_filter,aa0724188407797eae5187348bee11ee9f51317c4e8a201863b052786aa2f1df,823213c90703fd83224ad7122ee730ba64af3769ea517af252103bddd907f681,DMCHBA,ideal,1.0,19,361,4,0.1,36,,,dmchba_topk_10,/home/agxorin/topk_filter_study/simulator/scenarios/final_trial_500.csv,clue_search,00,1,0,2,0,0,0,0,2,1,1,2,0,0,collision_intent:1;state:1,6,0,completed
120,dcta_parity_v1,topk_filter,aa0724188407797eae5187348bee11ee9f51317c4e8a201863b052786aa2f1df,823213c90703fd83224ad7122ee730ba64af3769ea517af252103bddd907f681,DMCHBA,ideal,1.0,19,361,4,0.1,36,,,dmchba_topk_10,/home/agxorin/topk_filter_study/simulator/scenarios/final_trial_500.csv,clue_search,01,1,0,2,0,0,0,0,3,2,1,3,0,0,collision_intent:1;state:1;target:1,6,0,completed
120,dcta_parity_v1,topk_filter,aa0724188407797eae5187348bee11ee9f51317c4e8a201863b052786aa2f1df,823213c90703fd83224ad7122ee730ba64af3769ea517af252103bddd907f681,DMCHBA,ideal,1.0,19,361,4,0.1,36,,,dmchba_topk_10,/home/agxorin/topk_filter_study/simulator/scenarios/final_trial_500.csv,clue_search,02,1,0,2,0,0,0,0,2,1,1,2,0,0,collision_intent:1;state:1,5,0,completed
120,dcta_parity_v1,topk_filter,aa0724188407797eae5187348bee11ee9f51317c4e8a201863b052786aa2f1df,823213c90703fd83224ad7122ee730ba64af3769ea517af252103bddd907f681,DMCHBA,ideal,1.0,19,361,4,0.1,36,,,dmchba_topk_10,/home/agxorin/topk_filter_study/simulator/scenarios/final_trial_500.csv,clue_search,03,1,0,2,0,0,0,0,2,1,1,2,0,0,collision_intent:1;state:1,7,0,completed
121,dcta_parity_v1,topk_filter,aa0724188407797eae5187348bee11ee9f51317c4e8a201863b052786aa2f1df,823213c90703fd83224ad7122ee730ba64af3769ea517af252103bddd907f681,DMCHBA,ideal,1.0,19,361,4,0.1,36,,,dmchba_topk_10,/home/agxorin/topk_filter_study/simulator/scenarios/final_trial_500.csv,clue_search,00,9,0,10,0,0,0,0,18,9,9,18,0,0,collision_intent:9;state:9,56,0,completed
121,dcta_parity_v1,topk_filter,aa0724188407797eae5187348bee11ee9f51317c4e8a201863b052786aa2f1df,823213c90703fd83224ad7122ee730ba64af3769ea517af252103bddd907f681,DMCHBA,ideal,1.0,19,361,4,0.1,36,,,dmchba_topk_10,/home/agxorin/topk_filter_study/simulator/scenarios/final_trial_500.csv,clue_search,01,9,0,10,0,0,0,0,18,9,9,18,0,0,collision_intent:9;state:9,57,0,completed
121,dcta_parity_v1,topk_filter,aa0724188407797eae5187348bee11ee9f51317c4e8a201863b052786aa2f1df,823213c90703fd83224ad7122ee730ba64af3769ea517af252103bddd907f681,DMCHBA,ideal,1.0,19,361,4,0.1,36,,,dmchba_topk_10,/home/agxorin/topk_filter_study/simulator/scenarios/final_trial_500.csv,clue_search,02,10,0,11,0,0,0,0,21,11,10,21,0,0,collision_intent:10;state:10;target:1,54,0,completed
121,dcta_parity_v1,topk_filter,aa0724188407797eae5187348bee11ee9f51317c4e8a201863b052786aa2f1df,823213c90703fd83224ad7122ee730ba64af3769ea517af252103bddd907f681,DMCHBA,ideal,1.0,19,361,4,0.1,36,,,dmchba_topk_10,/home/agxorin/topk_filter_study/simulator/scenarios/final_trial_500.csv,clue_search,03,9,0,10,0,0,0,0,18,9,9,18,0,0,collision_intent:9;state:9,55,0,completed
122,dcta_parity_v1,topk_filter,aa0724188407797eae5187348bee11ee9f51317c4e8a201863b052786aa2f1df,823213c90703fd83224ad7122ee730ba64af3769ea517af252103bddd907f681,DMCHBA,ideal,1.0,19,361,4,0.1,36,,,dmchba_topk_10,/home/agxorin/topk_filter_study/simulator/scenarios/final_trial_500.csv,clue_search,00,96,63,74,23,0,2,2,198,98,100,198,0,132,clue:4;collision_intent:98;state:96,588,0,completed
122,dcta_parity_v1,topk_filter,aa0724188407797eae5187348bee11ee9f51317c4e8a201863b052786aa2f1df,823213c90703fd83224ad7122ee730ba64af3769ea517af252103bddd907f681,DMCHBA,ideal,1.0,19,361,4,0.1,36,,,dmchba_topk_10,/home/agxorin/topk_filter_study/simulator/scenarios/final_trial_500.csv,clue_search,01,96,64,79,18,0,0,0,196,96,100,196,0,132,clue:4;collision_intent:96;state:96,591,0,completed
122,dcta_parity_v1,topk_filter,aa0724188407797eae5187348bee11ee9f51317c4e8a201863b052786aa2f1df,823213c90703fd83224ad7122ee730ba64af3769ea517af252103bddd907f681,DMCHBA,ideal,1.0,19,361,4,0.1,36,,,dmchba_topk_10,/home/agxorin/topk_filter_study/simulator/scenarios/final_trial_500.csv,clue_search,02,95,63,82,14,0,0,0,194,95,99,194,0,130,clue:4;collision_intent:95;state:95,593,0,completed
122,dcta_parity_v1,topk_filter,aa0724188407797eae5187348bee11ee9f51317c4e8a201863b052786aa2f1df,823213c90703fd83224ad7122ee730ba64af3769ea517af252103bddd907f681,DMCHBA,ideal,1.0,19,361,4,0.1,36,,,dmchba_topk_10,/home/agxorin/topk_filter_study/simulator/scenarios/final_trial_500.csv,clue_search,03,96,65,79,18,1,2,1,200,100,100,200,0,137,clue:4;collision_intent:99;state:96;target:1,588,0,completed
123,dcta_parity_v1,topk_filter,aa0724188407797eae5187348bee11ee9f51317c4e8a201863b052786aa2f1df,823213c90703fd83224ad7122ee730ba64af3769ea517af252103bddd907f681,DMCHBA,ideal,1.0,19,361,4,0.1,36,,,dmchba_topk_10,/home/agxorin/topk_filter_study/simulator/scenarios/final_trial_500.csv,clue_search,00,63,34,58,6,0,0,0,128,63,65,128,0,70,clue:2;collision_intent:63;state:63,385,0,completed
123,dcta_parity_v1,topk_filter,aa0724188407797eae5187348bee11ee9f51317c4e8a201863b052786aa2f1df,823213c90703fd83224ad7122ee730ba64af3769ea517af252103bddd907f681,DMCHBA,ideal,1.0,19,361,4,0.1,36,,,dmchba_topk_10,/home/agxorin/topk_filter_study/simulator/scenarios/final_trial_500.csv,clue_search,01,63,34,53,11,0,0,0,129,64,65,129,0,71,clue:2;collision_intent:63;state:63;target:1,384,0,completed
123,dcta_parity_v1,topk_filter,aa0724188407797eae5187348bee11ee9f51317c4e8a201863b052786aa2f1df,823213c90703fd83224ad7122ee730ba64af3769ea517af252103bddd907f681,DMCHBA,ideal,1.0,19,361,4,0.1,36,,,dmchba_topk_10,/home/agxorin/topk_filter_study/simulator/scenarios/final_trial_500.csv,clue_search,02,64,34,59,6,0,0,0,130,64,66,130,0,70,clue:2;collision_intent:64;state:64,383,0,completed
123,dcta_parity_v1,topk_filter,aa0724188407797eae5187348bee11ee9f51317c4e8a201863b052786aa2f1df,823213c90703fd83224ad7122ee730ba64af3769ea517af252103bddd907f681,DMCHBA,ideal,1.0,19,361,4,0.1,36,,,dmchba_topk_10,/home/agxorin/topk_filter_study/simulator/scenarios/final_trial_500.csv,clue_search,03,62,33,60,3,0,0,0,126,62,64,126,0,68,clue:2;collision_intent:62;state:62,385,0,completed
124,dcta_parity_v1,topk_filter,aa0724188407797eae5187348bee11ee9f51317c4e8a201863b052786aa2f1df,823213c90703fd83224ad7122ee730ba64af3769ea517af252103bddd907f681,DMCHBA,ideal,1.0,19,361,4,0.1,36,,,dmchba_topk_10,/home/agxorin/topk_filter_study/simulator/scenarios/final_trial_500.csv,clue_search,00,33,29,30,4,0,0,0,69,33,36,69,0,61,clue:3;collision_intent:33;state:33,206,0,completed
124,dcta_parity_v1,topk_filter,aa0724188407797eae5187348bee11ee9f51317c4e8a201863b052786aa2f1df,823213c90703fd83224ad7122ee730ba64af3769ea517af252103bddd907f681,DMCHBA,ideal,1.0,19,361,4,0.1,36,,,dmchba_topk_10,/home/agxorin/topk_filter_study/simulator/scenarios/final_trial_500.csv,clue_search,01,32,28,29,4,0,1,1,68,33,35,68,0,60,clue:3;collision_intent:33;state:32,206,0,completed
124,dcta_parity_v1,topk_filter,aa0724188407797eae5187348bee11ee9f51317c4e8a201863b052786aa2f1df,823213c90703fd83224ad7122ee730ba64af3769ea517af252103bddd907f681,DMCHBA,ideal,1.0,19,361,4,0.1,36,,,dmchba_topk_10,/home/agxorin/topk_filter_study/simulator/scenarios/final_trial_500.csv,clue_search,02,33,29,33,1,0,0,0,69,33,36,69,0,61,clue:3;collision_intent:33;state:33,205,0,completed
124,dcta_parity_v1,topk_filter,aa0724188407797eae5187348bee11ee9f51317c4e8a201863b052786aa2f1df,823213c90703fd83224ad7122ee730ba64af3769ea517af252103bddd907f681,DMCHBA,ideal,1.0,19,361,4,0.1,36,,,dmchba_topk_10,/home/agxorin/topk_filter_study/simulator/scenarios/final_trial_500.csv,clue_search,03,32,28,27,6,0,1,1,69,34,35,69,0,61,clue:3;collision_intent:33;state:32;target:1,206,0,completed
125,dcta_parity_v1,topk_filter,aa0724188407797eae5187348bee11ee9f51317c4e8a201863b052786aa2f1df,823213c90703fd83224ad7122ee730ba64af3769ea517af252103bddd907f681,DMCHBA,ideal,1.0,19,361,4,0.1,36,,,dmchba_topk_10,/home/agxorin/topk_filter_study/simulator/scenarios/final_trial_500.csv,clue_search,00,8,8,9,0,0,0,0,18,9,9,18,0,17,clue:1;collision_intent:8;state:8;target:1,45,0,completed
125,dcta_parity_v1,topk_filter,aa0724188407797eae5187348bee11ee9f51317c4e8a201863b052786aa2f1df,823213c90703fd83224ad7122ee730ba64af3769ea517af252103bddd907f681,DMCHBA,ideal,1.0,19,361,4,0.1,36,,,dmchba_topk_10,/home/agxorin/topk_filter_study/simulator/scenarios/final_trial_500.csv,clue_search,01,7,7,7,1,0,0,0,15,7,8,15,0,14,clue:1;collision_intent:7;state:7,47,0,completed
125,dcta_parity_v1,topk_filter,aa0724188407797eae5187348bee11ee9f51317c4e8a201863b052786aa2f1df,823213c90703fd83224ad7122ee730ba64af3769ea517af252103bddd907f681,DMCHBA,ideal,1.0,19,361,4,0.1,36,,,dmchba_topk_10,/home/agxorin/topk_filter_study/simulator/scenarios/final_trial_500.csv,clue_search,02,7,6,7,1,0,0,0,15,7,8,15,0,13,clue:1;collision_intent:7;state:7,48,0,completed
125,dcta_parity_v1,topk_filter,aa0724188407797eae5187348bee11ee9f51317c4e8a201863b052786aa2f1df,823213c90703fd83224ad7122ee730ba64af3769ea517af252103bddd907f681,DMCHBA,ideal,1.0,19,361,4,0.1,36,,,dmchba_topk_10,/home/agxorin/topk_filter_study/simulator/scenarios/final_trial_500.csv,clue_search,03,7,7,8,0,0,0,0,15,7,8,15,0,14,clue:1;collision_intent:7;state:7,48,0,completed
126,dcta_parity_v1,topk_filter,aa0724188407797eae5187348bee11ee9f51317c4e8a201863b052786aa2f1df,823213c90703fd83224ad7122ee730ba64af3769ea517af252103bddd907f681,DMCHBA,ideal,1.0,19,361,4,0.1,36,,,dmchba_topk_10,/home/agxorin/topk_filter_study/simulator/scenarios/final_trial_500.csv,clue_search,00,79,47,67,13,0,0,0,162,80,82,162,0,98,clue:3;collision_intent:79;state:79;target:1,479,0,completed
126,dcta_parity_v1,topk_filter,aa0724188407797eae5187348bee11ee9f51317c4e8a201863b052786aa2f1df,823213c90703fd83224ad7122ee730ba64af3769ea517af252103bddd907f681,DMCHBA,ideal,1.0,19,361,4,0.1,36,,,dmchba_topk_10,/home/agxorin/topk_filter_study/simulator/scenarios/final_trial_500.csv,clue_search,01,79,48,65,15,0,0,0,161,79,82,161,0,99,clue:3;collision_intent:79;state:79,478,0,completed
126,dcta_parity_v1,topk_filter,aa0724188407797eae5187348bee11ee9f51317c4e8a201863b052786aa2f1df,823213c90703fd83224ad7122ee730ba64af3769ea517af252103bddd907f681,DMCHBA,ideal,1.0,19,361,4,0.1,36,,,dmchba_topk_10,/home/agxorin/topk_filter_study/simulator/scenarios/final_trial_500.csv,clue_search,02,78,46,66,13,0,0,0,159,78,81,159,0,95,clue:3;collision_intent:78;state:78,480,0,completed
126,dcta_parity_v1,topk_filter,aa0724188407797eae5187348bee11ee9f51317c4e8a201863b052786aa2f1df,823213c90703fd83224ad7122ee730ba64af3769ea517af252103bddd907f681,DMCHBA,ideal,1.0,19,361,4,0.1,36,,,dmchba_topk_10,/home/agxorin/topk_filter_study/simulator/scenarios/final_trial_500.csv,clue_search,03,78,46,69,10,0,0,0,159,78,81,159,0,95,clue:3;collision_intent:78;state:78,481,0,completed
127,dcta_parity_v1,topk_filter,aa0724188407797eae5187348bee11ee9f51317c4e8a201863b052786aa2f1df,823213c90703fd83224ad7122ee730ba64af3769ea517af252103bddd907f681,DMCHBA,ideal,1.0,19,361,4,0.1,36,,,dmchba_topk_10,/home/agxorin/topk_filter_study/simulator/scenarios/final_trial_500.csv,clue_search,00,39,3,40,0,0,0,0,80,39,41,80,0,8,clue:2;collision_intent:39;state:39,240,0,completed
127,dcta_parity_v1,topk_filter,aa0724188407797eae5187348bee11ee9f51317c4e8a201863b052786aa2f1df,823213c90703fd83224ad7122ee730ba64af3769ea517af252103bddd907f681,DMCHBA,ideal,1.0,19,361,4,0.1,36,,,dmchba_topk_10,/home/agxorin/topk_filter_study/simulator/scenarios/final_trial_500.csv,clue_search,01,39,3,40,0,0,0,0,80,39,41,80,0,8,clue:2;collision_intent:39;state:39,241,0,completed
127,dcta_parity_v1,topk_filter,aa0724188407797eae5187348bee11ee9f51317c4e8a201863b052786aa2f1df,823213c90703fd83224ad7122ee730ba64af3769ea517af252103bddd907f681,DMCHBA,ideal,1.0,19,361,4,0.1,36,,,dmchba_topk_10,/home/agxorin/topk_filter_study/simulator/scenarios/final_trial_500.csv,clue_search,02,39,3,40,0,0,0,0,81,40,41,81,0,9,clue:2;collision_intent:39;state:39;target:1,240,0,completed
127,dcta_parity_v1,topk_filter,aa0724188407797eae5187348bee11ee9f51317c4e8a201863b052786aa2f1df,823213c90703fd83224ad7122ee730ba64af3769ea517af252103bddd907f681,DMCHBA,ideal,1.0,19,361,4,0.1,36,,,dmchba_topk_10,/home/agxorin/topk_filter_study/simulator/scenarios/final_trial_500.csv,clue_search,03,39,3,40,0,0,0,0,80,39,41,80,0,8,clue:2;collision_intent:39;state:39,239,0,completed
128,dcta_parity_v1,topk_filter,aa0724188407797eae5187348bee11ee9f51317c4e8a201863b052786aa2f1df,823213c90703fd83224ad7122ee730ba64af3769ea517af252103bddd907f681,DMCHBA,ideal,1.0,19,361,4,0.1,36,,,dmchba_topk_10,/home/agxorin/topk_filter_study/simulator/scenarios/final_trial_500.csv,clue_search,00,5,0,6,0,0,0,0,11,6,5,11,0,0,collision_intent:5;state:5;target:1,24,0,completed
128,dcta_parity_v1,topk_filter,aa0724188407797eae5187348bee11ee9f51317c4e8a201863b052786aa2f1df,823213c90703fd83224ad7122ee730ba64af3769ea517af252103bddd907f681,DMCHBA,ideal,1.0,19,361,4,0.1,36,,,dmchba_topk_10,/home/agxorin/topk_filter_study/simulator/scenarios/final_trial_500.csv,clue_search,01,4,0,5,0,0,0,0,8,4,4,8,0,0,collision_intent:4;state:4,25,0,completed
128,dcta_parity_v1,topk_filter,aa0724188407797eae5187348bee11ee9f51317c4e8a201863b052786aa2f1df,823213c90703fd83224ad7122ee730ba64af3769ea517af252103bddd907f681,DMCHBA,ideal,1.0,19,361,4,0.1,36,,,dmchba_topk_10,/home/agxorin/topk_filter_study/simulator/scenarios/final_trial_500.csv,clue_search,02,4,0,5,0,0,0,0,8,4,4,8,0,0,collision_intent:4;state:4,27,0,completed
128,dcta_parity_v1,topk_filter,aa0724188407797eae5187348bee11ee9f51317c4e8a201863b052786aa2f1df,823213c90703fd83224ad7122ee730ba64af3769ea517af252103bddd907f681,DMCHBA,ideal,1.0,19,361,4,0.1,36,,,dmchba_topk_10,/home/agxorin/topk_filter_study/simulator/scenarios/final_trial_500.csv,clue_search,03,4,0,5,0,0,0,0,8,4,4,8,0,0,collision_intent:4;state:4,26,0,completed
129,dcta_parity_v1,topk_filter,aa0724188407797eae5187348bee11ee9f51317c4e8a201863b052786aa2f1df,823213c90703fd83224ad7122ee730ba64af3769ea517af252103bddd907f681,DMCHBA,ideal,1.0,19,361,4,0.1,36,,,dmchba_topk_10,/home/agxorin/topk_filter_study/simulator/scenarios/final_trial_500.csv,clue_search,00,41,7,42,0,0,0,0,86,42,44,86,0,18,clue:3;collision_intent:42;state:41,260,0,completed
129,dcta_parity_v1,topk_filter,aa0724188407797eae5187348bee11ee9f51317c4e8a201863b052786aa2f1df,823213c90703fd83224ad7122ee730ba64af3769ea517af252103bddd907f681,DMCHBA,ideal,1.0,19,361,4,0.1,36,,,dmchba_topk_10,/home/agxorin/topk_filter_study/simulator/scenarios/final_trial_500.csv,clue_search,01,42,8,42,1,0,0,0,88,43,45,88,0,20,clue:3;collision_intent:42;state:42;target:1,258,0,completed
129,dcta_parity_v1,topk_filter,aa0724188407797eae5187348bee11ee9f51317c4e8a201863b052786aa2f1df,823213c90703fd83224ad7122ee730ba64af3769ea517af252103bddd907f681,DMCHBA,ideal,1.0,19,361,4,0.1,36,,,dmchba_topk_10,/home/agxorin/topk_filter_study/simulator/scenarios/final_trial_500.csv,clue_search,02,42,9,40,3,0,0,0,87,42,45,87,0,20,clue:3;collision_intent:42;state:42,257,0,completed
129,dcta_parity_v1,topk_filter,aa0724188407797eae5187348bee11ee9f51317c4e8a201863b052786aa2f1df,823213c90703fd83224ad7122ee730ba64af3769ea517af252103bddd907f681,DMCHBA,ideal,1.0,19,361,4,0.1,36,,,dmchba_topk_10,/home/agxorin/topk_filter_study/simulator/scenarios/final_trial_500.csv,clue_search,03,41,8,41,1,0,0,0,85,41,44,85,0,19,clue:3;collision_intent:41;state:41,260,0,completed
130,dcta_parity_v1,topk_filter,aa0724188407797eae5187348bee11ee9f51317c4e8a201863b052786aa2f1df,823213c90703fd83224ad7122ee730ba64af3769ea517af252103bddd907f681,DMCHBA,ideal,1.0,19,361,4,0.1,36,,,dmchba_topk_10,/home/agxorin/topk_filter_study/simulator/scenarios/final_trial_500.csv,clue_search,00,24,15,25,0,0,0,0,50,24,26,50,0,32,clue:2;collision_intent:24;state:24,147,0,completed
130,dcta_parity_v1,topk_filter,aa0724188407797eae5187348bee11ee9f51317c4e8a201863b052786aa2f1df,823213c90703fd83224ad7122ee730ba64af3769ea517af252103bddd907f681,DMCHBA,ideal,1.0,19,361,4,0.1,36,,,dmchba_topk_10,/home/agxorin/topk_filter_study/simulator/scenarios/final_trial_500.csv,clue_search,01,22,14,20,3,0,0,0,46,22,24,46,0,30,clue:2;collision_intent:22;state:22,151,0,completed
130,dcta_parity_v1,topk_filter,aa0724188407797eae5187348bee11ee9f51317c4e8a201863b052786aa2f1df,823213c90703fd83224ad7122ee730ba64af3769ea517af252103bddd907f681,DMCHBA,ideal,1.0,19,361,4,0.1,36,,,dmchba_topk_10,/home/agxorin/topk_filter_study/simulator/scenarios/final_trial_500.csv,clue_search,02,22,13,21,2,0,5,2,53,29,24,53,0,35,clue:2;collision_intent:28;state:22;target:1,145,0,completed
130,dcta_parity_v1,topk_filter,aa0724188407797eae5187348bee11ee9f51317c4e8a201863b052786aa2f1df,823213c90703fd83224ad7122ee730ba64af3769ea517af252103bddd907f681,DMCHBA,ideal,1.0,19,361,4,0.1,36,,,dmchba_topk_10,/home/agxorin/topk_filter_study/simulator/scenarios/final_trial_500.csv,clue_search,03,23,14,20,4,0,1,1,49,24,25,49,0,31,clue:2;collision_intent:24;state:23,148,0,completed
131,dcta_parity_v1,topk_filter,aa0724188407797eae5187348bee11ee9f51317c4e8a201863b052786aa2f1df,823213c90703fd83224ad7122ee730ba64af3769ea517af252103bddd907f681,DMCHBA,ideal,1.0,19,361,4,0.1,36,,,dmchba_topk_10,/home/agxorin/topk_filter_study/simulator/scenarios/final_trial_500.csv,clue_search,00,34,15,31,4,0,0,0,70,34,36,70,0,32,clue:2;collision_intent:34;state:34,208,0,completed
131,dcta_parity_v1,topk_filter,aa0724188407797eae5187348bee11ee9f51317c4e8a201863b052786aa2f1df,823213c90703fd83224ad7122ee730ba64af3769ea517af252103bddd907f681,DMCHBA,ideal,1.0,19,361,4,0.1,36,,,dmchba_topk_10,/home/agxorin/topk_filter_study/simulator/scenarios/final_trial_500.csv,clue_search,01,34,16,33,2,0,0,0,71,35,36,71,0,35,clue:2;collision_intent:34;state:34;target:1,208,0,completed
131,dcta_parity_v1,topk_filter,aa0724188407797eae5187348bee11ee9f51317c4e8a201863b052786aa2f1df,823213c90703fd83224ad7122ee730ba64af3769ea517af252103bddd907f681,DMCHBA,ideal,1.0,19,361,4,0.1,36,,,dmchba_topk_10,/home/agxorin/topk_filter_study/simulator/scenarios/final_trial_500.csv,clue_search,02,33,14,34,0,0,0,0,68,33,35,68,0,30,clue:2;collision_intent:33;state:33,209,0,completed
131,dcta_parity_v1,topk_filter,aa0724188407797eae5187348bee11ee9f51317c4e8a201863b052786aa2f1df,823213c90703fd83224ad7122ee730ba64af3769ea517af252103bddd907f681,DMCHBA,ideal,1.0,19,361,4,0.1,36,,,dmchba_topk_10,/home/agxorin/topk_filter_study/simulator/scenarios/final_trial_500.csv,clue_search,03,34,15,35,0,0,0,0,70,34,36,70,0,32,clue:2;collision_intent:34;state:34,209,0,completed
132,dcta_parity_v1,topk_filter,aa0724188407797eae5187348bee11ee9f51317c4e8a201863b052786aa2f1df,823213c90703fd83224ad7122ee730ba64af3769ea517af252103bddd907f681,DMCHBA,ideal,1.0,19,361,4,0.1,36,,,dmchba_topk_10,/home/agxorin/topk_filter_study/simulator/scenarios/final_trial_500.csv,clue_search,00,51,21,49,3,0,0,0,104,51,53,104,0,44,clue:2;collision_intent:51;state:51,299,0,completed
132,dcta_parity_v1,topk_filter,aa0724188407797eae5187348bee11ee9f51317c4e8a201863b052786aa2f1df,823213c90703fd83224ad7122ee730ba64af3769ea517af252103bddd907f681,DMCHBA,ideal,1.0,19,361,4,0.1,36,,,dmchba_topk_10,/home/agxorin/topk_filter_study/simulator/scenarios/final_trial_500.csv,clue_search,01,50,20,47,4,0,0,0,102,50,52,102,0,42,clue:2;collision_intent:50;state:50,301,0,completed
132,dcta_parity_v1,topk_filter,aa0724188407797eae5187348bee11ee9f51317c4e8a201863b052786aa2f1df,823213c90703fd83224ad7122ee730ba64af3769ea517af252103bddd907f681,DMCHBA,ideal,1.0,19,361,4,0.1,36,,,dmchba_topk_10,/home/agxorin/topk_filter_study/simulator/scenarios/final_trial_500.csv,clue_search,02,49,19,45,5,0,0,0,100,49,51,100,0,40,clue:2;collision_intent:49;state:49,304,0,completed
132,dcta_parity_v1,topk_filter,aa0724188407797eae5187348bee11ee9f51317c4e8a201863b052786aa2f1df,823213c90703fd83224ad7122ee730ba64af3769ea517af252103bddd907f681,DMCHBA,ideal,1.0,19,361,4,0.1,36,,,dmchba_topk_10,/home/agxorin/topk_filter_study/simulator/scenarios/final_trial_500.csv,clue_search,03,48,18,49,0,0,0,0,99,49,50,99,0,39,clue:2;collision_intent:48;state:48;target:1,306,0,completed
133,dcta_parity_v1,topk_filter,aa0724188407797eae5187348bee11ee9f51317c4e8a201863b052786aa2f1df,823213c90703fd83224ad7122ee730ba64af3769ea517af252103bddd907f681,DMCHBA,ideal,1.0,19,361,4,0.1,36,,,dmchba_topk_10,/home/agxorin/topk_filter_study/simulator/scenarios/final_trial_500.csv,clue_search,00,67,57,56,12,0,2,1,140,69,71,140,0,120,clue:4;collision_intent:69;state:67,412,0,completed
133,dcta_parity_v1,topk_filter,aa0724188407797eae5187348bee11ee9f51317c4e8a201863b052786aa2f1df,823213c90703fd83224ad7122ee730ba64af3769ea517af252103bddd907f681,DMCHBA,ideal,1.0,19,361,4,0.1,36,,,dmchba_topk_10,/home/agxorin/topk_filter_study/simulator/scenarios/final_trial_500.csv,clue_search,01,65,56,64,2,0,0,0,134,65,69,134,0,116,clue:4;collision_intent:65;state:65,419,0,completed
133,dcta_parity_v1,topk_filter,aa0724188407797eae5187348bee11ee9f51317c4e8a201863b052786aa2f1df,823213c90703fd83224ad7122ee730ba64af3769ea517af252103bddd907f681,DMCHBA,ideal,1.0,19,361,4,0.1,36,,,dmchba_topk_10,/home/agxorin/topk_filter_study/simulator/scenarios/final_trial_500.csv,clue_search,02,68,58,53,16,0,0,0,141,69,72,141,0,121,clue:4;collision_intent:68;state:68;target:1,413,0,completed
133,dcta_parity_v1,topk_filter,aa0724188407797eae5187348bee11ee9f51317c4e8a201863b052786aa2f1df,823213c90703fd83224ad7122ee730ba64af3769ea517af252103bddd907f681,DMCHBA,ideal,1.0,19,361,4,0.1,36,,,dmchba_topk_10,/home/agxorin/topk_filter_study/simulator/scenarios/final_trial_500.csv,clue_search,03,67,58,56,12,0,1,1,139,68,71,139,0,121,clue:4;collision_intent:68;state:67,414,0,completed
134,dcta_parity_v1,topk_filter,aa0724188407797eae5187348bee11ee9f51317c4e8a201863b052786aa2f1df,823213c90703fd83224ad7122ee730ba64af3769ea517af252103bddd907f681,DMCHBA,ideal,1.0,19,361,4,0.1,36,,,dmchba_topk_10,/home/agxorin/topk_filter_study/simulator/scenarios/final_trial_500.csv,clue_search,00,4,0,5,0,0,0,0,8,4,4,8,0,0,collision_intent:4;state:4,24,0,completed
134,dcta_parity_v1,topk_filter,aa0724188407797eae5187348bee11ee9f51317c4e8a201863b052786aa2f1df,823213c90703fd83224ad7122ee730ba64af3769ea517af252103bddd907f681,DMCHBA,ideal,1.0,19,361,4,0.1,36,,,dmchba_topk_10,/home/agxorin/topk_filter_study/simulator/scenarios/final_trial_500.csv,clue_search,01,3,0,4,0,0,0,0,7,4,3,7,0,0,collision_intent:4;state:3,24,0,completed
134,dcta_parity_v1,topk_filter,aa0724188407797eae5187348bee11ee9f51317c4e8a201863b052786aa2f1df,823213c90703fd83224ad7122ee730ba64af3769ea517af252103bddd907f681,DMCHBA,ideal,1.0,19,361,4,0.1,36,,,dmchba_topk_10,/home/agxorin/topk_filter_study/simulator/scenarios/final_trial_500.csv,clue_search,02,4,0,5,0,0,0,0,8,4,4,8,0,0,collision_intent:4;state:4,23,0,completed
134,dcta_parity_v1,topk_filter,aa0724188407797eae5187348bee11ee9f51317c4e8a201863b052786aa2f1df,823213c90703fd83224ad7122ee730ba64af3769ea517af252103bddd907f681,DMCHBA,ideal,1.0,19,361,4,0.1,36,,,dmchba_topk_10,/home/agxorin/topk_filter_study/simulator/scenarios/final_trial_500.csv,clue_search,03,4,0,5,0,0,0,0,9,5,4,9,0,0,collision_intent:4;state:4;target:1,23,0,completed
135,dcta_parity_v1,topk_filter,aa0724188407797eae5187348bee11ee9f51317c4e8a201863b052786aa2f1df,823213c90703fd83224ad7122ee730ba64af3769ea517af252103bddd907f681,DMCHBA,ideal,1.0,19,361,4,0.1,36,,,dmchba_topk_10,/home/agxorin/topk_filter_study/simulator/scenarios/final_trial_500.csv,clue_search,00,49,13,46,4,0,0,0,99,49,50,99,0,27,clue:1;collision_intent:49;state:49,294,0,completed
135,dcta_parity_v1,topk_filter,aa0724188407797eae5187348bee11ee9f51317c4e8a201863b052786aa2f1df,823213c90703fd83224ad7122ee730ba64af3769ea517af252103bddd907f681,DMCHBA,ideal,1.0,19,361,4,0.1,36,,,dmchba_topk_10,/home/agxorin/topk_filter_study/simulator/scenarios/final_trial_500.csv,clue_search,01,49,13,48,2,0,0,0,100,50,50,100,0,28,clue:1;collision_intent:49;state:49;target:1,295,0,completed
135,dcta_parity_v1,topk_filter,aa0724188407797eae5187348bee11ee9f51317c4e8a201863b052786aa2f1df,823213c90703fd83224ad7122ee730ba64af3769ea517af252103bddd907f681,DMCHBA,ideal,1.0,19,361,4,0.1,36,,,dmchba_topk_10,/home/agxorin/topk_filter_study/simulator/scenarios/final_trial_500.csv,clue_search,02,49,13,48,2,0,0,0,99,49,50,99,0,27,clue:1;collision_intent:49;state:49,296,0,completed
135,dcta_parity_v1,topk_filter,aa0724188407797eae5187348bee11ee9f51317c4e8a201863b052786aa2f1df,823213c90703fd83224ad7122ee730ba64af3769ea517af252103bddd907f681,DMCHBA,ideal,1.0,19,361,4,0.1,36,,,dmchba_topk_10,/home/agxorin/topk_filter_study/simulator/scenarios/final_trial_500.csv,clue_search,03,48,13,44,5,0,0,0,97,48,49,97,0,27,clue:1;collision_intent:48;state:48,297,0,completed
136,dcta_parity_v1,topk_filter,aa0724188407797eae5187348bee11ee9f51317c4e8a201863b052786aa2f1df,823213c90703fd83224ad7122ee730ba64af3769ea517af252103bddd907f681,DMCHBA,ideal,1.0,19,361,4,0.1,36,,,dmchba_topk_10,/home/agxorin/topk_filter_study/simulator/scenarios/final_trial_500.csv,clue_search,00,54,36,44,11,0,0,0,109,54,55,109,0,72,clue:1;collision_intent:54;state:54,321,0,completed
136,dcta_parity_v1,topk_filter,aa0724188407797eae5187348bee11ee9f51317c4e8a201863b052786aa2f1df,823213c90703fd83224ad7122ee730ba64af3769ea517af252103bddd907f681,DMCHBA,ideal,1.0,19,361,4,0.1,36,,,dmchba_topk_10,/home/agxorin/topk_filter_study/simulator/scenarios/final_trial_500.csv,clue_search,01,53,35,50,4,0,0,0,107,53,54,107,0,71,clue:1;collision_intent:53;state:53,323,0,completed
136,dcta_parity_v1,topk_filter,aa0724188407797eae5187348bee11ee9f51317c4e8a201863b052786aa2f1df,823213c90703fd83224ad7122ee730ba64af3769ea517af252103bddd907f681,DMCHBA,ideal,1.0,19,361,4,0.1,36,,,dmchba_topk_10,/home/agxorin/topk_filter_study/simulator/scenarios/final_trial_500.csv,clue_search,02,53,34,46,8,0,0,0,107,53,54,107,0,69,clue:1;collision_intent:53;state:53,324,0,completed
136,dcta_parity_v1,topk_filter,aa0724188407797eae5187348bee11ee9f51317c4e8a201863b052786aa2f1df,823213c90703fd83224ad7122ee730ba64af3769ea517af252103bddd907f681,DMCHBA,ideal,1.0,19,361,4,0.1,36,,,dmchba_topk_10,/home/agxorin/topk_filter_study/simulator/scenarios/final_trial_500.csv,clue_search,03,53,34,50,4,0,0,0,108,54,54,108,0,70,clue:1;collision_intent:53;state:53;target:1,323,0,completed
137,dcta_parity_v1,topk_filter,aa0724188407797eae5187348bee11ee9f51317c4e8a201863b052786aa2f1df,823213c90703fd83224ad7122ee730ba64af3769ea517af252103bddd907f681,DMCHBA,ideal,1.0,19,361,4,0.1,36,,,dmchba_topk_10,/home/agxorin/topk_filter_study/simulator/scenarios/final_trial_500.csv,clue_search,00,20,18,21,0,0,0,0,43,20,23,43,0,39,clue:3;collision_intent:20;state:20,124,0,completed
137,dcta_parity_v1,topk_filter,aa0724188407797eae5187348bee11ee9f51317c4e8a201863b052786aa2f1df,823213c90703fd83224ad7122ee730ba64af3769ea517af252103bddd907f681,DMCHBA,ideal,1.0,19,361,4,0.1,36,,,dmchba_topk_10,/home/agxorin/topk_filter_study/simulator/scenarios/final_trial_500.csv,clue_search,01,19,18,15,5,0,0,0,41,19,22,41,0,39,clue:3;collision_intent:19;state:19,124,0,completed
137,dcta_parity_v1,topk_filter,aa0724188407797eae5187348bee11ee9f51317c4e8a201863b052786aa2f1df,823213c90703fd83224ad7122ee730ba64af3769ea517af252103bddd907f681,DMCHBA,ideal,1.0,19,361,4,0.1,36,,,dmchba_topk_10,/home/agxorin/topk_filter_study/simulator/scenarios/final_trial_500.csv,clue_search,02,19,17,20,0,0,0,0,41,19,22,41,0,37,clue:3;collision_intent:19;state:19,124,0,completed
137,dcta_parity_v1,topk_filter,aa0724188407797eae5187348bee11ee9f51317c4e8a201863b052786aa2f1df,823213c90703fd83224ad7122ee730ba64af3769ea517af252103bddd907f681,DMCHBA,ideal,1.0,19,361,4,0.1,36,,,dmchba_topk_10,/home/agxorin/topk_filter_study/simulator/scenarios/final_trial_500.csv,clue_search,03,19,18,19,1,0,0,0,42,20,22,42,0,40,clue:3;collision_intent:19;state:19;target:1,125,0,completed
138,dcta_parity_v1,topk_filter,aa0724188407797eae5187348bee11ee9f51317c4e8a201863b052786aa2f1df,823213c90703fd83224ad7122ee730ba64af3769ea517af252103bddd907f681,DMCHBA,ideal,1.0,19,361,4,0.1,36,,,dmchba_topk_10,/home/agxorin/topk_filter_study/simulator/scenarios/final_trial_500.csv,clue_search,00,11,5,12,0,0,0,0,23,11,12,23,0,10,clue:1;collision_intent:11;state:11,68,0,completed
138,dcta_parity_v1,topk_filter,aa0724188407797eae5187348bee11ee9f51317c4e8a201863b052786aa2f1df,823213c90703fd83224ad7122ee730ba64af3769ea517af252103bddd907f681,DMCHBA,ideal,1.0,19,361,4,0.1,36,,,dmchba_topk_10,/home/agxorin/topk_filter_study/simulator/scenarios/final_trial_500.csv,clue_search,01,11,5,12,0,0,0,0,23,11,12,23,0,11,clue:1;collision_intent:11;state:11,69,0,completed
138,dcta_parity_v1,topk_filter,aa0724188407797eae5187348bee11ee9f51317c4e8a201863b052786aa2f1df,823213c90703fd83224ad7122ee730ba64af3769ea517af252103bddd907f681,DMCHBA,ideal,1.0,19,361,4,0.1,36,,,dmchba_topk_10,/home/agxorin/topk_filter_study/simulator/scenarios/final_trial_500.csv,clue_search,02,11,4,12,0,0,0,0,24,12,12,24,0,10,clue:1;collision_intent:11;state:11;target:1,69,0,completed
138,dcta_parity_v1,topk_filter,aa0724188407797eae5187348bee11ee9f51317c4e8a201863b052786aa2f1df,823213c90703fd83224ad7122ee730ba64af3769ea517af252103bddd907f681,DMCHBA,ideal,1.0,19,361,4,0.1,36,,,dmchba_topk_10,/home/agxorin/topk_filter_study/simulator/scenarios/final_trial_500.csv,clue_search,03,11,5,12,0,0,0,0,23,11,12,23,0,11,clue:1;collision_intent:11;state:11,69,0,completed
139,dcta_parity_v1,topk_filter,aa0724188407797eae5187348bee11ee9f51317c4e8a201863b052786aa2f1df,823213c90703fd83224ad7122ee730ba64af3769ea517af252103bddd907f681,DMCHBA,ideal,1.0,19,361,4,0.1,36,,,dmchba_topk_10,/home/agxorin/topk_filter_study/simulator/scenarios/final_trial_500.csv,clue_search,00,27,15,26,2,0,0,0,56,27,29,56,0,32,clue:2;collision_intent:27;state:27,180,0,completed
139,dcta_parity_v1,topk_filter,aa0724188407797eae5187348bee11ee9f51317c4e8a201863b052786aa2f1df,823213c90703fd83224ad7122ee730ba64af3769ea517af252103bddd907f681,DMCHBA,ideal,1.0,19,361,4,0.1,36,,,dmchba_topk_10,/home/agxorin/topk_filter_study/simulator/scenarios/final_trial_500.csv,clue_search,01,29,18,29,1,0,0,0,60,29,31,60,0,37,clue:2;collision_intent:29;state:29,176,0,completed
139,dcta_parity_v1,topk_filter,aa0724188407797eae5187348bee11ee9f51317c4e8a201863b052786aa2f1df,823213c90703fd83224ad7122ee730ba64af3769ea517af252103bddd907f681,DMCHBA,ideal,1.0,19,361,4,0.1,36,,,dmchba_topk_10,/home/agxorin/topk_filter_study/simulator/scenarios/final_trial_500.csv,clue_search,02,29,17,30,0,0,0,0,60,29,31,60,0,36,clue:2;collision_intent:29;state:29,177,0,completed
139,dcta_parity_v1,topk_filter,aa0724188407797eae5187348bee11ee9f51317c4e8a201863b052786aa2f1df,823213c90703fd83224ad7122ee730ba64af3769ea517af252103bddd907f681,DMCHBA,ideal,1.0,19,361,4,0.1,36,,,dmchba_topk_10,/home/agxorin/topk_filter_study/simulator/scenarios/final_trial_500.csv,clue_search,03,29,18,28,2,0,0,0,61,30,31,61,0,39,clue:2;collision_intent:29;state:29;target:1,176,0,completed
140,dcta_parity_v1,topk_filter,aa0724188407797eae5187348bee11ee9f51317c4e8a201863b052786aa2f1df,823213c90703fd83224ad7122ee730ba64af3769ea517af252103bddd907f681,DMCHBA,ideal,1.0,19,361,4,0.1,36,,,dmchba_topk_10,/home/agxorin/topk_filter_study/simulator/scenarios/final_trial_500.csv,clue_search,00,43,0,44,0,0,0,0,86,43,43,86,0,0,collision_intent:43;state:43,256,0,completed
140,dcta_parity_v1,topk_filter,aa0724188407797eae5187348bee11ee9f51317c4e8a201863b052786aa2f1df,823213c90703fd83224ad7122ee730ba64af3769ea517af252103bddd907f681,DMCHBA,ideal,1.0,19,361,4,0.1,36,,,dmchba_topk_10,/home/agxorin/topk_filter_study/simulator/scenarios/final_trial_500.csv,clue_search,01,43,0,44,0,0,0,0,87,44,43,87,0,0,collision_intent:43;state:43;target:1,256,0,completed
140,dcta_parity_v1,topk_filter,aa0724188407797eae5187348bee11ee9f51317c4e8a201863b052786aa2f1df,823213c90703fd83224ad7122ee730ba64af3769ea517af252103bddd907f681,DMCHBA,ideal,1.0,19,361,4,0.1,36,,,dmchba_topk_10,/home/agxorin/topk_filter_study/simulator/scenarios/final_trial_500.csv,clue_search,02,43,0,44,0,0,0,0,86,43,43,86,0,0,collision_intent:43;state:43,257,0,completed
140,dcta_parity_v1,topk_filter,aa0724188407797eae5187348bee11ee9f51317c4e8a201863b052786aa2f1df,823213c90703fd83224ad7122ee730ba64af3769ea517af252103bddd907f681,DMCHBA,ideal,1.0,19,361,4,0.1,36,,,dmchba_topk_10,/home/agxorin/topk_filter_study/simulator/scenarios/final_trial_500.csv,clue_search,03,42,0,43,0,0,0,0,84,42,42,84,0,0,collision_intent:42;state:42,258,0,completed
141,dcta_parity_v1,topk_filter,aa0724188407797eae5187348bee11ee9f51317c4e8a201863b052786aa2f1df,823213c90703fd83224ad7122ee730ba64af3769ea517af252103bddd907f681,DMCHBA,ideal,1.0,19,361,4,0.1,36,,,dmchba_topk_10,/home/agxorin/topk_filter_study/simulator/scenarios/final_trial_500.csv,clue_search,00,22,0,23,0,0,0,0,44,22,22,44,0,0,collision_intent:22;state:22,129,0,completed
141,dcta_parity_v1,topk_filter,aa0724188407797eae5187348bee11ee9f51317c4e8a201863b052786aa2f1df,823213c90703fd83224ad7122ee730ba64af3769ea517af252103bddd907f681,DMCHBA,ideal,1.0,19,361,4,0.1,36,,,dmchba_topk_10,/home/agxorin/topk_filter_study/simulator/scenarios/final_trial_500.csv,clue_search,01,21,0,22,0,0,0,0,42,21,21,42,0,0,collision_intent:21;state:21,132,0,completed
141,dcta_parity_v1,topk_filter,aa0724188407797eae5187348bee11ee9f51317c4e8a201863b052786aa2f1df,823213c90703fd83224ad7122ee730ba64af3769ea517af252103bddd907f681,DMCHBA,ideal,1.0,19,361,4,0.1,36,,,dmchba_topk_10,/home/agxorin/topk_filter_study/simulator/scenarios/final_trial_500.csv,clue_search,02,22,0,23,0,0,0,0,44,22,22,44,0,0,collision_intent:22;state:22,131,0,completed
141,dcta_parity_v1,topk_filter,aa0724188407797eae5187348bee11ee9f51317c4e8a201863b052786aa2f1df,823213c90703fd83224ad7122ee730ba64af3769ea517af252103bddd907f681,DMCHBA,ideal,1.0,19,361,4,0.1,36,,,dmchba_topk_10,/home/agxorin/topk_filter_study/simulator/scenarios/final_trial_500.csv,clue_search,03,22,0,23,0,0,0,0,45,23,22,45,0,0,collision_intent:22;state:22;target:1,130,0,completed
142,dcta_parity_v1,topk_filter,aa0724188407797eae5187348bee11ee9f51317c4e8a201863b052786aa2f1df,823213c90703fd83224ad7122ee730ba64af3769ea517af252103bddd907f681,DMCHBA,ideal,1.0,19,361,4,0.1,36,,,dmchba_topk_10,/home/agxorin/topk_filter_study/simulator/scenarios/final_trial_500.csv,clue_search,00,91,63,70,22,0,1,1,185,92,93,185,0,129,clue:2;collision_intent:92;state:91,552,0,completed
142,dcta_parity_v1,topk_filter,aa0724188407797eae5187348bee11ee9f51317c4e8a201863b052786aa2f1df,823213c90703fd83224ad7122ee730ba64af3769ea517af252103bddd907f681,DMCHBA,ideal,1.0,19,361,4,0.1,36,,,dmchba_topk_10,/home/agxorin/topk_filter_study/simulator/scenarios/final_trial_500.csv,clue_search,01,90,62,84,7,0,0,0,183,91,92,183,0,127,clue:2;collision_intent:90;state:90;target:1,555,0,completed
142,dcta_parity_v1,topk_filter,aa0724188407797eae5187348bee11ee9f51317c4e8a201863b052786aa2f1df,823213c90703fd83224ad7122ee730ba64af3769ea517af252103bddd907f681,DMCHBA,ideal,1.0,19,361,4,0.1,36,,,dmchba_topk_10,/home/agxorin/topk_filter_study/simulator/scenarios/final_trial_500.csv,clue_search,02,92,63,78,15,0,0,0,186,92,94,186,0,128,clue:2;collision_intent:92;state:92,550,0,completed
142,dcta_parity_v1,topk_filter,aa0724188407797eae5187348bee11ee9f51317c4e8a201863b052786aa2f1df,823213c90703fd83224ad7122ee730ba64af3769ea517af252103bddd907f681,DMCHBA,ideal,1.0,19,361,4,0.1,36,,,dmchba_topk_10,/home/agxorin/topk_filter_study/simulator/scenarios/final_trial_500.csv,clue_search,03,91,63,77,15,0,0,0,184,91,93,184,0,128,clue:2;collision_intent:91;state:91,553,0,completed
143,dcta_parity_v1,topk_filter,aa0724188407797eae5187348bee11ee9f51317c4e8a201863b052786aa2f1df,823213c90703fd83224ad7122ee730ba64af3769ea517af252103bddd907f681,DMCHBA,ideal,1.0,19,361,4,0.1,36,,,dmchba_topk_10,/home/agxorin/topk_filter_study/simulator/scenarios/final_trial_500.csv,clue_search,00,49,41,45,5,0,0,0,100,50,50,100,0,84,clue:1;collision_intent:49;state:49;target:1,301,0,completed
143,dcta_parity_v1,topk_filter,aa0724188407797eae5187348bee11ee9f51317c4e8a201863b052786aa2f1df,823213c90703fd83224ad7122ee730ba64af3769ea517af252103bddd907f681,DMCHBA,ideal,1.0,19,361,4,0.1,36,,,dmchba_topk_10,/home/agxorin/topk_filter_study/simulator/scenarios/final_trial_500.csv,clue_search,01,49,41,42,8,0,1,1,100,50,50,100,0,84,clue:1;collision_intent:50;state:49,301,0,completed
143,dcta_parity_v1,topk_filter,aa0724188407797eae5187348bee11ee9f51317c4e8a201863b052786aa2f1df,823213c90703fd83224ad7122ee730ba64af3769ea517af252103bddd907f681,DMCHBA,ideal,1.0,19,361,4,0.1,36,,,dmchba_topk_10,/home/agxorin/topk_filter_study/simulator/scenarios/final_trial_500.csv,clue_search,02,49,41,44,6,0,0,0,99,49,50,99,0,83,clue:1;collision_intent:49;state:49,301,0,completed
143,dcta_parity_v1,topk_filter,aa0724188407797eae5187348bee11ee9f51317c4e8a201863b052786aa2f1df,823213c90703fd83224ad7122ee730ba64af3769ea517af252103bddd907f681,DMCHBA,ideal,1.0,19,361,4,0.1,36,,,dmchba_topk_10,/home/agxorin/topk_filter_study/simulator/scenarios/final_trial_500.csv,clue_search,03,50,43,44,7,0,1,1,102,51,51,102,0,87,clue:1;collision_intent:51;state:50,298,0,completed
144,dcta_parity_v1,topk_filter,aa0724188407797eae5187348bee11ee9f51317c4e8a201863b052786aa2f1df,823213c90703fd83224ad7122ee730ba64af3769ea517af252103bddd907f681,DMCHBA,ideal,1.0,19,361,4,0.1,36,,,dmchba_topk_10,/home/agxorin/topk_filter_study/simulator/scenarios/final_trial_500.csv,clue_search,00,26,2,27,0,0,0,0,53,26,27,53,0,5,clue:1;collision_intent:26;state:26,163,0,completed
144,dcta_parity_v1,topk_filter,aa0724188407797eae5187348bee11ee9f51317c4e8a201863b052786aa2f1df,823213c90703fd83224ad7122ee730ba64af3769ea517af252103bddd907f681,DMCHBA,ideal,1.0,19,361,4,0.1,36,,,dmchba_topk_10,/home/agxorin/topk_filter_study/simulator/scenarios/final_trial_500.csv,clue_search,01,26,2,27,0,0,0,0,53,26,27,53,0,5,clue:1;collision_intent:26;state:26,162,0,completed
144,dcta_parity_v1,topk_filter,aa0724188407797eae5187348bee11ee9f51317c4e8a201863b052786aa2f1df,823213c90703fd83224ad7122ee730ba64af3769ea517af252103bddd907f681,DMCHBA,ideal,1.0,19,361,4,0.1,36,,,dmchba_topk_10,/home/agxorin/topk_filter_study/simulator/scenarios/final_trial_500.csv,clue_search,02,27,2,28,0,0,0,0,55,27,28,55,0,5,clue:1;collision_intent:27;state:27,161,0,completed
144,dcta_parity_v1,topk_filter,aa0724188407797eae5187348bee11ee9f51317c4e8a201863b052786aa2f1df,823213c90703fd83224ad7122ee730ba64af3769ea517af252103bddd907f681,DMCHBA,ideal,1.0,19,361,4,0.1,36,,,dmchba_topk_10,/home/agxorin/topk_filter_study/simulator/scenarios/final_trial_500.csv,clue_search,03,27,3,28,0,0,0,0,56,28,28,56,0,8,clue:1;collision_intent:27;state:27;target:1,161,0,completed
145,dcta_parity_v1,topk_filter,aa0724188407797eae5187348bee11ee9f51317c4e8a201863b052786aa2f1df,823213c90703fd83224ad7122ee730ba64af3769ea517af252103bddd907f681,DMCHBA,ideal,1.0,19,361,4,0.1,36,,,dmchba_topk_10,/home/agxorin/topk_filter_study/simulator/scenarios/final_trial_500.csv,clue_search,00,12,0,13,0,0,0,0,24,12,12,24,0,0,collision_intent:12;state:12,69,0,completed
145,dcta_parity_v1,topk_filter,aa0724188407797eae5187348bee11ee9f51317c4e8a201863b052786aa2f1df,823213c90703fd83224ad7122ee730ba64af3769ea517af252103bddd907f681,DMCHBA,ideal,1.0,19,361,4,0.1,36,,,dmchba_topk_10,/home/agxorin/topk_filter_study/simulator/scenarios/final_trial_500.csv,clue_search,01,11,0,12,0,0,0,0,22,11,11,22,0,0,collision_intent:11;state:11,73,0,completed
145,dcta_parity_v1,topk_filter,aa0724188407797eae5187348bee11ee9f51317c4e8a201863b052786aa2f1df,823213c90703fd83224ad7122ee730ba64af3769ea517af252103bddd907f681,DMCHBA,ideal,1.0,19,361,4,0.1,36,,,dmchba_topk_10,/home/agxorin/topk_filter_study/simulator/scenarios/final_trial_500.csv,clue_search,02,12,0,13,0,0,0,0,24,12,12,24,0,0,collision_intent:12;state:12,69,0,completed
145,dcta_parity_v1,topk_filter,aa0724188407797eae5187348bee11ee9f51317c4e8a201863b052786aa2f1df,823213c90703fd83224ad7122ee730ba64af3769ea517af252103bddd907f681,DMCHBA,ideal,1.0,19,361,4,0.1,36,,,dmchba_topk_10,/home/agxorin/topk_filter_study/simulator/scenarios/final_trial_500.csv,clue_search,03,12,0,13,0,0,0,0,25,13,12,25,0,0,collision_intent:12;state:12;target:1,70,0,completed
146,dcta_parity_v1,topk_filter,aa0724188407797eae5187348bee11ee9f51317c4e8a201863b052786aa2f1df,823213c90703fd83224ad7122ee730ba64af3769ea517af252103bddd907f681,DMCHBA,ideal,1.0,19,361,4,0.1,36,,,dmchba_topk_10,/home/agxorin/topk_filter_study/simulator/scenarios/final_trial_500.csv,clue_search,00,21,1,22,0,0,0,0,43,21,22,43,0,2,clue:1;collision_intent:21;state:21,133,0,completed
146,dcta_parity_v1,topk_filter,aa0724188407797eae5187348bee11ee9f51317c4e8a201863b052786aa2f1df,823213c90703fd83224ad7122ee730ba64af3769ea517af252103bddd907f681,DMCHBA,ideal,1.0,19,361,4,0.1,36,,,dmchba_topk_10,/home/agxorin/topk_filter_study/simulator/scenarios/final_trial_500.csv,clue_search,01,21,1,22,0,0,0,0,43,21,22,43,0,3,clue:1;collision_intent:21;state:21,132,0,completed
146,dcta_parity_v1,topk_filter,aa0724188407797eae5187348bee11ee9f51317c4e8a201863b052786aa2f1df,823213c90703fd83224ad7122ee730ba64af3769ea517af252103bddd907f681,DMCHBA,ideal,1.0,19,361,4,0.1,36,,,dmchba_topk_10,/home/agxorin/topk_filter_study/simulator/scenarios/final_trial_500.csv,clue_search,02,22,1,23,0,0,0,0,46,23,23,46,0,4,clue:1;collision_intent:22;state:22;target:1,130,0,completed
146,dcta_parity_v1,topk_filter,aa0724188407797eae5187348bee11ee9f51317c4e8a201863b052786aa2f1df,823213c90703fd83224ad7122ee730ba64af3769ea517af252103bddd907f681,DMCHBA,ideal,1.0,19,361,4,0.1,36,,,dmchba_topk_10,/home/agxorin/topk_filter_study/simulator/scenarios/final_trial_500.csv,clue_search,03,21,0,22,0,0,0,0,44,22,22,44,0,2,clue:1;collision_intent:22;state:21,131,0,completed
147,dcta_parity_v1,topk_filter,aa0724188407797eae5187348bee11ee9f51317c4e8a201863b052786aa2f1df,823213c90703fd83224ad7122ee730ba64af3769ea517af252103bddd907f681,DMCHBA,ideal,1.0,19,361,4,0.1,36,,,dmchba_topk_10,/home/agxorin/topk_filter_study/simulator/scenarios/final_trial_500.csv,clue_search,00,34,18,34,1,0,0,0,70,34,36,70,0,38,clue:2;collision_intent:34;state:34,202,0,completed
147,dcta_parity_v1,topk_filter,aa0724188407797eae5187348bee11ee9f51317c4e8a201863b052786aa2f1df,823213c90703fd83224ad7122ee730ba64af3769ea517af252103bddd907f681,DMCHBA,ideal,1.0,19,361,4,0.1,36,,,dmchba_topk_10,/home/agxorin/topk_filter_study/simulator/scenarios/final_trial_500.csv,clue_search,01,33,18,34,0,0,0,0,68,33,35,68,0,38,clue:2;collision_intent:33;state:33,205,0,completed
147,dcta_parity_v1,topk_filter,aa0724188407797eae5187348bee11ee9f51317c4e8a201863b052786aa2f1df,823213c90703fd83224ad7122ee730ba64af3769ea517af252103bddd907f681,DMCHBA,ideal,1.0,19,361,4,0.1,36,,,dmchba_topk_10,/home/agxorin/topk_filter_study/simulator/scenarios/final_trial_500.csv,clue_search,02,32,16,33,0,0,0,0,67,33,34,67,0,35,clue:2;collision_intent:33;state:32,207,0,completed
147,dcta_parity_v1,topk_filter,aa0724188407797eae5187348bee11ee9f51317c4e8a201863b052786aa2f1df,823213c90703fd83224ad7122ee730ba64af3769ea517af252103bddd907f681,DMCHBA,ideal,1.0,19,361,4,0.1,36,,,dmchba_topk_10,/home/agxorin/topk_filter_study/simulator/scenarios/final_trial_500.csv,clue_search,03,33,17,33,1,0,0,0,69,34,35,69,0,37,clue:2;collision_intent:33;state:33;target:1,205,0,completed
148,dcta_parity_v1,topk_filter,aa0724188407797eae5187348bee11ee9f51317c4e8a201863b052786aa2f1df,823213c90703fd83224ad7122ee730ba64af3769ea517af252103bddd907f681,DMCHBA,ideal,1.0,19,361,4,0.1,36,,,dmchba_topk_10,/home/agxorin/topk_filter_study/simulator/scenarios/final_trial_500.csv,clue_search,00,12,0,13,0,0,0,0,26,13,13,26,0,2,clue:1;collision_intent:13;state:12,78,0,completed
148,dcta_parity_v1,topk_filter,aa0724188407797eae5187348bee11ee9f51317c4e8a201863b052786aa2f1df,823213c90703fd83224ad7122ee730ba64af3769ea517af252103bddd907f681,DMCHBA,ideal,1.0,19,361,4,0.1,36,,,dmchba_topk_10,/home/agxorin/topk_filter_study/simulator/scenarios/final_trial_500.csv,clue_search,01,12,0,13,0,0,0,0,26,13,13,26,0,2,clue:1;collision_intent:13;state:12,78,0,completed
148,dcta_parity_v1,topk_filter,aa0724188407797eae5187348bee11ee9f51317c4e8a201863b052786aa2f1df,823213c90703fd83224ad7122ee730ba64af3769ea517af252103bddd907f681,DMCHBA,ideal,1.0,19,361,4,0.1,36,,,dmchba_topk_10,/home/agxorin/topk_filter_study/simulator/scenarios/final_trial_500.csv,clue_search,02,13,1,14,0,0,0,0,28,14,14,28,0,4,clue:1;collision_intent:13;state:13;target:1,77,0,completed
148,dcta_parity_v1,topk_filter,aa0724188407797eae5187348bee11ee9f51317c4e8a201863b052786aa2f1df,823213c90703fd83224ad7122ee730ba64af3769ea517af252103bddd907f681,DMCHBA,ideal,1.0,19,361,4,0.1,36,,,dmchba_topk_10,/home/agxorin/topk_filter_study/simulator/scenarios/final_trial_500.csv,clue_search,03,12,0,13,0,0,0,0,25,12,13,25,0,1,clue:1;collision_intent:12;state:12,78,0,completed
149,dcta_parity_v1,topk_filter,aa0724188407797eae5187348bee11ee9f51317c4e8a201863b052786aa2f1df,823213c90703fd83224ad7122ee730ba64af3769ea517af252103bddd907f681,DMCHBA,ideal,1.0,19,361,4,0.1,36,,,dmchba_topk_10,/home/agxorin/topk_filter_study/simulator/scenarios/final_trial_500.csv,clue_search,00,54,54,43,12,0,0,0,110,54,56,110,0,110,clue:2;collision_intent:54;state:54,324,0,completed
149,dcta_parity_v1,topk_filter,aa0724188407797eae5187348bee11ee9f51317c4e8a201863b052786aa2f1df,823213c90703fd83224ad7122ee730ba64af3769ea517af252103bddd907f681,DMCHBA,ideal,1.0,19,361,4,0.1,36,,,dmchba_topk_10,/home/agxorin/topk_filter_study/simulator/scenarios/final_trial_500.csv,clue_search,01,53,53,43,11,0,0,0,108,53,55,108,0,108,clue:2;collision_intent:53;state:53,326,0,completed
149,dcta_parity_v1,topk_filter,aa0724188407797eae5187348bee11ee9f51317c4e8a201863b052786aa2f1df,823213c90703fd83224ad7122ee730ba64af3769ea517af252103bddd907f681,DMCHBA,ideal,1.0,19,361,4,0.1,36,,,dmchba_topk_10,/home/agxorin/topk_filter_study/simulator/scenarios/final_trial_500.csv,clue_search,02,52,52,53,0,0,0,0,106,52,54,106,0,106,clue:2;collision_intent:52;state:52,327,0,completed
149,dcta_parity_v1,topk_filter,aa0724188407797eae5187348bee11ee9f51317c4e8a201863b052786aa2f1df,823213c90703fd83224ad7122ee730ba64af3769ea517af252103bddd907f681,DMCHBA,ideal,1.0,19,361,4,0.1,36,,,dmchba_topk_10,/home/agxorin/topk_filter_study/simulator/scenarios/final_trial_500.csv,clue_search,03,53,53,48,6,0,1,1,110,55,55,110,0,110,clue:2;collision_intent:54;state:53;target:1,324,0,completed
150,dcta_parity_v1,topk_filter,aa0724188407797eae5187348bee11ee9f51317c4e8a201863b052786aa2f1df,823213c90703fd83224ad7122ee730ba64af3769ea517af252103bddd907f681,DMCHBA,ideal,1.0,19,361,4,0.1,36,,,dmchba_topk_10,/home/agxorin/topk_filter_study/simulator/scenarios/final_trial_500.csv,clue_search,00,1,0,2,0,0,0,0,3,2,1,3,0,0,collision_intent:1;state:1;target:1,2,0,completed
150,dcta_parity_v1,topk_filter,aa0724188407797eae5187348bee11ee9f51317c4e8a201863b052786aa2f1df,823213c90703fd83224ad7122ee730ba64af3769ea517af252103bddd907f681,DMCHBA,ideal,1.0,19,361,4,0.1,36,,,dmchba_topk_10,/home/agxorin/topk_filter_study/simulator/scenarios/final_trial_500.csv,clue_search,01,0,0,1,0,0,0,0,1,1,0,1,0,0,collision_intent:1,3,0,completed
150,dcta_parity_v1,topk_filter,aa0724188407797eae5187348bee11ee9f51317c4e8a201863b052786aa2f1df,823213c90703fd83224ad7122ee730ba64af3769ea517af252103bddd907f681,DMCHBA,ideal,1.0,19,361,4,0.1,36,,,dmchba_topk_10,/home/agxorin/topk_filter_study/simulator/scenarios/final_trial_500.csv,clue_search,02,0,0,1,0,0,0,0,0,0,0,0,0,0,,3,0,completed
150,dcta_parity_v1,topk_filter,aa0724188407797eae5187348bee11ee9f51317c4e8a201863b052786aa2f1df,823213c90703fd83224ad7122ee730ba64af3769ea517af252103bddd907f681,DMCHBA,ideal,1.0,19,361,4,0.1,36,,,dmchba_topk_10,/home/agxorin/topk_filter_study/simulator/scenarios/final_trial_500.csv,clue_search,03,0,0,1,0,0,0,0,1,1,0,1,0,0,collision_intent:1,3,0,completed
151,dcta_parity_v1,topk_filter,aa0724188407797eae5187348bee11ee9f51317c4e8a201863b052786aa2f1df,823213c90703fd83224ad7122ee730ba64af3769ea517af252103bddd907f681,DMCHBA,ideal,1.0,19,361,4,0.1,36,,,dmchba_topk_10,/home/agxorin/topk_filter_study/simulator/scenarios/final_trial_500.csv,clue_search,00,37,27,37,1,0,0,0,79,38,41,79,0,59,clue:4;collision_intent:37;state:37;target:1,231,0,completed
151,dcta_parity_v1,topk_filter,aa0724188407797eae5187348bee11ee9f51317c4e8a201863b052786aa2f1df,823213c90703fd83224ad7122ee730ba64af3769ea517af252103bddd907f681,DMCHBA,ideal,1.0,19,361,4,0.1,36,,,dmchba_topk_10,/home/agxorin/topk_filter_study/simulator/scenarios/final_trial_500.csv,clue_search,01,36,26,34,3,0,0,0,76,36,40,76,0,56,clue:4;collision_intent:36;state:36,233,0,completed
151,dcta_parity_v1,topk_filter,aa0724188407797eae5187348bee11ee9f51317c4e8a201863b052786aa2f1df,823213c90703fd83224ad7122ee730ba64af3769ea517af252103bddd907f681,DMCHBA,ideal,1.0,19,361,4,0.1,36,,,dmchba_topk_10,/home/agxorin/topk_filter_study/simulator/scenarios/final_trial_500.csv,clue_search,02,37,27,34,4,0,1,1,79,38,41,79,0,59,clue:4;collision_intent:38;state:37,229,0,completed
151,dcta_parity_v1,topk_filter,aa0724188407797eae5187348bee11ee9f51317c4e8a201863b052786aa2f1df,823213c90703fd83224ad7122ee730ba64af3769ea517af252103bddd907f681,DMCHBA,ideal,1.0,19,361,4,0.1,36,,,dmchba_topk_10,/home/agxorin/topk_filter_study/simulator/scenarios/final_trial_500.csv,clue_search,03,35,25,29,7,0,2,1,76,37,39,76,0,56,clue:4;collision_intent:37;state:35,234,0,completed
152,dcta_parity_v1,topk_filter,aa0724188407797eae5187348bee11ee9f51317c4e8a201863b052786aa2f1df,823213c90703fd83224ad7122ee730ba64af3769ea517af252103bddd907f681,DMCHBA,ideal,1.0,19,361,4,0.1,36,,,dmchba_topk_10,/home/agxorin/topk_filter_study/simulator/scenarios/final_trial_500.csv,clue_search,00,25,0,26,0,0,0,0,50,25,25,50,0,0,collision_intent:25;state:25,148,0,completed
152,dcta_parity_v1,topk_filter,aa0724188407797eae5187348bee11ee9f51317c4e8a201863b052786aa2f1df,823213c90703fd83224ad7122ee730ba64af3769ea517af252103bddd907f681,DMCHBA,ideal,1.0,19,361,4,0.1,36,,,dmchba_topk_10,/home/agxorin/topk_filter_study/simulator/scenarios/final_trial_500.csv,clue_search,01,25,0,26,0,0,0,0,51,26,25,51,0,0,collision_intent:25;state:25;target:1,148,0,completed
152,dcta_parity_v1,topk_filter,aa0724188407797eae5187348bee11ee9f51317c4e8a201863b052786aa2f1df,823213c90703fd83224ad7122ee730ba64af3769ea517af252103bddd907f681,DMCHBA,ideal,1.0,19,361,4,0.1,36,,,dmchba_topk_10,/home/agxorin/topk_filter_study/simulator/scenarios/final_trial_500.csv,clue_search,02,25,0,26,0,0,0,0,50,25,25,50,0,0,collision_intent:25;state:25,149,0,completed
152,dcta_parity_v1,topk_filter,aa0724188407797eae5187348bee11ee9f51317c4e8a201863b052786aa2f1df,823213c90703fd83224ad7122ee730ba64af3769ea517af252103bddd907f681,DMCHBA,ideal,1.0,19,361,4,0.1,36,,,dmchba_topk_10,/home/agxorin/topk_filter_study/simulator/scenarios/final_trial_500.csv,clue_search,03,24,0,25,0,0,0,0,48,24,24,48,0,0,collision_intent:24;state:24,150,0,completed
153,dcta_parity_v1,topk_filter,aa0724188407797eae5187348bee11ee9f51317c4e8a201863b052786aa2f1df,823213c90703fd83224ad7122ee730ba64af3769ea517af252103bddd907f681,DMCHBA,ideal,1.0,19,361,4,0.1,36,,,dmchba_topk_10,/home/agxorin/topk_filter_study/simulator/scenarios/final_trial_500.csv,clue_search,00,70,35,65,6,0,0,0,142,70,72,142,0,72,clue:2;collision_intent:70;state:70,416,0,completed
153,dcta_parity_v1,topk_filter,aa0724188407797eae5187348bee11ee9f51317c4e8a201863b052786aa2f1df,823213c90703fd83224ad7122ee730ba64af3769ea517af252103bddd907f681,DMCHBA,ideal,1.0,19,361,4,0.1,36,,,dmchba_topk_10,/home/agxorin/topk_filter_study/simulator/scenarios/final_trial_500.csv,clue_search,01,68,34,65,4,0,0,0,138,68,70,138,0,70,clue:2;collision_intent:68;state:68,419,0,completed
153,dcta_parity_v1,topk_filter,aa0724188407797eae5187348bee11ee9f51317c4e8a201863b052786aa2f1df,823213c90703fd83224ad7122ee730ba64af3769ea517af252103bddd907f681,DMCHBA,ideal,1.0,19,361,4,0.1,36,,,dmchba_topk_10,/home/agxorin/topk_filter_study/simulator/scenarios/final_trial_500.csv,clue_search,02,69,34,66,4,0,0,0,141,70,71,141,0,71,clue:2;collision_intent:69;state:69;target:1,418,0,completed
153,dcta_parity_v1,topk_filter,aa0724188407797eae5187348bee11ee9f51317c4e8a201863b052786aa2f1df,823213c90703fd83224ad7122ee730ba64af3769ea517af252103bddd907f681,DMCHBA,ideal,1.0,19,361,4,0.1,36,,,dmchba_topk_10,/home/agxorin/topk_filter_study/simulator/scenarios/final_trial_500.csv,clue_search,03,68,34,62,7,0,0,0,138,68,70,138,0,69,clue:2;collision_intent:68;state:68,421,0,completed
154,dcta_parity_v1,topk_filter,aa0724188407797eae5187348bee11ee9f51317c4e8a201863b052786aa2f1df,823213c90703fd83224ad7122ee730ba64af3769ea517af252103bddd907f681,DMCHBA,ideal,1.0,19,361,4,0.1,36,,,dmchba_topk_10,/home/agxorin/topk_filter_study/simulator/scenarios/final_trial_500.csv,clue_search,00,32,2,33,0,0,0,0,65,32,33,65,0,5,clue:1;collision_intent:32;state:32,196,0,completed
154,dcta_parity_v1,topk_filter,aa0724188407797eae5187348bee11ee9f51317c4e8a201863b052786aa2f1df,823213c90703fd83224ad7122ee730ba64af3769ea517af252103bddd907f681,DMCHBA,ideal,1.0,19,361,4,0.1,36,,,dmchba_topk_10,/home/agxorin/topk_filter_study/simulator/scenarios/final_trial_500.csv,clue_search,01,32,2,33,0,0,0,0,66,33,33,66,0,6,clue:1;collision_intent:32;state:32;target:1,195,0,completed
154,dcta_parity_v1,topk_filter,aa0724188407797eae5187348bee11ee9f51317c4e8a201863b052786aa2f1df,823213c90703fd83224ad7122ee730ba64af3769ea517af252103bddd907f681,DMCHBA,ideal,1.0,19,361,4,0.1,36,,,dmchba_topk_10,/home/agxorin/topk_filter_study/simulator/scenarios/final_trial_500.csv,clue_search,02,32,2,32,1,0,0,0,65,32,33,65,0,5,clue:1;collision_intent:32;state:32,195,0,completed
154,dcta_parity_v1,topk_filter,aa0724188407797eae5187348bee11ee9f51317c4e8a201863b052786aa2f1df,823213c90703fd83224ad7122ee730ba64af3769ea517af252103bddd907f681,DMCHBA,ideal,1.0,19,361,4,0.1,36,,,dmchba_topk_10,/home/agxorin/topk_filter_study/simulator/scenarios/final_trial_500.csv,clue_search,03,32,2,32,1,0,0,0,65,32,33,65,0,5,clue:1;collision_intent:32;state:32,195,0,completed
155,dcta_parity_v1,topk_filter,aa0724188407797eae5187348bee11ee9f51317c4e8a201863b052786aa2f1df,823213c90703fd83224ad7122ee730ba64af3769ea517af252103bddd907f681,DMCHBA,ideal,1.0,19,361,4,0.1,36,,,dmchba_topk_10,/home/agxorin/topk_filter_study/simulator/scenarios/final_trial_500.csv,clue_search,00,2,0,3,0,0,0,0,4,2,2,4,0,0,collision_intent:2;state:2,10,0,completed
155,dcta_parity_v1,topk_filter,aa0724188407797eae5187348bee11ee9f51317c4e8a201863b052786aa2f1df,823213c90703fd83224ad7122ee730ba64af3769ea517af252103bddd907f681,DMCHBA,ideal,1.0,19,361,4,0.1,36,,,dmchba_topk_10,/home/agxorin/topk_filter_study/simulator/scenarios/final_trial_500.csv,clue_search,01,1,0,2,0,0,0,0,3,2,1,3,0,0,collision_intent:2;state:1,12,0,completed
155,dcta_parity_v1,topk_filter,aa0724188407797eae5187348bee11ee9f51317c4e8a201863b052786aa2f1df,823213c90703fd83224ad7122ee730ba64af3769ea517af252103bddd907f681,DMCHBA,ideal,1.0,19,361,4,0.1,36,,,dmchba_topk_10,/home/agxorin/topk_filter_study/simulator/scenarios/final_trial_500.csv,clue_search,02,2,0,3,0,0,0,0,4,2,2,4,0,0,collision_intent:2;state:2,12,0,completed
155,dcta_parity_v1,topk_filter,aa0724188407797eae5187348bee11ee9f51317c4e8a201863b052786aa2f1df,823213c90703fd83224ad7122ee730ba64af3769ea517af252103bddd907f681,DMCHBA,ideal,1.0,19,361,4,0.1,36,,,dmchba_topk_10,/home/agxorin/topk_filter_study/simulator/scenarios/final_trial_500.csv,clue_search,03,2,0,3,0,0,0,0,5,3,2,5,0,0,collision_intent:2;state:2;target:1,11,0,completed
156,dcta_parity_v1,topk_filter,aa0724188407797eae5187348bee11ee9f51317c4e8a201863b052786aa2f1df,823213c90703fd83224ad7122ee730ba64af3769ea517af252103bddd907f681,DMCHBA,ideal,1.0,19,361,4,0.1,36,,,dmchba_topk_10,/home/agxorin/topk_filter_study/simulator/scenarios/final_trial_500.csv,clue_search,00,118,101,100,19,0,0,0,240,118,122,240,0,205,clue:4;collision_intent:118;state:118,722,0,completed
156,dcta_parity_v1,topk_filter,aa0724188407797eae5187348bee11ee9f51317c4e8a201863b052786aa2f1df,823213c90703fd83224ad7122ee730ba64af3769ea517af252103bddd907f681,DMCHBA,ideal,1.0,19,361,4,0.1,36,,,dmchba_topk_10,/home/agxorin/topk_filter_study/simulator/scenarios/final_trial_500.csv,clue_search,01,116,99,95,22,0,0,0,237,117,120,237,0,203,clue:4;collision_intent:116;state:116;target:1,726,0,completed
156,dcta_parity_v1,topk_filter,aa0724188407797eae5187348bee11ee9f51317c4e8a201863b052786aa2f1df,823213c90703fd83224ad7122ee730ba64af3769ea517af252103bddd907f681,DMCHBA,ideal,1.0,19,361,4,0.1,36,,,dmchba_topk_10,/home/agxorin/topk_filter_study/simulator/scenarios/final_trial_500.csv,clue_search,02,118,100,88,31,0,1,1,241,119,122,241,0,205,clue:4;collision_intent:119;state:118,721,0,completed
156,dcta_parity_v1,topk_filter,aa0724188407797eae5187348bee11ee9f51317c4e8a201863b052786aa2f1df,823213c90703fd83224ad7122ee730ba64af3769ea517af252103bddd907f681,DMCHBA,ideal,1.0,19,361,4,0.1,36,,,dmchba_topk_10,/home/agxorin/topk_filter_study/simulator/scenarios/final_trial_500.csv,clue_search,03,119,102,72,48,0,3,3,245,122,123,245,0,211,clue:4;collision_intent:122;state:119,716,0,completed
157,dcta_parity_v1,topk_filter,aa0724188407797eae5187348bee11ee9f51317c4e8a201863b052786aa2f1df,823213c90703fd83224ad7122ee730ba64af3769ea517af252103bddd907f681,DMCHBA,ideal,1.0,19,361,4,0.1,36,,,dmchba_topk_10,/home/agxorin/topk_filter_study/simulator/scenarios/final_trial_500.csv,clue_search,00,13,13,13,1,0,0,0,27,13,14,27,0,27,clue:1;collision_intent:13;state:13,76,0,completed
157,dcta_parity_v1,topk_filter,aa0724188407797eae5187348bee11ee9f51317c4e8a201863b052786aa2f1df,823213c90703fd83224ad7122ee730ba64af3769ea517af252103bddd907f681,DMCHBA,ideal,1.0,19,361,4,0.1,36,,,dmchba_topk_10,/home/agxorin/topk_filter_study/simulator/scenarios/final_trial_500.csv,clue_search,01,12,12,11,2,0,0,0,25,12,13,25,0,25,clue:1;collision_intent:12;state:12,79,0,completed
157,dcta_parity_v1,topk_filter,aa0724188407797eae5187348bee11ee9f51317c4e8a201863b052786aa2f1df,823213c90703fd83224ad7122ee730ba64af3769ea517af252103bddd907f681,DMCHBA,ideal,1.0,19,361,4,0.1,36,,,dmchba_topk_10,/home/agxorin/topk_filter_study/simulator/scenarios/final_trial_500.csv,clue_search,02,12,12,13,0,0,0,0,25,12,13,25,0,25,clue:1;collision_intent:12;state:12,79,0,completed
157,dcta_parity_v1,topk_filter,aa0724188407797eae5187348bee11ee9f51317c4e8a201863b052786aa2f1df,823213c90703fd83224ad7122ee730ba64af3769ea517af252103bddd907f681,DMCHBA,ideal,1.0,19,361,4,0.1,36,,,dmchba_topk_10,/home/agxorin/topk_filter_study/simulator/scenarios/final_trial_500.csv,clue_search,03,13,13,13,1,0,0,0,28,14,14,28,0,28,clue:1;collision_intent:13;state:13;target:1,77,0,completed
158,dcta_parity_v1,topk_filter,aa0724188407797eae5187348bee11ee9f51317c4e8a201863b052786aa2f1df,823213c90703fd83224ad7122ee730ba64af3769ea517af252103bddd907f681,DMCHBA,ideal,1.0,19,361,4,0.1,36,,,dmchba_topk_10,/home/agxorin/topk_filter_study/simulator/scenarios/final_trial_500.csv,clue_search,00,18,17,19,0,0,0,0,38,19,19,38,0,36,clue:1;collision_intent:19;state:18,113,0,completed
158,dcta_parity_v1,topk_filter,aa0724188407797eae5187348bee11ee9f51317c4e8a201863b052786aa2f1df,823213c90703fd83224ad7122ee730ba64af3769ea517af252103bddd907f681,DMCHBA,ideal,1.0,19,361,4,0.1,36,,,dmchba_topk_10,/home/agxorin/topk_filter_study/simulator/scenarios/final_trial_500.csv,clue_search,01,18,18,16,3,0,0,0,38,19,19,38,0,37,clue:1;collision_intent:18;state:18;target:1,114,0,completed
158,dcta_parity_v1,topk_filter,aa0724188407797eae5187348bee11ee9f51317c4e8a201863b052786aa2f1df,823213c90703fd83224ad7122ee730ba64af3769ea517af252103bddd907f681,DMCHBA,ideal,1.0,19,361,4,0.1,36,,,dmchba_topk_10,/home/agxorin/topk_filter_study/simulator/scenarios/final_trial_500.csv,clue_search,02,18,17,19,0,0,0,0,37,18,19,37,0,35,clue:1;collision_intent:18;state:18,113,0,completed
158,dcta_parity_v1,topk_filter,aa0724188407797eae5187348bee11ee9f51317c4e8a201863b052786aa2f1df,823213c90703fd83224ad7122ee730ba64af3769ea517af252103bddd907f681,DMCHBA,ideal,1.0,19,361,4,0.1,36,,,dmchba_topk_10,/home/agxorin/topk_filter_study/simulator/scenarios/final_trial_500.csv,clue_search,03,17,16,11,7,0,4,4,39,21,18,39,0,37,clue:1;collision_intent:21;state:17,112,0,completed
159,dcta_parity_v1,topk_filter,aa0724188407797eae5187348bee11ee9f51317c4e8a201863b052786aa2f1df,823213c90703fd83224ad7122ee730ba64af3769ea517af252103bddd907f681,DMCHBA,ideal,1.0,19,361,4,0.1,36,,,dmchba_topk_10,/home/agxorin/topk_filter_study/simulator/scenarios/final_trial_500.csv,clue_search,00,9,0,10,0,0,0,0,18,9,9,18,0,0,collision_intent:9;state:9,53,0,completed
159,dcta_parity_v1,topk_filter,aa0724188407797eae5187348bee11ee9f51317c4e8a201863b052786aa2f1df,823213c90703fd83224ad7122ee730ba64af3769ea517af252103bddd907f681,DMCHBA,ideal,1.0,19,361,4,0.1,36,,,dmchba_topk_10,/home/agxorin/topk_filter_study/simulator/scenarios/final_trial_500.csv,clue_search,01,9,0,10,0,0,0,0,18,9,9,18,0,0,collision_intent:9;state:9,55,0,completed
159,dcta_parity_v1,topk_filter,aa0724188407797eae5187348bee11ee9f51317c4e8a201863b052786aa2f1df,823213c90703fd83224ad7122ee730ba64af3769ea517af252103bddd907f681,DMCHBA,ideal,1.0,19,361,4,0.1,36,,,dmchba_topk_10,/home/agxorin/topk_filter_study/simulator/scenarios/final_trial_500.csv,clue_search,02,9,0,10,0,0,0,0,18,9,9,18,0,0,collision_intent:9;state:9,54,0,completed
159,dcta_parity_v1,topk_filter,aa0724188407797eae5187348bee11ee9f51317c4e8a201863b052786aa2f1df,823213c90703fd83224ad7122ee730ba64af3769ea517af252103bddd907f681,DMCHBA,ideal,1.0,19,361,4,0.1,36,,,dmchba_topk_10,/home/agxorin/topk_filter_study/simulator/scenarios/final_trial_500.csv,clue_search,03,9,0,10,0,0,0,0,19,10,9,19,0,0,collision_intent:9;state:9;target:1,54,0,completed
160,dcta_parity_v1,topk_filter,aa0724188407797eae5187348bee11ee9f51317c4e8a201863b052786aa2f1df,823213c90703fd83224ad7122ee730ba64af3769ea517af252103bddd907f681,DMCHBA,ideal,1.0,19,361,4,0.1,36,,,dmchba_topk_10,/home/agxorin/topk_filter_study/simulator/scenarios/final_trial_500.csv,clue_search,00,105,78,93,13,0,0,0,213,105,108,213,0,159,clue:3;collision_intent:105;state:105,640,0,completed
160,dcta_parity_v1,topk_filter,aa0724188407797eae5187348bee11ee9f51317c4e8a201863b052786aa2f1df,823213c90703fd83224ad7122ee730ba64af3769ea517af252103bddd907f681,DMCHBA,ideal,1.0,19,361,4,0.1,36,,,dmchba_topk_10,/home/agxorin/topk_filter_study/simulator/scenarios/final_trial_500.csv,clue_search,01,106,79,85,22,0,0,0,216,107,109,216,0,162,clue:3;collision_intent:106;state:106;target:1,639,0,completed
160,dcta_parity_v1,topk_filter,aa0724188407797eae5187348bee11ee9f51317c4e8a201863b052786aa2f1df,823213c90703fd83224ad7122ee730ba64af3769ea517af252103bddd907f681,DMCHBA,ideal,1.0,19,361,4,0.1,36,,,dmchba_topk_10,/home/agxorin/topk_filter_study/simulator/scenarios/final_trial_500.csv,clue_search,02,107,80,67,41,0,0,0,217,107,110,217,0,163,clue:3;collision_intent:107;state:107,638,0,completed
160,dcta_parity_v1,topk_filter,aa0724188407797eae5187348bee11ee9f51317c4e8a201863b052786aa2f1df,823213c90703fd83224ad7122ee730ba64af3769ea517af252103bddd907f681,DMCHBA,ideal,1.0,19,361,4,0.1,36,,,dmchba_topk_10,/home/agxorin/topk_filter_study/simulator/scenarios/final_trial_500.csv,clue_search,03,103,76,84,20,0,0,0,209,103,106,209,0,155,clue:3;collision_intent:103;state:103,645,0,completed
161,dcta_parity_v1,topk_filter,aa0724188407797eae5187348bee11ee9f51317c4e8a201863b052786aa2f1df,823213c90703fd83224ad7122ee730ba64af3769ea517af252103bddd907f681,DMCHBA,ideal,1.0,19,361,4,0.1,36,,,dmchba_topk_10,/home/agxorin/topk_filter_study/simulator/scenarios/final_trial_500.csv,clue_search,00,6,0,7,0,0,0,0,12,6,6,12,0,0,collision_intent:6;state:6,36,0,completed
161,dcta_parity_v1,topk_filter,aa0724188407797eae5187348bee11ee9f51317c4e8a201863b052786aa2f1df,823213c90703fd83224ad7122ee730ba64af3769ea517af252103bddd907f681,DMCHBA,ideal,1.0,19,361,4,0.1,36,,,dmchba_topk_10,/home/agxorin/topk_filter_study/simulator/scenarios/final_trial_500.csv,clue_search,01,6,0,7,0,0,0,0,13,7,6,13,0,0,collision_intent:6;state:6;target:1,36,0,completed
161,dcta_parity_v1,topk_filter,aa0724188407797eae5187348bee11ee9f51317c4e8a201863b052786aa2f1df,823213c90703fd83224ad7122ee730ba64af3769ea517af252103bddd907f681,DMCHBA,ideal,1.0,19,361,4,0.1,36,,,dmchba_topk_10,/home/agxorin/topk_filter_study/simulator/scenarios/final_trial_500.csv,clue_search,02,6,0,7,0,0,0,0,12,6,6,12,0,0,collision_intent:6;state:6,35,0,completed
161,dcta_parity_v1,topk_filter,aa0724188407797eae5187348bee11ee9f51317c4e8a201863b052786aa2f1df,823213c90703fd83224ad7122ee730ba64af3769ea517af252103bddd907f681,DMCHBA,ideal,1.0,19,361,4,0.1,36,,,dmchba_topk_10,/home/agxorin/topk_filter_study/simulator/scenarios/final_trial_500.csv,clue_search,03,6,0,7,0,0,0,0,12,6,6,12,0,0,collision_intent:6;state:6,35,0,completed
162,dcta_parity_v1,topk_filter,aa0724188407797eae5187348bee11ee9f51317c4e8a201863b052786aa2f1df,823213c90703fd83224ad7122ee730ba64af3769ea517af252103bddd907f681,DMCHBA,ideal,1.0,19,361,4,0.1,36,,,dmchba_topk_10,/home/agxorin/topk_filter_study/simulator/scenarios/final_trial_500.csv,clue_search,00,16,14,16,1,0,0,0,34,16,18,34,0,30,clue:2;collision_intent:16;state:16,97,0,completed
162,dcta_parity_v1,topk_filter,aa0724188407797eae5187348bee11ee9f51317c4e8a201863b052786aa2f1df,823213c90703fd83224ad7122ee730ba64af3769ea517af252103bddd907f681,DMCHBA,ideal,1.0,19,361,4,0.1,36,,,dmchba_topk_10,/home/agxorin/topk_filter_study/simulator/scenarios/final_trial_500.csv,clue_search,01,15,14,14,2,0,0,0,32,15,17,32,0,29,clue:2;collision_intent:15;state:15,98,0,completed
162,dcta_parity_v1,topk_filter,aa0724188407797eae5187348bee11ee9f51317c4e8a201863b052786aa2f1df,823213c90703fd83224ad7122ee730ba64af3769ea517af252103bddd907f681,DMCHBA,ideal,1.0,19,361,4,0.1,36,,,dmchba_topk_10,/home/agxorin/topk_filter_study/simulator/scenarios/final_trial_500.csv,clue_search,02,15,13,15,1,0,0,0,33,16,17,33,0,29,clue:2;collision_intent:16;state:15,98,0,completed
162,dcta_parity_v1,topk_filter,aa0724188407797eae5187348bee11ee9f51317c4e8a201863b052786aa2f1df,823213c90703fd83224ad7122ee730ba64af3769ea517af252103bddd907f681,DMCHBA,ideal,1.0,19,361,4,0.1,36,,,dmchba_topk_10,/home/agxorin/topk_filter_study/simulator/scenarios/final_trial_500.csv,clue_search,03,15,13,13,3,0,0,0,33,16,17,33,0,29,clue:2;collision_intent:15;state:15;target:1,99,0,completed
163,dcta_parity_v1,topk_filter,aa0724188407797eae5187348bee11ee9f51317c4e8a201863b052786aa2f1df,823213c90703fd83224ad7122ee730ba64af3769ea517af252103bddd907f681,DMCHBA,ideal,1.0,19,361,4,0.1,36,,,dmchba_topk_10,/home/agxorin/topk_filter_study/simulator/scenarios/final_trial_500.csv,clue_search,00,84,46,67,18,0,0,0,170,84,86,170,0,94,clue:2;collision_intent:84;state:84,505,0,completed
163,dcta_parity_v1,topk_filter,aa0724188407797eae5187348bee11ee9f51317c4e8a201863b052786aa2f1df,823213c90703fd83224ad7122ee730ba64af3769ea517af252103bddd907f681,DMCHBA,ideal,1.0,19,361,4,0.1,36,,,dmchba_topk_10,/home/agxorin/topk_filter_study/simulator/scenarios/final_trial_500.csv,clue_search,01,83,45,77,7,0,0,0,168,83,85,168,0,92,clue:2;collision_intent:83;state:83,508,0,completed
163,dcta_parity_v1,topk_filter,aa0724188407797eae5187348bee11ee9f51317c4e8a201863b052786aa2f1df,823213c90703fd83224ad7122ee730ba64af3769ea517af252103bddd907f681,DMCHBA,ideal,1.0,19,361,4,0.1,36,,,dmchba_topk_10,/home/agxorin/topk_filter_study/simulator/scenarios/final_trial_500.csv,clue_search,02,84,46,72,13,0,0,0,170,84,86,170,0,94,clue:2;collision_intent:84;state:84,505,0,completed
163,dcta_parity_v1,topk_filter,aa0724188407797eae5187348bee11ee9f51317c4e8a201863b052786aa2f1df,823213c90703fd83224ad7122ee730ba64af3769ea517af252103bddd907f681,DMCHBA,ideal,1.0,19,361,4,0.1,36,,,dmchba_topk_10,/home/agxorin/topk_filter_study/simulator/scenarios/final_trial_500.csv,clue_search,03,83,46,77,7,0,0,0,169,84,85,169,0,95,clue:2;collision_intent:83;state:83;target:1,508,0,completed
164,dcta_parity_v1,topk_filter,aa0724188407797eae5187348bee11ee9f51317c4e8a201863b052786aa2f1df,823213c90703fd83224ad7122ee730ba64af3769ea517af252103bddd907f681,DMCHBA,ideal,1.0,19,361,4,0.1,36,,,dmchba_topk_10,/home/agxorin/topk_filter_study/simulator/scenarios/final_trial_500.csv,clue_search,00,78,56,77,2,0,0,0,160,78,82,160,0,116,clue:4;collision_intent:78;state:78,491,0,completed
164,dcta_parity_v1,topk_filter,aa0724188407797eae5187348bee11ee9f51317c4e8a201863b052786aa2f1df,823213c90703fd83224ad7122ee730ba64af3769ea517af252103bddd907f681,DMCHBA,ideal,1.0,19,361,4,0.1,36,,,dmchba_topk_10,/home/agxorin/topk_filter_study/simulator/scenarios/final_trial_500.csv,clue_search,01,79,58,67,13,0,2,2,165,82,83,165,0,123,clue:4;collision_intent:81;state:79;target:1,487,0,completed
164,dcta_parity_v1,topk_filter,aa0724188407797eae5187348bee11ee9f51317c4e8a201863b052786aa2f1df,823213c90703fd83224ad7122ee730ba64af3769ea517af252103bddd907f681,DMCHBA,ideal,1.0,19,361,4,0.1,36,,,dmchba_topk_10,/home/agxorin/topk_filter_study/simulator/scenarios/final_trial_500.csv,clue_search,02,79,57,68,12,0,1,1,163,80,83,163,0,119,clue:4;collision_intent:80;state:79,488,0,completed
164,dcta_parity_v1,topk_filter,aa0724188407797eae5187348bee11ee9f51317c4e8a201863b052786aa2f1df,823213c90703fd83224ad7122ee730ba64af3769ea517af252103bddd907f681,DMCHBA,ideal,1.0,19,361,4,0.1,36,,,dmchba_topk_10,/home/agxorin/topk_filter_study/simulator/scenarios/final_trial_500.csv,clue_search,03,80,59,59,22,0,0,0,164,80,84,164,0,121,clue:4;collision_intent:80;state:80,487,0,completed
165,dcta_parity_v1,topk_filter,aa0724188407797eae5187348bee11ee9f51317c4e8a201863b052786aa2f1df,823213c90703fd83224ad7122ee730ba64af3769ea517af252103bddd907f681,DMCHBA,ideal,1.0,19,361,4,0.1,36,,,dmchba_topk_10,/home/agxorin/topk_filter_study/simulator/scenarios/final_trial_500.csv,clue_search,00,82,58,59,24,0,0,0,166,82,84,166,0,118,clue:2;collision_intent:82;state:82,486,0,completed
165,dcta_parity_v1,topk_filter,aa0724188407797eae5187348bee11ee9f51317c4e8a201863b052786aa2f1df,823213c90703fd83224ad7122ee730ba64af3769ea517af252103bddd907f681,DMCHBA,ideal,1.0,19,361,4,0.1,36,,,dmchba_topk_10,/home/agxorin/topk_filter_study/simulator/scenarios/final_trial_500.csv,clue_search,01,80,56,70,11,0,0,0,162,80,82,162,0,114,clue:2;collision_intent:80;state:80,491,0,completed
165,dcta_parity_v1,topk_filter,aa0724188407797eae5187348bee11ee9f51317c4e8a201863b052786aa2f1df,823213c90703fd83224ad7122ee730ba64af3769ea517af252103bddd907f681,DMCHBA,ideal,1.0,19,361,4,0.1,36,,,dmchba_topk_10,/home/agxorin/topk_filter_study/simulator/scenarios/final_trial_500.csv,clue_search,02,81,57,76,6,0,0,0,165,82,83,165,0,117,clue:2;collision_intent:81;state:81;target:1,488,0,completed
165,dcta_parity_v1,topk_filter,aa0724188407797eae5187348bee11ee9f51317c4e8a201863b052786aa2f1df,823213c90703fd83224ad7122ee730ba64af3769ea517af252103bddd907f681,DMCHBA,ideal,1.0,19,361,4,0.1,36,,,dmchba_topk_10,/home/agxorin/topk_filter_study/simulator/scenarios/final_trial_500.csv,clue_search,03,79,55,60,20,0,0,0,160,79,81,160,0,112,clue:2;collision_intent:79;state:79,493,0,completed
166,dcta_parity_v1,topk_filter,aa0724188407797eae5187348bee11ee9f51317c4e8a201863b052786aa2f1df,823213c90703fd83224ad7122ee730ba64af3769ea517af252103bddd907f681,DMCHBA,ideal,1.0,19,361,4,0.1,36,,,dmchba_topk_10,/home/agxorin/topk_filter_study/simulator/scenarios/final_trial_500.csv,clue_search,00,106,99,85,22,0,0,0,216,106,110,216,0,202,clue:4;collision_intent:106;state:106,664,0,completed
166,dcta_parity_v1,topk_filter,aa0724188407797eae5187348bee11ee9f51317c4e8a201863b052786aa2f1df,823213c90703fd83224ad7122ee730ba64af3769ea517af252103bddd907f681,DMCHBA,ideal,1.0,19,361,4,0.1,36,,,dmchba_topk_10,/home/agxorin/topk_filter_study/simulator/scenarios/final_trial_500.csv,clue_search,01,109,103,87,23,0,0,0,223,110,113,223,0,211,clue:4;collision_intent:109;state:109;target:1,658,0,completed
166,dcta_parity_v1,topk_filter,aa0724188407797eae5187348bee11ee9f51317c4e8a201863b052786aa2f1df,823213c90703fd83224ad7122ee730ba64af3769ea517af252103bddd907f681,DMCHBA,ideal,1.0,19,361,4,0.1,36,,,dmchba_topk_10,/home/agxorin/topk_filter_study/simulator/scenarios/final_trial_500.csv,clue_search,02,107,100,82,26,0,2,2,220,109,111,220,0,206,clue:4;collision_intent:109;state:107,660,0,completed
166,dcta_parity_v1,topk_filter,aa0724188407797eae5187348bee11ee9f51317c4e8a201863b052786aa2f1df,823213c90703fd83224ad7122ee730ba64af3769ea517af252103bddd907f681,DMCHBA,ideal,1.0,19,361,4,0.1,36,,,dmchba_topk_10,/home/agxorin/topk_filter_study/simulator/scenarios/final_trial_500.csv,clue_search,03,108,102,78,31,0,2,2,222,110,112,222,0,210,clue:4;collision_intent:110;state:108,658,0,completed
167,dcta_parity_v1,topk_filter,aa0724188407797eae5187348bee11ee9f51317c4e8a201863b052786aa2f1df,823213c90703fd83224ad7122ee730ba64af3769ea517af252103bddd907f681,DMCHBA,ideal,1.0,19,361,4,0.1,36,,,dmchba_topk_10,/home/agxorin/topk_filter_study/simulator/scenarios/final_trial_500.csv,clue_search,00,49,42,50,0,0,0,0,100,49,51,100,0,86,clue:2;collision_intent:49;state:49,309,0,completed
167,dcta_parity_v1,topk_filter,aa0724188407797eae5187348bee11ee9f51317c4e8a201863b052786aa2f1df,823213c90703fd83224ad7122ee730ba64af3769ea517af252103bddd907f681,DMCHBA,ideal,1.0,19,361,4,0.1,36,,,dmchba_topk_10,/home/agxorin/topk_filter_study/simulator/scenarios/final_trial_500.csv,clue_search,01,49,43,41,9,0,0,0,100,49,51,100,0,88,clue:2;collision_intent:49;state:49,309,0,completed
167,dcta_parity_v1,topk_filter,aa0724188407797eae5187348bee11ee9f51317c4e8a201863b052786aa2f1df,823213c90703fd83224ad7122ee730ba64af3769ea517af252103bddd907f681,DMCHBA,ideal,1.0,19,361,4,0.1,36,,,dmchba_topk_10,/home/agxorin/topk_filter_study/simulator/scenarios/final_trial_500.csv,clue_search,02,51,44,44,8,0,0,0,104,51,53,104,0,90,clue:2;collision_intent:51;state:51,307,0,completed
167,dcta_parity_v1,topk_filter,aa0724188407797eae5187348bee11ee9f51317c4e8a201863b052786aa2f1df,823213c90703fd83224ad7122ee730ba64af3769ea517af252103bddd907f681,DMCHBA,ideal,1.0,19,361,4,0.1,36,,,dmchba_topk_10,/home/agxorin/topk_filter_study/simulator/scenarios/final_trial_500.csv,clue_search,03,52,46,36,17,0,0,0,107,53,54,107,0,95,clue:2;collision_intent:52;state:52;target:1,304,0,completed
168,dcta_parity_v1,topk_filter,aa0724188407797eae5187348bee11ee9f51317c4e8a201863b052786aa2f1df,823213c90703fd83224ad7122ee730ba64af3769ea517af252103bddd907f681,DMCHBA,ideal,1.0,19,361,4,0.1,36,,,dmchba_topk_10,/home/agxorin/topk_filter_study/simulator/scenarios/final_trial_500.csv,clue_search,00,46,44,41,6,0,0,0,95,47,48,95,0,90,clue:2;collision_intent:46;state:46;target:1,274,0,completed
168,dcta_parity_v1,topk_filter,aa0724188407797eae5187348bee11ee9f51317c4e8a201863b052786aa2f1df,823213c90703fd83224ad7122ee730ba64af3769ea517af252103bddd907f681,DMCHBA,ideal,1.0,19,361,4,0.1,36,,,dmchba_topk_10,/home/agxorin/topk_filter_study/simulator/scenarios/final_trial_500.csv,clue_search,01,45,43,40,6,0,0,0,92,45,47,92,0,88,clue:2;collision_intent:45;state:45,276,0,completed
168,dcta_parity_v1,topk_filter,aa0724188407797eae5187348bee11ee9f51317c4e8a201863b052786aa2f1df,823213c90703fd83224ad7122ee730ba64af3769ea517af252103bddd907f681,DMCHBA,ideal,1.0,19,361,4,0.1,36,,,dmchba_topk_10,/home/agxorin/topk_filter_study/simulator/scenarios/final_trial_500.csv,clue_search,02,43,40,41,3,0,2,1,91,46,45,91,0,85,clue:2;collision_intent:46;state:43,276,0,completed
168,dcta_parity_v1,topk_filter,aa0724188407797eae5187348bee11ee9f51317c4e8a201863b052786aa2f1df,823213c90703fd83224ad7122ee730ba64af3769ea517af252103bddd907f681,DMCHBA,ideal,1.0,19,361,4,0.1,36,,,dmchba_topk_10,/home/agxorin/topk_filter_study/simulator/scenarios/final_trial_500.csv,clue_search,03,44,42,43,2,0,0,0,91,45,46,91,0,87,clue:2;collision_intent:45;state:44,276,0,completed
169,dcta_parity_v1,topk_filter,aa0724188407797eae5187348bee11ee9f51317c4e8a201863b052786aa2f1df,823213c90703fd83224ad7122ee730ba64af3769ea517af252103bddd907f681,DMCHBA,ideal,1.0,19,361,4,0.1,36,,,dmchba_topk_10,/home/agxorin/topk_filter_study/simulator/scenarios/final_trial_500.csv,clue_search,00,23,23,24,0,0,0,0,48,23,25,48,0,48,clue:2;collision_intent:23;state:23,146,0,completed
169,dcta_parity_v1,topk_filter,aa0724188407797eae5187348bee11ee9f51317c4e8a201863b052786aa2f1df,823213c90703fd83224ad7122ee730ba64af3769ea517af252103bddd907f681,DMCHBA,ideal,1.0,19,361,4,0.1,36,,,dmchba_topk_10,/home/agxorin/topk_filter_study/simulator/scenarios/final_trial_500.csv,clue_search,01,24,24,17,8,0,0,0,50,24,26,50,0,50,clue:2;collision_intent:24;state:24,144,0,completed
169,dcta_parity_v1,topk_filter,aa0724188407797eae5187348bee11ee9f51317c4e8a201863b052786aa2f1df,823213c90703fd83224ad7122ee730ba64af3769ea517af252103bddd907f681,DMCHBA,ideal,1.0,19,361,4,0.1,36,,,dmchba_topk_10,/home/agxorin/topk_filter_study/simulator/scenarios/final_trial_500.csv,clue_search,02,23,23,23,1,0,0,0,49,24,25,49,0,49,clue:2;collision_intent:23;state:23;target:1,146,0,completed
169,dcta_parity_v1,topk_filter,aa0724188407797eae5187348bee11ee9f51317c4e8a201863b052786aa2f1df,823213c90703fd83224ad7122ee730ba64af3769ea517af252103bddd907f681,DMCHBA,ideal,1.0,19,361,4,0.1,36,,,dmchba_topk_10,/home/agxorin/topk_filter_study/simulator/scenarios/final_trial_500.csv,clue_search,03,23,23,21,3,0,0,0,48,23,25,48,0,48,clue:2;collision_intent:23;state:23,145,0,completed
170,dcta_parity_v1,topk_filter,aa0724188407797eae5187348bee11ee9f51317c4e8a201863b052786aa2f1df,823213c90703fd83224ad7122ee730ba64af3769ea517af252103bddd907f681,DMCHBA,ideal,1.0,19,361,4,0.1,36,,,dmchba_topk_10,/home/agxorin/topk_filter_study/simulator/scenarios/final_trial_500.csv,clue_search,00,26,4,27,0,0,0,0,53,26,27,53,0,9,clue:1;collision_intent:26;state:26,155,0,completed
170,dcta_parity_v1,topk_filter,aa0724188407797eae5187348bee11ee9f51317c4e8a201863b052786aa2f1df,823213c90703fd83224ad7122ee730ba64af3769ea517af252103bddd907f681,DMCHBA,ideal,1.0,19,361,4,0.1,36,,,dmchba_topk_10,/home/agxorin/topk_filter_study/simulator/scenarios/final_trial_500.csv,clue_search,01,25,4,25,1,0,0,0,51,25,26,51,0,9,clue:1;collision_intent:25;state:25,158,0,completed
170,dcta_parity_v1,topk_filter,aa0724188407797eae5187348bee11ee9f51317c4e8a201863b052786aa2f1df,823213c90703fd83224ad7122ee730ba64af3769ea517af252103bddd907f681,DMCHBA,ideal,1.0,19,361,4,0.1,36,,,dmchba_topk_10,/home/agxorin/topk_filter_study/simulator/scenarios/final_trial_500.csv,clue_search,02,26,4,27,0,0,0,0,54,27,27,54,0,10,clue:1;collision_intent:26;state:26;target:1,155,0,completed
170,dcta_parity_v1,topk_filter,aa0724188407797eae5187348bee11ee9f51317c4e8a201863b052786aa2f1df,823213c90703fd83224ad7122ee730ba64af3769ea517af252103bddd907f681,DMCHBA,ideal,1.0,19,361,4,0.1,36,,,dmchba_topk_10,/home/agxorin/topk_filter_study/simulator/scenarios/final_trial_500.csv,clue_search,03,25,4,26,0,0,0,0,51,25,26,51,0,9,clue:1;collision_intent:25;state:25,156,0,completed
171,dcta_parity_v1,topk_filter,aa0724188407797eae5187348bee11ee9f51317c4e8a201863b052786aa2f1df,823213c90703fd83224ad7122ee730ba64af3769ea517af252103bddd907f681,DMCHBA,ideal,1.0,19,361,4,0.1,36,,,dmchba_topk_10,/home/agxorin/topk_filter_study/simulator/scenarios/final_trial_500.csv,clue_search,00,45,34,44,2,0,0,0,94,46,48,94,0,72,clue:3;collision_intent:45;state:45;target:1,273,0,completed
171,dcta_parity_v1,topk_filter,aa0724188407797eae5187348bee11ee9f51317c4e8a201863b052786aa2f1df,823213c90703fd83224ad7122ee730ba64af3769ea517af252103bddd907f681,DMCHBA,ideal,1.0,19,361,4,0.1,36,,,dmchba_topk_10,/home/agxorin/topk_filter_study/simulator/scenarios/final_trial_500.csv,clue_search,01,43,32,44,0,0,0,0,89,43,46,89,0,67,clue:3;collision_intent:43;state:43,277,0,completed
171,dcta_parity_v1,topk_filter,aa0724188407797eae5187348bee11ee9f51317c4e8a201863b052786aa2f1df,823213c90703fd83224ad7122ee730ba64af3769ea517af252103bddd907f681,DMCHBA,ideal,1.0,19,361,4,0.1,36,,,dmchba_topk_10,/home/agxorin/topk_filter_study/simulator/scenarios/final_trial_500.csv,clue_search,02,45,34,41,5,0,0,0,93,45,48,93,0,71,clue:3;collision_intent:45;state:45,274,0,completed
171,dcta_parity_v1,topk_filter,aa0724188407797eae5187348bee11ee9f51317c4e8a201863b052786aa2f1df,823213c90703fd83224ad7122ee730ba64af3769ea517af252103bddd907f681,DMCHBA,ideal,1.0,19,361,4,0.1,36,,,dmchba_topk_10,/home/agxorin/topk_filter_study/simulator/scenarios/final_trial_500.csv,clue_search,03,44,33,40,5,0,0,0,91,44,47,91,0,69,clue:3;collision_intent:44;state:44,276,0,completed
172,dcta_parity_v1,topk_filter,aa0724188407797eae5187348bee11ee9f51317c4e8a201863b052786aa2f1df,823213c90703fd83224ad7122ee730ba64af3769ea517af252103bddd907f681,DMCHBA,ideal,1.0,19,361,4,0.1,36,,,dmchba_topk_10,/home/agxorin/topk_filter_study/simulator/scenarios/final_trial_500.csv,clue_search,00,3,0,4,0,0,0,0,7,3,4,7,0,1,clue:1;collision_intent:3;state:3,22,0,completed
172,dcta_parity_v1,topk_filter,aa0724188407797eae5187348bee11ee9f51317c4e8a201863b052786aa2f1df,823213c90703fd83224ad7122ee730ba64af3769ea517af252103bddd907f681,DMCHBA,ideal,1.0,19,361,4,0.1,36,,,dmchba_topk_10,/home/agxorin/topk_filter_study/simulator/scenarios/final_trial_500.csv,clue_search,01,3,1,4,0,0,0,0,8,4,4,8,0,4,clue:1;collision_intent:3;state:3;target:1,21,0,completed
172,dcta_parity_v1,topk_filter,aa0724188407797eae5187348bee11ee9f51317c4e8a201863b052786aa2f1df,823213c90703fd83224ad7122ee730ba64af3769ea517af252103bddd907f681,DMCHBA,ideal,1.0,19,361,4,0.1,36,,,dmchba_topk_10,/home/agxorin/topk_filter_study/simulator/scenarios/final_trial_500.csv,clue_search,02,3,1,4,0,0,0,0,7,3,4,7,0,2,clue:1;collision_intent:3;state:3,21,0,completed
172,dcta_parity_v1,topk_filter,aa0724188407797eae5187348bee11ee9f51317c4e8a201863b052786aa2f1df,823213c90703fd83224ad7122ee730ba64af3769ea517af252103bddd907f681,DMCHBA,ideal,1.0,19,361,4,0.1,36,,,dmchba_topk_10,/home/agxorin/topk_filter_study/simulator/scenarios/final_trial_500.csv,clue_search,03,3,1,4,0,0,0,0,7,3,4,7,0,3,clue:1;collision_intent:3;state:3,20,0,completed
173,dcta_parity_v1,topk_filter,aa0724188407797eae5187348bee11ee9f51317c4e8a201863b052786aa2f1df,823213c90703fd83224ad7122ee730ba64af3769ea517af252103bddd907f681,DMCHBA,ideal,1.0,19,361,4,0.1,36,,,dmchba_topk_10,/home/agxorin/topk_filter_study/simulator/scenarios/final_trial_500.csv,clue_search,00,37,0,38,0,0,0,0,75,38,37,75,0,0,collision_intent:38;state:37,221,0,completed
173,dcta_parity_v1,topk_filter,aa0724188407797eae5187348bee11ee9f51317c4e8a201863b052786aa2f1df,823213c90703fd83224ad7122ee730ba64af3769ea517af252103bddd907f681,DMCHBA,ideal,1.0,19,361,4,0.1,36,,,dmchba_topk_10,/home/agxorin/topk_filter_study/simulator/scenarios/final_trial_500.csv,clue_search,01,37,0,38,0,0,0,0,75,38,37,75,0,0,collision_intent:37;state:37;target:1,223,0,completed
173,dcta_parity_v1,topk_filter,aa0724188407797eae5187348bee11ee9f51317c4e8a201863b052786aa2f1df,823213c90703fd83224ad7122ee730ba64af3769ea517af252103bddd907f681,DMCHBA,ideal,1.0,19,361,4,0.1,36,,,dmchba_topk_10,/home/agxorin/topk_filter_study/simulator/scenarios/final_trial_500.csv,clue_search,02,37,0,38,0,0,0,0,74,37,37,74,0,0,collision_intent:37;state:37,223,0,completed
173,dcta_parity_v1,topk_filter,aa0724188407797eae5187348bee11ee9f51317c4e8a201863b052786aa2f1df,823213c90703fd83224ad7122ee730ba64af3769ea517af252103bddd907f681,DMCHBA,ideal,1.0,19,361,4,0.1,36,,,dmchba_topk_10,/home/agxorin/topk_filter_study/simulator/scenarios/final_trial_500.csv,clue_search,03,37,0,38,0,0,0,0,74,37,37,74,0,0,collision_intent:37;state:37,223,0,completed
174,dcta_parity_v1,topk_filter,aa0724188407797eae5187348bee11ee9f51317c4e8a201863b052786aa2f1df,823213c90703fd83224ad7122ee730ba64af3769ea517af252103bddd907f681,DMCHBA,ideal,1.0,19,361,4,0.1,36,,,dmchba_topk_10,/home/agxorin/topk_filter_study/simulator/scenarios/final_trial_500.csv,clue_search,00,36,27,35,2,0,0,0,75,37,38,75,0,57,clue:2;collision_intent:36;state:36;target:1,223,0,completed
174,dcta_parity_v1,topk_filter,aa0724188407797eae5187348bee11ee9f51317c4e8a201863b052786aa2f1df,823213c90703fd83224ad7122ee730ba64af3769ea517af252103bddd907f681,DMCHBA,ideal,1.0,19,361,4,0.1,36,,,dmchba_topk_10,/home/agxorin/topk_filter_study/simulator/scenarios/final_trial_500.csv,clue_search,01,36,28,35,2,0,0,0,74,36,38,74,0,58,clue:2;collision_intent:36;state:36,224,0,completed
174,dcta_parity_v1,topk_filter,aa0724188407797eae5187348bee11ee9f51317c4e8a201863b052786aa2f1df,823213c90703fd83224ad7122ee730ba64af3769ea517af252103bddd907f681,DMCHBA,ideal,1.0,19,361,4,0.1,36,,,dmchba_topk_10,/home/agxorin/topk_filter_study/simulator/scenarios/final_trial_500.csv,clue_search,02,36,28,35,2,0,0,0,74,36,38,74,0,58,clue:2;collision_intent:36;state:36,224,0,completed
174,dcta_parity_v1,topk_filter,aa0724188407797eae5187348bee11ee9f51317c4e8a201863b052786aa2f1df,823213c90703fd83224ad7122ee730ba64af3769ea517af252103bddd907f681,DMCHBA,ideal,1.0,19,361,4,0.1,36,,,dmchba_topk_10,/home/agxorin/topk_filter_study/simulator/scenarios/final_trial_500.csv,clue_search,03,36,28,33,4,0,0,0,75,37,38,75,0,59,clue:2;collision_intent:37;state:36,223,0,completed
175,dcta_parity_v1,topk_filter,aa0724188407797eae5187348bee11ee9f51317c4e8a201863b052786aa2f1df,823213c90703fd83224ad7122ee730ba64af3769ea517af252103bddd907f681,DMCHBA,ideal,1.0,19,361,4,0.1,36,,,dmchba_topk_10,/home/agxorin/topk_filter_study/simulator/scenarios/final_trial_500.csv,clue_search,00,52,43,53,0,0,0,0,107,52,55,107,0,89,clue:3;collision_intent:52;state:52,336,0,completed
175,dcta_parity_v1,topk_filter,aa0724188407797eae5187348bee11ee9f51317c4e8a201863b052786aa2f1df,823213c90703fd83224ad7122ee730ba64af3769ea517af252103bddd907f681,DMCHBA,ideal,1.0,19,361,4,0.1,36,,,dmchba_topk_10,/home/agxorin/topk_filter_study/simulator/scenarios/final_trial_500.csv,clue_search,01,55,47,44,12,0,0,0,113,55,58,113,0,97,clue:3;collision_intent:55;state:55,331,0,completed
175,dcta_parity_v1,topk_filter,aa0724188407797eae5187348bee11ee9f51317c4e8a201863b052786aa2f1df,823213c90703fd83224ad7122ee730ba64af3769ea517af252103bddd907f681,DMCHBA,ideal,1.0,19,361,4,0.1,36,,,dmchba_topk_10,/home/agxorin/topk_filter_study/simulator/scenarios/final_trial_500.csv,clue_search,02,54,45,50,5,0,0,0,111,54,57,111,0,93,clue:3;collision_intent:54;state:54,333,0,completed
175,dcta_parity_v1,topk_filter,aa0724188407797eae5187348bee11ee9f51317c4e8a201863b052786aa2f1df,823213c90703fd83224ad7122ee730ba64af3769ea517af252103bddd907f681,DMCHBA,ideal,1.0,19,361,4,0.1,36,,,dmchba_topk_10,/home/agxorin/topk_filter_study/simulator/scenarios/final_trial_500.csv,clue_search,03,55,47,50,6,0,0,0,114,56,58,114,0,98,clue:3;collision_intent:55;state:55;target:1,331,0,completed
176,dcta_parity_v1,topk_filter,aa0724188407797eae5187348bee11ee9f51317c4e8a201863b052786aa2f1df,823213c90703fd83224ad7122ee730ba64af3769ea517af252103bddd907f681,DMCHBA,ideal,1.0,19,361,4,0.1,36,,,dmchba_topk_10,/home/agxorin/topk_filter_study/simulator/scenarios/final_trial_500.csv,clue_search,00,29,0,30,0,0,0,0,59,30,29,59,0,0,collision_intent:29;state:29;target:1,168,0,completed
176,dcta_parity_v1,topk_filter,aa0724188407797eae5187348bee11ee9f51317c4e8a201863b052786aa2f1df,823213c90703fd83224ad7122ee730ba64af3769ea517af252103bddd907f681,DMCHBA,ideal,1.0,19,361,4,0.1,36,,,dmchba_topk_10,/home/agxorin/topk_filter_study/simulator/scenarios/final_trial_500.csv,clue_search,01,28,0,29,0,0,0,0,56,28,28,56,0,0,collision_intent:28;state:28,171,0,completed
176,dcta_parity_v1,topk_filter,aa0724188407797eae5187348bee11ee9f51317c4e8a201863b052786aa2f1df,823213c90703fd83224ad7122ee730ba64af3769ea517af252103bddd907f681,DMCHBA,ideal,1.0,19,361,4,0.1,36,,,dmchba_topk_10,/home/agxorin/topk_filter_study/simulator/scenarios/final_trial_500.csv,clue_search,02,28,0,29,0,0,0,0,56,28,28,56,0,0,collision_intent:28;state:28,169,0,completed
176,dcta_parity_v1,topk_filter,aa0724188407797eae5187348bee11ee9f51317c4e8a201863b052786aa2f1df,823213c90703fd83224ad7122ee730ba64af3769ea517af252103bddd907f681,DMCHBA,ideal,1.0,19,361,4,0.1,36,,,dmchba_topk_10,/home/agxorin/topk_filter_study/simulator/scenarios/final_trial_500.csv,clue_search,03,28,0,29,0,0,0,0,56,28,28,56,0,0,collision_intent:28;state:28,170,0,completed
177,dcta_parity_v1,topk_filter,aa0724188407797eae5187348bee11ee9f51317c4e8a201863b052786aa2f1df,823213c90703fd83224ad7122ee730ba64af3769ea517af252103bddd907f681,DMCHBA,ideal,1.0,19,361,4,0.1,36,,,dmchba_topk_10,/home/agxorin/topk_filter_study/simulator/scenarios/final_trial_500.csv,clue_search,00,26,6,26,1,0,0,0,54,26,28,54,0,14,clue:2;collision_intent:26;state:26,163,0,completed
177,dcta_parity_v1,topk_filter,aa0724188407797eae5187348bee11ee9f51317c4e8a201863b052786aa2f1df,823213c90703fd83224ad7122ee730ba64af3769ea517af252103bddd907f681,DMCHBA,ideal,1.0,19,361,4,0.1,36,,,dmchba_topk_10,/home/agxorin/topk_filter_study/simulator/scenarios/final_trial_500.csv,clue_search,01,26,7,27,0,0,0,0,54,26,28,54,0,15,clue:2;collision_intent:26;state:26,162,0,completed
177,dcta_parity_v1,topk_filter,aa0724188407797eae5187348bee11ee9f51317c4e8a201863b052786aa2f1df,823213c90703fd83224ad7122ee730ba64af3769ea517af252103bddd907f681,DMCHBA,ideal,1.0,19,361,4,0.1,36,,,dmchba_topk_10,/home/agxorin/topk_filter_study/simulator/scenarios/final_trial_500.csv,clue_search,02,26,6,26,1,0,0,0,55,27,28,55,0,15,clue:2;collision_intent:26;state:26;target:1,162,0,completed
177,dcta_parity_v1,topk_filter,aa0724188407797eae5187348bee11ee9f51317c4e8a201863b052786aa2f1df,823213c90703fd83224ad7122ee730ba64af3769ea517af252103bddd907f681,DMCHBA,ideal,1.0,19,361,4,0.1,36,,,dmchba_topk_10,/home/agxorin/topk_filter_study/simulator/scenarios/final_trial_500.csv,clue_search,03,26,6,27,0,0,0,0,54,26,28,54,0,14,clue:2;collision_intent:26;state:26,161,0,completed
178,dcta_parity_v1,topk_filter,aa0724188407797eae5187348bee11ee9f51317c4e8a201863b052786aa2f1df,823213c90703fd83224ad7122ee730ba64af3769ea517af252103bddd907f681,DMCHBA,ideal,1.0,19,361,4,0.1,36,,,dmchba_topk_10,/home/agxorin/topk_filter_study/simulator/scenarios/final_trial_500.csv,clue_search,00,17,7,18,0,0,0,0,36,17,19,36,0,16,clue:2;collision_intent:17;state:17,104,0,completed
178,dcta_parity_v1,topk_filter,aa0724188407797eae5187348bee11ee9f51317c4e8a201863b052786aa2f1df,823213c90703fd83224ad7122ee730ba64af3769ea517af252103bddd907f681,DMCHBA,ideal,1.0,19,361,4,0.1,36,,,dmchba_topk_10,/home/agxorin/topk_filter_study/simulator/scenarios/final_trial_500.csv,clue_search,01,16,7,17,0,0,0,0,34,16,18,34,0,15,clue:2;collision_intent:16;state:16,107,0,completed
178,dcta_parity_v1,topk_filter,aa0724188407797eae5187348bee11ee9f51317c4e8a201863b052786aa2f1df,823213c90703fd83224ad7122ee730ba64af3769ea517af252103bddd907f681,DMCHBA,ideal,1.0,19,361,4,0.1,36,,,dmchba_topk_10,/home/agxorin/topk_filter_study/simulator/scenarios/final_trial_500.csv,clue_search,02,17,7,18,0,0,0,0,37,18,19,37,0,17,clue:2;collision_intent:17;state:17;target:1,104,0,completed
178,dcta_parity_v1,topk_filter,aa0724188407797eae5187348bee11ee9f51317c4e8a201863b052786aa2f1df,823213c90703fd83224ad7122ee730ba64af3769ea517af252103bddd907f681,DMCHBA,ideal,1.0,19,361,4,0.1,36,,,dmchba_topk_10,/home/agxorin/topk_filter_study/simulator/scenarios/final_trial_500.csv,clue_search,03,16,6,17,0,0,0,0,34,16,18,34,0,14,clue:2;collision_intent:16;state:16,105,0,completed
179,dcta_parity_v1,topk_filter,aa0724188407797eae5187348bee11ee9f51317c4e8a201863b052786aa2f1df,823213c90703fd83224ad7122ee730ba64af3769ea517af252103bddd907f681,DMCHBA,ideal,1.0,19,361,4,0.1,36,,,dmchba_topk_10,/home/agxorin/topk_filter_study/simulator/scenarios/final_trial_500.csv,clue_search,00,10,5,11,0,0,0,0,21,10,11,21,0,11,clue:1;collision_intent:10;state:10,61,0,completed
179,dcta_parity_v1,topk_filter,aa0724188407797eae5187348bee11ee9f51317c4e8a201863b052786aa2f1df,823213c90703fd83224ad7122ee730ba64af3769ea517af252103bddd907f681,DMCHBA,ideal,1.0,19,361,4,0.1,36,,,dmchba_topk_10,/home/agxorin/topk_filter_study/simulator/scenarios/final_trial_500.csv,clue_search,01,10,5,11,0,0,0,0,22,11,11,22,0,12,clue:1;collision_intent:10;state:10;target:1,61,0,completed
179,dcta_parity_v1,topk_filter,aa0724188407797eae5187348bee11ee9f51317c4e8a201863b052786aa2f1df,823213c90703fd83224ad7122ee730ba64af3769ea517af252103bddd907f681,DMCHBA,ideal,1.0,19,361,4,0.1,36,,,dmchba_topk_10,/home/agxorin/topk_filter_study/simulator/scenarios/final_trial_500.csv,clue_search,02,10,5,11,0,0,0,0,21,10,11,21,0,11,clue:1;collision_intent:10;state:10,60,0,completed
179,dcta_parity_v1,topk_filter,aa0724188407797eae5187348bee11ee9f51317c4e8a201863b052786aa2f1df,823213c90703fd83224ad7122ee730ba64af3769ea517af252103bddd907f681,DMCHBA,ideal,1.0,19,361,4,0.1,36,,,dmchba_topk_10,/home/agxorin/topk_filter_study/simulator/scenarios/final_trial_500.csv,clue_search,03,9,4,10,0,0,0,0,19,9,10,19,0,9,clue:1;collision_intent:9;state:9,63,0,completed
180,dcta_parity_v1,topk_filter,aa0724188407797eae5187348bee11ee9f51317c4e8a201863b052786aa2f1df,823213c90703fd83224ad7122ee730ba64af3769ea517af252103bddd907f681,DMCHBA,ideal,1.0,19,361,4,0.1,36,,,dmchba_topk_10,/home/agxorin/topk_filter_study/simulator/scenarios/final_trial_500.csv,clue_search,00,61,15,58,4,0,0,0,125,62,63,125,0,33,clue:2;collision_intent:61;state:61;target:1,362,0,completed
180,dcta_parity_v1,topk_filter,aa0724188407797eae5187348bee11ee9f51317c4e8a201863b052786aa2f1df,823213c90703fd83224ad7122ee730ba64af3769ea517af252103bddd907f681,DMCHBA,ideal,1.0,19,361,4,0.1,36,,,dmchba_topk_10,/home/agxorin/topk_filter_study/simulator/scenarios/final_trial_500.csv,clue_search,01,59,14,57,3,0,0,0,120,59,61,120,0,30,clue:2;collision_intent:59;state:59,366,0,completed
180,dcta_parity_v1,topk_filter,aa0724188407797eae5187348bee11ee9f51317c4e8a201863b052786aa2f1df,823213c90703fd83224ad7122ee730ba64af3769ea517af252103bddd907f681,DMCHBA,ideal,1.0,19,361,4,0.1,36,,,dmchba_topk_10,/home/agxorin/topk_filter_study/simulator/scenarios/final_trial_500.csv,clue_search,02,60,15,55,6,0,0,0,122,60,62,122,0,32,clue:2;collision_intent:60;state:60,365,0,completed
180,dcta_parity_v1,topk_filter,aa0724188407797eae5187348bee11ee9f51317c4e8a201863b052786aa2f1df,823213c90703fd83224ad7122ee730ba64af3769ea517af252103bddd907f681,DMCHBA,ideal,1.0,19,361,4,0.1,36,,,dmchba_topk_10,/home/agxorin/topk_filter_study/simulator/scenarios/final_trial_500.csv,clue_search,03,59,13,57,3,0,0,0,120,59,61,120,0,28,clue:2;collision_intent:59;state:59,365,0,completed
181,dcta_parity_v1,topk_filter,aa0724188407797eae5187348bee11ee9f51317c4e8a201863b052786aa2f1df,823213c90703fd83224ad7122ee730ba64af3769ea517af252103bddd907f681,DMCHBA,ideal,1.0,19,361,4,0.1,36,,,dmchba_topk_10,/home/agxorin/topk_filter_study/simulator/scenarios/final_trial_500.csv,clue_search,00,20,16,21,0,0,0,0,45,21,24,45,0,37,clue:4;collision_intent:20;state:20;target:1,130,0,completed
181,dcta_parity_v1,topk_filter,aa0724188407797eae5187348bee11ee9f51317c4e8a201863b052786aa2f1df,823213c90703fd83224ad7122ee730ba64af3769ea517af252103bddd907f681,DMCHBA,ideal,1.0,19,361,4,0.1,36,,,dmchba_topk_10,/home/agxorin/topk_filter_study/simulator/scenarios/final_trial_500.csv,clue_search,01,19,15,20,0,0,0,0,42,19,23,42,0,34,clue:4;collision_intent:19;state:19,131,0,completed
181,dcta_parity_v1,topk_filter,aa0724188407797eae5187348bee11ee9f51317c4e8a201863b052786aa2f1df,823213c90703fd83224ad7122ee730ba64af3769ea517af252103bddd907f681,DMCHBA,ideal,1.0,19,361,4,0.1,36,,,dmchba_topk_10,/home/agxorin/topk_filter_study/simulator/scenarios/final_trial_500.csv,clue_search,02,20,16,17,4,0,0,0,44,20,24,44,0,36,clue:4;collision_intent:20;state:20,130,0,completed
181,dcta_parity_v1,topk_filter,aa0724188407797eae5187348bee11ee9f51317c4e8a201863b052786aa2f1df,823213c90703fd83224ad7122ee730ba64af3769ea517af252103bddd907f681,DMCHBA,ideal,1.0,19,361,4,0.1,36,,,dmchba_topk_10,/home/agxorin/topk_filter_study/simulator/scenarios/final_trial_500.csv,clue_search,03,18,14,16,3,0,3,1,44,22,22,44,0,36,clue:4;collision_intent:22;state:18,130,0,completed
182,dcta_parity_v1,topk_filter,aa0724188407797eae5187348bee11ee9f51317c4e8a201863b052786aa2f1df,823213c90703fd83224ad7122ee730ba64af3769ea517af252103bddd907f681,DMCHBA,ideal,1.0,19,361,4,0.1,36,,,dmchba_topk_10,/home/agxorin/topk_filter_study/simulator/scenarios/final_trial_500.csv,clue_search,00,53,15,54,0,0,0,0,108,53,55,108,0,32,clue:2;collision_intent:53;state:53,331,0,completed
182,dcta_parity_v1,topk_filter,aa0724188407797eae5187348bee11ee9f51317c4e8a201863b052786aa2f1df,823213c90703fd83224ad7122ee730ba64af3769ea517af252103bddd907f681,DMCHBA,ideal,1.0,19,361,4,0.1,36,,,dmchba_topk_10,/home/agxorin/topk_filter_study/simulator/scenarios/final_trial_500.csv,clue_search,01,54,17,50,5,0,0,0,111,55,56,111,0,37,clue:2;collision_intent:54;state:54;target:1,329,0,completed
182,dcta_parity_v1,topk_filter,aa0724188407797eae5187348bee11ee9f51317c4e8a201863b052786aa2f1df,823213c90703fd83224ad7122ee730ba64af3769ea517af252103bddd907f681,DMCHBA,ideal,1.0,19,361,4,0.1,36,,,dmchba_topk_10,/home/agxorin/topk_filter_study/simulator/scenarios/final_trial_500.csv,clue_search,02,54,17,45,10,0,0,0,111,55,56,111,0,37,clue:2;collision_intent:55;state:54,327,0,completed
182,dcta_parity_v1,topk_filter,aa0724188407797eae5187348bee11ee9f51317c4e8a201863b052786aa2f1df,823213c90703fd83224ad7122ee730ba64af3769ea517af252103bddd907f681,DMCHBA,ideal,1.0,19,361,4,0.1,36,,,dmchba_topk_10,/home/agxorin/topk_filter_study/simulator/scenarios/final_trial_500.csv,clue_search,03,54,17,50,5,0,0,0,110,54,56,110,0,36,clue:2;collision_intent:54;state:54,330,0,completed
183,dcta_parity_v1,topk_filter,aa0724188407797eae5187348bee11ee9f51317c4e8a201863b052786aa2f1df,823213c90703fd83224ad7122ee730ba64af3769ea517af252103bddd907f681,DMCHBA,ideal,1.0,19,361,4,0.1,36,,,dmchba_topk_10,/home/agxorin/topk_filter_study/simulator/scenarios/final_trial_500.csv,clue_search,00,41,9,42,0,0,0,0,84,42,42,84,0,20,clue:1;collision_intent:42;state:41,255,0,completed
183,dcta_parity_v1,topk_filter,aa0724188407797eae5187348bee11ee9f51317c4e8a201863b052786aa2f1df,823213c90703fd83224ad7122ee730ba64af3769ea517af252103bddd907f681,DMCHBA,ideal,1.0,19,361,4,0.1,36,,,dmchba_topk_10,/home/agxorin/topk_filter_study/simulator/scenarios/final_trial_500.csv,clue_search,01,42,11,42,1,0,0,0,86,43,43,86,0,24,clue:1;collision_intent:42;state:42;target:1,255,0,completed
183,dcta_parity_v1,topk_filter,aa0724188407797eae5187348bee11ee9f51317c4e8a201863b052786aa2f1df,823213c90703fd83224ad7122ee730ba64af3769ea517af252103bddd907f681,DMCHBA,ideal,1.0,19,361,4,0.1,36,,,dmchba_topk_10,/home/agxorin/topk_filter_study/simulator/scenarios/final_trial_500.csv,clue_search,02,42,10,41,2,0,0,0,86,43,43,86,0,22,clue:1;collision_intent:43;state:42,254,0,completed
183,dcta_parity_v1,topk_filter,aa0724188407797eae5187348bee11ee9f51317c4e8a201863b052786aa2f1df,823213c90703fd83224ad7122ee730ba64af3769ea517af252103bddd907f681,DMCHBA,ideal,1.0,19,361,4,0.1,36,,,dmchba_topk_10,/home/agxorin/topk_filter_study/simulator/scenarios/final_trial_500.csv,clue_search,03,42,11,41,2,0,0,0,85,42,43,85,0,23,clue:1;collision_intent:42;state:42,255,0,completed
184,dcta_parity_v1,topk_filter,aa0724188407797eae5187348bee11ee9f51317c4e8a201863b052786aa2f1df,823213c90703fd83224ad7122ee730ba64af3769ea517af252103bddd907f681,DMCHBA,ideal,1.0,19,361,4,0.1,36,,,dmchba_topk_10,/home/agxorin/topk_filter_study/simulator/scenarios/final_trial_500.csv,clue_search,00,74,70,66,9,0,0,0,151,74,77,151,0,143,clue:3;collision_intent:74;state:74,453,0,completed
184,dcta_parity_v1,topk_filter,aa0724188407797eae5187348bee11ee9f51317c4e8a201863b052786aa2f1df,823213c90703fd83224ad7122ee730ba64af3769ea517af252103bddd907f681,DMCHBA,ideal,1.0,19,361,4,0.1,36,,,dmchba_topk_10,/home/agxorin/topk_filter_study/simulator/scenarios/final_trial_500.csv,clue_search,01,75,71,65,11,0,0,0,154,76,78,154,0,146,clue:3;collision_intent:75;state:75;target:1,452,0,completed
184,dcta_parity_v1,topk_filter,aa0724188407797eae5187348bee11ee9f51317c4e8a201863b052786aa2f1df,823213c90703fd83224ad7122ee730ba64af3769ea517af252103bddd907f681,DMCHBA,ideal,1.0,19,361,4,0.1,36,,,dmchba_topk_10,/home/agxorin/topk_filter_study/simulator/scenarios/final_trial_500.csv,clue_search,02,74,70,72,3,0,0,0,151,74,77,151,0,143,clue:3;collision_intent:74;state:74,454,0,completed
184,dcta_parity_v1,topk_filter,aa0724188407797eae5187348bee11ee9f51317c4e8a201863b052786aa2f1df,823213c90703fd83224ad7122ee730ba64af3769ea517af252103bddd907f681,DMCHBA,ideal,1.0,19,361,4,0.1,36,,,dmchba_topk_10,/home/agxorin/topk_filter_study/simulator/scenarios/final_trial_500.csv,clue_search,03,73,69,64,10,0,0,0,150,74,76,150,0,142,clue:3;collision_intent:74;state:73,456,0,completed
185,dcta_parity_v1,topk_filter,aa0724188407797eae5187348bee11ee9f51317c4e8a201863b052786aa2f1df,823213c90703fd83224ad7122ee730ba64af3769ea517af252103bddd907f681,DMCHBA,ideal,1.0,19,361,4,0.1,36,,,dmchba_topk_10,/home/agxorin/topk_filter_study/simulator/scenarios/final_trial_500.csv,clue_search,00,88,83,81,8,0,0,0,180,88,92,180,0,170,clue:4;collision_intent:88;state:88,539,0,completed
185,dcta_parity_v1,topk_filter,aa0724188407797eae5187348bee11ee9f51317c4e8a201863b052786aa2f1df,823213c90703fd83224ad7122ee730ba64af3769ea517af252103bddd907f681,DMCHBA,ideal,1.0,19,361,4,0.1,36,,,dmchba_topk_10,/home/agxorin/topk_filter_study/simulator/scenarios/final_trial_500.csv,clue_search,01,89,84,63,27,0,0,0,182,89,93,182,0,172,clue:4;collision_intent:89;state:89,538,0,completed
185,dcta_parity_v1,topk_filter,aa0724188407797eae5187348bee11ee9f51317c4e8a201863b052786aa2f1df,823213c90703fd83224ad7122ee730ba64af3769ea517af252103bddd907f681,DMCHBA,ideal,1.0,19,361,4,0.1,36,,,dmchba_topk_10,/home/agxorin/topk_filter_study/simulator/scenarios/final_trial_500.csv,clue_search,02,87,82,72,16,0,0,0,178,87,91,178,0,168,clue:4;collision_intent:87;state:87,542,0,completed
185,dcta_parity_v1,topk_filter,aa0724188407797eae5187348bee11ee9f51317c4e8a201863b052786aa2f1df,823213c90703fd83224ad7122ee730ba64af3769ea517af252103bddd907f681,DMCHBA,ideal,1.0,19,361,4,0.1,36,,,dmchba_topk_10,/home/agxorin/topk_filter_study/simulator/scenarios/final_trial_500.csv,clue_search,03,88,84,78,11,0,0,0,181,89,92,181,0,172,clue:4;collision_intent:88;state:88;target:1,540,0,completed
186,dcta_parity_v1,topk_filter,aa0724188407797eae5187348bee11ee9f51317c4e8a201863b052786aa2f1df,823213c90703fd83224ad7122ee730ba64af3769ea517af252103bddd907f681,DMCHBA,ideal,1.0,19,361,4,0.1,36,,,dmchba_topk_10,/home/agxorin/topk_filter_study/simulator/scenarios/final_trial_500.csv,clue_search,00,68,64,57,12,0,0,0,139,68,71,139,0,131,clue:3;collision_intent:68;state:68,411,0,completed
186,dcta_parity_v1,topk_filter,aa0724188407797eae5187348bee11ee9f51317c4e8a201863b052786aa2f1df,823213c90703fd83224ad7122ee730ba64af3769ea517af252103bddd907f681,DMCHBA,ideal,1.0,19,361,4,0.1,36,,,dmchba_topk_10,/home/agxorin/topk_filter_study/simulator/scenarios/final_trial_500.csv,clue_search,01,66,62,60,7,0,1,1,136,67,69,136,0,128,clue:3;collision_intent:67;state:66,414,0,completed
186,dcta_parity_v1,topk_filter,aa0724188407797eae5187348bee11ee9f51317c4e8a201863b052786aa2f1df,823213c90703fd83224ad7122ee730ba64af3769ea517af252103bddd907f681,DMCHBA,ideal,1.0,19,361,4,0.1,36,,,dmchba_topk_10,/home/agxorin/topk_filter_study/simulator/scenarios/final_trial_500.csv,clue_search,02,67,63,48,20,0,0,0,138,68,70,138,0,130,clue:3;collision_intent:67;state:67;target:1,413,0,completed
186,dcta_parity_v1,topk_filter,aa0724188407797eae5187348bee11ee9f51317c4e8a201863b052786aa2f1df,823213c90703fd83224ad7122ee730ba64af3769ea517af252103bddd907f681,DMCHBA,ideal,1.0,19,361,4,0.1,36,,,dmchba_topk_10,/home/agxorin/topk_filter_study/simulator/scenarios/final_trial_500.csv,clue_search,03,67,63,60,8,0,1,1,138,68,70,138,0,130,clue:3;collision_intent:68;state:67,413,0,completed
187,dcta_parity_v1,topk_filter,aa0724188407797eae5187348bee11ee9f51317c4e8a201863b052786aa2f1df,823213c90703fd83224ad7122ee730ba64af3769ea517af252103bddd907f681,DMCHBA,ideal,1.0,19,361,4,0.1,36,,,dmchba_topk_10,/home/agxorin/topk_filter_study/simulator/scenarios/final_trial_500.csv,clue_search,00,23,0,24,0,0,0,0,47,24,23,47,0,0,collision_intent:23;state:23;target:1,132,0,completed
187,dcta_parity_v1,topk_filter,aa0724188407797eae5187348bee11ee9f51317c4e8a201863b052786aa2f1df,823213c90703fd83224ad7122ee730ba64af3769ea517af252103bddd907f681,DMCHBA,ideal,1.0,19,361,4,0.1,36,,,dmchba_topk_10,/home/agxorin/topk_filter_study/simulator/scenarios/final_trial_500.csv,clue_search,01,22,0,23,0,0,0,0,44,22,22,44,0,0,collision_intent:22;state:22,133,0,completed
187,dcta_parity_v1,topk_filter,aa0724188407797eae5187348bee11ee9f51317c4e8a201863b052786aa2f1df,823213c90703fd83224ad7122ee730ba64af3769ea517af252103bddd907f681,DMCHBA,ideal,1.0,19,361,4,0.1,36,,,dmchba_topk_10,/home/agxorin/topk_filter_study/simulator/scenarios/final_trial_500.csv,clue_search,02,22,0,23,0,0,0,0,44,22,22,44,0,0,collision_intent:22;state:22,133,0,completed
187,dcta_parity_v1,topk_filter,aa0724188407797eae5187348bee11ee9f51317c4e8a201863b052786aa2f1df,823213c90703fd83224ad7122ee730ba64af3769ea517af252103bddd907f681,DMCHBA,ideal,1.0,19,361,4,0.1,36,,,dmchba_topk_10,/home/agxorin/topk_filter_study/simulator/scenarios/final_trial_500.csv,clue_search,03,22,0,23,0,0,0,0,44,22,22,44,0,0,collision_intent:22;state:22,134,0,completed
188,dcta_parity_v1,topk_filter,aa0724188407797eae5187348bee11ee9f51317c4e8a201863b052786aa2f1df,823213c90703fd83224ad7122ee730ba64af3769ea517af252103bddd907f681,DMCHBA,ideal,1.0,19,361,4,0.1,36,,,dmchba_topk_10,/home/agxorin/topk_filter_study/simulator/scenarios/final_trial_500.csv,clue_search,00,74,72,66,9,0,0,0,151,74,77,151,0,147,clue:3;collision_intent:74;state:74,440,0,completed
188,dcta_parity_v1,topk_filter,aa0724188407797eae5187348bee11ee9f51317c4e8a201863b052786aa2f1df,823213c90703fd83224ad7122ee730ba64af3769ea517af252103bddd907f681,DMCHBA,ideal,1.0,19,361,4,0.1,36,,,dmchba_topk_10,/home/agxorin/topk_filter_study/simulator/scenarios/final_trial_500.csv,clue_search,01,74,73,36,39,0,0,0,151,74,77,151,0,148,clue:3;collision_intent:74;state:74,440,0,completed
188,dcta_parity_v1,topk_filter,aa0724188407797eae5187348bee11ee9f51317c4e8a201863b052786aa2f1df,823213c90703fd83224ad7122ee730ba64af3769ea517af252103bddd907f681,DMCHBA,ideal,1.0,19,361,4,0.1,36,,,dmchba_topk_10,/home/agxorin/topk_filter_study/simulator/scenarios/final_trial_500.csv,clue_search,02,71,69,71,1,0,0,0,146,72,74,146,0,142,clue:3;collision_intent:71;state:71;target:1,447,0,completed
188,dcta_parity_v1,topk_filter,aa0724188407797eae5187348bee11ee9f51317c4e8a201863b052786aa2f1df,823213c90703fd83224ad7122ee730ba64af3769ea517af252103bddd907f681,DMCHBA,ideal,1.0,19,361,4,0.1,36,,,dmchba_topk_10,/home/agxorin/topk_filter_study/simulator/scenarios/final_trial_500.csv,clue_search,03,71,69,60,12,0,0,0,145,71,74,145,0,141,clue:3;collision_intent:71;state:71,446,0,completed
189,dcta_parity_v1,topk_filter,aa0724188407797eae5187348bee11ee9f51317c4e8a201863b052786aa2f1df,823213c90703fd83224ad7122ee730ba64af3769ea517af252103bddd907f681,DMCHBA,ideal,1.0,19,361,4,0.1,36,,,dmchba_topk_10,/home/agxorin/topk_filter_study/simulator/scenarios/final_trial_500.csv,clue_search,00,73,37,72,2,0,0,0,149,73,76,149,0,77,clue:3;collision_intent:73;state:73,454,0,completed
189,dcta_parity_v1,topk_filter,aa0724188407797eae5187348bee11ee9f51317c4e8a201863b052786aa2f1df,823213c90703fd83224ad7122ee730ba64af3769ea517af252103bddd907f681,DMCHBA,ideal,1.0,19,361,4,0.1,36,,,dmchba_topk_10,/home/agxorin/topk_filter_study/simulator/scenarios/final_trial_500.csv,clue_search,01,75,40,52,24,0,0,0,153,75,78,153,0,83,clue:3;collision_intent:75;state:75,451,0,completed
189,dcta_parity_v1,topk_filter,aa0724188407797eae5187348bee11ee9f51317c4e8a201863b052786aa2f1df,823213c90703fd83224ad7122ee730ba64af3769ea517af252103bddd907f681,DMCHBA,ideal,1.0,19,361,4,0.1,36,,,dmchba_topk_10,/home/agxorin/topk_filter_study/simulator/scenarios/final_trial_500.csv,clue_search,02,72,37,58,15,0,3,2,152,77,75,152,0,82,clue:3;collision_intent:76;state:72;target:1,453,0,completed
189,dcta_parity_v1,topk_filter,aa0724188407797eae5187348bee11ee9f51317c4e8a201863b052786aa2f1df,823213c90703fd83224ad7122ee730ba64af3769ea517af252103bddd907f681,DMCHBA,ideal,1.0,19,361,4,0.1,36,,,dmchba_topk_10,/home/agxorin/topk_filter_study/simulator/scenarios/final_trial_500.csv,clue_search,03,73,38,65,9,0,2,1,151,75,76,151,0,81,clue:3;collision_intent:75;state:73,453,0,completed
190,dcta_parity_v1,topk_filter,aa0724188407797eae5187348bee11ee9f51317c4e8a201863b052786aa2f1df,823213c90703fd83224ad7122ee730ba64af3769ea517af252103bddd907f681,DMCHBA,ideal,1.0,19,361,4,0.1,36,,,dmchba_topk_10,/home/agxorin/topk_filter_study/simulator/scenarios/final_trial_500.csv,clue_search,00,27,14,28,0,0,0,0,57,27,30,57,0,31,clue:3;collision_intent:27;state:27,165,0,completed
190,dcta_parity_v1,topk_filter,aa0724188407797eae5187348bee11ee9f51317c4e8a201863b052786aa2f1df,823213c90703fd83224ad7122ee730ba64af3769ea517af252103bddd907f681,DMCHBA,ideal,1.0,19,361,4,0.1,36,,,dmchba_topk_10,/home/agxorin/topk_filter_study/simulator/scenarios/final_trial_500.csv,clue_search,01,26,14,25,2,0,0,0,55,26,29,55,0,31,clue:3;collision_intent:26;state:26,169,0,completed
190,dcta_parity_v1,topk_filter,aa0724188407797eae5187348bee11ee9f51317c4e8a201863b052786aa2f1df,823213c90703fd83224ad7122ee730ba64af3769ea517af252103bddd907f681,DMCHBA,ideal,1.0,19,361,4,0.1,36,,,dmchba_topk_10,/home/agxorin/topk_filter_study/simulator/scenarios/final_trial_500.csv,clue_search,02,24,11,22,3,0,3,1,56,29,27,56,0,30,clue:3;collision_intent:29;state:24,168,0,completed
190,dcta_parity_v1,topk_filter,aa0724188407797eae5187348bee11ee9f51317c4e8a201863b052786aa2f1df,823213c90703fd83224ad7122ee730ba64af3769ea517af252103bddd907f681,DMCHBA,ideal,1.0,19,361,4,0.1,36,,,dmchba_topk_10,/home/agxorin/topk_filter_study/simulator/scenarios/final_trial_500.csv,clue_search,03,26,14,26,1,0,0,0,56,27,29,56,0,32,clue:3;collision_intent:26;state:26;target:1,168,0,completed
191,dcta_parity_v1,topk_filter,aa0724188407797eae5187348bee11ee9f51317c4e8a201863b052786aa2f1df,823213c90703fd83224ad7122ee730ba64af3769ea517af252103bddd907f681,DMCHBA,ideal,1.0,19,361,4,0.1,36,,,dmchba_topk_10,/home/agxorin/topk_filter_study/simulator/scenarios/final_trial_500.csv,clue_search,00,46,41,46,1,0,0,0,94,46,48,94,0,84,clue:2;collision_intent:46;state:46,279,0,completed
191,dcta_parity_v1,topk_filter,aa0724188407797eae5187348bee11ee9f51317c4e8a201863b052786aa2f1df,823213c90703fd83224ad7122ee730ba64af3769ea517af252103bddd907f681,DMCHBA,ideal,1.0,19,361,4,0.1,36,,,dmchba_topk_10,/home/agxorin/topk_filter_study/simulator/scenarios/final_trial_500.csv,clue_search,01,45,40,39,7,0,1,1,94,47,47,94,0,84,clue:2;collision_intent:46;state:45;target:1,281,0,completed
191,dcta_parity_v1,topk_filter,aa0724188407797eae5187348bee11ee9f51317c4e8a201863b052786aa2f1df,823213c90703fd83224ad7122ee730ba64af3769ea517af252103bddd907f681,DMCHBA,ideal,1.0,19,361,4,0.1,36,,,dmchba_topk_10,/home/agxorin/topk_filter_study/simulator/scenarios/final_trial_500.csv,clue_search,02,45,39,43,3,0,0,0,92,45,47,92,0,80,clue:2;collision_intent:45;state:45,283,0,completed
191,dcta_parity_v1,topk_filter,aa0724188407797eae5187348bee11ee9f51317c4e8a201863b052786aa2f1df,823213c90703fd83224ad7122ee730ba64af3769ea517af252103bddd907f681,DMCHBA,ideal,1.0,19,361,4,0.1,36,,,dmchba_topk_10,/home/agxorin/topk_filter_study/simulator/scenarios/final_trial_500.csv,clue_search,03,46,41,39,8,0,0,0,95,47,48,95,0,85,clue:2;collision_intent:47;state:46,278,0,completed
192,dcta_parity_v1,topk_filter,aa0724188407797eae5187348bee11ee9f51317c4e8a201863b052786aa2f1df,823213c90703fd83224ad7122ee730ba64af3769ea517af252103bddd907f681,DMCHBA,ideal,1.0,19,361,4,0.1,36,,,dmchba_topk_10,/home/agxorin/topk_filter_study/simulator/scenarios/final_trial_500.csv,clue_search,00,32,0,33,0,0,0,0,65,33,32,65,0,0,collision_intent:32;state:32;target:1,188,0,completed
192,dcta_parity_v1,topk_filter,aa0724188407797eae5187348bee11ee9f51317c4e8a201863b052786aa2f1df,823213c90703fd83224ad7122ee730ba64af3769ea517af252103bddd907f681,DMCHBA,ideal,1.0,19,361,4,0.1,36,,,dmchba_topk_10,/home/agxorin/topk_filter_study/simulator/scenarios/final_trial_500.csv,clue_search,01,31,0,32,0,0,0,0,62,31,31,62,0,0,collision_intent:31;state:31,190,0,completed
192,dcta_parity_v1,topk_filter,aa0724188407797eae5187348bee11ee9f51317c4e8a201863b052786aa2f1df,823213c90703fd83224ad7122ee730ba64af3769ea517af252103bddd907f681,DMCHBA,ideal,1.0,19,361,4,0.1,36,,,dmchba_topk_10,/home/agxorin/topk_filter_study/simulator/scenarios/final_trial_500.csv,clue_search,02,32,0,33,0,0,0,0,64,32,32,64,0,0,collision_intent:32;state:32,188,0,completed
192,dcta_parity_v1,topk_filter,aa0724188407797eae5187348bee11ee9f51317c4e8a201863b052786aa2f1df,823213c90703fd83224ad7122ee730ba64af3769ea517af252103bddd907f681,DMCHBA,ideal,1.0,19,361,4,0.1,36,,,dmchba_topk_10,/home/agxorin/topk_filter_study/simulator/scenarios/final_trial_500.csv,clue_search,03,31,0,32,0,0,0,0,62,31,31,62,0,0,collision_intent:31;state:31,191,0,completed
193,dcta_parity_v1,topk_filter,aa0724188407797eae5187348bee11ee9f51317c4e8a201863b052786aa2f1df,823213c90703fd83224ad7122ee730ba64af3769ea517af252103bddd907f681,DMCHBA,ideal,1.0,19,361,4,0.1,36,,,dmchba_topk_10,/home/agxorin/topk_filter_study/simulator/scenarios/final_trial_500.csv,clue_search,00,72,39,55,18,0,0,0,145,72,73,145,0,79,clue:1;collision_intent:72;state:72,422,0,completed
193,dcta_parity_v1,topk_filter,aa0724188407797eae5187348bee11ee9f51317c4e8a201863b052786aa2f1df,823213c90703fd83224ad7122ee730ba64af3769ea517af252103bddd907f681,DMCHBA,ideal,1.0,19,361,4,0.1,36,,,dmchba_topk_10,/home/agxorin/topk_filter_study/simulator/scenarios/final_trial_500.csv,clue_search,01,69,36,56,14,0,2,2,141,71,70,141,0,75,clue:1;collision_intent:71;state:69,425,0,completed
193,dcta_parity_v1,topk_filter,aa0724188407797eae5187348bee11ee9f51317c4e8a201863b052786aa2f1df,823213c90703fd83224ad7122ee730ba64af3769ea517af252103bddd907f681,DMCHBA,ideal,1.0,19,361,4,0.1,36,,,dmchba_topk_10,/home/agxorin/topk_filter_study/simulator/scenarios/final_trial_500.csv,clue_search,02,69,36,62,8,0,2,1,141,71,70,141,0,75,clue:1;collision_intent:71;state:69,426,0,completed
193,dcta_parity_v1,topk_filter,aa0724188407797eae5187348bee11ee9f51317c4e8a201863b052786aa2f1df,823213c90703fd83224ad7122ee730ba64af3769ea517af252103bddd907f681,DMCHBA,ideal,1.0,19,361,4,0.1,36,,,dmchba_topk_10,/home/agxorin/topk_filter_study/simulator/scenarios/final_trial_500.csv,clue_search,03,69,35,65,5,0,1,1,141,71,70,141,0,73,clue:1;collision_intent:70;state:69;target:1,427,0,completed
194,dcta_parity_v1,topk_filter,aa0724188407797eae5187348bee11ee9f51317c4e8a201863b052786aa2f1df,823213c90703fd83224ad7122ee730ba64af3769ea517af252103bddd907f681,DMCHBA,ideal,1.0,19,361,4,0.1,36,,,dmchba_topk_10,/home/agxorin/topk_filter_study/simulator/scenarios/final_trial_500.csv,clue_search,00,2,0,3,0,0,0,0,4,2,2,4,0,0,collision_intent:2;state:2,12,0,completed
194,dcta_parity_v1,topk_filter,aa0724188407797eae5187348bee11ee9f51317c4e8a201863b052786aa2f1df,823213c90703fd83224ad7122ee730ba64af3769ea517af252103bddd907f681,DMCHBA,ideal,1.0,19,361,4,0.1,36,,,dmchba_topk_10,/home/agxorin/topk_filter_study/simulator/scenarios/final_trial_500.csv,clue_search,01,1,0,2,0,0,0,0,3,2,1,3,0,0,collision_intent:2;state:1,11,0,completed
194,dcta_parity_v1,topk_filter,aa0724188407797eae5187348bee11ee9f51317c4e8a201863b052786aa2f1df,823213c90703fd83224ad7122ee730ba64af3769ea517af252103bddd907f681,DMCHBA,ideal,1.0,19,361,4,0.1,36,,,dmchba_topk_10,/home/agxorin/topk_filter_study/simulator/scenarios/final_trial_500.csv,clue_search,02,2,0,3,0,0,0,0,4,2,2,4,0,0,collision_intent:2;state:2,12,0,completed
194,dcta_parity_v1,topk_filter,aa0724188407797eae5187348bee11ee9f51317c4e8a201863b052786aa2f1df,823213c90703fd83224ad7122ee730ba64af3769ea517af252103bddd907f681,DMCHBA,ideal,1.0,19,361,4,0.1,36,,,dmchba_topk_10,/home/agxorin/topk_filter_study/simulator/scenarios/final_trial_500.csv,clue_search,03,2,0,3,0,0,0,0,5,3,2,5,0,0,collision_intent:2;state:2;target:1,11,0,completed
195,dcta_parity_v1,topk_filter,aa0724188407797eae5187348bee11ee9f51317c4e8a201863b052786aa2f1df,823213c90703fd83224ad7122ee730ba64af3769ea517af252103bddd907f681,DMCHBA,ideal,1.0,19,361,4,0.1,36,,,dmchba_topk_10,/home/agxorin/topk_filter_study/simulator/scenarios/final_trial_500.csv,clue_search,00,23,14,24,0,0,0,0,48,24,24,48,0,30,clue:1;collision_intent:23;state:23;target:1,144,0,completed
195,dcta_parity_v1,topk_filter,aa0724188407797eae5187348bee11ee9f51317c4e8a201863b052786aa2f1df,823213c90703fd83224ad7122ee730ba64af3769ea517af252103bddd907f681,DMCHBA,ideal,1.0,19,361,4,0.1,36,,,dmchba_topk_10,/home/agxorin/topk_filter_study/simulator/scenarios/final_trial_500.csv,clue_search,01,23,15,23,1,0,0,0,47,23,24,47,0,31,clue:1;collision_intent:23;state:23,144,0,completed
195,dcta_parity_v1,topk_filter,aa0724188407797eae5187348bee11ee9f51317c4e8a201863b052786aa2f1df,823213c90703fd83224ad7122ee730ba64af3769ea517af252103bddd907f681,DMCHBA,ideal,1.0,19,361,4,0.1,36,,,dmchba_topk_10,/home/agxorin/topk_filter_study/simulator/scenarios/final_trial_500.csv,clue_search,02,24,15,24,1,0,0,0,49,24,25,49,0,31,clue:1;collision_intent:24;state:24,142,0,completed
195,dcta_parity_v1,topk_filter,aa0724188407797eae5187348bee11ee9f51317c4e8a201863b052786aa2f1df,823213c90703fd83224ad7122ee730ba64af3769ea517af252103bddd907f681,DMCHBA,ideal,1.0,19,361,4,0.1,36,,,dmchba_topk_10,/home/agxorin/topk_filter_study/simulator/scenarios/final_trial_500.csv,clue_search,03,23,15,22,2,0,0,0,48,24,24,48,0,32,clue:1;collision_intent:24;state:23,144,0,completed
196,dcta_parity_v1,topk_filter,aa0724188407797eae5187348bee11ee9f51317c4e8a201863b052786aa2f1df,823213c90703fd83224ad7122ee730ba64af3769ea517af252103bddd907f681,DMCHBA,ideal,1.0,19,361,4,0.1,36,,,dmchba_topk_10,/home/agxorin/topk_filter_study/simulator/scenarios/final_trial_500.csv,clue_search,00,46,32,45,2,0,0,0,97,47,50,97,0,69,clue:4;collision_intent:46;state:46;target:1,275,0,completed
196,dcta_parity_v1,topk_filter,aa0724188407797eae5187348bee11ee9f51317c4e8a201863b052786aa2f1df,823213c90703fd83224ad7122ee730ba64af3769ea517af252103bddd907f681,DMCHBA,ideal,1.0,19,361,4,0.1,36,,,dmchba_topk_10,/home/agxorin/topk_filter_study/simulator/scenarios/final_trial_500.csv,clue_search,01,44,31,38,7,0,0,0,92,44,48,92,0,66,clue:4;collision_intent:44;state:44,279,0,completed
196,dcta_parity_v1,topk_filter,aa0724188407797eae5187348bee11ee9f51317c4e8a201863b052786aa2f1df,823213c90703fd83224ad7122ee730ba64af3769ea517af252103bddd907f681,DMCHBA,ideal,1.0,19,361,4,0.1,36,,,dmchba_topk_10,/home/agxorin/topk_filter_study/simulator/scenarios/final_trial_500.csv,clue_search,02,43,29,44,0,0,0,0,91,44,47,91,0,63,clue:4;collision_intent:44;state:43,280,0,completed
196,dcta_parity_v1,topk_filter,aa0724188407797eae5187348bee11ee9f51317c4e8a201863b052786aa2f1df,823213c90703fd83224ad7122ee730ba64af3769ea517af252103bddd907f681,DMCHBA,ideal,1.0,19,361,4,0.1,36,,,dmchba_topk_10,/home/agxorin/topk_filter_study/simulator/scenarios/final_trial_500.csv,clue_search,03,44,30,40,5,0,0,0,92,44,48,92,0,64,clue:4;collision_intent:44;state:44,278,0,completed
197,dcta_parity_v1,topk_filter,aa0724188407797eae5187348bee11ee9f51317c4e8a201863b052786aa2f1df,823213c90703fd83224ad7122ee730ba64af3769ea517af252103bddd907f681,DMCHBA,ideal,1.0,19,361,4,0.1,36,,,dmchba_topk_10,/home/agxorin/topk_filter_study/simulator/scenarios/final_trial_500.csv,clue_search,00,5,0,6,0,0,0,0,10,5,5,10,0,0,collision_intent:5;state:5,30,0,completed
197,dcta_parity_v1,topk_filter,aa0724188407797eae5187348bee11ee9f51317c4e8a201863b052786aa2f1df,823213c90703fd83224ad7122ee730ba64af3769ea517af252103bddd907f681,DMCHBA,ideal,1.0,19,361,4,0.1,36,,,dmchba_topk_10,/home/agxorin/topk_filter_study/simulator/scenarios/final_trial_500.csv,clue_search,01,5,0,6,0,0,0,0,11,6,5,11,0,0,collision_intent:5;state:5;target:1,30,0,completed
197,dcta_parity_v1,topk_filter,aa0724188407797eae5187348bee11ee9f51317c4e8a201863b052786aa2f1df,823213c90703fd83224ad7122ee730ba64af3769ea517af252103bddd907f681,DMCHBA,ideal,1.0,19,361,4,0.1,36,,,dmchba_topk_10,/home/agxorin/topk_filter_study/simulator/scenarios/final_trial_500.csv,clue_search,02,5,0,6,0,0,0,0,10,5,5,10,0,0,collision_intent:5;state:5,30,0,completed
197,dcta_parity_v1,topk_filter,aa0724188407797eae5187348bee11ee9f51317c4e8a201863b052786aa2f1df,823213c90703fd83224ad7122ee730ba64af3769ea517af252103bddd907f681,DMCHBA,ideal,1.0,19,361,4,0.1,36,,,dmchba_topk_10,/home/agxorin/topk_filter_study/simulator/scenarios/final_trial_500.csv,clue_search,03,5,0,6,0,0,0,0,10,5,5,10,0,0,collision_intent:5;state:5,31,0,completed
198,dcta_parity_v1,topk_filter,aa0724188407797eae5187348bee11ee9f51317c4e8a201863b052786aa2f1df,823213c90703fd83224ad7122ee730ba64af3769ea517af252103bddd907f681,DMCHBA,ideal,1.0,19,361,4,0.1,36,,,dmchba_topk_10,/home/agxorin/topk_filter_study/simulator/scenarios/final_trial_500.csv,clue_search,00,11,0,12,0,0,0,0,22,11,11,22,0,0,collision_intent:11;state:11,69,0,completed
198,dcta_parity_v1,topk_filter,aa0724188407797eae5187348bee11ee9f51317c4e8a201863b052786aa2f1df,823213c90703fd83224ad7122ee730ba64af3769ea517af252103bddd907f681,DMCHBA,ideal,1.0,19,361,4,0.1,36,,,dmchba_topk_10,/home/agxorin/topk_filter_study/simulator/scenarios/final_trial_500.csv,clue_search,01,11,0,12,0,0,0,0,22,11,11,22,0,0,collision_intent:11;state:11,67,0,completed
198,dcta_parity_v1,topk_filter,aa0724188407797eae5187348bee11ee9f51317c4e8a201863b052786aa2f1df,823213c90703fd83224ad7122ee730ba64af3769ea517af252103bddd907f681,DMCHBA,ideal,1.0,19,361,4,0.1,36,,,dmchba_topk_10,/home/agxorin/topk_filter_study/simulator/scenarios/final_trial_500.csv,clue_search,02,12,0,13,0,0,0,0,25,13,12,25,0,0,collision_intent:12;state:12;target:1,66,0,completed
198,dcta_parity_v1,topk_filter,aa0724188407797eae5187348bee11ee9f51317c4e8a201863b052786aa2f1df,823213c90703fd83224ad7122ee730ba64af3769ea517af252103bddd907f681,DMCHBA,ideal,1.0,19,361,4,0.1,36,,,dmchba_topk_10,/home/agxorin/topk_filter_study/simulator/scenarios/final_trial_500.csv,clue_search,03,11,0,12,0,0,0,0,22,11,11,22,0,0,collision_intent:11;state:11,68,0,completed
199,dcta_parity_v1,topk_filter,aa0724188407797eae5187348bee11ee9f51317c4e8a201863b052786aa2f1df,823213c90703fd83224ad7122ee730ba64af3769ea517af252103bddd907f681,DMCHBA,ideal,1.0,19,361,4,0.1,36,,,dmchba_topk_10,/home/agxorin/topk_filter_study/simulator/scenarios/final_trial_500.csv,clue_search,00,26,20,27,0,0,0,0,54,26,28,54,0,42,clue:2;collision_intent:26;state:26,166,0,completed
199,dcta_parity_v1,topk_filter,aa0724188407797eae5187348bee11ee9f51317c4e8a201863b052786aa2f1df,823213c90703fd83224ad7122ee730ba64af3769ea517af252103bddd907f681,DMCHBA,ideal,1.0,19,361,4,0.1,36,,,dmchba_topk_10,/home/agxorin/topk_filter_study/simulator/scenarios/final_trial_500.csv,clue_search,01,26,21,23,4,0,1,1,55,27,28,55,0,45,clue:2;collision_intent:27;state:26,165,0,completed
199,dcta_parity_v1,topk_filter,aa0724188407797eae5187348bee11ee9f51317c4e8a201863b052786aa2f1df,823213c90703fd83224ad7122ee730ba64af3769ea517af252103bddd907f681,DMCHBA,ideal,1.0,19,361,4,0.1,36,,,dmchba_topk_10,/home/agxorin/topk_filter_study/simulator/scenarios/final_trial_500.csv,clue_search,02,27,22,27,1,0,0,0,57,28,29,57,0,46,clue:2;collision_intent:27;state:27;target:1,163,0,completed
199,dcta_parity_v1,topk_filter,aa0724188407797eae5187348bee11ee9f51317c4e8a201863b052786aa2f1df,823213c90703fd83224ad7122ee730ba64af3769ea517af252103bddd907f681,DMCHBA,ideal,1.0,19,361,4,0.1,36,,,dmchba_topk_10,/home/agxorin/topk_filter_study/simulator/scenarios/final_trial_500.csv,clue_search,03,26,21,22,5,0,0,0,54,26,28,54,0,44,clue:2;collision_intent:26;state:26,164,0,completed
200,dcta_parity_v1,topk_filter,aa0724188407797eae5187348bee11ee9f51317c4e8a201863b052786aa2f1df,823213c90703fd83224ad7122ee730ba64af3769ea517af252103bddd907f681,DMCHBA,ideal,1.0,19,361,4,0.1,36,,,dmchba_topk_10,/home/agxorin/topk_filter_study/simulator/scenarios/final_trial_500.csv,clue_search,00,13,5,14,0,0,0,0,27,13,14,27,0,11,clue:1;collision_intent:13;state:13,85,0,completed
200,dcta_parity_v1,topk_filter,aa0724188407797eae5187348bee11ee9f51317c4e8a201863b052786aa2f1df,823213c90703fd83224ad7122ee730ba64af3769ea517af252103bddd907f681,DMCHBA,ideal,1.0,19,361,4,0.1,36,,,dmchba_topk_10,/home/agxorin/topk_filter_study/simulator/scenarios/final_trial_500.csv,clue_search,01,14,7,15,0,0,0,0,30,15,15,30,0,16,clue:1;collision_intent:14;state:14;target:1,84,0,completed
200,dcta_parity_v1,topk_filter,aa0724188407797eae5187348bee11ee9f51317c4e8a201863b052786aa2f1df,823213c90703fd83224ad7122ee730ba64af3769ea517af252103bddd907f681,DMCHBA,ideal,1.0,19,361,4,0.1,36,,,dmchba_topk_10,/home/agxorin/topk_filter_study/simulator/scenarios/final_trial_500.csv,clue_search,02,14,7,15,0,0,0,0,29,14,15,29,0,15,clue:1;collision_intent:14;state:14,85,0,completed
200,dcta_parity_v1,topk_filter,aa0724188407797eae5187348bee11ee9f51317c4e8a201863b052786aa2f1df,823213c90703fd83224ad7122ee730ba64af3769ea517af252103bddd907f681,DMCHBA,ideal,1.0,19,361,4,0.1,36,,,dmchba_topk_10,/home/agxorin/topk_filter_study/simulator/scenarios/final_trial_500.csv,clue_search,03,13,6,14,0,0,0,0,28,14,14,28,0,14,clue:1;collision_intent:14;state:13,86,0,completed
201,dcta_parity_v1,topk_filter,aa0724188407797eae5187348bee11ee9f51317c4e8a201863b052786aa2f1df,823213c90703fd83224ad7122ee730ba64af3769ea517af252103bddd907f681,DMCHBA,ideal,1.0,19,361,4,0.1,36,,,dmchba_topk_10,/home/agxorin/topk_filter_study/simulator/scenarios/final_trial_500.csv,clue_search,00,42,19,42,1,0,0,0,86,42,44,86,0,40,clue:2;collision_intent:42;state:42,260,0,completed
201,dcta_parity_v1,topk_filter,aa0724188407797eae5187348bee11ee9f51317c4e8a201863b052786aa2f1df,823213c90703fd83224ad7122ee730ba64af3769ea517af252103bddd907f681,DMCHBA,ideal,1.0,19,361,4,0.1,36,,,dmchba_topk_10,/home/agxorin/topk_filter_study/simulator/scenarios/final_trial_500.csv,clue_search,01,42,19,37,6,0,1,1,87,43,44,87,0,41,clue:2;collision_intent:43;state:42,259,0,completed
201,dcta_parity_v1,topk_filter,aa0724188407797eae5187348bee11ee9f51317c4e8a201863b052786aa2f1df,823213c90703fd83224ad7122ee730ba64af3769ea517af252103bddd907f681,DMCHBA,ideal,1.0,19,361,4,0.1,36,,,dmchba_topk_10,/home/agxorin/topk_filter_study/simulator/scenarios/final_trial_500.csv,clue_search,02,42,19,41,2,0,0,0,87,43,44,87,0,41,clue:2;collision_intent:42;state:42;target:1,259,0,completed
201,dcta_parity_v1,topk_filter,aa0724188407797eae5187348bee11ee9f51317c4e8a201863b052786aa2f1df,823213c90703fd83224ad7122ee730ba64af3769ea517af252103bddd907f681,DMCHBA,ideal,1.0,19,361,4,0.1,36,,,dmchba_topk_10,/home/agxorin/topk_filter_study/simulator/scenarios/final_trial_500.csv,clue_search,03,42,20,35,8,0,0,0,86,42,44,86,0,42,clue:2;collision_intent:42;state:42,259,0,completed
202,dcta_parity_v1,topk_filter,aa0724188407797eae5187348bee11ee9f51317c4e8a201863b052786aa2f1df,823213c90703fd83224ad7122ee730ba64af3769ea517af252103bddd907f681,DMCHBA,ideal,1.0,19,361,4,0.1,36,,,dmchba_topk_10,/home/agxorin/topk_filter_study/simulator/scenarios/final_trial_500.csv,clue_search,00,34,0,35,0,0,0,0,68,34,34,68,0,0,collision_intent:34;state:34,204,0,completed
202,dcta_parity_v1,topk_filter,aa0724188407797eae5187348bee11ee9f51317c4e8a201863b052786aa2f1df,823213c90703fd83224ad7122ee730ba64af3769ea517af252103bddd907f681,DMCHBA,ideal,1.0,19,361,4,0.1,36,,,dmchba_topk_10,/home/agxorin/topk_filter_study/simulator/scenarios/final_trial_500.csv,clue_search,01,34,0,35,0,0,0,0,68,34,34,68,0,0,collision_intent:34;state:34,204,0,completed
202,dcta_parity_v1,topk_filter,aa0724188407797eae5187348bee11ee9f51317c4e8a201863b052786aa2f1df,823213c90703fd83224ad7122ee730ba64af3769ea517af252103bddd907f681,DMCHBA,ideal,1.0,19,361,4,0.1,36,,,dmchba_topk_10,/home/agxorin/topk_filter_study/simulator/scenarios/final_trial_500.csv,clue_search,02,34,0,35,0,0,0,0,68,34,34,68,0,0,collision_intent:34;state:34,204,0,completed
202,dcta_parity_v1,topk_filter,aa0724188407797eae5187348bee11ee9f51317c4e8a201863b052786aa2f1df,823213c90703fd83224ad7122ee730ba64af3769ea517af252103bddd907f681,DMCHBA,ideal,1.0,19,361,4,0.1,36,,,dmchba_topk_10,/home/agxorin/topk_filter_study/simulator/scenarios/final_trial_500.csv,clue_search,03,34,0,35,0,0,0,0,69,35,34,69,0,0,collision_intent:34;state:34;target:1,204,0,completed
203,dcta_parity_v1,topk_filter,aa0724188407797eae5187348bee11ee9f51317c4e8a201863b052786aa2f1df,823213c90703fd83224ad7122ee730ba64af3769ea517af252103bddd907f681,DMCHBA,ideal,1.0,19,361,4,0.1,36,,,dmchba_topk_10,/home/agxorin/topk_filter_study/simulator/scenarios/final_trial_500.csv,clue_search,00,35,32,36,0,0,0,0,72,36,36,72,0,66,clue:1;collision_intent:36;state:35,212,0,completed
203,dcta_parity_v1,topk_filter,aa0724188407797eae5187348bee11ee9f51317c4e8a201863b052786aa2f1df,823213c90703fd83224ad7122ee730ba64af3769ea517af252103bddd907f681,DMCHBA,ideal,1.0,19,361,4,0.1,36,,,dmchba_topk_10,/home/agxorin/topk_filter_study/simulator/scenarios/final_trial_500.csv,clue_search,01,34,32,28,7,0,0,0,70,35,35,70,0,66,clue:1;collision_intent:35;state:34,213,0,completed
203,dcta_parity_v1,topk_filter,aa0724188407797eae5187348bee11ee9f51317c4e8a201863b052786aa2f1df,823213c90703fd83224ad7122ee730ba64af3769ea517af252103bddd907f681,DMCHBA,ideal,1.0,19,361,4,0.1,36,,,dmchba_topk_10,/home/agxorin/topk_filter_study/simulator/scenarios/final_trial_500.csv,clue_search,02,35,32,31,5,0,0,0,72,36,36,72,0,66,clue:1;collision_intent:35;state:35;target:1,212,0,completed
203,dcta_parity_v1,topk_filter,aa0724188407797eae5187348bee11ee9f51317c4e8a201863b052786aa2f1df,823213c90703fd83224ad7122ee730ba64af3769ea517af252103bddd907f681,DMCHBA,ideal,1.0,19,361,4,0.1,36,,,dmchba_topk_10,/home/agxorin/topk_filter_study/simulator/scenarios/final_trial_500.csv,clue_search,03,34,32,32,3,0,0,0,70,35,35,70,0,66,clue:1;collision_intent:35;state:34,212,0,completed
204,dcta_parity_v1,topk_filter,aa0724188407797eae5187348bee11ee9f51317c4e8a201863b052786aa2f1df,823213c90703fd83224ad7122ee730ba64af3769ea517af252103bddd907f681,DMCHBA,ideal,1.0,19,361,4,0.1,36,,,dmchba_topk_10,/home/agxorin/topk_filter_study/simulator/scenarios/final_trial_500.csv,clue_search,00,40,22,40,1,0,0,0,82,41,41,82,0,45,clue:1;collision_intent:41;state:40,238,0,completed
204,dcta_parity_v1,topk_filter,aa0724188407797eae5187348bee11ee9f51317c4e8a201863b052786aa2f1df,823213c90703fd83224ad7122ee730ba64af3769ea517af252103bddd907f681,DMCHBA,ideal,1.0,19,361,4,0.1,36,,,dmchba_topk_10,/home/agxorin/topk_filter_study/simulator/scenarios/final_trial_500.csv,clue_search,01,38,20,34,5,0,2,2,80,41,39,80,0,44,clue:1;collision_intent:41;state:38,241,0,completed
204,dcta_parity_v1,topk_filter,aa0724188407797eae5187348bee11ee9f51317c4e8a201863b052786aa2f1df,823213c90703fd83224ad7122ee730ba64af3769ea517af252103bddd907f681,DMCHBA,ideal,1.0,19,361,4,0.1,36,,,dmchba_topk_10,/home/agxorin/topk_filter_study/simulator/scenarios/final_trial_500.csv,clue_search,02,39,20,37,3,0,0,0,79,39,40,79,0,41,clue:1;collision_intent:39;state:39,242,0,completed
204,dcta_parity_v1,topk_filter,aa0724188407797eae5187348bee11ee9f51317c4e8a201863b052786aa2f1df,823213c90703fd83224ad7122ee730ba64af3769ea517af252103bddd907f681,DMCHBA,ideal,1.0,19,361,4,0.1,36,,,dmchba_topk_10,/home/agxorin/topk_filter_study/simulator/scenarios/final_trial_500.csv,clue_search,03,39,21,38,2,0,0,0,80,40,40,80,0,44,clue:1;collision_intent:39;state:39;target:1,241,0,completed
205,dcta_parity_v1,topk_filter,aa0724188407797eae5187348bee11ee9f51317c4e8a201863b052786aa2f1df,823213c90703fd83224ad7122ee730ba64af3769ea517af252103bddd907f681,DMCHBA,ideal,1.0,19,361,4,0.1,36,,,dmchba_topk_10,/home/agxorin/topk_filter_study/simulator/scenarios/final_trial_500.csv,clue_search,00,1,1,2,0,0,0,0,4,2,2,4,0,4,clue:1;collision_intent:2;state:1,15,0,completed
205,dcta_parity_v1,topk_filter,aa0724188407797eae5187348bee11ee9f51317c4e8a201863b052786aa2f1df,823213c90703fd83224ad7122ee730ba64af3769ea517af252103bddd907f681,DMCHBA,ideal,1.0,19,361,4,0.1,36,,,dmchba_topk_10,/home/agxorin/topk_filter_study/simulator/scenarios/final_trial_500.csv,clue_search,01,2,2,3,0,0,0,0,5,2,3,5,0,5,clue:1;collision_intent:2;state:2,13,0,completed
205,dcta_parity_v1,topk_filter,aa0724188407797eae5187348bee11ee9f51317c4e8a201863b052786aa2f1df,823213c90703fd83224ad7122ee730ba64af3769ea517af252103bddd907f681,DMCHBA,ideal,1.0,19,361,4,0.1,36,,,dmchba_topk_10,/home/agxorin/topk_filter_study/simulator/scenarios/final_trial_500.csv,clue_search,02,1,1,2,0,0,0,0,4,2,2,4,0,4,clue:1;collision_intent:2;state:1,14,0,completed
205,dcta_parity_v1,topk_filter,aa0724188407797eae5187348bee11ee9f51317c4e8a201863b052786aa2f1df,823213c90703fd83224ad7122ee730ba64af3769ea517af252103bddd907f681,DMCHBA,ideal,1.0,19,361,4,0.1,36,,,dmchba_topk_10,/home/agxorin/topk_filter_study/simulator/scenarios/final_trial_500.csv,clue_search,03,2,2,3,0,0,0,0,6,3,3,6,0,6,clue:1;collision_intent:2;state:2;target:1,13,0,completed
206,dcta_parity_v1,topk_filter,aa0724188407797eae5187348bee11ee9f51317c4e8a201863b052786aa2f1df,823213c90703fd83224ad7122ee730ba64af3769ea517af252103bddd907f681,DMCHBA,ideal,1.0,19,361,4,0.1,36,,,dmchba_topk_10,/home/agxorin/topk_filter_study/simulator/scenarios/final_trial_500.csv,clue_search,00,12,0,13,0,0,0,0,24,12,12,24,0,0,collision_intent:12;state:12,69,0,completed
206,dcta_parity_v1,topk_filter,aa0724188407797eae5187348bee11ee9f51317c4e8a201863b052786aa2f1df,823213c90703fd83224ad7122ee730ba64af3769ea517af252103bddd907f681,DMCHBA,ideal,1.0,19,361,4,0.1,36,,,dmchba_topk_10,/home/agxorin/topk_filter_study/simulator/scenarios/final_trial_500.csv,clue_search,01,11,0,12,0,0,0,0,22,11,11,22,0,0,collision_intent:11;state:11,70,0,completed
206,dcta_parity_v1,topk_filter,aa0724188407797eae5187348bee11ee9f51317c4e8a201863b052786aa2f1df,823213c90703fd83224ad7122ee730ba64af3769ea517af252103bddd907f681,DMCHBA,ideal,1.0,19,361,4,0.1,36,,,dmchba_topk_10,/home/agxorin/topk_filter_study/simulator/scenarios/final_trial_500.csv,clue_search,02,12,0,13,0,0,0,0,25,13,12,25,0,0,collision_intent:12;state:12;target:1,68,0,completed
206,dcta_parity_v1,topk_filter,aa0724188407797eae5187348bee11ee9f51317c4e8a201863b052786aa2f1df,823213c90703fd83224ad7122ee730ba64af3769ea517af252103bddd907f681,DMCHBA,ideal,1.0,19,361,4,0.1,36,,,dmchba_topk_10,/home/agxorin/topk_filter_study/simulator/scenarios/final_trial_500.csv,clue_search,03,11,0,12,0,0,0,0,22,11,11,22,0,0,collision_intent:11;state:11,70,0,completed
207,dcta_parity_v1,topk_filter,aa0724188407797eae5187348bee11ee9f51317c4e8a201863b052786aa2f1df,823213c90703fd83224ad7122ee730ba64af3769ea517af252103bddd907f681,DMCHBA,ideal,1.0,19,361,4,0.1,36,,,dmchba_topk_10,/home/agxorin/topk_filter_study/simulator/scenarios/final_trial_500.csv,clue_search,00,59,35,59,1,0,0,0,121,60,61,121,0,73,clue:2;collision_intent:59;state:59;target:1,359,0,completed
207,dcta_parity_v1,topk_filter,aa0724188407797eae5187348bee11ee9f51317c4e8a201863b052786aa2f1df,823213c90703fd83224ad7122ee730ba64af3769ea517af252103bddd907f681,DMCHBA,ideal,1.0,19,361,4,0.1,36,,,dmchba_topk_10,/home/agxorin/topk_filter_study/simulator/scenarios/final_trial_500.csv,clue_search,01,58,35,52,7,0,0,0,118,58,60,118,0,72,clue:2;collision_intent:58;state:58,360,0,completed
207,dcta_parity_v1,topk_filter,aa0724188407797eae5187348bee11ee9f51317c4e8a201863b052786aa2f1df,823213c90703fd83224ad7122ee730ba64af3769ea517af252103bddd907f681,DMCHBA,ideal,1.0,19,361,4,0.1,36,,,dmchba_topk_10,/home/agxorin/topk_filter_study/simulator/scenarios/final_trial_500.csv,clue_search,02,59,35,53,7,0,0,0,120,59,61,120,0,72,clue:2;collision_intent:59;state:59,359,0,completed
207,dcta_parity_v1,topk_filter,aa0724188407797eae5187348bee11ee9f51317c4e8a201863b052786aa2f1df,823213c90703fd83224ad7122ee730ba64af3769ea517af252103bddd907f681,DMCHBA,ideal,1.0,19,361,4,0.1,36,,,dmchba_topk_10,/home/agxorin/topk_filter_study/simulator/scenarios/final_trial_500.csv,clue_search,03,59,36,55,5,0,0,0,121,60,61,121,0,75,clue:2;collision_intent:60;state:59,358,0,completed
208,dcta_parity_v1,topk_filter,aa0724188407797eae5187348bee11ee9f51317c4e8a201863b052786aa2f1df,823213c90703fd83224ad7122ee730ba64af3769ea517af252103bddd907f681,DMCHBA,ideal,1.0,19,361,4,0.1,36,,,dmchba_topk_10,/home/agxorin/topk_filter_study/simulator/scenarios/final_trial_500.csv,clue_search,00,39,31,40,0,0,0,0,81,39,42,81,0,65,clue:3;collision_intent:39;state:39,241,0,completed
208,dcta_parity_v1,topk_filter,aa0724188407797eae5187348bee11ee9f51317c4e8a201863b052786aa2f1df,823213c90703fd83224ad7122ee730ba64af3769ea517af252103bddd907f681,DMCHBA,ideal,1.0,19,361,4,0.1,36,,,dmchba_topk_10,/home/agxorin/topk_filter_study/simulator/scenarios/final_trial_500.csv,clue_search,01,39,31,33,7,0,2,2,84,42,42,84,0,68,clue:3;collision_intent:41;state:39;target:1,239,0,completed
208,dcta_parity_v1,topk_filter,aa0724188407797eae5187348bee11ee9f51317c4e8a201863b052786aa2f1df,823213c90703fd83224ad7122ee730ba64af3769ea517af252103bddd907f681,DMCHBA,ideal,1.0,19,361,4,0.1,36,,,dmchba_topk_10,/home/agxorin/topk_filter_study/simulator/scenarios/final_trial_500.csv,clue_search,02,38,30,37,2,0,0,0,79,38,41,79,0,63,clue:3;collision_intent:38;state:38,242,0,completed
208,dcta_parity_v1,topk_filter,aa0724188407797eae5187348bee11ee9f51317c4e8a201863b052786aa2f1df,823213c90703fd83224ad7122ee730ba64af3769ea517af252103bddd907f681,DMCHBA,ideal,1.0,19,361,4,0.1,36,,,dmchba_topk_10,/home/agxorin/topk_filter_study/simulator/scenarios/final_trial_500.csv,clue_search,03,38,30,37,2,0,0,0,79,38,41,79,0,63,clue:3;collision_intent:38;state:38,243,0,completed
209,dcta_parity_v1,topk_filter,aa0724188407797eae5187348bee11ee9f51317c4e8a201863b052786aa2f1df,823213c90703fd83224ad7122ee730ba64af3769ea517af252103bddd907f681,DMCHBA,ideal,1.0,19,361,4,0.1,36,,,dmchba_topk_10,/home/agxorin/topk_filter_study/simulator/scenarios/final_trial_500.csv,clue_search,00,15,0,16,0,0,0,0,30,15,15,30,0,0,collision_intent:15;state:15,89,0,completed
209,dcta_parity_v1,topk_filter,aa0724188407797eae5187348bee11ee9f51317c4e8a201863b052786aa2f1df,823213c90703fd83224ad7122ee730ba64af3769ea517af252103bddd907f681,DMCHBA,ideal,1.0,19,361,4,0.1,36,,,dmchba_topk_10,/home/agxorin/topk_filter_study/simulator/scenarios/final_trial_500.csv,clue_search,01,15,0,16,0,0,0,0,31,16,15,31,0,0,collision_intent:15;state:15;target:1,89,0,completed
209,dcta_parity_v1,topk_filter,aa0724188407797eae5187348bee11ee9f51317c4e8a201863b052786aa2f1df,823213c90703fd83224ad7122ee730ba64af3769ea517af252103bddd907f681,DMCHBA,ideal,1.0,19,361,4,0.1,36,,,dmchba_topk_10,/home/agxorin/topk_filter_study/simulator/scenarios/final_trial_500.csv,clue_search,02,15,0,16,0,0,0,0,30,15,15,30,0,0,collision_intent:15;state:15,88,0,completed
209,dcta_parity_v1,topk_filter,aa0724188407797eae5187348bee11ee9f51317c4e8a201863b052786aa2f1df,823213c90703fd83224ad7122ee730ba64af3769ea517af252103bddd907f681,DMCHBA,ideal,1.0,19,361,4,0.1,36,,,dmchba_topk_10,/home/agxorin/topk_filter_study/simulator/scenarios/final_trial_500.csv,clue_search,03,14,0,15,0,0,0,0,29,15,14,29,0,0,collision_intent:15;state:14,89,0,completed
210,dcta_parity_v1,topk_filter,aa0724188407797eae5187348bee11ee9f51317c4e8a201863b052786aa2f1df,823213c90703fd83224ad7122ee730ba64af3769ea517af252103bddd907f681,DMCHBA,ideal,1.0,19,361,4,0.1,36,,,dmchba_topk_10,/home/agxorin/topk_filter_study/simulator/scenarios/final_trial_500.csv,clue_search,00,20,0,21,0,0,0,0,40,20,20,40,0,0,collision_intent:20;state:20,122,0,completed
210,dcta_parity_v1,topk_filter,aa0724188407797eae5187348bee11ee9f51317c4e8a201863b052786aa2f1df,823213c90703fd83224ad7122ee730ba64af3769ea517af252103bddd907f681,DMCHBA,ideal,1.0,19,361,4,0.1,36,,,dmchba_topk_10,/home/agxorin/topk_filter_study/simulator/scenarios/final_trial_500.csv,clue_search,01,20,0,21,0,0,0,0,40,20,20,40,0,0,collision_intent:20;state:20,122,0,completed
210,dcta_parity_v1,topk_filter,aa0724188407797eae5187348bee11ee9f51317c4e8a201863b052786aa2f1df,823213c90703fd83224ad7122ee730ba64af3769ea517af252103bddd907f681,DMCHBA,ideal,1.0,19,361,4,0.1,36,,,dmchba_topk_10,/home/agxorin/topk_filter_study/simulator/scenarios/final_trial_500.csv,clue_search,02,21,0,22,0,0,0,0,43,22,21,43,0,0,collision_intent:21;state:21;target:1,120,0,completed
210,dcta_parity_v1,topk_filter,aa0724188407797eae5187348bee11ee9f51317c4e8a201863b052786aa2f1df,823213c90703fd83224ad7122ee730ba64af3769ea517af252103bddd907f681,DMCHBA,ideal,1.0,19,361,4,0.1,36,,,dmchba_topk_10,/home/agxorin/topk_filter_study/simulator/scenarios/final_trial_500.csv,clue_search,03,20,0,21,0,0,0,0,40,20,20,40,0,0,collision_intent:20;state:20,122,0,completed
211,dcta_parity_v1,topk_filter,aa0724188407797eae5187348bee11ee9f51317c4e8a201863b052786aa2f1df,823213c90703fd83224ad7122ee730ba64af3769ea517af252103bddd907f681,DMCHBA,ideal,1.0,19,361,4,0.1,36,,,dmchba_topk_10,/home/agxorin/topk_filter_study/simulator/scenarios/final_trial_500.csv,clue_search,00,48,45,49,0,0,0,0,100,49,51,100,0,94,clue:3;collision_intent:48;state:48;target:1,310,0,completed
211,dcta_parity_v1,topk_filter,aa0724188407797eae5187348bee11ee9f51317c4e8a201863b052786aa2f1df,823213c90703fd83224ad7122ee730ba64af3769ea517af252103bddd907f681,DMCHBA,ideal,1.0,19,361,4,0.1,36,,,dmchba_topk_10,/home/agxorin/topk_filter_study/simulator/scenarios/final_trial_500.csv,clue_search,01,49,47,38,12,0,2,2,103,51,52,103,0,99,clue:3;collision_intent:51;state:49,306,0,completed
211,dcta_parity_v1,topk_filter,aa0724188407797eae5187348bee11ee9f51317c4e8a201863b052786aa2f1df,823213c90703fd83224ad7122ee730ba64af3769ea517af252103bddd907f681,DMCHBA,ideal,1.0,19,361,4,0.1,36,,,dmchba_topk_10,/home/agxorin/topk_filter_study/simulator/scenarios/final_trial_500.csv,clue_search,02,50,48,47,4,0,1,1,104,51,53,104,0,99,clue:3;collision_intent:51;state:50,306,0,completed
211,dcta_parity_v1,topk_filter,aa0724188407797eae5187348bee11ee9f51317c4e8a201863b052786aa2f1df,823213c90703fd83224ad7122ee730ba64af3769ea517af252103bddd907f681,DMCHBA,ideal,1.0,19,361,4,0.1,36,,,dmchba_topk_10,/home/agxorin/topk_filter_study/simulator/scenarios/final_trial_500.csv,clue_search,03,50,48,36,15,0,0,0,103,50,53,103,0,99,clue:3;collision_intent:50;state:50,306,0,completed
212,dcta_parity_v1,topk_filter,aa0724188407797eae5187348bee11ee9f51317c4e8a201863b052786aa2f1df,823213c90703fd83224ad7122ee730ba64af3769ea517af252103bddd907f681,DMCHBA,ideal,1.0,19,361,4,0.1,36,,,dmchba_topk_10,/home/agxorin/topk_filter_study/simulator/scenarios/final_trial_500.csv,clue_search,00,87,73,67,21,0,1,1,179,89,90,179,0,151,clue:3;collision_intent:89;state:87,531,0,completed
212,dcta_parity_v1,topk_filter,aa0724188407797eae5187348bee11ee9f51317c4e8a201863b052786aa2f1df,823213c90703fd83224ad7122ee730ba64af3769ea517af252103bddd907f681,DMCHBA,ideal,1.0,19,361,4,0.1,36,,,dmchba_topk_10,/home/agxorin/topk_filter_study/simulator/scenarios/final_trial_500.csv,clue_search,01,86,73,74,13,0,0,0,175,86,89,175,0,149,clue:3;collision_intent:86;state:86,534,0,completed
212,dcta_parity_v1,topk_filter,aa0724188407797eae5187348bee11ee9f51317c4e8a201863b052786aa2f1df,823213c90703fd83224ad7122ee730ba64af3769ea517af252103bddd907f681,DMCHBA,ideal,1.0,19,361,4,0.1,36,,,dmchba_topk_10,/home/agxorin/topk_filter_study/simulator/scenarios/final_trial_500.csv,clue_search,02,87,73,85,3,0,0,0,178,88,90,178,0,150,clue:3;collision_intent:87;state:87;target:1,533,0,completed
212,dcta_parity_v1,topk_filter,aa0724188407797eae5187348bee11ee9f51317c4e8a201863b052786aa2f1df,823213c90703fd83224ad7122ee730ba64af3769ea517af252103bddd907f681,DMCHBA,ideal,1.0,19,361,4,0.1,36,,,dmchba_topk_10,/home/agxorin/topk_filter_study/simulator/scenarios/final_trial_500.csv,clue_search,03,88,75,65,24,0,0,0,179,88,91,179,0,153,clue:3;collision_intent:88;state:88,531,0,completed
213,dcta_parity_v1,topk_filter,aa0724188407797eae5187348bee11ee9f51317c4e8a201863b052786aa2f1df,823213c90703fd83224ad7122ee730ba64af3769ea517af252103bddd907f681,DMCHBA,ideal,1.0,19,361,4,0.1,36,,,dmchba_topk_10,/home/agxorin/topk_filter_study/simulator/scenarios/final_trial_500.csv,clue_search,00,77,12,77,1,0,0,0,158,77,81,158,0,28,clue:4;collision_intent:77;state:77,474,0,completed
213,dcta_parity_v1,topk_filter,aa0724188407797eae5187348bee11ee9f51317c4e8a201863b052786aa2f1df,823213c90703fd83224ad7122ee730ba64af3769ea517af252103bddd907f681,DMCHBA,ideal,1.0,19,361,4,0.1,36,,,dmchba_topk_10,/home/agxorin/topk_filter_study/simulator/scenarios/final_trial_500.csv,clue_search,01,77,13,75,3,0,0,0,158,77,81,158,0,29,clue:4;collision_intent:77;state:77,473,0,completed
213,dcta_parity_v1,topk_filter,aa0724188407797eae5187348bee11ee9f51317c4e8a201863b052786aa2f1df,823213c90703fd83224ad7122ee730ba64af3769ea517af252103bddd907f681,DMCHBA,ideal,1.0,19,361,4,0.1,36,,,dmchba_topk_10,/home/agxorin/topk_filter_study/simulator/scenarios/final_trial_500.csv,clue_search,02,77,12,76,2,0,0,0,158,77,81,158,0,28,clue:4;collision_intent:77;state:77,473,0,completed
213,dcta_parity_v1,topk_filter,aa0724188407797eae5187348bee11ee9f51317c4e8a201863b052786aa2f1df,823213c90703fd83224ad7122ee730ba64af3769ea517af252103bddd907f681,DMCHBA,ideal,1.0,19,361,4,0.1,36,,,dmchba_topk_10,/home/agxorin/topk_filter_study/simulator/scenarios/final_trial_500.csv,clue_search,03,77,13,70,8,0,0,0,159,78,81,159,0,31,clue:4;collision_intent:77;state:77;target:1,474,0,completed
214,dcta_parity_v1,topk_filter,aa0724188407797eae5187348bee11ee9f51317c4e8a201863b052786aa2f1df,823213c90703fd83224ad7122ee730ba64af3769ea517af252103bddd907f681,DMCHBA,ideal,1.0,19,361,4,0.1,36,,,dmchba_topk_10,/home/agxorin/topk_filter_study/simulator/scenarios/final_trial_500.csv,clue_search,00,104,84,85,20,0,0,0,212,104,108,212,0,172,clue:4;collision_intent:104;state:104,630,0,completed
214,dcta_parity_v1,topk_filter,aa0724188407797eae5187348bee11ee9f51317c4e8a201863b052786aa2f1df,823213c90703fd83224ad7122ee730ba64af3769ea517af252103bddd907f681,DMCHBA,ideal,1.0,19,361,4,0.1,36,,,dmchba_topk_10,/home/agxorin/topk_filter_study/simulator/scenarios/final_trial_500.csv,clue_search,01,102,83,97,6,0,0,0,208,102,106,208,0,170,clue:4;collision_intent:102;state:102,632,0,completed
214,dcta_parity_v1,topk_filter,aa0724188407797eae5187348bee11ee9f51317c4e8a201863b052786aa2f1df,823213c90703fd83224ad7122ee730ba64af3769ea517af252103bddd907f681,DMCHBA,ideal,1.0,19,361,4,0.1,36,,,dmchba_topk_10,/home/agxorin/topk_filter_study/simulator/scenarios/final_trial_500.csv,clue_search,02,101,81,83,19,0,3,3,209,104,105,209,0,169,clue:4;collision_intent:104;state:101,633,0,completed
214,dcta_parity_v1,topk_filter,aa0724188407797eae5187348bee11ee9f51317c4e8a201863b052786aa2f1df,823213c90703fd83224ad7122ee730ba64af3769ea517af252103bddd907f681,DMCHBA,ideal,1.0,19,361,4,0.1,36,,,dmchba_topk_10,/home/agxorin/topk_filter_study/simulator/scenarios/final_trial_500.csv,clue_search,03,103,84,69,35,0,2,1,213,106,107,213,0,175,clue:4;collision_intent:105;state:103;target:1,629,0,completed
215,dcta_parity_v1,topk_filter,aa0724188407797eae5187348bee11ee9f51317c4e8a201863b052786aa2f1df,823213c90703fd83224ad7122ee730ba64af3769ea517af252103bddd907f681,DMCHBA,ideal,1.0,19,361,4,0.1,36,,,dmchba_topk_10,/home/agxorin/topk_filter_study/simulator/scenarios/final_trial_500.csv,clue_search,00,25,1,26,0,0,0,0,51,25,26,51,0,3,clue:1;collision_intent:25;state:25,151,0,completed
215,dcta_parity_v1,topk_filter,aa0724188407797eae5187348bee11ee9f51317c4e8a201863b052786aa2f1df,823213c90703fd83224ad7122ee730ba64af3769ea517af252103bddd907f681,DMCHBA,ideal,1.0,19,361,4,0.1,36,,,dmchba_topk_10,/home/agxorin/topk_filter_study/simulator/scenarios/final_trial_500.csv,clue_search,01,25,1,26,0,0,0,0,52,26,26,52,0,4,clue:1;collision_intent:25;state:25;target:1,151,0,completed
215,dcta_parity_v1,topk_filter,aa0724188407797eae5187348bee11ee9f51317c4e8a201863b052786aa2f1df,823213c90703fd83224ad7122ee730ba64af3769ea517af252103bddd907f681,DMCHBA,ideal,1.0,19,361,4,0.1,36,,,dmchba_topk_10,/home/agxorin/topk_filter_study/simulator/scenarios/final_trial_500.csv,clue_search,02,25,1,25,1,0,0,0,51,25,26,51,0,3,clue:1;collision_intent:25;state:25,150,0,completed
215,dcta_parity_v1,topk_filter,aa0724188407797eae5187348bee11ee9f51317c4e8a201863b052786aa2f1df,823213c90703fd83224ad7122ee730ba64af3769ea517af252103bddd907f681,DMCHBA,ideal,1.0,19,361,4,0.1,36,,,dmchba_topk_10,/home/agxorin/topk_filter_study/simulator/scenarios/final_trial_500.csv,clue_search,03,24,1,25,0,0,0,0,49,24,25,49,0,2,clue:1;collision_intent:24;state:24,152,0,completed
216,dcta_parity_v1,topk_filter,aa0724188407797eae5187348bee11ee9f51317c4e8a201863b052786aa2f1df,823213c90703fd83224ad7122ee730ba64af3769ea517af252103bddd907f681,DMCHBA,ideal,1.0,19,361,4,0.1,36,,,dmchba_topk_10,/home/agxorin/topk_filter_study/simulator/scenarios/final_trial_500.csv,clue_search,00,28,22,20,9,0,1,1,60,30,30,60,0,48,clue:2;collision_intent:29;state:28;target:1,166,0,completed
216,dcta_parity_v1,topk_filter,aa0724188407797eae5187348bee11ee9f51317c4e8a201863b052786aa2f1df,823213c90703fd83224ad7122ee730ba64af3769ea517af252103bddd907f681,DMCHBA,ideal,1.0,19,361,4,0.1,36,,,dmchba_topk_10,/home/agxorin/topk_filter_study/simulator/scenarios/final_trial_500.csv,clue_search,01,27,22,24,4,0,1,1,57,28,29,57,0,47,clue:2;collision_intent:28;state:27,169,0,completed
216,dcta_parity_v1,topk_filter,aa0724188407797eae5187348bee11ee9f51317c4e8a201863b052786aa2f1df,823213c90703fd83224ad7122ee730ba64af3769ea517af252103bddd907f681,DMCHBA,ideal,1.0,19,361,4,0.1,36,,,dmchba_topk_10,/home/agxorin/topk_filter_study/simulator/scenarios/final_trial_500.csv,clue_search,02,26,20,27,0,0,0,0,55,27,28,55,0,43,clue:2;collision_intent:27;state:26,170,0,completed
216,dcta_parity_v1,topk_filter,aa0724188407797eae5187348bee11ee9f51317c4e8a201863b052786aa2f1df,823213c90703fd83224ad7122ee730ba64af3769ea517af252103bddd907f681,DMCHBA,ideal,1.0,19,361,4,0.1,36,,,dmchba_topk_10,/home/agxorin/topk_filter_study/simulator/scenarios/final_trial_500.csv,clue_search,03,26,21,25,2,0,0,0,54,26,28,54,0,44,clue:2;collision_intent:26;state:26,171,0,completed
217,dcta_parity_v1,topk_filter,aa0724188407797eae5187348bee11ee9f51317c4e8a201863b052786aa2f1df,823213c90703fd83224ad7122ee730ba64af3769ea517af252103bddd907f681,DMCHBA,ideal,1.0,19,361,4,0.1,36,,,dmchba_topk_10,/home/agxorin/topk_filter_study/simulator/scenarios/final_trial_500.csv,clue_search,00,52,48,44,9,0,0,0,105,52,53,105,0,97,clue:1;collision_intent:52;state:52,301,0,completed
217,dcta_parity_v1,topk_filter,aa0724188407797eae5187348bee11ee9f51317c4e8a201863b052786aa2f1df,823213c90703fd83224ad7122ee730ba64af3769ea517af252103bddd907f681,DMCHBA,ideal,1.0,19,361,4,0.1,36,,,dmchba_topk_10,/home/agxorin/topk_filter_study/simulator/scenarios/final_trial_500.csv,clue_search,01,50,46,48,3,0,0,0,101,50,51,101,0,93,clue:1;collision_intent:50;state:50,304,0,completed
217,dcta_parity_v1,topk_filter,aa0724188407797eae5187348bee11ee9f51317c4e8a201863b052786aa2f1df,823213c90703fd83224ad7122ee730ba64af3769ea517af252103bddd907f681,DMCHBA,ideal,1.0,19,361,4,0.1,36,,,dmchba_topk_10,/home/agxorin/topk_filter_study/simulator/scenarios/final_trial_500.csv,clue_search,02,50,46,46,5,0,0,0,102,51,51,102,0,94,clue:1;collision_intent:50;state:50;target:1,305,0,completed
217,dcta_parity_v1,topk_filter,aa0724188407797eae5187348bee11ee9f51317c4e8a201863b052786aa2f1df,823213c90703fd83224ad7122ee730ba64af3769ea517af252103bddd907f681,DMCHBA,ideal,1.0,19,361,4,0.1,36,,,dmchba_topk_10,/home/agxorin/topk_filter_study/simulator/scenarios/final_trial_500.csv,clue_search,03,49,45,42,8,0,0,0,99,49,50,99,0,91,clue:1;collision_intent:49;state:49,308,0,completed
218,dcta_parity_v1,topk_filter,aa0724188407797eae5187348bee11ee9f51317c4e8a201863b052786aa2f1df,823213c90703fd83224ad7122ee730ba64af3769ea517af252103bddd907f681,DMCHBA,ideal,1.0,19,361,4,0.1,36,,,dmchba_topk_10,/home/agxorin/topk_filter_study/simulator/scenarios/final_trial_500.csv,clue_search,00,2,0,3,0,0,0,0,4,2,2,4,0,0,collision_intent:2;state:2,12,0,completed
218,dcta_parity_v1,topk_filter,aa0724188407797eae5187348bee11ee9f51317c4e8a201863b052786aa2f1df,823213c90703fd83224ad7122ee730ba64af3769ea517af252103bddd907f681,DMCHBA,ideal,1.0,19,361,4,0.1,36,,,dmchba_topk_10,/home/agxorin/topk_filter_study/simulator/scenarios/final_trial_500.csv,clue_search,01,2,0,3,0,0,0,0,5,3,2,5,0,0,collision_intent:2;state:2;target:1,12,0,completed
218,dcta_parity_v1,topk_filter,aa0724188407797eae5187348bee11ee9f51317c4e8a201863b052786aa2f1df,823213c90703fd83224ad7122ee730ba64af3769ea517af252103bddd907f681,DMCHBA,ideal,1.0,19,361,4,0.1,36,,,dmchba_topk_10,/home/agxorin/topk_filter_study/simulator/scenarios/final_trial_500.csv,clue_search,02,2,0,3,0,0,0,0,4,2,2,4,0,0,collision_intent:2;state:2,13,0,completed
218,dcta_parity_v1,topk_filter,aa0724188407797eae5187348bee11ee9f51317c4e8a201863b052786aa2f1df,823213c90703fd83224ad7122ee730ba64af3769ea517af252103bddd907f681,DMCHBA,ideal,1.0,19,361,4,0.1,36,,,dmchba_topk_10,/home/agxorin/topk_filter_study/simulator/scenarios/final_trial_500.csv,clue_search,03,2,0,3,0,0,0,0,4,2,2,4,0,0,collision_intent:2;state:2,12,0,completed
219,dcta_parity_v1,topk_filter,aa0724188407797eae5187348bee11ee9f51317c4e8a201863b052786aa2f1df,823213c90703fd83224ad7122ee730ba64af3769ea517af252103bddd907f681,DMCHBA,ideal,1.0,19,361,4,0.1,36,,,dmchba_topk_10,/home/agxorin/topk_filter_study/simulator/scenarios/final_trial_500.csv,clue_search,00,57,32,55,3,0,0,0,117,57,60,117,0,67,clue:3;collision_intent:57;state:57,356,0,completed
219,dcta_parity_v1,topk_filter,aa0724188407797eae5187348bee11ee9f51317c4e8a201863b052786aa2f1df,823213c90703fd83224ad7122ee730ba64af3769ea517af252103bddd907f681,DMCHBA,ideal,1.0,19,361,4,0.1,36,,,dmchba_topk_10,/home/agxorin/topk_filter_study/simulator/scenarios/final_trial_500.csv,clue_search,01,57,32,53,5,0,1,1,119,59,60,119,0,69,clue:3;collision_intent:58;state:57;target:1,355,0,completed
219,dcta_parity_v1,topk_filter,aa0724188407797eae5187348bee11ee9f51317c4e8a201863b052786aa2f1df,823213c90703fd83224ad7122ee730ba64af3769ea517af252103bddd907f681,DMCHBA,ideal,1.0,19,361,4,0.1,36,,,dmchba_topk_10,/home/agxorin/topk_filter_study/simulator/scenarios/final_trial_500.csv,clue_search,02,58,33,56,3,0,0,0,119,58,61,119,0,69,clue:3;collision_intent:58;state:58,354,0,completed
219,dcta_parity_v1,topk_filter,aa0724188407797eae5187348bee11ee9f51317c4e8a201863b052786aa2f1df,823213c90703fd83224ad7122ee730ba64af3769ea517af252103bddd907f681,DMCHBA,ideal,1.0,19,361,4,0.1,36,,,dmchba_topk_10,/home/agxorin/topk_filter_study/simulator/scenarios/final_trial_500.csv,clue_search,03,58,34,46,13,0,0,0,119,58,61,119,0,70,clue:3;collision_intent:58;state:58,355,0,completed
220,dcta_parity_v1,topk_filter,aa0724188407797eae5187348bee11ee9f51317c4e8a201863b052786aa2f1df,823213c90703fd83224ad7122ee730ba64af3769ea517af252103bddd907f681,DMCHBA,ideal,1.0,19,361,4,0.1,36,,,dmchba_topk_10,/home/agxorin/topk_filter_study/simulator/scenarios/final_trial_500.csv,clue_search,00,49,19,47,3,0,0,0,101,50,51,101,0,41,clue:2;collision_intent:49;state:49;target:1,290,0,completed
220,dcta_parity_v1,topk_filter,aa0724188407797eae5187348bee11ee9f51317c4e8a201863b052786aa2f1df,823213c90703fd83224ad7122ee730ba64af3769ea517af252103bddd907f681,DMCHBA,ideal,1.0,19,361,4,0.1,36,,,dmchba_topk_10,/home/agxorin/topk_filter_study/simulator/scenarios/final_trial_500.csv,clue_search,01,48,18,45,4,0,0,0,98,48,50,98,0,38,clue:2;collision_intent:48;state:48,293,0,completed
220,dcta_parity_v1,topk_filter,aa0724188407797eae5187348bee11ee9f51317c4e8a201863b052786aa2f1df,823213c90703fd83224ad7122ee730ba64af3769ea517af252103bddd907f681,DMCHBA,ideal,1.0,19,361,4,0.1,36,,,dmchba_topk_10,/home/agxorin/topk_filter_study/simulator/scenarios/final_trial_500.csv,clue_search,02,47,17,46,2,0,0,0,96,47,49,96,0,36,clue:2;collision_intent:47;state:47,294,0,completed
220,dcta_parity_v1,topk_filter,aa0724188407797eae5187348bee11ee9f51317c4e8a201863b052786aa2f1df,823213c90703fd83224ad7122ee730ba64af3769ea517af252103bddd907f681,DMCHBA,ideal,1.0,19,361,4,0.1,36,,,dmchba_topk_10,/home/agxorin/topk_filter_study/simulator/scenarios/final_trial_500.csv,clue_search,03,47,17,44,4,0,0,0,96,47,49,96,0,36,clue:2;collision_intent:47;state:47,293,0,completed
221,dcta_parity_v1,topk_filter,aa0724188407797eae5187348bee11ee9f51317c4e8a201863b052786aa2f1df,823213c90703fd83224ad7122ee730ba64af3769ea517af252103bddd907f681,DMCHBA,ideal,1.0,19,361,4,0.1,36,,,dmchba_topk_10,/home/agxorin/topk_filter_study/simulator/scenarios/final_trial_500.csv,clue_search,00,12,0,13,0,0,0,0,24,12,12,24,0,0,collision_intent:12;state:12,72,0,completed
221,dcta_parity_v1,topk_filter,aa0724188407797eae5187348bee11ee9f51317c4e8a201863b052786aa2f1df,823213c90703fd83224ad7122ee730ba64af3769ea517af252103bddd907f681,DMCHBA,ideal,1.0,19,361,4,0.1,36,,,dmchba_topk_10,/home/agxorin/topk_filter_study/simulator/scenarios/final_trial_500.csv,clue_search,01,12,0,13,0,0,0,0,25,13,12,25,0,0,collision_intent:12;state:12;target:1,72,0,completed
221,dcta_parity_v1,topk_filter,aa0724188407797eae5187348bee11ee9f51317c4e8a201863b052786aa2f1df,823213c90703fd83224ad7122ee730ba64af3769ea517af252103bddd907f681,DMCHBA,ideal,1.0,19,361,4,0.1,36,,,dmchba_topk_10,/home/agxorin/topk_filter_study/simulator/scenarios/final_trial_500.csv,clue_search,02,12,0,13,0,0,0,0,24,12,12,24,0,0,collision_intent:12;state:12,71,0,completed
221,dcta_parity_v1,topk_filter,aa0724188407797eae5187348bee11ee9f51317c4e8a201863b052786aa2f1df,823213c90703fd83224ad7122ee730ba64af3769ea517af252103bddd907f681,DMCHBA,ideal,1.0,19,361,4,0.1,36,,,dmchba_topk_10,/home/agxorin/topk_filter_study/simulator/scenarios/final_trial_500.csv,clue_search,03,12,0,13,0,0,0,0,24,12,12,24,0,0,collision_intent:12;state:12,72,0,completed
222,dcta_parity_v1,topk_filter,aa0724188407797eae5187348bee11ee9f51317c4e8a201863b052786aa2f1df,823213c90703fd83224ad7122ee730ba64af3769ea517af252103bddd907f681,DMCHBA,ideal,1.0,19,361,4,0.1,36,,,dmchba_topk_10,/home/agxorin/topk_filter_study/simulator/scenarios/final_trial_500.csv,clue_search,00,46,42,46,1,0,0,0,95,47,48,95,0,87,clue:2;collision_intent:47;state:46,284,0,completed
222,dcta_parity_v1,topk_filter,aa0724188407797eae5187348bee11ee9f51317c4e8a201863b052786aa2f1df,823213c90703fd83224ad7122ee730ba64af3769ea517af252103bddd907f681,DMCHBA,ideal,1.0,19,361,4,0.1,36,,,dmchba_topk_10,/home/agxorin/topk_filter_study/simulator/scenarios/final_trial_500.csv,clue_search,01,46,42,47,0,0,0,0,94,46,48,94,0,86,clue:2;collision_intent:46;state:46,285,0,completed
222,dcta_parity_v1,topk_filter,aa0724188407797eae5187348bee11ee9f51317c4e8a201863b052786aa2f1df,823213c90703fd83224ad7122ee730ba64af3769ea517af252103bddd907f681,DMCHBA,ideal,1.0,19,361,4,0.1,36,,,dmchba_topk_10,/home/agxorin/topk_filter_study/simulator/scenarios/final_trial_500.csv,clue_search,02,47,43,35,13,0,0,0,97,48,49,97,0,89,clue:2;collision_intent:47;state:47;target:1,283,0,completed
222,dcta_parity_v1,topk_filter,aa0724188407797eae5187348bee11ee9f51317c4e8a201863b052786aa2f1df,823213c90703fd83224ad7122ee730ba64af3769ea517af252103bddd907f681,DMCHBA,ideal,1.0,19,361,4,0.1,36,,,dmchba_topk_10,/home/agxorin/topk_filter_study/simulator/scenarios/final_trial_500.csv,clue_search,03,46,42,39,8,0,0,0,94,46,48,94,0,86,clue:2;collision_intent:46;state:46,286,0,completed
223,dcta_parity_v1,topk_filter,aa0724188407797eae5187348bee11ee9f51317c4e8a201863b052786aa2f1df,823213c90703fd83224ad7122ee730ba64af3769ea517af252103bddd907f681,DMCHBA,ideal,1.0,19,361,4,0.1,36,,,dmchba_topk_10,/home/agxorin/topk_filter_study/simulator/scenarios/final_trial_500.csv,clue_search,00,45,11,45,1,0,0,0,93,45,48,93,0,25,clue:3;collision_intent:45;state:45,271,0,completed
223,dcta_parity_v1,topk_filter,aa0724188407797eae5187348bee11ee9f51317c4e8a201863b052786aa2f1df,823213c90703fd83224ad7122ee730ba64af3769ea517af252103bddd907f681,DMCHBA,ideal,1.0,19,361,4,0.1,36,,,dmchba_topk_10,/home/agxorin/topk_filter_study/simulator/scenarios/final_trial_500.csv,clue_search,01,44,10,43,2,0,0,0,91,44,47,91,0,23,clue:3;collision_intent:44;state:44,272,0,completed
223,dcta_parity_v1,topk_filter,aa0724188407797eae5187348bee11ee9f51317c4e8a201863b052786aa2f1df,823213c90703fd83224ad7122ee730ba64af3769ea517af252103bddd907f681,DMCHBA,ideal,1.0,19,361,4,0.1,36,,,dmchba_topk_10,/home/agxorin/topk_filter_study/simulator/scenarios/final_trial_500.csv,clue_search,02,44,10,44,1,0,0,0,92,45,47,92,0,24,clue:3;collision_intent:44;state:44;target:1,273,0,completed
223,dcta_parity_v1,topk_filter,aa0724188407797eae5187348bee11ee9f51317c4e8a201863b052786aa2f1df,823213c90703fd83224ad7122ee730ba64af3769ea517af252103bddd907f681,DMCHBA,ideal,1.0,19,361,4,0.1,36,,,dmchba_topk_10,/home/agxorin/topk_filter_study/simulator/scenarios/final_trial_500.csv,clue_search,03,43,9,43,1,0,0,0,89,43,46,89,0,21,clue:3;collision_intent:43;state:43,275,0,completed
224,dcta_parity_v1,topk_filter,aa0724188407797eae5187348bee11ee9f51317c4e8a201863b052786aa2f1df,823213c90703fd83224ad7122ee730ba64af3769ea517af252103bddd907f681,DMCHBA,ideal,1.0,19,361,4,0.1,36,,,dmchba_topk_10,/home/agxorin/topk_filter_study/simulator/scenarios/final_trial_500.csv,clue_search,00,86,77,80,7,0,0,0,176,86,90,176,0,158,clue:4;collision_intent:86;state:86,525,0,completed
224,dcta_parity_v1,topk_filter,aa0724188407797eae5187348bee11ee9f51317c4e8a201863b052786aa2f1df,823213c90703fd83224ad7122ee730ba64af3769ea517af252103bddd907f681,DMCHBA,ideal,1.0,19,361,4,0.1,36,,,dmchba_topk_10,/home/agxorin/topk_filter_study/simulator/scenarios/final_trial_500.csv,clue_search,01,84,75,71,14,0,3,3,175,87,88,175,0,157,clue:4;collision_intent:87;state:84,526,0,completed
224,dcta_parity_v1,topk_filter,aa0724188407797eae5187348bee11ee9f51317c4e8a201863b052786aa2f1df,823213c90703fd83224ad7122ee730ba64af3769ea517af252103bddd907f681,DMCHBA,ideal,1.0,19,361,4,0.1,36,,,dmchba_topk_10,/home/agxorin/topk_filter_study/simulator/scenarios/final_trial_500.csv,clue_search,02,86,77,82,5,0,0,0,176,86,90,176,0,158,clue:4;collision_intent:86;state:86,525,0,completed
224,dcta_parity_v1,topk_filter,aa0724188407797eae5187348bee11ee9f51317c4e8a201863b052786aa2f1df,823213c90703fd83224ad7122ee730ba64af3769ea517af252103bddd907f681,DMCHBA,ideal,1.0,19,361,4,0.1,36,,,dmchba_topk_10,/home/agxorin/topk_filter_study/simulator/scenarios/final_trial_500.csv,clue_search,03,85,76,78,8,0,0,0,175,86,89,175,0,157,clue:4;collision_intent:85;state:85;target:1,527,0,completed
225,dcta_parity_v1,topk_filter,aa0724188407797eae5187348bee11ee9f51317c4e8a201863b052786aa2f1df,823213c90703fd83224ad7122ee730ba64af3769ea517af252103bddd907f681,DMCHBA,ideal,1.0,19,361,4,0.1,36,,,dmchba_topk_10,/home/agxorin/topk_filter_study/simulator/scenarios/final_trial_500.csv,clue_search,00,35,0,36,0,0,0,0,71,36,35,71,0,0,collision_intent:35;state:35;target:1,201,0,completed
225,dcta_parity_v1,topk_filter,aa0724188407797eae5187348bee11ee9f51317c4e8a201863b052786aa2f1df,823213c90703fd83224ad7122ee730ba64af3769ea517af252103bddd907f681,DMCHBA,ideal,1.0,19,361,4,0.1,36,,,dmchba_topk_10,/home/agxorin/topk_filter_study/simulator/scenarios/final_trial_500.csv,clue_search,01,33,0,34,0,0,0,0,67,34,33,67,0,0,collision_intent:34;state:33,205,0,completed
225,dcta_parity_v1,topk_filter,aa0724188407797eae5187348bee11ee9f51317c4e8a201863b052786aa2f1df,823213c90703fd83224ad7122ee730ba64af3769ea517af252103bddd907f681,DMCHBA,ideal,1.0,19,361,4,0.1,36,,,dmchba_topk_10,/home/agxorin/topk_filter_study/simulator/scenarios/final_trial_500.csv,clue_search,02,34,0,35,0,0,0,0,68,34,34,68,0,0,collision_intent:34;state:34,203,0,completed
225,dcta_parity_v1,topk_filter,aa0724188407797eae5187348bee11ee9f51317c4e8a201863b052786aa2f1df,823213c90703fd83224ad7122ee730ba64af3769ea517af252103bddd907f681,DMCHBA,ideal,1.0,19,361,4,0.1,36,,,dmchba_topk_10,/home/agxorin/topk_filter_study/simulator/scenarios/final_trial_500.csv,clue_search,03,33,0,34,0,0,0,0,66,33,33,66,0,0,collision_intent:33;state:33,205,0,completed
226,dcta_parity_v1,topk_filter,aa0724188407797eae5187348bee11ee9f51317c4e8a201863b052786aa2f1df,823213c90703fd83224ad7122ee730ba64af3769ea517af252103bddd907f681,DMCHBA,ideal,1.0,19,361,4,0.1,36,,,dmchba_topk_10,/home/agxorin/topk_filter_study/simulator/scenarios/final_trial_500.csv,clue_search,00,39,31,37,3,0,0,0,80,39,41,80,0,64,clue:2;collision_intent:39;state:39,239,0,completed
226,dcta_parity_v1,topk_filter,aa0724188407797eae5187348bee11ee9f51317c4e8a201863b052786aa2f1df,823213c90703fd83224ad7122ee730ba64af3769ea517af252103bddd907f681,DMCHBA,ideal,1.0,19,361,4,0.1,36,,,dmchba_topk_10,/home/agxorin/topk_filter_study/simulator/scenarios/final_trial_500.csv,clue_search,01,38,31,37,2,0,0,0,78,38,40,78,0,64,clue:2;collision_intent:38;state:38,243,0,completed
226,dcta_parity_v1,topk_filter,aa0724188407797eae5187348bee11ee9f51317c4e8a201863b052786aa2f1df,823213c90703fd83224ad7122ee730ba64af3769ea517af252103bddd907f681,DMCHBA,ideal,1.0,19,361,4,0.1,36,,,dmchba_topk_10,/home/agxorin/topk_filter_study/simulator/scenarios/final_trial_500.csv,clue_search,02,40,32,40,1,0,0,0,83,41,42,83,0,67,clue:2;collision_intent:40;state:40;target:1,238,0,completed
226,dcta_parity_v1,topk_filter,aa0724188407797eae5187348bee11ee9f51317c4e8a201863b052786aa2f1df,823213c90703fd83224ad7122ee730ba64af3769ea517af252103bddd907f681,DMCHBA,ideal,1.0,19,361,4,0.1,36,,,dmchba_topk_10,/home/agxorin/topk_filter_study/simulator/scenarios/final_trial_500.csv,clue_search,03,39,32,38,2,0,0,0,80,39,41,80,0,66,clue:2;collision_intent:39;state:39,240,0,completed
227,dcta_parity_v1,topk_filter,aa0724188407797eae5187348bee11ee9f51317c4e8a201863b052786aa2f1df,823213c90703fd83224ad7122ee730ba64af3769ea517af252103bddd907f681,DMCHBA,ideal,1.0,19,361,4,0.1,36,,,dmchba_topk_10,/home/agxorin/topk_filter_study/simulator/scenarios/final_trial_500.csv,clue_search,00,49,33,45,5,0,0,0,99,49,50,99,0,67,clue:1;collision_intent:49;state:49,301,0,completed
227,dcta_parity_v1,topk_filter,aa0724188407797eae5187348bee11ee9f51317c4e8a201863b052786aa2f1df,823213c90703fd83224ad7122ee730ba64af3769ea517af252103bddd907f681,DMCHBA,ideal,1.0,19,361,4,0.1,36,,,dmchba_topk_10,/home/agxorin/topk_filter_study/simulator/scenarios/final_trial_500.csv,clue_search,01,50,34,45,6,0,1,1,103,52,51,103,0,71,clue:1;collision_intent:51;state:50;target:1,298,0,completed
227,dcta_parity_v1,topk_filter,aa0724188407797eae5187348bee11ee9f51317c4e8a201863b052786aa2f1df,823213c90703fd83224ad7122ee730ba64af3769ea517af252103bddd907f681,DMCHBA,ideal,1.0,19,361,4,0.1,36,,,dmchba_topk_10,/home/agxorin/topk_filter_study/simulator/scenarios/final_trial_500.csv,clue_search,02,49,33,47,3,0,1,1,100,50,50,100,0,68,clue:1;collision_intent:50;state:49,301,0,completed
227,dcta_parity_v1,topk_filter,aa0724188407797eae5187348bee11ee9f51317c4e8a201863b052786aa2f1df,823213c90703fd83224ad7122ee730ba64af3769ea517af252103bddd907f681,DMCHBA,ideal,1.0,19,361,4,0.1,36,,,dmchba_topk_10,/home/agxorin/topk_filter_study/simulator/scenarios/final_trial_500.csv,clue_search,03,49,33,47,3,0,0,0,99,49,50,99,0,67,clue:1;collision_intent:49;state:49,302,0,completed
228,dcta_parity_v1,topk_filter,aa0724188407797eae5187348bee11ee9f51317c4e8a201863b052786aa2f1df,823213c90703fd83224ad7122ee730ba64af3769ea517af252103bddd907f681,DMCHBA,ideal,1.0,19,361,4,0.1,36,,,dmchba_topk_10,/home/agxorin/topk_filter_study/simulator/scenarios/final_trial_500.csv,clue_search,00,19,8,20,0,0,0,0,39,19,20,39,0,17,clue:1;collision_intent:19;state:19,114,0,completed
228,dcta_parity_v1,topk_filter,aa0724188407797eae5187348bee11ee9f51317c4e8a201863b052786aa2f1df,823213c90703fd83224ad7122ee730ba64af3769ea517af252103bddd907f681,DMCHBA,ideal,1.0,19,361,4,0.1,36,,,dmchba_topk_10,/home/agxorin/topk_filter_study/simulator/scenarios/final_trial_500.csv,clue_search,01,19,8,19,1,0,0,0,40,20,20,40,0,18,clue:1;collision_intent:19;state:19;target:1,114,0,completed
228,dcta_parity_v1,topk_filter,aa0724188407797eae5187348bee11ee9f51317c4e8a201863b052786aa2f1df,823213c90703fd83224ad7122ee730ba64af3769ea517af252103bddd907f681,DMCHBA,ideal,1.0,19,361,4,0.1,36,,,dmchba_topk_10,/home/agxorin/topk_filter_study/simulator/scenarios/final_trial_500.csv,clue_search,02,18,7,19,0,0,0,0,38,19,19,38,0,16,clue:1;collision_intent:19;state:18,114,0,completed
228,dcta_parity_v1,topk_filter,aa0724188407797eae5187348bee11ee9f51317c4e8a201863b052786aa2f1df,823213c90703fd83224ad7122ee730ba64af3769ea517af252103bddd907f681,DMCHBA,ideal,1.0,19,361,4,0.1,36,,,dmchba_topk_10,/home/agxorin/topk_filter_study/simulator/scenarios/final_trial_500.csv,clue_search,03,18,7,18,1,0,0,0,37,18,19,37,0,15,clue:1;collision_intent:18;state:18,117,0,completed
229,dcta_parity_v1,topk_filter,aa0724188407797eae5187348bee11ee9f51317c4e8a201863b052786aa2f1df,823213c90703fd83224ad7122ee730ba64af3769ea517af252103bddd907f681,DMCHBA,ideal,1.0,19,361,4,0.1,36,,,dmchba_topk_10,/home/agxorin/topk_filter_study/simulator/scenarios/final_trial_500.csv,clue_search,00,39,23,37,3,0,0,0,80,39,41,80,0,48,clue:2;collision_intent:39;state:39,241,0,completed
229,dcta_parity_v1,topk_filter,aa0724188407797eae5187348bee11ee9f51317c4e8a201863b052786aa2f1df,823213c90703fd83224ad7122ee730ba64af3769ea517af252103bddd907f681,DMCHBA,ideal,1.0,19,361,4,0.1,36,,,dmchba_topk_10,/home/agxorin/topk_filter_study/simulator/scenarios/final_trial_500.csv,clue_search,01,38,22,39,0,0,0,0,78,38,40,78,0,46,clue:2;collision_intent:38;state:38,243,0,completed
229,dcta_parity_v1,topk_filter,aa0724188407797eae5187348bee11ee9f51317c4e8a201863b052786aa2f1df,823213c90703fd83224ad7122ee730ba64af3769ea517af252103bddd907f681,DMCHBA,ideal,1.0,19,361,4,0.1,36,,,dmchba_topk_10,/home/agxorin/topk_filter_study/simulator/scenarios/final_trial_500.csv,clue_search,02,38,22,31,8,0,3,2,81,41,40,81,0,49,clue:2;collision_intent:41;state:38,240,0,completed
229,dcta_parity_v1,topk_filter,aa0724188407797eae5187348bee11ee9f51317c4e8a201863b052786aa2f1df,823213c90703fd83224ad7122ee730ba64af3769ea517af252103bddd907f681,DMCHBA,ideal,1.0,19,361,4,0.1,36,,,dmchba_topk_10,/home/agxorin/topk_filter_study/simulator/scenarios/final_trial_500.csv,clue_search,03,40,24,38,3,0,0,0,83,41,42,83,0,51,clue:2;collision_intent:40;state:40;target:1,239,0,completed
230,dcta_parity_v1,topk_filter,aa0724188407797eae5187348bee11ee9f51317c4e8a201863b052786aa2f1df,823213c90703fd83224ad7122ee730ba64af3769ea517af252103bddd907f681,DMCHBA,ideal,1.0,19,361,4,0.1,36,,,dmchba_topk_10,/home/agxorin/topk_filter_study/simulator/scenarios/final_trial_500.csv,clue_search,00,23,7,24,0,0,0,0,48,24,24,48,0,16,clue:1;collision_intent:23;state:23;target:1,136,0,completed
230,dcta_parity_v1,topk_filter,aa0724188407797eae5187348bee11ee9f51317c4e8a201863b052786aa2f1df,823213c90703fd83224ad7122ee730ba64af3769ea517af252103bddd907f681,DMCHBA,ideal,1.0,19,361,4,0.1,36,,,dmchba_topk_10,/home/agxorin/topk_filter_study/simulator/scenarios/final_trial_500.csv,clue_search,01,22,6,23,0,0,0,0,45,22,23,45,0,13,clue:1;collision_intent:22;state:22,138,0,completed
230,dcta_parity_v1,topk_filter,aa0724188407797eae5187348bee11ee9f51317c4e8a201863b052786aa2f1df,823213c90703fd83224ad7122ee730ba64af3769ea517af252103bddd907f681,DMCHBA,ideal,1.0,19,361,4,0.1,36,,,dmchba_topk_10,/home/agxorin/topk_filter_study/simulator/scenarios/final_trial_500.csv,clue_search,02,22,5,23,0,0,0,0,46,23,23,46,0,12,clue:1;collision_intent:23;state:22,137,0,completed
230,dcta_parity_v1,topk_filter,aa0724188407797eae5187348bee11ee9f51317c4e8a201863b052786aa2f1df,823213c90703fd83224ad7122ee730ba64af3769ea517af252103bddd907f681,DMCHBA,ideal,1.0,19,361,4,0.1,36,,,dmchba_topk_10,/home/agxorin/topk_filter_study/simulator/scenarios/final_trial_500.csv,clue_search,03,22,6,23,0,0,0,0,45,22,23,45,0,13,clue:1;collision_intent:22;state:22,139,0,completed
231,dcta_parity_v1,topk_filter,aa0724188407797eae5187348bee11ee9f51317c4e8a201863b052786aa2f1df,823213c90703fd83224ad7122ee730ba64af3769ea517af252103bddd907f681,DMCHBA,ideal,1.0,19,361,4,0.1,36,,,dmchba_topk_10,/home/agxorin/topk_filter_study/simulator/scenarios/final_trial_500.csv,clue_search,00,14,0,15,0,0,0,0,29,15,14,29,0,0,collision_intent:14;state:14;target:1,80,0,completed
231,dcta_parity_v1,topk_filter,aa0724188407797eae5187348bee11ee9f51317c4e8a201863b052786aa2f1df,823213c90703fd83224ad7122ee730ba64af3769ea517af252103bddd907f681,DMCHBA,ideal,1.0,19,361,4,0.1,36,,,dmchba_topk_10,/home/agxorin/topk_filter_study/simulator/scenarios/final_trial_500.csv,clue_search,01,13,0,14,0,0,0,0,26,13,13,26,0,0,collision_intent:13;state:13,81,0,completed
231,dcta_parity_v1,topk_filter,aa0724188407797eae5187348bee11ee9f51317c4e8a201863b052786aa2f1df,823213c90703fd83224ad7122ee730ba64af3769ea517af252103bddd907f681,DMCHBA,ideal,1.0,19,361,4,0.1,36,,,dmchba_topk_10,/home/agxorin/topk_filter_study/simulator/scenarios/final_trial_500.csv,clue_search,02,14,0,15,0,0,0,0,28,14,14,28,0,0,collision_intent:14;state:14,80,0,completed
231,dcta_parity_v1,topk_filter,aa0724188407797eae5187348bee11ee9f51317c4e8a201863b052786aa2f1df,823213c90703fd83224ad7122ee730ba64af3769ea517af252103bddd907f681,DMCHBA,ideal,1.0,19,361,4,0.1,36,,,dmchba_topk_10,/home/agxorin/topk_filter_study/simulator/scenarios/final_trial_500.csv,clue_search,03,13,0,14,0,0,0,0,26,13,13,26,0,0,collision_intent:13;state:13,81,0,completed
232,dcta_parity_v1,topk_filter,aa0724188407797eae5187348bee11ee9f51317c4e8a201863b052786aa2f1df,823213c90703fd83224ad7122ee730ba64af3769ea517af252103bddd907f681,DMCHBA,ideal,1.0,19,361,4,0.1,36,,,dmchba_topk_10,/home/agxorin/topk_filter_study/simulator/scenarios/final_trial_500.csv,clue_search,00,10,6,11,0,0,0,0,21,10,11,21,0,13,clue:1;collision_intent:10;state:10,60,0,completed
232,dcta_parity_v1,topk_filter,aa0724188407797eae5187348bee11ee9f51317c4e8a201863b052786aa2f1df,823213c90703fd83224ad7122ee730ba64af3769ea517af252103bddd907f681,DMCHBA,ideal,1.0,19,361,4,0.1,36,,,dmchba_topk_10,/home/agxorin/topk_filter_study/simulator/scenarios/final_trial_500.csv,clue_search,01,10,7,11,0,0,0,0,22,11,11,22,0,16,clue:1;collision_intent:10;state:10;target:1,60,0,completed
232,dcta_parity_v1,topk_filter,aa0724188407797eae5187348bee11ee9f51317c4e8a201863b052786aa2f1df,823213c90703fd83224ad7122ee730ba64af3769ea517af252103bddd907f681,DMCHBA,ideal,1.0,19,361,4,0.1,36,,,dmchba_topk_10,/home/agxorin/topk_filter_study/simulator/scenarios/final_trial_500.csv,clue_search,02,9,5,10,0,0,0,0,19,9,10,19,0,11,clue:1;collision_intent:9;state:9,62,0,completed
232,dcta_parity_v1,topk_filter,aa0724188407797eae5187348bee11ee9f51317c4e8a201863b052786aa2f1df,823213c90703fd83224ad7122ee730ba64af3769ea517af252103bddd907f681,DMCHBA,ideal,1.0,19,361,4,0.1,36,,,dmchba_topk_10,/home/agxorin/topk_filter_study/simulator/scenarios/final_trial_500.csv,clue_search,03,9,6,9,1,0,0,0,20,10,10,20,0,13,clue:1;collision_intent:10;state:9,60,0,completed
233,dcta_parity_v1,topk_filter,aa0724188407797eae5187348bee11ee9f51317c4e8a201863b052786aa2f1df,823213c90703fd83224ad7122ee730ba64af3769ea517af252103bddd907f681,DMCHBA,ideal,1.0,19,361,4,0.1,36,,,dmchba_topk_10,/home/agxorin/topk_filter_study/simulator/scenarios/final_trial_500.csv,clue_search,00,9,6,10,0,0,0,0,20,10,10,20,0,14,clue:1;collision_intent:9;state:9;target:1,61,0,completed
233,dcta_parity_v1,topk_filter,aa0724188407797eae5187348bee11ee9f51317c4e8a201863b052786aa2f1df,823213c90703fd83224ad7122ee730ba64af3769ea517af252103bddd907f681,DMCHBA,ideal,1.0,19,361,4,0.1,36,,,dmchba_topk_10,/home/agxorin/topk_filter_study/simulator/scenarios/final_trial_500.csv,clue_search,01,9,7,10,0,0,0,0,19,9,10,19,0,15,clue:1;collision_intent:9;state:9,61,0,completed
233,dcta_parity_v1,topk_filter,aa0724188407797eae5187348bee11ee9f51317c4e8a201863b052786aa2f1df,823213c90703fd83224ad7122ee730ba64af3769ea517af252103bddd907f681,DMCHBA,ideal,1.0,19,361,4,0.1,36,,,dmchba_topk_10,/home/agxorin/topk_filter_study/simulator/scenarios/final_trial_500.csv,clue_search,02,10,7,11,0,0,0,0,21,10,11,21,0,15,clue:1;collision_intent:10;state:10,59,0,completed
233,dcta_parity_v1,topk_filter,aa0724188407797eae5187348bee11ee9f51317c4e8a201863b052786aa2f1df,823213c90703fd83224ad7122ee730ba64af3769ea517af252103bddd907f681,DMCHBA,ideal,1.0,19,361,4,0.1,36,,,dmchba_topk_10,/home/agxorin/topk_filter_study/simulator/scenarios/final_trial_500.csv,clue_search,03,10,8,10,1,0,0,0,21,10,11,21,0,17,clue:1;collision_intent:10;state:10,59,0,completed
234,dcta_parity_v1,topk_filter,aa0724188407797eae5187348bee11ee9f51317c4e8a201863b052786aa2f1df,823213c90703fd83224ad7122ee730ba64af3769ea517af252103bddd907f681,DMCHBA,ideal,1.0,19,361,4,0.1,36,,,dmchba_topk_10,/home/agxorin/topk_filter_study/simulator/scenarios/final_trial_500.csv,clue_search,00,72,60,70,3,0,0,0,147,73,74,147,0,123,clue:2;collision_intent:72;state:72;target:1,442,0,completed
234,dcta_parity_v1,topk_filter,aa0724188407797eae5187348bee11ee9f51317c4e8a201863b052786aa2f1df,823213c90703fd83224ad7122ee730ba64af3769ea517af252103bddd907f681,DMCHBA,ideal,1.0,19,361,4,0.1,36,,,dmchba_topk_10,/home/agxorin/topk_filter_study/simulator/scenarios/final_trial_500.csv,clue_search,01,72,61,51,22,0,3,2,149,75,74,149,0,127,clue:2;collision_intent:75;state:72,439,0,completed
234,dcta_parity_v1,topk_filter,aa0724188407797eae5187348bee11ee9f51317c4e8a201863b052786aa2f1df,823213c90703fd83224ad7122ee730ba64af3769ea517af252103bddd907f681,DMCHBA,ideal,1.0,19,361,4,0.1,36,,,dmchba_topk_10,/home/agxorin/topk_filter_study/simulator/scenarios/final_trial_500.csv,clue_search,02,71,59,59,13,0,3,2,147,74,73,147,0,123,clue:2;collision_intent:74;state:71,441,0,completed
234,dcta_parity_v1,topk_filter,aa0724188407797eae5187348bee11ee9f51317c4e8a201863b052786aa2f1df,823213c90703fd83224ad7122ee730ba64af3769ea517af252103bddd907f681,DMCHBA,ideal,1.0,19,361,4,0.1,36,,,dmchba_topk_10,/home/agxorin/topk_filter_study/simulator/scenarios/final_trial_500.csv,clue_search,03,72,61,64,9,0,0,0,146,72,74,146,0,124,clue:2;collision_intent:72;state:72,442,0,completed
235,dcta_parity_v1,topk_filter,aa0724188407797eae5187348bee11ee9f51317c4e8a201863b052786aa2f1df,823213c90703fd83224ad7122ee730ba64af3769ea517af252103bddd907f681,DMCHBA,ideal,1.0,19,361,4,0.1,36,,,dmchba_topk_10,/home/agxorin/topk_filter_study/simulator/scenarios/final_trial_500.csv,clue_search,00,64,36,65,0,0,0,0,131,64,67,131,0,75,clue:3;collision_intent:64;state:64,389,0,completed
235,dcta_parity_v1,topk_filter,aa0724188407797eae5187348bee11ee9f51317c4e8a201863b052786aa2f1df,823213c90703fd83224ad7122ee730ba64af3769ea517af252103bddd907f681,DMCHBA,ideal,1.0,19,361,4,0.1,36,,,dmchba_topk_10,/home/agxorin/topk_filter_study/simulator/scenarios/final_trial_500.csv,clue_search,01,63,35,56,8,0,1,1,130,64,66,130,0,74,clue:3;collision_intent:64;state:63,390,0,completed
235,dcta_parity_v1,topk_filter,aa0724188407797eae5187348bee11ee9f51317c4e8a201863b052786aa2f1df,823213c90703fd83224ad7122ee730ba64af3769ea517af252103bddd907f681,DMCHBA,ideal,1.0,19,361,4,0.1,36,,,dmchba_topk_10,/home/agxorin/topk_filter_study/simulator/scenarios/final_trial_500.csv,clue_search,02,63,35,61,3,0,0,0,129,63,66,129,0,73,clue:3;collision_intent:63;state:63,393,0,completed
235,dcta_parity_v1,topk_filter,aa0724188407797eae5187348bee11ee9f51317c4e8a201863b052786aa2f1df,823213c90703fd83224ad7122ee730ba64af3769ea517af252103bddd907f681,DMCHBA,ideal,1.0,19,361,4,0.1,36,,,dmchba_topk_10,/home/agxorin/topk_filter_study/simulator/scenarios/final_trial_500.csv,clue_search,03,64,36,59,6,0,0,0,132,65,67,132,0,76,clue:3;collision_intent:64;state:64;target:1,390,0,completed
236,dcta_parity_v1,topk_filter,aa0724188407797eae5187348bee11ee9f51317c4e8a201863b052786aa2f1df,823213c90703fd83224ad7122ee730ba64af3769ea517af252103bddd907f681,DMCHBA,ideal,1.0,19,361,4,0.1,36,,,dmchba_topk_10,/home/agxorin/topk_filter_study/simulator/scenarios/final_trial_500.csv,clue_search,00,19,12,20,0,0,0,0,41,20,21,41,0,27,clue:2;collision_intent:19;state:19;target:1,118,0,completed
236,dcta_parity_v1,topk_filter,aa0724188407797eae5187348bee11ee9f51317c4e8a201863b052786aa2f1df,823213c90703fd83224ad7122ee730ba64af3769ea517af252103bddd907f681,DMCHBA,ideal,1.0,19,361,4,0.1,36,,,dmchba_topk_10,/home/agxorin/topk_filter_study/simulator/scenarios/final_trial_500.csv,clue_search,01,18,11,19,0,0,0,0,38,18,20,38,0,24,clue:2;collision_intent:18;state:18,121,0,completed
236,dcta_parity_v1,topk_filter,aa0724188407797eae5187348bee11ee9f51317c4e8a201863b052786aa2f1df,823213c90703fd83224ad7122ee730ba64af3769ea517af252103bddd907f681,DMCHBA,ideal,1.0,19,361,4,0.1,36,,,dmchba_topk_10,/home/agxorin/topk_filter_study/simulator/scenarios/final_trial_500.csv,clue_search,02,19,12,19,1,0,0,0,40,19,21,40,0,26,clue:2;collision_intent:19;state:19,119,0,completed
236,dcta_parity_v1,topk_filter,aa0724188407797eae5187348bee11ee9f51317c4e8a201863b052786aa2f1df,823213c90703fd83224ad7122ee730ba64af3769ea517af252103bddd907f681,DMCHBA,ideal,1.0,19,361,4,0.1,36,,,dmchba_topk_10,/home/agxorin/topk_filter_study/simulator/scenarios/final_trial_500.csv,clue_search,03,19,13,19,1,0,0,0,40,19,21,40,0,28,clue:2;collision_intent:19;state:19,118,0,completed
237,dcta_parity_v1,topk_filter,aa0724188407797eae5187348bee11ee9f51317c4e8a201863b052786aa2f1df,823213c90703fd83224ad7122ee730ba64af3769ea517af252103bddd907f681,DMCHBA,ideal,1.0,19,361,4,0.1,36,,,dmchba_topk_10,/home/agxorin/topk_filter_study/simulator/scenarios/final_trial_500.csv,clue_search,00,50,39,51,0,0,0,0,103,50,53,103,0,81,clue:3;collision_intent:50;state:50,308,0,completed
237,dcta_parity_v1,topk_filter,aa0724188407797eae5187348bee11ee9f51317c4e8a201863b052786aa2f1df,823213c90703fd83224ad7122ee730ba64af3769ea517af252103bddd907f681,DMCHBA,ideal,1.0,19,361,4,0.1,36,,,dmchba_topk_10,/home/agxorin/topk_filter_study/simulator/scenarios/final_trial_500.csv,clue_search,01,50,39,51,0,0,0,0,104,51,53,104,0,82,clue:3;collision_intent:50;state:50;target:1,308,0,completed
237,dcta_parity_v1,topk_filter,aa0724188407797eae5187348bee11ee9f51317c4e8a201863b052786aa2f1df,823213c90703fd83224ad7122ee730ba64af3769ea517af252103bddd907f681,DMCHBA,ideal,1.0,19,361,4,0.1,36,,,dmchba_topk_10,/home/agxorin/topk_filter_study/simulator/scenarios/final_trial_500.csv,clue_search,02,50,39,47,4,0,0,0,103,50,53,103,0,81,clue:3;collision_intent:50;state:50,307,0,completed
237,dcta_parity_v1,topk_filter,aa0724188407797eae5187348bee11ee9f51317c4e8a201863b052786aa2f1df,823213c90703fd83224ad7122ee730ba64af3769ea517af252103bddd907f681,DMCHBA,ideal,1.0,19,361,4,0.1,36,,,dmchba_topk_10,/home/agxorin/topk_filter_study/simulator/scenarios/final_trial_500.csv,clue_search,03,49,38,43,7,0,0,0,102,50,52,102,0,80,clue:3;collision_intent:50;state:49,309,0,completed
238,dcta_parity_v1,topk_filter,aa0724188407797eae5187348bee11ee9f51317c4e8a201863b052786aa2f1df,823213c90703fd83224ad7122ee730ba64af3769ea517af252103bddd907f681,DMCHBA,ideal,1.0,19,361,4,0.1,36,,,dmchba_topk_10,/home/agxorin/topk_filter_study/simulator/scenarios/final_trial_500.csv,clue_search,00,71,58,65,7,0,0,0,145,72,73,145,0,119,clue:2;collision_intent:72;state:71,443,0,completed
238,dcta_parity_v1,topk_filter,aa0724188407797eae5187348bee11ee9f51317c4e8a201863b052786aa2f1df,823213c90703fd83224ad7122ee730ba64af3769ea517af252103bddd907f681,DMCHBA,ideal,1.0,19,361,4,0.1,36,,,dmchba_topk_10,/home/agxorin/topk_filter_study/simulator/scenarios/final_trial_500.csv,clue_search,01,72,59,51,22,0,1,1,148,74,74,148,0,122,clue:2;collision_intent:74;state:72,439,0,completed
238,dcta_parity_v1,topk_filter,aa0724188407797eae5187348bee11ee9f51317c4e8a201863b052786aa2f1df,823213c90703fd83224ad7122ee730ba64af3769ea517af252103bddd907f681,DMCHBA,ideal,1.0,19,361,4,0.1,36,,,dmchba_topk_10,/home/agxorin/topk_filter_study/simulator/scenarios/final_trial_500.csv,clue_search,02,72,59,64,9,0,1,1,147,73,74,147,0,121,clue:2;collision_intent:73;state:72,441,0,completed
238,dcta_parity_v1,topk_filter,aa0724188407797eae5187348bee11ee9f51317c4e8a201863b052786aa2f1df,823213c90703fd83224ad7122ee730ba64af3769ea517af252103bddd907f681,DMCHBA,ideal,1.0,19,361,4,0.1,36,,,dmchba_topk_10,/home/agxorin/topk_filter_study/simulator/scenarios/final_trial_500.csv,clue_search,03,73,61,62,12,0,0,0,149,74,75,149,0,125,clue:2;collision_intent:73;state:73;target:1,440,0,completed
239,dcta_parity_v1,topk_filter,aa0724188407797eae5187348bee11ee9f51317c4e8a201863b052786aa2f1df,823213c90703fd83224ad7122ee730ba64af3769ea517af252103bddd907f681,DMCHBA,ideal,1.0,19,361,4,0.1,36,,,dmchba_topk_10,/home/agxorin/topk_filter_study/simulator/scenarios/final_trial_500.csv,clue_search,00,78,69,65,14,0,2,1,162,80,82,162,0,144,clue:4;collision_intent:80;state:78,495,0,completed
239,dcta_parity_v1,topk_filter,aa0724188407797eae5187348bee11ee9f51317c4e8a201863b052786aa2f1df,823213c90703fd83224ad7122ee730ba64af3769ea517af252103bddd907f681,DMCHBA,ideal,1.0,19,361,4,0.1,36,,,dmchba_topk_10,/home/agxorin/topk_filter_study/simulator/scenarios/final_trial_500.csv,clue_search,01,77,68,56,22,0,8,8,166,85,81,166,0,148,clue:4;collision_intent:85;state:77,490,0,completed
239,dcta_parity_v1,topk_filter,aa0724188407797eae5187348bee11ee9f51317c4e8a201863b052786aa2f1df,823213c90703fd83224ad7122ee730ba64af3769ea517af252103bddd907f681,DMCHBA,ideal,1.0,19,361,4,0.1,36,,,dmchba_topk_10,/home/agxorin/topk_filter_study/simulator/scenarios/final_trial_500.csv,clue_search,02,80,70,65,16,0,0,0,165,81,84,165,0,145,clue:4;collision_intent:80;state:80;target:1,492,0,completed
239,dcta_parity_v1,topk_filter,aa0724188407797eae5187348bee11ee9f51317c4e8a201863b052786aa2f1df,823213c90703fd83224ad7122ee730ba64af3769ea517af252103bddd907f681,DMCHBA,ideal,1.0,19,361,4,0.1,36,,,dmchba_topk_10,/home/agxorin/topk_filter_study/simulator/scenarios/final_trial_500.csv,clue_search,03,78,69,70,9,0,4,3,164,82,82,164,0,146,clue:4;collision_intent:82;state:78,493,0,completed
240,dcta_parity_v1,topk_filter,aa0724188407797eae5187348bee11ee9f51317c4e8a201863b052786aa2f1df,823213c90703fd83224ad7122ee730ba64af3769ea517af252103bddd907f681,DMCHBA,ideal,1.0,19,361,4,0.1,36,,,dmchba_topk_10,/home/agxorin/topk_filter_study/simulator/scenarios/final_trial_500.csv,clue_search,00,39,13,40,0,0,0,0,79,39,40,79,0,27,clue:1;collision_intent:39;state:39,237,0,completed
240,dcta_parity_v1,topk_filter,aa0724188407797eae5187348bee11ee9f51317c4e8a201863b052786aa2f1df,823213c90703fd83224ad7122ee730ba64af3769ea517af252103bddd907f681,DMCHBA,ideal,1.0,19,361,4,0.1,36,,,dmchba_topk_10,/home/agxorin/topk_filter_study/simulator/scenarios/final_trial_500.csv,clue_search,01,38,13,38,1,0,0,0,77,38,39,77,0,27,clue:1;collision_intent:38;state:38,240,0,completed
240,dcta_parity_v1,topk_filter,aa0724188407797eae5187348bee11ee9f51317c4e8a201863b052786aa2f1df,823213c90703fd83224ad7122ee730ba64af3769ea517af252103bddd907f681,DMCHBA,ideal,1.0,19,361,4,0.1,36,,,dmchba_topk_10,/home/agxorin/topk_filter_study/simulator/scenarios/final_trial_500.csv,clue_search,02,39,14,35,5,0,0,0,79,39,40,79,0,29,clue:1;collision_intent:39;state:39,236,0,completed
240,dcta_parity_v1,topk_filter,aa0724188407797eae5187348bee11ee9f51317c4e8a201863b052786aa2f1df,823213c90703fd83224ad7122ee730ba64af3769ea517af252103bddd907f681,DMCHBA,ideal,1.0,19,361,4,0.1,36,,,dmchba_topk_10,/home/agxorin/topk_filter_study/simulator/scenarios/final_trial_500.csv,clue_search,03,40,15,38,3,0,0,0,82,41,41,82,0,32,clue:1;collision_intent:40;state:40;target:1,235,0,completed
241,dcta_parity_v1,topk_filter,aa0724188407797eae5187348bee11ee9f51317c4e8a201863b052786aa2f1df,823213c90703fd83224ad7122ee730ba64af3769ea517af252103bddd907f681,DMCHBA,ideal,1.0,19,361,4,0.1,36,,,dmchba_topk_10,/home/agxorin/topk_filter_study/simulator/scenarios/final_trial_500.csv,clue_search,00,86,85,67,20,0,2,2,177,88,89,177,0,175,clue:3;collision_intent:88;state:86,525,0,completed
241,dcta_parity_v1,topk_filter,aa0724188407797eae5187348bee11ee9f51317c4e8a201863b052786aa2f1df,823213c90703fd83224ad7122ee730ba64af3769ea517af252103bddd907f681,DMCHBA,ideal,1.0,19,361,4,0.1,36,,,dmchba_topk_10,/home/agxorin/topk_filter_study/simulator/scenarios/final_trial_500.csv,clue_search,01,82,81,76,7,0,4,2,172,87,85,172,0,170,clue:3;collision_intent:87;state:82,531,0,completed
241,dcta_parity_v1,topk_filter,aa0724188407797eae5187348bee11ee9f51317c4e8a201863b052786aa2f1df,823213c90703fd83224ad7122ee730ba64af3769ea517af252103bddd907f681,DMCHBA,ideal,1.0,19,361,4,0.1,36,,,dmchba_topk_10,/home/agxorin/topk_filter_study/simulator/scenarios/final_trial_500.csv,clue_search,02,85,84,71,15,0,3,3,176,88,88,176,0,174,clue:3;collision_intent:88;state:85,526,0,completed
241,dcta_parity_v1,topk_filter,aa0724188407797eae5187348bee11ee9f51317c4e8a201863b052786aa2f1df,823213c90703fd83224ad7122ee730ba64af3769ea517af252103bddd907f681,DMCHBA,ideal,1.0,19,361,4,0.1,36,,,dmchba_topk_10,/home/agxorin/topk_filter_study/simulator/scenarios/final_trial_500.csv,clue_search,03,87,87,81,7,0,0,0,178,88,90,178,0,177,clue:3;collision_intent:87;state:87;target:1,525,0,completed
242,dcta_parity_v1,topk_filter,aa0724188407797eae5187348bee11ee9f51317c4e8a201863b052786aa2f1df,823213c90703fd83224ad7122ee730ba64af3769ea517af252103bddd907f681,DMCHBA,ideal,1.0,19,361,4,0.1,36,,,dmchba_topk_10,/home/agxorin/topk_filter_study/simulator/scenarios/final_trial_500.csv,clue_search,00,2,0,3,0,0,0,0,5,3,2,5,0,0,collision_intent:2;state:2;target:1,8,0,completed
242,dcta_parity_v1,topk_filter,aa0724188407797eae5187348bee11ee9f51317c4e8a201863b052786aa2f1df,823213c90703fd83224ad7122ee730ba64af3769ea517af252103bddd907f681,DMCHBA,ideal,1.0,19,361,4,0.1,36,,,dmchba_topk_10,/home/agxorin/topk_filter_study/simulator/scenarios/final_trial_500.csv,clue_search,01,1,0,2,0,0,0,0,2,1,1,2,0,0,collision_intent:1;state:1,10,0,completed
242,dcta_parity_v1,topk_filter,aa0724188407797eae5187348bee11ee9f51317c4e8a201863b052786aa2f1df,823213c90703fd83224ad7122ee730ba64af3769ea517af252103bddd907f681,DMCHBA,ideal,1.0,19,361,4,0.1,36,,,dmchba_topk_10,/home/agxorin/topk_filter_study/simulator/scenarios/final_trial_500.csv,clue_search,02,2,0,3,0,0,0,0,4,2,2,4,0,0,collision_intent:2;state:2,9,0,completed
242,dcta_parity_v1,topk_filter,aa0724188407797eae5187348bee11ee9f51317c4e8a201863b052786aa2f1df,823213c90703fd83224ad7122ee730ba64af3769ea517af252103bddd907f681,DMCHBA,ideal,1.0,19,361,4,0.1,36,,,dmchba_topk_10,/home/agxorin/topk_filter_study/simulator/scenarios/final_trial_500.csv,clue_search,03,1,0,2,0,0,0,0,2,1,1,2,0,0,collision_intent:1;state:1,10,0,completed
243,dcta_parity_v1,topk_filter,aa0724188407797eae5187348bee11ee9f51317c4e8a201863b052786aa2f1df,823213c90703fd83224ad7122ee730ba64af3769ea517af252103bddd907f681,DMCHBA,ideal,1.0,19,361,4,0.1,36,,,dmchba_topk_10,/home/agxorin/topk_filter_study/simulator/scenarios/final_trial_500.csv,clue_search,00,39,35,35,5,0,0,0,79,39,40,79,0,71,clue:1;collision_intent:39;state:39,236,0,completed
243,dcta_parity_v1,topk_filter,aa0724188407797eae5187348bee11ee9f51317c4e8a201863b052786aa2f1df,823213c90703fd83224ad7122ee730ba64af3769ea517af252103bddd907f681,DMCHBA,ideal,1.0,19,361,4,0.1,36,,,dmchba_topk_10,/home/agxorin/topk_filter_study/simulator/scenarios/final_trial_500.csv,clue_search,01,38,34,39,0,0,0,0,77,38,39,77,0,69,clue:1;collision_intent:38;state:38,238,0,completed
243,dcta_parity_v1,topk_filter,aa0724188407797eae5187348bee11ee9f51317c4e8a201863b052786aa2f1df,823213c90703fd83224ad7122ee730ba64af3769ea517af252103bddd907f681,DMCHBA,ideal,1.0,19,361,4,0.1,36,,,dmchba_topk_10,/home/agxorin/topk_filter_study/simulator/scenarios/final_trial_500.csv,clue_search,02,38,34,33,6,0,1,1,78,39,39,78,0,70,clue:1;collision_intent:39;state:38,237,0,completed
243,dcta_parity_v1,topk_filter,aa0724188407797eae5187348bee11ee9f51317c4e8a201863b052786aa2f1df,823213c90703fd83224ad7122ee730ba64af3769ea517af252103bddd907f681,DMCHBA,ideal,1.0,19,361,4,0.1,36,,,dmchba_topk_10,/home/agxorin/topk_filter_study/simulator/scenarios/final_trial_500.csv,clue_search,03,40,37,27,14,0,0,0,82,41,41,82,0,75,clue:1;collision_intent:40;state:40;target:1,234,0,completed
244,dcta_parity_v1,topk_filter,aa0724188407797eae5187348bee11ee9f51317c4e8a201863b052786aa2f1df,823213c90703fd83224ad7122ee730ba64af3769ea517af252103bddd907f681,DMCHBA,ideal,1.0,19,361,4,0.1,36,,,dmchba_topk_10,/home/agxorin/topk_filter_study/simulator/scenarios/final_trial_500.csv,clue_search,00,47,29,45,3,0,2,1,98,50,48,98,0,62,clue:1;collision_intent:49;state:47;target:1,283,0,completed
244,dcta_parity_v1,topk_filter,aa0724188407797eae5187348bee11ee9f51317c4e8a201863b052786aa2f1df,823213c90703fd83224ad7122ee730ba64af3769ea517af252103bddd907f681,DMCHBA,ideal,1.0,19,361,4,0.1,36,,,dmchba_topk_10,/home/agxorin/topk_filter_study/simulator/scenarios/final_trial_500.csv,clue_search,01,45,28,43,3,0,2,1,94,48,46,94,0,60,clue:1;collision_intent:48;state:45,286,0,completed
244,dcta_parity_v1,topk_filter,aa0724188407797eae5187348bee11ee9f51317c4e8a201863b052786aa2f1df,823213c90703fd83224ad7122ee730ba64af3769ea517af252103bddd907f681,DMCHBA,ideal,1.0,19,361,4,0.1,36,,,dmchba_topk_10,/home/agxorin/topk_filter_study/simulator/scenarios/final_trial_500.csv,clue_search,02,47,30,45,3,0,0,0,96,48,48,96,0,62,clue:1;collision_intent:48;state:47,285,0,completed
244,dcta_parity_v1,topk_filter,aa0724188407797eae5187348bee11ee9f51317c4e8a201863b052786aa2f1df,823213c90703fd83224ad7122ee730ba64af3769ea517af252103bddd907f681,DMCHBA,ideal,1.0,19,361,4,0.1,36,,,dmchba_topk_10,/home/agxorin/topk_filter_study/simulator/scenarios/final_trial_500.csv,clue_search,03,46,29,41,6,0,0,0,93,46,47,93,0,59,clue:1;collision_intent:46;state:46,286,0,completed
245,dcta_parity_v1,topk_filter,aa0724188407797eae5187348bee11ee9f51317c4e8a201863b052786aa2f1df,823213c90703fd83224ad7122ee730ba64af3769ea517af252103bddd907f681,DMCHBA,ideal,1.0,19,361,4,0.1,36,,,dmchba_topk_10,/home/agxorin/topk_filter_study/simulator/scenarios/final_trial_500.csv,clue_search,00,97,96,89,9,0,0,0,197,97,100,197,0,195,clue:3;collision_intent:97;state:97,609,0,completed
245,dcta_parity_v1,topk_filter,aa0724188407797eae5187348bee11ee9f51317c4e8a201863b052786aa2f1df,823213c90703fd83224ad7122ee730ba64af3769ea517af252103bddd907f681,DMCHBA,ideal,1.0,19,361,4,0.1,36,,,dmchba_topk_10,/home/agxorin/topk_filter_study/simulator/scenarios/final_trial_500.csv,clue_search,01,98,98,96,3,0,2,1,202,101,101,202,0,201,clue:3;collision_intent:101;state:98,603,0,completed
245,dcta_parity_v1,topk_filter,aa0724188407797eae5187348bee11ee9f51317c4e8a201863b052786aa2f1df,823213c90703fd83224ad7122ee730ba64af3769ea517af252103bddd907f681,DMCHBA,ideal,1.0,19,361,4,0.1,36,,,dmchba_topk_10,/home/agxorin/topk_filter_study/simulator/scenarios/final_trial_500.csv,clue_search,02,98,98,70,29,0,2,2,202,101,101,202,0,201,clue:3;collision_intent:101;state:98,603,0,completed
245,dcta_parity_v1,topk_filter,aa0724188407797eae5187348bee11ee9f51317c4e8a201863b052786aa2f1df,823213c90703fd83224ad7122ee730ba64af3769ea517af252103bddd907f681,DMCHBA,ideal,1.0,19,361,4,0.1,36,,,dmchba_topk_10,/home/agxorin/topk_filter_study/simulator/scenarios/final_trial_500.csv,clue_search,03,100,100,83,18,0,1,1,205,102,103,205,0,204,clue:3;collision_intent:101;state:100;target:1,601,0,completed
246,dcta_parity_v1,topk_filter,aa0724188407797eae5187348bee11ee9f51317c4e8a201863b052786aa2f1df,823213c90703fd83224ad7122ee730ba64af3769ea517af252103bddd907f681,DMCHBA,ideal,1.0,19,361,4,0.1,36,,,dmchba_topk_10,/home/agxorin/topk_filter_study/simulator/scenarios/final_trial_500.csv,clue_search,00,53,37,52,2,0,0,0,110,54,56,110,0,78,clue:3;collision_intent:54;state:53,326,0,completed
246,dcta_parity_v1,topk_filter,aa0724188407797eae5187348bee11ee9f51317c4e8a201863b052786aa2f1df,823213c90703fd83224ad7122ee730ba64af3769ea517af252103bddd907f681,DMCHBA,ideal,1.0,19,361,4,0.1,36,,,dmchba_topk_10,/home/agxorin/topk_filter_study/simulator/scenarios/final_trial_500.csv,clue_search,01,53,38,49,5,0,1,1,110,54,56,110,0,80,clue:3;collision_intent:54;state:53,326,0,completed
246,dcta_parity_v1,topk_filter,aa0724188407797eae5187348bee11ee9f51317c4e8a201863b052786aa2f1df,823213c90703fd83224ad7122ee730ba64af3769ea517af252103bddd907f681,DMCHBA,ideal,1.0,19,361,4,0.1,36,,,dmchba_topk_10,/home/agxorin/topk_filter_study/simulator/scenarios/final_trial_500.csv,clue_search,02,53,37,48,6,0,0,0,109,53,56,109,0,77,clue:3;collision_intent:53;state:53,327,0,completed
246,dcta_parity_v1,topk_filter,aa0724188407797eae5187348bee11ee9f51317c4e8a201863b052786aa2f1df,823213c90703fd83224ad7122ee730ba64af3769ea517af252103bddd907f681,DMCHBA,ideal,1.0,19,361,4,0.1,36,,,dmchba_topk_10,/home/agxorin/topk_filter_study/simulator/scenarios/final_trial_500.csv,clue_search,03,52,36,48,5,0,0,0,108,53,55,108,0,76,clue:3;collision_intent:52;state:52;target:1,329,0,completed
247,dcta_parity_v1,topk_filter,aa0724188407797eae5187348bee11ee9f51317c4e8a201863b052786aa2f1df,823213c90703fd83224ad7122ee730ba64af3769ea517af252103bddd907f681,DMCHBA,ideal,1.0,19,361,4,0.1,36,,,dmchba_topk_10,/home/agxorin/topk_filter_study/simulator/scenarios/final_trial_500.csv,clue_search,00,4,0,5,0,0,0,0,8,4,4,8,0,0,collision_intent:4;state:4,24,0,completed
247,dcta_parity_v1,topk_filter,aa0724188407797eae5187348bee11ee9f51317c4e8a201863b052786aa2f1df,823213c90703fd83224ad7122ee730ba64af3769ea517af252103bddd907f681,DMCHBA,ideal,1.0,19,361,4,0.1,36,,,dmchba_topk_10,/home/agxorin/topk_filter_study/simulator/scenarios/final_trial_500.csv,clue_search,01,4,0,5,0,0,0,0,8,4,4,8,0,0,collision_intent:4;state:4,24,0,completed
247,dcta_parity_v1,topk_filter,aa0724188407797eae5187348bee11ee9f51317c4e8a201863b052786aa2f1df,823213c90703fd83224ad7122ee730ba64af3769ea517af252103bddd907f681,DMCHBA,ideal,1.0,19,361,4,0.1,36,,,dmchba_topk_10,/home/agxorin/topk_filter_study/simulator/scenarios/final_trial_500.csv,clue_search,02,4,0,5,0,0,0,0,8,4,4,8,0,0,collision_intent:4;state:4,25,0,completed
247,dcta_parity_v1,topk_filter,aa0724188407797eae5187348bee11ee9f51317c4e8a201863b052786aa2f1df,823213c90703fd83224ad7122ee730ba64af3769ea517af252103bddd907f681,DMCHBA,ideal,1.0,19,361,4,0.1,36,,,dmchba_topk_10,/home/agxorin/topk_filter_study/simulator/scenarios/final_trial_500.csv,clue_search,03,4,0,5,0,0,0,0,9,5,4,9,0,0,collision_intent:4;state:4;target:1,24,0,completed
248,dcta_parity_v1,topk_filter,aa0724188407797eae5187348bee11ee9f51317c4e8a201863b052786aa2f1df,823213c90703fd83224ad7122ee730ba64af3769ea517af252103bddd907f681,DMCHBA,ideal,1.0,19,361,4,0.1,36,,,dmchba_topk_10,/home/agxorin/topk_filter_study/simulator/scenarios/final_trial_500.csv,clue_search,00,15,0,16,0,0,0,0,31,16,15,31,0,0,collision_intent:16;state:15,91,0,completed
248,dcta_parity_v1,topk_filter,aa0724188407797eae5187348bee11ee9f51317c4e8a201863b052786aa2f1df,823213c90703fd83224ad7122ee730ba64af3769ea517af252103bddd907f681,DMCHBA,ideal,1.0,19,361,4,0.1,36,,,dmchba_topk_10,/home/agxorin/topk_filter_study/simulator/scenarios/final_trial_500.csv,clue_search,01,15,0,16,0,0,0,0,30,15,15,30,0,0,collision_intent:15;state:15,94,0,completed
248,dcta_parity_v1,topk_filter,aa0724188407797eae5187348bee11ee9f51317c4e8a201863b052786aa2f1df,823213c90703fd83224ad7122ee730ba64af3769ea517af252103bddd907f681,DMCHBA,ideal,1.0,19,361,4,0.1,36,,,dmchba_topk_10,/home/agxorin/topk_filter_study/simulator/scenarios/final_trial_500.csv,clue_search,02,16,0,17,0,0,0,0,33,17,16,33,0,0,collision_intent:16;state:16;target:1,91,0,completed
248,dcta_parity_v1,topk_filter,aa0724188407797eae5187348bee11ee9f51317c4e8a201863b052786aa2f1df,823213c90703fd83224ad7122ee730ba64af3769ea517af252103bddd907f681,DMCHBA,ideal,1.0,19,361,4,0.1,36,,,dmchba_topk_10,/home/agxorin/topk_filter_study/simulator/scenarios/final_trial_500.csv,clue_search,03,15,0,16,0,0,0,0,30,15,15,30,0,0,collision_intent:15;state:15,92,0,completed
249,dcta_parity_v1,topk_filter,aa0724188407797eae5187348bee11ee9f51317c4e8a201863b052786aa2f1df,823213c90703fd83224ad7122ee730ba64af3769ea517af252103bddd907f681,DMCHBA,ideal,1.0,19,361,4,0.1,36,,,dmchba_topk_10,/home/agxorin/topk_filter_study/simulator/scenarios/final_trial_500.csv,clue_search,00,19,16,19,1,0,0,0,40,19,21,40,0,34,clue:2;collision_intent:19;state:19,111,0,completed
249,dcta_parity_v1,topk_filter,aa0724188407797eae5187348bee11ee9f51317c4e8a201863b052786aa2f1df,823213c90703fd83224ad7122ee730ba64af3769ea517af252103bddd907f681,DMCHBA,ideal,1.0,19,361,4,0.1,36,,,dmchba_topk_10,/home/agxorin/topk_filter_study/simulator/scenarios/final_trial_500.csv,clue_search,01,17,15,15,3,0,0,0,36,17,19,36,0,32,clue:2;collision_intent:17;state:17,114,0,completed
249,dcta_parity_v1,topk_filter,aa0724188407797eae5187348bee11ee9f51317c4e8a201863b052786aa2f1df,823213c90703fd83224ad7122ee730ba64af3769ea517af252103bddd907f681,DMCHBA,ideal,1.0,19,361,4,0.1,36,,,dmchba_topk_10,/home/agxorin/topk_filter_study/simulator/scenarios/final_trial_500.csv,clue_search,02,17,14,18,0,0,0,0,37,18,19,37,0,31,clue:2;collision_intent:18;state:17,115,0,completed
249,dcta_parity_v1,topk_filter,aa0724188407797eae5187348bee11ee9f51317c4e8a201863b052786aa2f1df,823213c90703fd83224ad7122ee730ba64af3769ea517af252103bddd907f681,DMCHBA,ideal,1.0,19,361,4,0.1,36,,,dmchba_topk_10,/home/agxorin/topk_filter_study/simulator/scenarios/final_trial_500.csv,clue_search,03,18,15,18,1,0,0,0,39,19,20,39,0,33,clue:2;collision_intent:18;state:18;target:1,113,0,completed
250,dcta_parity_v1,topk_filter,aa0724188407797eae5187348bee11ee9f51317c4e8a201863b052786aa2f1df,823213c90703fd83224ad7122ee730ba64af3769ea517af252103bddd907f681,DMCHBA,ideal,1.0,19,361,4,0.1,36,,,dmchba_topk_10,/home/agxorin/topk_filter_study/simulator/scenarios/final_trial_500.csv,clue_search,00,58,42,57,2,0,0,0,117,58,59,117,0,85,clue:1;collision_intent:58;state:58,347,0,completed
250,dcta_parity_v1,topk_filter,aa0724188407797eae5187348bee11ee9f51317c4e8a201863b052786aa2f1df,823213c90703fd83224ad7122ee730ba64af3769ea517af252103bddd907f681,DMCHBA,ideal,1.0,19,361,4,0.1,36,,,dmchba_topk_10,/home/agxorin/topk_filter_study/simulator/scenarios/final_trial_500.csv,clue_search,01,58,43,57,2,0,0,0,118,59,59,118,0,88,clue:1;collision_intent:58;state:58;target:1,346,0,completed
250,dcta_parity_v1,topk_filter,aa0724188407797eae5187348bee11ee9f51317c4e8a201863b052786aa2f1df,823213c90703fd83224ad7122ee730ba64af3769ea517af252103bddd907f681,DMCHBA,ideal,1.0,19,361,4,0.1,36,,,dmchba_topk_10,/home/agxorin/topk_filter_study/simulator/scenarios/final_trial_500.csv,clue_search,02,56,40,54,3,0,0,0,114,57,57,114,0,82,clue:1;collision_intent:57;state:56,349,0,completed
250,dcta_parity_v1,topk_filter,aa0724188407797eae5187348bee11ee9f51317c4e8a201863b052786aa2f1df,823213c90703fd83224ad7122ee730ba64af3769ea517af252103bddd907f681,DMCHBA,ideal,1.0,19,361,4,0.1,36,,,dmchba_topk_10,/home/agxorin/topk_filter_study/simulator/scenarios/final_trial_500.csv,clue_search,03,57,41,54,4,0,0,0,115,57,58,115,0,83,clue:1;collision_intent:57;state:57,347,0,completed
251,dcta_parity_v1,topk_filter,aa0724188407797eae5187348bee11ee9f51317c4e8a201863b052786aa2f1df,823213c90703fd83224ad7122ee730ba64af3769ea517af252103bddd907f681,DMCHBA,ideal,1.0,19,361,4,0.1,36,,,dmchba_topk_10,/home/agxorin/topk_filter_study/simulator/scenarios/final_trial_500.csv,clue_search,00,18,0,19,0,0,0,0,36,18,18,36,0,0,collision_intent:18;state:18,104,0,completed
251,dcta_parity_v1,topk_filter,aa0724188407797eae5187348bee11ee9f51317c4e8a201863b052786aa2f1df,823213c90703fd83224ad7122ee730ba64af3769ea517af252103bddd907f681,DMCHBA,ideal,1.0,19,361,4,0.1,36,,,dmchba_topk_10,/home/agxorin/topk_filter_study/simulator/scenarios/final_trial_500.csv,clue_search,01,17,0,18,0,0,0,0,34,17,17,34,0,0,collision_intent:17;state:17,105,0,completed
251,dcta_parity_v1,topk_filter,aa0724188407797eae5187348bee11ee9f51317c4e8a201863b052786aa2f1df,823213c90703fd83224ad7122ee730ba64af3769ea517af252103bddd907f681,DMCHBA,ideal,1.0,19,361,4,0.1,36,,,dmchba_topk_10,/home/agxorin/topk_filter_study/simulator/scenarios/final_trial_500.csv,clue_search,02,18,0,19,0,0,0,0,37,19,18,37,0,0,collision_intent:18;state:18;target:1,104,0,completed
251,dcta_parity_v1,topk_filter,aa0724188407797eae5187348bee11ee9f51317c4e8a201863b052786aa2f1df,823213c90703fd83224ad7122ee730ba64af3769ea517af252103bddd907f681,DMCHBA,ideal,1.0,19,361,4,0.1,36,,,dmchba_topk_10,/home/agxorin/topk_filter_study/simulator/scenarios/final_trial_500.csv,clue_search,03,17,0,18,0,0,0,0,34,17,17,34,0,0,collision_intent:17;state:17,107,0,completed
252,dcta_parity_v1,topk_filter,aa0724188407797eae5187348bee11ee9f51317c4e8a201863b052786aa2f1df,823213c90703fd83224ad7122ee730ba64af3769ea517af252103bddd907f681,DMCHBA,ideal,1.0,19,361,4,0.1,36,,,dmchba_topk_10,/home/agxorin/topk_filter_study/simulator/scenarios/final_trial_500.csv,clue_search,00,63,48,56,8,0,0,0,129,64,65,129,0,99,clue:2;collision_intent:63;state:63;target:1,377,0,completed
252,dcta_parity_v1,topk_filter,aa0724188407797eae5187348bee11ee9f51317c4e8a201863b052786aa2f1df,823213c90703fd83224ad7122ee730ba64af3769ea517af252103bddd907f681,DMCHBA,ideal,1.0,19,361,4,0.1,36,,,dmchba_topk_10,/home/agxorin/topk_filter_study/simulator/scenarios/final_trial_500.csv,clue_search,01,61,46,56,6,0,0,0,125,62,63,125,0,95,clue:2;collision_intent:62;state:61,380,0,completed
252,dcta_parity_v1,topk_filter,aa0724188407797eae5187348bee11ee9f51317c4e8a201863b052786aa2f1df,823213c90703fd83224ad7122ee730ba64af3769ea517af252103bddd907f681,DMCHBA,ideal,1.0,19,361,4,0.1,36,,,dmchba_topk_10,/home/agxorin/topk_filter_study/simulator/scenarios/final_trial_500.csv,clue_search,02,61,46,56,6,0,2,2,126,63,63,126,0,96,clue:2;collision_intent:63;state:61,380,0,completed
252,dcta_parity_v1,topk_filter,aa0724188407797eae5187348bee11ee9f51317c4e8a201863b052786aa2f1df,823213c90703fd83224ad7122ee730ba64af3769ea517af252103bddd907f681,DMCHBA,ideal,1.0,19,361,4,0.1,36,,,dmchba_topk_10,/home/agxorin/topk_filter_study/simulator/scenarios/final_trial_500.csv,clue_search,03,62,47,43,20,0,0,0,126,62,64,126,0,96,clue:2;collision_intent:62;state:62,378,0,completed
253,dcta_parity_v1,topk_filter,aa0724188407797eae5187348bee11ee9f51317c4e8a201863b052786aa2f1df,823213c90703fd83224ad7122ee730ba64af3769ea517af252103bddd907f681,DMCHBA,ideal,1.0,19,361,4,0.1,36,,,dmchba_topk_10,/home/agxorin/topk_filter_study/simulator/scenarios/final_trial_500.csv,clue_search,00,64,2,65,0,0,0,0,129,64,65,129,0,5,clue:1;collision_intent:64;state:64,389,0,completed
253,dcta_parity_v1,topk_filter,aa0724188407797eae5187348bee11ee9f51317c4e8a201863b052786aa2f1df,823213c90703fd83224ad7122ee730ba64af3769ea517af252103bddd907f681,DMCHBA,ideal,1.0,19,361,4,0.1,36,,,dmchba_topk_10,/home/agxorin/topk_filter_study/simulator/scenarios/final_trial_500.csv,clue_search,01,64,2,63,2,0,0,0,129,64,65,129,0,5,clue:1;collision_intent:64;state:64,390,0,completed
253,dcta_parity_v1,topk_filter,aa0724188407797eae5187348bee11ee9f51317c4e8a201863b052786aa2f1df,823213c90703fd83224ad7122ee730ba64af3769ea517af252103bddd907f681,DMCHBA,ideal,1.0,19,361,4,0.1,36,,,dmchba_topk_10,/home/agxorin/topk_filter_study/simulator/scenarios/final_trial_500.csv,clue_search,02,65,2,64,2,0,0,0,132,66,66,132,0,6,clue:1;collision_intent:65;state:65;target:1,387,0,completed
253,dcta_parity_v1,topk_filter,aa0724188407797eae5187348bee11ee9f51317c4e8a201863b052786aa2f1df,823213c90703fd83224ad7122ee730ba64af3769ea517af252103bddd907f681,DMCHBA,ideal,1.0,19,361,4,0.1,36,,,dmchba_topk_10,/home/agxorin/topk_filter_study/simulator/scenarios/final_trial_500.csv,clue_search,03,64,2,63,2,0,0,0,129,64,65,129,0,5,clue:1;collision_intent:64;state:64,389,0,completed
254,dcta_parity_v1,topk_filter,aa0724188407797eae5187348bee11ee9f51317c4e8a201863b052786aa2f1df,823213c90703fd83224ad7122ee730ba64af3769ea517af252103bddd907f681,DMCHBA,ideal,1.0,19,361,4,0.1,36,,,dmchba_topk_10,/home/agxorin/topk_filter_study/simulator/scenarios/final_trial_500.csv,clue_search,00,20,6,21,0,0,0,0,42,20,22,42,0,14,clue:2;collision_intent:20;state:20,122,0,completed
254,dcta_parity_v1,topk_filter,aa0724188407797eae5187348bee11ee9f51317c4e8a201863b052786aa2f1df,823213c90703fd83224ad7122ee730ba64af3769ea517af252103bddd907f681,DMCHBA,ideal,1.0,19,361,4,0.1,36,,,dmchba_topk_10,/home/agxorin/topk_filter_study/simulator/scenarios/final_trial_500.csv,clue_search,01,19,5,20,0,0,0,0,40,19,21,40,0,12,clue:2;collision_intent:19;state:19,123,0,completed
254,dcta_parity_v1,topk_filter,aa0724188407797eae5187348bee11ee9f51317c4e8a201863b052786aa2f1df,823213c90703fd83224ad7122ee730ba64af3769ea517af252103bddd907f681,DMCHBA,ideal,1.0,19,361,4,0.1,36,,,dmchba_topk_10,/home/agxorin/topk_filter_study/simulator/scenarios/final_trial_500.csv,clue_search,02,20,6,21,0,0,0,0,43,21,22,43,0,15,clue:2;collision_intent:20;state:20;target:1,122,0,completed
254,dcta_parity_v1,topk_filter,aa0724188407797eae5187348bee11ee9f51317c4e8a201863b052786aa2f1df,823213c90703fd83224ad7122ee730ba64af3769ea517af252103bddd907f681,DMCHBA,ideal,1.0,19,361,4,0.1,36,,,dmchba_topk_10,/home/agxorin/topk_filter_study/simulator/scenarios/final_trial_500.csv,clue_search,03,19,5,20,0,0,0,0,40,19,21,40,0,12,clue:2;collision_intent:19;state:19,125,0,completed
255,dcta_parity_v1,topk_filter,aa0724188407797eae5187348bee11ee9f51317c4e8a201863b052786aa2f1df,823213c90703fd83224ad7122ee730ba64af3769ea517af252103bddd907f681,DMCHBA,ideal,1.0,19,361,4,0.1,36,,,dmchba_topk_10,/home/agxorin/topk_filter_study/simulator/scenarios/final_trial_500.csv,clue_search,00,35,5,36,0,0,0,0,72,35,37,72,0,12,clue:2;collision_intent:35;state:35,212,0,completed
255,dcta_parity_v1,topk_filter,aa0724188407797eae5187348bee11ee9f51317c4e8a201863b052786aa2f1df,823213c90703fd83224ad7122ee730ba64af3769ea517af252103bddd907f681,DMCHBA,ideal,1.0,19,361,4,0.1,36,,,dmchba_topk_10,/home/agxorin/topk_filter_study/simulator/scenarios/final_trial_500.csv,clue_search,01,34,4,35,0,0,0,0,70,34,36,70,0,10,clue:2;collision_intent:34;state:34,215,0,completed
255,dcta_parity_v1,topk_filter,aa0724188407797eae5187348bee11ee9f51317c4e8a201863b052786aa2f1df,823213c90703fd83224ad7122ee730ba64af3769ea517af252103bddd907f681,DMCHBA,ideal,1.0,19,361,4,0.1,36,,,dmchba_topk_10,/home/agxorin/topk_filter_study/simulator/scenarios/final_trial_500.csv,clue_search,02,34,4,35,0,0,0,0,70,34,36,70,0,10,clue:2;collision_intent:34;state:34,214,0,completed
255,dcta_parity_v1,topk_filter,aa0724188407797eae5187348bee11ee9f51317c4e8a201863b052786aa2f1df,823213c90703fd83224ad7122ee730ba64af3769ea517af252103bddd907f681,DMCHBA,ideal,1.0,19,361,4,0.1,36,,,dmchba_topk_10,/home/agxorin/topk_filter_study/simulator/scenarios/final_trial_500.csv,clue_search,03,35,5,35,1,0,0,0,73,36,37,73,0,13,clue:2;collision_intent:35;state:35;target:1,212,0,completed
256,dcta_parity_v1,topk_filter,aa0724188407797eae5187348bee11ee9f51317c4e8a201863b052786aa2f1df,823213c90703fd83224ad7122ee730ba64af3769ea517af252103bddd907f681,DMCHBA,ideal,1.0,19,361,4,0.1,36,,,dmchba_topk_10,/home/agxorin/topk_filter_study/simulator/scenarios/final_trial_500.csv,clue_search,00,89,82,68,22,0,2,2,185,92,93,185,0,171,clue:4;collision_intent:92;state:89,537,0,completed
256,dcta_parity_v1,topk_filter,aa0724188407797eae5187348bee11ee9f51317c4e8a201863b052786aa2f1df,823213c90703fd83224ad7122ee730ba64af3769ea517af252103bddd907f681,DMCHBA,ideal,1.0,19,361,4,0.1,36,,,dmchba_topk_10,/home/agxorin/topk_filter_study/simulator/scenarios/final_trial_500.csv,clue_search,01,86,80,77,10,0,0,0,177,87,90,177,0,165,clue:4;collision_intent:87;state:86,546,0,completed
256,dcta_parity_v1,topk_filter,aa0724188407797eae5187348bee11ee9f51317c4e8a201863b052786aa2f1df,823213c90703fd83224ad7122ee730ba64af3769ea517af252103bddd907f681,DMCHBA,ideal,1.0,19,361,4,0.1,36,,,dmchba_topk_10,/home/agxorin/topk_filter_study/simulator/scenarios/final_trial_500.csv,clue_search,02,88,81,81,8,0,0,0,181,89,92,181,0,167,clue:4;collision_intent:88;state:88;target:1,542,0,completed
256,dcta_parity_v1,topk_filter,aa0724188407797eae5187348bee11ee9f51317c4e8a201863b052786aa2f1df,823213c90703fd83224ad7122ee730ba64af3769ea517af252103bddd907f681,DMCHBA,ideal,1.0,19,361,4,0.1,36,,,dmchba_topk_10,/home/agxorin/topk_filter_study/simulator/scenarios/final_trial_500.csv,clue_search,03,87,80,61,27,0,2,1,180,89,91,180,0,166,clue:4;collision_intent:89;state:87,541,0,completed
257,dcta_parity_v1,topk_filter,aa0724188407797eae5187348bee11ee9f51317c4e8a201863b052786aa2f1df,823213c90703fd83224ad7122ee730ba64af3769ea517af252103bddd907f681,DMCHBA,ideal,1.0,19,361,4,0.1,36,,,dmchba_topk_10,/home/agxorin/topk_filter_study/simulator/scenarios/final_trial_500.csv,clue_search,00,11,0,12,0,0,0,0,22,11,11,22,0,0,collision_intent:11;state:11,67,0,completed
257,dcta_parity_v1,topk_filter,aa0724188407797eae5187348bee11ee9f51317c4e8a201863b052786aa2f1df,823213c90703fd83224ad7122ee730ba64af3769ea517af252103bddd907f681,DMCHBA,ideal,1.0,19,361,4,0.1,36,,,dmchba_topk_10,/home/agxorin/topk_filter_study/simulator/scenarios/final_trial_500.csv,clue_search,01,11,0,12,0,0,0,0,22,11,11,22,0,0,collision_intent:11;state:11,68,0,completed
257,dcta_parity_v1,topk_filter,aa0724188407797eae5187348bee11ee9f51317c4e8a201863b052786aa2f1df,823213c90703fd83224ad7122ee730ba64af3769ea517af252103bddd907f681,DMCHBA,ideal,1.0,19,361,4,0.1,36,,,dmchba_topk_10,/home/agxorin/topk_filter_study/simulator/scenarios/final_trial_500.csv,clue_search,02,12,0,13,0,0,0,0,25,13,12,25,0,0,collision_intent:12;state:12;target:1,66,0,completed
257,dcta_parity_v1,topk_filter,aa0724188407797eae5187348bee11ee9f51317c4e8a201863b052786aa2f1df,823213c90703fd83224ad7122ee730ba64af3769ea517af252103bddd907f681,DMCHBA,ideal,1.0,19,361,4,0.1,36,,,dmchba_topk_10,/home/agxorin/topk_filter_study/simulator/scenarios/final_trial_500.csv,clue_search,03,11,0,12,0,0,0,0,22,11,11,22,0,0,collision_intent:11;state:11,67,0,completed
258,dcta_parity_v1,topk_filter,aa0724188407797eae5187348bee11ee9f51317c4e8a201863b052786aa2f1df,823213c90703fd83224ad7122ee730ba64af3769ea517af252103bddd907f681,DMCHBA,ideal,1.0,19,361,4,0.1,36,,,dmchba_topk_10,/home/agxorin/topk_filter_study/simulator/scenarios/final_trial_500.csv,clue_search,00,56,28,53,4,0,0,0,115,56,59,115,0,58,clue:3;collision_intent:56;state:56,343,0,completed
258,dcta_parity_v1,topk_filter,aa0724188407797eae5187348bee11ee9f51317c4e8a201863b052786aa2f1df,823213c90703fd83224ad7122ee730ba64af3769ea517af252103bddd907f681,DMCHBA,ideal,1.0,19,361,4,0.1,36,,,dmchba_topk_10,/home/agxorin/topk_filter_study/simulator/scenarios/final_trial_500.csv,clue_search,01,55,27,54,2,0,0,0,113,55,58,113,0,57,clue:3;collision_intent:55;state:55,346,0,completed
258,dcta_parity_v1,topk_filter,aa0724188407797eae5187348bee11ee9f51317c4e8a201863b052786aa2f1df,823213c90703fd83224ad7122ee730ba64af3769ea517af252103bddd907f681,DMCHBA,ideal,1.0,19,361,4,0.1,36,,,dmchba_topk_10,/home/agxorin/topk_filter_study/simulator/scenarios/final_trial_500.csv,clue_search,02,56,27,51,6,0,0,0,115,56,59,115,0,57,clue:3;collision_intent:56;state:56,343,0,completed
258,dcta_parity_v1,topk_filter,aa0724188407797eae5187348bee11ee9f51317c4e8a201863b052786aa2f1df,823213c90703fd83224ad7122ee730ba64af3769ea517af252103bddd907f681,DMCHBA,ideal,1.0,19,361,4,0.1,36,,,dmchba_topk_10,/home/agxorin/topk_filter_study/simulator/scenarios/final_trial_500.csv,clue_search,03,56,28,51,6,0,0,0,116,57,59,116,0,60,clue:3;collision_intent:56;state:56;target:1,343,0,completed
259,dcta_parity_v1,topk_filter,aa0724188407797eae5187348bee11ee9f51317c4e8a201863b052786aa2f1df,823213c90703fd83224ad7122ee730ba64af3769ea517af252103bddd907f681,DMCHBA,ideal,1.0,19,361,4,0.1,36,,,dmchba_topk_10,/home/agxorin/topk_filter_study/simulator/scenarios/final_trial_500.csv,clue_search,00,23,11,24,0,0,0,0,49,24,25,49,0,25,clue:2;collision_intent:23;state:23;target:1,140,0,completed
259,dcta_parity_v1,topk_filter,aa0724188407797eae5187348bee11ee9f51317c4e8a201863b052786aa2f1df,823213c90703fd83224ad7122ee730ba64af3769ea517af252103bddd907f681,DMCHBA,ideal,1.0,19,361,4,0.1,36,,,dmchba_topk_10,/home/agxorin/topk_filter_study/simulator/scenarios/final_trial_500.csv,clue_search,01,22,10,21,2,0,0,0,46,22,24,46,0,22,clue:2;collision_intent:22;state:22,141,0,completed
259,dcta_parity_v1,topk_filter,aa0724188407797eae5187348bee11ee9f51317c4e8a201863b052786aa2f1df,823213c90703fd83224ad7122ee730ba64af3769ea517af252103bddd907f681,DMCHBA,ideal,1.0,19,361,4,0.1,36,,,dmchba_topk_10,/home/agxorin/topk_filter_study/simulator/scenarios/final_trial_500.csv,clue_search,02,23,11,23,1,0,0,0,48,23,25,48,0,24,clue:2;collision_intent:23;state:23,140,0,completed
259,dcta_parity_v1,topk_filter,aa0724188407797eae5187348bee11ee9f51317c4e8a201863b052786aa2f1df,823213c90703fd83224ad7122ee730ba64af3769ea517af252103bddd907f681,DMCHBA,ideal,1.0,19,361,4,0.1,36,,,dmchba_topk_10,/home/agxorin/topk_filter_study/simulator/scenarios/final_trial_500.csv,clue_search,03,22,11,22,1,0,0,0,46,22,24,46,0,23,clue:2;collision_intent:22;state:22,142,0,completed
260,dcta_parity_v1,topk_filter,aa0724188407797eae5187348bee11ee9f51317c4e8a201863b052786aa2f1df,823213c90703fd83224ad7122ee730ba64af3769ea517af252103bddd907f681,DMCHBA,ideal,1.0,19,361,4,0.1,36,,,dmchba_topk_10,/home/agxorin/topk_filter_study/simulator/scenarios/final_trial_500.csv,clue_search,00,12,9,13,0,0,0,0,27,13,14,27,0,20,clue:2;collision_intent:12;state:12;target:1,74,0,completed
260,dcta_parity_v1,topk_filter,aa0724188407797eae5187348bee11ee9f51317c4e8a201863b052786aa2f1df,823213c90703fd83224ad7122ee730ba64af3769ea517af252103bddd907f681,DMCHBA,ideal,1.0,19,361,4,0.1,36,,,dmchba_topk_10,/home/agxorin/topk_filter_study/simulator/scenarios/final_trial_500.csv,clue_search,01,11,8,12,0,0,0,0,24,11,13,24,0,18,clue:2;collision_intent:11;state:11,77,0,completed
260,dcta_parity_v1,topk_filter,aa0724188407797eae5187348bee11ee9f51317c4e8a201863b052786aa2f1df,823213c90703fd83224ad7122ee730ba64af3769ea517af252103bddd907f681,DMCHBA,ideal,1.0,19,361,4,0.1,36,,,dmchba_topk_10,/home/agxorin/topk_filter_study/simulator/scenarios/final_trial_500.csv,clue_search,02,11,7,12,0,0,0,0,25,12,13,25,0,17,clue:2;collision_intent:12;state:11,74,0,completed
260,dcta_parity_v1,topk_filter,aa0724188407797eae5187348bee11ee9f51317c4e8a201863b052786aa2f1df,823213c90703fd83224ad7122ee730ba64af3769ea517af252103bddd907f681,DMCHBA,ideal,1.0,19,361,4,0.1,36,,,dmchba_topk_10,/home/agxorin/topk_filter_study/simulator/scenarios/final_trial_500.csv,clue_search,03,11,8,11,1,0,0,0,25,12,13,25,0,19,clue:2;collision_intent:12;state:11,76,0,completed
261,dcta_parity_v1,topk_filter,aa0724188407797eae5187348bee11ee9f51317c4e8a201863b052786aa2f1df,823213c90703fd83224ad7122ee730ba64af3769ea517af252103bddd907f681,DMCHBA,ideal,1.0,19,361,4,0.1,36,,,dmchba_topk_10,/home/agxorin/topk_filter_study/simulator/scenarios/final_trial_500.csv,clue_search,00,77,77,77,1,0,0,0,157,77,80,157,0,157,clue:3;collision_intent:77;state:77,490,0,completed
261,dcta_parity_v1,topk_filter,aa0724188407797eae5187348bee11ee9f51317c4e8a201863b052786aa2f1df,823213c90703fd83224ad7122ee730ba64af3769ea517af252103bddd907f681,DMCHBA,ideal,1.0,19,361,4,0.1,36,,,dmchba_topk_10,/home/agxorin/topk_filter_study/simulator/scenarios/final_trial_500.csv,clue_search,01,79,79,67,13,0,1,1,162,80,82,162,0,162,clue:3;collision_intent:80;state:79,486,0,completed
261,dcta_parity_v1,topk_filter,aa0724188407797eae5187348bee11ee9f51317c4e8a201863b052786aa2f1df,823213c90703fd83224ad7122ee730ba64af3769ea517af252103bddd907f681,DMCHBA,ideal,1.0,19,361,4,0.1,36,,,dmchba_topk_10,/home/agxorin/topk_filter_study/simulator/scenarios/final_trial_500.csv,clue_search,02,80,80,68,13,0,0,0,164,81,83,164,0,164,clue:3;collision_intent:80;state:80;target:1,484,0,completed
261,dcta_parity_v1,topk_filter,aa0724188407797eae5187348bee11ee9f51317c4e8a201863b052786aa2f1df,823213c90703fd83224ad7122ee730ba64af3769ea517af252103bddd907f681,DMCHBA,ideal,1.0,19,361,4,0.1,36,,,dmchba_topk_10,/home/agxorin/topk_filter_study/simulator/scenarios/final_trial_500.csv,clue_search,03,80,80,67,14,0,1,1,165,82,83,165,0,165,clue:3;collision_intent:82;state:80,482,0,completed
262,dcta_parity_v1,topk_filter,aa0724188407797eae5187348bee11ee9f51317c4e8a201863b052786aa2f1df,823213c90703fd83224ad7122ee730ba64af3769ea517af252103bddd907f681,DMCHBA,ideal,1.0,19,361,4,0.1,36,,,dmchba_topk_10,/home/agxorin/topk_filter_study/simulator/scenarios/final_trial_500.csv,clue_search,00,29,7,29,1,0,0,0,60,30,30,60,0,16,clue:1;collision_intent:30;state:29,177,0,completed
262,dcta_parity_v1,topk_filter,aa0724188407797eae5187348bee11ee9f51317c4e8a201863b052786aa2f1df,823213c90703fd83224ad7122ee730ba64af3769ea517af252103bddd907f681,DMCHBA,ideal,1.0,19,361,4,0.1,36,,,dmchba_topk_10,/home/agxorin/topk_filter_study/simulator/scenarios/final_trial_500.csv,clue_search,01,29,8,30,0,0,0,0,60,30,30,60,0,18,clue:1;collision_intent:29;state:29;target:1,178,0,completed
262,dcta_parity_v1,topk_filter,aa0724188407797eae5187348bee11ee9f51317c4e8a201863b052786aa2f1df,823213c90703fd83224ad7122ee730ba64af3769ea517af252103bddd907f681,DMCHBA,ideal,1.0,19,361,4,0.1,36,,,dmchba_topk_10,/home/agxorin/topk_filter_study/simulator/scenarios/final_trial_500.csv,clue_search,02,29,7,28,2,0,0,0,59,29,30,59,0,15,clue:1;collision_intent:29;state:29,178,0,completed
262,dcta_parity_v1,topk_filter,aa0724188407797eae5187348bee11ee9f51317c4e8a201863b052786aa2f1df,823213c90703fd83224ad7122ee730ba64af3769ea517af252103bddd907f681,DMCHBA,ideal,1.0,19,361,4,0.1,36,,,dmchba_topk_10,/home/agxorin/topk_filter_study/simulator/scenarios/final_trial_500.csv,clue_search,03,29,8,30,0,0,0,0,59,29,30,59,0,16,clue:1;collision_intent:29;state:29,178,0,completed
263,dcta_parity_v1,topk_filter,aa0724188407797eae5187348bee11ee9f51317c4e8a201863b052786aa2f1df,823213c90703fd83224ad7122ee730ba64af3769ea517af252103bddd907f681,DMCHBA,ideal,1.0,19,361,4,0.1,36,,,dmchba_topk_10,/home/agxorin/topk_filter_study/simulator/scenarios/final_trial_500.csv,clue_search,00,52,43,53,0,0,0,0,107,52,55,107,0,89,clue:3;collision_intent:52;state:52,328,0,completed
263,dcta_parity_v1,topk_filter,aa0724188407797eae5187348bee11ee9f51317c4e8a201863b052786aa2f1df,823213c90703fd83224ad7122ee730ba64af3769ea517af252103bddd907f681,DMCHBA,ideal,1.0,19,361,4,0.1,36,,,dmchba_topk_10,/home/agxorin/topk_filter_study/simulator/scenarios/final_trial_500.csv,clue_search,01,52,44,41,12,0,1,1,109,54,55,109,0,93,clue:3;collision_intent:54;state:52,327,0,completed
263,dcta_parity_v1,topk_filter,aa0724188407797eae5187348bee11ee9f51317c4e8a201863b052786aa2f1df,823213c90703fd83224ad7122ee730ba64af3769ea517af252103bddd907f681,DMCHBA,ideal,1.0,19,361,4,0.1,36,,,dmchba_topk_10,/home/agxorin/topk_filter_study/simulator/scenarios/final_trial_500.csv,clue_search,02,54,45,55,0,0,0,0,111,54,57,111,0,93,clue:3;collision_intent:54;state:54,324,0,completed
263,dcta_parity_v1,topk_filter,aa0724188407797eae5187348bee11ee9f51317c4e8a201863b052786aa2f1df,823213c90703fd83224ad7122ee730ba64af3769ea517af252103bddd907f681,DMCHBA,ideal,1.0,19,361,4,0.1,36,,,dmchba_topk_10,/home/agxorin/topk_filter_study/simulator/scenarios/final_trial_500.csv,clue_search,03,53,45,47,7,0,0,0,110,54,56,110,0,94,clue:3;collision_intent:53;state:53;target:1,327,0,completed
264,dcta_parity_v1,topk_filter,aa0724188407797eae5187348bee11ee9f51317c4e8a201863b052786aa2f1df,823213c90703fd83224ad7122ee730ba64af3769ea517af252103bddd907f681,DMCHBA,ideal,1.0,19,361,4,0.1,36,,,dmchba_topk_10,/home/agxorin/topk_filter_study/simulator/scenarios/final_trial_500.csv,clue_search,00,14,0,15,0,0,0,0,29,15,14,29,0,0,collision_intent:14;state:14;target:1,79,0,completed
264,dcta_parity_v1,topk_filter,aa0724188407797eae5187348bee11ee9f51317c4e8a201863b052786aa2f1df,823213c90703fd83224ad7122ee730ba64af3769ea517af252103bddd907f681,DMCHBA,ideal,1.0,19,361,4,0.1,36,,,dmchba_topk_10,/home/agxorin/topk_filter_study/simulator/scenarios/final_trial_500.csv,clue_search,01,13,0,14,0,0,0,0,26,13,13,26,0,0,collision_intent:13;state:13,81,0,completed
264,dcta_parity_v1,topk_filter,aa0724188407797eae5187348bee11ee9f51317c4e8a201863b052786aa2f1df,823213c90703fd83224ad7122ee730ba64af3769ea517af252103bddd907f681,DMCHBA,ideal,1.0,19,361,4,0.1,36,,,dmchba_topk_10,/home/agxorin/topk_filter_study/simulator/scenarios/final_trial_500.csv,clue_search,02,13,0,14,0,0,0,0,27,14,13,27,0,0,collision_intent:14;state:13,80,0,completed
264,dcta_parity_v1,topk_filter,aa0724188407797eae5187348bee11ee9f51317c4e8a201863b052786aa2f1df,823213c90703fd83224ad7122ee730ba64af3769ea517af252103bddd907f681,DMCHBA,ideal,1.0,19,361,4,0.1,36,,,dmchba_topk_10,/home/agxorin/topk_filter_study/simulator/scenarios/final_trial_500.csv,clue_search,03,13,0,14,0,0,0,0,26,13,13,26,0,0,collision_intent:13;state:13,81,0,completed
265,dcta_parity_v1,topk_filter,aa0724188407797eae5187348bee11ee9f51317c4e8a201863b052786aa2f1df,823213c90703fd83224ad7122ee730ba64af3769ea517af252103bddd907f681,DMCHBA,ideal,1.0,19,361,4,0.1,36,,,dmchba_topk_10,/home/agxorin/topk_filter_study/simulator/scenarios/final_trial_500.csv,clue_search,00,34,16,33,2,0,0,0,69,34,35,69,0,33,clue:1;collision_intent:34;state:34,211,0,completed
265,dcta_parity_v1,topk_filter,aa0724188407797eae5187348bee11ee9f51317c4e8a201863b052786aa2f1df,823213c90703fd83224ad7122ee730ba64af3769ea517af252103bddd907f681,DMCHBA,ideal,1.0,19,361,4,0.1,36,,,dmchba_topk_10,/home/agxorin/topk_filter_study/simulator/scenarios/final_trial_500.csv,clue_search,01,35,17,36,0,0,0,0,72,36,36,72,0,36,clue:1;collision_intent:35;state:35;target:1,210,0,completed
265,dcta_parity_v1,topk_filter,aa0724188407797eae5187348bee11ee9f51317c4e8a201863b052786aa2f1df,823213c90703fd83224ad7122ee730ba64af3769ea517af252103bddd907f681,DMCHBA,ideal,1.0,19,361,4,0.1,36,,,dmchba_topk_10,/home/agxorin/topk_filter_study/simulator/scenarios/final_trial_500.csv,clue_search,02,35,17,32,4,0,0,0,71,35,36,71,0,35,clue:1;collision_intent:35;state:35,209,0,completed
265,dcta_parity_v1,topk_filter,aa0724188407797eae5187348bee11ee9f51317c4e8a201863b052786aa2f1df,823213c90703fd83224ad7122ee730ba64af3769ea517af252103bddd907f681,DMCHBA,ideal,1.0,19,361,4,0.1,36,,,dmchba_topk_10,/home/agxorin/topk_filter_study/simulator/scenarios/final_trial_500.csv,clue_search,03,34,17,33,2,0,0,0,70,35,35,70,0,36,clue:1;collision_intent:35;state:34,211,0,completed
266,dcta_parity_v1,topk_filter,aa0724188407797eae5187348bee11ee9f51317c4e8a201863b052786aa2f1df,823213c90703fd83224ad7122ee730ba64af3769ea517af252103bddd907f681,DMCHBA,ideal,1.0,19,361,4,0.1,36,,,dmchba_topk_10,/home/agxorin/topk_filter_study/simulator/scenarios/final_trial_500.csv,clue_search,00,11,0,12,0,0,0,0,23,12,11,23,0,0,collision_intent:11;state:11;target:1,60,0,completed
266,dcta_parity_v1,topk_filter,aa0724188407797eae5187348bee11ee9f51317c4e8a201863b052786aa2f1df,823213c90703fd83224ad7122ee730ba64af3769ea517af252103bddd907f681,DMCHBA,ideal,1.0,19,361,4,0.1,36,,,dmchba_topk_10,/home/agxorin/topk_filter_study/simulator/scenarios/final_trial_500.csv,clue_search,01,10,0,11,0,0,0,0,20,10,10,20,0,0,collision_intent:10;state:10,63,0,completed
266,dcta_parity_v1,topk_filter,aa0724188407797eae5187348bee11ee9f51317c4e8a201863b052786aa2f1df,823213c90703fd83224ad7122ee730ba64af3769ea517af252103bddd907f681,DMCHBA,ideal,1.0,19,361,4,0.1,36,,,dmchba_topk_10,/home/agxorin/topk_filter_study/simulator/scenarios/final_trial_500.csv,clue_search,02,10,0,11,0,0,0,0,20,10,10,20,0,0,collision_intent:10;state:10,61,0,completed
266,dcta_parity_v1,topk_filter,aa0724188407797eae5187348bee11ee9f51317c4e8a201863b052786aa2f1df,823213c90703fd83224ad7122ee730ba64af3769ea517af252103bddd907f681,DMCHBA,ideal,1.0,19,361,4,0.1,36,,,dmchba_topk_10,/home/agxorin/topk_filter_study/simulator/scenarios/final_trial_500.csv,clue_search,03,10,0,11,0,0,0,0,20,10,10,20,0,0,collision_intent:10;state:10,63,0,completed
267,dcta_parity_v1,topk_filter,aa0724188407797eae5187348bee11ee9f51317c4e8a201863b052786aa2f1df,823213c90703fd83224ad7122ee730ba64af3769ea517af252103bddd907f681,DMCHBA,ideal,1.0,19,361,4,0.1,36,,,dmchba_topk_10,/home/agxorin/topk_filter_study/simulator/scenarios/final_trial_500.csv,clue_search,00,37,3,38,0,0,0,0,76,38,38,76,0,8,clue:1;collision_intent:37;state:37;target:1,219,0,completed
267,dcta_parity_v1,topk_filter,aa0724188407797eae5187348bee11ee9f51317c4e8a201863b052786aa2f1df,823213c90703fd83224ad7122ee730ba64af3769ea517af252103bddd907f681,DMCHBA,ideal,1.0,19,361,4,0.1,36,,,dmchba_topk_10,/home/agxorin/topk_filter_study/simulator/scenarios/final_trial_500.csv,clue_search,01,36,3,36,1,0,0,0,73,36,37,73,0,7,clue:1;collision_intent:36;state:36,221,0,completed
267,dcta_parity_v1,topk_filter,aa0724188407797eae5187348bee11ee9f51317c4e8a201863b052786aa2f1df,823213c90703fd83224ad7122ee730ba64af3769ea517af252103bddd907f681,DMCHBA,ideal,1.0,19,361,4,0.1,36,,,dmchba_topk_10,/home/agxorin/topk_filter_study/simulator/scenarios/final_trial_500.csv,clue_search,02,36,3,36,1,0,0,0,73,36,37,73,0,7,clue:1;collision_intent:36;state:36,221,0,completed
267,dcta_parity_v1,topk_filter,aa0724188407797eae5187348bee11ee9f51317c4e8a201863b052786aa2f1df,823213c90703fd83224ad7122ee730ba64af3769ea517af252103bddd907f681,DMCHBA,ideal,1.0,19,361,4,0.1,36,,,dmchba_topk_10,/home/agxorin/topk_filter_study/simulator/scenarios/final_trial_500.csv,clue_search,03,36,3,35,2,0,0,0,73,36,37,73,0,7,clue:1;collision_intent:36;state:36,221,0,completed
268,dcta_parity_v1,topk_filter,aa0724188407797eae5187348bee11ee9f51317c4e8a201863b052786aa2f1df,823213c90703fd83224ad7122ee730ba64af3769ea517af252103bddd907f681,DMCHBA,ideal,1.0,19,361,4,0.1,36,,,dmchba_topk_10,/home/agxorin/topk_filter_study/simulator/scenarios/final_trial_500.csv,clue_search,00,79,56,73,7,0,0,0,161,79,82,161,0,115,clue:3;collision_intent:79;state:79,486,0,completed
268,dcta_parity_v1,topk_filter,aa0724188407797eae5187348bee11ee9f51317c4e8a201863b052786aa2f1df,823213c90703fd83224ad7122ee730ba64af3769ea517af252103bddd907f681,DMCHBA,ideal,1.0,19,361,4,0.1,36,,,dmchba_topk_10,/home/agxorin/topk_filter_study/simulator/scenarios/final_trial_500.csv,clue_search,01,79,57,65,15,0,1,1,163,81,82,163,0,119,clue:3;collision_intent:80;state:79;target:1,485,0,completed
268,dcta_parity_v1,topk_filter,aa0724188407797eae5187348bee11ee9f51317c4e8a201863b052786aa2f1df,823213c90703fd83224ad7122ee730ba64af3769ea517af252103bddd907f681,DMCHBA,ideal,1.0,19,361,4,0.1,36,,,dmchba_topk_10,/home/agxorin/topk_filter_study/simulator/scenarios/final_trial_500.csv,clue_search,02,79,56,74,6,0,0,0,161,79,82,161,0,115,clue:3;collision_intent:79;state:79,486,0,completed
268,dcta_parity_v1,topk_filter,aa0724188407797eae5187348bee11ee9f51317c4e8a201863b052786aa2f1df,823213c90703fd83224ad7122ee730ba64af3769ea517af252103bddd907f681,DMCHBA,ideal,1.0,19,361,4,0.1,36,,,dmchba_topk_10,/home/agxorin/topk_filter_study/simulator/scenarios/final_trial_500.csv,clue_search,03,80,57,61,20,0,0,0,163,80,83,163,0,117,clue:3;collision_intent:80;state:80,485,0,completed
269,dcta_parity_v1,topk_filter,aa0724188407797eae5187348bee11ee9f51317c4e8a201863b052786aa2f1df,823213c90703fd83224ad7122ee730ba64af3769ea517af252103bddd907f681,DMCHBA,ideal,1.0,19,361,4,0.1,36,,,dmchba_topk_10,/home/agxorin/topk_filter_study/simulator/scenarios/final_trial_500.csv,clue_search,00,40,2,41,0,0,0,0,81,40,41,81,0,5,clue:1;collision_intent:40;state:40,238,0,completed
269,dcta_parity_v1,topk_filter,aa0724188407797eae5187348bee11ee9f51317c4e8a201863b052786aa2f1df,823213c90703fd83224ad7122ee730ba64af3769ea517af252103bddd907f681,DMCHBA,ideal,1.0,19,361,4,0.1,36,,,dmchba_topk_10,/home/agxorin/topk_filter_study/simulator/scenarios/final_trial_500.csv,clue_search,01,39,1,40,0,0,0,0,79,39,40,79,0,3,clue:1;collision_intent:39;state:39,241,0,completed
269,dcta_parity_v1,topk_filter,aa0724188407797eae5187348bee11ee9f51317c4e8a201863b052786aa2f1df,823213c90703fd83224ad7122ee730ba64af3769ea517af252103bddd907f681,DMCHBA,ideal,1.0,19,361,4,0.1,36,,,dmchba_topk_10,/home/agxorin/topk_filter_study/simulator/scenarios/final_trial_500.csv,clue_search,02,40,2,41,0,0,0,0,82,41,41,82,0,6,clue:1;collision_intent:40;state:40;target:1,239,0,completed
269,dcta_parity_v1,topk_filter,aa0724188407797eae5187348bee11ee9f51317c4e8a201863b052786aa2f1df,823213c90703fd83224ad7122ee730ba64af3769ea517af252103bddd907f681,DMCHBA,ideal,1.0,19,361,4,0.1,36,,,dmchba_topk_10,/home/agxorin/topk_filter_study/simulator/scenarios/final_trial_500.csv,clue_search,03,39,1,40,0,0,0,0,79,39,40,79,0,3,clue:1;collision_intent:39;state:39,241,0,completed
270,dcta_parity_v1,topk_filter,aa0724188407797eae5187348bee11ee9f51317c4e8a201863b052786aa2f1df,823213c90703fd83224ad7122ee730ba64af3769ea517af252103bddd907f681,DMCHBA,ideal,1.0,19,361,4,0.1,36,,,dmchba_topk_10,/home/agxorin/topk_filter_study/simulator/scenarios/final_trial_500.csv,clue_search,00,18,0,19,0,0,0,0,37,19,18,37,0,0,collision_intent:18;state:18;target:1,102,0,completed
270,dcta_parity_v1,topk_filter,aa0724188407797eae5187348bee11ee9f51317c4e8a201863b052786aa2f1df,823213c90703fd83224ad7122ee730ba64af3769ea517af252103bddd907f681,DMCHBA,ideal,1.0,19,361,4,0.1,36,,,dmchba_topk_10,/home/agxorin/topk_filter_study/simulator/scenarios/final_trial_500.csv,clue_search,01,17,0,18,0,0,0,0,34,17,17,34,0,0,collision_intent:17;state:17,104,0,completed
270,dcta_parity_v1,topk_filter,aa0724188407797eae5187348bee11ee9f51317c4e8a201863b052786aa2f1df,823213c90703fd83224ad7122ee730ba64af3769ea517af252103bddd907f681,DMCHBA,ideal,1.0,19,361,4,0.1,36,,,dmchba_topk_10,/home/agxorin/topk_filter_study/simulator/scenarios/final_trial_500.csv,clue_search,02,17,0,18,0,0,0,0,34,17,17,34,0,0,collision_intent:17;state:17,105,0,completed
270,dcta_parity_v1,topk_filter,aa0724188407797eae5187348bee11ee9f51317c4e8a201863b052786aa2f1df,823213c90703fd83224ad7122ee730ba64af3769ea517af252103bddd907f681,DMCHBA,ideal,1.0,19,361,4,0.1,36,,,dmchba_topk_10,/home/agxorin/topk_filter_study/simulator/scenarios/final_trial_500.csv,clue_search,03,17,0,18,0,0,0,0,34,17,17,34,0,0,collision_intent:17;state:17,103,0,completed
271,dcta_parity_v1,topk_filter,aa0724188407797eae5187348bee11ee9f51317c4e8a201863b052786aa2f1df,823213c90703fd83224ad7122ee730ba64af3769ea517af252103bddd907f681,DMCHBA,ideal,1.0,19,361,4,0.1,36,,,dmchba_topk_10,/home/agxorin/topk_filter_study/simulator/scenarios/final_trial_500.csv,clue_search,00,71,71,67,5,0,0,0,146,72,74,146,0,145,clue:3;collision_intent:71;state:71;target:1,429,0,completed
271,dcta_parity_v1,topk_filter,aa0724188407797eae5187348bee11ee9f51317c4e8a201863b052786aa2f1df,823213c90703fd83224ad7122ee730ba64af3769ea517af252103bddd907f681,DMCHBA,ideal,1.0,19,361,4,0.1,36,,,dmchba_topk_10,/home/agxorin/topk_filter_study/simulator/scenarios/final_trial_500.csv,clue_search,01,69,69,54,16,0,2,2,144,72,72,144,0,143,clue:3;collision_intent:72;state:69,430,0,completed
271,dcta_parity_v1,topk_filter,aa0724188407797eae5187348bee11ee9f51317c4e8a201863b052786aa2f1df,823213c90703fd83224ad7122ee730ba64af3769ea517af252103bddd907f681,DMCHBA,ideal,1.0,19,361,4,0.1,36,,,dmchba_topk_10,/home/agxorin/topk_filter_study/simulator/scenarios/final_trial_500.csv,clue_search,02,69,68,59,11,0,3,3,144,72,72,144,0,142,clue:3;collision_intent:72;state:69,431,0,completed
271,dcta_parity_v1,topk_filter,aa0724188407797eae5187348bee11ee9f51317c4e8a201863b052786aa2f1df,823213c90703fd83224ad7122ee730ba64af3769ea517af252103bddd907f681,DMCHBA,ideal,1.0,19,361,4,0.1,36,,,dmchba_topk_10,/home/agxorin/topk_filter_study/simulator/scenarios/final_trial_500.csv,clue_search,03,69,69,66,4,0,0,0,141,69,72,141,0,140,clue:3;collision_intent:69;state:69,434,0,completed
272,dcta_parity_v1,topk_filter,aa0724188407797eae5187348bee11ee9f51317c4e8a201863b052786aa2f1df,823213c90703fd83224ad7122ee730ba64af3769ea517af252103bddd907f681,DMCHBA,ideal,1.0,19,361,4,0.1,36,,,dmchba_topk_10,/home/agxorin/topk_filter_study/simulator/scenarios/final_trial_500.csv,clue_search,00,69,61,48,22,0,0,0,142,69,73,142,0,126,clue:4;collision_intent:69;state:69,427,0,completed
272,dcta_parity_v1,topk_filter,aa0724188407797eae5187348bee11ee9f51317c4e8a201863b052786aa2f1df,823213c90703fd83224ad7122ee730ba64af3769ea517af252103bddd907f681,DMCHBA,ideal,1.0,19,361,4,0.1,36,,,dmchba_topk_10,/home/agxorin/topk_filter_study/simulator/scenarios/final_trial_500.csv,clue_search,01,69,62,59,11,0,0,0,143,70,73,143,0,129,clue:4;collision_intent:69;state:69;target:1,428,0,completed
272,dcta_parity_v1,topk_filter,aa0724188407797eae5187348bee11ee9f51317c4e8a201863b052786aa2f1df,823213c90703fd83224ad7122ee730ba64af3769ea517af252103bddd907f681,DMCHBA,ideal,1.0,19,361,4,0.1,36,,,dmchba_topk_10,/home/agxorin/topk_filter_study/simulator/scenarios/final_trial_500.csv,clue_search,02,70,63,57,14,0,0,0,144,70,74,144,0,129,clue:4;collision_intent:70;state:70,425,0,completed
272,dcta_parity_v1,topk_filter,aa0724188407797eae5187348bee11ee9f51317c4e8a201863b052786aa2f1df,823213c90703fd83224ad7122ee730ba64af3769ea517af252103bddd907f681,DMCHBA,ideal,1.0,19,361,4,0.1,36,,,dmchba_topk_10,/home/agxorin/topk_filter_study/simulator/scenarios/final_trial_500.csv,clue_search,03,69,62,70,0,0,0,0,142,69,73,142,0,128,clue:4;collision_intent:69;state:69,428,0,completed
273,dcta_parity_v1,topk_filter,aa0724188407797eae5187348bee11ee9f51317c4e8a201863b052786aa2f1df,823213c90703fd83224ad7122ee730ba64af3769ea517af252103bddd907f681,DMCHBA,ideal,1.0,19,361,4,0.1,36,,,dmchba_topk_10,/home/agxorin/topk_filter_study/simulator/scenarios/final_trial_500.csv,clue_search,00,41,1,42,0,0,0,0,83,41,42,83,0,3,clue:1;collision_intent:41;state:41,248,0,completed
273,dcta_parity_v1,topk_filter,aa0724188407797eae5187348bee11ee9f51317c4e8a201863b052786aa2f1df,823213c90703fd83224ad7122ee730ba64af3769ea517af252103bddd907f681,DMCHBA,ideal,1.0,19,361,4,0.1,36,,,dmchba_topk_10,/home/agxorin/topk_filter_study/simulator/scenarios/final_trial_500.csv,clue_search,01,41,2,42,0,0,0,0,84,42,42,84,0,5,clue:1;collision_intent:41;state:41;target:1,249,0,completed
273,dcta_parity_v1,topk_filter,aa0724188407797eae5187348bee11ee9f51317c4e8a201863b052786aa2f1df,823213c90703fd83224ad7122ee730ba64af3769ea517af252103bddd907f681,DMCHBA,ideal,1.0,19,361,4,0.1,36,,,dmchba_topk_10,/home/agxorin/topk_filter_study/simulator/scenarios/final_trial_500.csv,clue_search,02,41,1,41,1,0,0,0,83,41,42,83,0,3,clue:1;collision_intent:41;state:41,248,0,completed
273,dcta_parity_v1,topk_filter,aa0724188407797eae5187348bee11ee9f51317c4e8a201863b052786aa2f1df,823213c90703fd83224ad7122ee730ba64af3769ea517af252103bddd907f681,DMCHBA,ideal,1.0,19,361,4,0.1,36,,,dmchba_topk_10,/home/agxorin/topk_filter_study/simulator/scenarios/final_trial_500.csv,clue_search,03,41,1,42,0,0,0,0,83,41,42,83,0,3,clue:1;collision_intent:41;state:41,248,0,completed
274,dcta_parity_v1,topk_filter,aa0724188407797eae5187348bee11ee9f51317c4e8a201863b052786aa2f1df,823213c90703fd83224ad7122ee730ba64af3769ea517af252103bddd907f681,DMCHBA,ideal,1.0,19,361,4,0.1,36,,,dmchba_topk_10,/home/agxorin/topk_filter_study/simulator/scenarios/final_trial_500.csv,clue_search,00,52,32,53,0,0,0,0,107,53,54,107,0,67,clue:2;collision_intent:53;state:52,317,0,completed
274,dcta_parity_v1,topk_filter,aa0724188407797eae5187348bee11ee9f51317c4e8a201863b052786aa2f1df,823213c90703fd83224ad7122ee730ba64af3769ea517af252103bddd907f681,DMCHBA,ideal,1.0,19,361,4,0.1,36,,,dmchba_topk_10,/home/agxorin/topk_filter_study/simulator/scenarios/final_trial_500.csv,clue_search,01,52,33,38,15,0,0,0,106,52,54,106,0,67,clue:2;collision_intent:52;state:52,320,0,completed
274,dcta_parity_v1,topk_filter,aa0724188407797eae5187348bee11ee9f51317c4e8a201863b052786aa2f1df,823213c90703fd83224ad7122ee730ba64af3769ea517af252103bddd907f681,DMCHBA,ideal,1.0,19,361,4,0.1,36,,,dmchba_topk_10,/home/agxorin/topk_filter_study/simulator/scenarios/final_trial_500.csv,clue_search,02,51,31,47,5,0,0,0,104,51,53,104,0,64,clue:2;collision_intent:51;state:51,321,0,completed
274,dcta_parity_v1,topk_filter,aa0724188407797eae5187348bee11ee9f51317c4e8a201863b052786aa2f1df,823213c90703fd83224ad7122ee730ba64af3769ea517af252103bddd907f681,DMCHBA,ideal,1.0,19,361,4,0.1,36,,,dmchba_topk_10,/home/agxorin/topk_filter_study/simulator/scenarios/final_trial_500.csv,clue_search,03,53,33,49,5,0,0,0,109,54,55,109,0,69,clue:2;collision_intent:53;state:53;target:1,317,0,completed
275,dcta_parity_v1,topk_filter,aa0724188407797eae5187348bee11ee9f51317c4e8a201863b052786aa2f1df,823213c90703fd83224ad7122ee730ba64af3769ea517af252103bddd907f681,DMCHBA,ideal,1.0,19,361,4,0.1,36,,,dmchba_topk_10,/home/agxorin/topk_filter_study/simulator/scenarios/final_trial_500.csv,clue_search,00,101,84,82,20,0,2,1,207,103,104,207,0,173,clue:3;collision_intent:103;state:101,609,0,completed
275,dcta_parity_v1,topk_filter,aa0724188407797eae5187348bee11ee9f51317c4e8a201863b052786aa2f1df,823213c90703fd83224ad7122ee730ba64af3769ea517af252103bddd907f681,DMCHBA,ideal,1.0,19,361,4,0.1,36,,,dmchba_topk_10,/home/agxorin/topk_filter_study/simulator/scenarios/final_trial_500.csv,clue_search,01,98,81,91,8,0,0,0,199,98,101,199,0,165,clue:3;collision_intent:98;state:98,616,0,completed
275,dcta_parity_v1,topk_filter,aa0724188407797eae5187348bee11ee9f51317c4e8a201863b052786aa2f1df,823213c90703fd83224ad7122ee730ba64af3769ea517af252103bddd907f681,DMCHBA,ideal,1.0,19,361,4,0.1,36,,,dmchba_topk_10,/home/agxorin/topk_filter_study/simulator/scenarios/final_trial_500.csv,clue_search,02,101,83,68,34,0,1,1,207,103,104,207,0,171,clue:3;collision_intent:102;state:101;target:1,609,0,completed
275,dcta_parity_v1,topk_filter,aa0724188407797eae5187348bee11ee9f51317c4e8a201863b052786aa2f1df,823213c90703fd83224ad7122ee730ba64af3769ea517af252103bddd907f681,DMCHBA,ideal,1.0,19,361,4,0.1,36,,,dmchba_topk_10,/home/agxorin/topk_filter_study/simulator/scenarios/final_trial_500.csv,clue_search,03,99,82,70,30,0,1,1,203,101,102,203,0,169,clue:3;collision_intent:101;state:99,612,0,completed
276,dcta_parity_v1,topk_filter,aa0724188407797eae5187348bee11ee9f51317c4e8a201863b052786aa2f1df,823213c90703fd83224ad7122ee730ba64af3769ea517af252103bddd907f681,DMCHBA,ideal,1.0,19,361,4,0.1,36,,,dmchba_topk_10,/home/agxorin/topk_filter_study/simulator/scenarios/final_trial_500.csv,clue_search,00,34,33,29,6,0,0,0,70,34,36,70,0,68,clue:2;collision_intent:34;state:34,209,0,completed
276,dcta_parity_v1,topk_filter,aa0724188407797eae5187348bee11ee9f51317c4e8a201863b052786aa2f1df,823213c90703fd83224ad7122ee730ba64af3769ea517af252103bddd907f681,DMCHBA,ideal,1.0,19,361,4,0.1,36,,,dmchba_topk_10,/home/agxorin/topk_filter_study/simulator/scenarios/final_trial_500.csv,clue_search,01,33,32,33,1,0,0,0,68,33,35,68,0,66,clue:2;collision_intent:33;state:33,209,0,completed
276,dcta_parity_v1,topk_filter,aa0724188407797eae5187348bee11ee9f51317c4e8a201863b052786aa2f1df,823213c90703fd83224ad7122ee730ba64af3769ea517af252103bddd907f681,DMCHBA,ideal,1.0,19,361,4,0.1,36,,,dmchba_topk_10,/home/agxorin/topk_filter_study/simulator/scenarios/final_trial_500.csv,clue_search,02,33,32,31,3,0,0,0,68,33,35,68,0,66,clue:2;collision_intent:33;state:33,210,0,completed
276,dcta_parity_v1,topk_filter,aa0724188407797eae5187348bee11ee9f51317c4e8a201863b052786aa2f1df,823213c90703fd83224ad7122ee730ba64af3769ea517af252103bddd907f681,DMCHBA,ideal,1.0,19,361,4,0.1,36,,,dmchba_topk_10,/home/agxorin/topk_filter_study/simulator/scenarios/final_trial_500.csv,clue_search,03,35,35,33,3,0,0,0,73,36,37,73,0,72,clue:2;collision_intent:35;state:35;target:1,206,0,completed
277,dcta_parity_v1,topk_filter,aa0724188407797eae5187348bee11ee9f51317c4e8a201863b052786aa2f1df,823213c90703fd83224ad7122ee730ba64af3769ea517af252103bddd907f681,DMCHBA,ideal,1.0,19,361,4,0.1,36,,,dmchba_topk_10,/home/agxorin/topk_filter_study/simulator/scenarios/final_trial_500.csv,clue_search,00,52,41,50,3,0,0,0,108,52,56,108,0,86,clue:4;collision_intent:52;state:52,317,0,completed
277,dcta_parity_v1,topk_filter,aa0724188407797eae5187348bee11ee9f51317c4e8a201863b052786aa2f1df,823213c90703fd83224ad7122ee730ba64af3769ea517af252103bddd907f681,DMCHBA,ideal,1.0,19,361,4,0.1,36,,,dmchba_topk_10,/home/agxorin/topk_filter_study/simulator/scenarios/final_trial_500.csv,clue_search,01,51,41,42,10,0,0,0,106,51,55,106,0,86,clue:4;collision_intent:51;state:51,321,0,completed
277,dcta_parity_v1,topk_filter,aa0724188407797eae5187348bee11ee9f51317c4e8a201863b052786aa2f1df,823213c90703fd83224ad7122ee730ba64af3769ea517af252103bddd907f681,DMCHBA,ideal,1.0,19,361,4,0.1,36,,,dmchba_topk_10,/home/agxorin/topk_filter_study/simulator/scenarios/final_trial_500.csv,clue_search,02,51,40,50,2,0,0,0,107,52,55,107,0,85,clue:4;collision_intent:51;state:51;target:1,320,0,completed
277,dcta_parity_v1,topk_filter,aa0724188407797eae5187348bee11ee9f51317c4e8a201863b052786aa2f1df,823213c90703fd83224ad7122ee730ba64af3769ea517af252103bddd907f681,DMCHBA,ideal,1.0,19,361,4,0.1,36,,,dmchba_topk_10,/home/agxorin/topk_filter_study/simulator/scenarios/final_trial_500.csv,clue_search,03,51,41,46,6,0,0,0,106,51,55,106,0,86,clue:4;collision_intent:51;state:51,319,0,completed
278,dcta_parity_v1,topk_filter,aa0724188407797eae5187348bee11ee9f51317c4e8a201863b052786aa2f1df,823213c90703fd83224ad7122ee730ba64af3769ea517af252103bddd907f681,DMCHBA,ideal,1.0,19,361,4,0.1,36,,,dmchba_topk_10,/home/agxorin/topk_filter_study/simulator/scenarios/final_trial_500.csv,clue_search,00,22,16,22,1,0,0,0,46,23,23,46,0,34,clue:1;collision_intent:22;state:22;target:1,127,0,completed
278,dcta_parity_v1,topk_filter,aa0724188407797eae5187348bee11ee9f51317c4e8a201863b052786aa2f1df,823213c90703fd83224ad7122ee730ba64af3769ea517af252103bddd907f681,DMCHBA,ideal,1.0,19,361,4,0.1,36,,,dmchba_topk_10,/home/agxorin/topk_filter_study/simulator/scenarios/final_trial_500.csv,clue_search,01,21,16,20,2,0,0,0,43,21,22,43,0,33,clue:1;collision_intent:21;state:21,129,0,completed
278,dcta_parity_v1,topk_filter,aa0724188407797eae5187348bee11ee9f51317c4e8a201863b052786aa2f1df,823213c90703fd83224ad7122ee730ba64af3769ea517af252103bddd907f681,DMCHBA,ideal,1.0,19,361,4,0.1,36,,,dmchba_topk_10,/home/agxorin/topk_filter_study/simulator/scenarios/final_trial_500.csv,clue_search,02,21,15,19,3,0,0,0,43,21,22,43,0,31,clue:1;collision_intent:21;state:21,129,0,completed
278,dcta_parity_v1,topk_filter,aa0724188407797eae5187348bee11ee9f51317c4e8a201863b052786aa2f1df,823213c90703fd83224ad7122ee730ba64af3769ea517af252103bddd907f681,DMCHBA,ideal,1.0,19,361,4,0.1,36,,,dmchba_topk_10,/home/agxorin/topk_filter_study/simulator/scenarios/final_trial_500.csv,clue_search,03,20,14,20,1,0,0,0,41,20,21,41,0,29,clue:1;collision_intent:20;state:20,131,0,completed
279,dcta_parity_v1,topk_filter,aa0724188407797eae5187348bee11ee9f51317c4e8a201863b052786aa2f1df,823213c90703fd83224ad7122ee730ba64af3769ea517af252103bddd907f681,DMCHBA,ideal,1.0,19,361,4,0.1,36,,,dmchba_topk_10,/home/agxorin/topk_filter_study/simulator/scenarios/final_trial_500.csv,clue_search,00,51,40,51,1,0,0,0,106,52,54,106,0,84,clue:3;collision_intent:52;state:51,328,0,completed
279,dcta_parity_v1,topk_filter,aa0724188407797eae5187348bee11ee9f51317c4e8a201863b052786aa2f1df,823213c90703fd83224ad7122ee730ba64af3769ea517af252103bddd907f681,DMCHBA,ideal,1.0,19,361,4,0.1,36,,,dmchba_topk_10,/home/agxorin/topk_filter_study/simulator/scenarios/final_trial_500.csv,clue_search,01,53,42,46,8,0,0,0,110,54,56,110,0,88,clue:3;collision_intent:53;state:53;target:1,324,0,completed
279,dcta_parity_v1,topk_filter,aa0724188407797eae5187348bee11ee9f51317c4e8a201863b052786aa2f1df,823213c90703fd83224ad7122ee730ba64af3769ea517af252103bddd907f681,DMCHBA,ideal,1.0,19,361,4,0.1,36,,,dmchba_topk_10,/home/agxorin/topk_filter_study/simulator/scenarios/final_trial_500.csv,clue_search,02,51,40,45,7,0,2,1,108,54,54,108,0,86,clue:3;collision_intent:54;state:51,325,0,completed
279,dcta_parity_v1,topk_filter,aa0724188407797eae5187348bee11ee9f51317c4e8a201863b052786aa2f1df,823213c90703fd83224ad7122ee730ba64af3769ea517af252103bddd907f681,DMCHBA,ideal,1.0,19,361,4,0.1,36,,,dmchba_topk_10,/home/agxorin/topk_filter_study/simulator/scenarios/final_trial_500.csv,clue_search,03,53,42,47,7,0,1,1,110,54,56,110,0,88,clue:3;collision_intent:54;state:53,324,0,completed
280,dcta_parity_v1,topk_filter,aa0724188407797eae5187348bee11ee9f51317c4e8a201863b052786aa2f1df,823213c90703fd83224ad7122ee730ba64af3769ea517af252103bddd907f681,DMCHBA,ideal,1.0,19,361,4,0.1,36,,,dmchba_topk_10,/home/agxorin/topk_filter_study/simulator/scenarios/final_trial_500.csv,clue_search,00,41,11,41,1,0,0,0,83,41,42,83,0,23,clue:1;collision_intent:41;state:41,241,0,completed
280,dcta_parity_v1,topk_filter,aa0724188407797eae5187348bee11ee9f51317c4e8a201863b052786aa2f1df,823213c90703fd83224ad7122ee730ba64af3769ea517af252103bddd907f681,DMCHBA,ideal,1.0,19,361,4,0.1,36,,,dmchba_topk_10,/home/agxorin/topk_filter_study/simulator/scenarios/final_trial_500.csv,clue_search,01,40,10,38,3,0,0,0,81,40,41,81,0,21,clue:1;collision_intent:40;state:40,244,0,completed
280,dcta_parity_v1,topk_filter,aa0724188407797eae5187348bee11ee9f51317c4e8a201863b052786aa2f1df,823213c90703fd83224ad7122ee730ba64af3769ea517af252103bddd907f681,DMCHBA,ideal,1.0,19,361,4,0.1,36,,,dmchba_topk_10,/home/agxorin/topk_filter_study/simulator/scenarios/final_trial_500.csv,clue_search,02,40,10,40,1,0,1,1,83,42,41,83,0,23,clue:1;collision_intent:41;state:40;target:1,243,0,completed
280,dcta_parity_v1,topk_filter,aa0724188407797eae5187348bee11ee9f51317c4e8a201863b052786aa2f1df,823213c90703fd83224ad7122ee730ba64af3769ea517af252103bddd907f681,DMCHBA,ideal,1.0,19,361,4,0.1,36,,,dmchba_topk_10,/home/agxorin/topk_filter_study/simulator/scenarios/final_trial_500.csv,clue_search,03,39,9,40,0,0,0,0,79,39,40,79,0,19,clue:1;collision_intent:39;state:39,246,0,completed
281,dcta_parity_v1,topk_filter,aa0724188407797eae5187348bee11ee9f51317c4e8a201863b052786aa2f1df,823213c90703fd83224ad7122ee730ba64af3769ea517af252103bddd907f681,DMCHBA,ideal,1.0,19,361,4,0.1,36,,,dmchba_topk_10,/home/agxorin/topk_filter_study/simulator/scenarios/final_trial_500.csv,clue_search,00,29,27,21,9,0,0,0,61,29,32,61,0,57,clue:3;collision_intent:29;state:29,187,0,completed
281,dcta_parity_v1,topk_filter,aa0724188407797eae5187348bee11ee9f51317c4e8a201863b052786aa2f1df,823213c90703fd83224ad7122ee730ba64af3769ea517af252103bddd907f681,DMCHBA,ideal,1.0,19,361,4,0.1,36,,,dmchba_topk_10,/home/agxorin/topk_filter_study/simulator/scenarios/final_trial_500.csv,clue_search,01,29,27,28,2,0,0,0,62,30,32,62,0,58,clue:3;collision_intent:29;state:29;target:1,187,0,completed
281,dcta_parity_v1,topk_filter,aa0724188407797eae5187348bee11ee9f51317c4e8a201863b052786aa2f1df,823213c90703fd83224ad7122ee730ba64af3769ea517af252103bddd907f681,DMCHBA,ideal,1.0,19,361,4,0.1,36,,,dmchba_topk_10,/home/agxorin/topk_filter_study/simulator/scenarios/final_trial_500.csv,clue_search,02,29,27,19,11,0,0,0,62,30,32,62,0,58,clue:3;collision_intent:30;state:29,186,0,completed
281,dcta_parity_v1,topk_filter,aa0724188407797eae5187348bee11ee9f51317c4e8a201863b052786aa2f1df,823213c90703fd83224ad7122ee730ba64af3769ea517af252103bddd907f681,DMCHBA,ideal,1.0,19,361,4,0.1,36,,,dmchba_topk_10,/home/agxorin/topk_filter_study/simulator/scenarios/final_trial_500.csv,clue_search,03,30,28,19,12,0,1,1,64,31,33,64,0,60,clue:3;collision_intent:31;state:30,184,0,completed
282,dcta_parity_v1,topk_filter,aa0724188407797eae5187348bee11ee9f51317c4e8a201863b052786aa2f1df,823213c90703fd83224ad7122ee730ba64af3769ea517af252103bddd907f681,DMCHBA,ideal,1.0,19,361,4,0.1,36,,,dmchba_topk_10,/home/agxorin/topk_filter_study/simulator/scenarios/final_trial_500.csv,clue_search,00,24,5,25,0,0,0,0,50,24,26,50,0,12,clue:2;collision_intent:24;state:24,145,0,completed
282,dcta_parity_v1,topk_filter,aa0724188407797eae5187348bee11ee9f51317c4e8a201863b052786aa2f1df,823213c90703fd83224ad7122ee730ba64af3769ea517af252103bddd907f681,DMCHBA,ideal,1.0,19,361,4,0.1,36,,,dmchba_topk_10,/home/agxorin/topk_filter_study/simulator/scenarios/final_trial_500.csv,clue_search,01,23,4,24,0,0,0,0,48,23,25,48,0,10,clue:2;collision_intent:23;state:23,146,0,completed
282,dcta_parity_v1,topk_filter,aa0724188407797eae5187348bee11ee9f51317c4e8a201863b052786aa2f1df,823213c90703fd83224ad7122ee730ba64af3769ea517af252103bddd907f681,DMCHBA,ideal,1.0,19,361,4,0.1,36,,,dmchba_topk_10,/home/agxorin/topk_filter_study/simulator/scenarios/final_trial_500.csv,clue_search,02,23,4,24,0,0,0,0,48,23,25,48,0,10,clue:2;collision_intent:23;state:23,146,0,completed
282,dcta_parity_v1,topk_filter,aa0724188407797eae5187348bee11ee9f51317c4e8a201863b052786aa2f1df,823213c90703fd83224ad7122ee730ba64af3769ea517af252103bddd907f681,DMCHBA,ideal,1.0,19,361,4,0.1,36,,,dmchba_topk_10,/home/agxorin/topk_filter_study/simulator/scenarios/final_trial_500.csv,clue_search,03,23,4,24,0,0,0,0,49,24,25,49,0,11,clue:2;collision_intent:23;state:23;target:1,146,0,completed
283,dcta_parity_v1,topk_filter,aa0724188407797eae5187348bee11ee9f51317c4e8a201863b052786aa2f1df,823213c90703fd83224ad7122ee730ba64af3769ea517af252103bddd907f681,DMCHBA,ideal,1.0,19,361,4,0.1,36,,,dmchba_topk_10,/home/agxorin/topk_filter_study/simulator/scenarios/final_trial_500.csv,clue_search,00,45,43,40,6,0,0,0,93,45,48,93,0,89,clue:3;collision_intent:45;state:45,278,0,completed
283,dcta_parity_v1,topk_filter,aa0724188407797eae5187348bee11ee9f51317c4e8a201863b052786aa2f1df,823213c90703fd83224ad7122ee730ba64af3769ea517af252103bddd907f681,DMCHBA,ideal,1.0,19,361,4,0.1,36,,,dmchba_topk_10,/home/agxorin/topk_filter_study/simulator/scenarios/final_trial_500.csv,clue_search,01,44,43,27,18,0,2,1,93,46,47,93,0,90,clue:3;collision_intent:46;state:44,276,0,completed
283,dcta_parity_v1,topk_filter,aa0724188407797eae5187348bee11ee9f51317c4e8a201863b052786aa2f1df,823213c90703fd83224ad7122ee730ba64af3769ea517af252103bddd907f681,DMCHBA,ideal,1.0,19,361,4,0.1,36,,,dmchba_topk_10,/home/agxorin/topk_filter_study/simulator/scenarios/final_trial_500.csv,clue_search,02,44,42,44,1,0,0,0,91,44,47,91,0,87,clue:3;collision_intent:44;state:44,280,0,completed
283,dcta_parity_v1,topk_filter,aa0724188407797eae5187348bee11ee9f51317c4e8a201863b052786aa2f1df,823213c90703fd83224ad7122ee730ba64af3769ea517af252103bddd907f681,DMCHBA,ideal,1.0,19,361,4,0.1,36,,,dmchba_topk_10,/home/agxorin/topk_filter_study/simulator/scenarios/final_trial_500.csv,clue_search,03,45,43,37,9,0,0,0,94,46,48,94,0,90,clue:3;collision_intent:45;state:45;target:1,277,0,completed
284,dcta_parity_v1,topk_filter,aa0724188407797eae5187348bee11ee9f51317c4e8a201863b052786aa2f1df,823213c90703fd83224ad7122ee730ba64af3769ea517af252103bddd907f681,DMCHBA,ideal,1.0,19,361,4,0.1,36,,,dmchba_topk_10,/home/agxorin/topk_filter_study/simulator/scenarios/final_trial_500.csv,clue_search,00,103,82,90,14,0,0,0,210,103,107,210,0,168,clue:4;collision_intent:103;state:103,633,0,completed
284,dcta_parity_v1,topk_filter,aa0724188407797eae5187348bee11ee9f51317c4e8a201863b052786aa2f1df,823213c90703fd83224ad7122ee730ba64af3769ea517af252103bddd907f681,DMCHBA,ideal,1.0,19,361,4,0.1,36,,,dmchba_topk_10,/home/agxorin/topk_filter_study/simulator/scenarios/final_trial_500.csv,clue_search,01,103,83,78,26,0,0,0,211,104,107,211,0,171,clue:4;collision_intent:103;state:103;target:1,632,0,completed
284,dcta_parity_v1,topk_filter,aa0724188407797eae5187348bee11ee9f51317c4e8a201863b052786aa2f1df,823213c90703fd83224ad7122ee730ba64af3769ea517af252103bddd907f681,DMCHBA,ideal,1.0,19,361,4,0.1,36,,,dmchba_topk_10,/home/agxorin/topk_filter_study/simulator/scenarios/final_trial_500.csv,clue_search,02,102,81,69,34,0,1,1,209,103,106,209,0,167,clue:4;collision_intent:103;state:102,633,0,completed
284,dcta_parity_v1,topk_filter,aa0724188407797eae5187348bee11ee9f51317c4e8a201863b052786aa2f1df,823213c90703fd83224ad7122ee730ba64af3769ea517af252103bddd907f681,DMCHBA,ideal,1.0,19,361,4,0.1,36,,,dmchba_topk_10,/home/agxorin/topk_filter_study/simulator/scenarios/final_trial_500.csv,clue_search,03,104,83,97,8,0,1,1,213,105,108,213,0,171,clue:4;collision_intent:105;state:104,629,0,completed
285,dcta_parity_v1,topk_filter,aa0724188407797eae5187348bee11ee9f51317c4e8a201863b052786aa2f1df,823213c90703fd83224ad7122ee730ba64af3769ea517af252103bddd907f681,DMCHBA,ideal,1.0,19,361,4,0.1,36,,,dmchba_topk_10,/home/agxorin/topk_filter_study/simulator/scenarios/final_trial_500.csv,clue_search,00,26,16,27,0,0,0,0,53,26,27,53,0,33,clue:1;collision_intent:26;state:26,158,0,completed
285,dcta_parity_v1,topk_filter,aa0724188407797eae5187348bee11ee9f51317c4e8a201863b052786aa2f1df,823213c90703fd83224ad7122ee730ba64af3769ea517af252103bddd907f681,DMCHBA,ideal,1.0,19,361,4,0.1,36,,,dmchba_topk_10,/home/agxorin/topk_filter_study/simulator/scenarios/final_trial_500.csv,clue_search,01,25,15,24,2,0,0,0,51,25,26,51,0,31,clue:1;collision_intent:25;state:25,160,0,completed
285,dcta_parity_v1,topk_filter,aa0724188407797eae5187348bee11ee9f51317c4e8a201863b052786aa2f1df,823213c90703fd83224ad7122ee730ba64af3769ea517af252103bddd907f681,DMCHBA,ideal,1.0,19,361,4,0.1,36,,,dmchba_topk_10,/home/agxorin/topk_filter_study/simulator/scenarios/final_trial_500.csv,clue_search,02,26,15,27,0,0,0,0,53,26,27,53,0,31,clue:1;collision_intent:26;state:26,158,0,completed
285,dcta_parity_v1,topk_filter,aa0724188407797eae5187348bee11ee9f51317c4e8a201863b052786aa2f1df,823213c90703fd83224ad7122ee730ba64af3769ea517af252103bddd907f681,DMCHBA,ideal,1.0,19,361,4,0.1,36,,,dmchba_topk_10,/home/agxorin/topk_filter_study/simulator/scenarios/final_trial_500.csv,clue_search,03,26,16,23,4,0,0,0,54,27,27,54,0,34,clue:1;collision_intent:26;state:26;target:1,157,0,completed
286,dcta_parity_v1,topk_filter,aa0724188407797eae5187348bee11ee9f51317c4e8a201863b052786aa2f1df,823213c90703fd83224ad7122ee730ba64af3769ea517af252103bddd907f681,DMCHBA,ideal,1.0,19,361,4,0.1,36,,,dmchba_topk_10,/home/agxorin/topk_filter_study/simulator/scenarios/final_trial_500.csv,clue_search,00,19,9,20,0,0,0,0,40,20,20,40,0,20,clue:1;collision_intent:19;state:19;target:1,111,0,completed
286,dcta_parity_v1,topk_filter,aa0724188407797eae5187348bee11ee9f51317c4e8a201863b052786aa2f1df,823213c90703fd83224ad7122ee730ba64af3769ea517af252103bddd907f681,DMCHBA,ideal,1.0,19,361,4,0.1,36,,,dmchba_topk_10,/home/agxorin/topk_filter_study/simulator/scenarios/final_trial_500.csv,clue_search,01,18,8,17,2,0,1,1,38,19,19,38,0,18,clue:1;collision_intent:19;state:18,113,0,completed
286,dcta_parity_v1,topk_filter,aa0724188407797eae5187348bee11ee9f51317c4e8a201863b052786aa2f1df,823213c90703fd83224ad7122ee730ba64af3769ea517af252103bddd907f681,DMCHBA,ideal,1.0,19,361,4,0.1,36,,,dmchba_topk_10,/home/agxorin/topk_filter_study/simulator/scenarios/final_trial_500.csv,clue_search,02,18,8,19,0,0,0,0,37,18,19,37,0,17,clue:1;collision_intent:18;state:18,113,0,completed
286,dcta_parity_v1,topk_filter,aa0724188407797eae5187348bee11ee9f51317c4e8a201863b052786aa2f1df,823213c90703fd83224ad7122ee730ba64af3769ea517af252103bddd907f681,DMCHBA,ideal,1.0,19,361,4,0.1,36,,,dmchba_topk_10,/home/agxorin/topk_filter_study/simulator/scenarios/final_trial_500.csv,clue_search,03,17,7,18,0,0,0,0,36,18,18,36,0,16,clue:1;collision_intent:18;state:17,114,0,completed
287,dcta_parity_v1,topk_filter,aa0724188407797eae5187348bee11ee9f51317c4e8a201863b052786aa2f1df,823213c90703fd83224ad7122ee730ba64af3769ea517af252103bddd907f681,DMCHBA,ideal,1.0,19,361,4,0.1,36,,,dmchba_topk_10,/home/agxorin/topk_filter_study/simulator/scenarios/final_trial_500.csv,clue_search,00,67,62,51,17,0,0,0,138,68,70,138,0,128,clue:3;collision_intent:67;state:67;target:1,407,0,completed
287,dcta_parity_v1,topk_filter,aa0724188407797eae5187348bee11ee9f51317c4e8a201863b052786aa2f1df,823213c90703fd83224ad7122ee730ba64af3769ea517af252103bddd907f681,DMCHBA,ideal,1.0,19,361,4,0.1,36,,,dmchba_topk_10,/home/agxorin/topk_filter_study/simulator/scenarios/final_trial_500.csv,clue_search,01,66,61,60,7,0,0,0,135,66,69,135,0,125,clue:3;collision_intent:66;state:66,409,0,completed
287,dcta_parity_v1,topk_filter,aa0724188407797eae5187348bee11ee9f51317c4e8a201863b052786aa2f1df,823213c90703fd83224ad7122ee730ba64af3769ea517af252103bddd907f681,DMCHBA,ideal,1.0,19,361,4,0.1,36,,,dmchba_topk_10,/home/agxorin/topk_filter_study/simulator/scenarios/final_trial_500.csv,clue_search,02,67,62,50,18,0,0,0,137,67,70,137,0,127,clue:3;collision_intent:67;state:67,407,0,completed
287,dcta_parity_v1,topk_filter,aa0724188407797eae5187348bee11ee9f51317c4e8a201863b052786aa2f1df,823213c90703fd83224ad7122ee730ba64af3769ea517af252103bddd907f681,DMCHBA,ideal,1.0,19,361,4,0.1,36,,,dmchba_topk_10,/home/agxorin/topk_filter_study/simulator/scenarios/final_trial_500.csv,clue_search,03,66,62,60,7,0,0,0,135,66,69,135,0,127,clue:3;collision_intent:66;state:66,409,0,completed
288,dcta_parity_v1,topk_filter,aa0724188407797eae5187348bee11ee9f51317c4e8a201863b052786aa2f1df,823213c90703fd83224ad7122ee730ba64af3769ea517af252103bddd907f681,DMCHBA,ideal,1.0,19,361,4,0.1,36,,,dmchba_topk_10,/home/agxorin/topk_filter_study/simulator/scenarios/final_trial_500.csv,clue_search,00,36,33,32,5,0,0,0,76,37,39,76,0,70,clue:3;collision_intent:36;state:36;target:1,229,0,completed
288,dcta_parity_v1,topk_filter,aa0724188407797eae5187348bee11ee9f51317c4e8a201863b052786aa2f1df,823213c90703fd83224ad7122ee730ba64af3769ea517af252103bddd907f681,DMCHBA,ideal,1.0,19,361,4,0.1,36,,,dmchba_topk_10,/home/agxorin/topk_filter_study/simulator/scenarios/final_trial_500.csv,clue_search,01,35,33,33,3,0,0,0,73,35,38,73,0,69,clue:3;collision_intent:35;state:35,231,0,completed
288,dcta_parity_v1,topk_filter,aa0724188407797eae5187348bee11ee9f51317c4e8a201863b052786aa2f1df,823213c90703fd83224ad7122ee730ba64af3769ea517af252103bddd907f681,DMCHBA,ideal,1.0,19,361,4,0.1,36,,,dmchba_topk_10,/home/agxorin/topk_filter_study/simulator/scenarios/final_trial_500.csv,clue_search,02,37,35,33,5,0,0,0,77,37,40,77,0,73,clue:3;collision_intent:37;state:37,227,0,completed
288,dcta_parity_v1,topk_filter,aa0724188407797eae5187348bee11ee9f51317c4e8a201863b052786aa2f1df,823213c90703fd83224ad7122ee730ba64af3769ea517af252103bddd907f681,DMCHBA,ideal,1.0,19,361,4,0.1,36,,,dmchba_topk_10,/home/agxorin/topk_filter_study/simulator/scenarios/final_trial_500.csv,clue_search,03,38,36,26,13,0,0,0,79,38,41,79,0,75,clue:3;collision_intent:38;state:38,225,0,completed
289,dcta_parity_v1,topk_filter,aa0724188407797eae5187348bee11ee9f51317c4e8a201863b052786aa2f1df,823213c90703fd83224ad7122ee730ba64af3769ea517af252103bddd907f681,DMCHBA,ideal,1.0,19,361,4,0.1,36,,,dmchba_topk_10,/home/agxorin/topk_filter_study/simulator/scenarios/final_trial_500.csv,clue_search,00,2,2,3,0,0,0,0,5,2,3,5,0,5,clue:1;collision_intent:2;state:2,19,0,completed
289,dcta_parity_v1,topk_filter,aa0724188407797eae5187348bee11ee9f51317c4e8a201863b052786aa2f1df,823213c90703fd83224ad7122ee730ba64af3769ea517af252103bddd907f681,DMCHBA,ideal,1.0,19,361,4,0.1,36,,,dmchba_topk_10,/home/agxorin/topk_filter_study/simulator/scenarios/final_trial_500.csv,clue_search,01,3,3,4,0,0,0,0,8,4,4,8,0,8,clue:1;collision_intent:3;state:3;target:1,17,0,completed
289,dcta_parity_v1,topk_filter,aa0724188407797eae5187348bee11ee9f51317c4e8a201863b052786aa2f1df,823213c90703fd83224ad7122ee730ba64af3769ea517af252103bddd907f681,DMCHBA,ideal,1.0,19,361,4,0.1,36,,,dmchba_topk_10,/home/agxorin/topk_filter_study/simulator/scenarios/final_trial_500.csv,clue_search,02,3,3,4,0,0,0,0,7,3,4,7,0,7,clue:1;collision_intent:3;state:3,17,0,completed
289,dcta_parity_v1,topk_filter,aa0724188407797eae5187348bee11ee9f51317c4e8a201863b052786aa2f1df,823213c90703fd83224ad7122ee730ba64af3769ea517af252103bddd907f681,DMCHBA,ideal,1.0,19,361,4,0.1,36,,,dmchba_topk_10,/home/agxorin/topk_filter_study/simulator/scenarios/final_trial_500.csv,clue_search,03,2,2,3,0,0,0,0,5,2,3,5,0,5,clue:1;collision_intent:2;state:2,19,0,completed
290,dcta_parity_v1,topk_filter,aa0724188407797eae5187348bee11ee9f51317c4e8a201863b052786aa2f1df,823213c90703fd83224ad7122ee730ba64af3769ea517af252103bddd907f681,DMCHBA,ideal,1.0,19,361,4,0.1,36,,,dmchba_topk_10,/home/agxorin/topk_filter_study/simulator/scenarios/final_trial_500.csv,clue_search,00,6,0,7,0,0,0,0,12,6,6,12,0,0,collision_intent:6;state:6,35,0,completed
290,dcta_parity_v1,topk_filter,aa0724188407797eae5187348bee11ee9f51317c4e8a201863b052786aa2f1df,823213c90703fd83224ad7122ee730ba64af3769ea517af252103bddd907f681,DMCHBA,ideal,1.0,19,361,4,0.1,36,,,dmchba_topk_10,/home/agxorin/topk_filter_study/simulator/scenarios/final_trial_500.csv,clue_search,01,6,0,7,0,0,0,0,13,7,6,13,0,0,collision_intent:6;state:6;target:1,36,0,completed
290,dcta_parity_v1,topk_filter,aa0724188407797eae5187348bee11ee9f51317c4e8a201863b052786aa2f1df,823213c90703fd83224ad7122ee730ba64af3769ea517af252103bddd907f681,DMCHBA,ideal,1.0,19,361,4,0.1,36,,,dmchba_topk_10,/home/agxorin/topk_filter_study/simulator/scenarios/final_trial_500.csv,clue_search,02,6,0,7,0,0,0,0,12,6,6,12,0,0,collision_intent:6;state:6,36,0,completed
290,dcta_parity_v1,topk_filter,aa0724188407797eae5187348bee11ee9f51317c4e8a201863b052786aa2f1df,823213c90703fd83224ad7122ee730ba64af3769ea517af252103bddd907f681,DMCHBA,ideal,1.0,19,361,4,0.1,36,,,dmchba_topk_10,/home/agxorin/topk_filter_study/simulator/scenarios/final_trial_500.csv,clue_search,03,6,0,7,0,0,0,0,12,6,6,12,0,0,collision_intent:6;state:6,36,0,completed
291,dcta_parity_v1,topk_filter,aa0724188407797eae5187348bee11ee9f51317c4e8a201863b052786aa2f1df,823213c90703fd83224ad7122ee730ba64af3769ea517af252103bddd907f681,DMCHBA,ideal,1.0,19,361,4,0.1,36,,,dmchba_topk_10,/home/agxorin/topk_filter_study/simulator/scenarios/final_trial_500.csv,clue_search,00,57,37,46,12,0,1,1,118,59,59,118,0,78,clue:2;collision_intent:58;state:57;target:1,344,0,completed
291,dcta_parity_v1,topk_filter,aa0724188407797eae5187348bee11ee9f51317c4e8a201863b052786aa2f1df,823213c90703fd83224ad7122ee730ba64af3769ea517af252103bddd907f681,DMCHBA,ideal,1.0,19,361,4,0.1,36,,,dmchba_topk_10,/home/agxorin/topk_filter_study/simulator/scenarios/final_trial_500.csv,clue_search,01,55,35,51,5,0,0,0,113,56,57,113,0,73,clue:2;collision_intent:56;state:55,349,0,completed
291,dcta_parity_v1,topk_filter,aa0724188407797eae5187348bee11ee9f51317c4e8a201863b052786aa2f1df,823213c90703fd83224ad7122ee730ba64af3769ea517af252103bddd907f681,DMCHBA,ideal,1.0,19,361,4,0.1,36,,,dmchba_topk_10,/home/agxorin/topk_filter_study/simulator/scenarios/final_trial_500.csv,clue_search,02,56,36,54,3,0,0,0,114,56,58,114,0,74,clue:2;collision_intent:56;state:56,347,0,completed
291,dcta_parity_v1,topk_filter,aa0724188407797eae5187348bee11ee9f51317c4e8a201863b052786aa2f1df,823213c90703fd83224ad7122ee730ba64af3769ea517af252103bddd907f681,DMCHBA,ideal,1.0,19,361,4,0.1,36,,,dmchba_topk_10,/home/agxorin/topk_filter_study/simulator/scenarios/final_trial_500.csv,clue_search,03,57,36,48,10,0,1,1,117,58,59,117,0,75,clue:2;collision_intent:58;state:57,343,0,completed
292,dcta_parity_v1,topk_filter,aa0724188407797eae5187348bee11ee9f51317c4e8a201863b052786aa2f1df,823213c90703fd83224ad7122ee730ba64af3769ea517af252103bddd907f681,DMCHBA,ideal,1.0,19,361,4,0.1,36,,,dmchba_topk_10,/home/agxorin/topk_filter_study/simulator/scenarios/final_trial_500.csv,clue_search,00,11,0,12,0,0,0,0,23,12,11,23,0,0,collision_intent:11;state:11;target:1,62,0,completed
292,dcta_parity_v1,topk_filter,aa0724188407797eae5187348bee11ee9f51317c4e8a201863b052786aa2f1df,823213c90703fd83224ad7122ee730ba64af3769ea517af252103bddd907f681,DMCHBA,ideal,1.0,19,361,4,0.1,36,,,dmchba_topk_10,/home/agxorin/topk_filter_study/simulator/scenarios/final_trial_500.csv,clue_search,01,10,0,11,0,0,0,0,20,10,10,20,0,0,collision_intent:10;state:10,64,0,completed
292,dcta_parity_v1,topk_filter,aa0724188407797eae5187348bee11ee9f51317c4e8a201863b052786aa2f1df,823213c90703fd83224ad7122ee730ba64af3769ea517af252103bddd907f681,DMCHBA,ideal,1.0,19,361,4,0.1,36,,,dmchba_topk_10,/home/agxorin/topk_filter_study/simulator/scenarios/final_trial_500.csv,clue_search,02,11,0,12,0,0,0,0,22,11,11,22,0,0,collision_intent:11;state:11,61,0,completed
292,dcta_parity_v1,topk_filter,aa0724188407797eae5187348bee11ee9f51317c4e8a201863b052786aa2f1df,823213c90703fd83224ad7122ee730ba64af3769ea517af252103bddd907f681,DMCHBA,ideal,1.0,19,361,4,0.1,36,,,dmchba_topk_10,/home/agxorin/topk_filter_study/simulator/scenarios/final_trial_500.csv,clue_search,03,10,0,11,0,0,0,0,20,10,10,20,0,0,collision_intent:10;state:10,63,0,completed
293,dcta_parity_v1,topk_filter,aa0724188407797eae5187348bee11ee9f51317c4e8a201863b052786aa2f1df,823213c90703fd83224ad7122ee730ba64af3769ea517af252103bddd907f681,DMCHBA,ideal,1.0,19,361,4,0.1,36,,,dmchba_topk_10,/home/agxorin/topk_filter_study/simulator/scenarios/final_trial_500.csv,clue_search,00,78,68,74,5,0,1,1,161,79,82,161,0,141,clue:4;collision_intent:79;state:78,480,0,completed
293,dcta_parity_v1,topk_filter,aa0724188407797eae5187348bee11ee9f51317c4e8a201863b052786aa2f1df,823213c90703fd83224ad7122ee730ba64af3769ea517af252103bddd907f681,DMCHBA,ideal,1.0,19,361,4,0.1,36,,,dmchba_topk_10,/home/agxorin/topk_filter_study/simulator/scenarios/final_trial_500.csv,clue_search,01,79,69,70,10,0,0,0,162,79,83,162,0,142,clue:4;collision_intent:79;state:79,479,0,completed
293,dcta_parity_v1,topk_filter,aa0724188407797eae5187348bee11ee9f51317c4e8a201863b052786aa2f1df,823213c90703fd83224ad7122ee730ba64af3769ea517af252103bddd907f681,DMCHBA,ideal,1.0,19,361,4,0.1,36,,,dmchba_topk_10,/home/agxorin/topk_filter_study/simulator/scenarios/final_trial_500.csv,clue_search,02,77,67,72,6,0,0,0,158,77,81,158,0,138,clue:4;collision_intent:77;state:77,483,0,completed
293,dcta_parity_v1,topk_filter,aa0724188407797eae5187348bee11ee9f51317c4e8a201863b052786aa2f1df,823213c90703fd83224ad7122ee730ba64af3769ea517af252103bddd907f681,DMCHBA,ideal,1.0,19,361,4,0.1,36,,,dmchba_topk_10,/home/agxorin/topk_filter_study/simulator/scenarios/final_trial_500.csv,clue_search,03,78,68,63,16,0,0,0,161,79,82,161,0,141,clue:4;collision_intent:78;state:78;target:1,481,0,completed
294,dcta_parity_v1,topk_filter,aa0724188407797eae5187348bee11ee9f51317c4e8a201863b052786aa2f1df,823213c90703fd83224ad7122ee730ba64af3769ea517af252103bddd907f681,DMCHBA,ideal,1.0,19,361,4,0.1,36,,,dmchba_topk_10,/home/agxorin/topk_filter_study/simulator/scenarios/final_trial_500.csv,clue_search,00,61,0,62,0,0,0,0,123,61,62,123,0,1,clue:1;collision_intent:61;state:61,367,0,completed
294,dcta_parity_v1,topk_filter,aa0724188407797eae5187348bee11ee9f51317c4e8a201863b052786aa2f1df,823213c90703fd83224ad7122ee730ba64af3769ea517af252103bddd907f681,DMCHBA,ideal,1.0,19,361,4,0.1,36,,,dmchba_topk_10,/home/agxorin/topk_filter_study/simulator/scenarios/final_trial_500.csv,clue_search,01,61,1,60,2,0,0,0,124,62,62,124,0,4,clue:1;collision_intent:61;state:61;target:1,368,0,completed
294,dcta_parity_v1,topk_filter,aa0724188407797eae5187348bee11ee9f51317c4e8a201863b052786aa2f1df,823213c90703fd83224ad7122ee730ba64af3769ea517af252103bddd907f681,DMCHBA,ideal,1.0,19,361,4,0.1,36,,,dmchba_topk_10,/home/agxorin/topk_filter_study/simulator/scenarios/final_trial_500.csv,clue_search,02,61,1,60,2,0,0,0,123,61,62,123,0,2,clue:1;collision_intent:61;state:61,368,0,completed
294,dcta_parity_v1,topk_filter,aa0724188407797eae5187348bee11ee9f51317c4e8a201863b052786aa2f1df,823213c90703fd83224ad7122ee730ba64af3769ea517af252103bddd907f681,DMCHBA,ideal,1.0,19,361,4,0.1,36,,,dmchba_topk_10,/home/agxorin/topk_filter_study/simulator/scenarios/final_trial_500.csv,clue_search,03,60,0,61,0,0,0,0,122,61,61,122,0,2,clue:1;collision_intent:61;state:60,368,0,completed
295,dcta_parity_v1,topk_filter,aa0724188407797eae5187348bee11ee9f51317c4e8a201863b052786aa2f1df,823213c90703fd83224ad7122ee730ba64af3769ea517af252103bddd907f681,DMCHBA,ideal,1.0,19,361,4,0.1,36,,,dmchba_topk_10,/home/agxorin/topk_filter_study/simulator/scenarios/final_trial_500.csv,clue_search,00,36,22,36,1,0,0,0,75,36,39,75,0,47,clue:3;collision_intent:36;state:36,223,0,completed
295,dcta_parity_v1,topk_filter,aa0724188407797eae5187348bee11ee9f51317c4e8a201863b052786aa2f1df,823213c90703fd83224ad7122ee730ba64af3769ea517af252103bddd907f681,DMCHBA,ideal,1.0,19,361,4,0.1,36,,,dmchba_topk_10,/home/agxorin/topk_filter_study/simulator/scenarios/final_trial_500.csv,clue_search,01,36,23,31,6,0,0,0,76,37,39,76,0,50,clue:3;collision_intent:36;state:36;target:1,222,0,completed
295,dcta_parity_v1,topk_filter,aa0724188407797eae5187348bee11ee9f51317c4e8a201863b052786aa2f1df,823213c90703fd83224ad7122ee730ba64af3769ea517af252103bddd907f681,DMCHBA,ideal,1.0,19,361,4,0.1,36,,,dmchba_topk_10,/home/agxorin/topk_filter_study/simulator/scenarios/final_trial_500.csv,clue_search,02,35,21,34,2,0,0,0,73,35,38,73,0,45,clue:3;collision_intent:35;state:35,225,0,completed
295,dcta_parity_v1,topk_filter,aa0724188407797eae5187348bee11ee9f51317c4e8a201863b052786aa2f1df,823213c90703fd83224ad7122ee730ba64af3769ea517af252103bddd907f681,DMCHBA,ideal,1.0,19,361,4,0.1,36,,,dmchba_topk_10,/home/agxorin/topk_filter_study/simulator/scenarios/final_trial_500.csv,clue_search,03,35,22,33,3,0,0,0,74,36,38,74,0,48,clue:3;collision_intent:36;state:35,222,0,completed
296,dcta_parity_v1,topk_filter,aa0724188407797eae5187348bee11ee9f51317c4e8a201863b052786aa2f1df,823213c90703fd83224ad7122ee730ba64af3769ea517af252103bddd907f681,DMCHBA,ideal,1.0,19,361,4,0.1,36,,,dmchba_topk_10,/home/agxorin/topk_filter_study/simulator/scenarios/final_trial_500.csv,clue_search,00,77,60,67,11,0,0,0,157,77,80,157,0,123,clue:3;collision_intent:77;state:77,467,0,completed
296,dcta_parity_v1,topk_filter,aa0724188407797eae5187348bee11ee9f51317c4e8a201863b052786aa2f1df,823213c90703fd83224ad7122ee730ba64af3769ea517af252103bddd907f681,DMCHBA,ideal,1.0,19,361,4,0.1,36,,,dmchba_topk_10,/home/agxorin/topk_filter_study/simulator/scenarios/final_trial_500.csv,clue_search,01,76,60,72,5,0,0,0,155,76,79,155,0,123,clue:3;collision_intent:76;state:76,469,0,completed
296,dcta_parity_v1,topk_filter,aa0724188407797eae5187348bee11ee9f51317c4e8a201863b052786aa2f1df,823213c90703fd83224ad7122ee730ba64af3769ea517af252103bddd907f681,DMCHBA,ideal,1.0,19,361,4,0.1,36,,,dmchba_topk_10,/home/agxorin/topk_filter_study/simulator/scenarios/final_trial_500.csv,clue_search,02,76,59,60,17,0,1,1,156,77,79,156,0,122,clue:3;collision_intent:77;state:76,468,0,completed
296,dcta_parity_v1,topk_filter,aa0724188407797eae5187348bee11ee9f51317c4e8a201863b052786aa2f1df,823213c90703fd83224ad7122ee730ba64af3769ea517af252103bddd907f681,DMCHBA,ideal,1.0,19,361,4,0.1,36,,,dmchba_topk_10,/home/agxorin/topk_filter_study/simulator/scenarios/final_trial_500.csv,clue_search,03,77,61,75,3,0,0,0,158,78,80,158,0,125,clue:3;collision_intent:77;state:77;target:1,468,0,completed
297,dcta_parity_v1,topk_filter,aa0724188407797eae5187348bee11ee9f51317c4e8a201863b052786aa2f1df,823213c90703fd83224ad7122ee730ba64af3769ea517af252103bddd907f681,DMCHBA,ideal,1.0,19,361,4,0.1,36,,,dmchba_topk_10,/home/agxorin/topk_filter_study/simulator/scenarios/final_trial_500.csv,clue_search,00,74,74,75,0,0,0,0,152,75,77,152,0,152,clue:3;collision_intent:74;state:74;target:1,470,0,completed
297,dcta_parity_v1,topk_filter,aa0724188407797eae5187348bee11ee9f51317c4e8a201863b052786aa2f1df,823213c90703fd83224ad7122ee730ba64af3769ea517af252103bddd907f681,DMCHBA,ideal,1.0,19,361,4,0.1,36,,,dmchba_topk_10,/home/agxorin/topk_filter_study/simulator/scenarios/final_trial_500.csv,clue_search,01,75,75,72,4,0,3,3,156,78,78,156,0,156,clue:3;collision_intent:78;state:75,464,0,completed
297,dcta_parity_v1,topk_filter,aa0724188407797eae5187348bee11ee9f51317c4e8a201863b052786aa2f1df,823213c90703fd83224ad7122ee730ba64af3769ea517af252103bddd907f681,DMCHBA,ideal,1.0,19,361,4,0.1,36,,,dmchba_topk_10,/home/agxorin/topk_filter_study/simulator/scenarios/final_trial_500.csv,clue_search,02,76,76,57,20,0,4,3,159,80,79,159,0,159,clue:3;collision_intent:80;state:76,462,0,completed
297,dcta_parity_v1,topk_filter,aa0724188407797eae5187348bee11ee9f51317c4e8a201863b052786aa2f1df,823213c90703fd83224ad7122ee730ba64af3769ea517af252103bddd907f681,DMCHBA,ideal,1.0,19,361,4,0.1,36,,,dmchba_topk_10,/home/agxorin/topk_filter_study/simulator/scenarios/final_trial_500.csv,clue_search,03,76,76,55,22,0,0,0,155,76,79,155,0,155,clue:3;collision_intent:76;state:76,466,0,completed
298,dcta_parity_v1,topk_filter,aa0724188407797eae5187348bee11ee9f51317c4e8a201863b052786aa2f1df,823213c90703fd83224ad7122ee730ba64af3769ea517af252103bddd907f681,DMCHBA,ideal,1.0,19,361,4,0.1,36,,,dmchba_topk_10,/home/agxorin/topk_filter_study/simulator/scenarios/final_trial_500.csv,clue_search,00,37,29,38,0,0,0,0,76,37,39,76,0,60,clue:2;collision_intent:37;state:37,242,0,completed
298,dcta_parity_v1,topk_filter,aa0724188407797eae5187348bee11ee9f51317c4e8a201863b052786aa2f1df,823213c90703fd83224ad7122ee730ba64af3769ea517af252103bddd907f681,DMCHBA,ideal,1.0,19,361,4,0.1,36,,,dmchba_topk_10,/home/agxorin/topk_filter_study/simulator/scenarios/final_trial_500.csv,clue_search,01,38,31,32,7,0,0,0,79,39,40,79,0,65,clue:2;collision_intent:39;state:38,237,0,completed
298,dcta_parity_v1,topk_filter,aa0724188407797eae5187348bee11ee9f51317c4e8a201863b052786aa2f1df,823213c90703fd83224ad7122ee730ba64af3769ea517af252103bddd907f681,DMCHBA,ideal,1.0,19,361,4,0.1,36,,,dmchba_topk_10,/home/agxorin/topk_filter_study/simulator/scenarios/final_trial_500.csv,clue_search,02,39,32,39,1,0,1,1,82,41,41,82,0,68,clue:2;collision_intent:40;state:39;target:1,236,0,completed
298,dcta_parity_v1,topk_filter,aa0724188407797eae5187348bee11ee9f51317c4e8a201863b052786aa2f1df,823213c90703fd83224ad7122ee730ba64af3769ea517af252103bddd907f681,DMCHBA,ideal,1.0,19,361,4,0.1,36,,,dmchba_topk_10,/home/agxorin/topk_filter_study/simulator/scenarios/final_trial_500.csv,clue_search,03,39,32,35,5,0,0,0,81,40,41,81,0,67,clue:2;collision_intent:40;state:39,235,0,completed
299,dcta_parity_v1,topk_filter,aa0724188407797eae5187348bee11ee9f51317c4e8a201863b052786aa2f1df,823213c90703fd83224ad7122ee730ba64af3769ea517af252103bddd907f681,DMCHBA,ideal,1.0,19,361,4,0.1,36,,,dmchba_topk_10,/home/agxorin/topk_filter_study/simulator/scenarios/final_trial_500.csv,clue_search,00,6,0,7,0,0,0,0,13,7,6,13,0,0,collision_intent:6;state:6;target:1,32,0,completed
299,dcta_parity_v1,topk_filter,aa0724188407797eae5187348bee11ee9f51317c4e8a201863b052786aa2f1df,823213c90703fd83224ad7122ee730ba64af3769ea517af252103bddd907f681,DMCHBA,ideal,1.0,19,361,4,0.1,36,,,dmchba_topk_10,/home/agxorin/topk_filter_study/simulator/scenarios/final_trial_500.csv,clue_search,01,5,0,6,0,0,0,0,10,5,5,10,0,0,collision_intent:5;state:5,33,0,completed
299,dcta_parity_v1,topk_filter,aa0724188407797eae5187348bee11ee9f51317c4e8a201863b052786aa2f1df,823213c90703fd83224ad7122ee730ba64af3769ea517af252103bddd907f681,DMCHBA,ideal,1.0,19,361,4,0.1,36,,,dmchba_topk_10,/home/agxorin/topk_filter_study/simulator/scenarios/final_trial_500.csv,clue_search,02,6,0,7,0,0,0,0,12,6,6,12,0,0,collision_intent:6;state:6,33,0,completed
299,dcta_parity_v1,topk_filter,aa0724188407797eae5187348bee11ee9f51317c4e8a201863b052786aa2f1df,823213c90703fd83224ad7122ee730ba64af3769ea517af252103bddd907f681,DMCHBA,ideal,1.0,19,361,4,0.1,36,,,dmchba_topk_10,/home/agxorin/topk_filter_study/simulator/scenarios/final_trial_500.csv,clue_search,03,5,0,6,0,0,0,0,10,5,5,10,0,0,collision_intent:5;state:5,34,0,completed
300,dcta_parity_v1,topk_filter,aa0724188407797eae5187348bee11ee9f51317c4e8a201863b052786aa2f1df,823213c90703fd83224ad7122ee730ba64af3769ea517af252103bddd907f681,DMCHBA,ideal,1.0,19,361,4,0.1,36,,,dmchba_topk_10,/home/agxorin/topk_filter_study/simulator/scenarios/final_trial_500.csv,clue_search,00,11,0,12,0,0,0,0,23,12,11,23,0,0,collision_intent:12;state:11,68,0,completed
300,dcta_parity_v1,topk_filter,aa0724188407797eae5187348bee11ee9f51317c4e8a201863b052786aa2f1df,823213c90703fd83224ad7122ee730ba64af3769ea517af252103bddd907f681,DMCHBA,ideal,1.0,19,361,4,0.1,36,,,dmchba_topk_10,/home/agxorin/topk_filter_study/simulator/scenarios/final_trial_500.csv,clue_search,01,11,0,12,0,0,0,0,22,11,11,22,0,0,collision_intent:11;state:11,70,0,completed
300,dcta_parity_v1,topk_filter,aa0724188407797eae5187348bee11ee9f51317c4e8a201863b052786aa2f1df,823213c90703fd83224ad7122ee730ba64af3769ea517af252103bddd907f681,DMCHBA,ideal,1.0,19,361,4,0.1,36,,,dmchba_topk_10,/home/agxorin/topk_filter_study/simulator/scenarios/final_trial_500.csv,clue_search,02,12,0,13,0,0,0,0,25,13,12,25,0,0,collision_intent:12;state:12;target:1,67,0,completed
300,dcta_parity_v1,topk_filter,aa0724188407797eae5187348bee11ee9f51317c4e8a201863b052786aa2f1df,823213c90703fd83224ad7122ee730ba64af3769ea517af252103bddd907f681,DMCHBA,ideal,1.0,19,361,4,0.1,36,,,dmchba_topk_10,/home/agxorin/topk_filter_study/simulator/scenarios/final_trial_500.csv,clue_search,03,11,0,12,0,0,0,0,22,11,11,22,0,0,collision_intent:11;state:11,70,0,completed
301,dcta_parity_v1,topk_filter,aa0724188407797eae5187348bee11ee9f51317c4e8a201863b052786aa2f1df,823213c90703fd83224ad7122ee730ba64af3769ea517af252103bddd907f681,DMCHBA,ideal,1.0,19,361,4,0.1,36,,,dmchba_topk_10,/home/agxorin/topk_filter_study/simulator/scenarios/final_trial_500.csv,clue_search,00,12,0,13,0,0,0,0,24,12,12,24,0,0,collision_intent:12;state:12,72,0,completed
301,dcta_parity_v1,topk_filter,aa0724188407797eae5187348bee11ee9f51317c4e8a201863b052786aa2f1df,823213c90703fd83224ad7122ee730ba64af3769ea517af252103bddd907f681,DMCHBA,ideal,1.0,19,361,4,0.1,36,,,dmchba_topk_10,/home/agxorin/topk_filter_study/simulator/scenarios/final_trial_500.csv,clue_search,01,12,0,13,0,0,0,0,25,13,12,25,0,0,collision_intent:12;state:12;target:1,72,0,completed
301,dcta_parity_v1,topk_filter,aa0724188407797eae5187348bee11ee9f51317c4e8a201863b052786aa2f1df,823213c90703fd83224ad7122ee730ba64af3769ea517af252103bddd907f681,DMCHBA,ideal,1.0,19,361,4,0.1,36,,,dmchba_topk_10,/home/agxorin/topk_filter_study/simulator/scenarios/final_trial_500.csv,clue_search,02,12,0,13,0,0,0,0,24,12,12,24,0,0,collision_intent:12;state:12,73,0,completed
301,dcta_parity_v1,topk_filter,aa0724188407797eae5187348bee11ee9f51317c4e8a201863b052786aa2f1df,823213c90703fd83224ad7122ee730ba64af3769ea517af252103bddd907f681,DMCHBA,ideal,1.0,19,361,4,0.1,36,,,dmchba_topk_10,/home/agxorin/topk_filter_study/simulator/scenarios/final_trial_500.csv,clue_search,03,12,0,13,0,0,0,0,24,12,12,24,0,0,collision_intent:12;state:12,73,0,completed
302,dcta_parity_v1,topk_filter,aa0724188407797eae5187348bee11ee9f51317c4e8a201863b052786aa2f1df,823213c90703fd83224ad7122ee730ba64af3769ea517af252103bddd907f681,DMCHBA,ideal,1.0,19,361,4,0.1,36,,,dmchba_topk_10,/home/agxorin/topk_filter_study/simulator/scenarios/final_trial_500.csv,clue_search,00,62,30,57,6,0,0,0,127,62,65,127,0,63,clue:3;collision_intent:62;state:62,377,0,completed
302,dcta_parity_v1,topk_filter,aa0724188407797eae5187348bee11ee9f51317c4e8a201863b052786aa2f1df,823213c90703fd83224ad7122ee730ba64af3769ea517af252103bddd907f681,DMCHBA,ideal,1.0,19,361,4,0.1,36,,,dmchba_topk_10,/home/agxorin/topk_filter_study/simulator/scenarios/final_trial_500.csv,clue_search,01,61,29,54,8,0,1,1,127,63,64,127,0,63,clue:3;collision_intent:62;state:61;target:1,377,0,completed
302,dcta_parity_v1,topk_filter,aa0724188407797eae5187348bee11ee9f51317c4e8a201863b052786aa2f1df,823213c90703fd83224ad7122ee730ba64af3769ea517af252103bddd907f681,DMCHBA,ideal,1.0,19,361,4,0.1,36,,,dmchba_topk_10,/home/agxorin/topk_filter_study/simulator/scenarios/final_trial_500.csv,clue_search,02,61,29,56,6,0,0,0,125,61,64,125,0,61,clue:3;collision_intent:61;state:61,378,0,completed
302,dcta_parity_v1,topk_filter,aa0724188407797eae5187348bee11ee9f51317c4e8a201863b052786aa2f1df,823213c90703fd83224ad7122ee730ba64af3769ea517af252103bddd907f681,DMCHBA,ideal,1.0,19,361,4,0.1,36,,,dmchba_topk_10,/home/agxorin/topk_filter_study/simulator/scenarios/final_trial_500.csv,clue_search,03,61,30,55,7,0,0,0,125,61,64,125,0,63,clue:3;collision_intent:61;state:61,377,0,completed
303,dcta_parity_v1,topk_filter,aa0724188407797eae5187348bee11ee9f51317c4e8a201863b052786aa2f1df,823213c90703fd83224ad7122ee730ba64af3769ea517af252103bddd907f681,DMCHBA,ideal,1.0,19,361,4,0.1,36,,,dmchba_topk_10,/home/agxorin/topk_filter_study/simulator/scenarios/final_trial_500.csv,clue_search,00,46,26,47,0,0,0,0,94,46,48,94,0,54,clue:2;collision_intent:46;state:46,295,0,completed
303,dcta_parity_v1,topk_filter,aa0724188407797eae5187348bee11ee9f51317c4e8a201863b052786aa2f1df,823213c90703fd83224ad7122ee730ba64af3769ea517af252103bddd907f681,DMCHBA,ideal,1.0,19,361,4,0.1,36,,,dmchba_topk_10,/home/agxorin/topk_filter_study/simulator/scenarios/final_trial_500.csv,clue_search,01,47,28,37,11,0,2,2,99,50,49,99,0,60,clue:2;collision_intent:49;state:47;target:1,291,0,completed
303,dcta_parity_v1,topk_filter,aa0724188407797eae5187348bee11ee9f51317c4e8a201863b052786aa2f1df,823213c90703fd83224ad7122ee730ba64af3769ea517af252103bddd907f681,DMCHBA,ideal,1.0,19,361,4,0.1,36,,,dmchba_topk_10,/home/agxorin/topk_filter_study/simulator/scenarios/final_trial_500.csv,clue_search,02,47,27,46,2,0,2,1,98,49,49,98,0,58,clue:2;collision_intent:49;state:47,290,0,completed
303,dcta_parity_v1,topk_filter,aa0724188407797eae5187348bee11ee9f51317c4e8a201863b052786aa2f1df,823213c90703fd83224ad7122ee730ba64af3769ea517af252103bddd907f681,DMCHBA,ideal,1.0,19,361,4,0.1,36,,,dmchba_topk_10,/home/agxorin/topk_filter_study/simulator/scenarios/final_trial_500.csv,clue_search,03,46,27,35,12,0,5,5,99,51,48,99,0,60,clue:2;collision_intent:51;state:46,289,0,completed
304,dcta_parity_v1,topk_filter,aa0724188407797eae5187348bee11ee9f51317c4e8a201863b052786aa2f1df,823213c90703fd83224ad7122ee730ba64af3769ea517af252103bddd907f681,DMCHBA,ideal,1.0,19,361,4,0.1,36,,,dmchba_topk_10,/home/agxorin/topk_filter_study/simulator/scenarios/final_trial_500.csv,clue_search,00,28,15,29,0,0,0,0,59,29,30,59,0,33,clue:2;collision_intent:28;state:28;target:1,169,0,completed
304,dcta_parity_v1,topk_filter,aa0724188407797eae5187348bee11ee9f51317c4e8a201863b052786aa2f1df,823213c90703fd83224ad7122ee730ba64af3769ea517af252103bddd907f681,DMCHBA,ideal,1.0,19,361,4,0.1,36,,,dmchba_topk_10,/home/agxorin/topk_filter_study/simulator/scenarios/final_trial_500.csv,clue_search,01,26,13,22,5,0,3,2,58,30,28,58,0,32,clue:2;collision_intent:30;state:26,168,0,completed
304,dcta_parity_v1,topk_filter,aa0724188407797eae5187348bee11ee9f51317c4e8a201863b052786aa2f1df,823213c90703fd83224ad7122ee730ba64af3769ea517af252103bddd907f681,DMCHBA,ideal,1.0,19,361,4,0.1,36,,,dmchba_topk_10,/home/agxorin/topk_filter_study/simulator/scenarios/final_trial_500.csv,clue_search,02,26,12,27,0,0,0,0,55,27,28,55,0,27,clue:2;collision_intent:27;state:26,171,0,completed
304,dcta_parity_v1,topk_filter,aa0724188407797eae5187348bee11ee9f51317c4e8a201863b052786aa2f1df,823213c90703fd83224ad7122ee730ba64af3769ea517af252103bddd907f681,DMCHBA,ideal,1.0,19,361,4,0.1,36,,,dmchba_topk_10,/home/agxorin/topk_filter_study/simulator/scenarios/final_trial_500.csv,clue_search,03,27,14,27,1,0,0,0,56,27,29,56,0,30,clue:2;collision_intent:27;state:27,171,0,completed
305,dcta_parity_v1,topk_filter,aa0724188407797eae5187348bee11ee9f51317c4e8a201863b052786aa2f1df,823213c90703fd83224ad7122ee730ba64af3769ea517af252103bddd907f681,DMCHBA,ideal,1.0,19,361,4,0.1,36,,,dmchba_topk_10,/home/agxorin/topk_filter_study/simulator/scenarios/final_trial_500.csv,clue_search,00,90,40,82,9,0,0,0,185,91,94,185,0,85,clue:4;collision_intent:91;state:90,558,0,completed
305,dcta_parity_v1,topk_filter,aa0724188407797eae5187348bee11ee9f51317c4e8a201863b052786aa2f1df,823213c90703fd83224ad7122ee730ba64af3769ea517af252103bddd907f681,DMCHBA,ideal,1.0,19,361,4,0.1,36,,,dmchba_topk_10,/home/agxorin/topk_filter_study/simulator/scenarios/final_trial_500.csv,clue_search,01,91,41,74,18,0,0,0,187,92,95,187,0,87,clue:4;collision_intent:92;state:91,554,0,completed
305,dcta_parity_v1,topk_filter,aa0724188407797eae5187348bee11ee9f51317c4e8a201863b052786aa2f1df,823213c90703fd83224ad7122ee730ba64af3769ea517af252103bddd907f681,DMCHBA,ideal,1.0,19,361,4,0.1,36,,,dmchba_topk_10,/home/agxorin/topk_filter_study/simulator/scenarios/final_trial_500.csv,clue_search,02,90,40,78,13,0,0,0,184,90,94,184,0,84,clue:4;collision_intent:90;state:90,558,0,completed
305,dcta_parity_v1,topk_filter,aa0724188407797eae5187348bee11ee9f51317c4e8a201863b052786aa2f1df,823213c90703fd83224ad7122ee730ba64af3769ea517af252103bddd907f681,DMCHBA,ideal,1.0,19,361,4,0.1,36,,,dmchba_topk_10,/home/agxorin/topk_filter_study/simulator/scenarios/final_trial_500.csv,clue_search,03,91,41,81,11,0,0,0,187,92,95,187,0,87,clue:4;collision_intent:91;state:91;target:1,556,0,completed
306,dcta_parity_v1,topk_filter,aa0724188407797eae5187348bee11ee9f51317c4e8a201863b052786aa2f1df,823213c90703fd83224ad7122ee730ba64af3769ea517af252103bddd907f681,DMCHBA,ideal,1.0,19,361,4,0.1,36,,,dmchba_topk_10,/home/agxorin/topk_filter_study/simulator/scenarios/final_trial_500.csv,clue_search,00,2,2,3,0,0,0,0,5,2,3,5,0,5,clue:1;collision_intent:2;state:2,20,0,completed
306,dcta_parity_v1,topk_filter,aa0724188407797eae5187348bee11ee9f51317c4e8a201863b052786aa2f1df,823213c90703fd83224ad7122ee730ba64af3769ea517af252103bddd907f681,DMCHBA,ideal,1.0,19,361,4,0.1,36,,,dmchba_topk_10,/home/agxorin/topk_filter_study/simulator/scenarios/final_trial_500.csv,clue_search,01,2,2,3,0,0,0,0,6,3,3,6,0,6,clue:1;collision_intent:3;state:2,17,0,completed
306,dcta_parity_v1,topk_filter,aa0724188407797eae5187348bee11ee9f51317c4e8a201863b052786aa2f1df,823213c90703fd83224ad7122ee730ba64af3769ea517af252103bddd907f681,DMCHBA,ideal,1.0,19,361,4,0.1,36,,,dmchba_topk_10,/home/agxorin/topk_filter_study/simulator/scenarios/final_trial_500.csv,clue_search,02,3,3,4,0,0,0,0,8,4,4,8,0,8,clue:1;collision_intent:3;state:3;target:1,17,0,completed
306,dcta_parity_v1,topk_filter,aa0724188407797eae5187348bee11ee9f51317c4e8a201863b052786aa2f1df,823213c90703fd83224ad7122ee730ba64af3769ea517af252103bddd907f681,DMCHBA,ideal,1.0,19,361,4,0.1,36,,,dmchba_topk_10,/home/agxorin/topk_filter_study/simulator/scenarios/final_trial_500.csv,clue_search,03,2,2,3,0,0,0,0,6,3,3,6,0,6,clue:1;collision_intent:3;state:2,18,0,completed
307,dcta_parity_v1,topk_filter,aa0724188407797eae5187348bee11ee9f51317c4e8a201863b052786aa2f1df,823213c90703fd83224ad7122ee730ba64af3769ea517af252103bddd907f681,DMCHBA,ideal,1.0,19,361,4,0.1,36,,,dmchba_topk_10,/home/agxorin/topk_filter_study/simulator/scenarios/final_trial_500.csv,clue_search,00,33,0,34,0,0,0,0,66,33,33,66,0,0,collision_intent:33;state:33,199,0,completed
307,dcta_parity_v1,topk_filter,aa0724188407797eae5187348bee11ee9f51317c4e8a201863b052786aa2f1df,823213c90703fd83224ad7122ee730ba64af3769ea517af252103bddd907f681,DMCHBA,ideal,1.0,19,361,4,0.1,36,,,dmchba_topk_10,/home/agxorin/topk_filter_study/simulator/scenarios/final_trial_500.csv,clue_search,01,33,0,34,0,0,0,0,67,34,33,67,0,0,collision_intent:33;state:33;target:1,199,0,completed
307,dcta_parity_v1,topk_filter,aa0724188407797eae5187348bee11ee9f51317c4e8a201863b052786aa2f1df,823213c90703fd83224ad7122ee730ba64af3769ea517af252103bddd907f681,DMCHBA,ideal,1.0,19,361,4,0.1,36,,,dmchba_topk_10,/home/agxorin/topk_filter_study/simulator/scenarios/final_trial_500.csv,clue_search,02,33,0,34,0,0,0,0,67,34,33,67,0,0,collision_intent:34;state:33,199,0,completed
307,dcta_parity_v1,topk_filter,aa0724188407797eae5187348bee11ee9f51317c4e8a201863b052786aa2f1df,823213c90703fd83224ad7122ee730ba64af3769ea517af252103bddd907f681,DMCHBA,ideal,1.0,19,361,4,0.1,36,,,dmchba_topk_10,/home/agxorin/topk_filter_study/simulator/scenarios/final_trial_500.csv,clue_search,03,33,0,34,0,0,0,0,66,33,33,66,0,0,collision_intent:33;state:33,199,0,completed
308,dcta_parity_v1,topk_filter,aa0724188407797eae5187348bee11ee9f51317c4e8a201863b052786aa2f1df,823213c90703fd83224ad7122ee730ba64af3769ea517af252103bddd907f681,DMCHBA,ideal,1.0,19,361,4,0.1,36,,,dmchba_topk_10,/home/agxorin/topk_filter_study/simulator/scenarios/final_trial_500.csv,clue_search,00,55,34,46,10,0,0,0,112,55,57,112,0,70,clue:2;collision_intent:55;state:55,329,0,completed
308,dcta_parity_v1,topk_filter,aa0724188407797eae5187348bee11ee9f51317c4e8a201863b052786aa2f1df,823213c90703fd83224ad7122ee730ba64af3769ea517af252103bddd907f681,DMCHBA,ideal,1.0,19,361,4,0.1,36,,,dmchba_topk_10,/home/agxorin/topk_filter_study/simulator/scenarios/final_trial_500.csv,clue_search,01,54,33,52,3,0,0,0,111,55,56,111,0,69,clue:2;collision_intent:54;state:54;target:1,331,0,completed
308,dcta_parity_v1,topk_filter,aa0724188407797eae5187348bee11ee9f51317c4e8a201863b052786aa2f1df,823213c90703fd83224ad7122ee730ba64af3769ea517af252103bddd907f681,DMCHBA,ideal,1.0,19,361,4,0.1,36,,,dmchba_topk_10,/home/agxorin/topk_filter_study/simulator/scenarios/final_trial_500.csv,clue_search,02,53,31,43,11,0,0,0,108,53,55,108,0,64,clue:2;collision_intent:53;state:53,332,0,completed
308,dcta_parity_v1,topk_filter,aa0724188407797eae5187348bee11ee9f51317c4e8a201863b052786aa2f1df,823213c90703fd83224ad7122ee730ba64af3769ea517af252103bddd907f681,DMCHBA,ideal,1.0,19,361,4,0.1,36,,,dmchba_topk_10,/home/agxorin/topk_filter_study/simulator/scenarios/final_trial_500.csv,clue_search,03,54,33,53,2,0,0,0,111,55,56,111,0,69,clue:2;collision_intent:55;state:54,330,0,completed
309,dcta_parity_v1,topk_filter,aa0724188407797eae5187348bee11ee9f51317c4e8a201863b052786aa2f1df,823213c90703fd83224ad7122ee730ba64af3769ea517af252103bddd907f681,DMCHBA,ideal,1.0,19,361,4,0.1,36,,,dmchba_topk_10,/home/agxorin/topk_filter_study/simulator/scenarios/final_trial_500.csv,clue_search,00,51,41,47,5,0,0,0,105,51,54,105,0,85,clue:3;collision_intent:51;state:51,325,0,completed
309,dcta_parity_v1,topk_filter,aa0724188407797eae5187348bee11ee9f51317c4e8a201863b052786aa2f1df,823213c90703fd83224ad7122ee730ba64af3769ea517af252103bddd907f681,DMCHBA,ideal,1.0,19,361,4,0.1,36,,,dmchba_topk_10,/home/agxorin/topk_filter_study/simulator/scenarios/final_trial_500.csv,clue_search,01,51,42,46,6,0,1,1,106,52,54,106,0,88,clue:3;collision_intent:52;state:51,324,0,completed
309,dcta_parity_v1,topk_filter,aa0724188407797eae5187348bee11ee9f51317c4e8a201863b052786aa2f1df,823213c90703fd83224ad7122ee730ba64af3769ea517af252103bddd907f681,DMCHBA,ideal,1.0,19,361,4,0.1,36,,,dmchba_topk_10,/home/agxorin/topk_filter_study/simulator/scenarios/final_trial_500.csv,clue_search,02,52,43,40,13,0,3,3,111,56,55,111,0,93,clue:3;collision_intent:55;state:52;target:1,320,0,completed
309,dcta_parity_v1,topk_filter,aa0724188407797eae5187348bee11ee9f51317c4e8a201863b052786aa2f1df,823213c90703fd83224ad7122ee730ba64af3769ea517af252103bddd907f681,DMCHBA,ideal,1.0,19,361,4,0.1,36,,,dmchba_topk_10,/home/agxorin/topk_filter_study/simulator/scenarios/final_trial_500.csv,clue_search,03,52,43,41,12,0,2,2,109,54,55,109,0,91,clue:3;collision_intent:54;state:52,322,0,completed
310,dcta_parity_v1,topk_filter,aa0724188407797eae5187348bee11ee9f51317c4e8a201863b052786aa2f1df,823213c90703fd83224ad7122ee730ba64af3769ea517af252103bddd907f681,DMCHBA,ideal,1.0,19,361,4,0.1,36,,,dmchba_topk_10,/home/agxorin/topk_filter_study/simulator/scenarios/final_trial_500.csv,clue_search,00,53,35,53,1,0,0,0,108,53,55,108,0,72,clue:2;collision_intent:53;state:53,319,0,completed
310,dcta_parity_v1,topk_filter,aa0724188407797eae5187348bee11ee9f51317c4e8a201863b052786aa2f1df,823213c90703fd83224ad7122ee730ba64af3769ea517af252103bddd907f681,DMCHBA,ideal,1.0,19,361,4,0.1,36,,,dmchba_topk_10,/home/agxorin/topk_filter_study/simulator/scenarios/final_trial_500.csv,clue_search,01,53,36,52,2,0,0,0,108,53,55,108,0,74,clue:2;collision_intent:53;state:53,320,0,completed
310,dcta_parity_v1,topk_filter,aa0724188407797eae5187348bee11ee9f51317c4e8a201863b052786aa2f1df,823213c90703fd83224ad7122ee730ba64af3769ea517af252103bddd907f681,DMCHBA,ideal,1.0,19,361,4,0.1,36,,,dmchba_topk_10,/home/agxorin/topk_filter_study/simulator/scenarios/final_trial_500.csv,clue_search,02,52,34,50,3,0,0,0,107,53,54,107,0,71,clue:2;collision_intent:52;state:52;target:1,321,0,completed
310,dcta_parity_v1,topk_filter,aa0724188407797eae5187348bee11ee9f51317c4e8a201863b052786aa2f1df,823213c90703fd83224ad7122ee730ba64af3769ea517af252103bddd907f681,DMCHBA,ideal,1.0,19,361,4,0.1,36,,,dmchba_topk_10,/home/agxorin/topk_filter_study/simulator/scenarios/final_trial_500.csv,clue_search,03,50,33,49,2,0,2,1,105,53,52,105,0,71,clue:2;collision_intent:53;state:50,323,0,completed
311,dcta_parity_v1,topk_filter,aa0724188407797eae5187348bee11ee9f51317c4e8a201863b052786aa2f1df,823213c90703fd83224ad7122ee730ba64af3769ea517af252103bddd907f681,DMCHBA,ideal,1.0,19,361,4,0.1,36,,,dmchba_topk_10,/home/agxorin/topk_filter_study/simulator/scenarios/final_trial_500.csv,clue_search,00,90,85,85,6,0,0,0,183,90,93,183,0,173,clue:3;collision_intent:90;state:90,540,0,completed
311,dcta_parity_v1,topk_filter,aa0724188407797eae5187348bee11ee9f51317c4e8a201863b052786aa2f1df,823213c90703fd83224ad7122ee730ba64af3769ea517af252103bddd907f681,DMCHBA,ideal,1.0,19,361,4,0.1,36,,,dmchba_topk_10,/home/agxorin/topk_filter_study/simulator/scenarios/final_trial_500.csv,clue_search,01,87,82,77,11,0,2,2,180,90,90,180,0,170,clue:3;collision_intent:89;state:87;target:1,543,0,completed
311,dcta_parity_v1,topk_filter,aa0724188407797eae5187348bee11ee9f51317c4e8a201863b052786aa2f1df,823213c90703fd83224ad7122ee730ba64af3769ea517af252103bddd907f681,DMCHBA,ideal,1.0,19,361,4,0.1,36,,,dmchba_topk_10,/home/agxorin/topk_filter_study/simulator/scenarios/final_trial_500.csv,clue_search,02,89,84,71,19,0,0,0,181,89,92,181,0,171,clue:3;collision_intent:89;state:89,540,0,completed
311,dcta_parity_v1,topk_filter,aa0724188407797eae5187348bee11ee9f51317c4e8a201863b052786aa2f1df,823213c90703fd83224ad7122ee730ba64af3769ea517af252103bddd907f681,DMCHBA,ideal,1.0,19,361,4,0.1,36,,,dmchba_topk_10,/home/agxorin/topk_filter_study/simulator/scenarios/final_trial_500.csv,clue_search,03,88,83,75,14,0,0,0,179,88,91,179,0,169,clue:3;collision_intent:88;state:88,544,0,completed
312,dcta_parity_v1,topk_filter,aa0724188407797eae5187348bee11ee9f51317c4e8a201863b052786aa2f1df,823213c90703fd83224ad7122ee730ba64af3769ea517af252103bddd907f681,DMCHBA,ideal,1.0,19,361,4,0.1,36,,,dmchba_topk_10,/home/agxorin/topk_filter_study/simulator/scenarios/final_trial_500.csv,clue_search,00,11,7,12,0,0,0,0,23,11,12,23,0,15,clue:1;collision_intent:11;state:11,76,0,completed
312,dcta_parity_v1,topk_filter,aa0724188407797eae5187348bee11ee9f51317c4e8a201863b052786aa2f1df,823213c90703fd83224ad7122ee730ba64af3769ea517af252103bddd907f681,DMCHBA,ideal,1.0,19,361,4,0.1,36,,,dmchba_topk_10,/home/agxorin/topk_filter_study/simulator/scenarios/final_trial_500.csv,clue_search,01,12,9,13,0,0,0,0,26,13,13,26,0,20,clue:1;collision_intent:12;state:12;target:1,75,0,completed
312,dcta_parity_v1,topk_filter,aa0724188407797eae5187348bee11ee9f51317c4e8a201863b052786aa2f1df,823213c90703fd83224ad7122ee730ba64af3769ea517af252103bddd907f681,DMCHBA,ideal,1.0,19,361,4,0.1,36,,,dmchba_topk_10,/home/agxorin/topk_filter_study/simulator/scenarios/final_trial_500.csv,clue_search,02,12,8,13,0,0,0,0,26,13,13,26,0,18,clue:1;collision_intent:13;state:12,75,0,completed
312,dcta_parity_v1,topk_filter,aa0724188407797eae5187348bee11ee9f51317c4e8a201863b052786aa2f1df,823213c90703fd83224ad7122ee730ba64af3769ea517af252103bddd907f681,DMCHBA,ideal,1.0,19,361,4,0.1,36,,,dmchba_topk_10,/home/agxorin/topk_filter_study/simulator/scenarios/final_trial_500.csv,clue_search,03,12,9,10,3,0,0,0,26,13,13,26,0,20,clue:1;collision_intent:13;state:12,74,0,completed
313,dcta_parity_v1,topk_filter,aa0724188407797eae5187348bee11ee9f51317c4e8a201863b052786aa2f1df,823213c90703fd83224ad7122ee730ba64af3769ea517af252103bddd907f681,DMCHBA,ideal,1.0,19,361,4,0.1,36,,,dmchba_topk_10,/home/agxorin/topk_filter_study/simulator/scenarios/final_trial_500.csv,clue_search,00,32,15,33,0,0,0,0,67,32,35,67,0,33,clue:3;collision_intent:32;state:32,201,0,completed
313,dcta_parity_v1,topk_filter,aa0724188407797eae5187348bee11ee9f51317c4e8a201863b052786aa2f1df,823213c90703fd83224ad7122ee730ba64af3769ea517af252103bddd907f681,DMCHBA,ideal,1.0,19,361,4,0.1,36,,,dmchba_topk_10,/home/agxorin/topk_filter_study/simulator/scenarios/final_trial_500.csv,clue_search,01,31,14,29,3,0,1,1,66,32,34,66,0,32,clue:3;collision_intent:32;state:31,203,0,completed
313,dcta_parity_v1,topk_filter,aa0724188407797eae5187348bee11ee9f51317c4e8a201863b052786aa2f1df,823213c90703fd83224ad7122ee730ba64af3769ea517af252103bddd907f681,DMCHBA,ideal,1.0,19,361,4,0.1,36,,,dmchba_topk_10,/home/agxorin/topk_filter_study/simulator/scenarios/final_trial_500.csv,clue_search,02,31,14,28,4,0,1,1,67,33,34,67,0,33,clue:3;collision_intent:33;state:31,202,0,completed
313,dcta_parity_v1,topk_filter,aa0724188407797eae5187348bee11ee9f51317c4e8a201863b052786aa2f1df,823213c90703fd83224ad7122ee730ba64af3769ea517af252103bddd907f681,DMCHBA,ideal,1.0,19,361,4,0.1,36,,,dmchba_topk_10,/home/agxorin/topk_filter_study/simulator/scenarios/final_trial_500.csv,clue_search,03,33,16,32,2,0,0,0,70,34,36,70,0,36,clue:3;collision_intent:33;state:33;target:1,200,0,completed
314,dcta_parity_v1,topk_filter,aa0724188407797eae5187348bee11ee9f51317c4e8a201863b052786aa2f1df,823213c90703fd83224ad7122ee730ba64af3769ea517af252103bddd907f681,DMCHBA,ideal,1.0,19,361,4,0.1,36,,,dmchba_topk_10,/home/agxorin/topk_filter_study/simulator/scenarios/final_trial_500.csv,clue_search,00,61,27,55,7,0,0,0,124,61,63,124,0,56,clue:2;collision_intent:61;state:61,368,0,completed
314,dcta_parity_v1,topk_filter,aa0724188407797eae5187348bee11ee9f51317c4e8a201863b052786aa2f1df,823213c90703fd83224ad7122ee730ba64af3769ea517af252103bddd907f681,DMCHBA,ideal,1.0,19,361,4,0.1,36,,,dmchba_topk_10,/home/agxorin/topk_filter_study/simulator/scenarios/final_trial_500.csv,clue_search,01,60,27,51,10,0,0,0,122,60,62,122,0,56,clue:2;collision_intent:60;state:60,369,0,completed
314,dcta_parity_v1,topk_filter,aa0724188407797eae5187348bee11ee9f51317c4e8a201863b052786aa2f1df,823213c90703fd83224ad7122ee730ba64af3769ea517af252103bddd907f681,DMCHBA,ideal,1.0,19,361,4,0.1,36,,,dmchba_topk_10,/home/agxorin/topk_filter_study/simulator/scenarios/final_trial_500.csv,clue_search,02,62,28,55,8,0,0,0,127,63,64,127,0,59,clue:2;collision_intent:62;state:62;target:1,366,0,completed
314,dcta_parity_v1,topk_filter,aa0724188407797eae5187348bee11ee9f51317c4e8a201863b052786aa2f1df,823213c90703fd83224ad7122ee730ba64af3769ea517af252103bddd907f681,DMCHBA,ideal,1.0,19,361,4,0.1,36,,,dmchba_topk_10,/home/agxorin/topk_filter_study/simulator/scenarios/final_trial_500.csv,clue_search,03,59,26,58,2,0,0,0,120,59,61,120,0,54,clue:2;collision_intent:59;state:59,372,0,completed
315,dcta_parity_v1,topk_filter,aa0724188407797eae5187348bee11ee9f51317c4e8a201863b052786aa2f1df,823213c90703fd83224ad7122ee730ba64af3769ea517af252103bddd907f681,DMCHBA,ideal,1.0,19,361,4,0.1,36,,,dmchba_topk_10,/home/agxorin/topk_filter_study/simulator/scenarios/final_trial_500.csv,clue_search,00,16,0,17,0,0,0,0,32,16,16,32,0,0,collision_intent:16;state:16,96,0,completed
315,dcta_parity_v1,topk_filter,aa0724188407797eae5187348bee11ee9f51317c4e8a201863b052786aa2f1df,823213c90703fd83224ad7122ee730ba64af3769ea517af252103bddd907f681,DMCHBA,ideal,1.0,19,361,4,0.1,36,,,dmchba_topk_10,/home/agxorin/topk_filter_study/simulator/scenarios/final_trial_500.csv,clue_search,01,16,0,17,0,0,0,0,33,17,16,33,0,0,collision_intent:16;state:16;target:1,96,0,completed
315,dcta_parity_v1,topk_filter,aa0724188407797eae5187348bee11ee9f51317c4e8a201863b052786aa2f1df,823213c90703fd83224ad7122ee730ba64af3769ea517af252103bddd907f681,DMCHBA,ideal,1.0,19,361,4,0.1,36,,,dmchba_topk_10,/home/agxorin/topk_filter_study/simulator/scenarios/final_trial_500.csv,clue_search,02,16,0,17,0,0,0,0,32,16,16,32,0,0,collision_intent:16;state:16,97,0,completed
315,dcta_parity_v1,topk_filter,aa0724188407797eae5187348bee11ee9f51317c4e8a201863b052786aa2f1df,823213c90703fd83224ad7122ee730ba64af3769ea517af252103bddd907f681,DMCHBA,ideal,1.0,19,361,4,0.1,36,,,dmchba_topk_10,/home/agxorin/topk_filter_study/simulator/scenarios/final_trial_500.csv,clue_search,03,16,0,17,0,0,0,0,32,16,16,32,0,0,collision_intent:16;state:16,96,0,completed
316,dcta_parity_v1,topk_filter,aa0724188407797eae5187348bee11ee9f51317c4e8a201863b052786aa2f1df,823213c90703fd83224ad7122ee730ba64af3769ea517af252103bddd907f681,DMCHBA,ideal,1.0,19,361,4,0.1,36,,,dmchba_topk_10,/home/agxorin/topk_filter_study/simulator/scenarios/final_trial_500.csv,clue_search,00,70,68,65,6,0,0,0,143,70,73,143,0,139,clue:3;collision_intent:70;state:70,433,0,completed
316,dcta_parity_v1,topk_filter,aa0724188407797eae5187348bee11ee9f51317c4e8a201863b052786aa2f1df,823213c90703fd83224ad7122ee730ba64af3769ea517af252103bddd907f681,DMCHBA,ideal,1.0,19,361,4,0.1,36,,,dmchba_topk_10,/home/agxorin/topk_filter_study/simulator/scenarios/final_trial_500.csv,clue_search,01,70,68,71,0,0,0,0,144,71,73,144,0,140,clue:3;collision_intent:70;state:70;target:1,433,0,completed
316,dcta_parity_v1,topk_filter,aa0724188407797eae5187348bee11ee9f51317c4e8a201863b052786aa2f1df,823213c90703fd83224ad7122ee730ba64af3769ea517af252103bddd907f681,DMCHBA,ideal,1.0,19,361,4,0.1,36,,,dmchba_topk_10,/home/agxorin/topk_filter_study/simulator/scenarios/final_trial_500.csv,clue_search,02,71,69,58,14,0,0,0,145,71,74,145,0,141,clue:3;collision_intent:71;state:71,432,0,completed
316,dcta_parity_v1,topk_filter,aa0724188407797eae5187348bee11ee9f51317c4e8a201863b052786aa2f1df,823213c90703fd83224ad7122ee730ba64af3769ea517af252103bddd907f681,DMCHBA,ideal,1.0,19,361,4,0.1,36,,,dmchba_topk_10,/home/agxorin/topk_filter_study/simulator/scenarios/final_trial_500.csv,clue_search,03,71,69,52,20,0,0,0,145,71,74,145,0,141,clue:3;collision_intent:71;state:71,430,0,completed
317,dcta_parity_v1,topk_filter,aa0724188407797eae5187348bee11ee9f51317c4e8a201863b052786aa2f1df,823213c90703fd83224ad7122ee730ba64af3769ea517af252103bddd907f681,DMCHBA,ideal,1.0,19,361,4,0.1,36,,,dmchba_topk_10,/home/agxorin/topk_filter_study/simulator/scenarios/final_trial_500.csv,clue_search,00,43,35,42,2,0,0,0,88,43,45,88,0,72,clue:2;collision_intent:43;state:43,265,0,completed
317,dcta_parity_v1,topk_filter,aa0724188407797eae5187348bee11ee9f51317c4e8a201863b052786aa2f1df,823213c90703fd83224ad7122ee730ba64af3769ea517af252103bddd907f681,DMCHBA,ideal,1.0,19,361,4,0.1,36,,,dmchba_topk_10,/home/agxorin/topk_filter_study/simulator/scenarios/final_trial_500.csv,clue_search,01,43,35,38,6,0,1,1,89,44,45,89,0,73,clue:2;collision_intent:44;state:43,264,0,completed
317,dcta_parity_v1,topk_filter,aa0724188407797eae5187348bee11ee9f51317c4e8a201863b052786aa2f1df,823213c90703fd83224ad7122ee730ba64af3769ea517af252103bddd907f681,DMCHBA,ideal,1.0,19,361,4,0.1,36,,,dmchba_topk_10,/home/agxorin/topk_filter_study/simulator/scenarios/final_trial_500.csv,clue_search,02,42,33,40,3,0,0,0,86,42,44,86,0,68,clue:2;collision_intent:42;state:42,268,0,completed
317,dcta_parity_v1,topk_filter,aa0724188407797eae5187348bee11ee9f51317c4e8a201863b052786aa2f1df,823213c90703fd83224ad7122ee730ba64af3769ea517af252103bddd907f681,DMCHBA,ideal,1.0,19,361,4,0.1,36,,,dmchba_topk_10,/home/agxorin/topk_filter_study/simulator/scenarios/final_trial_500.csv,clue_search,03,44,36,34,11,0,0,0,91,45,46,91,0,75,clue:2;collision_intent:44;state:44;target:1,263,0,completed
318,dcta_parity_v1,topk_filter,aa0724188407797eae5187348bee11ee9f51317c4e8a201863b052786aa2f1df,823213c90703fd83224ad7122ee730ba64af3769ea517af252103bddd907f681,DMCHBA,ideal,1.0,19,361,4,0.1,36,,,dmchba_topk_10,/home/agxorin/topk_filter_study/simulator/scenarios/final_trial_500.csv,clue_search,00,32,0,33,0,0,0,0,64,32,32,64,0,0,collision_intent:32;state:32,195,0,completed
318,dcta_parity_v1,topk_filter,aa0724188407797eae5187348bee11ee9f51317c4e8a201863b052786aa2f1df,823213c90703fd83224ad7122ee730ba64af3769ea517af252103bddd907f681,DMCHBA,ideal,1.0,19,361,4,0.1,36,,,dmchba_topk_10,/home/agxorin/topk_filter_study/simulator/scenarios/final_trial_500.csv,clue_search,01,32,0,33,0,0,0,0,64,32,32,64,0,0,collision_intent:32;state:32,194,0,completed
318,dcta_parity_v1,topk_filter,aa0724188407797eae5187348bee11ee9f51317c4e8a201863b052786aa2f1df,823213c90703fd83224ad7122ee730ba64af3769ea517af252103bddd907f681,DMCHBA,ideal,1.0,19,361,4,0.1,36,,,dmchba_topk_10,/home/agxorin/topk_filter_study/simulator/scenarios/final_trial_500.csv,clue_search,02,33,0,34,0,0,0,0,67,34,33,67,0,0,collision_intent:33;state:33;target:1,192,0,completed
318,dcta_parity_v1,topk_filter,aa0724188407797eae5187348bee11ee9f51317c4e8a201863b052786aa2f1df,823213c90703fd83224ad7122ee730ba64af3769ea517af252103bddd907f681,DMCHBA,ideal,1.0,19,361,4,0.1,36,,,dmchba_topk_10,/home/agxorin/topk_filter_study/simulator/scenarios/final_trial_500.csv,clue_search,03,32,0,33,0,0,0,0,64,32,32,64,0,0,collision_intent:32;state:32,195,0,completed
319,dcta_parity_v1,topk_filter,aa0724188407797eae5187348bee11ee9f51317c4e8a201863b052786aa2f1df,823213c90703fd83224ad7122ee730ba64af3769ea517af252103bddd907f681,DMCHBA,ideal,1.0,19,361,4,0.1,36,,,dmchba_topk_10,/home/agxorin/topk_filter_study/simulator/scenarios/final_trial_500.csv,clue_search,00,80,49,71,10,0,0,0,162,81,81,162,0,100,clue:1;collision_intent:80;state:80;target:1,480,0,completed
319,dcta_parity_v1,topk_filter,aa0724188407797eae5187348bee11ee9f51317c4e8a201863b052786aa2f1df,823213c90703fd83224ad7122ee730ba64af3769ea517af252103bddd907f681,DMCHBA,ideal,1.0,19,361,4,0.1,36,,,dmchba_topk_10,/home/agxorin/topk_filter_study/simulator/scenarios/final_trial_500.csv,clue_search,01,79,48,64,16,0,1,1,160,80,80,160,0,98,clue:1;collision_intent:80;state:79,481,0,completed
319,dcta_parity_v1,topk_filter,aa0724188407797eae5187348bee11ee9f51317c4e8a201863b052786aa2f1df,823213c90703fd83224ad7122ee730ba64af3769ea517af252103bddd907f681,DMCHBA,ideal,1.0,19,361,4,0.1,36,,,dmchba_topk_10,/home/agxorin/topk_filter_study/simulator/scenarios/final_trial_500.csv,clue_search,02,80,49,60,21,0,0,0,161,80,81,161,0,99,clue:1;collision_intent:80;state:80,481,0,completed
319,dcta_parity_v1,topk_filter,aa0724188407797eae5187348bee11ee9f51317c4e8a201863b052786aa2f1df,823213c90703fd83224ad7122ee730ba64af3769ea517af252103bddd907f681,DMCHBA,ideal,1.0,19,361,4,0.1,36,,,dmchba_topk_10,/home/agxorin/topk_filter_study/simulator/scenarios/final_trial_500.csv,clue_search,03,79,47,70,10,0,0,0,159,79,80,159,0,95,clue:1;collision_intent:79;state:79,483,0,completed
320,dcta_parity_v1,topk_filter,aa0724188407797eae5187348bee11ee9f51317c4e8a201863b052786aa2f1df,823213c90703fd83224ad7122ee730ba64af3769ea517af252103bddd907f681,DMCHBA,ideal,1.0,19,361,4,0.1,36,,,dmchba_topk_10,/home/agxorin/topk_filter_study/simulator/scenarios/final_trial_500.csv,clue_search,00,1,0,2,0,0,0,0,2,1,1,2,0,0,collision_intent:1;state:1,6,0,completed
320,dcta_parity_v1,topk_filter,aa0724188407797eae5187348bee11ee9f51317c4e8a201863b052786aa2f1df,823213c90703fd83224ad7122ee730ba64af3769ea517af252103bddd907f681,DMCHBA,ideal,1.0,19,361,4,0.1,36,,,dmchba_topk_10,/home/agxorin/topk_filter_study/simulator/scenarios/final_trial_500.csv,clue_search,01,1,0,2,0,0,0,0,3,2,1,3,0,0,collision_intent:1;state:1;target:1,6,0,completed
320,dcta_parity_v1,topk_filter,aa0724188407797eae5187348bee11ee9f51317c4e8a201863b052786aa2f1df,823213c90703fd83224ad7122ee730ba64af3769ea517af252103bddd907f681,DMCHBA,ideal,1.0,19,361,4,0.1,36,,,dmchba_topk_10,/home/agxorin/topk_filter_study/simulator/scenarios/final_trial_500.csv,clue_search,02,1,0,2,0,0,0,0,2,1,1,2,0,0,collision_intent:1;state:1,6,0,completed
320,dcta_parity_v1,topk_filter,aa0724188407797eae5187348bee11ee9f51317c4e8a201863b052786aa2f1df,823213c90703fd83224ad7122ee730ba64af3769ea517af252103bddd907f681,DMCHBA,ideal,1.0,19,361,4,0.1,36,,,dmchba_topk_10,/home/agxorin/topk_filter_study/simulator/scenarios/final_trial_500.csv,clue_search,03,1,0,2,0,0,0,0,2,1,1,2,0,0,collision_intent:1;state:1,6,0,completed
321,dcta_parity_v1,topk_filter,aa0724188407797eae5187348bee11ee9f51317c4e8a201863b052786aa2f1df,823213c90703fd83224ad7122ee730ba64af3769ea517af252103bddd907f681,DMCHBA,ideal,1.0,19,361,4,0.1,36,,,dmchba_topk_10,/home/agxorin/topk_filter_study/simulator/scenarios/final_trial_500.csv,clue_search,00,84,56,79,6,0,0,0,169,84,85,169,0,113,clue:1;collision_intent:84;state:84,506,0,completed
321,dcta_parity_v1,topk_filter,aa0724188407797eae5187348bee11ee9f51317c4e8a201863b052786aa2f1df,823213c90703fd83224ad7122ee730ba64af3769ea517af252103bddd907f681,DMCHBA,ideal,1.0,19,361,4,0.1,36,,,dmchba_topk_10,/home/agxorin/topk_filter_study/simulator/scenarios/final_trial_500.csv,clue_search,01,83,56,74,10,0,0,0,168,84,84,168,0,114,clue:1;collision_intent:84;state:83,506,0,completed
321,dcta_parity_v1,topk_filter,aa0724188407797eae5187348bee11ee9f51317c4e8a201863b052786aa2f1df,823213c90703fd83224ad7122ee730ba64af3769ea517af252103bddd907f681,DMCHBA,ideal,1.0,19,361,4,0.1,36,,,dmchba_topk_10,/home/agxorin/topk_filter_study/simulator/scenarios/final_trial_500.csv,clue_search,02,84,57,75,10,0,0,0,170,85,85,170,0,116,clue:1;collision_intent:84;state:84;target:1,506,0,completed
321,dcta_parity_v1,topk_filter,aa0724188407797eae5187348bee11ee9f51317c4e8a201863b052786aa2f1df,823213c90703fd83224ad7122ee730ba64af3769ea517af252103bddd907f681,DMCHBA,ideal,1.0,19,361,4,0.1,36,,,dmchba_topk_10,/home/agxorin/topk_filter_study/simulator/scenarios/final_trial_500.csv,clue_search,03,84,57,71,14,0,0,0,169,84,85,169,0,115,clue:1;collision_intent:84;state:84,507,0,completed
322,dcta_parity_v1,topk_filter,aa0724188407797eae5187348bee11ee9f51317c4e8a201863b052786aa2f1df,823213c90703fd83224ad7122ee730ba64af3769ea517af252103bddd907f681,DMCHBA,ideal,1.0,19,361,4,0.1,36,,,dmchba_topk_10,/home/agxorin/topk_filter_study/simulator/scenarios/final_trial_500.csv,clue_search,00,26,7,26,1,0,0,0,53,26,27,53,0,15,clue:1;collision_intent:26;state:26,165,0,completed
322,dcta_parity_v1,topk_filter,aa0724188407797eae5187348bee11ee9f51317c4e8a201863b052786aa2f1df,823213c90703fd83224ad7122ee730ba64af3769ea517af252103bddd907f681,DMCHBA,ideal,1.0,19,361,4,0.1,36,,,dmchba_topk_10,/home/agxorin/topk_filter_study/simulator/scenarios/final_trial_500.csv,clue_search,01,27,9,28,0,0,0,0,56,28,28,56,0,20,clue:1;collision_intent:27;state:27;target:1,163,0,completed
322,dcta_parity_v1,topk_filter,aa0724188407797eae5187348bee11ee9f51317c4e8a201863b052786aa2f1df,823213c90703fd83224ad7122ee730ba64af3769ea517af252103bddd907f681,DMCHBA,ideal,1.0,19,361,4,0.1,36,,,dmchba_topk_10,/home/agxorin/topk_filter_study/simulator/scenarios/final_trial_500.csv,clue_search,02,27,8,26,2,0,0,0,55,27,28,55,0,17,clue:1;collision_intent:27;state:27,163,0,completed
322,dcta_parity_v1,topk_filter,aa0724188407797eae5187348bee11ee9f51317c4e8a201863b052786aa2f1df,823213c90703fd83224ad7122ee730ba64af3769ea517af252103bddd907f681,DMCHBA,ideal,1.0,19,361,4,0.1,36,,,dmchba_topk_10,/home/agxorin/topk_filter_study/simulator/scenarios/final_trial_500.csv,clue_search,03,27,9,26,2,0,0,0,55,27,28,55,0,19,clue:1;collision_intent:27;state:27,163,0,completed
323,dcta_parity_v1,topk_filter,aa0724188407797eae5187348bee11ee9f51317c4e8a201863b052786aa2f1df,823213c90703fd83224ad7122ee730ba64af3769ea517af252103bddd907f681,DMCHBA,ideal,1.0,19,361,4,0.1,36,,,dmchba_topk_10,/home/agxorin/topk_filter_study/simulator/scenarios/final_trial_500.csv,clue_search,00,26,25,18,9,0,0,0,53,26,27,53,0,51,clue:1;collision_intent:26;state:26,154,0,completed
323,dcta_parity_v1,topk_filter,aa0724188407797eae5187348bee11ee9f51317c4e8a201863b052786aa2f1df,823213c90703fd83224ad7122ee730ba64af3769ea517af252103bddd907f681,DMCHBA,ideal,1.0,19,361,4,0.1,36,,,dmchba_topk_10,/home/agxorin/topk_filter_study/simulator/scenarios/final_trial_500.csv,clue_search,01,26,25,27,0,0,0,0,53,26,27,53,0,51,clue:1;collision_intent:26;state:26,155,0,completed
323,dcta_parity_v1,topk_filter,aa0724188407797eae5187348bee11ee9f51317c4e8a201863b052786aa2f1df,823213c90703fd83224ad7122ee730ba64af3769ea517af252103bddd907f681,DMCHBA,ideal,1.0,19,361,4,0.1,36,,,dmchba_topk_10,/home/agxorin/topk_filter_study/simulator/scenarios/final_trial_500.csv,clue_search,02,24,23,13,12,0,1,1,50,25,25,50,0,48,clue:1;collision_intent:25;state:24,158,0,completed
323,dcta_parity_v1,topk_filter,aa0724188407797eae5187348bee11ee9f51317c4e8a201863b052786aa2f1df,823213c90703fd83224ad7122ee730ba64af3769ea517af252103bddd907f681,DMCHBA,ideal,1.0,19,361,4,0.1,36,,,dmchba_topk_10,/home/agxorin/topk_filter_study/simulator/scenarios/final_trial_500.csv,clue_search,03,25,24,26,0,0,0,0,52,26,26,52,0,50,clue:1;collision_intent:25;state:25;target:1,156,0,completed
324,dcta_parity_v1,topk_filter,aa0724188407797eae5187348bee11ee9f51317c4e8a201863b052786aa2f1df,823213c90703fd83224ad7122ee730ba64af3769ea517af252103bddd907f681,DMCHBA,ideal,1.0,19,361,4,0.1,36,,,dmchba_topk_10,/home/agxorin/topk_filter_study/simulator/scenarios/final_trial_500.csv,clue_search,00,44,3,45,0,0,0,0,89,44,45,89,0,7,clue:1;collision_intent:44;state:44,263,0,completed
324,dcta_parity_v1,topk_filter,aa0724188407797eae5187348bee11ee9f51317c4e8a201863b052786aa2f1df,823213c90703fd83224ad7122ee730ba64af3769ea517af252103bddd907f681,DMCHBA,ideal,1.0,19,361,4,0.1,36,,,dmchba_topk_10,/home/agxorin/topk_filter_study/simulator/scenarios/final_trial_500.csv,clue_search,01,43,2,44,0,0,0,0,87,43,44,87,0,5,clue:1;collision_intent:43;state:43,265,0,completed
324,dcta_parity_v1,topk_filter,aa0724188407797eae5187348bee11ee9f51317c4e8a201863b052786aa2f1df,823213c90703fd83224ad7122ee730ba64af3769ea517af252103bddd907f681,DMCHBA,ideal,1.0,19,361,4,0.1,36,,,dmchba_topk_10,/home/agxorin/topk_filter_study/simulator/scenarios/final_trial_500.csv,clue_search,02,44,3,43,2,0,0,0,90,45,45,90,0,8,clue:1;collision_intent:44;state:44;target:1,263,0,completed
324,dcta_parity_v1,topk_filter,aa0724188407797eae5187348bee11ee9f51317c4e8a201863b052786aa2f1df,823213c90703fd83224ad7122ee730ba64af3769ea517af252103bddd907f681,DMCHBA,ideal,1.0,19,361,4,0.1,36,,,dmchba_topk_10,/home/agxorin/topk_filter_study/simulator/scenarios/final_trial_500.csv,clue_search,03,43,2,44,0,0,0,0,87,43,44,87,0,5,clue:1;collision_intent:43;state:43,264,0,completed
325,dcta_parity_v1,topk_filter,aa0724188407797eae5187348bee11ee9f51317c4e8a201863b052786aa2f1df,823213c90703fd83224ad7122ee730ba64af3769ea517af252103bddd907f681,DMCHBA,ideal,1.0,19,361,4,0.1,36,,,dmchba_topk_10,/home/agxorin/topk_filter_study/simulator/scenarios/final_trial_500.csv,clue_search,00,91,45,81,11,0,0,0,185,92,93,185,0,93,clue:2;collision_intent:92;state:91,554,0,completed
325,dcta_parity_v1,topk_filter,aa0724188407797eae5187348bee11ee9f51317c4e8a201863b052786aa2f1df,823213c90703fd83224ad7122ee730ba64af3769ea517af252103bddd907f681,DMCHBA,ideal,1.0,19,361,4,0.1,36,,,dmchba_topk_10,/home/agxorin/topk_filter_study/simulator/scenarios/final_trial_500.csv,clue_search,01,90,45,82,9,0,0,0,182,90,92,182,0,92,clue:2;collision_intent:90;state:90,557,0,completed
325,dcta_parity_v1,topk_filter,aa0724188407797eae5187348bee11ee9f51317c4e8a201863b052786aa2f1df,823213c90703fd83224ad7122ee730ba64af3769ea517af252103bddd907f681,DMCHBA,ideal,1.0,19,361,4,0.1,36,,,dmchba_topk_10,/home/agxorin/topk_filter_study/simulator/scenarios/final_trial_500.csv,clue_search,02,93,47,88,6,0,0,0,189,94,95,189,0,97,clue:2;collision_intent:93;state:93;target:1,551,0,completed
325,dcta_parity_v1,topk_filter,aa0724188407797eae5187348bee11ee9f51317c4e8a201863b052786aa2f1df,823213c90703fd83224ad7122ee730ba64af3769ea517af252103bddd907f681,DMCHBA,ideal,1.0,19,361,4,0.1,36,,,dmchba_topk_10,/home/agxorin/topk_filter_study/simulator/scenarios/final_trial_500.csv,clue_search,03,91,46,68,24,0,0,0,184,91,93,184,0,94,clue:2;collision_intent:91;state:91,554,0,completed
326,dcta_parity_v1,topk_filter,aa0724188407797eae5187348bee11ee9f51317c4e8a201863b052786aa2f1df,823213c90703fd83224ad7122ee730ba64af3769ea517af252103bddd907f681,DMCHBA,ideal,1.0,19,361,4,0.1,36,,,dmchba_topk_10,/home/agxorin/topk_filter_study/simulator/scenarios/final_trial_500.csv,clue_search,00,9,2,10,0,0,0,0,19,9,10,19,0,5,clue:1;collision_intent:9;state:9,53,0,completed
326,dcta_parity_v1,topk_filter,aa0724188407797eae5187348bee11ee9f51317c4e8a201863b052786aa2f1df,823213c90703fd83224ad7122ee730ba64af3769ea517af252103bddd907f681,DMCHBA,ideal,1.0,19,361,4,0.1,36,,,dmchba_topk_10,/home/agxorin/topk_filter_study/simulator/scenarios/final_trial_500.csv,clue_search,01,8,2,9,0,0,0,0,17,8,9,17,0,5,clue:1;collision_intent:8;state:8,55,0,completed
326,dcta_parity_v1,topk_filter,aa0724188407797eae5187348bee11ee9f51317c4e8a201863b052786aa2f1df,823213c90703fd83224ad7122ee730ba64af3769ea517af252103bddd907f681,DMCHBA,ideal,1.0,19,361,4,0.1,36,,,dmchba_topk_10,/home/agxorin/topk_filter_study/simulator/scenarios/final_trial_500.csv,clue_search,02,9,2,10,0,0,0,0,20,10,10,20,0,6,clue:1;collision_intent:9;state:9;target:1,53,0,completed
326,dcta_parity_v1,topk_filter,aa0724188407797eae5187348bee11ee9f51317c4e8a201863b052786aa2f1df,823213c90703fd83224ad7122ee730ba64af3769ea517af252103bddd907f681,DMCHBA,ideal,1.0,19,361,4,0.1,36,,,dmchba_topk_10,/home/agxorin/topk_filter_study/simulator/scenarios/final_trial_500.csv,clue_search,03,8,2,9,0,0,0,0,17,8,9,17,0,5,clue:1;collision_intent:8;state:8,56,0,completed
327,dcta_parity_v1,topk_filter,aa0724188407797eae5187348bee11ee9f51317c4e8a201863b052786aa2f1df,823213c90703fd83224ad7122ee730ba64af3769ea517af252103bddd907f681,DMCHBA,ideal,1.0,19,361,4,0.1,36,,,dmchba_topk_10,/home/agxorin/topk_filter_study/simulator/scenarios/final_trial_500.csv,clue_search,00,24,12,25,0,0,0,0,50,25,25,50,0,26,clue:1;collision_intent:25;state:24,143,0,completed
327,dcta_parity_v1,topk_filter,aa0724188407797eae5187348bee11ee9f51317c4e8a201863b052786aa2f1df,823213c90703fd83224ad7122ee730ba64af3769ea517af252103bddd907f681,DMCHBA,ideal,1.0,19,361,4,0.1,36,,,dmchba_topk_10,/home/agxorin/topk_filter_study/simulator/scenarios/final_trial_500.csv,clue_search,01,23,11,23,1,0,0,0,47,23,24,47,0,23,clue:1;collision_intent:23;state:23,146,0,completed
327,dcta_parity_v1,topk_filter,aa0724188407797eae5187348bee11ee9f51317c4e8a201863b052786aa2f1df,823213c90703fd83224ad7122ee730ba64af3769ea517af252103bddd907f681,DMCHBA,ideal,1.0,19,361,4,0.1,36,,,dmchba_topk_10,/home/agxorin/topk_filter_study/simulator/scenarios/final_trial_500.csv,clue_search,02,23,10,24,0,0,0,0,47,23,24,47,0,21,clue:1;collision_intent:23;state:23,147,0,completed
327,dcta_parity_v1,topk_filter,aa0724188407797eae5187348bee11ee9f51317c4e8a201863b052786aa2f1df,823213c90703fd83224ad7122ee730ba64af3769ea517af252103bddd907f681,DMCHBA,ideal,1.0,19,361,4,0.1,36,,,dmchba_topk_10,/home/agxorin/topk_filter_study/simulator/scenarios/final_trial_500.csv,clue_search,03,24,12,24,1,0,0,0,50,25,25,50,0,26,clue:1;collision_intent:24;state:24;target:1,144,0,completed
328,dcta_parity_v1,topk_filter,aa0724188407797eae5187348bee11ee9f51317c4e8a201863b052786aa2f1df,823213c90703fd83224ad7122ee730ba64af3769ea517af252103bddd907f681,DMCHBA,ideal,1.0,19,361,4,0.1,36,,,dmchba_topk_10,/home/agxorin/topk_filter_study/simulator/scenarios/final_trial_500.csv,clue_search,00,19,3,20,0,0,0,0,39,19,20,39,0,7,clue:1;collision_intent:19;state:19,112,0,completed
328,dcta_parity_v1,topk_filter,aa0724188407797eae5187348bee11ee9f51317c4e8a201863b052786aa2f1df,823213c90703fd83224ad7122ee730ba64af3769ea517af252103bddd907f681,DMCHBA,ideal,1.0,19,361,4,0.1,36,,,dmchba_topk_10,/home/agxorin/topk_filter_study/simulator/scenarios/final_trial_500.csv,clue_search,01,18,3,19,0,0,0,0,37,18,19,37,0,7,clue:1;collision_intent:18;state:18,116,0,completed
328,dcta_parity_v1,topk_filter,aa0724188407797eae5187348bee11ee9f51317c4e8a201863b052786aa2f1df,823213c90703fd83224ad7122ee730ba64af3769ea517af252103bddd907f681,DMCHBA,ideal,1.0,19,361,4,0.1,36,,,dmchba_topk_10,/home/agxorin/topk_filter_study/simulator/scenarios/final_trial_500.csv,clue_search,02,19,3,20,0,0,0,0,40,20,20,40,0,8,clue:1;collision_intent:19;state:19;target:1,113,0,completed
328,dcta_parity_v1,topk_filter,aa0724188407797eae5187348bee11ee9f51317c4e8a201863b052786aa2f1df,823213c90703fd83224ad7122ee730ba64af3769ea517af252103bddd907f681,DMCHBA,ideal,1.0,19,361,4,0.1,36,,,dmchba_topk_10,/home/agxorin/topk_filter_study/simulator/scenarios/final_trial_500.csv,clue_search,03,18,3,19,0,0,0,0,37,18,19,37,0,7,clue:1;collision_intent:18;state:18,114,0,completed
329,dcta_parity_v1,topk_filter,aa0724188407797eae5187348bee11ee9f51317c4e8a201863b052786aa2f1df,823213c90703fd83224ad7122ee730ba64af3769ea517af252103bddd907f681,DMCHBA,ideal,1.0,19,361,4,0.1,36,,,dmchba_topk_10,/home/agxorin/topk_filter_study/simulator/scenarios/final_trial_500.csv,clue_search,00,50,37,45,6,0,0,0,102,50,52,102,0,76,clue:2;collision_intent:50;state:50,311,0,completed
329,dcta_parity_v1,topk_filter,aa0724188407797eae5187348bee11ee9f51317c4e8a201863b052786aa2f1df,823213c90703fd83224ad7122ee730ba64af3769ea517af252103bddd907f681,DMCHBA,ideal,1.0,19,361,4,0.1,36,,,dmchba_topk_10,/home/agxorin/topk_filter_study/simulator/scenarios/final_trial_500.csv,clue_search,01,51,39,52,0,0,0,0,105,52,53,105,0,81,clue:2;collision_intent:51;state:51;target:1,310,0,completed
329,dcta_parity_v1,topk_filter,aa0724188407797eae5187348bee11ee9f51317c4e8a201863b052786aa2f1df,823213c90703fd83224ad7122ee730ba64af3769ea517af252103bddd907f681,DMCHBA,ideal,1.0,19,361,4,0.1,36,,,dmchba_topk_10,/home/agxorin/topk_filter_study/simulator/scenarios/final_trial_500.csv,clue_search,02,50,37,45,6,0,2,1,104,52,52,104,0,78,clue:2;collision_intent:52;state:50,309,0,completed
329,dcta_parity_v1,topk_filter,aa0724188407797eae5187348bee11ee9f51317c4e8a201863b052786aa2f1df,823213c90703fd83224ad7122ee730ba64af3769ea517af252103bddd907f681,DMCHBA,ideal,1.0,19,361,4,0.1,36,,,dmchba_topk_10,/home/agxorin/topk_filter_study/simulator/scenarios/final_trial_500.csv,clue_search,03,51,39,47,5,0,0,0,104,51,53,104,0,80,clue:2;collision_intent:51;state:51,310,0,completed
330,dcta_parity_v1,topk_filter,aa0724188407797eae5187348bee11ee9f51317c4e8a201863b052786aa2f1df,823213c90703fd83224ad7122ee730ba64af3769ea517af252103bddd907f681,DMCHBA,ideal,1.0,19,361,4,0.1,36,,,dmchba_topk_10,/home/agxorin/topk_filter_study/simulator/scenarios/final_trial_500.csv,clue_search,00,60,20,56,5,0,0,0,122,60,62,122,0,41,clue:2;collision_intent:60;state:60,361,0,completed
330,dcta_parity_v1,topk_filter,aa0724188407797eae5187348bee11ee9f51317c4e8a201863b052786aa2f1df,823213c90703fd83224ad7122ee730ba64af3769ea517af252103bddd907f681,DMCHBA,ideal,1.0,19,361,4,0.1,36,,,dmchba_topk_10,/home/agxorin/topk_filter_study/simulator/scenarios/final_trial_500.csv,clue_search,01,58,18,55,4,0,0,0,119,59,60,119,0,39,clue:2;collision_intent:59;state:58,364,0,completed
330,dcta_parity_v1,topk_filter,aa0724188407797eae5187348bee11ee9f51317c4e8a201863b052786aa2f1df,823213c90703fd83224ad7122ee730ba64af3769ea517af252103bddd907f681,DMCHBA,ideal,1.0,19,361,4,0.1,36,,,dmchba_topk_10,/home/agxorin/topk_filter_study/simulator/scenarios/final_trial_500.csv,clue_search,02,61,20,60,2,0,0,0,124,61,63,124,0,42,clue:2;collision_intent:61;state:61,360,0,completed
330,dcta_parity_v1,topk_filter,aa0724188407797eae5187348bee11ee9f51317c4e8a201863b052786aa2f1df,823213c90703fd83224ad7122ee730ba64af3769ea517af252103bddd907f681,DMCHBA,ideal,1.0,19,361,4,0.1,36,,,dmchba_topk_10,/home/agxorin/topk_filter_study/simulator/scenarios/final_trial_500.csv,clue_search,03,58,18,59,0,0,0,0,119,59,60,119,0,39,clue:2;collision_intent:58;state:58;target:1,365,0,completed
331,dcta_parity_v1,topk_filter,aa0724188407797eae5187348bee11ee9f51317c4e8a201863b052786aa2f1df,823213c90703fd83224ad7122ee730ba64af3769ea517af252103bddd907f681,DMCHBA,ideal,1.0,19,361,4,0.1,36,,,dmchba_topk_10,/home/agxorin/topk_filter_study/simulator/scenarios/final_trial_500.csv,clue_search,00,90,85,84,7,0,0,0,184,90,94,184,0,174,clue:4;collision_intent:90;state:90,576,0,completed
331,dcta_parity_v1,topk_filter,aa0724188407797eae5187348bee11ee9f51317c4e8a201863b052786aa2f1df,823213c90703fd83224ad7122ee730ba64af3769ea517af252103bddd907f681,DMCHBA,ideal,1.0,19,361,4,0.1,36,,,dmchba_topk_10,/home/agxorin/topk_filter_study/simulator/scenarios/final_trial_500.csv,clue_search,01,94,90,82,13,0,1,1,194,96,98,194,0,186,clue:4;collision_intent:95;state:94;target:1,568,0,completed
331,dcta_parity_v1,topk_filter,aa0724188407797eae5187348bee11ee9f51317c4e8a201863b052786aa2f1df,823213c90703fd83224ad7122ee730ba64af3769ea517af252103bddd907f681,DMCHBA,ideal,1.0,19,361,4,0.1,36,,,dmchba_topk_10,/home/agxorin/topk_filter_study/simulator/scenarios/final_trial_500.csv,clue_search,02,93,89,75,19,0,2,1,192,95,97,192,0,183,clue:4;collision_intent:95;state:93,569,0,completed
331,dcta_parity_v1,topk_filter,aa0724188407797eae5187348bee11ee9f51317c4e8a201863b052786aa2f1df,823213c90703fd83224ad7122ee730ba64af3769ea517af252103bddd907f681,DMCHBA,ideal,1.0,19,361,4,0.1,36,,,dmchba_topk_10,/home/agxorin/topk_filter_study/simulator/scenarios/final_trial_500.csv,clue_search,03,93,89,73,21,0,2,2,192,95,97,192,0,184,clue:4;collision_intent:95;state:93,568,0,completed
332,dcta_parity_v1,topk_filter,aa0724188407797eae5187348bee11ee9f51317c4e8a201863b052786aa2f1df,823213c90703fd83224ad7122ee730ba64af3769ea517af252103bddd907f681,DMCHBA,ideal,1.0,19,361,4,0.1,36,,,dmchba_topk_10,/home/agxorin/topk_filter_study/simulator/scenarios/final_trial_500.csv,clue_search,00,14,4,15,0,0,0,0,29,14,15,29,0,9,clue:1;collision_intent:14;state:14,84,0,completed
332,dcta_parity_v1,topk_filter,aa0724188407797eae5187348bee11ee9f51317c4e8a201863b052786aa2f1df,823213c90703fd83224ad7122ee730ba64af3769ea517af252103bddd907f681,DMCHBA,ideal,1.0,19,361,4,0.1,36,,,dmchba_topk_10,/home/agxorin/topk_filter_study/simulator/scenarios/final_trial_500.csv,clue_search,01,14,4,15,0,0,0,0,30,15,15,30,0,10,clue:1;collision_intent:14;state:14;target:1,85,0,completed
332,dcta_parity_v1,topk_filter,aa0724188407797eae5187348bee11ee9f51317c4e8a201863b052786aa2f1df,823213c90703fd83224ad7122ee730ba64af3769ea517af252103bddd907f681,DMCHBA,ideal,1.0,19,361,4,0.1,36,,,dmchba_topk_10,/home/agxorin/topk_filter_study/simulator/scenarios/final_trial_500.csv,clue_search,02,14,4,15,0,0,0,0,29,14,15,29,0,9,clue:1;collision_intent:14;state:14,85,0,completed
332,dcta_parity_v1,topk_filter,aa0724188407797eae5187348bee11ee9f51317c4e8a201863b052786aa2f1df,823213c90703fd83224ad7122ee730ba64af3769ea517af252103bddd907f681,DMCHBA,ideal,1.0,19,361,4,0.1,36,,,dmchba_topk_10,/home/agxorin/topk_filter_study/simulator/scenarios/final_trial_500.csv,clue_search,03,13,3,14,0,0,0,0,27,13,14,27,0,7,clue:1;collision_intent:13;state:13,86,0,completed
333,dcta_parity_v1,topk_filter,aa0724188407797eae5187348bee11ee9f51317c4e8a201863b052786aa2f1df,823213c90703fd83224ad7122ee730ba64af3769ea517af252103bddd907f681,DMCHBA,ideal,1.0,19,361,4,0.1,36,,,dmchba_topk_10,/home/agxorin/topk_filter_study/simulator/scenarios/final_trial_500.csv,clue_search,00,13,9,14,0,0,0,0,29,14,15,29,0,21,clue:2;collision_intent:13;state:13;target:1,77,0,completed
333,dcta_parity_v1,topk_filter,aa0724188407797eae5187348bee11ee9f51317c4e8a201863b052786aa2f1df,823213c90703fd83224ad7122ee730ba64af3769ea517af252103bddd907f681,DMCHBA,ideal,1.0,19,361,4,0.1,36,,,dmchba_topk_10,/home/agxorin/topk_filter_study/simulator/scenarios/final_trial_500.csv,clue_search,01,12,9,12,1,0,0,0,26,12,14,26,0,20,clue:2;collision_intent:12;state:12,80,0,completed
333,dcta_parity_v1,topk_filter,aa0724188407797eae5187348bee11ee9f51317c4e8a201863b052786aa2f1df,823213c90703fd83224ad7122ee730ba64af3769ea517af252103bddd907f681,DMCHBA,ideal,1.0,19,361,4,0.1,36,,,dmchba_topk_10,/home/agxorin/topk_filter_study/simulator/scenarios/final_trial_500.csv,clue_search,02,11,7,12,0,0,0,0,25,12,13,25,0,17,clue:2;collision_intent:12;state:11,80,0,completed
333,dcta_parity_v1,topk_filter,aa0724188407797eae5187348bee11ee9f51317c4e8a201863b052786aa2f1df,823213c90703fd83224ad7122ee730ba64af3769ea517af252103bddd907f681,DMCHBA,ideal,1.0,19,361,4,0.1,36,,,dmchba_topk_10,/home/agxorin/topk_filter_study/simulator/scenarios/final_trial_500.csv,clue_search,03,12,9,12,1,0,0,0,26,12,14,26,0,20,clue:2;collision_intent:12;state:12,78,0,completed
334,dcta_parity_v1,topk_filter,aa0724188407797eae5187348bee11ee9f51317c4e8a201863b052786aa2f1df,823213c90703fd83224ad7122ee730ba64af3769ea517af252103bddd907f681,DMCHBA,ideal,1.0,19,361,4,0.1,36,,,dmchba_topk_10,/home/agxorin/topk_filter_study/simulator/scenarios/final_trial_500.csv,clue_search,00,6,0,7,0,0,0,0,12,6,6,12,0,0,collision_intent:6;state:6,36,0,completed
334,dcta_parity_v1,topk_filter,aa0724188407797eae5187348bee11ee9f51317c4e8a201863b052786aa2f1df,823213c90703fd83224ad7122ee730ba64af3769ea517af252103bddd907f681,DMCHBA,ideal,1.0,19,361,4,0.1,36,,,dmchba_topk_10,/home/agxorin/topk_filter_study/simulator/scenarios/final_trial_500.csv,clue_search,01,6,0,7,0,0,0,0,13,7,6,13,0,0,collision_intent:6;state:6;target:1,36,0,completed
334,dcta_parity_v1,topk_filter,aa0724188407797eae5187348bee11ee9f51317c4e8a201863b052786aa2f1df,823213c90703fd83224ad7122ee730ba64af3769ea517af252103bddd907f681,DMCHBA,ideal,1.0,19,361,4,0.1,36,,,dmchba_topk_10,/home/agxorin/topk_filter_study/simulator/scenarios/final_trial_500.csv,clue_search,02,6,0,7,0,0,0,0,12,6,6,12,0,0,collision_intent:6;state:6,37,0,completed
334,dcta_parity_v1,topk_filter,aa0724188407797eae5187348bee11ee9f51317c4e8a201863b052786aa2f1df,823213c90703fd83224ad7122ee730ba64af3769ea517af252103bddd907f681,DMCHBA,ideal,1.0,19,361,4,0.1,36,,,dmchba_topk_10,/home/agxorin/topk_filter_study/simulator/scenarios/final_trial_500.csv,clue_search,03,6,0,7,0,0,0,0,12,6,6,12,0,0,collision_intent:6;state:6,36,0,completed
335,dcta_parity_v1,topk_filter,aa0724188407797eae5187348bee11ee9f51317c4e8a201863b052786aa2f1df,823213c90703fd83224ad7122ee730ba64af3769ea517af252103bddd907f681,DMCHBA,ideal,1.0,19,361,4,0.1,36,,,dmchba_topk_10,/home/agxorin/topk_filter_study/simulator/scenarios/final_trial_500.csv,clue_search,00,35,21,29,7,0,1,1,73,36,37,73,0,45,clue:2;collision_intent:36;state:35,216,0,completed
335,dcta_parity_v1,topk_filter,aa0724188407797eae5187348bee11ee9f51317c4e8a201863b052786aa2f1df,823213c90703fd83224ad7122ee730ba64af3769ea517af252103bddd907f681,DMCHBA,ideal,1.0,19,361,4,0.1,36,,,dmchba_topk_10,/home/agxorin/topk_filter_study/simulator/scenarios/final_trial_500.csv,clue_search,01,34,20,33,2,0,0,0,70,34,36,70,0,42,clue:2;collision_intent:34;state:34,219,0,completed
335,dcta_parity_v1,topk_filter,aa0724188407797eae5187348bee11ee9f51317c4e8a201863b052786aa2f1df,823213c90703fd83224ad7122ee730ba64af3769ea517af252103bddd907f681,DMCHBA,ideal,1.0,19,361,4,0.1,36,,,dmchba_topk_10,/home/agxorin/topk_filter_study/simulator/scenarios/final_trial_500.csv,clue_search,02,35,21,35,1,0,0,0,72,35,37,72,0,44,clue:2;collision_intent:35;state:35,217,0,completed
335,dcta_parity_v1,topk_filter,aa0724188407797eae5187348bee11ee9f51317c4e8a201863b052786aa2f1df,823213c90703fd83224ad7122ee730ba64af3769ea517af252103bddd907f681,DMCHBA,ideal,1.0,19,361,4,0.1,36,,,dmchba_topk_10,/home/agxorin/topk_filter_study/simulator/scenarios/final_trial_500.csv,clue_search,03,36,23,33,4,0,0,0,75,37,38,75,0,49,clue:2;collision_intent:36;state:36;target:1,215,0,completed
336,dcta_parity_v1,topk_filter,aa0724188407797eae5187348bee11ee9f51317c4e8a201863b052786aa2f1df,823213c90703fd83224ad7122ee730ba64af3769ea517af252103bddd907f681,DMCHBA,ideal,1.0,19,361,4,0.1,36,,,dmchba_topk_10,/home/agxorin/topk_filter_study/simulator/scenarios/final_trial_500.csv,clue_search,00,29,20,27,3,0,0,0,60,30,30,60,0,42,clue:1;collision_intent:30;state:29,172,0,completed
336,dcta_parity_v1,topk_filter,aa0724188407797eae5187348bee11ee9f51317c4e8a201863b052786aa2f1df,823213c90703fd83224ad7122ee730ba64af3769ea517af252103bddd907f681,DMCHBA,ideal,1.0,19,361,4,0.1,36,,,dmchba_topk_10,/home/agxorin/topk_filter_study/simulator/scenarios/final_trial_500.csv,clue_search,01,28,20,23,6,0,0,0,57,28,29,57,0,41,clue:1;collision_intent:28;state:28,176,0,completed
336,dcta_parity_v1,topk_filter,aa0724188407797eae5187348bee11ee9f51317c4e8a201863b052786aa2f1df,823213c90703fd83224ad7122ee730ba64af3769ea517af252103bddd907f681,DMCHBA,ideal,1.0,19,361,4,0.1,36,,,dmchba_topk_10,/home/agxorin/topk_filter_study/simulator/scenarios/final_trial_500.csv,clue_search,02,29,20,28,2,0,0,0,60,30,30,60,0,42,clue:1;collision_intent:29;state:29;target:1,174,0,completed
336,dcta_parity_v1,topk_filter,aa0724188407797eae5187348bee11ee9f51317c4e8a201863b052786aa2f1df,823213c90703fd83224ad7122ee730ba64af3769ea517af252103bddd907f681,DMCHBA,ideal,1.0,19,361,4,0.1,36,,,dmchba_topk_10,/home/agxorin/topk_filter_study/simulator/scenarios/final_trial_500.csv,clue_search,03,28,19,25,4,0,0,0,57,28,29,57,0,39,clue:1;collision_intent:28;state:28,175,0,completed
337,dcta_parity_v1,topk_filter,aa0724188407797eae5187348bee11ee9f51317c4e8a201863b052786aa2f1df,823213c90703fd83224ad7122ee730ba64af3769ea517af252103bddd907f681,DMCHBA,ideal,1.0,19,361,4,0.1,36,,,dmchba_topk_10,/home/agxorin/topk_filter_study/simulator/scenarios/final_trial_500.csv,clue_search,00,104,96,85,20,0,0,0,213,105,108,213,0,197,clue:4;collision_intent:104;state:104;target:1,649,0,completed
337,dcta_parity_v1,topk_filter,aa0724188407797eae5187348bee11ee9f51317c4e8a201863b052786aa2f1df,823213c90703fd83224ad7122ee730ba64af3769ea517af252103bddd907f681,DMCHBA,ideal,1.0,19,361,4,0.1,36,,,dmchba_topk_10,/home/agxorin/topk_filter_study/simulator/scenarios/final_trial_500.csv,clue_search,01,105,97,77,29,0,1,1,215,106,109,215,0,199,clue:4;collision_intent:106;state:105,647,0,completed
337,dcta_parity_v1,topk_filter,aa0724188407797eae5187348bee11ee9f51317c4e8a201863b052786aa2f1df,823213c90703fd83224ad7122ee730ba64af3769ea517af252103bddd907f681,DMCHBA,ideal,1.0,19,361,4,0.1,36,,,dmchba_topk_10,/home/agxorin/topk_filter_study/simulator/scenarios/final_trial_500.csv,clue_search,02,106,98,95,12,0,2,1,218,108,110,218,0,202,clue:4;collision_intent:108;state:106,642,0,completed
337,dcta_parity_v1,topk_filter,aa0724188407797eae5187348bee11ee9f51317c4e8a201863b052786aa2f1df,823213c90703fd83224ad7122ee730ba64af3769ea517af252103bddd907f681,DMCHBA,ideal,1.0,19,361,4,0.1,36,,,dmchba_topk_10,/home/agxorin/topk_filter_study/simulator/scenarios/final_trial_500.csv,clue_search,03,106,99,89,18,0,0,0,216,106,110,216,0,202,clue:4;collision_intent:106;state:106,645,0,completed
338,dcta_parity_v1,topk_filter,aa0724188407797eae5187348bee11ee9f51317c4e8a201863b052786aa2f1df,823213c90703fd83224ad7122ee730ba64af3769ea517af252103bddd907f681,DMCHBA,ideal,1.0,19,361,4,0.1,36,,,dmchba_topk_10,/home/agxorin/topk_filter_study/simulator/scenarios/final_trial_500.csv,clue_search,00,87,74,80,8,0,0,0,177,87,90,177,0,151,clue:3;collision_intent:87;state:87,530,0,completed
338,dcta_parity_v1,topk_filter,aa0724188407797eae5187348bee11ee9f51317c4e8a201863b052786aa2f1df,823213c90703fd83224ad7122ee730ba64af3769ea517af252103bddd907f681,DMCHBA,ideal,1.0,19,361,4,0.1,36,,,dmchba_topk_10,/home/agxorin/topk_filter_study/simulator/scenarios/final_trial_500.csv,clue_search,01,87,74,72,16,0,1,1,179,89,90,179,0,153,clue:3;collision_intent:88;state:87;target:1,529,0,completed
338,dcta_parity_v1,topk_filter,aa0724188407797eae5187348bee11ee9f51317c4e8a201863b052786aa2f1df,823213c90703fd83224ad7122ee730ba64af3769ea517af252103bddd907f681,DMCHBA,ideal,1.0,19,361,4,0.1,36,,,dmchba_topk_10,/home/agxorin/topk_filter_study/simulator/scenarios/final_trial_500.csv,clue_search,02,88,75,72,17,0,0,0,179,88,91,179,0,153,clue:3;collision_intent:88;state:88,527,0,completed
338,dcta_parity_v1,topk_filter,aa0724188407797eae5187348bee11ee9f51317c4e8a201863b052786aa2f1df,823213c90703fd83224ad7122ee730ba64af3769ea517af252103bddd907f681,DMCHBA,ideal,1.0,19,361,4,0.1,36,,,dmchba_topk_10,/home/agxorin/topk_filter_study/simulator/scenarios/final_trial_500.csv,clue_search,03,85,72,70,16,0,0,0,173,85,88,173,0,147,clue:3;collision_intent:85;state:85,533,0,completed
339,dcta_parity_v1,topk_filter,aa0724188407797eae5187348bee11ee9f51317c4e8a201863b052786aa2f1df,823213c90703fd83224ad7122ee730ba64af3769ea517af252103bddd907f681,DMCHBA,ideal,1.0,19,361,4,0.1,36,,,dmchba_topk_10,/home/agxorin/topk_filter_study/simulator/scenarios/final_trial_500.csv,clue_search,00,21,21,21,1,0,0,0,43,21,22,43,0,43,clue:1;collision_intent:21;state:21,124,0,completed
339,dcta_parity_v1,topk_filter,aa0724188407797eae5187348bee11ee9f51317c4e8a201863b052786aa2f1df,823213c90703fd83224ad7122ee730ba64af3769ea517af252103bddd907f681,DMCHBA,ideal,1.0,19,361,4,0.1,36,,,dmchba_topk_10,/home/agxorin/topk_filter_study/simulator/scenarios/final_trial_500.csv,clue_search,01,20,20,19,2,0,0,0,41,20,21,41,0,41,clue:1;collision_intent:20;state:20,127,0,completed
339,dcta_parity_v1,topk_filter,aa0724188407797eae5187348bee11ee9f51317c4e8a201863b052786aa2f1df,823213c90703fd83224ad7122ee730ba64af3769ea517af252103bddd907f681,DMCHBA,ideal,1.0,19,361,4,0.1,36,,,dmchba_topk_10,/home/agxorin/topk_filter_study/simulator/scenarios/final_trial_500.csv,clue_search,02,20,20,21,0,0,0,0,41,20,21,41,0,41,clue:1;collision_intent:20;state:20,127,0,completed
339,dcta_parity_v1,topk_filter,aa0724188407797eae5187348bee11ee9f51317c4e8a201863b052786aa2f1df,823213c90703fd83224ad7122ee730ba64af3769ea517af252103bddd907f681,DMCHBA,ideal,1.0,19,361,4,0.1,36,,,dmchba_topk_10,/home/agxorin/topk_filter_study/simulator/scenarios/final_trial_500.csv,clue_search,03,21,21,19,3,0,0,0,44,22,22,44,0,44,clue:1;collision_intent:21;state:21;target:1,125,0,completed
340,dcta_parity_v1,topk_filter,aa0724188407797eae5187348bee11ee9f51317c4e8a201863b052786aa2f1df,823213c90703fd83224ad7122ee730ba64af3769ea517af252103bddd907f681,DMCHBA,ideal,1.0,19,361,4,0.1,36,,,dmchba_topk_10,/home/agxorin/topk_filter_study/simulator/scenarios/final_trial_500.csv,clue_search,00,14,5,15,0,0,0,0,29,14,15,29,0,11,clue:1;collision_intent:14;state:14,88,0,completed
340,dcta_parity_v1,topk_filter,aa0724188407797eae5187348bee11ee9f51317c4e8a201863b052786aa2f1df,823213c90703fd83224ad7122ee730ba64af3769ea517af252103bddd907f681,DMCHBA,ideal,1.0,19,361,4,0.1,36,,,dmchba_topk_10,/home/agxorin/topk_filter_study/simulator/scenarios/final_trial_500.csv,clue_search,01,14,6,15,0,0,0,0,30,15,15,30,0,14,clue:1;collision_intent:14;state:14;target:1,87,0,completed
340,dcta_parity_v1,topk_filter,aa0724188407797eae5187348bee11ee9f51317c4e8a201863b052786aa2f1df,823213c90703fd83224ad7122ee730ba64af3769ea517af252103bddd907f681,DMCHBA,ideal,1.0,19,361,4,0.1,36,,,dmchba_topk_10,/home/agxorin/topk_filter_study/simulator/scenarios/final_trial_500.csv,clue_search,02,14,5,15,0,0,0,0,29,14,15,29,0,11,clue:1;collision_intent:14;state:14,88,0,completed
340,dcta_parity_v1,topk_filter,aa0724188407797eae5187348bee11ee9f51317c4e8a201863b052786aa2f1df,823213c90703fd83224ad7122ee730ba64af3769ea517af252103bddd907f681,DMCHBA,ideal,1.0,19,361,4,0.1,36,,,dmchba_topk_10,/home/agxorin/topk_filter_study/simulator/scenarios/final_trial_500.csv,clue_search,03,14,6,14,1,0,0,0,29,14,15,29,0,13,clue:1;collision_intent:14;state:14,87,0,completed
341,dcta_parity_v1,topk_filter,aa0724188407797eae5187348bee11ee9f51317c4e8a201863b052786aa2f1df,823213c90703fd83224ad7122ee730ba64af3769ea517af252103bddd907f681,DMCHBA,ideal,1.0,19,361,4,0.1,36,,,dmchba_topk_10,/home/agxorin/topk_filter_study/simulator/scenarios/final_trial_500.csv,clue_search,00,2,0,3,0,0,0,0,4,2,2,4,0,0,collision_intent:2;state:2,11,0,completed
341,dcta_parity_v1,topk_filter,aa0724188407797eae5187348bee11ee9f51317c4e8a201863b052786aa2f1df,823213c90703fd83224ad7122ee730ba64af3769ea517af252103bddd907f681,DMCHBA,ideal,1.0,19,361,4,0.1,36,,,dmchba_topk_10,/home/agxorin/topk_filter_study/simulator/scenarios/final_trial_500.csv,clue_search,01,1,0,2,0,0,0,0,3,2,1,3,0,0,collision_intent:2;state:1,12,0,completed
341,dcta_parity_v1,topk_filter,aa0724188407797eae5187348bee11ee9f51317c4e8a201863b052786aa2f1df,823213c90703fd83224ad7122ee730ba64af3769ea517af252103bddd907f681,DMCHBA,ideal,1.0,19,361,4,0.1,36,,,dmchba_topk_10,/home/agxorin/topk_filter_study/simulator/scenarios/final_trial_500.csv,clue_search,02,2,0,3,0,0,0,0,4,2,2,4,0,0,collision_intent:2;state:2,11,0,completed
341,dcta_parity_v1,topk_filter,aa0724188407797eae5187348bee11ee9f51317c4e8a201863b052786aa2f1df,823213c90703fd83224ad7122ee730ba64af3769ea517af252103bddd907f681,DMCHBA,ideal,1.0,19,361,4,0.1,36,,,dmchba_topk_10,/home/agxorin/topk_filter_study/simulator/scenarios/final_trial_500.csv,clue_search,03,2,0,3,0,0,0,0,5,3,2,5,0,0,collision_intent:2;state:2;target:1,11,0,completed
342,dcta_parity_v1,topk_filter,aa0724188407797eae5187348bee11ee9f51317c4e8a201863b052786aa2f1df,823213c90703fd83224ad7122ee730ba64af3769ea517af252103bddd907f681,DMCHBA,ideal,1.0,19,361,4,0.1,36,,,dmchba_topk_10,/home/agxorin/topk_filter_study/simulator/scenarios/final_trial_500.csv,clue_search,00,9,0,10,0,0,0,0,18,9,9,18,0,0,collision_intent:9;state:9,53,0,completed
342,dcta_parity_v1,topk_filter,aa0724188407797eae5187348bee11ee9f51317c4e8a201863b052786aa2f1df,823213c90703fd83224ad7122ee730ba64af3769ea517af252103bddd907f681,DMCHBA,ideal,1.0,19,361,4,0.1,36,,,dmchba_topk_10,/home/agxorin/topk_filter_study/simulator/scenarios/final_trial_500.csv,clue_search,01,8,0,9,0,0,0,0,16,8,8,16,0,0,collision_intent:8;state:8,55,0,completed
342,dcta_parity_v1,topk_filter,aa0724188407797eae5187348bee11ee9f51317c4e8a201863b052786aa2f1df,823213c90703fd83224ad7122ee730ba64af3769ea517af252103bddd907f681,DMCHBA,ideal,1.0,19,361,4,0.1,36,,,dmchba_topk_10,/home/agxorin/topk_filter_study/simulator/scenarios/final_trial_500.csv,clue_search,02,9,0,10,0,0,0,0,18,9,9,18,0,0,collision_intent:9;state:9,51,0,completed
342,dcta_parity_v1,topk_filter,aa0724188407797eae5187348bee11ee9f51317c4e8a201863b052786aa2f1df,823213c90703fd83224ad7122ee730ba64af3769ea517af252103bddd907f681,DMCHBA,ideal,1.0,19,361,4,0.1,36,,,dmchba_topk_10,/home/agxorin/topk_filter_study/simulator/scenarios/final_trial_500.csv,clue_search,03,9,0,10,0,0,0,0,19,10,9,19,0,0,collision_intent:9;state:9;target:1,52,0,completed
343,dcta_parity_v1,topk_filter,aa0724188407797eae5187348bee11ee9f51317c4e8a201863b052786aa2f1df,823213c90703fd83224ad7122ee730ba64af3769ea517af252103bddd907f681,DMCHBA,ideal,1.0,19,361,4,0.1,36,,,dmchba_topk_10,/home/agxorin/topk_filter_study/simulator/scenarios/final_trial_500.csv,clue_search,00,20,16,21,0,0,0,0,41,20,21,41,0,33,clue:1;collision_intent:20;state:20,131,0,completed
343,dcta_parity_v1,topk_filter,aa0724188407797eae5187348bee11ee9f51317c4e8a201863b052786aa2f1df,823213c90703fd83224ad7122ee730ba64af3769ea517af252103bddd907f681,DMCHBA,ideal,1.0,19,361,4,0.1,36,,,dmchba_topk_10,/home/agxorin/topk_filter_study/simulator/scenarios/final_trial_500.csv,clue_search,01,20,17,21,0,0,0,0,41,20,21,41,0,35,clue:1;collision_intent:20;state:20,131,0,completed
343,dcta_parity_v1,topk_filter,aa0724188407797eae5187348bee11ee9f51317c4e8a201863b052786aa2f1df,823213c90703fd83224ad7122ee730ba64af3769ea517af252103bddd907f681,DMCHBA,ideal,1.0,19,361,4,0.1,36,,,dmchba_topk_10,/home/agxorin/topk_filter_study/simulator/scenarios/final_trial_500.csv,clue_search,02,22,18,22,1,0,0,0,45,22,23,45,0,37,clue:1;collision_intent:22;state:22,127,0,completed
343,dcta_parity_v1,topk_filter,aa0724188407797eae5187348bee11ee9f51317c4e8a201863b052786aa2f1df,823213c90703fd83224ad7122ee730ba64af3769ea517af252103bddd907f681,DMCHBA,ideal,1.0,19,361,4,0.1,36,,,dmchba_topk_10,/home/agxorin/topk_filter_study/simulator/scenarios/final_trial_500.csv,clue_search,03,22,19,18,5,0,0,0,46,23,23,46,0,40,clue:1;collision_intent:22;state:22;target:1,127,0,completed
344,dcta_parity_v1,topk_filter,aa0724188407797eae5187348bee11ee9f51317c4e8a201863b052786aa2f1df,823213c90703fd83224ad7122ee730ba64af3769ea517af252103bddd907f681,DMCHBA,ideal,1.0,19,361,4,0.1,36,,,dmchba_topk_10,/home/agxorin/topk_filter_study/simulator/scenarios/final_trial_500.csv,clue_search,00,15,0,16,0,0,0,0,31,16,15,31,0,0,collision_intent:15;state:15;target:1,86,0,completed
344,dcta_parity_v1,topk_filter,aa0724188407797eae5187348bee11ee9f51317c4e8a201863b052786aa2f1df,823213c90703fd83224ad7122ee730ba64af3769ea517af252103bddd907f681,DMCHBA,ideal,1.0,19,361,4,0.1,36,,,dmchba_topk_10,/home/agxorin/topk_filter_study/simulator/scenarios/final_trial_500.csv,clue_search,01,14,0,15,0,0,0,0,28,14,14,28,0,0,collision_intent:14;state:14,88,0,completed
344,dcta_parity_v1,topk_filter,aa0724188407797eae5187348bee11ee9f51317c4e8a201863b052786aa2f1df,823213c90703fd83224ad7122ee730ba64af3769ea517af252103bddd907f681,DMCHBA,ideal,1.0,19,361,4,0.1,36,,,dmchba_topk_10,/home/agxorin/topk_filter_study/simulator/scenarios/final_trial_500.csv,clue_search,02,15,0,16,0,0,0,0,30,15,15,30,0,0,collision_intent:15;state:15,86,0,completed
344,dcta_parity_v1,topk_filter,aa0724188407797eae5187348bee11ee9f51317c4e8a201863b052786aa2f1df,823213c90703fd83224ad7122ee730ba64af3769ea517af252103bddd907f681,DMCHBA,ideal,1.0,19,361,4,0.1,36,,,dmchba_topk_10,/home/agxorin/topk_filter_study/simulator/scenarios/final_trial_500.csv,clue_search,03,14,0,15,0,0,0,0,28,14,14,28,0,0,collision_intent:14;state:14,89,0,completed
345,dcta_parity_v1,topk_filter,aa0724188407797eae5187348bee11ee9f51317c4e8a201863b052786aa2f1df,823213c90703fd83224ad7122ee730ba64af3769ea517af252103bddd907f681,DMCHBA,ideal,1.0,19,361,4,0.1,36,,,dmchba_topk_10,/home/agxorin/topk_filter_study/simulator/scenarios/final_trial_500.csv,clue_search,00,34,0,35,0,0,0,0,68,34,34,68,0,0,collision_intent:34;state:34,199,0,completed
345,dcta_parity_v1,topk_filter,aa0724188407797eae5187348bee11ee9f51317c4e8a201863b052786aa2f1df,823213c90703fd83224ad7122ee730ba64af3769ea517af252103bddd907f681,DMCHBA,ideal,1.0,19,361,4,0.1,36,,,dmchba_topk_10,/home/agxorin/topk_filter_study/simulator/scenarios/final_trial_500.csv,clue_search,01,33,0,34,0,0,0,0,66,33,33,66,0,0,collision_intent:33;state:33,201,0,completed
345,dcta_parity_v1,topk_filter,aa0724188407797eae5187348bee11ee9f51317c4e8a201863b052786aa2f1df,823213c90703fd83224ad7122ee730ba64af3769ea517af252103bddd907f681,DMCHBA,ideal,1.0,19,361,4,0.1,36,,,dmchba_topk_10,/home/agxorin/topk_filter_study/simulator/scenarios/final_trial_500.csv,clue_search,02,34,0,35,0,0,0,0,69,35,34,69,0,0,collision_intent:34;state:34;target:1,200,0,completed
345,dcta_parity_v1,topk_filter,aa0724188407797eae5187348bee11ee9f51317c4e8a201863b052786aa2f1df,823213c90703fd83224ad7122ee730ba64af3769ea517af252103bddd907f681,DMCHBA,ideal,1.0,19,361,4,0.1,36,,,dmchba_topk_10,/home/agxorin/topk_filter_study/simulator/scenarios/final_trial_500.csv,clue_search,03,33,0,34,0,0,0,0,66,33,33,66,0,0,collision_intent:33;state:33,202,0,completed
346,dcta_parity_v1,topk_filter,aa0724188407797eae5187348bee11ee9f51317c4e8a201863b052786aa2f1df,823213c90703fd83224ad7122ee730ba64af3769ea517af252103bddd907f681,DMCHBA,ideal,1.0,19,361,4,0.1,36,,,dmchba_topk_10,/home/agxorin/topk_filter_study/simulator/scenarios/final_trial_500.csv,clue_search,00,51,42,49,3,0,0,0,105,51,54,105,0,87,clue:3;collision_intent:51;state:51,320,0,completed
346,dcta_parity_v1,topk_filter,aa0724188407797eae5187348bee11ee9f51317c4e8a201863b052786aa2f1df,823213c90703fd83224ad7122ee730ba64af3769ea517af252103bddd907f681,DMCHBA,ideal,1.0,19,361,4,0.1,36,,,dmchba_topk_10,/home/agxorin/topk_filter_study/simulator/scenarios/final_trial_500.csv,clue_search,01,50,42,45,6,0,3,2,107,54,53,107,0,91,clue:3;collision_intent:54;state:50,318,0,completed
346,dcta_parity_v1,topk_filter,aa0724188407797eae5187348bee11ee9f51317c4e8a201863b052786aa2f1df,823213c90703fd83224ad7122ee730ba64af3769ea517af252103bddd907f681,DMCHBA,ideal,1.0,19,361,4,0.1,36,,,dmchba_topk_10,/home/agxorin/topk_filter_study/simulator/scenarios/final_trial_500.csv,clue_search,02,52,43,37,16,0,1,1,109,54,55,109,0,91,clue:3;collision_intent:53;state:52;target:1,317,0,completed
346,dcta_parity_v1,topk_filter,aa0724188407797eae5187348bee11ee9f51317c4e8a201863b052786aa2f1df,823213c90703fd83224ad7122ee730ba64af3769ea517af252103bddd907f681,DMCHBA,ideal,1.0,19,361,4,0.1,36,,,dmchba_topk_10,/home/agxorin/topk_filter_study/simulator/scenarios/final_trial_500.csv,clue_search,03,51,43,47,5,0,0,0,105,51,54,105,0,89,clue:3;collision_intent:51;state:51,319,0,completed
347,dcta_parity_v1,topk_filter,aa0724188407797eae5187348bee11ee9f51317c4e8a201863b052786aa2f1df,823213c90703fd83224ad7122ee730ba64af3769ea517af252103bddd907f681,DMCHBA,ideal,1.0,19,361,4,0.1,36,,,dmchba_topk_10,/home/agxorin/topk_filter_study/simulator/scenarios/final_trial_500.csv,clue_search,00,109,101,104,6,0,0,0,223,110,113,223,0,207,clue:4;collision_intent:109;state:109;target:1,656,0,completed
347,dcta_parity_v1,topk_filter,aa0724188407797eae5187348bee11ee9f51317c4e8a201863b052786aa2f1df,823213c90703fd83224ad7122ee730ba64af3769ea517af252103bddd907f681,DMCHBA,ideal,1.0,19,361,4,0.1,36,,,dmchba_topk_10,/home/agxorin/topk_filter_study/simulator/scenarios/final_trial_500.csv,clue_search,01,107,100,77,31,0,0,0,218,107,111,218,0,204,clue:4;collision_intent:107;state:107,660,0,completed
347,dcta_parity_v1,topk_filter,aa0724188407797eae5187348bee11ee9f51317c4e8a201863b052786aa2f1df,823213c90703fd83224ad7122ee730ba64af3769ea517af252103bddd907f681,DMCHBA,ideal,1.0,19,361,4,0.1,36,,,dmchba_topk_10,/home/agxorin/topk_filter_study/simulator/scenarios/final_trial_500.csv,clue_search,02,107,100,81,27,0,0,0,218,107,111,218,0,203,clue:4;collision_intent:107;state:107,660,0,completed
347,dcta_parity_v1,topk_filter,aa0724188407797eae5187348bee11ee9f51317c4e8a201863b052786aa2f1df,823213c90703fd83224ad7122ee730ba64af3769ea517af252103bddd907f681,DMCHBA,ideal,1.0,19,361,4,0.1,36,,,dmchba_topk_10,/home/agxorin/topk_filter_study/simulator/scenarios/final_trial_500.csv,clue_search,03,108,101,93,16,0,0,0,220,108,112,220,0,206,clue:4;collision_intent:108;state:108,657,0,completed
348,dcta_parity_v1,topk_filter,aa0724188407797eae5187348bee11ee9f51317c4e8a201863b052786aa2f1df,823213c90703fd83224ad7122ee730ba64af3769ea517af252103bddd907f681,DMCHBA,ideal,1.0,19,361,4,0.1,36,,,dmchba_topk_10,/home/agxorin/topk_filter_study/simulator/scenarios/final_trial_500.csv,clue_search,00,105,98,100,6,0,0,0,215,106,109,215,0,201,clue:4;collision_intent:106;state:105,657,0,completed
348,dcta_parity_v1,topk_filter,aa0724188407797eae5187348bee11ee9f51317c4e8a201863b052786aa2f1df,823213c90703fd83224ad7122ee730ba64af3769ea517af252103bddd907f681,DMCHBA,ideal,1.0,19,361,4,0.1,36,,,dmchba_topk_10,/home/agxorin/topk_filter_study/simulator/scenarios/final_trial_500.csv,clue_search,01,106,100,84,23,0,1,1,217,107,110,217,0,205,clue:4;collision_intent:107;state:106,654,0,completed
348,dcta_parity_v1,topk_filter,aa0724188407797eae5187348bee11ee9f51317c4e8a201863b052786aa2f1df,823213c90703fd83224ad7122ee730ba64af3769ea517af252103bddd907f681,DMCHBA,ideal,1.0,19,361,4,0.1,36,,,dmchba_topk_10,/home/agxorin/topk_filter_study/simulator/scenarios/final_trial_500.csv,clue_search,02,107,100,72,36,0,2,1,221,110,111,221,0,207,clue:4;collision_intent:109;state:107;target:1,651,0,completed
348,dcta_parity_v1,topk_filter,aa0724188407797eae5187348bee11ee9f51317c4e8a201863b052786aa2f1df,823213c90703fd83224ad7122ee730ba64af3769ea517af252103bddd907f681,DMCHBA,ideal,1.0,19,361,4,0.1,36,,,dmchba_topk_10,/home/agxorin/topk_filter_study/simulator/scenarios/final_trial_500.csv,clue_search,03,107,101,95,13,0,0,0,219,108,111,219,0,207,clue:4;collision_intent:108;state:107,652,0,completed
349,dcta_parity_v1,topk_filter,aa0724188407797eae5187348bee11ee9f51317c4e8a201863b052786aa2f1df,823213c90703fd83224ad7122ee730ba64af3769ea517af252103bddd907f681,DMCHBA,ideal,1.0,19,361,4,0.1,36,,,dmchba_topk_10,/home/agxorin/topk_filter_study/simulator/scenarios/final_trial_500.csv,clue_search,00,45,18,44,2,0,1,1,93,46,47,93,0,39,clue:2;collision_intent:46;state:45,272,0,completed
349,dcta_parity_v1,topk_filter,aa0724188407797eae5187348bee11ee9f51317c4e8a201863b052786aa2f1df,823213c90703fd83224ad7122ee730ba64af3769ea517af252103bddd907f681,DMCHBA,ideal,1.0,19,361,4,0.1,36,,,dmchba_topk_10,/home/agxorin/topk_filter_study/simulator/scenarios/final_trial_500.csv,clue_search,01,43,16,39,5,0,1,1,89,44,45,89,0,35,clue:2;collision_intent:44;state:43,275,0,completed
349,dcta_parity_v1,topk_filter,aa0724188407797eae5187348bee11ee9f51317c4e8a201863b052786aa2f1df,823213c90703fd83224ad7122ee730ba64af3769ea517af252103bddd907f681,DMCHBA,ideal,1.0,19,361,4,0.1,36,,,dmchba_topk_10,/home/agxorin/topk_filter_study/simulator/scenarios/final_trial_500.csv,clue_search,02,44,17,42,3,0,0,0,90,44,46,90,0,36,clue:2;collision_intent:44;state:44,275,0,completed
349,dcta_parity_v1,topk_filter,aa0724188407797eae5187348bee11ee9f51317c4e8a201863b052786aa2f1df,823213c90703fd83224ad7122ee730ba64af3769ea517af252103bddd907f681,DMCHBA,ideal,1.0,19,361,4,0.1,36,,,dmchba_topk_10,/home/agxorin/topk_filter_study/simulator/scenarios/final_trial_500.csv,clue_search,03,45,18,42,4,0,0,0,93,46,47,93,0,39,clue:2;collision_intent:45;state:45;target:1,272,0,completed
350,dcta_parity_v1,topk_filter,aa0724188407797eae5187348bee11ee9f51317c4e8a201863b052786aa2f1df,823213c90703fd83224ad7122ee730ba64af3769ea517af252103bddd907f681,DMCHBA,ideal,1.0,19,361,4,0.1,36,,,dmchba_topk_10,/home/agxorin/topk_filter_study/simulator/scenarios/final_trial_500.csv,clue_search,00,12,0,13,0,0,0,0,25,13,12,25,0,0,collision_intent:12;state:12;target:1,68,0,completed
350,dcta_parity_v1,topk_filter,aa0724188407797eae5187348bee11ee9f51317c4e8a201863b052786aa2f1df,823213c90703fd83224ad7122ee730ba64af3769ea517af252103bddd907f681,DMCHBA,ideal,1.0,19,361,4,0.1,36,,,dmchba_topk_10,/home/agxorin/topk_filter_study/simulator/scenarios/final_trial_500.csv,clue_search,01,11,0,12,0,0,0,0,22,11,11,22,0,0,collision_intent:11;state:11,70,0,completed
350,dcta_parity_v1,topk_filter,aa0724188407797eae5187348bee11ee9f51317c4e8a201863b052786aa2f1df,823213c90703fd83224ad7122ee730ba64af3769ea517af252103bddd907f681,DMCHBA,ideal,1.0,19,361,4,0.1,36,,,dmchba_topk_10,/home/agxorin/topk_filter_study/simulator/scenarios/final_trial_500.csv,clue_search,02,12,0,13,0,0,0,0,24,12,12,24,0,0,collision_intent:12;state:12,67,0,completed
350,dcta_parity_v1,topk_filter,aa0724188407797eae5187348bee11ee9f51317c4e8a201863b052786aa2f1df,823213c90703fd83224ad7122ee730ba64af3769ea517af252103bddd907f681,DMCHBA,ideal,1.0,19,361,4,0.1,36,,,dmchba_topk_10,/home/agxorin/topk_filter_study/simulator/scenarios/final_trial_500.csv,clue_search,03,11,0,12,0,0,0,0,22,11,11,22,0,0,collision_intent:11;state:11,70,0,completed
351,dcta_parity_v1,topk_filter,aa0724188407797eae5187348bee11ee9f51317c4e8a201863b052786aa2f1df,823213c90703fd83224ad7122ee730ba64af3769ea517af252103bddd907f681,DMCHBA,ideal,1.0,19,361,4,0.1,36,,,dmchba_topk_10,/home/agxorin/topk_filter_study/simulator/scenarios/final_trial_500.csv,clue_search,00,39,0,40,0,0,0,0,79,40,39,79,0,0,collision_intent:39;state:39;target:1,233,0,completed
351,dcta_parity_v1,topk_filter,aa0724188407797eae5187348bee11ee9f51317c4e8a201863b052786aa2f1df,823213c90703fd83224ad7122ee730ba64af3769ea517af252103bddd907f681,DMCHBA,ideal,1.0,19,361,4,0.1,36,,,dmchba_topk_10,/home/agxorin/topk_filter_study/simulator/scenarios/final_trial_500.csv,clue_search,01,39,0,40,0,0,0,0,78,39,39,78,0,0,collision_intent:39;state:39,233,0,completed
351,dcta_parity_v1,topk_filter,aa0724188407797eae5187348bee11ee9f51317c4e8a201863b052786aa2f1df,823213c90703fd83224ad7122ee730ba64af3769ea517af252103bddd907f681,DMCHBA,ideal,1.0,19,361,4,0.1,36,,,dmchba_topk_10,/home/agxorin/topk_filter_study/simulator/scenarios/final_trial_500.csv,clue_search,02,38,0,39,0,0,0,0,77,39,38,77,0,0,collision_intent:39;state:38,234,0,completed
351,dcta_parity_v1,topk_filter,aa0724188407797eae5187348bee11ee9f51317c4e8a201863b052786aa2f1df,823213c90703fd83224ad7122ee730ba64af3769ea517af252103bddd907f681,DMCHBA,ideal,1.0,19,361,4,0.1,36,,,dmchba_topk_10,/home/agxorin/topk_filter_study/simulator/scenarios/final_trial_500.csv,clue_search,03,39,0,40,0,0,0,0,78,39,39,78,0,0,collision_intent:39;state:39,232,0,completed
352,dcta_parity_v1,topk_filter,aa0724188407797eae5187348bee11ee9f51317c4e8a201863b052786aa2f1df,823213c90703fd83224ad7122ee730ba64af3769ea517af252103bddd907f681,DMCHBA,ideal,1.0,19,361,4,0.1,36,,,dmchba_topk_10,/home/agxorin/topk_filter_study/simulator/scenarios/final_trial_500.csv,clue_search,00,32,4,33,0,0,0,0,66,32,34,66,0,10,clue:2;collision_intent:32;state:32,194,0,completed
352,dcta_parity_v1,topk_filter,aa0724188407797eae5187348bee11ee9f51317c4e8a201863b052786aa2f1df,823213c90703fd83224ad7122ee730ba64af3769ea517af252103bddd907f681,DMCHBA,ideal,1.0,19,361,4,0.1,36,,,dmchba_topk_10,/home/agxorin/topk_filter_study/simulator/scenarios/final_trial_500.csv,clue_search,01,32,5,33,0,0,0,0,67,33,34,67,0,13,clue:2;collision_intent:32;state:32;target:1,195,0,completed
352,dcta_parity_v1,topk_filter,aa0724188407797eae5187348bee11ee9f51317c4e8a201863b052786aa2f1df,823213c90703fd83224ad7122ee730ba64af3769ea517af252103bddd907f681,DMCHBA,ideal,1.0,19,361,4,0.1,36,,,dmchba_topk_10,/home/agxorin/topk_filter_study/simulator/scenarios/final_trial_500.csv,clue_search,02,31,3,32,0,0,0,0,65,32,33,65,0,9,clue:2;collision_intent:32;state:31,196,0,completed
352,dcta_parity_v1,topk_filter,aa0724188407797eae5187348bee11ee9f51317c4e8a201863b052786aa2f1df,823213c90703fd83224ad7122ee730ba64af3769ea517af252103bddd907f681,DMCHBA,ideal,1.0,19,361,4,0.1,36,,,dmchba_topk_10,/home/agxorin/topk_filter_study/simulator/scenarios/final_trial_500.csv,clue_search,03,31,4,31,1,0,0,0,64,31,33,64,0,10,clue:2;collision_intent:31;state:31,197,0,completed
353,dcta_parity_v1,topk_filter,aa0724188407797eae5187348bee11ee9f51317c4e8a201863b052786aa2f1df,823213c90703fd83224ad7122ee730ba64af3769ea517af252103bddd907f681,DMCHBA,ideal,1.0,19,361,4,0.1,36,,,dmchba_topk_10,/home/agxorin/topk_filter_study/simulator/scenarios/final_trial_500.csv,clue_search,00,58,52,44,15,0,0,0,118,58,60,118,0,106,clue:2;collision_intent:58;state:58,350,0,completed
353,dcta_parity_v1,topk_filter,aa0724188407797eae5187348bee11ee9f51317c4e8a201863b052786aa2f1df,823213c90703fd83224ad7122ee730ba64af3769ea517af252103bddd907f681,DMCHBA,ideal,1.0,19,361,4,0.1,36,,,dmchba_topk_10,/home/agxorin/topk_filter_study/simulator/scenarios/final_trial_500.csv,clue_search,01,57,51,49,9,0,1,1,117,58,59,117,0,105,clue:2;collision_intent:58;state:57,352,0,completed
353,dcta_parity_v1,topk_filter,aa0724188407797eae5187348bee11ee9f51317c4e8a201863b052786aa2f1df,823213c90703fd83224ad7122ee730ba64af3769ea517af252103bddd907f681,DMCHBA,ideal,1.0,19,361,4,0.1,36,,,dmchba_topk_10,/home/agxorin/topk_filter_study/simulator/scenarios/final_trial_500.csv,clue_search,02,58,52,55,4,0,0,0,119,59,60,119,0,107,clue:2;collision_intent:58;state:58;target:1,351,0,completed
353,dcta_parity_v1,topk_filter,aa0724188407797eae5187348bee11ee9f51317c4e8a201863b052786aa2f1df,823213c90703fd83224ad7122ee730ba64af3769ea517af252103bddd907f681,DMCHBA,ideal,1.0,19,361,4,0.1,36,,,dmchba_topk_10,/home/agxorin/topk_filter_study/simulator/scenarios/final_trial_500.csv,clue_search,03,57,51,55,3,0,0,0,116,57,59,116,0,104,clue:2;collision_intent:57;state:57,354,0,completed
354,dcta_parity_v1,topk_filter,aa0724188407797eae5187348bee11ee9f51317c4e8a201863b052786aa2f1df,823213c90703fd83224ad7122ee730ba64af3769ea517af252103bddd907f681,DMCHBA,ideal,1.0,19,361,4,0.1,36,,,dmchba_topk_10,/home/agxorin/topk_filter_study/simulator/scenarios/final_trial_500.csv,clue_search,00,20,14,21,0,0,0,0,42,21,21,42,0,30,clue:1;collision_intent:21;state:20,129,0,completed
354,dcta_parity_v1,topk_filter,aa0724188407797eae5187348bee11ee9f51317c4e8a201863b052786aa2f1df,823213c90703fd83224ad7122ee730ba64af3769ea517af252103bddd907f681,DMCHBA,ideal,1.0,19,361,4,0.1,36,,,dmchba_topk_10,/home/agxorin/topk_filter_study/simulator/scenarios/final_trial_500.csv,clue_search,01,20,14,19,2,0,1,1,43,22,21,43,0,31,clue:1;collision_intent:21;state:20;target:1,128,0,completed
354,dcta_parity_v1,topk_filter,aa0724188407797eae5187348bee11ee9f51317c4e8a201863b052786aa2f1df,823213c90703fd83224ad7122ee730ba64af3769ea517af252103bddd907f681,DMCHBA,ideal,1.0,19,361,4,0.1,36,,,dmchba_topk_10,/home/agxorin/topk_filter_study/simulator/scenarios/final_trial_500.csv,clue_search,02,21,15,20,2,0,0,0,43,21,22,43,0,31,clue:1;collision_intent:21;state:21,126,0,completed
354,dcta_parity_v1,topk_filter,aa0724188407797eae5187348bee11ee9f51317c4e8a201863b052786aa2f1df,823213c90703fd83224ad7122ee730ba64af3769ea517af252103bddd907f681,DMCHBA,ideal,1.0,19,361,4,0.1,36,,,dmchba_topk_10,/home/agxorin/topk_filter_study/simulator/scenarios/final_trial_500.csv,clue_search,03,21,15,18,4,0,0,0,43,21,22,43,0,31,clue:1;collision_intent:21;state:21,127,0,completed
355,dcta_parity_v1,topk_filter,aa0724188407797eae5187348bee11ee9f51317c4e8a201863b052786aa2f1df,823213c90703fd83224ad7122ee730ba64af3769ea517af252103bddd907f681,DMCHBA,ideal,1.0,19,361,4,0.1,36,,,dmchba_topk_10,/home/agxorin/topk_filter_study/simulator/scenarios/final_trial_500.csv,clue_search,00,18,1,19,0,0,0,0,37,18,19,37,0,3,clue:1;collision_intent:18;state:18,111,0,completed
355,dcta_parity_v1,topk_filter,aa0724188407797eae5187348bee11ee9f51317c4e8a201863b052786aa2f1df,823213c90703fd83224ad7122ee730ba64af3769ea517af252103bddd907f681,DMCHBA,ideal,1.0,19,361,4,0.1,36,,,dmchba_topk_10,/home/agxorin/topk_filter_study/simulator/scenarios/final_trial_500.csv,clue_search,01,18,1,19,0,0,0,0,38,19,19,38,0,4,clue:1;collision_intent:18;state:18;target:1,110,0,completed
355,dcta_parity_v1,topk_filter,aa0724188407797eae5187348bee11ee9f51317c4e8a201863b052786aa2f1df,823213c90703fd83224ad7122ee730ba64af3769ea517af252103bddd907f681,DMCHBA,ideal,1.0,19,361,4,0.1,36,,,dmchba_topk_10,/home/agxorin/topk_filter_study/simulator/scenarios/final_trial_500.csv,clue_search,02,18,1,19,0,0,0,0,37,18,19,37,0,3,clue:1;collision_intent:18;state:18,109,0,completed
355,dcta_parity_v1,topk_filter,aa0724188407797eae5187348bee11ee9f51317c4e8a201863b052786aa2f1df,823213c90703fd83224ad7122ee730ba64af3769ea517af252103bddd907f681,DMCHBA,ideal,1.0,19,361,4,0.1,36,,,dmchba_topk_10,/home/agxorin/topk_filter_study/simulator/scenarios/final_trial_500.csv,clue_search,03,17,1,18,0,0,0,0,36,18,18,36,0,3,clue:1;collision_intent:18;state:17,111,0,completed
356,dcta_parity_v1,topk_filter,aa0724188407797eae5187348bee11ee9f51317c4e8a201863b052786aa2f1df,823213c90703fd83224ad7122ee730ba64af3769ea517af252103bddd907f681,DMCHBA,ideal,1.0,19,361,4,0.1,36,,,dmchba_topk_10,/home/agxorin/topk_filter_study/simulator/scenarios/final_trial_500.csv,clue_search,00,34,24,32,3,0,0,0,70,34,36,70,0,50,clue:2;collision_intent:34;state:34,206,0,completed
356,dcta_parity_v1,topk_filter,aa0724188407797eae5187348bee11ee9f51317c4e8a201863b052786aa2f1df,823213c90703fd83224ad7122ee730ba64af3769ea517af252103bddd907f681,DMCHBA,ideal,1.0,19,361,4,0.1,36,,,dmchba_topk_10,/home/agxorin/topk_filter_study/simulator/scenarios/final_trial_500.csv,clue_search,01,33,24,27,7,0,0,0,68,33,35,68,0,50,clue:2;collision_intent:33;state:33,207,0,completed
356,dcta_parity_v1,topk_filter,aa0724188407797eae5187348bee11ee9f51317c4e8a201863b052786aa2f1df,823213c90703fd83224ad7122ee730ba64af3769ea517af252103bddd907f681,DMCHBA,ideal,1.0,19,361,4,0.1,36,,,dmchba_topk_10,/home/agxorin/topk_filter_study/simulator/scenarios/final_trial_500.csv,clue_search,02,34,24,33,2,0,0,0,71,35,36,71,0,51,clue:2;collision_intent:34;state:34;target:1,206,0,completed
356,dcta_parity_v1,topk_filter,aa0724188407797eae5187348bee11ee9f51317c4e8a201863b052786aa2f1df,823213c90703fd83224ad7122ee730ba64af3769ea517af252103bddd907f681,DMCHBA,ideal,1.0,19,361,4,0.1,36,,,dmchba_topk_10,/home/agxorin/topk_filter_study/simulator/scenarios/final_trial_500.csv,clue_search,03,33,23,28,6,0,0,0,68,33,35,68,0,48,clue:2;collision_intent:33;state:33,208,0,completed
357,dcta_parity_v1,topk_filter,aa0724188407797eae5187348bee11ee9f51317c4e8a201863b052786aa2f1df,823213c90703fd83224ad7122ee730ba64af3769ea517af252103bddd907f681,DMCHBA,ideal,1.0,19,361,4,0.1,36,,,dmchba_topk_10,/home/agxorin/topk_filter_study/simulator/scenarios/final_trial_500.csv,clue_search,00,41,35,38,4,0,0,0,85,42,43,85,0,73,clue:2;collision_intent:41;state:41;target:1,246,0,completed
357,dcta_parity_v1,topk_filter,aa0724188407797eae5187348bee11ee9f51317c4e8a201863b052786aa2f1df,823213c90703fd83224ad7122ee730ba64af3769ea517af252103bddd907f681,DMCHBA,ideal,1.0,19,361,4,0.1,36,,,dmchba_topk_10,/home/agxorin/topk_filter_study/simulator/scenarios/final_trial_500.csv,clue_search,01,39,34,33,7,0,2,2,82,41,41,82,0,72,clue:2;collision_intent:41;state:39,248,0,completed
357,dcta_parity_v1,topk_filter,aa0724188407797eae5187348bee11ee9f51317c4e8a201863b052786aa2f1df,823213c90703fd83224ad7122ee730ba64af3769ea517af252103bddd907f681,DMCHBA,ideal,1.0,19,361,4,0.1,36,,,dmchba_topk_10,/home/agxorin/topk_filter_study/simulator/scenarios/final_trial_500.csv,clue_search,02,40,34,36,5,0,0,0,82,40,42,82,0,70,clue:2;collision_intent:40;state:40,249,0,completed
357,dcta_parity_v1,topk_filter,aa0724188407797eae5187348bee11ee9f51317c4e8a201863b052786aa2f1df,823213c90703fd83224ad7122ee730ba64af3769ea517af252103bddd907f681,DMCHBA,ideal,1.0,19,361,4,0.1,36,,,dmchba_topk_10,/home/agxorin/topk_filter_study/simulator/scenarios/final_trial_500.csv,clue_search,03,40,34,32,9,0,0,0,82,40,42,82,0,70,clue:2;collision_intent:40;state:40,247,0,completed
358,dcta_parity_v1,topk_filter,aa0724188407797eae5187348bee11ee9f51317c4e8a201863b052786aa2f1df,823213c90703fd83224ad7122ee730ba64af3769ea517af252103bddd907f681,DMCHBA,ideal,1.0,19,361,4,0.1,36,,,dmchba_topk_10,/home/agxorin/topk_filter_study/simulator/scenarios/final_trial_500.csv,clue_search,00,65,37,62,4,0,0,0,133,66,67,133,0,77,clue:2;collision_intent:66;state:65,399,0,completed
358,dcta_parity_v1,topk_filter,aa0724188407797eae5187348bee11ee9f51317c4e8a201863b052786aa2f1df,823213c90703fd83224ad7122ee730ba64af3769ea517af252103bddd907f681,DMCHBA,ideal,1.0,19,361,4,0.1,36,,,dmchba_topk_10,/home/agxorin/topk_filter_study/simulator/scenarios/final_trial_500.csv,clue_search,01,64,36,53,12,0,4,4,134,68,66,134,0,78,clue:2;collision_intent:68;state:64,398,0,completed
358,dcta_parity_v1,topk_filter,aa0724188407797eae5187348bee11ee9f51317c4e8a201863b052786aa2f1df,823213c90703fd83224ad7122ee730ba64af3769ea517af252103bddd907f681,DMCHBA,ideal,1.0,19,361,4,0.1,36,,,dmchba_topk_10,/home/agxorin/topk_filter_study/simulator/scenarios/final_trial_500.csv,clue_search,02,65,37,63,3,0,0,0,133,66,67,133,0,77,clue:2;collision_intent:65;state:65;target:1,400,0,completed
358,dcta_parity_v1,topk_filter,aa0724188407797eae5187348bee11ee9f51317c4e8a201863b052786aa2f1df,823213c90703fd83224ad7122ee730ba64af3769ea517af252103bddd907f681,DMCHBA,ideal,1.0,19,361,4,0.1,36,,,dmchba_topk_10,/home/agxorin/topk_filter_study/simulator/scenarios/final_trial_500.csv,clue_search,03,65,38,41,25,0,1,1,133,66,67,133,0,78,clue:2;collision_intent:66;state:65,400,0,completed
359,dcta_parity_v1,topk_filter,aa0724188407797eae5187348bee11ee9f51317c4e8a201863b052786aa2f1df,823213c90703fd83224ad7122ee730ba64af3769ea517af252103bddd907f681,DMCHBA,ideal,1.0,19,361,4,0.1,36,,,dmchba_topk_10,/home/agxorin/topk_filter_study/simulator/scenarios/final_trial_500.csv,clue_search,00,89,86,76,14,0,1,1,181,90,91,181,0,175,clue:2;collision_intent:90;state:89,532,0,completed
359,dcta_parity_v1,topk_filter,aa0724188407797eae5187348bee11ee9f51317c4e8a201863b052786aa2f1df,823213c90703fd83224ad7122ee730ba64af3769ea517af252103bddd907f681,DMCHBA,ideal,1.0,19,361,4,0.1,36,,,dmchba_topk_10,/home/agxorin/topk_filter_study/simulator/scenarios/final_trial_500.csv,clue_search,01,88,85,69,20,0,0,0,179,89,90,179,0,173,clue:2;collision_intent:88;state:88;target:1,535,0,completed
359,dcta_parity_v1,topk_filter,aa0724188407797eae5187348bee11ee9f51317c4e8a201863b052786aa2f1df,823213c90703fd83224ad7122ee730ba64af3769ea517af252103bddd907f681,DMCHBA,ideal,1.0,19,361,4,0.1,36,,,dmchba_topk_10,/home/agxorin/topk_filter_study/simulator/scenarios/final_trial_500.csv,clue_search,02,88,85,87,2,0,0,0,178,88,90,178,0,172,clue:2;collision_intent:88;state:88,535,0,completed
359,dcta_parity_v1,topk_filter,aa0724188407797eae5187348bee11ee9f51317c4e8a201863b052786aa2f1df,823213c90703fd83224ad7122ee730ba64af3769ea517af252103bddd907f681,DMCHBA,ideal,1.0,19,361,4,0.1,36,,,dmchba_topk_10,/home/agxorin/topk_filter_study/simulator/scenarios/final_trial_500.csv,clue_search,03,87,84,76,12,0,0,0,176,87,89,176,0,170,clue:2;collision_intent:87;state:87,538,0,completed
360,dcta_parity_v1,topk_filter,aa0724188407797eae5187348bee11ee9f51317c4e8a201863b052786aa2f1df,823213c90703fd83224ad7122ee730ba64af3769ea517af252103bddd907f681,DMCHBA,ideal,1.0,19,361,4,0.1,36,,,dmchba_topk_10,/home/agxorin/topk_filter_study/simulator/scenarios/final_trial_500.csv,clue_search,00,74,50,64,11,0,0,0,150,74,76,150,0,102,clue:2;collision_intent:74;state:74,441,0,completed
360,dcta_parity_v1,topk_filter,aa0724188407797eae5187348bee11ee9f51317c4e8a201863b052786aa2f1df,823213c90703fd83224ad7122ee730ba64af3769ea517af252103bddd907f681,DMCHBA,ideal,1.0,19,361,4,0.1,36,,,dmchba_topk_10,/home/agxorin/topk_filter_study/simulator/scenarios/final_trial_500.csv,clue_search,01,72,48,58,15,0,0,0,147,73,74,147,0,99,clue:2;collision_intent:72;state:72;target:1,446,0,completed
360,dcta_parity_v1,topk_filter,aa0724188407797eae5187348bee11ee9f51317c4e8a201863b052786aa2f1df,823213c90703fd83224ad7122ee730ba64af3769ea517af252103bddd907f681,DMCHBA,ideal,1.0,19,361,4,0.1,36,,,dmchba_topk_10,/home/agxorin/topk_filter_study/simulator/scenarios/final_trial_500.csv,clue_search,02,73,48,67,7,0,0,0,148,73,75,148,0,98,clue:2;collision_intent:73;state:73,444,0,completed
360,dcta_parity_v1,topk_filter,aa0724188407797eae5187348bee11ee9f51317c4e8a201863b052786aa2f1df,823213c90703fd83224ad7122ee730ba64af3769ea517af252103bddd907f681,DMCHBA,ideal,1.0,19,361,4,0.1,36,,,dmchba_topk_10,/home/agxorin/topk_filter_study/simulator/scenarios/final_trial_500.csv,clue_search,03,72,47,58,15,0,1,1,148,74,74,148,0,98,clue:2;collision_intent:74;state:72,444,0,completed
361,dcta_parity_v1,topk_filter,aa0724188407797eae5187348bee11ee9f51317c4e8a201863b052786aa2f1df,823213c90703fd83224ad7122ee730ba64af3769ea517af252103bddd907f681,DMCHBA,ideal,1.0,19,361,4,0.1,36,,,dmchba_topk_10,/home/agxorin/topk_filter_study/simulator/scenarios/final_trial_500.csv,clue_search,00,7,4,8,0,0,0,0,15,7,8,15,0,9,clue:1;collision_intent:7;state:7,48,0,completed
361,dcta_parity_v1,topk_filter,aa0724188407797eae5187348bee11ee9f51317c4e8a201863b052786aa2f1df,823213c90703fd83224ad7122ee730ba64af3769ea517af252103bddd907f681,DMCHBA,ideal,1.0,19,361,4,0.1,36,,,dmchba_topk_10,/home/agxorin/topk_filter_study/simulator/scenarios/final_trial_500.csv,clue_search,01,7,4,8,0,0,0,0,15,7,8,15,0,9,clue:1;collision_intent:7;state:7,50,0,completed
361,dcta_parity_v1,topk_filter,aa0724188407797eae5187348bee11ee9f51317c4e8a201863b052786aa2f1df,823213c90703fd83224ad7122ee730ba64af3769ea517af252103bddd907f681,DMCHBA,ideal,1.0,19,361,4,0.1,36,,,dmchba_topk_10,/home/agxorin/topk_filter_study/simulator/scenarios/final_trial_500.csv,clue_search,02,8,5,9,0,0,0,0,18,9,9,18,0,12,clue:1;collision_intent:8;state:8;target:1,47,0,completed
361,dcta_parity_v1,topk_filter,aa0724188407797eae5187348bee11ee9f51317c4e8a201863b052786aa2f1df,823213c90703fd83224ad7122ee730ba64af3769ea517af252103bddd907f681,DMCHBA,ideal,1.0,19,361,4,0.1,36,,,dmchba_topk_10,/home/agxorin/topk_filter_study/simulator/scenarios/final_trial_500.csv,clue_search,03,8,5,8,1,0,0,0,17,8,9,17,0,11,clue:1;collision_intent:8;state:8,47,0,completed
362,dcta_parity_v1,topk_filter,aa0724188407797eae5187348bee11ee9f51317c4e8a201863b052786aa2f1df,823213c90703fd83224ad7122ee730ba64af3769ea517af252103bddd907f681,DMCHBA,ideal,1.0,19,361,4,0.1,36,,,dmchba_topk_10,/home/agxorin/topk_filter_study/simulator/scenarios/final_trial_500.csv,clue_search,00,44,27,42,3,0,0,0,90,44,46,90,0,56,clue:2;collision_intent:44;state:44,274,0,completed
362,dcta_parity_v1,topk_filter,aa0724188407797eae5187348bee11ee9f51317c4e8a201863b052786aa2f1df,823213c90703fd83224ad7122ee730ba64af3769ea517af252103bddd907f681,DMCHBA,ideal,1.0,19,361,4,0.1,36,,,dmchba_topk_10,/home/agxorin/topk_filter_study/simulator/scenarios/final_trial_500.csv,clue_search,01,44,27,35,10,0,1,1,91,45,46,91,0,57,clue:2;collision_intent:45;state:44,273,0,completed
362,dcta_parity_v1,topk_filter,aa0724188407797eae5187348bee11ee9f51317c4e8a201863b052786aa2f1df,823213c90703fd83224ad7122ee730ba64af3769ea517af252103bddd907f681,DMCHBA,ideal,1.0,19,361,4,0.1,36,,,dmchba_topk_10,/home/agxorin/topk_filter_study/simulator/scenarios/final_trial_500.csv,clue_search,02,44,27,42,3,0,0,0,90,44,46,90,0,56,clue:2;collision_intent:44;state:44,274,0,completed
362,dcta_parity_v1,topk_filter,aa0724188407797eae5187348bee11ee9f51317c4e8a201863b052786aa2f1df,823213c90703fd83224ad7122ee730ba64af3769ea517af252103bddd907f681,DMCHBA,ideal,1.0,19,361,4,0.1,36,,,dmchba_topk_10,/home/agxorin/topk_filter_study/simulator/scenarios/final_trial_500.csv,clue_search,03,46,30,41,6,0,0,0,95,47,48,95,0,62,clue:2;collision_intent:46;state:46;target:1,271,0,completed
363,dcta_parity_v1,topk_filter,aa0724188407797eae5187348bee11ee9f51317c4e8a201863b052786aa2f1df,823213c90703fd83224ad7122ee730ba64af3769ea517af252103bddd907f681,DMCHBA,ideal,1.0,19,361,4,0.1,36,,,dmchba_topk_10,/home/agxorin/topk_filter_study/simulator/scenarios/final_trial_500.csv,clue_search,00,34,15,34,1,0,0,0,69,34,35,69,0,31,clue:1;collision_intent:34;state:34,205,0,completed
363,dcta_parity_v1,topk_filter,aa0724188407797eae5187348bee11ee9f51317c4e8a201863b052786aa2f1df,823213c90703fd83224ad7122ee730ba64af3769ea517af252103bddd907f681,DMCHBA,ideal,1.0,19,361,4,0.1,36,,,dmchba_topk_10,/home/agxorin/topk_filter_study/simulator/scenarios/final_trial_500.csv,clue_search,01,34,16,31,4,0,0,0,69,34,35,69,0,33,clue:1;collision_intent:34;state:34,205,0,completed
363,dcta_parity_v1,topk_filter,aa0724188407797eae5187348bee11ee9f51317c4e8a201863b052786aa2f1df,823213c90703fd83224ad7122ee730ba64af3769ea517af252103bddd907f681,DMCHBA,ideal,1.0,19,361,4,0.1,36,,,dmchba_topk_10,/home/agxorin/topk_filter_study/simulator/scenarios/final_trial_500.csv,clue_search,02,34,15,34,1,0,1,1,71,36,35,71,0,33,clue:1;collision_intent:35;state:34;target:1,205,0,completed
363,dcta_parity_v1,topk_filter,aa0724188407797eae5187348bee11ee9f51317c4e8a201863b052786aa2f1df,823213c90703fd83224ad7122ee730ba64af3769ea517af252103bddd907f681,DMCHBA,ideal,1.0,19,361,4,0.1,36,,,dmchba_topk_10,/home/agxorin/topk_filter_study/simulator/scenarios/final_trial_500.csv,clue_search,03,33,14,34,0,0,0,0,67,33,34,67,0,29,clue:1;collision_intent:33;state:33,207,0,completed
364,dcta_parity_v1,topk_filter,aa0724188407797eae5187348bee11ee9f51317c4e8a201863b052786aa2f1df,823213c90703fd83224ad7122ee730ba64af3769ea517af252103bddd907f681,DMCHBA,ideal,1.0,19,361,4,0.1,36,,,dmchba_topk_10,/home/agxorin/topk_filter_study/simulator/scenarios/final_trial_500.csv,clue_search,00,69,64,56,14,0,0,0,142,69,73,142,0,132,clue:4;collision_intent:69;state:69,425,0,completed
364,dcta_parity_v1,topk_filter,aa0724188407797eae5187348bee11ee9f51317c4e8a201863b052786aa2f1df,823213c90703fd83224ad7122ee730ba64af3769ea517af252103bddd907f681,DMCHBA,ideal,1.0,19,361,4,0.1,36,,,dmchba_topk_10,/home/agxorin/topk_filter_study/simulator/scenarios/final_trial_500.csv,clue_search,01,70,65,63,8,0,0,0,145,71,74,145,0,135,clue:4;collision_intent:70;state:70;target:1,424,0,completed
364,dcta_parity_v1,topk_filter,aa0724188407797eae5187348bee11ee9f51317c4e8a201863b052786aa2f1df,823213c90703fd83224ad7122ee730ba64af3769ea517af252103bddd907f681,DMCHBA,ideal,1.0,19,361,4,0.1,36,,,dmchba_topk_10,/home/agxorin/topk_filter_study/simulator/scenarios/final_trial_500.csv,clue_search,02,69,63,66,4,0,0,0,142,69,73,142,0,130,clue:4;collision_intent:69;state:69,425,0,completed
364,dcta_parity_v1,topk_filter,aa0724188407797eae5187348bee11ee9f51317c4e8a201863b052786aa2f1df,823213c90703fd83224ad7122ee730ba64af3769ea517af252103bddd907f681,DMCHBA,ideal,1.0,19,361,4,0.1,36,,,dmchba_topk_10,/home/agxorin/topk_filter_study/simulator/scenarios/final_trial_500.csv,clue_search,03,68,63,64,5,0,0,0,140,68,72,140,0,130,clue:4;collision_intent:68;state:68,429,0,completed
365,dcta_parity_v1,topk_filter,aa0724188407797eae5187348bee11ee9f51317c4e8a201863b052786aa2f1df,823213c90703fd83224ad7122ee730ba64af3769ea517af252103bddd907f681,DMCHBA,ideal,1.0,19,361,4,0.1,36,,,dmchba_topk_10,/home/agxorin/topk_filter_study/simulator/scenarios/final_trial_500.csv,clue_search,00,21,6,22,0,0,0,0,45,21,24,45,0,15,clue:3;collision_intent:21;state:21,132,0,completed
365,dcta_parity_v1,topk_filter,aa0724188407797eae5187348bee11ee9f51317c4e8a201863b052786aa2f1df,823213c90703fd83224ad7122ee730ba64af3769ea517af252103bddd907f681,DMCHBA,ideal,1.0,19,361,4,0.1,36,,,dmchba_topk_10,/home/agxorin/topk_filter_study/simulator/scenarios/final_trial_500.csv,clue_search,01,20,5,21,0,0,0,0,43,20,23,43,0,13,clue:3;collision_intent:20;state:20,133,0,completed
365,dcta_parity_v1,topk_filter,aa0724188407797eae5187348bee11ee9f51317c4e8a201863b052786aa2f1df,823213c90703fd83224ad7122ee730ba64af3769ea517af252103bddd907f681,DMCHBA,ideal,1.0,19,361,4,0.1,36,,,dmchba_topk_10,/home/agxorin/topk_filter_study/simulator/scenarios/final_trial_500.csv,clue_search,02,20,5,21,0,0,0,0,44,21,23,44,0,14,clue:3;collision_intent:21;state:20,133,0,completed
365,dcta_parity_v1,topk_filter,aa0724188407797eae5187348bee11ee9f51317c4e8a201863b052786aa2f1df,823213c90703fd83224ad7122ee730ba64af3769ea517af252103bddd907f681,DMCHBA,ideal,1.0,19,361,4,0.1,36,,,dmchba_topk_10,/home/agxorin/topk_filter_study/simulator/scenarios/final_trial_500.csv,clue_search,03,21,6,21,1,0,0,0,46,22,24,46,0,16,clue:3;collision_intent:21;state:21;target:1,132,0,completed
366,dcta_parity_v1,topk_filter,aa0724188407797eae5187348bee11ee9f51317c4e8a201863b052786aa2f1df,823213c90703fd83224ad7122ee730ba64af3769ea517af252103bddd907f681,DMCHBA,ideal,1.0,19,361,4,0.1,36,,,dmchba_topk_10,/home/agxorin/topk_filter_study/simulator/scenarios/final_trial_500.csv,clue_search,00,79,69,74,6,0,2,1,164,82,82,164,0,144,clue:3;collision_intent:81;state:79;target:1,479,0,completed
366,dcta_parity_v1,topk_filter,aa0724188407797eae5187348bee11ee9f51317c4e8a201863b052786aa2f1df,823213c90703fd83224ad7122ee730ba64af3769ea517af252103bddd907f681,DMCHBA,ideal,1.0,19,361,4,0.1,36,,,dmchba_topk_10,/home/agxorin/topk_filter_study/simulator/scenarios/final_trial_500.csv,clue_search,01,78,68,67,12,0,0,0,159,78,81,159,0,139,clue:3;collision_intent:78;state:78,484,0,completed
366,dcta_parity_v1,topk_filter,aa0724188407797eae5187348bee11ee9f51317c4e8a201863b052786aa2f1df,823213c90703fd83224ad7122ee730ba64af3769ea517af252103bddd907f681,DMCHBA,ideal,1.0,19,361,4,0.1,36,,,dmchba_topk_10,/home/agxorin/topk_filter_study/simulator/scenarios/final_trial_500.csv,clue_search,02,76,66,62,15,0,3,3,158,79,79,158,0,138,clue:3;collision_intent:79;state:76,485,0,completed
366,dcta_parity_v1,topk_filter,aa0724188407797eae5187348bee11ee9f51317c4e8a201863b052786aa2f1df,823213c90703fd83224ad7122ee730ba64af3769ea517af252103bddd907f681,DMCHBA,ideal,1.0,19,361,4,0.1,36,,,dmchba_topk_10,/home/agxorin/topk_filter_study/simulator/scenarios/final_trial_500.csv,clue_search,03,78,68,56,23,0,3,3,162,81,81,162,0,142,clue:3;collision_intent:81;state:78,480,0,completed
367,dcta_parity_v1,topk_filter,aa0724188407797eae5187348bee11ee9f51317c4e8a201863b052786aa2f1df,823213c90703fd83224ad7122ee730ba64af3769ea517af252103bddd907f681,DMCHBA,ideal,1.0,19,361,4,0.1,36,,,dmchba_topk_10,/home/agxorin/topk_filter_study/simulator/scenarios/final_trial_500.csv,clue_search,00,26,18,25,2,0,0,0,53,26,27,53,0,37,clue:1;collision_intent:26;state:26,159,0,completed
367,dcta_parity_v1,topk_filter,aa0724188407797eae5187348bee11ee9f51317c4e8a201863b052786aa2f1df,823213c90703fd83224ad7122ee730ba64af3769ea517af252103bddd907f681,DMCHBA,ideal,1.0,19,361,4,0.1,36,,,dmchba_topk_10,/home/agxorin/topk_filter_study/simulator/scenarios/final_trial_500.csv,clue_search,01,25,17,23,3,0,4,1,55,29,26,55,0,39,clue:1;collision_intent:29;state:25,157,0,completed
367,dcta_parity_v1,topk_filter,aa0724188407797eae5187348bee11ee9f51317c4e8a201863b052786aa2f1df,823213c90703fd83224ad7122ee730ba64af3769ea517af252103bddd907f681,DMCHBA,ideal,1.0,19,361,4,0.1,36,,,dmchba_topk_10,/home/agxorin/topk_filter_study/simulator/scenarios/final_trial_500.csv,clue_search,02,26,17,27,0,0,0,0,54,27,27,54,0,36,clue:1;collision_intent:26;state:26;target:1,159,0,completed
367,dcta_parity_v1,topk_filter,aa0724188407797eae5187348bee11ee9f51317c4e8a201863b052786aa2f1df,823213c90703fd83224ad7122ee730ba64af3769ea517af252103bddd907f681,DMCHBA,ideal,1.0,19,361,4,0.1,36,,,dmchba_topk_10,/home/agxorin/topk_filter_study/simulator/scenarios/final_trial_500.csv,clue_search,03,23,15,20,4,0,3,1,51,27,24,51,0,35,clue:1;collision_intent:27;state:23,161,0,completed
368,dcta_parity_v1,topk_filter,aa0724188407797eae5187348bee11ee9f51317c4e8a201863b052786aa2f1df,823213c90703fd83224ad7122ee730ba64af3769ea517af252103bddd907f681,DMCHBA,ideal,1.0,19,361,4,0.1,36,,,dmchba_topk_10,/home/agxorin/topk_filter_study/simulator/scenarios/final_trial_500.csv,clue_search,00,100,96,90,11,0,0,0,204,101,103,204,0,195,clue:3;collision_intent:101;state:100,620,0,completed
368,dcta_parity_v1,topk_filter,aa0724188407797eae5187348bee11ee9f51317c4e8a201863b052786aa2f1df,823213c90703fd83224ad7122ee730ba64af3769ea517af252103bddd907f681,DMCHBA,ideal,1.0,19,361,4,0.1,36,,,dmchba_topk_10,/home/agxorin/topk_filter_study/simulator/scenarios/final_trial_500.csv,clue_search,01,103,99,75,29,0,0,0,210,104,106,210,0,202,clue:3;collision_intent:104;state:103,614,0,completed
368,dcta_parity_v1,topk_filter,aa0724188407797eae5187348bee11ee9f51317c4e8a201863b052786aa2f1df,823213c90703fd83224ad7122ee730ba64af3769ea517af252103bddd907f681,DMCHBA,ideal,1.0,19,361,4,0.1,36,,,dmchba_topk_10,/home/agxorin/topk_filter_study/simulator/scenarios/final_trial_500.csv,clue_search,02,101,96,100,2,0,0,0,206,102,104,206,0,196,clue:3;collision_intent:101;state:101;target:1,619,0,completed
368,dcta_parity_v1,topk_filter,aa0724188407797eae5187348bee11ee9f51317c4e8a201863b052786aa2f1df,823213c90703fd83224ad7122ee730ba64af3769ea517af252103bddd907f681,DMCHBA,ideal,1.0,19,361,4,0.1,36,,,dmchba_topk_10,/home/agxorin/topk_filter_study/simulator/scenarios/final_trial_500.csv,clue_search,03,101,97,78,24,0,0,0,205,101,104,205,0,197,clue:3;collision_intent:101;state:101,619,0,completed
369,dcta_parity_v1,topk_filter,aa0724188407797eae5187348bee11ee9f51317c4e8a201863b052786aa2f1df,823213c90703fd83224ad7122ee730ba64af3769ea517af252103bddd907f681,DMCHBA,ideal,1.0,19,361,4,0.1,36,,,dmchba_topk_10,/home/agxorin/topk_filter_study/simulator/scenarios/final_trial_500.csv,clue_search,00,18,0,19,0,0,0,0,36,18,18,36,0,0,collision_intent:18;state:18,105,0,completed
369,dcta_parity_v1,topk_filter,aa0724188407797eae5187348bee11ee9f51317c4e8a201863b052786aa2f1df,823213c90703fd83224ad7122ee730ba64af3769ea517af252103bddd907f681,DMCHBA,ideal,1.0,19,361,4,0.1,36,,,dmchba_topk_10,/home/agxorin/topk_filter_study/simulator/scenarios/final_trial_500.csv,clue_search,01,17,0,18,0,0,0,0,34,17,17,34,0,0,collision_intent:17;state:17,107,0,completed
369,dcta_parity_v1,topk_filter,aa0724188407797eae5187348bee11ee9f51317c4e8a201863b052786aa2f1df,823213c90703fd83224ad7122ee730ba64af3769ea517af252103bddd907f681,DMCHBA,ideal,1.0,19,361,4,0.1,36,,,dmchba_topk_10,/home/agxorin/topk_filter_study/simulator/scenarios/final_trial_500.csv,clue_search,02,18,0,19,0,0,0,0,37,19,18,37,0,0,collision_intent:18;state:18;target:1,104,0,completed
369,dcta_parity_v1,topk_filter,aa0724188407797eae5187348bee11ee9f51317c4e8a201863b052786aa2f1df,823213c90703fd83224ad7122ee730ba64af3769ea517af252103bddd907f681,DMCHBA,ideal,1.0,19,361,4,0.1,36,,,dmchba_topk_10,/home/agxorin/topk_filter_study/simulator/scenarios/final_trial_500.csv,clue_search,03,17,0,18,0,0,0,0,34,17,17,34,0,0,collision_intent:17;state:17,107,0,completed
370,dcta_parity_v1,topk_filter,aa0724188407797eae5187348bee11ee9f51317c4e8a201863b052786aa2f1df,823213c90703fd83224ad7122ee730ba64af3769ea517af252103bddd907f681,DMCHBA,ideal,1.0,19,361,4,0.1,36,,,dmchba_topk_10,/home/agxorin/topk_filter_study/simulator/scenarios/final_trial_500.csv,clue_search,00,59,5,60,0,0,0,0,121,60,61,121,0,13,clue:2;collision_intent:59;state:59;target:1,358,0,completed
370,dcta_parity_v1,topk_filter,aa0724188407797eae5187348bee11ee9f51317c4e8a201863b052786aa2f1df,823213c90703fd83224ad7122ee730ba64af3769ea517af252103bddd907f681,DMCHBA,ideal,1.0,19,361,4,0.1,36,,,dmchba_topk_10,/home/agxorin/topk_filter_study/simulator/scenarios/final_trial_500.csv,clue_search,01,59,5,60,0,0,0,0,120,59,61,120,0,12,clue:2;collision_intent:59;state:59,358,0,completed
370,dcta_parity_v1,topk_filter,aa0724188407797eae5187348bee11ee9f51317c4e8a201863b052786aa2f1df,823213c90703fd83224ad7122ee730ba64af3769ea517af252103bddd907f681,DMCHBA,ideal,1.0,19,361,4,0.1,36,,,dmchba_topk_10,/home/agxorin/topk_filter_study/simulator/scenarios/final_trial_500.csv,clue_search,02,59,4,58,2,0,0,0,120,59,61,120,0,10,clue:2;collision_intent:59;state:59,358,0,completed
370,dcta_parity_v1,topk_filter,aa0724188407797eae5187348bee11ee9f51317c4e8a201863b052786aa2f1df,823213c90703fd83224ad7122ee730ba64af3769ea517af252103bddd907f681,DMCHBA,ideal,1.0,19,361,4,0.1,36,,,dmchba_topk_10,/home/agxorin/topk_filter_study/simulator/scenarios/final_trial_500.csv,clue_search,03,58,4,59,0,0,0,0,118,58,60,118,0,10,clue:2;collision_intent:58;state:58,361,0,completed
371,dcta_parity_v1,topk_filter,aa0724188407797eae5187348bee11ee9f51317c4e8a201863b052786aa2f1df,823213c90703fd83224ad7122ee730ba64af3769ea517af252103bddd907f681,DMCHBA,ideal,1.0,19,361,4,0.1,36,,,dmchba_topk_10,/home/agxorin/topk_filter_study/simulator/scenarios/final_trial_500.csv,clue_search,00,32,19,33,0,0,0,0,66,32,34,66,0,40,clue:2;collision_intent:32;state:32,199,0,completed
371,dcta_parity_v1,topk_filter,aa0724188407797eae5187348bee11ee9f51317c4e8a201863b052786aa2f1df,823213c90703fd83224ad7122ee730ba64af3769ea517af252103bddd907f681,DMCHBA,ideal,1.0,19,361,4,0.1,36,,,dmchba_topk_10,/home/agxorin/topk_filter_study/simulator/scenarios/final_trial_500.csv,clue_search,01,31,18,28,4,0,1,1,66,33,33,66,0,40,clue:2;collision_intent:33;state:31,200,0,completed
371,dcta_parity_v1,topk_filter,aa0724188407797eae5187348bee11ee9f51317c4e8a201863b052786aa2f1df,823213c90703fd83224ad7122ee730ba64af3769ea517af252103bddd907f681,DMCHBA,ideal,1.0,19,361,4,0.1,36,,,dmchba_topk_10,/home/agxorin/topk_filter_study/simulator/scenarios/final_trial_500.csv,clue_search,02,32,19,30,3,0,0,0,67,33,34,67,0,41,clue:2;collision_intent:33;state:32,198,0,completed
371,dcta_parity_v1,topk_filter,aa0724188407797eae5187348bee11ee9f51317c4e8a201863b052786aa2f1df,823213c90703fd83224ad7122ee730ba64af3769ea517af252103bddd907f681,DMCHBA,ideal,1.0,19,361,4,0.1,36,,,dmchba_topk_10,/home/agxorin/topk_filter_study/simulator/scenarios/final_trial_500.csv,clue_search,03,32,20,32,1,0,0,0,67,33,34,67,0,43,clue:2;collision_intent:32;state:32;target:1,199,0,completed
372,dcta_parity_v1,topk_filter,aa0724188407797eae5187348bee11ee9f51317c4e8a201863b052786aa2f1df,823213c90703fd83224ad7122ee730ba64af3769ea517af252103bddd907f681,DMCHBA,ideal,1.0,19,361,4,0.1,36,,,dmchba_topk_10,/home/agxorin/topk_filter_study/simulator/scenarios/final_trial_500.csv,clue_search,00,87,84,69,19,0,2,2,180,90,90,180,0,174,clue:3;collision_intent:90;state:87,519,0,completed
372,dcta_parity_v1,topk_filter,aa0724188407797eae5187348bee11ee9f51317c4e8a201863b052786aa2f1df,823213c90703fd83224ad7122ee730ba64af3769ea517af252103bddd907f681,DMCHBA,ideal,1.0,19,361,4,0.1,36,,,dmchba_topk_10,/home/agxorin/topk_filter_study/simulator/scenarios/final_trial_500.csv,clue_search,01,86,84,77,10,0,0,0,175,86,89,175,0,171,clue:3;collision_intent:86;state:86,524,0,completed
372,dcta_parity_v1,topk_filter,aa0724188407797eae5187348bee11ee9f51317c4e8a201863b052786aa2f1df,823213c90703fd83224ad7122ee730ba64af3769ea517af252103bddd907f681,DMCHBA,ideal,1.0,19,361,4,0.1,36,,,dmchba_topk_10,/home/agxorin/topk_filter_study/simulator/scenarios/final_trial_500.csv,clue_search,02,85,82,83,3,0,0,0,173,85,88,173,0,167,clue:3;collision_intent:85;state:85,525,0,completed
372,dcta_parity_v1,topk_filter,aa0724188407797eae5187348bee11ee9f51317c4e8a201863b052786aa2f1df,823213c90703fd83224ad7122ee730ba64af3769ea517af252103bddd907f681,DMCHBA,ideal,1.0,19,361,4,0.1,36,,,dmchba_topk_10,/home/agxorin/topk_filter_study/simulator/scenarios/final_trial_500.csv,clue_search,03,84,81,78,7,0,0,0,172,85,87,172,0,166,clue:3;collision_intent:84;state:84;target:1,528,0,completed
373,dcta_parity_v1,topk_filter,aa0724188407797eae5187348bee11ee9f51317c4e8a201863b052786aa2f1df,823213c90703fd83224ad7122ee730ba64af3769ea517af252103bddd907f681,DMCHBA,ideal,1.0,19,361,4,0.1,36,,,dmchba_topk_10,/home/agxorin/topk_filter_study/simulator/scenarios/final_trial_500.csv,clue_search,00,74,60,66,9,0,1,1,152,75,77,152,0,124,clue:3;collision_intent:75;state:74,459,0,completed
373,dcta_parity_v1,topk_filter,aa0724188407797eae5187348bee11ee9f51317c4e8a201863b052786aa2f1df,823213c90703fd83224ad7122ee730ba64af3769ea517af252103bddd907f681,DMCHBA,ideal,1.0,19,361,4,0.1,36,,,dmchba_topk_10,/home/agxorin/topk_filter_study/simulator/scenarios/final_trial_500.csv,clue_search,01,75,62,65,11,0,1,1,154,76,78,154,0,128,clue:3;collision_intent:76;state:75,458,0,completed
373,dcta_parity_v1,topk_filter,aa0724188407797eae5187348bee11ee9f51317c4e8a201863b052786aa2f1df,823213c90703fd83224ad7122ee730ba64af3769ea517af252103bddd907f681,DMCHBA,ideal,1.0,19,361,4,0.1,36,,,dmchba_topk_10,/home/agxorin/topk_filter_study/simulator/scenarios/final_trial_500.csv,clue_search,02,75,62,70,6,0,0,0,154,76,78,154,0,128,clue:3;collision_intent:75;state:75;target:1,459,0,completed
373,dcta_parity_v1,topk_filter,aa0724188407797eae5187348bee11ee9f51317c4e8a201863b052786aa2f1df,823213c90703fd83224ad7122ee730ba64af3769ea517af252103bddd907f681,DMCHBA,ideal,1.0,19,361,4,0.1,36,,,dmchba_topk_10,/home/agxorin/topk_filter_study/simulator/scenarios/final_trial_500.csv,clue_search,03,75,62,72,4,0,0,0,153,75,78,153,0,127,clue:3;collision_intent:75;state:75,459,0,completed
374,dcta_parity_v1,topk_filter,aa0724188407797eae5187348bee11ee9f51317c4e8a201863b052786aa2f1df,823213c90703fd83224ad7122ee730ba64af3769ea517af252103bddd907f681,DMCHBA,ideal,1.0,19,361,4,0.1,36,,,dmchba_topk_10,/home/agxorin/topk_filter_study/simulator/scenarios/final_trial_500.csv,clue_search,00,31,14,31,1,0,0,0,63,31,32,63,0,29,clue:1;collision_intent:31;state:31,188,0,completed
374,dcta_parity_v1,topk_filter,aa0724188407797eae5187348bee11ee9f51317c4e8a201863b052786aa2f1df,823213c90703fd83224ad7122ee730ba64af3769ea517af252103bddd907f681,DMCHBA,ideal,1.0,19,361,4,0.1,36,,,dmchba_topk_10,/home/agxorin/topk_filter_study/simulator/scenarios/final_trial_500.csv,clue_search,01,30,13,29,2,0,1,1,62,31,31,62,0,28,clue:1;collision_intent:31;state:30,190,0,completed
374,dcta_parity_v1,topk_filter,aa0724188407797eae5187348bee11ee9f51317c4e8a201863b052786aa2f1df,823213c90703fd83224ad7122ee730ba64af3769ea517af252103bddd907f681,DMCHBA,ideal,1.0,19,361,4,0.1,36,,,dmchba_topk_10,/home/agxorin/topk_filter_study/simulator/scenarios/final_trial_500.csv,clue_search,02,31,14,31,1,0,0,0,64,32,32,64,0,30,clue:1;collision_intent:31;state:31;target:1,188,0,completed
374,dcta_parity_v1,topk_filter,aa0724188407797eae5187348bee11ee9f51317c4e8a201863b052786aa2f1df,823213c90703fd83224ad7122ee730ba64af3769ea517af252103bddd907f681,DMCHBA,ideal,1.0,19,361,4,0.1,36,,,dmchba_topk_10,/home/agxorin/topk_filter_study/simulator/scenarios/final_trial_500.csv,clue_search,03,30,14,29,2,0,2,1,63,32,31,63,0,31,clue:1;collision_intent:32;state:30,187,0,completed
375,dcta_parity_v1,topk_filter,aa0724188407797eae5187348bee11ee9f51317c4e8a201863b052786aa2f1df,823213c90703fd83224ad7122ee730ba64af3769ea517af252103bddd907f681,DMCHBA,ideal,1.0,19,361,4,0.1,36,,,dmchba_topk_10,/home/agxorin/topk_filter_study/simulator/scenarios/final_trial_500.csv,clue_search,00,13,3,14,0,0,0,0,28,14,14,28,0,8,clue:1;collision_intent:13;state:13;target:1,77,0,completed
375,dcta_parity_v1,topk_filter,aa0724188407797eae5187348bee11ee9f51317c4e8a201863b052786aa2f1df,823213c90703fd83224ad7122ee730ba64af3769ea517af252103bddd907f681,DMCHBA,ideal,1.0,19,361,4,0.1,36,,,dmchba_topk_10,/home/agxorin/topk_filter_study/simulator/scenarios/final_trial_500.csv,clue_search,01,12,3,13,0,0,0,0,25,12,13,25,0,7,clue:1;collision_intent:12;state:12,80,0,completed
375,dcta_parity_v1,topk_filter,aa0724188407797eae5187348bee11ee9f51317c4e8a201863b052786aa2f1df,823213c90703fd83224ad7122ee730ba64af3769ea517af252103bddd907f681,DMCHBA,ideal,1.0,19,361,4,0.1,36,,,dmchba_topk_10,/home/agxorin/topk_filter_study/simulator/scenarios/final_trial_500.csv,clue_search,02,13,3,14,0,0,0,0,27,13,14,27,0,7,clue:1;collision_intent:13;state:13,78,0,completed
375,dcta_parity_v1,topk_filter,aa0724188407797eae5187348bee11ee9f51317c4e8a201863b052786aa2f1df,823213c90703fd83224ad7122ee730ba64af3769ea517af252103bddd907f681,DMCHBA,ideal,1.0,19,361,4,0.1,36,,,dmchba_topk_10,/home/agxorin/topk_filter_study/simulator/scenarios/final_trial_500.csv,clue_search,03,12,3,12,1,0,0,0,25,12,13,25,0,7,clue:1;collision_intent:12;state:12,78,0,completed
376,dcta_parity_v1,topk_filter,aa0724188407797eae5187348bee11ee9f51317c4e8a201863b052786aa2f1df,823213c90703fd83224ad7122ee730ba64af3769ea517af252103bddd907f681,DMCHBA,ideal,1.0,19,361,4,0.1,36,,,dmchba_topk_10,/home/agxorin/topk_filter_study/simulator/scenarios/final_trial_500.csv,clue_search,00,19,18,17,3,0,0,0,40,20,20,40,0,38,clue:1;collision_intent:20;state:19,119,0,completed
376,dcta_parity_v1,topk_filter,aa0724188407797eae5187348bee11ee9f51317c4e8a201863b052786aa2f1df,823213c90703fd83224ad7122ee730ba64af3769ea517af252103bddd907f681,DMCHBA,ideal,1.0,19,361,4,0.1,36,,,dmchba_topk_10,/home/agxorin/topk_filter_study/simulator/scenarios/final_trial_500.csv,clue_search,01,19,18,20,0,0,0,0,39,19,20,39,0,37,clue:1;collision_intent:19;state:19,120,0,completed
376,dcta_parity_v1,topk_filter,aa0724188407797eae5187348bee11ee9f51317c4e8a201863b052786aa2f1df,823213c90703fd83224ad7122ee730ba64af3769ea517af252103bddd907f681,DMCHBA,ideal,1.0,19,361,4,0.1,36,,,dmchba_topk_10,/home/agxorin/topk_filter_study/simulator/scenarios/final_trial_500.csv,clue_search,02,19,18,18,2,0,0,0,40,20,20,40,0,38,clue:1;collision_intent:19;state:19;target:1,120,0,completed
376,dcta_parity_v1,topk_filter,aa0724188407797eae5187348bee11ee9f51317c4e8a201863b052786aa2f1df,823213c90703fd83224ad7122ee730ba64af3769ea517af252103bddd907f681,DMCHBA,ideal,1.0,19,361,4,0.1,36,,,dmchba_topk_10,/home/agxorin/topk_filter_study/simulator/scenarios/final_trial_500.csv,clue_search,03,20,20,18,3,0,0,0,41,20,21,41,0,40,clue:1;collision_intent:20;state:20,117,0,completed
377,dcta_parity_v1,topk_filter,aa0724188407797eae5187348bee11ee9f51317c4e8a201863b052786aa2f1df,823213c90703fd83224ad7122ee730ba64af3769ea517af252103bddd907f681,DMCHBA,ideal,1.0,19,361,4,0.1,36,,,dmchba_topk_10,/home/agxorin/topk_filter_study/simulator/scenarios/final_trial_500.csv,clue_search,00,60,11,61,0,0,0,0,122,61,61,122,0,24,clue:1;collision_intent:60;state:60;target:1,367,0,completed
377,dcta_parity_v1,topk_filter,aa0724188407797eae5187348bee11ee9f51317c4e8a201863b052786aa2f1df,823213c90703fd83224ad7122ee730ba64af3769ea517af252103bddd907f681,DMCHBA,ideal,1.0,19,361,4,0.1,36,,,dmchba_topk_10,/home/agxorin/topk_filter_study/simulator/scenarios/final_trial_500.csv,clue_search,01,60,12,58,3,0,0,0,121,60,61,121,0,25,clue:1;collision_intent:60;state:60,367,0,completed
377,dcta_parity_v1,topk_filter,aa0724188407797eae5187348bee11ee9f51317c4e8a201863b052786aa2f1df,823213c90703fd83224ad7122ee730ba64af3769ea517af252103bddd907f681,DMCHBA,ideal,1.0,19,361,4,0.1,36,,,dmchba_topk_10,/home/agxorin/topk_filter_study/simulator/scenarios/final_trial_500.csv,clue_search,02,61,12,58,4,0,0,0,123,61,62,123,0,25,clue:1;collision_intent:61;state:61,365,0,completed
377,dcta_parity_v1,topk_filter,aa0724188407797eae5187348bee11ee9f51317c4e8a201863b052786aa2f1df,823213c90703fd83224ad7122ee730ba64af3769ea517af252103bddd907f681,DMCHBA,ideal,1.0,19,361,4,0.1,36,,,dmchba_topk_10,/home/agxorin/topk_filter_study/simulator/scenarios/final_trial_500.csv,clue_search,03,61,13,55,7,0,0,0,123,61,62,123,0,27,clue:1;collision_intent:61;state:61,365,0,completed
378,dcta_parity_v1,topk_filter,aa0724188407797eae5187348bee11ee9f51317c4e8a201863b052786aa2f1df,823213c90703fd83224ad7122ee730ba64af3769ea517af252103bddd907f681,DMCHBA,ideal,1.0,19,361,4,0.1,36,,,dmchba_topk_10,/home/agxorin/topk_filter_study/simulator/scenarios/final_trial_500.csv,clue_search,00,34,32,35,0,0,0,0,72,34,38,72,0,68,clue:4;collision_intent:34;state:34,226,0,completed
378,dcta_parity_v1,topk_filter,aa0724188407797eae5187348bee11ee9f51317c4e8a201863b052786aa2f1df,823213c90703fd83224ad7122ee730ba64af3769ea517af252103bddd907f681,DMCHBA,ideal,1.0,19,361,4,0.1,36,,,dmchba_topk_10,/home/agxorin/topk_filter_study/simulator/scenarios/final_trial_500.csv,clue_search,01,35,34,29,7,0,0,0,74,35,39,74,0,71,clue:4;collision_intent:35;state:35,225,0,completed
378,dcta_parity_v1,topk_filter,aa0724188407797eae5187348bee11ee9f51317c4e8a201863b052786aa2f1df,823213c90703fd83224ad7122ee730ba64af3769ea517af252103bddd907f681,DMCHBA,ideal,1.0,19,361,4,0.1,36,,,dmchba_topk_10,/home/agxorin/topk_filter_study/simulator/scenarios/final_trial_500.csv,clue_search,02,35,33,36,0,0,0,0,75,36,39,75,0,71,clue:4;collision_intent:35;state:35;target:1,225,0,completed
378,dcta_parity_v1,topk_filter,aa0724188407797eae5187348bee11ee9f51317c4e8a201863b052786aa2f1df,823213c90703fd83224ad7122ee730ba64af3769ea517af252103bddd907f681,DMCHBA,ideal,1.0,19,361,4,0.1,36,,,dmchba_topk_10,/home/agxorin/topk_filter_study/simulator/scenarios/final_trial_500.csv,clue_search,03,37,36,16,22,0,1,1,79,38,41,79,0,77,clue:4;collision_intent:38;state:37,219,0,completed
379,dcta_parity_v1,topk_filter,aa0724188407797eae5187348bee11ee9f51317c4e8a201863b052786aa2f1df,823213c90703fd83224ad7122ee730ba64af3769ea517af252103bddd907f681,DMCHBA,ideal,1.0,19,361,4,0.1,36,,,dmchba_topk_10,/home/agxorin/topk_filter_study/simulator/scenarios/final_trial_500.csv,clue_search,00,77,61,67,11,0,0,0,157,78,79,157,0,125,clue:2;collision_intent:78;state:77,465,0,completed
379,dcta_parity_v1,topk_filter,aa0724188407797eae5187348bee11ee9f51317c4e8a201863b052786aa2f1df,823213c90703fd83224ad7122ee730ba64af3769ea517af252103bddd907f681,DMCHBA,ideal,1.0,19,361,4,0.1,36,,,dmchba_topk_10,/home/agxorin/topk_filter_study/simulator/scenarios/final_trial_500.csv,clue_search,01,75,60,69,7,0,1,1,153,76,77,153,0,123,clue:2;collision_intent:76;state:75,468,0,completed
379,dcta_parity_v1,topk_filter,aa0724188407797eae5187348bee11ee9f51317c4e8a201863b052786aa2f1df,823213c90703fd83224ad7122ee730ba64af3769ea517af252103bddd907f681,DMCHBA,ideal,1.0,19,361,4,0.1,36,,,dmchba_topk_10,/home/agxorin/topk_filter_study/simulator/scenarios/final_trial_500.csv,clue_search,02,78,63,62,17,0,0,0,159,79,80,159,0,129,clue:2;collision_intent:78;state:78;target:1,464,0,completed
379,dcta_parity_v1,topk_filter,aa0724188407797eae5187348bee11ee9f51317c4e8a201863b052786aa2f1df,823213c90703fd83224ad7122ee730ba64af3769ea517af252103bddd907f681,DMCHBA,ideal,1.0,19,361,4,0.1,36,,,dmchba_topk_10,/home/agxorin/topk_filter_study/simulator/scenarios/final_trial_500.csv,clue_search,03,76,61,72,5,0,0,0,154,76,78,154,0,124,clue:2;collision_intent:76;state:76,467,0,completed
380,dcta_parity_v1,topk_filter,aa0724188407797eae5187348bee11ee9f51317c4e8a201863b052786aa2f1df,823213c90703fd83224ad7122ee730ba64af3769ea517af252103bddd907f681,DMCHBA,ideal,1.0,19,361,4,0.1,36,,,dmchba_topk_10,/home/agxorin/topk_filter_study/simulator/scenarios/final_trial_500.csv,clue_search,00,20,9,21,0,0,0,0,43,21,22,43,0,21,clue:2;collision_intent:21;state:20,122,0,completed
380,dcta_parity_v1,topk_filter,aa0724188407797eae5187348bee11ee9f51317c4e8a201863b052786aa2f1df,823213c90703fd83224ad7122ee730ba64af3769ea517af252103bddd907f681,DMCHBA,ideal,1.0,19,361,4,0.1,36,,,dmchba_topk_10,/home/agxorin/topk_filter_study/simulator/scenarios/final_trial_500.csv,clue_search,01,20,10,21,0,0,0,0,43,21,22,43,0,23,clue:2;collision_intent:20;state:20;target:1,124,0,completed
380,dcta_parity_v1,topk_filter,aa0724188407797eae5187348bee11ee9f51317c4e8a201863b052786aa2f1df,823213c90703fd83224ad7122ee730ba64af3769ea517af252103bddd907f681,DMCHBA,ideal,1.0,19,361,4,0.1,36,,,dmchba_topk_10,/home/agxorin/topk_filter_study/simulator/scenarios/final_trial_500.csv,clue_search,02,19,8,20,0,0,0,0,40,19,21,40,0,18,clue:2;collision_intent:19;state:19,127,0,completed
380,dcta_parity_v1,topk_filter,aa0724188407797eae5187348bee11ee9f51317c4e8a201863b052786aa2f1df,823213c90703fd83224ad7122ee730ba64af3769ea517af252103bddd907f681,DMCHBA,ideal,1.0,19,361,4,0.1,36,,,dmchba_topk_10,/home/agxorin/topk_filter_study/simulator/scenarios/final_trial_500.csv,clue_search,03,19,9,18,2,0,0,0,41,20,21,41,0,21,clue:2;collision_intent:20;state:19,125,0,completed
381,dcta_parity_v1,topk_filter,aa0724188407797eae5187348bee11ee9f51317c4e8a201863b052786aa2f1df,823213c90703fd83224ad7122ee730ba64af3769ea517af252103bddd907f681,DMCHBA,ideal,1.0,19,361,4,0.1,36,,,dmchba_topk_10,/home/agxorin/topk_filter_study/simulator/scenarios/final_trial_500.csv,clue_search,00,54,49,45,10,0,0,0,110,54,56,110,0,100,clue:2;collision_intent:54;state:54,320,0,completed
381,dcta_parity_v1,topk_filter,aa0724188407797eae5187348bee11ee9f51317c4e8a201863b052786aa2f1df,823213c90703fd83224ad7122ee730ba64af3769ea517af252103bddd907f681,DMCHBA,ideal,1.0,19,361,4,0.1,36,,,dmchba_topk_10,/home/agxorin/topk_filter_study/simulator/scenarios/final_trial_500.csv,clue_search,01,52,47,47,6,0,1,1,108,54,54,108,0,98,clue:2;collision_intent:53;state:52;target:1,324,0,completed
381,dcta_parity_v1,topk_filter,aa0724188407797eae5187348bee11ee9f51317c4e8a201863b052786aa2f1df,823213c90703fd83224ad7122ee730ba64af3769ea517af252103bddd907f681,DMCHBA,ideal,1.0,19,361,4,0.1,36,,,dmchba_topk_10,/home/agxorin/topk_filter_study/simulator/scenarios/final_trial_500.csv,clue_search,02,53,48,37,17,0,0,0,108,53,55,108,0,98,clue:2;collision_intent:53;state:53,323,0,completed
381,dcta_parity_v1,topk_filter,aa0724188407797eae5187348bee11ee9f51317c4e8a201863b052786aa2f1df,823213c90703fd83224ad7122ee730ba64af3769ea517af252103bddd907f681,DMCHBA,ideal,1.0,19,361,4,0.1,36,,,dmchba_topk_10,/home/agxorin/topk_filter_study/simulator/scenarios/final_trial_500.csv,clue_search,03,52,47,44,9,0,0,0,106,52,54,106,0,96,clue:2;collision_intent:52;state:52,325,0,completed
382,dcta_parity_v1,topk_filter,aa0724188407797eae5187348bee11ee9f51317c4e8a201863b052786aa2f1df,823213c90703fd83224ad7122ee730ba64af3769ea517af252103bddd907f681,DMCHBA,ideal,1.0,19,361,4,0.1,36,,,dmchba_topk_10,/home/agxorin/topk_filter_study/simulator/scenarios/final_trial_500.csv,clue_search,00,3,0,4,0,0,0,0,7,4,3,7,0,0,collision_intent:3;state:3;target:1,13,0,completed
382,dcta_parity_v1,topk_filter,aa0724188407797eae5187348bee11ee9f51317c4e8a201863b052786aa2f1df,823213c90703fd83224ad7122ee730ba64af3769ea517af252103bddd907f681,DMCHBA,ideal,1.0,19,361,4,0.1,36,,,dmchba_topk_10,/home/agxorin/topk_filter_study/simulator/scenarios/final_trial_500.csv,clue_search,01,2,0,3,0,0,0,0,4,2,2,4,0,0,collision_intent:2;state:2,15,0,completed
382,dcta_parity_v1,topk_filter,aa0724188407797eae5187348bee11ee9f51317c4e8a201863b052786aa2f1df,823213c90703fd83224ad7122ee730ba64af3769ea517af252103bddd907f681,DMCHBA,ideal,1.0,19,361,4,0.1,36,,,dmchba_topk_10,/home/agxorin/topk_filter_study/simulator/scenarios/final_trial_500.csv,clue_search,02,3,0,4,0,0,0,0,6,3,3,6,0,0,collision_intent:3;state:3,15,0,completed
382,dcta_parity_v1,topk_filter,aa0724188407797eae5187348bee11ee9f51317c4e8a201863b052786aa2f1df,823213c90703fd83224ad7122ee730ba64af3769ea517af252103bddd907f681,DMCHBA,ideal,1.0,19,361,4,0.1,36,,,dmchba_topk_10,/home/agxorin/topk_filter_study/simulator/scenarios/final_trial_500.csv,clue_search,03,2,0,3,0,0,0,0,4,2,2,4,0,0,collision_intent:2;state:2,17,0,completed
383,dcta_parity_v1,topk_filter,aa0724188407797eae5187348bee11ee9f51317c4e8a201863b052786aa2f1df,823213c90703fd83224ad7122ee730ba64af3769ea517af252103bddd907f681,DMCHBA,ideal,1.0,19,361,4,0.1,36,,,dmchba_topk_10,/home/agxorin/topk_filter_study/simulator/scenarios/final_trial_500.csv,clue_search,00,39,25,39,1,0,0,0,80,39,41,80,0,52,clue:2;collision_intent:39;state:39,240,0,completed
383,dcta_parity_v1,topk_filter,aa0724188407797eae5187348bee11ee9f51317c4e8a201863b052786aa2f1df,823213c90703fd83224ad7122ee730ba64af3769ea517af252103bddd907f681,DMCHBA,ideal,1.0,19,361,4,0.1,36,,,dmchba_topk_10,/home/agxorin/topk_filter_study/simulator/scenarios/final_trial_500.csv,clue_search,01,38,24,37,2,0,0,0,78,38,40,78,0,50,clue:2;collision_intent:38;state:38,240,0,completed
383,dcta_parity_v1,topk_filter,aa0724188407797eae5187348bee11ee9f51317c4e8a201863b052786aa2f1df,823213c90703fd83224ad7122ee730ba64af3769ea517af252103bddd907f681,DMCHBA,ideal,1.0,19,361,4,0.1,36,,,dmchba_topk_10,/home/agxorin/topk_filter_study/simulator/scenarios/final_trial_500.csv,clue_search,02,39,25,37,3,0,0,0,80,39,41,80,0,52,clue:2;collision_intent:39;state:39,240,0,completed
383,dcta_parity_v1,topk_filter,aa0724188407797eae5187348bee11ee9f51317c4e8a201863b052786aa2f1df,823213c90703fd83224ad7122ee730ba64af3769ea517af252103bddd907f681,DMCHBA,ideal,1.0,19,361,4,0.1,36,,,dmchba_topk_10,/home/agxorin/topk_filter_study/simulator/scenarios/final_trial_500.csv,clue_search,03,39,26,36,4,0,1,1,82,41,41,82,0,56,clue:2;collision_intent:40;state:39;target:1,238,0,completed
384,dcta_parity_v1,topk_filter,aa0724188407797eae5187348bee11ee9f51317c4e8a201863b052786aa2f1df,823213c90703fd83224ad7122ee730ba64af3769ea517af252103bddd907f681,DMCHBA,ideal,1.0,19,361,4,0.1,36,,,dmchba_topk_10,/home/agxorin/topk_filter_study/simulator/scenarios/final_trial_500.csv,clue_search,00,8,0,9,0,0,0,0,16,8,8,16,0,0,collision_intent:8;state:8,44,0,completed
384,dcta_parity_v1,topk_filter,aa0724188407797eae5187348bee11ee9f51317c4e8a201863b052786aa2f1df,823213c90703fd83224ad7122ee730ba64af3769ea517af252103bddd907f681,DMCHBA,ideal,1.0,19,361,4,0.1,36,,,dmchba_topk_10,/home/agxorin/topk_filter_study/simulator/scenarios/final_trial_500.csv,clue_search,01,7,0,8,0,0,0,0,14,7,7,14,0,0,collision_intent:7;state:7,47,0,completed
384,dcta_parity_v1,topk_filter,aa0724188407797eae5187348bee11ee9f51317c4e8a201863b052786aa2f1df,823213c90703fd83224ad7122ee730ba64af3769ea517af252103bddd907f681,DMCHBA,ideal,1.0,19,361,4,0.1,36,,,dmchba_topk_10,/home/agxorin/topk_filter_study/simulator/scenarios/final_trial_500.csv,clue_search,02,8,0,9,0,0,0,0,17,9,8,17,0,0,collision_intent:8;state:8;target:1,44,0,completed
384,dcta_parity_v1,topk_filter,aa0724188407797eae5187348bee11ee9f51317c4e8a201863b052786aa2f1df,823213c90703fd83224ad7122ee730ba64af3769ea517af252103bddd907f681,DMCHBA,ideal,1.0,19,361,4,0.1,36,,,dmchba_topk_10,/home/agxorin/topk_filter_study/simulator/scenarios/final_trial_500.csv,clue_search,03,7,0,8,0,0,0,0,14,7,7,14,0,0,collision_intent:7;state:7,46,0,completed
385,dcta_parity_v1,topk_filter,aa0724188407797eae5187348bee11ee9f51317c4e8a201863b052786aa2f1df,823213c90703fd83224ad7122ee730ba64af3769ea517af252103bddd907f681,DMCHBA,ideal,1.0,19,361,4,0.1,36,,,dmchba_topk_10,/home/agxorin/topk_filter_study/simulator/scenarios/final_trial_500.csv,clue_search,00,74,45,66,9,0,0,0,151,74,77,151,0,93,clue:3;collision_intent:74;state:74,451,0,completed
385,dcta_parity_v1,topk_filter,aa0724188407797eae5187348bee11ee9f51317c4e8a201863b052786aa2f1df,823213c90703fd83224ad7122ee730ba64af3769ea517af252103bddd907f681,DMCHBA,ideal,1.0,19,361,4,0.1,36,,,dmchba_topk_10,/home/agxorin/topk_filter_study/simulator/scenarios/final_trial_500.csv,clue_search,01,73,45,72,2,0,0,0,149,73,76,149,0,92,clue:3;collision_intent:73;state:73,455,0,completed
385,dcta_parity_v1,topk_filter,aa0724188407797eae5187348bee11ee9f51317c4e8a201863b052786aa2f1df,823213c90703fd83224ad7122ee730ba64af3769ea517af252103bddd907f681,DMCHBA,ideal,1.0,19,361,4,0.1,36,,,dmchba_topk_10,/home/agxorin/topk_filter_study/simulator/scenarios/final_trial_500.csv,clue_search,02,74,45,62,13,0,0,0,151,74,77,151,0,93,clue:3;collision_intent:74;state:74,452,0,completed
385,dcta_parity_v1,topk_filter,aa0724188407797eae5187348bee11ee9f51317c4e8a201863b052786aa2f1df,823213c90703fd83224ad7122ee730ba64af3769ea517af252103bddd907f681,DMCHBA,ideal,1.0,19,361,4,0.1,36,,,dmchba_topk_10,/home/agxorin/topk_filter_study/simulator/scenarios/final_trial_500.csv,clue_search,03,74,46,63,12,0,1,1,153,76,77,153,0,96,clue:3;collision_intent:75;state:74;target:1,451,0,completed
386,dcta_parity_v1,topk_filter,aa0724188407797eae5187348bee11ee9f51317c4e8a201863b052786aa2f1df,823213c90703fd83224ad7122ee730ba64af3769ea517af252103bddd907f681,DMCHBA,ideal,1.0,19,361,4,0.1,36,,,dmchba_topk_10,/home/agxorin/topk_filter_study/simulator/scenarios/final_trial_500.csv,clue_search,00,76,51,65,12,0,0,0,155,76,79,155,0,105,clue:3;collision_intent:76;state:76,462,0,completed
386,dcta_parity_v1,topk_filter,aa0724188407797eae5187348bee11ee9f51317c4e8a201863b052786aa2f1df,823213c90703fd83224ad7122ee730ba64af3769ea517af252103bddd907f681,DMCHBA,ideal,1.0,19,361,4,0.1,36,,,dmchba_topk_10,/home/agxorin/topk_filter_study/simulator/scenarios/final_trial_500.csv,clue_search,01,75,50,59,17,0,1,1,154,76,78,154,0,104,clue:3;collision_intent:76;state:75,463,0,completed
386,dcta_parity_v1,topk_filter,aa0724188407797eae5187348bee11ee9f51317c4e8a201863b052786aa2f1df,823213c90703fd83224ad7122ee730ba64af3769ea517af252103bddd907f681,DMCHBA,ideal,1.0,19,361,4,0.1,36,,,dmchba_topk_10,/home/agxorin/topk_filter_study/simulator/scenarios/final_trial_500.csv,clue_search,02,75,50,71,5,0,0,0,154,76,78,154,0,104,clue:3;collision_intent:75;state:75;target:1,465,0,completed
386,dcta_parity_v1,topk_filter,aa0724188407797eae5187348bee11ee9f51317c4e8a201863b052786aa2f1df,823213c90703fd83224ad7122ee730ba64af3769ea517af252103bddd907f681,DMCHBA,ideal,1.0,19,361,4,0.1,36,,,dmchba_topk_10,/home/agxorin/topk_filter_study/simulator/scenarios/final_trial_500.csv,clue_search,03,76,52,56,21,0,1,1,156,77,79,156,0,108,clue:3;collision_intent:77;state:76,462,0,completed
387,dcta_parity_v1,topk_filter,aa0724188407797eae5187348bee11ee9f51317c4e8a201863b052786aa2f1df,823213c90703fd83224ad7122ee730ba64af3769ea517af252103bddd907f681,DMCHBA,ideal,1.0,19,361,4,0.1,36,,,dmchba_topk_10,/home/agxorin/topk_filter_study/simulator/scenarios/final_trial_500.csv,clue_search,00,2,0,3,0,0,0,0,4,2,2,4,0,0,collision_intent:2;state:2,12,0,completed
387,dcta_parity_v1,topk_filter,aa0724188407797eae5187348bee11ee9f51317c4e8a201863b052786aa2f1df,823213c90703fd83224ad7122ee730ba64af3769ea517af252103bddd907f681,DMCHBA,ideal,1.0,19,361,4,0.1,36,,,dmchba_topk_10,/home/agxorin/topk_filter_study/simulator/scenarios/final_trial_500.csv,clue_search,01,1,0,2,0,0,0,0,3,2,1,3,0,0,collision_intent:2;state:1,13,0,completed
387,dcta_parity_v1,topk_filter,aa0724188407797eae5187348bee11ee9f51317c4e8a201863b052786aa2f1df,823213c90703fd83224ad7122ee730ba64af3769ea517af252103bddd907f681,DMCHBA,ideal,1.0,19,361,4,0.1,36,,,dmchba_topk_10,/home/agxorin/topk_filter_study/simulator/scenarios/final_trial_500.csv,clue_search,02,2,0,3,0,0,0,0,4,2,2,4,0,0,collision_intent:2;state:2,12,0,completed
387,dcta_parity_v1,topk_filter,aa0724188407797eae5187348bee11ee9f51317c4e8a201863b052786aa2f1df,823213c90703fd83224ad7122ee730ba64af3769ea517af252103bddd907f681,DMCHBA,ideal,1.0,19,361,4,0.1,36,,,dmchba_topk_10,/home/agxorin/topk_filter_study/simulator/scenarios/final_trial_500.csv,clue_search,03,2,0,3,0,0,0,0,5,3,2,5,0,0,collision_intent:2;state:2;target:1,11,0,completed
388,dcta_parity_v1,topk_filter,aa0724188407797eae5187348bee11ee9f51317c4e8a201863b052786aa2f1df,823213c90703fd83224ad7122ee730ba64af3769ea517af252103bddd907f681,DMCHBA,ideal,1.0,19,361,4,0.1,36,,,dmchba_topk_10,/home/agxorin/topk_filter_study/simulator/scenarios/final_trial_500.csv,clue_search,00,89,47,75,15,0,0,0,182,90,92,182,0,97,clue:3;collision_intent:89;state:89;target:1,540,0,completed
388,dcta_parity_v1,topk_filter,aa0724188407797eae5187348bee11ee9f51317c4e8a201863b052786aa2f1df,823213c90703fd83224ad7122ee730ba64af3769ea517af252103bddd907f681,DMCHBA,ideal,1.0,19,361,4,0.1,36,,,dmchba_topk_10,/home/agxorin/topk_filter_study/simulator/scenarios/final_trial_500.csv,clue_search,01,88,45,83,6,0,0,0,180,89,91,180,0,94,clue:3;collision_intent:89;state:88,542,0,completed
388,dcta_parity_v1,topk_filter,aa0724188407797eae5187348bee11ee9f51317c4e8a201863b052786aa2f1df,823213c90703fd83224ad7122ee730ba64af3769ea517af252103bddd907f681,DMCHBA,ideal,1.0,19,361,4,0.1,36,,,dmchba_topk_10,/home/agxorin/topk_filter_study/simulator/scenarios/final_trial_500.csv,clue_search,02,89,46,73,17,0,0,0,181,89,92,181,0,95,clue:3;collision_intent:89;state:89,539,0,completed
388,dcta_parity_v1,topk_filter,aa0724188407797eae5187348bee11ee9f51317c4e8a201863b052786aa2f1df,823213c90703fd83224ad7122ee730ba64af3769ea517af252103bddd907f681,DMCHBA,ideal,1.0,19,361,4,0.1,36,,,dmchba_topk_10,/home/agxorin/topk_filter_study/simulator/scenarios/final_trial_500.csv,clue_search,03,88,46,72,17,0,0,0,179,88,91,179,0,95,clue:3;collision_intent:88;state:88,543,0,completed
389,dcta_parity_v1,topk_filter,aa0724188407797eae5187348bee11ee9f51317c4e8a201863b052786aa2f1df,823213c90703fd83224ad7122ee730ba64af3769ea517af252103bddd907f681,DMCHBA,ideal,1.0,19,361,4,0.1,36,,,dmchba_topk_10,/home/agxorin/topk_filter_study/simulator/scenarios/final_trial_500.csv,clue_search,00,10,0,11,0,0,0,0,21,11,10,21,0,0,collision_intent:10;state:10;target:1,54,0,completed
389,dcta_parity_v1,topk_filter,aa0724188407797eae5187348bee11ee9f51317c4e8a201863b052786aa2f1df,823213c90703fd83224ad7122ee730ba64af3769ea517af252103bddd907f681,DMCHBA,ideal,1.0,19,361,4,0.1,36,,,dmchba_topk_10,/home/agxorin/topk_filter_study/simulator/scenarios/final_trial_500.csv,clue_search,01,9,0,10,0,0,0,0,18,9,9,18,0,0,collision_intent:9;state:9,56,0,completed
389,dcta_parity_v1,topk_filter,aa0724188407797eae5187348bee11ee9f51317c4e8a201863b052786aa2f1df,823213c90703fd83224ad7122ee730ba64af3769ea517af252103bddd907f681,DMCHBA,ideal,1.0,19,361,4,0.1,36,,,dmchba_topk_10,/home/agxorin/topk_filter_study/simulator/scenarios/final_trial_500.csv,clue_search,02,9,0,10,0,0,0,0,18,9,9,18,0,0,collision_intent:9;state:9,56,0,completed
389,dcta_parity_v1,topk_filter,aa0724188407797eae5187348bee11ee9f51317c4e8a201863b052786aa2f1df,823213c90703fd83224ad7122ee730ba64af3769ea517af252103bddd907f681,DMCHBA,ideal,1.0,19,361,4,0.1,36,,,dmchba_topk_10,/home/agxorin/topk_filter_study/simulator/scenarios/final_trial_500.csv,clue_search,03,9,0,10,0,0,0,0,18,9,9,18,0,0,collision_intent:9;state:9,56,0,completed
390,dcta_parity_v1,topk_filter,aa0724188407797eae5187348bee11ee9f51317c4e8a201863b052786aa2f1df,823213c90703fd83224ad7122ee730ba64af3769ea517af252103bddd907f681,DMCHBA,ideal,1.0,19,361,4,0.1,36,,,dmchba_topk_10,/home/agxorin/topk_filter_study/simulator/scenarios/final_trial_500.csv,clue_search,00,54,0,55,0,0,0,0,109,55,54,109,0,0,collision_intent:54;state:54;target:1,320,0,completed
390,dcta_parity_v1,topk_filter,aa0724188407797eae5187348bee11ee9f51317c4e8a201863b052786aa2f1df,823213c90703fd83224ad7122ee730ba64af3769ea517af252103bddd907f681,DMCHBA,ideal,1.0,19,361,4,0.1,36,,,dmchba_topk_10,/home/agxorin/topk_filter_study/simulator/scenarios/final_trial_500.csv,clue_search,01,53,0,54,0,0,0,0,106,53,53,106,0,0,collision_intent:53;state:53,322,0,completed
390,dcta_parity_v1,topk_filter,aa0724188407797eae5187348bee11ee9f51317c4e8a201863b052786aa2f1df,823213c90703fd83224ad7122ee730ba64af3769ea517af252103bddd907f681,DMCHBA,ideal,1.0,19,361,4,0.1,36,,,dmchba_topk_10,/home/agxorin/topk_filter_study/simulator/scenarios/final_trial_500.csv,clue_search,02,54,0,55,0,0,0,0,108,54,54,108,0,0,collision_intent:54;state:54,320,0,completed
390,dcta_parity_v1,topk_filter,aa0724188407797eae5187348bee11ee9f51317c4e8a201863b052786aa2f1df,823213c90703fd83224ad7122ee730ba64af3769ea517af252103bddd907f681,DMCHBA,ideal,1.0,19,361,4,0.1,36,,,dmchba_topk_10,/home/agxorin/topk_filter_study/simulator/scenarios/final_trial_500.csv,clue_search,03,53,0,54,0,0,0,0,106,53,53,106,0,0,collision_intent:53;state:53,322,0,completed
391,dcta_parity_v1,topk_filter,aa0724188407797eae5187348bee11ee9f51317c4e8a201863b052786aa2f1df,823213c90703fd83224ad7122ee730ba64af3769ea517af252103bddd907f681,DMCHBA,ideal,1.0,19,361,4,0.1,36,,,dmchba_topk_10,/home/agxorin/topk_filter_study/simulator/scenarios/final_trial_500.csv,clue_search,00,100,65,87,14,0,0,0,203,100,103,203,0,133,clue:3;collision_intent:100;state:100,622,0,completed
391,dcta_parity_v1,topk_filter,aa0724188407797eae5187348bee11ee9f51317c4e8a201863b052786aa2f1df,823213c90703fd83224ad7122ee730ba64af3769ea517af252103bddd907f681,DMCHBA,ideal,1.0,19,361,4,0.1,36,,,dmchba_topk_10,/home/agxorin/topk_filter_study/simulator/scenarios/final_trial_500.csv,clue_search,01,101,67,86,16,0,0,0,206,102,104,206,0,138,clue:3;collision_intent:101;state:101;target:1,619,0,completed
391,dcta_parity_v1,topk_filter,aa0724188407797eae5187348bee11ee9f51317c4e8a201863b052786aa2f1df,823213c90703fd83224ad7122ee730ba64af3769ea517af252103bddd907f681,DMCHBA,ideal,1.0,19,361,4,0.1,36,,,dmchba_topk_10,/home/agxorin/topk_filter_study/simulator/scenarios/final_trial_500.csv,clue_search,02,103,68,73,31,0,0,0,209,103,106,209,0,139,clue:3;collision_intent:103;state:103,615,0,completed
391,dcta_parity_v1,topk_filter,aa0724188407797eae5187348bee11ee9f51317c4e8a201863b052786aa2f1df,823213c90703fd83224ad7122ee730ba64af3769ea517af252103bddd907f681,DMCHBA,ideal,1.0,19,361,4,0.1,36,,,dmchba_topk_10,/home/agxorin/topk_filter_study/simulator/scenarios/final_trial_500.csv,clue_search,03,102,68,82,21,0,0,0,207,102,105,207,0,138,clue:3;collision_intent:102;state:102,617,0,completed
392,dcta_parity_v1,topk_filter,aa0724188407797eae5187348bee11ee9f51317c4e8a201863b052786aa2f1df,823213c90703fd83224ad7122ee730ba64af3769ea517af252103bddd907f681,DMCHBA,ideal,1.0,19,361,4,0.1,36,,,dmchba_topk_10,/home/agxorin/topk_filter_study/simulator/scenarios/final_trial_500.csv,clue_search,00,2,0,3,0,0,0,0,4,2,2,4,0,0,collision_intent:2;state:2,11,0,completed
392,dcta_parity_v1,topk_filter,aa0724188407797eae5187348bee11ee9f51317c4e8a201863b052786aa2f1df,823213c90703fd83224ad7122ee730ba64af3769ea517af252103bddd907f681,DMCHBA,ideal,1.0,19,361,4,0.1,36,,,dmchba_topk_10,/home/agxorin/topk_filter_study/simulator/scenarios/final_trial_500.csv,clue_search,01,2,0,3,0,0,0,0,5,3,2,5,0,0,collision_intent:2;state:2;target:1,12,0,completed
392,dcta_parity_v1,topk_filter,aa0724188407797eae5187348bee11ee9f51317c4e8a201863b052786aa2f1df,823213c90703fd83224ad7122ee730ba64af3769ea517af252103bddd907f681,DMCHBA,ideal,1.0,19,361,4,0.1,36,,,dmchba_topk_10,/home/agxorin/topk_filter_study/simulator/scenarios/final_trial_500.csv,clue_search,02,2,0,3,0,0,0,0,4,2,2,4,0,0,collision_intent:2;state:2,12,0,completed
392,dcta_parity_v1,topk_filter,aa0724188407797eae5187348bee11ee9f51317c4e8a201863b052786aa2f1df,823213c90703fd83224ad7122ee730ba64af3769ea517af252103bddd907f681,DMCHBA,ideal,1.0,19,361,4,0.1,36,,,dmchba_topk_10,/home/agxorin/topk_filter_study/simulator/scenarios/final_trial_500.csv,clue_search,03,2,0,3,0,0,0,0,4,2,2,4,0,0,collision_intent:2;state:2,13,0,completed
393,dcta_parity_v1,topk_filter,aa0724188407797eae5187348bee11ee9f51317c4e8a201863b052786aa2f1df,823213c90703fd83224ad7122ee730ba64af3769ea517af252103bddd907f681,DMCHBA,ideal,1.0,19,361,4,0.1,36,,,dmchba_topk_10,/home/agxorin/topk_filter_study/simulator/scenarios/final_trial_500.csv,clue_search,00,26,0,27,0,0,0,0,52,26,26,52,0,0,collision_intent:26;state:26,156,0,completed
393,dcta_parity_v1,topk_filter,aa0724188407797eae5187348bee11ee9f51317c4e8a201863b052786aa2f1df,823213c90703fd83224ad7122ee730ba64af3769ea517af252103bddd907f681,DMCHBA,ideal,1.0,19,361,4,0.1,36,,,dmchba_topk_10,/home/agxorin/topk_filter_study/simulator/scenarios/final_trial_500.csv,clue_search,01,26,0,27,0,0,0,0,53,27,26,53,0,0,collision_intent:26;state:26;target:1,156,0,completed
393,dcta_parity_v1,topk_filter,aa0724188407797eae5187348bee11ee9f51317c4e8a201863b052786aa2f1df,823213c90703fd83224ad7122ee730ba64af3769ea517af252103bddd907f681,DMCHBA,ideal,1.0,19,361,4,0.1,36,,,dmchba_topk_10,/home/agxorin/topk_filter_study/simulator/scenarios/final_trial_500.csv,clue_search,02,26,0,27,0,0,0,0,52,26,26,52,0,0,collision_intent:26;state:26,155,0,completed
393,dcta_parity_v1,topk_filter,aa0724188407797eae5187348bee11ee9f51317c4e8a201863b052786aa2f1df,823213c90703fd83224ad7122ee730ba64af3769ea517af252103bddd907f681,DMCHBA,ideal,1.0,19,361,4,0.1,36,,,dmchba_topk_10,/home/agxorin/topk_filter_study/simulator/scenarios/final_trial_500.csv,clue_search,03,26,0,27,0,0,0,0,52,26,26,52,0,0,collision_intent:26;state:26,156,0,completed
394,dcta_parity_v1,topk_filter,aa0724188407797eae5187348bee11ee9f51317c4e8a201863b052786aa2f1df,823213c90703fd83224ad7122ee730ba64af3769ea517af252103bddd907f681,DMCHBA,ideal,1.0,19,361,4,0.1,36,,,dmchba_topk_10,/home/agxorin/topk_filter_study/simulator/scenarios/final_trial_500.csv,clue_search,00,75,4,76,0,0,0,0,153,76,77,153,0,11,clue:2;collision_intent:75;state:75;target:1,452,0,completed
394,dcta_parity_v1,topk_filter,aa0724188407797eae5187348bee11ee9f51317c4e8a201863b052786aa2f1df,823213c90703fd83224ad7122ee730ba64af3769ea517af252103bddd907f681,DMCHBA,ideal,1.0,19,361,4,0.1,36,,,dmchba_topk_10,/home/agxorin/topk_filter_study/simulator/scenarios/final_trial_500.csv,clue_search,01,74,4,73,2,0,0,0,150,74,76,150,0,10,clue:2;collision_intent:74;state:74,455,0,completed
394,dcta_parity_v1,topk_filter,aa0724188407797eae5187348bee11ee9f51317c4e8a201863b052786aa2f1df,823213c90703fd83224ad7122ee730ba64af3769ea517af252103bddd907f681,DMCHBA,ideal,1.0,19,361,4,0.1,36,,,dmchba_topk_10,/home/agxorin/topk_filter_study/simulator/scenarios/final_trial_500.csv,clue_search,02,75,4,74,2,0,0,0,152,75,77,152,0,10,clue:2;collision_intent:75;state:75,451,0,completed
394,dcta_parity_v1,topk_filter,aa0724188407797eae5187348bee11ee9f51317c4e8a201863b052786aa2f1df,823213c90703fd83224ad7122ee730ba64af3769ea517af252103bddd907f681,DMCHBA,ideal,1.0,19,361,4,0.1,36,,,dmchba_topk_10,/home/agxorin/topk_filter_study/simulator/scenarios/final_trial_500.csv,clue_search,03,74,4,73,2,0,0,0,150,74,76,150,0,10,clue:2;collision_intent:74;state:74,454,0,completed
395,dcta_parity_v1,topk_filter,aa0724188407797eae5187348bee11ee9f51317c4e8a201863b052786aa2f1df,823213c90703fd83224ad7122ee730ba64af3769ea517af252103bddd907f681,DMCHBA,ideal,1.0,19,361,4,0.1,36,,,dmchba_topk_10,/home/agxorin/topk_filter_study/simulator/scenarios/final_trial_500.csv,clue_search,00,18,6,19,0,0,0,0,38,18,20,38,0,14,clue:2;collision_intent:18;state:18,119,0,completed
395,dcta_parity_v1,topk_filter,aa0724188407797eae5187348bee11ee9f51317c4e8a201863b052786aa2f1df,823213c90703fd83224ad7122ee730ba64af3769ea517af252103bddd907f681,DMCHBA,ideal,1.0,19,361,4,0.1,36,,,dmchba_topk_10,/home/agxorin/topk_filter_study/simulator/scenarios/final_trial_500.csv,clue_search,01,19,8,20,0,0,0,0,41,20,21,41,0,19,clue:2;collision_intent:19;state:19;target:1,118,0,completed
395,dcta_parity_v1,topk_filter,aa0724188407797eae5187348bee11ee9f51317c4e8a201863b052786aa2f1df,823213c90703fd83224ad7122ee730ba64af3769ea517af252103bddd907f681,DMCHBA,ideal,1.0,19,361,4,0.1,36,,,dmchba_topk_10,/home/agxorin/topk_filter_study/simulator/scenarios/final_trial_500.csv,clue_search,02,19,7,20,0,0,0,0,40,19,21,40,0,16,clue:2;collision_intent:19;state:19,119,0,completed
395,dcta_parity_v1,topk_filter,aa0724188407797eae5187348bee11ee9f51317c4e8a201863b052786aa2f1df,823213c90703fd83224ad7122ee730ba64af3769ea517af252103bddd907f681,DMCHBA,ideal,1.0,19,361,4,0.1,36,,,dmchba_topk_10,/home/agxorin/topk_filter_study/simulator/scenarios/final_trial_500.csv,clue_search,03,19,8,19,1,0,0,0,40,19,21,40,0,17,clue:2;collision_intent:19;state:19,119,0,completed
396,dcta_parity_v1,topk_filter,aa0724188407797eae5187348bee11ee9f51317c4e8a201863b052786aa2f1df,823213c90703fd83224ad7122ee730ba64af3769ea517af252103bddd907f681,DMCHBA,ideal,1.0,19,361,4,0.1,36,,,dmchba_topk_10,/home/agxorin/topk_filter_study/simulator/scenarios/final_trial_500.csv,clue_search,00,101,99,79,23,0,1,1,206,102,104,206,0,202,clue:3;collision_intent:102;state:101,618,0,completed
396,dcta_parity_v1,topk_filter,aa0724188407797eae5187348bee11ee9f51317c4e8a201863b052786aa2f1df,823213c90703fd83224ad7122ee730ba64af3769ea517af252103bddd907f681,DMCHBA,ideal,1.0,19,361,4,0.1,36,,,dmchba_topk_10,/home/agxorin/topk_filter_study/simulator/scenarios/final_trial_500.csv,clue_search,01,102,100,81,22,0,0,0,207,102,105,207,0,203,clue:3;collision_intent:102;state:102,618,0,completed
396,dcta_parity_v1,topk_filter,aa0724188407797eae5187348bee11ee9f51317c4e8a201863b052786aa2f1df,823213c90703fd83224ad7122ee730ba64af3769ea517af252103bddd907f681,DMCHBA,ideal,1.0,19,361,4,0.1,36,,,dmchba_topk_10,/home/agxorin/topk_filter_study/simulator/scenarios/final_trial_500.csv,clue_search,02,100,97,74,27,0,3,2,207,104,103,207,0,201,clue:3;collision_intent:103;state:100;target:1,619,0,completed
396,dcta_parity_v1,topk_filter,aa0724188407797eae5187348bee11ee9f51317c4e8a201863b052786aa2f1df,823213c90703fd83224ad7122ee730ba64af3769ea517af252103bddd907f681,DMCHBA,ideal,1.0,19,361,4,0.1,36,,,dmchba_topk_10,/home/agxorin/topk_filter_study/simulator/scenarios/final_trial_500.csv,clue_search,03,101,99,94,8,0,1,1,206,102,104,206,0,202,clue:3;collision_intent:102;state:101,618,0,completed
397,dcta_parity_v1,topk_filter,aa0724188407797eae5187348bee11ee9f51317c4e8a201863b052786aa2f1df,823213c90703fd83224ad7122ee730ba64af3769ea517af252103bddd907f681,DMCHBA,ideal,1.0,19,361,4,0.1,36,,,dmchba_topk_10,/home/agxorin/topk_filter_study/simulator/scenarios/final_trial_500.csv,clue_search,00,2,0,3,0,0,0,0,4,2,2,4,0,0,collision_intent:2;state:2,11,0,completed
397,dcta_parity_v1,topk_filter,aa0724188407797eae5187348bee11ee9f51317c4e8a201863b052786aa2f1df,823213c90703fd83224ad7122ee730ba64af3769ea517af252103bddd907f681,DMCHBA,ideal,1.0,19,361,4,0.1,36,,,dmchba_topk_10,/home/agxorin/topk_filter_study/simulator/scenarios/final_trial_500.csv,clue_search,01,1,0,2,0,0,0,0,3,2,1,3,0,0,collision_intent:2;state:1,12,0,completed
397,dcta_parity_v1,topk_filter,aa0724188407797eae5187348bee11ee9f51317c4e8a201863b052786aa2f1df,823213c90703fd83224ad7122ee730ba64af3769ea517af252103bddd907f681,DMCHBA,ideal,1.0,19,361,4,0.1,36,,,dmchba_topk_10,/home/agxorin/topk_filter_study/simulator/scenarios/final_trial_500.csv,clue_search,02,2,0,3,0,0,0,0,4,2,2,4,0,0,collision_intent:2;state:2,12,0,completed
397,dcta_parity_v1,topk_filter,aa0724188407797eae5187348bee11ee9f51317c4e8a201863b052786aa2f1df,823213c90703fd83224ad7122ee730ba64af3769ea517af252103bddd907f681,DMCHBA,ideal,1.0,19,361,4,0.1,36,,,dmchba_topk_10,/home/agxorin/topk_filter_study/simulator/scenarios/final_trial_500.csv,clue_search,03,2,0,3,0,0,0,0,5,3,2,5,0,0,collision_intent:2;state:2;target:1,11,0,completed
398,dcta_parity_v1,topk_filter,aa0724188407797eae5187348bee11ee9f51317c4e8a201863b052786aa2f1df,823213c90703fd83224ad7122ee730ba64af3769ea517af252103bddd907f681,DMCHBA,ideal,1.0,19,361,4,0.1,36,,,dmchba_topk_10,/home/agxorin/topk_filter_study/simulator/scenarios/final_trial_500.csv,clue_search,00,10,6,11,0,0,0,0,22,11,11,22,0,14,clue:1;collision_intent:10;state:10;target:1,57,0,completed
398,dcta_parity_v1,topk_filter,aa0724188407797eae5187348bee11ee9f51317c4e8a201863b052786aa2f1df,823213c90703fd83224ad7122ee730ba64af3769ea517af252103bddd907f681,DMCHBA,ideal,1.0,19,361,4,0.1,36,,,dmchba_topk_10,/home/agxorin/topk_filter_study/simulator/scenarios/final_trial_500.csv,clue_search,01,9,6,10,0,0,0,0,19,9,10,19,0,13,clue:1;collision_intent:9;state:9,59,0,completed
398,dcta_parity_v1,topk_filter,aa0724188407797eae5187348bee11ee9f51317c4e8a201863b052786aa2f1df,823213c90703fd83224ad7122ee730ba64af3769ea517af252103bddd907f681,DMCHBA,ideal,1.0,19,361,4,0.1,36,,,dmchba_topk_10,/home/agxorin/topk_filter_study/simulator/scenarios/final_trial_500.csv,clue_search,02,9,5,10,0,0,0,0,19,9,10,19,0,11,clue:1;collision_intent:9;state:9,60,0,completed
398,dcta_parity_v1,topk_filter,aa0724188407797eae5187348bee11ee9f51317c4e8a201863b052786aa2f1df,823213c90703fd83224ad7122ee730ba64af3769ea517af252103bddd907f681,DMCHBA,ideal,1.0,19,361,4,0.1,36,,,dmchba_topk_10,/home/agxorin/topk_filter_study/simulator/scenarios/final_trial_500.csv,clue_search,03,9,6,10,0,0,0,0,19,9,10,19,0,13,clue:1;collision_intent:9;state:9,58,0,completed
399,dcta_parity_v1,topk_filter,aa0724188407797eae5187348bee11ee9f51317c4e8a201863b052786aa2f1df,823213c90703fd83224ad7122ee730ba64af3769ea517af252103bddd907f681,DMCHBA,ideal,1.0,19,361,4,0.1,36,,,dmchba_topk_10,/home/agxorin/topk_filter_study/simulator/scenarios/final_trial_500.csv,clue_search,00,11,8,12,0,0,0,0,24,11,13,24,0,18,clue:2;collision_intent:11;state:11,69,0,completed
399,dcta_parity_v1,topk_filter,aa0724188407797eae5187348bee11ee9f51317c4e8a201863b052786aa2f1df,823213c90703fd83224ad7122ee730ba64af3769ea517af252103bddd907f681,DMCHBA,ideal,1.0,19,361,4,0.1,36,,,dmchba_topk_10,/home/agxorin/topk_filter_study/simulator/scenarios/final_trial_500.csv,clue_search,01,11,9,11,1,0,0,0,25,12,13,25,0,21,clue:2;collision_intent:11;state:11;target:1,69,0,completed
399,dcta_parity_v1,topk_filter,aa0724188407797eae5187348bee11ee9f51317c4e8a201863b052786aa2f1df,823213c90703fd83224ad7122ee730ba64af3769ea517af252103bddd907f681,DMCHBA,ideal,1.0,19,361,4,0.1,36,,,dmchba_topk_10,/home/agxorin/topk_filter_study/simulator/scenarios/final_trial_500.csv,clue_search,02,10,7,11,0,0,0,0,22,10,12,22,0,16,clue:2;collision_intent:10;state:10,72,0,completed
399,dcta_parity_v1,topk_filter,aa0724188407797eae5187348bee11ee9f51317c4e8a201863b052786aa2f1df,823213c90703fd83224ad7122ee730ba64af3769ea517af252103bddd907f681,DMCHBA,ideal,1.0,19,361,4,0.1,36,,,dmchba_topk_10,/home/agxorin/topk_filter_study/simulator/scenarios/final_trial_500.csv,clue_search,03,10,8,11,0,0,0,0,23,11,12,23,0,19,clue:2;collision_intent:11;state:10,69,0,completed
400,dcta_parity_v1,topk_filter,aa0724188407797eae5187348bee11ee9f51317c4e8a201863b052786aa2f1df,823213c90703fd83224ad7122ee730ba64af3769ea517af252103bddd907f681,DMCHBA,ideal,1.0,19,361,4,0.1,36,,,dmchba_topk_10,/home/agxorin/topk_filter_study/simulator/scenarios/final_trial_500.csv,clue_search,00,4,0,5,0,0,0,0,8,4,4,8,0,0,collision_intent:4;state:4,23,0,completed
400,dcta_parity_v1,topk_filter,aa0724188407797eae5187348bee11ee9f51317c4e8a201863b052786aa2f1df,823213c90703fd83224ad7122ee730ba64af3769ea517af252103bddd907f681,DMCHBA,ideal,1.0,19,361,4,0.1,36,,,dmchba_topk_10,/home/agxorin/topk_filter_study/simulator/scenarios/final_trial_500.csv,clue_search,01,4,0,5,0,0,0,0,9,5,4,9,0,0,collision_intent:4;state:4;target:1,23,0,completed
400,dcta_parity_v1,topk_filter,aa0724188407797eae5187348bee11ee9f51317c4e8a201863b052786aa2f1df,823213c90703fd83224ad7122ee730ba64af3769ea517af252103bddd907f681,DMCHBA,ideal,1.0,19,361,4,0.1,36,,,dmchba_topk_10,/home/agxorin/topk_filter_study/simulator/scenarios/final_trial_500.csv,clue_search,02,4,0,5,0,0,0,0,8,4,4,8,0,0,collision_intent:4;state:4,23,0,completed
400,dcta_parity_v1,topk_filter,aa0724188407797eae5187348bee11ee9f51317c4e8a201863b052786aa2f1df,823213c90703fd83224ad7122ee730ba64af3769ea517af252103bddd907f681,DMCHBA,ideal,1.0,19,361,4,0.1,36,,,dmchba_topk_10,/home/agxorin/topk_filter_study/simulator/scenarios/final_trial_500.csv,clue_search,03,3,0,4,0,0,0,0,7,4,3,7,0,0,collision_intent:4;state:3,24,0,completed
401,dcta_parity_v1,topk_filter,aa0724188407797eae5187348bee11ee9f51317c4e8a201863b052786aa2f1df,823213c90703fd83224ad7122ee730ba64af3769ea517af252103bddd907f681,DMCHBA,ideal,1.0,19,361,4,0.1,36,,,dmchba_topk_10,/home/agxorin/topk_filter_study/simulator/scenarios/final_trial_500.csv,clue_search,00,96,81,83,14,0,3,2,199,99,100,199,0,169,clue:4;collision_intent:99;state:96,590,0,completed
401,dcta_parity_v1,topk_filter,aa0724188407797eae5187348bee11ee9f51317c4e8a201863b052786aa2f1df,823213c90703fd83224ad7122ee730ba64af3769ea517af252103bddd907f681,DMCHBA,ideal,1.0,19,361,4,0.1,36,,,dmchba_topk_10,/home/agxorin/topk_filter_study/simulator/scenarios/final_trial_500.csv,clue_search,01,96,81,79,18,0,0,0,196,96,100,196,0,166,clue:4;collision_intent:96;state:96,594,0,completed
401,dcta_parity_v1,topk_filter,aa0724188407797eae5187348bee11ee9f51317c4e8a201863b052786aa2f1df,823213c90703fd83224ad7122ee730ba64af3769ea517af252103bddd907f681,DMCHBA,ideal,1.0,19,361,4,0.1,36,,,dmchba_topk_10,/home/agxorin/topk_filter_study/simulator/scenarios/final_trial_500.csv,clue_search,02,97,82,89,9,0,0,0,199,98,101,199,0,169,clue:4;collision_intent:97;state:97;target:1,591,0,completed
401,dcta_parity_v1,topk_filter,aa0724188407797eae5187348bee11ee9f51317c4e8a201863b052786aa2f1df,823213c90703fd83224ad7122ee730ba64af3769ea517af252103bddd907f681,DMCHBA,ideal,1.0,19,361,4,0.1,36,,,dmchba_topk_10,/home/agxorin/topk_filter_study/simulator/scenarios/final_trial_500.csv,clue_search,03,96,81,84,13,0,0,0,196,96,100,196,0,166,clue:4;collision_intent:96;state:96,592,0,completed
402,dcta_parity_v1,topk_filter,aa0724188407797eae5187348bee11ee9f51317c4e8a201863b052786aa2f1df,823213c90703fd83224ad7122ee730ba64af3769ea517af252103bddd907f681,DMCHBA,ideal,1.0,19,361,4,0.1,36,,,dmchba_topk_10,/home/agxorin/topk_filter_study/simulator/scenarios/final_trial_500.csv,clue_search,00,19,0,20,0,0,0,0,39,20,19,39,0,0,collision_intent:19;state:19;target:1,110,0,completed
402,dcta_parity_v1,topk_filter,aa0724188407797eae5187348bee11ee9f51317c4e8a201863b052786aa2f1df,823213c90703fd83224ad7122ee730ba64af3769ea517af252103bddd907f681,DMCHBA,ideal,1.0,19,361,4,0.1,36,,,dmchba_topk_10,/home/agxorin/topk_filter_study/simulator/scenarios/final_trial_500.csv,clue_search,01,18,0,19,0,0,0,0,36,18,18,36,0,0,collision_intent:18;state:18,112,0,completed
402,dcta_parity_v1,topk_filter,aa0724188407797eae5187348bee11ee9f51317c4e8a201863b052786aa2f1df,823213c90703fd83224ad7122ee730ba64af3769ea517af252103bddd907f681,DMCHBA,ideal,1.0,19,361,4,0.1,36,,,dmchba_topk_10,/home/agxorin/topk_filter_study/simulator/scenarios/final_trial_500.csv,clue_search,02,19,0,20,0,0,0,0,38,19,19,38,0,0,collision_intent:19;state:19,110,0,completed
402,dcta_parity_v1,topk_filter,aa0724188407797eae5187348bee11ee9f51317c4e8a201863b052786aa2f1df,823213c90703fd83224ad7122ee730ba64af3769ea517af252103bddd907f681,DMCHBA,ideal,1.0,19,361,4,0.1,36,,,dmchba_topk_10,/home/agxorin/topk_filter_study/simulator/scenarios/final_trial_500.csv,clue_search,03,18,0,19,0,0,0,0,36,18,18,36,0,0,collision_intent:18;state:18,112,0,completed
403,dcta_parity_v1,topk_filter,aa0724188407797eae5187348bee11ee9f51317c4e8a201863b052786aa2f1df,823213c90703fd83224ad7122ee730ba64af3769ea517af252103bddd907f681,DMCHBA,ideal,1.0,19,361,4,0.1,36,,,dmchba_topk_10,/home/agxorin/topk_filter_study/simulator/scenarios/final_trial_500.csv,clue_search,00,39,26,37,3,0,0,0,79,39,40,79,0,53,clue:1;collision_intent:39;state:39,239,0,completed
403,dcta_parity_v1,topk_filter,aa0724188407797eae5187348bee11ee9f51317c4e8a201863b052786aa2f1df,823213c90703fd83224ad7122ee730ba64af3769ea517af252103bddd907f681,DMCHBA,ideal,1.0,19,361,4,0.1,36,,,dmchba_topk_10,/home/agxorin/topk_filter_study/simulator/scenarios/final_trial_500.csv,clue_search,01,38,26,38,1,0,0,0,77,38,39,77,0,53,clue:1;collision_intent:38;state:38,241,0,completed
403,dcta_parity_v1,topk_filter,aa0724188407797eae5187348bee11ee9f51317c4e8a201863b052786aa2f1df,823213c90703fd83224ad7122ee730ba64af3769ea517af252103bddd907f681,DMCHBA,ideal,1.0,19,361,4,0.1,36,,,dmchba_topk_10,/home/agxorin/topk_filter_study/simulator/scenarios/final_trial_500.csv,clue_search,02,40,28,41,0,0,0,0,82,41,41,82,0,58,clue:1;collision_intent:40;state:40;target:1,237,0,completed
403,dcta_parity_v1,topk_filter,aa0724188407797eae5187348bee11ee9f51317c4e8a201863b052786aa2f1df,823213c90703fd83224ad7122ee730ba64af3769ea517af252103bddd907f681,DMCHBA,ideal,1.0,19,361,4,0.1,36,,,dmchba_topk_10,/home/agxorin/topk_filter_study/simulator/scenarios/final_trial_500.csv,clue_search,03,40,28,39,2,0,0,0,81,40,41,81,0,57,clue:1;collision_intent:40;state:40,237,0,completed
404,dcta_parity_v1,topk_filter,aa0724188407797eae5187348bee11ee9f51317c4e8a201863b052786aa2f1df,823213c90703fd83224ad7122ee730ba64af3769ea517af252103bddd907f681,DMCHBA,ideal,1.0,19,361,4,0.1,36,,,dmchba_topk_10,/home/agxorin/topk_filter_study/simulator/scenarios/final_trial_500.csv,clue_search,00,11,0,12,0,0,0,0,23,12,11,23,0,0,collision_intent:11;state:11;target:1,62,0,completed
404,dcta_parity_v1,topk_filter,aa0724188407797eae5187348bee11ee9f51317c4e8a201863b052786aa2f1df,823213c90703fd83224ad7122ee730ba64af3769ea517af252103bddd907f681,DMCHBA,ideal,1.0,19,361,4,0.1,36,,,dmchba_topk_10,/home/agxorin/topk_filter_study/simulator/scenarios/final_trial_500.csv,clue_search,01,10,0,11,0,0,0,0,20,10,10,20,0,0,collision_intent:10;state:10,63,0,completed
404,dcta_parity_v1,topk_filter,aa0724188407797eae5187348bee11ee9f51317c4e8a201863b052786aa2f1df,823213c90703fd83224ad7122ee730ba64af3769ea517af252103bddd907f681,DMCHBA,ideal,1.0,19,361,4,0.1,36,,,dmchba_topk_10,/home/agxorin/topk_filter_study/simulator/scenarios/final_trial_500.csv,clue_search,02,11,0,12,0,0,0,0,22,11,11,22,0,0,collision_intent:11;state:11,62,0,completed
404,dcta_parity_v1,topk_filter,aa0724188407797eae5187348bee11ee9f51317c4e8a201863b052786aa2f1df,823213c90703fd83224ad7122ee730ba64af3769ea517af252103bddd907f681,DMCHBA,ideal,1.0,19,361,4,0.1,36,,,dmchba_topk_10,/home/agxorin/topk_filter_study/simulator/scenarios/final_trial_500.csv,clue_search,03,10,0,11,0,0,0,0,20,10,10,20,0,0,collision_intent:10;state:10,63,0,completed
405,dcta_parity_v1,topk_filter,aa0724188407797eae5187348bee11ee9f51317c4e8a201863b052786aa2f1df,823213c90703fd83224ad7122ee730ba64af3769ea517af252103bddd907f681,DMCHBA,ideal,1.0,19,361,4,0.1,36,,,dmchba_topk_10,/home/agxorin/topk_filter_study/simulator/scenarios/final_trial_500.csv,clue_search,00,28,10,29,0,0,0,0,58,28,30,58,0,22,clue:2;collision_intent:28;state:28,169,0,completed
405,dcta_parity_v1,topk_filter,aa0724188407797eae5187348bee11ee9f51317c4e8a201863b052786aa2f1df,823213c90703fd83224ad7122ee730ba64af3769ea517af252103bddd907f681,DMCHBA,ideal,1.0,19,361,4,0.1,36,,,dmchba_topk_10,/home/agxorin/topk_filter_study/simulator/scenarios/final_trial_500.csv,clue_search,01,26,9,24,3,0,2,2,57,29,28,57,0,22,clue:2;collision_intent:29;state:26,170,0,completed
405,dcta_parity_v1,topk_filter,aa0724188407797eae5187348bee11ee9f51317c4e8a201863b052786aa2f1df,823213c90703fd83224ad7122ee730ba64af3769ea517af252103bddd907f681,DMCHBA,ideal,1.0,19,361,4,0.1,36,,,dmchba_topk_10,/home/agxorin/topk_filter_study/simulator/scenarios/final_trial_500.csv,clue_search,02,27,9,27,1,0,0,0,56,27,29,56,0,20,clue:2;collision_intent:27;state:27,171,0,completed
405,dcta_parity_v1,topk_filter,aa0724188407797eae5187348bee11ee9f51317c4e8a201863b052786aa2f1df,823213c90703fd83224ad7122ee730ba64af3769ea517af252103bddd907f681,DMCHBA,ideal,1.0,19,361,4,0.1,36,,,dmchba_topk_10,/home/agxorin/topk_filter_study/simulator/scenarios/final_trial_500.csv,clue_search,03,27,9,28,0,0,0,0,57,28,29,57,0,21,clue:2;collision_intent:27;state:27;target:1,171,0,completed
406,dcta_parity_v1,topk_filter,aa0724188407797eae5187348bee11ee9f51317c4e8a201863b052786aa2f1df,823213c90703fd83224ad7122ee730ba64af3769ea517af252103bddd907f681,DMCHBA,ideal,1.0,19,361,4,0.1,36,,,dmchba_topk_10,/home/agxorin/topk_filter_study/simulator/scenarios/final_trial_500.csv,clue_search,00,27,21,27,1,0,0,0,55,27,28,55,0,43,clue:1;collision_intent:27;state:27,159,0,completed
406,dcta_parity_v1,topk_filter,aa0724188407797eae5187348bee11ee9f51317c4e8a201863b052786aa2f1df,823213c90703fd83224ad7122ee730ba64af3769ea517af252103bddd907f681,DMCHBA,ideal,1.0,19,361,4,0.1,36,,,dmchba_topk_10,/home/agxorin/topk_filter_study/simulator/scenarios/final_trial_500.csv,clue_search,01,26,21,22,5,0,0,0,53,26,27,53,0,42,clue:1;collision_intent:26;state:26,161,0,completed
406,dcta_parity_v1,topk_filter,aa0724188407797eae5187348bee11ee9f51317c4e8a201863b052786aa2f1df,823213c90703fd83224ad7122ee730ba64af3769ea517af252103bddd907f681,DMCHBA,ideal,1.0,19,361,4,0.1,36,,,dmchba_topk_10,/home/agxorin/topk_filter_study/simulator/scenarios/final_trial_500.csv,clue_search,02,26,20,20,7,0,0,0,53,26,27,53,0,41,clue:1;collision_intent:26;state:26,161,0,completed
406,dcta_parity_v1,topk_filter,aa0724188407797eae5187348bee11ee9f51317c4e8a201863b052786aa2f1df,823213c90703fd83224ad7122ee730ba64af3769ea517af252103bddd907f681,DMCHBA,ideal,1.0,19,361,4,0.1,36,,,dmchba_topk_10,/home/agxorin/topk_filter_study/simulator/scenarios/final_trial_500.csv,clue_search,03,26,20,23,4,0,0,0,54,27,27,54,0,42,clue:1;collision_intent:26;state:26;target:1,161,0,completed
407,dcta_parity_v1,topk_filter,aa0724188407797eae5187348bee11ee9f51317c4e8a201863b052786aa2f1df,823213c90703fd83224ad7122ee730ba64af3769ea517af252103bddd907f681,DMCHBA,ideal,1.0,19,361,4,0.1,36,,,dmchba_topk_10,/home/agxorin/topk_filter_study/simulator/scenarios/final_trial_500.csv,clue_search,00,31,25,32,0,0,0,0,64,31,33,64,0,52,clue:2;collision_intent:31;state:31,182,0,completed
407,dcta_parity_v1,topk_filter,aa0724188407797eae5187348bee11ee9f51317c4e8a201863b052786aa2f1df,823213c90703fd83224ad7122ee730ba64af3769ea517af252103bddd907f681,DMCHBA,ideal,1.0,19,361,4,0.1,36,,,dmchba_topk_10,/home/agxorin/topk_filter_study/simulator/scenarios/final_trial_500.csv,clue_search,01,29,24,28,2,0,0,0,61,30,31,61,0,50,clue:2;collision_intent:29;state:29;target:1,185,0,completed
407,dcta_parity_v1,topk_filter,aa0724188407797eae5187348bee11ee9f51317c4e8a201863b052786aa2f1df,823213c90703fd83224ad7122ee730ba64af3769ea517af252103bddd907f681,DMCHBA,ideal,1.0,19,361,4,0.1,36,,,dmchba_topk_10,/home/agxorin/topk_filter_study/simulator/scenarios/final_trial_500.csv,clue_search,02,29,23,28,2,0,0,0,60,29,31,60,0,48,clue:2;collision_intent:29;state:29,185,0,completed
407,dcta_parity_v1,topk_filter,aa0724188407797eae5187348bee11ee9f51317c4e8a201863b052786aa2f1df,823213c90703fd83224ad7122ee730ba64af3769ea517af252103bddd907f681,DMCHBA,ideal,1.0,19,361,4,0.1,36,,,dmchba_topk_10,/home/agxorin/topk_filter_study/simulator/scenarios/final_trial_500.csv,clue_search,03,28,22,21,8,0,3,3,61,31,30,61,0,49,clue:2;collision_intent:31;state:28,184,0,completed
408,dcta_parity_v1,topk_filter,aa0724188407797eae5187348bee11ee9f51317c4e8a201863b052786aa2f1df,823213c90703fd83224ad7122ee730ba64af3769ea517af252103bddd907f681,DMCHBA,ideal,1.0,19,361,4,0.1,36,,,dmchba_topk_10,/home/agxorin/topk_filter_study/simulator/scenarios/final_trial_500.csv,clue_search,00,15,0,16,0,0,0,0,30,15,15,30,0,0,collision_intent:15;state:15,90,0,completed
408,dcta_parity_v1,topk_filter,aa0724188407797eae5187348bee11ee9f51317c4e8a201863b052786aa2f1df,823213c90703fd83224ad7122ee730ba64af3769ea517af252103bddd907f681,DMCHBA,ideal,1.0,19,361,4,0.1,36,,,dmchba_topk_10,/home/agxorin/topk_filter_study/simulator/scenarios/final_trial_500.csv,clue_search,01,15,0,16,0,0,0,0,31,16,15,31,0,0,collision_intent:15;state:15;target:1,90,0,completed
408,dcta_parity_v1,topk_filter,aa0724188407797eae5187348bee11ee9f51317c4e8a201863b052786aa2f1df,823213c90703fd83224ad7122ee730ba64af3769ea517af252103bddd907f681,DMCHBA,ideal,1.0,19,361,4,0.1,36,,,dmchba_topk_10,/home/agxorin/topk_filter_study/simulator/scenarios/final_trial_500.csv,clue_search,02,15,0,16,0,0,0,0,30,15,15,30,0,0,collision_intent:15;state:15,91,0,completed
408,dcta_parity_v1,topk_filter,aa0724188407797eae5187348bee11ee9f51317c4e8a201863b052786aa2f1df,823213c90703fd83224ad7122ee730ba64af3769ea517af252103bddd907f681,DMCHBA,ideal,1.0,19,361,4,0.1,36,,,dmchba_topk_10,/home/agxorin/topk_filter_study/simulator/scenarios/final_trial_500.csv,clue_search,03,15,0,16,0,0,0,0,30,15,15,30,0,0,collision_intent:15;state:15,90,0,completed
409,dcta_parity_v1,topk_filter,aa0724188407797eae5187348bee11ee9f51317c4e8a201863b052786aa2f1df,823213c90703fd83224ad7122ee730ba64af3769ea517af252103bddd907f681,DMCHBA,ideal,1.0,19,361,4,0.1,36,,,dmchba_topk_10,/home/agxorin/topk_filter_study/simulator/scenarios/final_trial_500.csv,clue_search,00,25,18,26,0,0,0,0,51,25,26,51,0,37,clue:1;collision_intent:25;state:25,154,0,completed
409,dcta_parity_v1,topk_filter,aa0724188407797eae5187348bee11ee9f51317c4e8a201863b052786aa2f1df,823213c90703fd83224ad7122ee730ba64af3769ea517af252103bddd907f681,DMCHBA,ideal,1.0,19,361,4,0.1,36,,,dmchba_topk_10,/home/agxorin/topk_filter_study/simulator/scenarios/final_trial_500.csv,clue_search,01,24,17,22,3,0,1,1,51,26,25,51,0,37,clue:1;collision_intent:26;state:24,153,0,completed
409,dcta_parity_v1,topk_filter,aa0724188407797eae5187348bee11ee9f51317c4e8a201863b052786aa2f1df,823213c90703fd83224ad7122ee730ba64af3769ea517af252103bddd907f681,DMCHBA,ideal,1.0,19,361,4,0.1,36,,,dmchba_topk_10,/home/agxorin/topk_filter_study/simulator/scenarios/final_trial_500.csv,clue_search,02,25,18,26,0,0,0,0,51,25,26,51,0,37,clue:1;collision_intent:25;state:25,153,0,completed
409,dcta_parity_v1,topk_filter,aa0724188407797eae5187348bee11ee9f51317c4e8a201863b052786aa2f1df,823213c90703fd83224ad7122ee730ba64af3769ea517af252103bddd907f681,DMCHBA,ideal,1.0,19,361,4,0.1,36,,,dmchba_topk_10,/home/agxorin/topk_filter_study/simulator/scenarios/final_trial_500.csv,clue_search,03,25,19,23,3,0,0,0,52,26,26,52,0,39,clue:1;collision_intent:25;state:25;target:1,153,0,completed
410,dcta_parity_v1,topk_filter,aa0724188407797eae5187348bee11ee9f51317c4e8a201863b052786aa2f1df,823213c90703fd83224ad7122ee730ba64af3769ea517af252103bddd907f681,DMCHBA,ideal,1.0,19,361,4,0.1,36,,,dmchba_topk_10,/home/agxorin/topk_filter_study/simulator/scenarios/final_trial_500.csv,clue_search,00,47,23,46,2,0,0,0,96,48,48,96,0,48,clue:1;collision_intent:47;state:47;target:1,280,0,completed
410,dcta_parity_v1,topk_filter,aa0724188407797eae5187348bee11ee9f51317c4e8a201863b052786aa2f1df,823213c90703fd83224ad7122ee730ba64af3769ea517af252103bddd907f681,DMCHBA,ideal,1.0,19,361,4,0.1,36,,,dmchba_topk_10,/home/agxorin/topk_filter_study/simulator/scenarios/final_trial_500.csv,clue_search,01,45,22,36,10,0,2,1,94,48,46,94,0,48,clue:1;collision_intent:48;state:45,280,0,completed
410,dcta_parity_v1,topk_filter,aa0724188407797eae5187348bee11ee9f51317c4e8a201863b052786aa2f1df,823213c90703fd83224ad7122ee730ba64af3769ea517af252103bddd907f681,DMCHBA,ideal,1.0,19,361,4,0.1,36,,,dmchba_topk_10,/home/agxorin/topk_filter_study/simulator/scenarios/final_trial_500.csv,clue_search,02,47,23,47,1,0,0,0,95,47,48,95,0,47,clue:1;collision_intent:47;state:47,280,0,completed
410,dcta_parity_v1,topk_filter,aa0724188407797eae5187348bee11ee9f51317c4e8a201863b052786aa2f1df,823213c90703fd83224ad7122ee730ba64af3769ea517af252103bddd907f681,DMCHBA,ideal,1.0,19,361,4,0.1,36,,,dmchba_topk_10,/home/agxorin/topk_filter_study/simulator/scenarios/final_trial_500.csv,clue_search,03,45,21,41,5,0,0,0,91,45,46,91,0,43,clue:1;collision_intent:45;state:45,284,0,completed
411,dcta_parity_v1,topk_filter,aa0724188407797eae5187348bee11ee9f51317c4e8a201863b052786aa2f1df,823213c90703fd83224ad7122ee730ba64af3769ea517af252103bddd907f681,DMCHBA,ideal,1.0,19,361,4,0.1,36,,,dmchba_topk_10,/home/agxorin/topk_filter_study/simulator/scenarios/final_trial_500.csv,clue_search,00,69,65,67,3,0,0,0,142,69,73,142,0,134,clue:4;collision_intent:69;state:69,440,0,completed
411,dcta_parity_v1,topk_filter,aa0724188407797eae5187348bee11ee9f51317c4e8a201863b052786aa2f1df,823213c90703fd83224ad7122ee730ba64af3769ea517af252103bddd907f681,DMCHBA,ideal,1.0,19,361,4,0.1,36,,,dmchba_topk_10,/home/agxorin/topk_filter_study/simulator/scenarios/final_trial_500.csv,clue_search,01,69,66,56,14,0,2,2,145,72,73,145,0,139,clue:4;collision_intent:71;state:69;target:1,437,0,completed
411,dcta_parity_v1,topk_filter,aa0724188407797eae5187348bee11ee9f51317c4e8a201863b052786aa2f1df,823213c90703fd83224ad7122ee730ba64af3769ea517af252103bddd907f681,DMCHBA,ideal,1.0,19,361,4,0.1,36,,,dmchba_topk_10,/home/agxorin/topk_filter_study/simulator/scenarios/final_trial_500.csv,clue_search,02,71,67,63,9,0,0,0,146,71,75,146,0,138,clue:4;collision_intent:71;state:71,435,0,completed
411,dcta_parity_v1,topk_filter,aa0724188407797eae5187348bee11ee9f51317c4e8a201863b052786aa2f1df,823213c90703fd83224ad7122ee730ba64af3769ea517af252103bddd907f681,DMCHBA,ideal,1.0,19,361,4,0.1,36,,,dmchba_topk_10,/home/agxorin/topk_filter_study/simulator/scenarios/final_trial_500.csv,clue_search,03,72,69,63,10,0,1,1,149,73,76,149,0,143,clue:4;collision_intent:73;state:72,431,0,completed
412,dcta_parity_v1,topk_filter,aa0724188407797eae5187348bee11ee9f51317c4e8a201863b052786aa2f1df,823213c90703fd83224ad7122ee730ba64af3769ea517af252103bddd907f681,DMCHBA,ideal,1.0,19,361,4,0.1,36,,,dmchba_topk_10,/home/agxorin/topk_filter_study/simulator/scenarios/final_trial_500.csv,clue_search,00,93,89,79,15,0,6,6,194,99,95,194,0,186,clue:2;collision_intent:99;state:93,576,0,completed
412,dcta_parity_v1,topk_filter,aa0724188407797eae5187348bee11ee9f51317c4e8a201863b052786aa2f1df,823213c90703fd83224ad7122ee730ba64af3769ea517af252103bddd907f681,DMCHBA,ideal,1.0,19,361,4,0.1,36,,,dmchba_topk_10,/home/agxorin/topk_filter_study/simulator/scenarios/final_trial_500.csv,clue_search,01,92,89,70,23,0,7,7,193,99,94,193,0,187,clue:2;collision_intent:99;state:92,576,0,completed
412,dcta_parity_v1,topk_filter,aa0724188407797eae5187348bee11ee9f51317c4e8a201863b052786aa2f1df,823213c90703fd83224ad7122ee730ba64af3769ea517af252103bddd907f681,DMCHBA,ideal,1.0,19,361,4,0.1,36,,,dmchba_topk_10,/home/agxorin/topk_filter_study/simulator/scenarios/final_trial_500.csv,clue_search,02,95,91,82,14,0,0,0,193,96,97,193,0,185,clue:2;collision_intent:95;state:95;target:1,578,0,completed
412,dcta_parity_v1,topk_filter,aa0724188407797eae5187348bee11ee9f51317c4e8a201863b052786aa2f1df,823213c90703fd83224ad7122ee730ba64af3769ea517af252103bddd907f681,DMCHBA,ideal,1.0,19,361,4,0.1,36,,,dmchba_topk_10,/home/agxorin/topk_filter_study/simulator/scenarios/final_trial_500.csv,clue_search,03,94,91,81,14,0,0,0,191,95,96,191,0,185,clue:2;collision_intent:95;state:94,578,0,completed
413,dcta_parity_v1,topk_filter,aa0724188407797eae5187348bee11ee9f51317c4e8a201863b052786aa2f1df,823213c90703fd83224ad7122ee730ba64af3769ea517af252103bddd907f681,DMCHBA,ideal,1.0,19,361,4,0.1,36,,,dmchba_topk_10,/home/agxorin/topk_filter_study/simulator/scenarios/final_trial_500.csv,clue_search,00,52,45,52,1,0,0,0,106,52,54,106,0,92,clue:2;collision_intent:52;state:52,310,0,completed
413,dcta_parity_v1,topk_filter,aa0724188407797eae5187348bee11ee9f51317c4e8a201863b052786aa2f1df,823213c90703fd83224ad7122ee730ba64af3769ea517af252103bddd907f681,DMCHBA,ideal,1.0,19,361,4,0.1,36,,,dmchba_topk_10,/home/agxorin/topk_filter_study/simulator/scenarios/final_trial_500.csv,clue_search,01,51,45,44,8,0,2,2,107,54,53,107,0,95,clue:2;collision_intent:53;state:51;target:1,310,0,completed
413,dcta_parity_v1,topk_filter,aa0724188407797eae5187348bee11ee9f51317c4e8a201863b052786aa2f1df,823213c90703fd83224ad7122ee730ba64af3769ea517af252103bddd907f681,DMCHBA,ideal,1.0,19,361,4,0.1,36,,,dmchba_topk_10,/home/agxorin/topk_filter_study/simulator/scenarios/final_trial_500.csv,clue_search,02,49,42,35,15,0,0,0,100,49,51,100,0,86,clue:2;collision_intent:49;state:49,316,0,completed
413,dcta_parity_v1,topk_filter,aa0724188407797eae5187348bee11ee9f51317c4e8a201863b052786aa2f1df,823213c90703fd83224ad7122ee730ba64af3769ea517af252103bddd907f681,DMCHBA,ideal,1.0,19,361,4,0.1,36,,,dmchba_topk_10,/home/agxorin/topk_filter_study/simulator/scenarios/final_trial_500.csv,clue_search,03,51,45,44,8,0,0,0,104,51,53,104,0,92,clue:2;collision_intent:51;state:51,311,0,completed
414,dcta_parity_v1,topk_filter,aa0724188407797eae5187348bee11ee9f51317c4e8a201863b052786aa2f1df,823213c90703fd83224ad7122ee730ba64af3769ea517af252103bddd907f681,DMCHBA,ideal,1.0,19,361,4,0.1,36,,,dmchba_topk_10,/home/agxorin/topk_filter_study/simulator/scenarios/final_trial_500.csv,clue_search,00,12,0,13,0,0,0,0,24,12,12,24,0,0,collision_intent:12;state:12,70,0,completed
414,dcta_parity_v1,topk_filter,aa0724188407797eae5187348bee11ee9f51317c4e8a201863b052786aa2f1df,823213c90703fd83224ad7122ee730ba64af3769ea517af252103bddd907f681,DMCHBA,ideal,1.0,19,361,4,0.1,36,,,dmchba_topk_10,/home/agxorin/topk_filter_study/simulator/scenarios/final_trial_500.csv,clue_search,01,12,0,13,0,0,0,0,25,13,12,25,0,0,collision_intent:12;state:12;target:1,71,0,completed
414,dcta_parity_v1,topk_filter,aa0724188407797eae5187348bee11ee9f51317c4e8a201863b052786aa2f1df,823213c90703fd83224ad7122ee730ba64af3769ea517af252103bddd907f681,DMCHBA,ideal,1.0,19,361,4,0.1,36,,,dmchba_topk_10,/home/agxorin/topk_filter_study/simulator/scenarios/final_trial_500.csv,clue_search,02,12,0,13,0,0,0,0,24,12,12,24,0,0,collision_intent:12;state:12,71,0,completed
414,dcta_parity_v1,topk_filter,aa0724188407797eae5187348bee11ee9f51317c4e8a201863b052786aa2f1df,823213c90703fd83224ad7122ee730ba64af3769ea517af252103bddd907f681,DMCHBA,ideal,1.0,19,361,4,0.1,36,,,dmchba_topk_10,/home/agxorin/topk_filter_study/simulator/scenarios/final_trial_500.csv,clue_search,03,11,0,12,0,0,0,0,23,12,11,23,0,0,collision_intent:12;state:11,73,0,completed
415,dcta_parity_v1,topk_filter,aa0724188407797eae5187348bee11ee9f51317c4e8a201863b052786aa2f1df,823213c90703fd83224ad7122ee730ba64af3769ea517af252103bddd907f681,DMCHBA,ideal,1.0,19,361,4,0.1,36,,,dmchba_topk_10,/home/agxorin/topk_filter_study/simulator/scenarios/final_trial_500.csv,clue_search,00,9,0,10,0,0,0,0,18,9,9,18,0,0,collision_intent:9;state:9,53,0,completed
415,dcta_parity_v1,topk_filter,aa0724188407797eae5187348bee11ee9f51317c4e8a201863b052786aa2f1df,823213c90703fd83224ad7122ee730ba64af3769ea517af252103bddd907f681,DMCHBA,ideal,1.0,19,361,4,0.1,36,,,dmchba_topk_10,/home/agxorin/topk_filter_study/simulator/scenarios/final_trial_500.csv,clue_search,01,9,0,10,0,0,0,0,19,10,9,19,0,0,collision_intent:9;state:9;target:1,53,0,completed
415,dcta_parity_v1,topk_filter,aa0724188407797eae5187348bee11ee9f51317c4e8a201863b052786aa2f1df,823213c90703fd83224ad7122ee730ba64af3769ea517af252103bddd907f681,DMCHBA,ideal,1.0,19,361,4,0.1,36,,,dmchba_topk_10,/home/agxorin/topk_filter_study/simulator/scenarios/final_trial_500.csv,clue_search,02,9,0,10,0,0,0,0,18,9,9,18,0,0,collision_intent:9;state:9,53,0,completed
415,dcta_parity_v1,topk_filter,aa0724188407797eae5187348bee11ee9f51317c4e8a201863b052786aa2f1df,823213c90703fd83224ad7122ee730ba64af3769ea517af252103bddd907f681,DMCHBA,ideal,1.0,19,361,4,0.1,36,,,dmchba_topk_10,/home/agxorin/topk_filter_study/simulator/scenarios/final_trial_500.csv,clue_search,03,8,0,9,0,0,0,0,17,9,8,17,0,0,collision_intent:9;state:8,54,0,completed
416,dcta_parity_v1,topk_filter,aa0724188407797eae5187348bee11ee9f51317c4e8a201863b052786aa2f1df,823213c90703fd83224ad7122ee730ba64af3769ea517af252103bddd907f681,DMCHBA,ideal,1.0,19,361,4,0.1,36,,,dmchba_topk_10,/home/agxorin/topk_filter_study/simulator/scenarios/final_trial_500.csv,clue_search,00,7,0,8,0,0,0,0,15,8,7,15,0,0,collision_intent:7;state:7;target:1,37,0,completed
416,dcta_parity_v1,topk_filter,aa0724188407797eae5187348bee11ee9f51317c4e8a201863b052786aa2f1df,823213c90703fd83224ad7122ee730ba64af3769ea517af252103bddd907f681,DMCHBA,ideal,1.0,19,361,4,0.1,36,,,dmchba_topk_10,/home/agxorin/topk_filter_study/simulator/scenarios/final_trial_500.csv,clue_search,01,6,0,7,0,0,0,0,12,6,6,12,0,0,collision_intent:6;state:6,39,0,completed
416,dcta_parity_v1,topk_filter,aa0724188407797eae5187348bee11ee9f51317c4e8a201863b052786aa2f1df,823213c90703fd83224ad7122ee730ba64af3769ea517af252103bddd907f681,DMCHBA,ideal,1.0,19,361,4,0.1,36,,,dmchba_topk_10,/home/agxorin/topk_filter_study/simulator/scenarios/final_trial_500.csv,clue_search,02,6,0,7,0,0,0,0,13,7,6,13,0,0,collision_intent:7;state:6,37,0,completed
416,dcta_parity_v1,topk_filter,aa0724188407797eae5187348bee11ee9f51317c4e8a201863b052786aa2f1df,823213c90703fd83224ad7122ee730ba64af3769ea517af252103bddd907f681,DMCHBA,ideal,1.0,19,361,4,0.1,36,,,dmchba_topk_10,/home/agxorin/topk_filter_study/simulator/scenarios/final_trial_500.csv,clue_search,03,6,0,7,0,0,0,0,12,6,6,12,0,0,collision_intent:6;state:6,40,0,completed
417,dcta_parity_v1,topk_filter,aa0724188407797eae5187348bee11ee9f51317c4e8a201863b052786aa2f1df,823213c90703fd83224ad7122ee730ba64af3769ea517af252103bddd907f681,DMCHBA,ideal,1.0,19,361,4,0.1,36,,,dmchba_topk_10,/home/agxorin/topk_filter_study/simulator/scenarios/final_trial_500.csv,clue_search,00,12,10,13,0,0,0,0,25,12,13,25,0,21,clue:1;collision_intent:12;state:12,73,0,completed
417,dcta_parity_v1,topk_filter,aa0724188407797eae5187348bee11ee9f51317c4e8a201863b052786aa2f1df,823213c90703fd83224ad7122ee730ba64af3769ea517af252103bddd907f681,DMCHBA,ideal,1.0,19,361,4,0.1,36,,,dmchba_topk_10,/home/agxorin/topk_filter_study/simulator/scenarios/final_trial_500.csv,clue_search,01,11,9,11,1,0,0,0,23,11,12,23,0,19,clue:1;collision_intent:11;state:11,74,0,completed
417,dcta_parity_v1,topk_filter,aa0724188407797eae5187348bee11ee9f51317c4e8a201863b052786aa2f1df,823213c90703fd83224ad7122ee730ba64af3769ea517af252103bddd907f681,DMCHBA,ideal,1.0,19,361,4,0.1,36,,,dmchba_topk_10,/home/agxorin/topk_filter_study/simulator/scenarios/final_trial_500.csv,clue_search,02,12,9,13,0,0,0,0,26,13,13,26,0,20,clue:1;collision_intent:12;state:12;target:1,73,0,completed
417,dcta_parity_v1,topk_filter,aa0724188407797eae5187348bee11ee9f51317c4e8a201863b052786aa2f1df,823213c90703fd83224ad7122ee730ba64af3769ea517af252103bddd907f681,DMCHBA,ideal,1.0,19,361,4,0.1,36,,,dmchba_topk_10,/home/agxorin/topk_filter_study/simulator/scenarios/final_trial_500.csv,clue_search,03,11,9,11,1,0,1,1,25,13,12,25,0,21,clue:1;collision_intent:13;state:11,72,0,completed
418,dcta_parity_v1,topk_filter,aa0724188407797eae5187348bee11ee9f51317c4e8a201863b052786aa2f1df,823213c90703fd83224ad7122ee730ba64af3769ea517af252103bddd907f681,DMCHBA,ideal,1.0,19,361,4,0.1,36,,,dmchba_topk_10,/home/agxorin/topk_filter_study/simulator/scenarios/final_trial_500.csv,clue_search,00,41,28,40,2,0,0,0,84,41,43,84,0,58,clue:2;collision_intent:41;state:41,256,0,completed
418,dcta_parity_v1,topk_filter,aa0724188407797eae5187348bee11ee9f51317c4e8a201863b052786aa2f1df,823213c90703fd83224ad7122ee730ba64af3769ea517af252103bddd907f681,DMCHBA,ideal,1.0,19,361,4,0.1,36,,,dmchba_topk_10,/home/agxorin/topk_filter_study/simulator/scenarios/final_trial_500.csv,clue_search,01,41,28,35,7,0,2,2,86,43,43,86,0,60,clue:2;collision_intent:43;state:41,254,0,completed
418,dcta_parity_v1,topk_filter,aa0724188407797eae5187348bee11ee9f51317c4e8a201863b052786aa2f1df,823213c90703fd83224ad7122ee730ba64af3769ea517af252103bddd907f681,DMCHBA,ideal,1.0,19,361,4,0.1,36,,,dmchba_topk_10,/home/agxorin/topk_filter_study/simulator/scenarios/final_trial_500.csv,clue_search,02,41,28,40,2,0,1,1,86,43,43,86,0,60,clue:2;collision_intent:42;state:41;target:1,254,0,completed
418,dcta_parity_v1,topk_filter,aa0724188407797eae5187348bee11ee9f51317c4e8a201863b052786aa2f1df,823213c90703fd83224ad7122ee730ba64af3769ea517af252103bddd907f681,DMCHBA,ideal,1.0,19,361,4,0.1,36,,,dmchba_topk_10,/home/agxorin/topk_filter_study/simulator/scenarios/final_trial_500.csv,clue_search,03,41,29,39,3,0,0,0,84,41,43,84,0,60,clue:2;collision_intent:41;state:41,255,0,completed
419,dcta_parity_v1,topk_filter,aa0724188407797eae5187348bee11ee9f51317c4e8a201863b052786aa2f1df,823213c90703fd83224ad7122ee730ba64af3769ea517af252103bddd907f681,DMCHBA,ideal,1.0,19,361,4,0.1,36,,,dmchba_topk_10,/home/agxorin/topk_filter_study/simulator/scenarios/final_trial_500.csv,clue_search,00,85,70,64,22,0,1,1,174,86,88,174,0,144,clue:3;collision_intent:86;state:85,524,0,completed
419,dcta_parity_v1,topk_filter,aa0724188407797eae5187348bee11ee9f51317c4e8a201863b052786aa2f1df,823213c90703fd83224ad7122ee730ba64af3769ea517af252103bddd907f681,DMCHBA,ideal,1.0,19,361,4,0.1,36,,,dmchba_topk_10,/home/agxorin/topk_filter_study/simulator/scenarios/final_trial_500.csv,clue_search,01,85,70,76,10,0,1,1,175,87,88,175,0,145,clue:3;collision_intent:86;state:85;target:1,523,0,completed
419,dcta_parity_v1,topk_filter,aa0724188407797eae5187348bee11ee9f51317c4e8a201863b052786aa2f1df,823213c90703fd83224ad7122ee730ba64af3769ea517af252103bddd907f681,DMCHBA,ideal,1.0,19,361,4,0.1,36,,,dmchba_topk_10,/home/agxorin/topk_filter_study/simulator/scenarios/final_trial_500.csv,clue_search,02,83,68,67,17,0,6,6,175,89,86,175,0,145,clue:3;collision_intent:89;state:83,522,0,completed
419,dcta_parity_v1,topk_filter,aa0724188407797eae5187348bee11ee9f51317c4e8a201863b052786aa2f1df,823213c90703fd83224ad7122ee730ba64af3769ea517af252103bddd907f681,DMCHBA,ideal,1.0,19,361,4,0.1,36,,,dmchba_topk_10,/home/agxorin/topk_filter_study/simulator/scenarios/final_trial_500.csv,clue_search,03,85,70,69,17,0,1,1,174,86,88,174,0,144,clue:3;collision_intent:86;state:85,522,0,completed
420,dcta_parity_v1,topk_filter,aa0724188407797eae5187348bee11ee9f51317c4e8a201863b052786aa2f1df,823213c90703fd83224ad7122ee730ba64af3769ea517af252103bddd907f681,DMCHBA,ideal,1.0,19,361,4,0.1,36,,,dmchba_topk_10,/home/agxorin/topk_filter_study/simulator/scenarios/final_trial_500.csv,clue_search,00,106,72,98,9,0,0,0,216,107,109,216,0,147,clue:3;collision_intent:107;state:106,654,0,completed
420,dcta_parity_v1,topk_filter,aa0724188407797eae5187348bee11ee9f51317c4e8a201863b052786aa2f1df,823213c90703fd83224ad7122ee730ba64af3769ea517af252103bddd907f681,DMCHBA,ideal,1.0,19,361,4,0.1,36,,,dmchba_topk_10,/home/agxorin/topk_filter_study/simulator/scenarios/final_trial_500.csv,clue_search,01,109,74,62,48,0,0,0,221,109,112,221,0,151,clue:3;collision_intent:109;state:109,648,0,completed
420,dcta_parity_v1,topk_filter,aa0724188407797eae5187348bee11ee9f51317c4e8a201863b052786aa2f1df,823213c90703fd83224ad7122ee730ba64af3769ea517af252103bddd907f681,DMCHBA,ideal,1.0,19,361,4,0.1,36,,,dmchba_topk_10,/home/agxorin/topk_filter_study/simulator/scenarios/final_trial_500.csv,clue_search,02,107,72,93,15,0,0,0,217,107,110,217,0,147,clue:3;collision_intent:107;state:107,652,0,completed
420,dcta_parity_v1,topk_filter,aa0724188407797eae5187348bee11ee9f51317c4e8a201863b052786aa2f1df,823213c90703fd83224ad7122ee730ba64af3769ea517af252103bddd907f681,DMCHBA,ideal,1.0,19,361,4,0.1,36,,,dmchba_topk_10,/home/agxorin/topk_filter_study/simulator/scenarios/final_trial_500.csv,clue_search,03,106,72,89,18,0,0,0,216,107,109,216,0,148,clue:3;collision_intent:106;state:106;target:1,654,0,completed
421,dcta_parity_v1,topk_filter,aa0724188407797eae5187348bee11ee9f51317c4e8a201863b052786aa2f1df,823213c90703fd83224ad7122ee730ba64af3769ea517af252103bddd907f681,DMCHBA,ideal,1.0,19,361,4,0.1,36,,,dmchba_topk_10,/home/agxorin/topk_filter_study/simulator/scenarios/final_trial_500.csv,clue_search,00,77,75,64,14,0,1,1,157,78,79,157,0,153,clue:2;collision_intent:78;state:77,469,0,completed
421,dcta_parity_v1,topk_filter,aa0724188407797eae5187348bee11ee9f51317c4e8a201863b052786aa2f1df,823213c90703fd83224ad7122ee730ba64af3769ea517af252103bddd907f681,DMCHBA,ideal,1.0,19,361,4,0.1,36,,,dmchba_topk_10,/home/agxorin/topk_filter_study/simulator/scenarios/final_trial_500.csv,clue_search,01,76,75,68,9,0,0,0,155,77,78,155,0,153,clue:2;collision_intent:76;state:76;target:1,471,0,completed
421,dcta_parity_v1,topk_filter,aa0724188407797eae5187348bee11ee9f51317c4e8a201863b052786aa2f1df,823213c90703fd83224ad7122ee730ba64af3769ea517af252103bddd907f681,DMCHBA,ideal,1.0,19,361,4,0.1,36,,,dmchba_topk_10,/home/agxorin/topk_filter_study/simulator/scenarios/final_trial_500.csv,clue_search,02,78,76,43,36,0,4,4,162,82,80,162,0,158,clue:2;collision_intent:82;state:78,463,0,completed
421,dcta_parity_v1,topk_filter,aa0724188407797eae5187348bee11ee9f51317c4e8a201863b052786aa2f1df,823213c90703fd83224ad7122ee730ba64af3769ea517af252103bddd907f681,DMCHBA,ideal,1.0,19,361,4,0.1,36,,,dmchba_topk_10,/home/agxorin/topk_filter_study/simulator/scenarios/final_trial_500.csv,clue_search,03,75,74,70,6,0,0,0,152,75,77,152,0,150,clue:2;collision_intent:75;state:75,472,0,completed
422,dcta_parity_v1,topk_filter,aa0724188407797eae5187348bee11ee9f51317c4e8a201863b052786aa2f1df,823213c90703fd83224ad7122ee730ba64af3769ea517af252103bddd907f681,DMCHBA,ideal,1.0,19,361,4,0.1,36,,,dmchba_topk_10,/home/agxorin/topk_filter_study/simulator/scenarios/final_trial_500.csv,clue_search,00,18,3,19,0,0,0,0,38,19,19,38,0,8,clue:1;collision_intent:18;state:18;target:1,107,0,completed
422,dcta_parity_v1,topk_filter,aa0724188407797eae5187348bee11ee9f51317c4e8a201863b052786aa2f1df,823213c90703fd83224ad7122ee730ba64af3769ea517af252103bddd907f681,DMCHBA,ideal,1.0,19,361,4,0.1,36,,,dmchba_topk_10,/home/agxorin/topk_filter_study/simulator/scenarios/final_trial_500.csv,clue_search,01,17,3,18,0,0,0,0,35,17,18,35,0,7,clue:1;collision_intent:17;state:17,109,0,completed
422,dcta_parity_v1,topk_filter,aa0724188407797eae5187348bee11ee9f51317c4e8a201863b052786aa2f1df,823213c90703fd83224ad7122ee730ba64af3769ea517af252103bddd907f681,DMCHBA,ideal,1.0,19,361,4,0.1,36,,,dmchba_topk_10,/home/agxorin/topk_filter_study/simulator/scenarios/final_trial_500.csv,clue_search,02,18,4,19,0,0,0,0,37,18,19,37,0,8,clue:1;collision_intent:18;state:18,106,0,completed
422,dcta_parity_v1,topk_filter,aa0724188407797eae5187348bee11ee9f51317c4e8a201863b052786aa2f1df,823213c90703fd83224ad7122ee730ba64af3769ea517af252103bddd907f681,DMCHBA,ideal,1.0,19,361,4,0.1,36,,,dmchba_topk_10,/home/agxorin/topk_filter_study/simulator/scenarios/final_trial_500.csv,clue_search,03,17,3,17,1,0,0,0,35,17,18,35,0,7,clue:1;collision_intent:17;state:17,109,0,completed
423,dcta_parity_v1,topk_filter,aa0724188407797eae5187348bee11ee9f51317c4e8a201863b052786aa2f1df,823213c90703fd83224ad7122ee730ba64af3769ea517af252103bddd907f681,DMCHBA,ideal,1.0,19,361,4,0.1,36,,,dmchba_topk_10,/home/agxorin/topk_filter_study/simulator/scenarios/final_trial_500.csv,clue_search,00,60,13,61,0,0,0,0,122,60,62,122,0,28,clue:2;collision_intent:60;state:60,367,0,completed
423,dcta_parity_v1,topk_filter,aa0724188407797eae5187348bee11ee9f51317c4e8a201863b052786aa2f1df,823213c90703fd83224ad7122ee730ba64af3769ea517af252103bddd907f681,DMCHBA,ideal,1.0,19,361,4,0.1,36,,,dmchba_topk_10,/home/agxorin/topk_filter_study/simulator/scenarios/final_trial_500.csv,clue_search,01,60,13,61,0,0,0,0,123,61,62,123,0,29,clue:2;collision_intent:60;state:60;target:1,368,0,completed
423,dcta_parity_v1,topk_filter,aa0724188407797eae5187348bee11ee9f51317c4e8a201863b052786aa2f1df,823213c90703fd83224ad7122ee730ba64af3769ea517af252103bddd907f681,DMCHBA,ideal,1.0,19,361,4,0.1,36,,,dmchba_topk_10,/home/agxorin/topk_filter_study/simulator/scenarios/final_trial_500.csv,clue_search,02,60,13,54,7,0,0,0,123,61,62,123,0,29,clue:2;collision_intent:61;state:60,366,0,completed
423,dcta_parity_v1,topk_filter,aa0724188407797eae5187348bee11ee9f51317c4e8a201863b052786aa2f1df,823213c90703fd83224ad7122ee730ba64af3769ea517af252103bddd907f681,DMCHBA,ideal,1.0,19,361,4,0.1,36,,,dmchba_topk_10,/home/agxorin/topk_filter_study/simulator/scenarios/final_trial_500.csv,clue_search,03,60,13,56,5,0,0,0,123,61,62,123,0,29,clue:2;collision_intent:61;state:60,367,0,completed
424,dcta_parity_v1,topk_filter,aa0724188407797eae5187348bee11ee9f51317c4e8a201863b052786aa2f1df,823213c90703fd83224ad7122ee730ba64af3769ea517af252103bddd907f681,DMCHBA,ideal,1.0,19,361,4,0.1,36,,,dmchba_topk_10,/home/agxorin/topk_filter_study/simulator/scenarios/final_trial_500.csv,clue_search,00,39,34,38,2,0,1,1,82,41,41,82,0,72,clue:2;collision_intent:41;state:39,253,0,completed
424,dcta_parity_v1,topk_filter,aa0724188407797eae5187348bee11ee9f51317c4e8a201863b052786aa2f1df,823213c90703fd83224ad7122ee730ba64af3769ea517af252103bddd907f681,DMCHBA,ideal,1.0,19,361,4,0.1,36,,,dmchba_topk_10,/home/agxorin/topk_filter_study/simulator/scenarios/final_trial_500.csv,clue_search,01,40,36,33,8,0,0,0,83,41,42,83,0,75,clue:2;collision_intent:41;state:40,251,0,completed
424,dcta_parity_v1,topk_filter,aa0724188407797eae5187348bee11ee9f51317c4e8a201863b052786aa2f1df,823213c90703fd83224ad7122ee730ba64af3769ea517af252103bddd907f681,DMCHBA,ideal,1.0,19,361,4,0.1,36,,,dmchba_topk_10,/home/agxorin/topk_filter_study/simulator/scenarios/final_trial_500.csv,clue_search,02,41,37,37,5,0,0,0,84,41,43,84,0,75,clue:2;collision_intent:41;state:41,250,0,completed
424,dcta_parity_v1,topk_filter,aa0724188407797eae5187348bee11ee9f51317c4e8a201863b052786aa2f1df,823213c90703fd83224ad7122ee730ba64af3769ea517af252103bddd907f681,DMCHBA,ideal,1.0,19,361,4,0.1,36,,,dmchba_topk_10,/home/agxorin/topk_filter_study/simulator/scenarios/final_trial_500.csv,clue_search,03,42,38,24,19,0,0,0,87,43,44,87,0,79,clue:2;collision_intent:42;state:42;target:1,249,0,completed
425,dcta_parity_v1,topk_filter,aa0724188407797eae5187348bee11ee9f51317c4e8a201863b052786aa2f1df,823213c90703fd83224ad7122ee730ba64af3769ea517af252103bddd907f681,DMCHBA,ideal,1.0,19,361,4,0.1,36,,,dmchba_topk_10,/home/agxorin/topk_filter_study/simulator/scenarios/final_trial_500.csv,clue_search,00,5,5,6,0,0,0,0,11,5,6,11,0,11,clue:1;collision_intent:5;state:5,33,0,completed
425,dcta_parity_v1,topk_filter,aa0724188407797eae5187348bee11ee9f51317c4e8a201863b052786aa2f1df,823213c90703fd83224ad7122ee730ba64af3769ea517af252103bddd907f681,DMCHBA,ideal,1.0,19,361,4,0.1,36,,,dmchba_topk_10,/home/agxorin/topk_filter_study/simulator/scenarios/final_trial_500.csv,clue_search,01,5,5,6,0,0,0,0,11,5,6,11,0,11,clue:1;collision_intent:5;state:5,32,0,completed
425,dcta_parity_v1,topk_filter,aa0724188407797eae5187348bee11ee9f51317c4e8a201863b052786aa2f1df,823213c90703fd83224ad7122ee730ba64af3769ea517af252103bddd907f681,DMCHBA,ideal,1.0,19,361,4,0.1,36,,,dmchba_topk_10,/home/agxorin/topk_filter_study/simulator/scenarios/final_trial_500.csv,clue_search,02,5,5,6,0,0,0,0,11,5,6,11,0,11,clue:1;collision_intent:5;state:5,33,0,completed
425,dcta_parity_v1,topk_filter,aa0724188407797eae5187348bee11ee9f51317c4e8a201863b052786aa2f1df,823213c90703fd83224ad7122ee730ba64af3769ea517af252103bddd907f681,DMCHBA,ideal,1.0,19,361,4,0.1,36,,,dmchba_topk_10,/home/agxorin/topk_filter_study/simulator/scenarios/final_trial_500.csv,clue_search,03,5,5,6,0,0,0,0,12,6,6,12,0,12,clue:1;collision_intent:5;state:5;target:1,33,0,completed
426,dcta_parity_v1,topk_filter,aa0724188407797eae5187348bee11ee9f51317c4e8a201863b052786aa2f1df,823213c90703fd83224ad7122ee730ba64af3769ea517af252103bddd907f681,DMCHBA,ideal,1.0,19,361,4,0.1,36,,,dmchba_topk_10,/home/agxorin/topk_filter_study/simulator/scenarios/final_trial_500.csv,clue_search,00,79,71,79,1,0,0,0,160,79,81,160,0,144,clue:2;collision_intent:79;state:79,479,0,completed
426,dcta_parity_v1,topk_filter,aa0724188407797eae5187348bee11ee9f51317c4e8a201863b052786aa2f1df,823213c90703fd83224ad7122ee730ba64af3769ea517af252103bddd907f681,DMCHBA,ideal,1.0,19,361,4,0.1,36,,,dmchba_topk_10,/home/agxorin/topk_filter_study/simulator/scenarios/final_trial_500.csv,clue_search,01,78,71,69,10,0,0,0,159,79,80,159,0,145,clue:2;collision_intent:78;state:78;target:1,482,0,completed
426,dcta_parity_v1,topk_filter,aa0724188407797eae5187348bee11ee9f51317c4e8a201863b052786aa2f1df,823213c90703fd83224ad7122ee730ba64af3769ea517af252103bddd907f681,DMCHBA,ideal,1.0,19,361,4,0.1,36,,,dmchba_topk_10,/home/agxorin/topk_filter_study/simulator/scenarios/final_trial_500.csv,clue_search,02,79,71,75,5,0,0,0,160,79,81,160,0,144,clue:2;collision_intent:79;state:79,480,0,completed
426,dcta_parity_v1,topk_filter,aa0724188407797eae5187348bee11ee9f51317c4e8a201863b052786aa2f1df,823213c90703fd83224ad7122ee730ba64af3769ea517af252103bddd907f681,DMCHBA,ideal,1.0,19,361,4,0.1,36,,,dmchba_topk_10,/home/agxorin/topk_filter_study/simulator/scenarios/final_trial_500.csv,clue_search,03,80,73,58,23,0,0,0,162,80,82,162,0,148,clue:2;collision_intent:80;state:80,478,0,completed
427,dcta_parity_v1,topk_filter,aa0724188407797eae5187348bee11ee9f51317c4e8a201863b052786aa2f1df,823213c90703fd83224ad7122ee730ba64af3769ea517af252103bddd907f681,DMCHBA,ideal,1.0,19,361,4,0.1,36,,,dmchba_topk_10,/home/agxorin/topk_filter_study/simulator/scenarios/final_trial_500.csv,clue_search,00,76,58,65,12,0,0,0,155,76,79,155,0,119,clue:3;collision_intent:76;state:76,470,0,completed
427,dcta_parity_v1,topk_filter,aa0724188407797eae5187348bee11ee9f51317c4e8a201863b052786aa2f1df,823213c90703fd83224ad7122ee730ba64af3769ea517af252103bddd907f681,DMCHBA,ideal,1.0,19,361,4,0.1,36,,,dmchba_topk_10,/home/agxorin/topk_filter_study/simulator/scenarios/final_trial_500.csv,clue_search,01,77,59,69,9,0,0,0,157,77,80,157,0,121,clue:3;collision_intent:77;state:77,467,0,completed
427,dcta_parity_v1,topk_filter,aa0724188407797eae5187348bee11ee9f51317c4e8a201863b052786aa2f1df,823213c90703fd83224ad7122ee730ba64af3769ea517af252103bddd907f681,DMCHBA,ideal,1.0,19,361,4,0.1,36,,,dmchba_topk_10,/home/agxorin/topk_filter_study/simulator/scenarios/final_trial_500.csv,clue_search,02,76,58,61,16,0,0,0,156,77,79,156,0,120,clue:3;collision_intent:77;state:76,470,0,completed
427,dcta_parity_v1,topk_filter,aa0724188407797eae5187348bee11ee9f51317c4e8a201863b052786aa2f1df,823213c90703fd83224ad7122ee730ba64af3769ea517af252103bddd907f681,DMCHBA,ideal,1.0,19,361,4,0.1,36,,,dmchba_topk_10,/home/agxorin/topk_filter_study/simulator/scenarios/final_trial_500.csv,clue_search,03,77,59,71,7,0,0,0,158,78,80,158,0,122,clue:3;collision_intent:77;state:77;target:1,468,0,completed
428,dcta_parity_v1,topk_filter,aa0724188407797eae5187348bee11ee9f51317c4e8a201863b052786aa2f1df,823213c90703fd83224ad7122ee730ba64af3769ea517af252103bddd907f681,DMCHBA,ideal,1.0,19,361,4,0.1,36,,,dmchba_topk_10,/home/agxorin/topk_filter_study/simulator/scenarios/final_trial_500.csv,clue_search,00,39,1,40,0,0,0,0,79,39,40,79,0,3,clue:1;collision_intent:39;state:39,234,0,completed
428,dcta_parity_v1,topk_filter,aa0724188407797eae5187348bee11ee9f51317c4e8a201863b052786aa2f1df,823213c90703fd83224ad7122ee730ba64af3769ea517af252103bddd907f681,DMCHBA,ideal,1.0,19,361,4,0.1,36,,,dmchba_topk_10,/home/agxorin/topk_filter_study/simulator/scenarios/final_trial_500.csv,clue_search,01,38,1,39,0,0,0,0,77,38,39,77,0,3,clue:1;collision_intent:38;state:38,236,0,completed
428,dcta_parity_v1,topk_filter,aa0724188407797eae5187348bee11ee9f51317c4e8a201863b052786aa2f1df,823213c90703fd83224ad7122ee730ba64af3769ea517af252103bddd907f681,DMCHBA,ideal,1.0,19,361,4,0.1,36,,,dmchba_topk_10,/home/agxorin/topk_filter_study/simulator/scenarios/final_trial_500.csv,clue_search,02,39,1,40,0,0,0,0,80,40,40,80,0,4,clue:1;collision_intent:39;state:39;target:1,235,0,completed
428,dcta_parity_v1,topk_filter,aa0724188407797eae5187348bee11ee9f51317c4e8a201863b052786aa2f1df,823213c90703fd83224ad7122ee730ba64af3769ea517af252103bddd907f681,DMCHBA,ideal,1.0,19,361,4,0.1,36,,,dmchba_topk_10,/home/agxorin/topk_filter_study/simulator/scenarios/final_trial_500.csv,clue_search,03,39,1,40,0,0,0,0,79,39,40,79,0,3,clue:1;collision_intent:39;state:39,235,0,completed
429,dcta_parity_v1,topk_filter,aa0724188407797eae5187348bee11ee9f51317c4e8a201863b052786aa2f1df,823213c90703fd83224ad7122ee730ba64af3769ea517af252103bddd907f681,DMCHBA,ideal,1.0,19,361,4,0.1,36,,,dmchba_topk_10,/home/agxorin/topk_filter_study/simulator/scenarios/final_trial_500.csv,clue_search,00,48,38,42,7,0,0,0,99,48,51,99,0,79,clue:3;collision_intent:48;state:48,300,0,completed
429,dcta_parity_v1,topk_filter,aa0724188407797eae5187348bee11ee9f51317c4e8a201863b052786aa2f1df,823213c90703fd83224ad7122ee730ba64af3769ea517af252103bddd907f681,DMCHBA,ideal,1.0,19,361,4,0.1,36,,,dmchba_topk_10,/home/agxorin/topk_filter_study/simulator/scenarios/final_trial_500.csv,clue_search,01,48,39,43,6,0,1,1,100,49,51,100,0,82,clue:3;collision_intent:49;state:48,299,0,completed
429,dcta_parity_v1,topk_filter,aa0724188407797eae5187348bee11ee9f51317c4e8a201863b052786aa2f1df,823213c90703fd83224ad7122ee730ba64af3769ea517af252103bddd907f681,DMCHBA,ideal,1.0,19,361,4,0.1,36,,,dmchba_topk_10,/home/agxorin/topk_filter_study/simulator/scenarios/final_trial_500.csv,clue_search,02,47,37,43,5,0,3,1,101,51,50,101,0,81,clue:3;collision_intent:51;state:47,298,0,completed
429,dcta_parity_v1,topk_filter,aa0724188407797eae5187348bee11ee9f51317c4e8a201863b052786aa2f1df,823213c90703fd83224ad7122ee730ba64af3769ea517af252103bddd907f681,DMCHBA,ideal,1.0,19,361,4,0.1,36,,,dmchba_topk_10,/home/agxorin/topk_filter_study/simulator/scenarios/final_trial_500.csv,clue_search,03,48,38,47,2,0,0,0,100,49,51,100,0,80,clue:3;collision_intent:48;state:48;target:1,300,0,completed
430,dcta_parity_v1,topk_filter,aa0724188407797eae5187348bee11ee9f51317c4e8a201863b052786aa2f1df,823213c90703fd83224ad7122ee730ba64af3769ea517af252103bddd907f681,DMCHBA,ideal,1.0,19,361,4,0.1,36,,,dmchba_topk_10,/home/agxorin/topk_filter_study/simulator/scenarios/final_trial_500.csv,clue_search,00,5,0,6,0,0,0,0,11,6,5,11,0,0,collision_intent:5;state:5;target:1,26,0,completed
430,dcta_parity_v1,topk_filter,aa0724188407797eae5187348bee11ee9f51317c4e8a201863b052786aa2f1df,823213c90703fd83224ad7122ee730ba64af3769ea517af252103bddd907f681,DMCHBA,ideal,1.0,19,361,4,0.1,36,,,dmchba_topk_10,/home/agxorin/topk_filter_study/simulator/scenarios/final_trial_500.csv,clue_search,01,4,0,5,0,0,0,0,8,4,4,8,0,0,collision_intent:4;state:4,28,0,completed
430,dcta_parity_v1,topk_filter,aa0724188407797eae5187348bee11ee9f51317c4e8a201863b052786aa2f1df,823213c90703fd83224ad7122ee730ba64af3769ea517af252103bddd907f681,DMCHBA,ideal,1.0,19,361,4,0.1,36,,,dmchba_topk_10,/home/agxorin/topk_filter_study/simulator/scenarios/final_trial_500.csv,clue_search,02,5,0,6,0,0,0,0,10,5,5,10,0,0,collision_intent:5;state:5,27,0,completed
430,dcta_parity_v1,topk_filter,aa0724188407797eae5187348bee11ee9f51317c4e8a201863b052786aa2f1df,823213c90703fd83224ad7122ee730ba64af3769ea517af252103bddd907f681,DMCHBA,ideal,1.0,19,361,4,0.1,36,,,dmchba_topk_10,/home/agxorin/topk_filter_study/simulator/scenarios/final_trial_500.csv,clue_search,03,4,0,5,0,0,0,0,8,4,4,8,0,0,collision_intent:4;state:4,28,0,completed
431,dcta_parity_v1,topk_filter,aa0724188407797eae5187348bee11ee9f51317c4e8a201863b052786aa2f1df,823213c90703fd83224ad7122ee730ba64af3769ea517af252103bddd907f681,DMCHBA,ideal,1.0,19,361,4,0.1,36,,,dmchba_topk_10,/home/agxorin/topk_filter_study/simulator/scenarios/final_trial_500.csv,clue_search,00,64,32,61,4,0,0,0,130,64,66,130,0,66,clue:2;collision_intent:64;state:64,384,0,completed
431,dcta_parity_v1,topk_filter,aa0724188407797eae5187348bee11ee9f51317c4e8a201863b052786aa2f1df,823213c90703fd83224ad7122ee730ba64af3769ea517af252103bddd907f681,DMCHBA,ideal,1.0,19,361,4,0.1,36,,,dmchba_topk_10,/home/agxorin/topk_filter_study/simulator/scenarios/final_trial_500.csv,clue_search,01,63,32,53,11,0,0,0,128,63,65,128,0,66,clue:2;collision_intent:63;state:63,386,0,completed
431,dcta_parity_v1,topk_filter,aa0724188407797eae5187348bee11ee9f51317c4e8a201863b052786aa2f1df,823213c90703fd83224ad7122ee730ba64af3769ea517af252103bddd907f681,DMCHBA,ideal,1.0,19,361,4,0.1,36,,,dmchba_topk_10,/home/agxorin/topk_filter_study/simulator/scenarios/final_trial_500.csv,clue_search,02,63,31,56,8,0,0,0,129,64,65,129,0,65,clue:2;collision_intent:63;state:63;target:1,386,0,completed
431,dcta_parity_v1,topk_filter,aa0724188407797eae5187348bee11ee9f51317c4e8a201863b052786aa2f1df,823213c90703fd83224ad7122ee730ba64af3769ea517af252103bddd907f681,DMCHBA,ideal,1.0,19,361,4,0.1,36,,,dmchba_topk_10,/home/agxorin/topk_filter_study/simulator/scenarios/final_trial_500.csv,clue_search,03,63,31,58,6,0,0,0,128,63,65,128,0,64,clue:2;collision_intent:63;state:63,387,0,completed
432,dcta_parity_v1,topk_filter,aa0724188407797eae5187348bee11ee9f51317c4e8a201863b052786aa2f1df,823213c90703fd83224ad7122ee730ba64af3769ea517af252103bddd907f681,DMCHBA,ideal,1.0,19,361,4,0.1,36,,,dmchba_topk_10,/home/agxorin/topk_filter_study/simulator/scenarios/final_trial_500.csv,clue_search,00,42,42,41,2,0,0,0,87,42,45,87,0,87,clue:3;collision_intent:42;state:42,267,0,completed
432,dcta_parity_v1,topk_filter,aa0724188407797eae5187348bee11ee9f51317c4e8a201863b052786aa2f1df,823213c90703fd83224ad7122ee730ba64af3769ea517af252103bddd907f681,DMCHBA,ideal,1.0,19,361,4,0.1,36,,,dmchba_topk_10,/home/agxorin/topk_filter_study/simulator/scenarios/final_trial_500.csv,clue_search,01,43,43,42,2,0,0,0,90,44,46,90,0,90,clue:3;collision_intent:43;state:43;target:1,265,0,completed
432,dcta_parity_v1,topk_filter,aa0724188407797eae5187348bee11ee9f51317c4e8a201863b052786aa2f1df,823213c90703fd83224ad7122ee730ba64af3769ea517af252103bddd907f681,DMCHBA,ideal,1.0,19,361,4,0.1,36,,,dmchba_topk_10,/home/agxorin/topk_filter_study/simulator/scenarios/final_trial_500.csv,clue_search,02,43,43,41,3,0,0,0,89,43,46,89,0,89,clue:3;collision_intent:43;state:43,265,0,completed
432,dcta_parity_v1,topk_filter,aa0724188407797eae5187348bee11ee9f51317c4e8a201863b052786aa2f1df,823213c90703fd83224ad7122ee730ba64af3769ea517af252103bddd907f681,DMCHBA,ideal,1.0,19,361,4,0.1,36,,,dmchba_topk_10,/home/agxorin/topk_filter_study/simulator/scenarios/final_trial_500.csv,clue_search,03,43,43,43,1,0,0,0,89,43,46,89,0,89,clue:3;collision_intent:43;state:43,264,0,completed
433,dcta_parity_v1,topk_filter,aa0724188407797eae5187348bee11ee9f51317c4e8a201863b052786aa2f1df,823213c90703fd83224ad7122ee730ba64af3769ea517af252103bddd907f681,DMCHBA,ideal,1.0,19,361,4,0.1,36,,,dmchba_topk_10,/home/agxorin/topk_filter_study/simulator/scenarios/final_trial_500.csv,clue_search,00,72,61,67,6,0,1,1,149,74,75,149,0,127,clue:3;collision_intent:73;state:72;target:1,429,0,completed
433,dcta_parity_v1,topk_filter,aa0724188407797eae5187348bee11ee9f51317c4e8a201863b052786aa2f1df,823213c90703fd83224ad7122ee730ba64af3769ea517af252103bddd907f681,DMCHBA,ideal,1.0,19,361,4,0.1,36,,,dmchba_topk_10,/home/agxorin/topk_filter_study/simulator/scenarios/final_trial_500.csv,clue_search,01,68,58,54,15,0,3,1,143,72,71,143,0,123,clue:3;collision_intent:72;state:68,434,0,completed
433,dcta_parity_v1,topk_filter,aa0724188407797eae5187348bee11ee9f51317c4e8a201863b052786aa2f1df,823213c90703fd83224ad7122ee730ba64af3769ea517af252103bddd907f681,DMCHBA,ideal,1.0,19,361,4,0.1,36,,,dmchba_topk_10,/home/agxorin/topk_filter_study/simulator/scenarios/final_trial_500.csv,clue_search,02,68,57,69,0,0,0,0,139,68,71,139,0,117,clue:3;collision_intent:68;state:68,438,0,completed
433,dcta_parity_v1,topk_filter,aa0724188407797eae5187348bee11ee9f51317c4e8a201863b052786aa2f1df,823213c90703fd83224ad7122ee730ba64af3769ea517af252103bddd907f681,DMCHBA,ideal,1.0,19,361,4,0.1,36,,,dmchba_topk_10,/home/agxorin/topk_filter_study/simulator/scenarios/final_trial_500.csv,clue_search,03,70,60,63,8,0,4,1,147,74,73,147,0,127,clue:3;collision_intent:74;state:70,430,0,completed
434,dcta_parity_v1,topk_filter,aa0724188407797eae5187348bee11ee9f51317c4e8a201863b052786aa2f1df,823213c90703fd83224ad7122ee730ba64af3769ea517af252103bddd907f681,DMCHBA,ideal,1.0,19,361,4,0.1,36,,,dmchba_topk_10,/home/agxorin/topk_filter_study/simulator/scenarios/final_trial_500.csv,clue_search,00,2,0,3,0,0,0,0,5,3,2,5,0,0,collision_intent:2;state:2;target:1,7,0,completed
434,dcta_parity_v1,topk_filter,aa0724188407797eae5187348bee11ee9f51317c4e8a201863b052786aa2f1df,823213c90703fd83224ad7122ee730ba64af3769ea517af252103bddd907f681,DMCHBA,ideal,1.0,19,361,4,0.1,36,,,dmchba_topk_10,/home/agxorin/topk_filter_study/simulator/scenarios/final_trial_500.csv,clue_search,01,1,0,2,0,0,0,0,2,1,1,2,0,0,collision_intent:1;state:1,9,0,completed
434,dcta_parity_v1,topk_filter,aa0724188407797eae5187348bee11ee9f51317c4e8a201863b052786aa2f1df,823213c90703fd83224ad7122ee730ba64af3769ea517af252103bddd907f681,DMCHBA,ideal,1.0,19,361,4,0.1,36,,,dmchba_topk_10,/home/agxorin/topk_filter_study/simulator/scenarios/final_trial_500.csv,clue_search,02,1,0,2,0,0,0,0,3,2,1,3,0,0,collision_intent:2;state:1,8,0,completed
434,dcta_parity_v1,topk_filter,aa0724188407797eae5187348bee11ee9f51317c4e8a201863b052786aa2f1df,823213c90703fd83224ad7122ee730ba64af3769ea517af252103bddd907f681,DMCHBA,ideal,1.0,19,361,4,0.1,36,,,dmchba_topk_10,/home/agxorin/topk_filter_study/simulator/scenarios/final_trial_500.csv,clue_search,03,1,0,2,0,0,0,0,2,1,1,2,0,0,collision_intent:1;state:1,10,0,completed
435,dcta_parity_v1,topk_filter,aa0724188407797eae5187348bee11ee9f51317c4e8a201863b052786aa2f1df,823213c90703fd83224ad7122ee730ba64af3769ea517af252103bddd907f681,DMCHBA,ideal,1.0,19,361,4,0.1,36,,,dmchba_topk_10,/home/agxorin/topk_filter_study/simulator/scenarios/final_trial_500.csv,clue_search,00,35,32,36,0,0,0,0,73,36,37,73,0,66,clue:2;collision_intent:36;state:35,218,0,completed
435,dcta_parity_v1,topk_filter,aa0724188407797eae5187348bee11ee9f51317c4e8a201863b052786aa2f1df,823213c90703fd83224ad7122ee730ba64af3769ea517af252103bddd907f681,DMCHBA,ideal,1.0,19,361,4,0.1,36,,,dmchba_topk_10,/home/agxorin/topk_filter_study/simulator/scenarios/final_trial_500.csv,clue_search,01,35,32,33,3,0,0,0,72,35,37,72,0,66,clue:2;collision_intent:35;state:35,218,0,completed
435,dcta_parity_v1,topk_filter,aa0724188407797eae5187348bee11ee9f51317c4e8a201863b052786aa2f1df,823213c90703fd83224ad7122ee730ba64af3769ea517af252103bddd907f681,DMCHBA,ideal,1.0,19,361,4,0.1,36,,,dmchba_topk_10,/home/agxorin/topk_filter_study/simulator/scenarios/final_trial_500.csv,clue_search,02,35,31,36,0,0,0,0,72,35,37,72,0,64,clue:2;collision_intent:35;state:35,219,0,completed
435,dcta_parity_v1,topk_filter,aa0724188407797eae5187348bee11ee9f51317c4e8a201863b052786aa2f1df,823213c90703fd83224ad7122ee730ba64af3769ea517af252103bddd907f681,DMCHBA,ideal,1.0,19,361,4,0.1,36,,,dmchba_topk_10,/home/agxorin/topk_filter_study/simulator/scenarios/final_trial_500.csv,clue_search,03,36,33,31,6,0,0,0,75,37,38,75,0,69,clue:2;collision_intent:36;state:36;target:1,217,0,completed
436,dcta_parity_v1,topk_filter,aa0724188407797eae5187348bee11ee9f51317c4e8a201863b052786aa2f1df,823213c90703fd83224ad7122ee730ba64af3769ea517af252103bddd907f681,DMCHBA,ideal,1.0,19,361,4,0.1,36,,,dmchba_topk_10,/home/agxorin/topk_filter_study/simulator/scenarios/final_trial_500.csv,clue_search,00,40,34,35,6,0,0,0,81,40,41,81,0,69,clue:1;collision_intent:40;state:40,234,0,completed
436,dcta_parity_v1,topk_filter,aa0724188407797eae5187348bee11ee9f51317c4e8a201863b052786aa2f1df,823213c90703fd83224ad7122ee730ba64af3769ea517af252103bddd907f681,DMCHBA,ideal,1.0,19,361,4,0.1,36,,,dmchba_topk_10,/home/agxorin/topk_filter_study/simulator/scenarios/final_trial_500.csv,clue_search,01,38,32,37,2,0,0,0,78,39,39,78,0,66,clue:1;collision_intent:39;state:38,238,0,completed
436,dcta_parity_v1,topk_filter,aa0724188407797eae5187348bee11ee9f51317c4e8a201863b052786aa2f1df,823213c90703fd83224ad7122ee730ba64af3769ea517af252103bddd907f681,DMCHBA,ideal,1.0,19,361,4,0.1,36,,,dmchba_topk_10,/home/agxorin/topk_filter_study/simulator/scenarios/final_trial_500.csv,clue_search,02,38,32,37,2,0,1,1,78,39,39,78,0,66,clue:1;collision_intent:39;state:38,238,0,completed
436,dcta_parity_v1,topk_filter,aa0724188407797eae5187348bee11ee9f51317c4e8a201863b052786aa2f1df,823213c90703fd83224ad7122ee730ba64af3769ea517af252103bddd907f681,DMCHBA,ideal,1.0,19,361,4,0.1,36,,,dmchba_topk_10,/home/agxorin/topk_filter_study/simulator/scenarios/final_trial_500.csv,clue_search,03,39,33,28,12,0,0,0,80,40,40,80,0,68,clue:1;collision_intent:39;state:39;target:1,237,0,completed
437,dcta_parity_v1,topk_filter,aa0724188407797eae5187348bee11ee9f51317c4e8a201863b052786aa2f1df,823213c90703fd83224ad7122ee730ba64af3769ea517af252103bddd907f681,DMCHBA,ideal,1.0,19,361,4,0.1,36,,,dmchba_topk_10,/home/agxorin/topk_filter_study/simulator/scenarios/final_trial_500.csv,clue_search,00,3,0,4,0,0,0,0,7,4,3,7,0,0,collision_intent:3;state:3;target:1,14,0,completed
437,dcta_parity_v1,topk_filter,aa0724188407797eae5187348bee11ee9f51317c4e8a201863b052786aa2f1df,823213c90703fd83224ad7122ee730ba64af3769ea517af252103bddd907f681,DMCHBA,ideal,1.0,19,361,4,0.1,36,,,dmchba_topk_10,/home/agxorin/topk_filter_study/simulator/scenarios/final_trial_500.csv,clue_search,01,2,0,3,0,0,0,0,4,2,2,4,0,0,collision_intent:2;state:2,17,0,completed
437,dcta_parity_v1,topk_filter,aa0724188407797eae5187348bee11ee9f51317c4e8a201863b052786aa2f1df,823213c90703fd83224ad7122ee730ba64af3769ea517af252103bddd907f681,DMCHBA,ideal,1.0,19,361,4,0.1,36,,,dmchba_topk_10,/home/agxorin/topk_filter_study/simulator/scenarios/final_trial_500.csv,clue_search,02,3,0,4,0,0,0,0,6,3,3,6,0,0,collision_intent:3;state:3,13,0,completed
437,dcta_parity_v1,topk_filter,aa0724188407797eae5187348bee11ee9f51317c4e8a201863b052786aa2f1df,823213c90703fd83224ad7122ee730ba64af3769ea517af252103bddd907f681,DMCHBA,ideal,1.0,19,361,4,0.1,36,,,dmchba_topk_10,/home/agxorin/topk_filter_study/simulator/scenarios/final_trial_500.csv,clue_search,03,2,0,3,0,0,0,0,4,2,2,4,0,0,collision_intent:2;state:2,16,0,completed
438,dcta_parity_v1,topk_filter,aa0724188407797eae5187348bee11ee9f51317c4e8a201863b052786aa2f1df,823213c90703fd83224ad7122ee730ba64af3769ea517af252103bddd907f681,DMCHBA,ideal,1.0,19,361,4,0.1,36,,,dmchba_topk_10,/home/agxorin/topk_filter_study/simulator/scenarios/final_trial_500.csv,clue_search,00,6,0,7,0,0,0,0,12,6,6,12,0,0,collision_intent:6;state:6,35,0,completed
438,dcta_parity_v1,topk_filter,aa0724188407797eae5187348bee11ee9f51317c4e8a201863b052786aa2f1df,823213c90703fd83224ad7122ee730ba64af3769ea517af252103bddd907f681,DMCHBA,ideal,1.0,19,361,4,0.1,36,,,dmchba_topk_10,/home/agxorin/topk_filter_study/simulator/scenarios/final_trial_500.csv,clue_search,01,6,0,7,0,0,0,0,12,6,6,12,0,0,collision_intent:6;state:6,36,0,completed
438,dcta_parity_v1,topk_filter,aa0724188407797eae5187348bee11ee9f51317c4e8a201863b052786aa2f1df,823213c90703fd83224ad7122ee730ba64af3769ea517af252103bddd907f681,DMCHBA,ideal,1.0,19,361,4,0.1,36,,,dmchba_topk_10,/home/agxorin/topk_filter_study/simulator/scenarios/final_trial_500.csv,clue_search,02,6,0,7,0,0,0,0,12,6,6,12,0,0,collision_intent:6;state:6,37,0,completed
438,dcta_parity_v1,topk_filter,aa0724188407797eae5187348bee11ee9f51317c4e8a201863b052786aa2f1df,823213c90703fd83224ad7122ee730ba64af3769ea517af252103bddd907f681,DMCHBA,ideal,1.0,19,361,4,0.1,36,,,dmchba_topk_10,/home/agxorin/topk_filter_study/simulator/scenarios/final_trial_500.csv,clue_search,03,6,0,7,0,0,0,0,13,7,6,13,0,0,collision_intent:6;state:6;target:1,36,0,completed
439,dcta_parity_v1,topk_filter,aa0724188407797eae5187348bee11ee9f51317c4e8a201863b052786aa2f1df,823213c90703fd83224ad7122ee730ba64af3769ea517af252103bddd907f681,DMCHBA,ideal,1.0,19,361,4,0.1,36,,,dmchba_topk_10,/home/agxorin/topk_filter_study/simulator/scenarios/final_trial_500.csv,clue_search,00,60,49,51,10,0,0,0,122,60,62,122,0,100,clue:2;collision_intent:60;state:60,359,0,completed
439,dcta_parity_v1,topk_filter,aa0724188407797eae5187348bee11ee9f51317c4e8a201863b052786aa2f1df,823213c90703fd83224ad7122ee730ba64af3769ea517af252103bddd907f681,DMCHBA,ideal,1.0,19,361,4,0.1,36,,,dmchba_topk_10,/home/agxorin/topk_filter_study/simulator/scenarios/final_trial_500.csv,clue_search,01,59,48,42,18,0,3,3,123,62,61,123,0,101,clue:2;collision_intent:62;state:59,358,0,completed
439,dcta_parity_v1,topk_filter,aa0724188407797eae5187348bee11ee9f51317c4e8a201863b052786aa2f1df,823213c90703fd83224ad7122ee730ba64af3769ea517af252103bddd907f681,DMCHBA,ideal,1.0,19,361,4,0.1,36,,,dmchba_topk_10,/home/agxorin/topk_filter_study/simulator/scenarios/final_trial_500.csv,clue_search,02,58,47,52,7,0,0,0,119,59,60,119,0,97,clue:2;collision_intent:58;state:58;target:1,363,0,completed
439,dcta_parity_v1,topk_filter,aa0724188407797eae5187348bee11ee9f51317c4e8a201863b052786aa2f1df,823213c90703fd83224ad7122ee730ba64af3769ea517af252103bddd907f681,DMCHBA,ideal,1.0,19,361,4,0.1,36,,,dmchba_topk_10,/home/agxorin/topk_filter_study/simulator/scenarios/final_trial_500.csv,clue_search,03,58,47,53,6,0,0,0,118,58,60,118,0,96,clue:2;collision_intent:58;state:58,362,0,completed
440,dcta_parity_v1,topk_filter,aa0724188407797eae5187348bee11ee9f51317c4e8a201863b052786aa2f1df,823213c90703fd83224ad7122ee730ba64af3769ea517af252103bddd907f681,DMCHBA,ideal,1.0,19,361,4,0.1,36,,,dmchba_topk_10,/home/agxorin/topk_filter_study/simulator/scenarios/final_trial_500.csv,clue_search,00,75,56,68,8,0,0,0,153,75,78,153,0,115,clue:3;collision_intent:75;state:75,458,0,completed
440,dcta_parity_v1,topk_filter,aa0724188407797eae5187348bee11ee9f51317c4e8a201863b052786aa2f1df,823213c90703fd83224ad7122ee730ba64af3769ea517af252103bddd907f681,DMCHBA,ideal,1.0,19,361,4,0.1,36,,,dmchba_topk_10,/home/agxorin/topk_filter_study/simulator/scenarios/final_trial_500.csv,clue_search,01,73,54,70,4,0,0,0,149,73,76,149,0,111,clue:3;collision_intent:73;state:73,463,0,completed
440,dcta_parity_v1,topk_filter,aa0724188407797eae5187348bee11ee9f51317c4e8a201863b052786aa2f1df,823213c90703fd83224ad7122ee730ba64af3769ea517af252103bddd907f681,DMCHBA,ideal,1.0,19,361,4,0.1,36,,,dmchba_topk_10,/home/agxorin/topk_filter_study/simulator/scenarios/final_trial_500.csv,clue_search,02,77,58,49,29,0,0,0,158,78,80,158,0,120,clue:3;collision_intent:77;state:77;target:1,455,0,completed
440,dcta_parity_v1,topk_filter,aa0724188407797eae5187348bee11ee9f51317c4e8a201863b052786aa2f1df,823213c90703fd83224ad7122ee730ba64af3769ea517af252103bddd907f681,DMCHBA,ideal,1.0,19,361,4,0.1,36,,,dmchba_topk_10,/home/agxorin/topk_filter_study/simulator/scenarios/final_trial_500.csv,clue_search,03,75,56,63,13,0,0,0,153,75,78,153,0,115,clue:3;collision_intent:75;state:75,459,0,completed
441,dcta_parity_v1,topk_filter,aa0724188407797eae5187348bee11ee9f51317c4e8a201863b052786aa2f1df,823213c90703fd83224ad7122ee730ba64af3769ea517af252103bddd907f681,DMCHBA,ideal,1.0,19,361,4,0.1,36,,,dmchba_topk_10,/home/agxorin/topk_filter_study/simulator/scenarios/final_trial_500.csv,clue_search,00,37,6,38,0,0,0,0,76,38,38,76,0,14,clue:1;collision_intent:38;state:37,228,0,completed
441,dcta_parity_v1,topk_filter,aa0724188407797eae5187348bee11ee9f51317c4e8a201863b052786aa2f1df,823213c90703fd83224ad7122ee730ba64af3769ea517af252103bddd907f681,DMCHBA,ideal,1.0,19,361,4,0.1,36,,,dmchba_topk_10,/home/agxorin/topk_filter_study/simulator/scenarios/final_trial_500.csv,clue_search,01,37,7,38,0,0,0,0,75,37,38,75,0,15,clue:1;collision_intent:37;state:37,228,0,completed
441,dcta_parity_v1,topk_filter,aa0724188407797eae5187348bee11ee9f51317c4e8a201863b052786aa2f1df,823213c90703fd83224ad7122ee730ba64af3769ea517af252103bddd907f681,DMCHBA,ideal,1.0,19,361,4,0.1,36,,,dmchba_topk_10,/home/agxorin/topk_filter_study/simulator/scenarios/final_trial_500.csv,clue_search,02,38,7,39,0,0,0,0,78,39,39,78,0,16,clue:1;collision_intent:38;state:38;target:1,227,0,completed
441,dcta_parity_v1,topk_filter,aa0724188407797eae5187348bee11ee9f51317c4e8a201863b052786aa2f1df,823213c90703fd83224ad7122ee730ba64af3769ea517af252103bddd907f681,DMCHBA,ideal,1.0,19,361,4,0.1,36,,,dmchba_topk_10,/home/agxorin/topk_filter_study/simulator/scenarios/final_trial_500.csv,clue_search,03,37,6,38,0,0,0,0,76,38,38,76,0,14,clue:1;collision_intent:38;state:37,229,0,completed
442,dcta_parity_v1,topk_filter,aa0724188407797eae5187348bee11ee9f51317c4e8a201863b052786aa2f1df,823213c90703fd83224ad7122ee730ba64af3769ea517af252103bddd907f681,DMCHBA,ideal,1.0,19,361,4,0.1,36,,,dmchba_topk_10,/home/agxorin/topk_filter_study/simulator/scenarios/final_trial_500.csv,clue_search,00,3,0,4,0,0,0,0,6,3,3,6,0,0,collision_intent:3;state:3,18,0,completed
442,dcta_parity_v1,topk_filter,aa0724188407797eae5187348bee11ee9f51317c4e8a201863b052786aa2f1df,823213c90703fd83224ad7122ee730ba64af3769ea517af252103bddd907f681,DMCHBA,ideal,1.0,19,361,4,0.1,36,,,dmchba_topk_10,/home/agxorin/topk_filter_study/simulator/scenarios/final_trial_500.csv,clue_search,01,3,0,4,0,0,0,0,7,4,3,7,0,0,collision_intent:3;state:3;target:1,18,0,completed
442,dcta_parity_v1,topk_filter,aa0724188407797eae5187348bee11ee9f51317c4e8a201863b052786aa2f1df,823213c90703fd83224ad7122ee730ba64af3769ea517af252103bddd907f681,DMCHBA,ideal,1.0,19,361,4,0.1,36,,,dmchba_topk_10,/home/agxorin/topk_filter_study/simulator/scenarios/final_trial_500.csv,clue_search,02,3,0,4,0,0,0,0,6,3,3,6,0,0,collision_intent:3;state:3,18,0,completed
442,dcta_parity_v1,topk_filter,aa0724188407797eae5187348bee11ee9f51317c4e8a201863b052786aa2f1df,823213c90703fd83224ad7122ee730ba64af3769ea517af252103bddd907f681,DMCHBA,ideal,1.0,19,361,4,0.1,36,,,dmchba_topk_10,/home/agxorin/topk_filter_study/simulator/scenarios/final_trial_500.csv,clue_search,03,3,0,4,0,0,0,0,6,3,3,6,0,0,collision_intent:3;state:3,18,0,completed
443,dcta_parity_v1,topk_filter,aa0724188407797eae5187348bee11ee9f51317c4e8a201863b052786aa2f1df,823213c90703fd83224ad7122ee730ba64af3769ea517af252103bddd907f681,DMCHBA,ideal,1.0,19,361,4,0.1,36,,,dmchba_topk_10,/home/agxorin/topk_filter_study/simulator/scenarios/final_trial_500.csv,clue_search,00,79,73,67,13,0,0,0,162,79,83,162,0,150,clue:4;collision_intent:79;state:79,487,0,completed
443,dcta_parity_v1,topk_filter,aa0724188407797eae5187348bee11ee9f51317c4e8a201863b052786aa2f1df,823213c90703fd83224ad7122ee730ba64af3769ea517af252103bddd907f681,DMCHBA,ideal,1.0,19,361,4,0.1,36,,,dmchba_topk_10,/home/agxorin/topk_filter_study/simulator/scenarios/final_trial_500.csv,clue_search,01,79,73,59,21,0,1,1,164,81,83,164,0,152,clue:4;collision_intent:80;state:79;target:1,486,0,completed
443,dcta_parity_v1,topk_filter,aa0724188407797eae5187348bee11ee9f51317c4e8a201863b052786aa2f1df,823213c90703fd83224ad7122ee730ba64af3769ea517af252103bddd907f681,DMCHBA,ideal,1.0,19,361,4,0.1,36,,,dmchba_topk_10,/home/agxorin/topk_filter_study/simulator/scenarios/final_trial_500.csv,clue_search,02,77,71,76,2,0,0,0,159,78,81,159,0,147,clue:4;collision_intent:78;state:77,490,0,completed
443,dcta_parity_v1,topk_filter,aa0724188407797eae5187348bee11ee9f51317c4e8a201863b052786aa2f1df,823213c90703fd83224ad7122ee730ba64af3769ea517af252103bddd907f681,DMCHBA,ideal,1.0,19,361,4,0.1,36,,,dmchba_topk_10,/home/agxorin/topk_filter_study/simulator/scenarios/final_trial_500.csv,clue_search,03,80,74,66,15,0,1,1,165,81,84,165,0,153,clue:4;collision_intent:81;state:80,483,0,completed
444,dcta_parity_v1,topk_filter,aa0724188407797eae5187348bee11ee9f51317c4e8a201863b052786aa2f1df,823213c90703fd83224ad7122ee730ba64af3769ea517af252103bddd907f681,DMCHBA,ideal,1.0,19,361,4,0.1,36,,,dmchba_topk_10,/home/agxorin/topk_filter_study/simulator/scenarios/final_trial_500.csv,clue_search,00,3,0,4,0,0,0,0,7,4,3,7,0,0,collision_intent:3;state:3;target:1,13,0,completed
444,dcta_parity_v1,topk_filter,aa0724188407797eae5187348bee11ee9f51317c4e8a201863b052786aa2f1df,823213c90703fd83224ad7122ee730ba64af3769ea517af252103bddd907f681,DMCHBA,ideal,1.0,19,361,4,0.1,36,,,dmchba_topk_10,/home/agxorin/topk_filter_study/simulator/scenarios/final_trial_500.csv,clue_search,01,2,0,3,0,0,0,0,4,2,2,4,0,0,collision_intent:2;state:2,15,0,completed
444,dcta_parity_v1,topk_filter,aa0724188407797eae5187348bee11ee9f51317c4e8a201863b052786aa2f1df,823213c90703fd83224ad7122ee730ba64af3769ea517af252103bddd907f681,DMCHBA,ideal,1.0,19,361,4,0.1,36,,,dmchba_topk_10,/home/agxorin/topk_filter_study/simulator/scenarios/final_trial_500.csv,clue_search,02,2,0,3,0,0,0,0,5,3,2,5,0,0,collision_intent:3;state:2,15,0,completed
444,dcta_parity_v1,topk_filter,aa0724188407797eae5187348bee11ee9f51317c4e8a201863b052786aa2f1df,823213c90703fd83224ad7122ee730ba64af3769ea517af252103bddd907f681,DMCHBA,ideal,1.0,19,361,4,0.1,36,,,dmchba_topk_10,/home/agxorin/topk_filter_study/simulator/scenarios/final_trial_500.csv,clue_search,03,2,0,3,0,0,0,0,4,2,2,4,0,0,collision_intent:2;state:2,15,0,completed
445,dcta_parity_v1,topk_filter,aa0724188407797eae5187348bee11ee9f51317c4e8a201863b052786aa2f1df,823213c90703fd83224ad7122ee730ba64af3769ea517af252103bddd907f681,DMCHBA,ideal,1.0,19,361,4,0.1,36,,,dmchba_topk_10,/home/agxorin/topk_filter_study/simulator/scenarios/final_trial_500.csv,clue_search,00,18,0,19,0,0,0,0,36,18,18,36,0,0,collision_intent:18;state:18,108,0,completed
445,dcta_parity_v1,topk_filter,aa0724188407797eae5187348bee11ee9f51317c4e8a201863b052786aa2f1df,823213c90703fd83224ad7122ee730ba64af3769ea517af252103bddd907f681,DMCHBA,ideal,1.0,19,361,4,0.1,36,,,dmchba_topk_10,/home/agxorin/topk_filter_study/simulator/scenarios/final_trial_500.csv,clue_search,01,18,0,19,0,0,0,0,37,19,18,37,0,0,collision_intent:18;state:18;target:1,107,0,completed
445,dcta_parity_v1,topk_filter,aa0724188407797eae5187348bee11ee9f51317c4e8a201863b052786aa2f1df,823213c90703fd83224ad7122ee730ba64af3769ea517af252103bddd907f681,DMCHBA,ideal,1.0,19,361,4,0.1,36,,,dmchba_topk_10,/home/agxorin/topk_filter_study/simulator/scenarios/final_trial_500.csv,clue_search,02,18,0,19,0,0,0,0,36,18,18,36,0,0,collision_intent:18;state:18,108,0,completed
445,dcta_parity_v1,topk_filter,aa0724188407797eae5187348bee11ee9f51317c4e8a201863b052786aa2f1df,823213c90703fd83224ad7122ee730ba64af3769ea517af252103bddd907f681,DMCHBA,ideal,1.0,19,361,4,0.1,36,,,dmchba_topk_10,/home/agxorin/topk_filter_study/simulator/scenarios/final_trial_500.csv,clue_search,03,17,0,18,0,0,0,0,35,18,17,35,0,0,collision_intent:18;state:17,109,0,completed
446,dcta_parity_v1,topk_filter,aa0724188407797eae5187348bee11ee9f51317c4e8a201863b052786aa2f1df,823213c90703fd83224ad7122ee730ba64af3769ea517af252103bddd907f681,DMCHBA,ideal,1.0,19,361,4,0.1,36,,,dmchba_topk_10,/home/agxorin/topk_filter_study/simulator/scenarios/final_trial_500.csv,clue_search,00,73,71,57,17,0,0,0,149,74,75,149,0,145,clue:2;collision_intent:73;state:73;target:1,428,0,completed
446,dcta_parity_v1,topk_filter,aa0724188407797eae5187348bee11ee9f51317c4e8a201863b052786aa2f1df,823213c90703fd83224ad7122ee730ba64af3769ea517af252103bddd907f681,DMCHBA,ideal,1.0,19,361,4,0.1,36,,,dmchba_topk_10,/home/agxorin/topk_filter_study/simulator/scenarios/final_trial_500.csv,clue_search,01,70,69,56,15,0,0,0,142,70,72,142,0,140,clue:2;collision_intent:70;state:70,433,0,completed
446,dcta_parity_v1,topk_filter,aa0724188407797eae5187348bee11ee9f51317c4e8a201863b052786aa2f1df,823213c90703fd83224ad7122ee730ba64af3769ea517af252103bddd907f681,DMCHBA,ideal,1.0,19,361,4,0.1,36,,,dmchba_topk_10,/home/agxorin/topk_filter_study/simulator/scenarios/final_trial_500.csv,clue_search,02,71,69,72,0,0,0,0,144,71,73,144,0,140,clue:2;collision_intent:71;state:71,431,0,completed
446,dcta_parity_v1,topk_filter,aa0724188407797eae5187348bee11ee9f51317c4e8a201863b052786aa2f1df,823213c90703fd83224ad7122ee730ba64af3769ea517af252103bddd907f681,DMCHBA,ideal,1.0,19,361,4,0.1,36,,,dmchba_topk_10,/home/agxorin/topk_filter_study/simulator/scenarios/final_trial_500.csv,clue_search,03,70,68,64,7,0,0,0,142,70,72,142,0,138,clue:2;collision_intent:70;state:70,435,0,completed
447,dcta_parity_v1,topk_filter,aa0724188407797eae5187348bee11ee9f51317c4e8a201863b052786aa2f1df,823213c90703fd83224ad7122ee730ba64af3769ea517af252103bddd907f681,DMCHBA,ideal,1.0,19,361,4,0.1,36,,,dmchba_topk_10,/home/agxorin/topk_filter_study/simulator/scenarios/final_trial_500.csv,clue_search,00,15,5,16,0,0,0,0,32,15,17,32,0,12,clue:2;collision_intent:15;state:15,92,0,completed
447,dcta_parity_v1,topk_filter,aa0724188407797eae5187348bee11ee9f51317c4e8a201863b052786aa2f1df,823213c90703fd83224ad7122ee730ba64af3769ea517af252103bddd907f681,DMCHBA,ideal,1.0,19,361,4,0.1,36,,,dmchba_topk_10,/home/agxorin/topk_filter_study/simulator/scenarios/final_trial_500.csv,clue_search,01,14,4,15,0,0,0,0,30,14,16,30,0,10,clue:2;collision_intent:14;state:14,94,0,completed
447,dcta_parity_v1,topk_filter,aa0724188407797eae5187348bee11ee9f51317c4e8a201863b052786aa2f1df,823213c90703fd83224ad7122ee730ba64af3769ea517af252103bddd907f681,DMCHBA,ideal,1.0,19,361,4,0.1,36,,,dmchba_topk_10,/home/agxorin/topk_filter_study/simulator/scenarios/final_trial_500.csv,clue_search,02,15,5,16,0,0,0,0,32,15,17,32,0,12,clue:2;collision_intent:15;state:15,91,0,completed
447,dcta_parity_v1,topk_filter,aa0724188407797eae5187348bee11ee9f51317c4e8a201863b052786aa2f1df,823213c90703fd83224ad7122ee730ba64af3769ea517af252103bddd907f681,DMCHBA,ideal,1.0,19,361,4,0.1,36,,,dmchba_topk_10,/home/agxorin/topk_filter_study/simulator/scenarios/final_trial_500.csv,clue_search,03,14,4,15,0,0,0,0,31,15,16,31,0,11,clue:2;collision_intent:14;state:14;target:1,94,0,completed
448,dcta_parity_v1,topk_filter,aa0724188407797eae5187348bee11ee9f51317c4e8a201863b052786aa2f1df,823213c90703fd83224ad7122ee730ba64af3769ea517af252103bddd907f681,DMCHBA,ideal,1.0,19,361,4,0.1,36,,,dmchba_topk_10,/home/agxorin/topk_filter_study/simulator/scenarios/final_trial_500.csv,clue_search,00,65,0,66,0,0,0,0,130,65,65,130,0,0,collision_intent:65;state:65,388,0,completed
448,dcta_parity_v1,topk_filter,aa0724188407797eae5187348bee11ee9f51317c4e8a201863b052786aa2f1df,823213c90703fd83224ad7122ee730ba64af3769ea517af252103bddd907f681,DMCHBA,ideal,1.0,19,361,4,0.1,36,,,dmchba_topk_10,/home/agxorin/topk_filter_study/simulator/scenarios/final_trial_500.csv,clue_search,01,65,0,64,2,0,0,0,131,66,65,131,0,0,collision_intent:65;state:65;target:1,387,0,completed
448,dcta_parity_v1,topk_filter,aa0724188407797eae5187348bee11ee9f51317c4e8a201863b052786aa2f1df,823213c90703fd83224ad7122ee730ba64af3769ea517af252103bddd907f681,DMCHBA,ideal,1.0,19,361,4,0.1,36,,,dmchba_topk_10,/home/agxorin/topk_filter_study/simulator/scenarios/final_trial_500.csv,clue_search,02,64,0,63,2,0,0,0,128,64,64,128,0,0,collision_intent:64;state:64,390,0,completed
448,dcta_parity_v1,topk_filter,aa0724188407797eae5187348bee11ee9f51317c4e8a201863b052786aa2f1df,823213c90703fd83224ad7122ee730ba64af3769ea517af252103bddd907f681,DMCHBA,ideal,1.0,19,361,4,0.1,36,,,dmchba_topk_10,/home/agxorin/topk_filter_study/simulator/scenarios/final_trial_500.csv,clue_search,03,64,0,65,0,0,0,0,129,65,64,129,0,0,collision_intent:65;state:64,389,0,completed
449,dcta_parity_v1,topk_filter,aa0724188407797eae5187348bee11ee9f51317c4e8a201863b052786aa2f1df,823213c90703fd83224ad7122ee730ba64af3769ea517af252103bddd907f681,DMCHBA,ideal,1.0,19,361,4,0.1,36,,,dmchba_topk_10,/home/agxorin/topk_filter_study/simulator/scenarios/final_trial_500.csv,clue_search,00,10,7,11,0,0,0,0,22,11,11,22,0,16,clue:1;collision_intent:10;state:10;target:1,67,0,completed
449,dcta_parity_v1,topk_filter,aa0724188407797eae5187348bee11ee9f51317c4e8a201863b052786aa2f1df,823213c90703fd83224ad7122ee730ba64af3769ea517af252103bddd907f681,DMCHBA,ideal,1.0,19,361,4,0.1,36,,,dmchba_topk_10,/home/agxorin/topk_filter_study/simulator/scenarios/final_trial_500.csv,clue_search,01,10,8,10,1,0,0,0,21,10,11,21,0,17,clue:1;collision_intent:10;state:10,67,0,completed
449,dcta_parity_v1,topk_filter,aa0724188407797eae5187348bee11ee9f51317c4e8a201863b052786aa2f1df,823213c90703fd83224ad7122ee730ba64af3769ea517af252103bddd907f681,DMCHBA,ideal,1.0,19,361,4,0.1,36,,,dmchba_topk_10,/home/agxorin/topk_filter_study/simulator/scenarios/final_trial_500.csv,clue_search,02,11,8,12,0,0,0,0,23,11,12,23,0,17,clue:1;collision_intent:11;state:11,66,0,completed
449,dcta_parity_v1,topk_filter,aa0724188407797eae5187348bee11ee9f51317c4e8a201863b052786aa2f1df,823213c90703fd83224ad7122ee730ba64af3769ea517af252103bddd907f681,DMCHBA,ideal,1.0,19,361,4,0.1,36,,,dmchba_topk_10,/home/agxorin/topk_filter_study/simulator/scenarios/final_trial_500.csv,clue_search,03,11,9,10,2,0,0,0,23,11,12,23,0,19,clue:1;collision_intent:11;state:11,65,0,completed
450,dcta_parity_v1,topk_filter,aa0724188407797eae5187348bee11ee9f51317c4e8a201863b052786aa2f1df,823213c90703fd83224ad7122ee730ba64af3769ea517af252103bddd907f681,DMCHBA,ideal,1.0,19,361,4,0.1,36,,,dmchba_topk_10,/home/agxorin/topk_filter_study/simulator/scenarios/final_trial_500.csv,clue_search,00,85,79,71,15,0,1,1,174,86,88,174,0,162,clue:3;collision_intent:86;state:85,527,0,completed
450,dcta_parity_v1,topk_filter,aa0724188407797eae5187348bee11ee9f51317c4e8a201863b052786aa2f1df,823213c90703fd83224ad7122ee730ba64af3769ea517af252103bddd907f681,DMCHBA,ideal,1.0,19,361,4,0.1,36,,,dmchba_topk_10,/home/agxorin/topk_filter_study/simulator/scenarios/final_trial_500.csv,clue_search,01,85,79,65,21,0,1,1,175,87,88,175,0,163,clue:3;collision_intent:86;state:85;target:1,526,0,completed
450,dcta_parity_v1,topk_filter,aa0724188407797eae5187348bee11ee9f51317c4e8a201863b052786aa2f1df,823213c90703fd83224ad7122ee730ba64af3769ea517af252103bddd907f681,DMCHBA,ideal,1.0,19,361,4,0.1,36,,,dmchba_topk_10,/home/agxorin/topk_filter_study/simulator/scenarios/final_trial_500.csv,clue_search,02,87,81,82,6,0,2,1,179,89,90,179,0,167,clue:3;collision_intent:89;state:87,520,0,completed
450,dcta_parity_v1,topk_filter,aa0724188407797eae5187348bee11ee9f51317c4e8a201863b052786aa2f1df,823213c90703fd83224ad7122ee730ba64af3769ea517af252103bddd907f681,DMCHBA,ideal,1.0,19,361,4,0.1,36,,,dmchba_topk_10,/home/agxorin/topk_filter_study/simulator/scenarios/final_trial_500.csv,clue_search,03,85,80,82,4,0,0,0,173,85,88,173,0,163,clue:3;collision_intent:85;state:85,527,0,completed
451,dcta_parity_v1,topk_filter,aa0724188407797eae5187348bee11ee9f51317c4e8a201863b052786aa2f1df,823213c90703fd83224ad7122ee730ba64af3769ea517af252103bddd907f681,DMCHBA,ideal,1.0,19,361,4,0.1,36,,,dmchba_topk_10,/home/agxorin/topk_filter_study/simulator/scenarios/final_trial_500.csv,clue_search,00,33,32,28,6,0,0,0,69,33,36,69,0,67,clue:3;collision_intent:33;state:33,203,0,completed
451,dcta_parity_v1,topk_filter,aa0724188407797eae5187348bee11ee9f51317c4e8a201863b052786aa2f1df,823213c90703fd83224ad7122ee730ba64af3769ea517af252103bddd907f681,DMCHBA,ideal,1.0,19,361,4,0.1,36,,,dmchba_topk_10,/home/agxorin/topk_filter_study/simulator/scenarios/final_trial_500.csv,clue_search,01,33,33,30,4,0,0,0,69,33,36,69,0,68,clue:3;collision_intent:33;state:33,202,0,completed
451,dcta_parity_v1,topk_filter,aa0724188407797eae5187348bee11ee9f51317c4e8a201863b052786aa2f1df,823213c90703fd83224ad7122ee730ba64af3769ea517af252103bddd907f681,DMCHBA,ideal,1.0,19,361,4,0.1,36,,,dmchba_topk_10,/home/agxorin/topk_filter_study/simulator/scenarios/final_trial_500.csv,clue_search,02,31,30,17,15,0,0,0,65,31,34,65,0,63,clue:3;collision_intent:31;state:31,207,0,completed
451,dcta_parity_v1,topk_filter,aa0724188407797eae5187348bee11ee9f51317c4e8a201863b052786aa2f1df,823213c90703fd83224ad7122ee730ba64af3769ea517af252103bddd907f681,DMCHBA,ideal,1.0,19,361,4,0.1,36,,,dmchba_topk_10,/home/agxorin/topk_filter_study/simulator/scenarios/final_trial_500.csv,clue_search,03,32,31,33,0,0,2,1,70,35,35,70,0,68,clue:3;collision_intent:34;state:32;target:1,203,0,completed
452,dcta_parity_v1,topk_filter,aa0724188407797eae5187348bee11ee9f51317c4e8a201863b052786aa2f1df,823213c90703fd83224ad7122ee730ba64af3769ea517af252103bddd907f681,DMCHBA,ideal,1.0,19,361,4,0.1,36,,,dmchba_topk_10,/home/agxorin/topk_filter_study/simulator/scenarios/final_trial_500.csv,clue_search,00,16,8,17,0,0,0,0,36,17,19,36,0,20,clue:3;collision_intent:16;state:16;target:1,106,0,completed
452,dcta_parity_v1,topk_filter,aa0724188407797eae5187348bee11ee9f51317c4e8a201863b052786aa2f1df,823213c90703fd83224ad7122ee730ba64af3769ea517af252103bddd907f681,DMCHBA,ideal,1.0,19,361,4,0.1,36,,,dmchba_topk_10,/home/agxorin/topk_filter_study/simulator/scenarios/final_trial_500.csv,clue_search,01,16,9,16,1,0,0,0,35,16,19,35,0,21,clue:3;collision_intent:16;state:16,104,0,completed
452,dcta_parity_v1,topk_filter,aa0724188407797eae5187348bee11ee9f51317c4e8a201863b052786aa2f1df,823213c90703fd83224ad7122ee730ba64af3769ea517af252103bddd907f681,DMCHBA,ideal,1.0,19,361,4,0.1,36,,,dmchba_topk_10,/home/agxorin/topk_filter_study/simulator/scenarios/final_trial_500.csv,clue_search,02,16,9,17,0,0,0,0,36,17,19,36,0,21,clue:3;collision_intent:17;state:16,105,0,completed
452,dcta_parity_v1,topk_filter,aa0724188407797eae5187348bee11ee9f51317c4e8a201863b052786aa2f1df,823213c90703fd83224ad7122ee730ba64af3769ea517af252103bddd907f681,DMCHBA,ideal,1.0,19,361,4,0.1,36,,,dmchba_topk_10,/home/agxorin/topk_filter_study/simulator/scenarios/final_trial_500.csv,clue_search,03,16,9,17,0,0,0,0,35,16,19,35,0,21,clue:3;collision_intent:16;state:16,105,0,completed
453,dcta_parity_v1,topk_filter,aa0724188407797eae5187348bee11ee9f51317c4e8a201863b052786aa2f1df,823213c90703fd83224ad7122ee730ba64af3769ea517af252103bddd907f681,DMCHBA,ideal,1.0,19,361,4,0.1,36,,,dmchba_topk_10,/home/agxorin/topk_filter_study/simulator/scenarios/final_trial_500.csv,clue_search,00,39,12,40,0,0,0,0,79,39,40,79,0,25,clue:1;collision_intent:39;state:39,240,0,completed
453,dcta_parity_v1,topk_filter,aa0724188407797eae5187348bee11ee9f51317c4e8a201863b052786aa2f1df,823213c90703fd83224ad7122ee730ba64af3769ea517af252103bddd907f681,DMCHBA,ideal,1.0,19,361,4,0.1,36,,,dmchba_topk_10,/home/agxorin/topk_filter_study/simulator/scenarios/final_trial_500.csv,clue_search,01,39,13,39,1,0,0,0,80,40,40,80,0,28,clue:1;collision_intent:39;state:39;target:1,239,0,completed
453,dcta_parity_v1,topk_filter,aa0724188407797eae5187348bee11ee9f51317c4e8a201863b052786aa2f1df,823213c90703fd83224ad7122ee730ba64af3769ea517af252103bddd907f681,DMCHBA,ideal,1.0,19,361,4,0.1,36,,,dmchba_topk_10,/home/agxorin/topk_filter_study/simulator/scenarios/final_trial_500.csv,clue_search,02,39,12,38,2,0,0,0,80,40,40,80,0,26,clue:1;collision_intent:40;state:39,237,0,completed
453,dcta_parity_v1,topk_filter,aa0724188407797eae5187348bee11ee9f51317c4e8a201863b052786aa2f1df,823213c90703fd83224ad7122ee730ba64af3769ea517af252103bddd907f681,DMCHBA,ideal,1.0,19,361,4,0.1,36,,,dmchba_topk_10,/home/agxorin/topk_filter_study/simulator/scenarios/final_trial_500.csv,clue_search,03,39,13,35,5,0,0,0,80,40,40,80,0,28,clue:1;collision_intent:40;state:39,238,0,completed
454,dcta_parity_v1,topk_filter,aa0724188407797eae5187348bee11ee9f51317c4e8a201863b052786aa2f1df,823213c90703fd83224ad7122ee730ba64af3769ea517af252103bddd907f681,DMCHBA,ideal,1.0,19,361,4,0.1,36,,,dmchba_topk_10,/home/agxorin/topk_filter_study/simulator/scenarios/final_trial_500.csv,clue_search,00,79,60,63,17,0,0,0,159,79,80,159,0,121,clue:1;collision_intent:79;state:79,490,0,completed
454,dcta_parity_v1,topk_filter,aa0724188407797eae5187348bee11ee9f51317c4e8a201863b052786aa2f1df,823213c90703fd83224ad7122ee730ba64af3769ea517af252103bddd907f681,DMCHBA,ideal,1.0,19,361,4,0.1,36,,,dmchba_topk_10,/home/agxorin/topk_filter_study/simulator/scenarios/final_trial_500.csv,clue_search,01,81,63,72,10,0,2,1,165,83,82,165,0,129,clue:1;collision_intent:83;state:81,483,0,completed
454,dcta_parity_v1,topk_filter,aa0724188407797eae5187348bee11ee9f51317c4e8a201863b052786aa2f1df,823213c90703fd83224ad7122ee730ba64af3769ea517af252103bddd907f681,DMCHBA,ideal,1.0,19,361,4,0.1,36,,,dmchba_topk_10,/home/agxorin/topk_filter_study/simulator/scenarios/final_trial_500.csv,clue_search,02,80,62,71,10,0,0,0,162,81,81,162,0,125,clue:1;collision_intent:80;state:80;target:1,487,0,completed
454,dcta_parity_v1,topk_filter,aa0724188407797eae5187348bee11ee9f51317c4e8a201863b052786aa2f1df,823213c90703fd83224ad7122ee730ba64af3769ea517af252103bddd907f681,DMCHBA,ideal,1.0,19,361,4,0.1,36,,,dmchba_topk_10,/home/agxorin/topk_filter_study/simulator/scenarios/final_trial_500.csv,clue_search,03,81,63,77,5,0,0,0,163,81,82,163,0,127,clue:1;collision_intent:81;state:81,484,0,completed
455,dcta_parity_v1,topk_filter,aa0724188407797eae5187348bee11ee9f51317c4e8a201863b052786aa2f1df,823213c90703fd83224ad7122ee730ba64af3769ea517af252103bddd907f681,DMCHBA,ideal,1.0,19,361,4,0.1,36,,,dmchba_topk_10,/home/agxorin/topk_filter_study/simulator/scenarios/final_trial_500.csv,clue_search,00,24,2,25,0,0,0,0,50,25,25,50,0,5,clue:1;collision_intent:24;state:24;target:1,146,0,completed
455,dcta_parity_v1,topk_filter,aa0724188407797eae5187348bee11ee9f51317c4e8a201863b052786aa2f1df,823213c90703fd83224ad7122ee730ba64af3769ea517af252103bddd907f681,DMCHBA,ideal,1.0,19,361,4,0.1,36,,,dmchba_topk_10,/home/agxorin/topk_filter_study/simulator/scenarios/final_trial_500.csv,clue_search,01,24,1,25,0,0,0,0,49,24,25,49,0,3,clue:1;collision_intent:24;state:24,146,0,completed
455,dcta_parity_v1,topk_filter,aa0724188407797eae5187348bee11ee9f51317c4e8a201863b052786aa2f1df,823213c90703fd83224ad7122ee730ba64af3769ea517af252103bddd907f681,DMCHBA,ideal,1.0,19,361,4,0.1,36,,,dmchba_topk_10,/home/agxorin/topk_filter_study/simulator/scenarios/final_trial_500.csv,clue_search,02,24,1,24,1,0,0,0,49,24,25,49,0,3,clue:1;collision_intent:24;state:24,147,0,completed
455,dcta_parity_v1,topk_filter,aa0724188407797eae5187348bee11ee9f51317c4e8a201863b052786aa2f1df,823213c90703fd83224ad7122ee730ba64af3769ea517af252103bddd907f681,DMCHBA,ideal,1.0,19,361,4,0.1,36,,,dmchba_topk_10,/home/agxorin/topk_filter_study/simulator/scenarios/final_trial_500.csv,clue_search,03,23,1,24,0,0,0,0,48,24,24,48,0,4,clue:1;collision_intent:24;state:23,147,0,completed
456,dcta_parity_v1,topk_filter,aa0724188407797eae5187348bee11ee9f51317c4e8a201863b052786aa2f1df,823213c90703fd83224ad7122ee730ba64af3769ea517af252103bddd907f681,DMCHBA,ideal,1.0,19,361,4,0.1,36,,,dmchba_topk_10,/home/agxorin/topk_filter_study/simulator/scenarios/final_trial_500.csv,clue_search,00,50,32,51,0,0,0,0,103,50,53,103,0,67,clue:3;collision_intent:50;state:50,302,0,completed
456,dcta_parity_v1,topk_filter,aa0724188407797eae5187348bee11ee9f51317c4e8a201863b052786aa2f1df,823213c90703fd83224ad7122ee730ba64af3769ea517af252103bddd907f681,DMCHBA,ideal,1.0,19,361,4,0.1,36,,,dmchba_topk_10,/home/agxorin/topk_filter_study/simulator/scenarios/final_trial_500.csv,clue_search,01,49,32,45,5,0,0,0,101,49,52,101,0,67,clue:3;collision_intent:49;state:49,305,0,completed
456,dcta_parity_v1,topk_filter,aa0724188407797eae5187348bee11ee9f51317c4e8a201863b052786aa2f1df,823213c90703fd83224ad7122ee730ba64af3769ea517af252103bddd907f681,DMCHBA,ideal,1.0,19,361,4,0.1,36,,,dmchba_topk_10,/home/agxorin/topk_filter_study/simulator/scenarios/final_trial_500.csv,clue_search,02,49,31,45,5,0,2,1,104,52,52,104,0,68,clue:3;collision_intent:51;state:49;target:1,303,0,completed
456,dcta_parity_v1,topk_filter,aa0724188407797eae5187348bee11ee9f51317c4e8a201863b052786aa2f1df,823213c90703fd83224ad7122ee730ba64af3769ea517af252103bddd907f681,DMCHBA,ideal,1.0,19,361,4,0.1,36,,,dmchba_topk_10,/home/agxorin/topk_filter_study/simulator/scenarios/final_trial_500.csv,clue_search,03,48,31,46,3,0,0,0,99,48,51,99,0,65,clue:3;collision_intent:48;state:48,307,0,completed
457,dcta_parity_v1,topk_filter,aa0724188407797eae5187348bee11ee9f51317c4e8a201863b052786aa2f1df,823213c90703fd83224ad7122ee730ba64af3769ea517af252103bddd907f681,DMCHBA,ideal,1.0,19,361,4,0.1,36,,,dmchba_topk_10,/home/agxorin/topk_filter_study/simulator/scenarios/final_trial_500.csv,clue_search,00,15,14,16,0,0,0,0,32,15,17,32,0,30,clue:2;collision_intent:15;state:15,92,0,completed
457,dcta_parity_v1,topk_filter,aa0724188407797eae5187348bee11ee9f51317c4e8a201863b052786aa2f1df,823213c90703fd83224ad7122ee730ba64af3769ea517af252103bddd907f681,DMCHBA,ideal,1.0,19,361,4,0.1,36,,,dmchba_topk_10,/home/agxorin/topk_filter_study/simulator/scenarios/final_trial_500.csv,clue_search,01,13,13,10,4,0,1,1,30,15,15,30,0,29,clue:2;collision_intent:15;state:13,94,0,completed
457,dcta_parity_v1,topk_filter,aa0724188407797eae5187348bee11ee9f51317c4e8a201863b052786aa2f1df,823213c90703fd83224ad7122ee730ba64af3769ea517af252103bddd907f681,DMCHBA,ideal,1.0,19,361,4,0.1,36,,,dmchba_topk_10,/home/agxorin/topk_filter_study/simulator/scenarios/final_trial_500.csv,clue_search,02,14,13,13,2,0,0,0,30,14,16,30,0,28,clue:2;collision_intent:14;state:14,94,0,completed
457,dcta_parity_v1,topk_filter,aa0724188407797eae5187348bee11ee9f51317c4e8a201863b052786aa2f1df,823213c90703fd83224ad7122ee730ba64af3769ea517af252103bddd907f681,DMCHBA,ideal,1.0,19,361,4,0.1,36,,,dmchba_topk_10,/home/agxorin/topk_filter_study/simulator/scenarios/final_trial_500.csv,clue_search,03,15,14,16,0,0,0,0,33,16,17,33,0,31,clue:2;collision_intent:15;state:15;target:1,92,0,completed
458,dcta_parity_v1,topk_filter,aa0724188407797eae5187348bee11ee9f51317c4e8a201863b052786aa2f1df,823213c90703fd83224ad7122ee730ba64af3769ea517af252103bddd907f681,DMCHBA,ideal,1.0,19,361,4,0.1,36,,,dmchba_topk_10,/home/agxorin/topk_filter_study/simulator/scenarios/final_trial_500.csv,clue_search,00,111,84,87,25,0,0,0,226,111,115,226,0,172,clue:4;collision_intent:111;state:111,683,0,completed
458,dcta_parity_v1,topk_filter,aa0724188407797eae5187348bee11ee9f51317c4e8a201863b052786aa2f1df,823213c90703fd83224ad7122ee730ba64af3769ea517af252103bddd907f681,DMCHBA,ideal,1.0,19,361,4,0.1,36,,,dmchba_topk_10,/home/agxorin/topk_filter_study/simulator/scenarios/final_trial_500.csv,clue_search,01,111,85,90,22,0,0,0,226,111,115,226,0,174,clue:4;collision_intent:111;state:111,681,0,completed
458,dcta_parity_v1,topk_filter,aa0724188407797eae5187348bee11ee9f51317c4e8a201863b052786aa2f1df,823213c90703fd83224ad7122ee730ba64af3769ea517af252103bddd907f681,DMCHBA,ideal,1.0,19,361,4,0.1,36,,,dmchba_topk_10,/home/agxorin/topk_filter_study/simulator/scenarios/final_trial_500.csv,clue_search,02,112,86,90,23,0,0,0,229,113,116,229,0,176,clue:4;collision_intent:112;state:112;target:1,680,0,completed
458,dcta_parity_v1,topk_filter,aa0724188407797eae5187348bee11ee9f51317c4e8a201863b052786aa2f1df,823213c90703fd83224ad7122ee730ba64af3769ea517af252103bddd907f681,DMCHBA,ideal,1.0,19,361,4,0.1,36,,,dmchba_topk_10,/home/agxorin/topk_filter_study/simulator/scenarios/final_trial_500.csv,clue_search,03,112,86,87,26,0,0,0,228,112,116,228,0,176,clue:4;collision_intent:112;state:112,680,0,completed
459,dcta_parity_v1,topk_filter,aa0724188407797eae5187348bee11ee9f51317c4e8a201863b052786aa2f1df,823213c90703fd83224ad7122ee730ba64af3769ea517af252103bddd907f681,DMCHBA,ideal,1.0,19,361,4,0.1,36,,,dmchba_topk_10,/home/agxorin/topk_filter_study/simulator/scenarios/final_trial_500.csv,clue_search,00,46,37,43,4,0,0,0,94,46,48,94,0,76,clue:2;collision_intent:46;state:46,276,0,completed
459,dcta_parity_v1,topk_filter,aa0724188407797eae5187348bee11ee9f51317c4e8a201863b052786aa2f1df,823213c90703fd83224ad7122ee730ba64af3769ea517af252103bddd907f681,DMCHBA,ideal,1.0,19,361,4,0.1,36,,,dmchba_topk_10,/home/agxorin/topk_filter_study/simulator/scenarios/final_trial_500.csv,clue_search,01,45,36,44,2,0,0,0,93,46,47,93,0,75,clue:2;collision_intent:45;state:45;target:1,278,0,completed
459,dcta_parity_v1,topk_filter,aa0724188407797eae5187348bee11ee9f51317c4e8a201863b052786aa2f1df,823213c90703fd83224ad7122ee730ba64af3769ea517af252103bddd907f681,DMCHBA,ideal,1.0,19,361,4,0.1,36,,,dmchba_topk_10,/home/agxorin/topk_filter_study/simulator/scenarios/final_trial_500.csv,clue_search,02,44,34,42,3,0,0,0,91,45,46,91,0,71,clue:2;collision_intent:45;state:44,279,0,completed
459,dcta_parity_v1,topk_filter,aa0724188407797eae5187348bee11ee9f51317c4e8a201863b052786aa2f1df,823213c90703fd83224ad7122ee730ba64af3769ea517af252103bddd907f681,DMCHBA,ideal,1.0,19,361,4,0.1,36,,,dmchba_topk_10,/home/agxorin/topk_filter_study/simulator/scenarios/final_trial_500.csv,clue_search,03,45,36,39,7,0,1,1,93,46,47,93,0,75,clue:2;collision_intent:46;state:45,277,0,completed
460,dcta_parity_v1,topk_filter,aa0724188407797eae5187348bee11ee9f51317c4e8a201863b052786aa2f1df,823213c90703fd83224ad7122ee730ba64af3769ea517af252103bddd907f681,DMCHBA,ideal,1.0,19,361,4,0.1,36,,,dmchba_topk_10,/home/agxorin/topk_filter_study/simulator/scenarios/final_trial_500.csv,clue_search,00,11,0,12,0,0,0,0,22,11,11,22,0,0,collision_intent:11;state:11,66,0,completed
460,dcta_parity_v1,topk_filter,aa0724188407797eae5187348bee11ee9f51317c4e8a201863b052786aa2f1df,823213c90703fd83224ad7122ee730ba64af3769ea517af252103bddd907f681,DMCHBA,ideal,1.0,19,361,4,0.1,36,,,dmchba_topk_10,/home/agxorin/topk_filter_study/simulator/scenarios/final_trial_500.csv,clue_search,01,11,0,12,0,0,0,0,22,11,11,22,0,0,collision_intent:11;state:11,66,0,completed
460,dcta_parity_v1,topk_filter,aa0724188407797eae5187348bee11ee9f51317c4e8a201863b052786aa2f1df,823213c90703fd83224ad7122ee730ba64af3769ea517af252103bddd907f681,DMCHBA,ideal,1.0,19,361,4,0.1,36,,,dmchba_topk_10,/home/agxorin/topk_filter_study/simulator/scenarios/final_trial_500.csv,clue_search,02,11,0,12,0,0,0,0,22,11,11,22,0,0,collision_intent:11;state:11,66,0,completed
460,dcta_parity_v1,topk_filter,aa0724188407797eae5187348bee11ee9f51317c4e8a201863b052786aa2f1df,823213c90703fd83224ad7122ee730ba64af3769ea517af252103bddd907f681,DMCHBA,ideal,1.0,19,361,4,0.1,36,,,dmchba_topk_10,/home/agxorin/topk_filter_study/simulator/scenarios/final_trial_500.csv,clue_search,03,11,0,12,0,0,0,0,23,12,11,23,0,0,collision_intent:11;state:11;target:1,66,0,completed
461,dcta_parity_v1,topk_filter,aa0724188407797eae5187348bee11ee9f51317c4e8a201863b052786aa2f1df,823213c90703fd83224ad7122ee730ba64af3769ea517af252103bddd907f681,DMCHBA,ideal,1.0,19,361,4,0.1,36,,,dmchba_topk_10,/home/agxorin/topk_filter_study/simulator/scenarios/final_trial_500.csv,clue_search,00,49,18,49,1,0,0,0,99,49,50,99,0,37,clue:1;collision_intent:49;state:49,299,0,completed
461,dcta_parity_v1,topk_filter,aa0724188407797eae5187348bee11ee9f51317c4e8a201863b052786aa2f1df,823213c90703fd83224ad7122ee730ba64af3769ea517af252103bddd907f681,DMCHBA,ideal,1.0,19,361,4,0.1,36,,,dmchba_topk_10,/home/agxorin/topk_filter_study/simulator/scenarios/final_trial_500.csv,clue_search,01,49,17,45,5,0,3,2,103,53,50,103,0,39,clue:1;collision_intent:52;state:49;target:1,295,0,completed
461,dcta_parity_v1,topk_filter,aa0724188407797eae5187348bee11ee9f51317c4e8a201863b052786aa2f1df,823213c90703fd83224ad7122ee730ba64af3769ea517af252103bddd907f681,DMCHBA,ideal,1.0,19,361,4,0.1,36,,,dmchba_topk_10,/home/agxorin/topk_filter_study/simulator/scenarios/final_trial_500.csv,clue_search,02,49,17,47,3,0,0,0,99,49,50,99,0,35,clue:1;collision_intent:49;state:49,298,0,completed
461,dcta_parity_v1,topk_filter,aa0724188407797eae5187348bee11ee9f51317c4e8a201863b052786aa2f1df,823213c90703fd83224ad7122ee730ba64af3769ea517af252103bddd907f681,DMCHBA,ideal,1.0,19,361,4,0.1,36,,,dmchba_topk_10,/home/agxorin/topk_filter_study/simulator/scenarios/final_trial_500.csv,clue_search,03,48,17,45,4,0,0,0,97,48,49,97,0,35,clue:1;collision_intent:48;state:48,299,0,completed
462,dcta_parity_v1,topk_filter,aa0724188407797eae5187348bee11ee9f51317c4e8a201863b052786aa2f1df,823213c90703fd83224ad7122ee730ba64af3769ea517af252103bddd907f681,DMCHBA,ideal,1.0,19,361,4,0.1,36,,,dmchba_topk_10,/home/agxorin/topk_filter_study/simulator/scenarios/final_trial_500.csv,clue_search,00,116,90,98,19,0,3,2,239,120,119,239,0,187,clue:3;collision_intent:120;state:116,719,0,completed
462,dcta_parity_v1,topk_filter,aa0724188407797eae5187348bee11ee9f51317c4e8a201863b052786aa2f1df,823213c90703fd83224ad7122ee730ba64af3769ea517af252103bddd907f681,DMCHBA,ideal,1.0,19,361,4,0.1,36,,,dmchba_topk_10,/home/agxorin/topk_filter_study/simulator/scenarios/final_trial_500.csv,clue_search,01,117,91,85,33,0,0,0,237,117,120,237,0,185,clue:3;collision_intent:117;state:117,721,0,completed
462,dcta_parity_v1,topk_filter,aa0724188407797eae5187348bee11ee9f51317c4e8a201863b052786aa2f1df,823213c90703fd83224ad7122ee730ba64af3769ea517af252103bddd907f681,DMCHBA,ideal,1.0,19,361,4,0.1,36,,,dmchba_topk_10,/home/agxorin/topk_filter_study/simulator/scenarios/final_trial_500.csv,clue_search,02,120,94,74,47,0,1,1,245,122,123,245,0,193,clue:3;collision_intent:121;state:120;target:1,714,0,completed
462,dcta_parity_v1,topk_filter,aa0724188407797eae5187348bee11ee9f51317c4e8a201863b052786aa2f1df,823213c90703fd83224ad7122ee730ba64af3769ea517af252103bddd907f681,DMCHBA,ideal,1.0,19,361,4,0.1,36,,,dmchba_topk_10,/home/agxorin/topk_filter_study/simulator/scenarios/final_trial_500.csv,clue_search,03,117,91,96,22,0,1,1,238,118,120,238,0,186,clue:3;collision_intent:118;state:117,720,0,completed
463,dcta_parity_v1,topk_filter,aa0724188407797eae5187348bee11ee9f51317c4e8a201863b052786aa2f1df,823213c90703fd83224ad7122ee730ba64af3769ea517af252103bddd907f681,DMCHBA,ideal,1.0,19,361,4,0.1,36,,,dmchba_topk_10,/home/agxorin/topk_filter_study/simulator/scenarios/final_trial_500.csv,clue_search,00,111,85,86,26,0,2,2,227,113,114,227,0,175,clue:3;collision_intent:113;state:111,663,0,completed
463,dcta_parity_v1,topk_filter,aa0724188407797eae5187348bee11ee9f51317c4e8a201863b052786aa2f1df,823213c90703fd83224ad7122ee730ba64af3769ea517af252103bddd907f681,DMCHBA,ideal,1.0,19,361,4,0.1,36,,,dmchba_topk_10,/home/agxorin/topk_filter_study/simulator/scenarios/final_trial_500.csv,clue_search,01,110,84,90,21,0,0,0,223,110,113,223,0,171,clue:3;collision_intent:110;state:110,667,0,completed
463,dcta_parity_v1,topk_filter,aa0724188407797eae5187348bee11ee9f51317c4e8a201863b052786aa2f1df,823213c90703fd83224ad7122ee730ba64af3769ea517af252103bddd907f681,DMCHBA,ideal,1.0,19,361,4,0.1,36,,,dmchba_topk_10,/home/agxorin/topk_filter_study/simulator/scenarios/final_trial_500.csv,clue_search,02,108,82,98,11,0,0,0,220,109,111,220,0,168,clue:3;collision_intent:108;state:108;target:1,672,0,completed
463,dcta_parity_v1,topk_filter,aa0724188407797eae5187348bee11ee9f51317c4e8a201863b052786aa2f1df,823213c90703fd83224ad7122ee730ba64af3769ea517af252103bddd907f681,DMCHBA,ideal,1.0,19,361,4,0.1,36,,,dmchba_topk_10,/home/agxorin/topk_filter_study/simulator/scenarios/final_trial_500.csv,clue_search,03,109,83,80,30,0,1,1,222,110,112,222,0,170,clue:3;collision_intent:110;state:109,669,0,completed
464,dcta_parity_v1,topk_filter,aa0724188407797eae5187348bee11ee9f51317c4e8a201863b052786aa2f1df,823213c90703fd83224ad7122ee730ba64af3769ea517af252103bddd907f681,DMCHBA,ideal,1.0,19,361,4,0.1,36,,,dmchba_topk_10,/home/agxorin/topk_filter_study/simulator/scenarios/final_trial_500.csv,clue_search,00,34,7,35,0,0,0,0,69,34,35,69,0,14,clue:1;collision_intent:34;state:34,206,0,completed
464,dcta_parity_v1,topk_filter,aa0724188407797eae5187348bee11ee9f51317c4e8a201863b052786aa2f1df,823213c90703fd83224ad7122ee730ba64af3769ea517af252103bddd907f681,DMCHBA,ideal,1.0,19,361,4,0.1,36,,,dmchba_topk_10,/home/agxorin/topk_filter_study/simulator/scenarios/final_trial_500.csv,clue_search,01,33,6,32,2,0,1,1,68,34,34,68,0,14,clue:1;collision_intent:34;state:33,207,0,completed
464,dcta_parity_v1,topk_filter,aa0724188407797eae5187348bee11ee9f51317c4e8a201863b052786aa2f1df,823213c90703fd83224ad7122ee730ba64af3769ea517af252103bddd907f681,DMCHBA,ideal,1.0,19,361,4,0.1,36,,,dmchba_topk_10,/home/agxorin/topk_filter_study/simulator/scenarios/final_trial_500.csv,clue_search,02,34,7,34,1,0,0,0,70,35,35,70,0,16,clue:1;collision_intent:34;state:34;target:1,206,0,completed
464,dcta_parity_v1,topk_filter,aa0724188407797eae5187348bee11ee9f51317c4e8a201863b052786aa2f1df,823213c90703fd83224ad7122ee730ba64af3769ea517af252103bddd907f681,DMCHBA,ideal,1.0,19,361,4,0.1,36,,,dmchba_topk_10,/home/agxorin/topk_filter_study/simulator/scenarios/final_trial_500.csv,clue_search,03,34,7,32,3,0,0,0,69,34,35,69,0,15,clue:1;collision_intent:34;state:34,205,0,completed
465,dcta_parity_v1,topk_filter,aa0724188407797eae5187348bee11ee9f51317c4e8a201863b052786aa2f1df,823213c90703fd83224ad7122ee730ba64af3769ea517af252103bddd907f681,DMCHBA,ideal,1.0,19,361,4,0.1,36,,,dmchba_topk_10,/home/agxorin/topk_filter_study/simulator/scenarios/final_trial_500.csv,clue_search,00,49,22,50,0,0,0,0,102,50,52,102,0,48,clue:3;collision_intent:49;state:49;target:1,299,0,completed
465,dcta_parity_v1,topk_filter,aa0724188407797eae5187348bee11ee9f51317c4e8a201863b052786aa2f1df,823213c90703fd83224ad7122ee730ba64af3769ea517af252103bddd907f681,DMCHBA,ideal,1.0,19,361,4,0.1,36,,,dmchba_topk_10,/home/agxorin/topk_filter_study/simulator/scenarios/final_trial_500.csv,clue_search,01,48,22,44,5,0,0,0,99,48,51,99,0,47,clue:3;collision_intent:48;state:48,302,0,completed
465,dcta_parity_v1,topk_filter,aa0724188407797eae5187348bee11ee9f51317c4e8a201863b052786aa2f1df,823213c90703fd83224ad7122ee730ba64af3769ea517af252103bddd907f681,DMCHBA,ideal,1.0,19,361,4,0.1,36,,,dmchba_topk_10,/home/agxorin/topk_filter_study/simulator/scenarios/final_trial_500.csv,clue_search,02,48,22,43,6,0,0,0,99,48,51,99,0,47,clue:3;collision_intent:48;state:48,300,0,completed
465,dcta_parity_v1,topk_filter,aa0724188407797eae5187348bee11ee9f51317c4e8a201863b052786aa2f1df,823213c90703fd83224ad7122ee730ba64af3769ea517af252103bddd907f681,DMCHBA,ideal,1.0,19,361,4,0.1,36,,,dmchba_topk_10,/home/agxorin/topk_filter_study/simulator/scenarios/final_trial_500.csv,clue_search,03,49,23,44,6,0,0,0,101,49,52,101,0,49,clue:3;collision_intent:49;state:49,300,0,completed
466,dcta_parity_v1,topk_filter,aa0724188407797eae5187348bee11ee9f51317c4e8a201863b052786aa2f1df,823213c90703fd83224ad7122ee730ba64af3769ea517af252103bddd907f681,DMCHBA,ideal,1.0,19,361,4,0.1,36,,,dmchba_topk_10,/home/agxorin/topk_filter_study/simulator/scenarios/final_trial_500.csv,clue_search,00,13,3,14,0,0,0,0,27,13,14,27,0,7,clue:1;collision_intent:13;state:13,84,0,completed
466,dcta_parity_v1,topk_filter,aa0724188407797eae5187348bee11ee9f51317c4e8a201863b052786aa2f1df,823213c90703fd83224ad7122ee730ba64af3769ea517af252103bddd907f681,DMCHBA,ideal,1.0,19,361,4,0.1,36,,,dmchba_topk_10,/home/agxorin/topk_filter_study/simulator/scenarios/final_trial_500.csv,clue_search,01,13,4,14,0,0,0,0,27,13,14,27,0,9,clue:1;collision_intent:13;state:13,84,0,completed
466,dcta_parity_v1,topk_filter,aa0724188407797eae5187348bee11ee9f51317c4e8a201863b052786aa2f1df,823213c90703fd83224ad7122ee730ba64af3769ea517af252103bddd907f681,DMCHBA,ideal,1.0,19,361,4,0.1,36,,,dmchba_topk_10,/home/agxorin/topk_filter_study/simulator/scenarios/final_trial_500.csv,clue_search,02,14,5,15,0,0,0,0,30,15,15,30,0,12,clue:1;collision_intent:14;state:14;target:1,81,0,completed
466,dcta_parity_v1,topk_filter,aa0724188407797eae5187348bee11ee9f51317c4e8a201863b052786aa2f1df,823213c90703fd83224ad7122ee730ba64af3769ea517af252103bddd907f681,DMCHBA,ideal,1.0,19,361,4,0.1,36,,,dmchba_topk_10,/home/agxorin/topk_filter_study/simulator/scenarios/final_trial_500.csv,clue_search,03,13,4,13,1,0,0,0,27,13,14,27,0,9,clue:1;collision_intent:13;state:13,82,0,completed
467,dcta_parity_v1,topk_filter,aa0724188407797eae5187348bee11ee9f51317c4e8a201863b052786aa2f1df,823213c90703fd83224ad7122ee730ba64af3769ea517af252103bddd907f681,DMCHBA,ideal,1.0,19,361,4,0.1,36,,,dmchba_topk_10,/home/agxorin/topk_filter_study/simulator/scenarios/final_trial_500.csv,clue_search,00,53,33,51,3,0,0,0,108,53,55,108,0,68,clue:2;collision_intent:53;state:53,321,0,completed
467,dcta_parity_v1,topk_filter,aa0724188407797eae5187348bee11ee9f51317c4e8a201863b052786aa2f1df,823213c90703fd83224ad7122ee730ba64af3769ea517af252103bddd907f681,DMCHBA,ideal,1.0,19,361,4,0.1,36,,,dmchba_topk_10,/home/agxorin/topk_filter_study/simulator/scenarios/final_trial_500.csv,clue_search,01,53,34,44,10,0,0,0,108,53,55,108,0,69,clue:2;collision_intent:53;state:53,320,0,completed
467,dcta_parity_v1,topk_filter,aa0724188407797eae5187348bee11ee9f51317c4e8a201863b052786aa2f1df,823213c90703fd83224ad7122ee730ba64af3769ea517af252103bddd907f681,DMCHBA,ideal,1.0,19,361,4,0.1,36,,,dmchba_topk_10,/home/agxorin/topk_filter_study/simulator/scenarios/final_trial_500.csv,clue_search,02,52,33,44,9,0,0,0,106,52,54,106,0,67,clue:2;collision_intent:52;state:52,321,0,completed
467,dcta_parity_v1,topk_filter,aa0724188407797eae5187348bee11ee9f51317c4e8a201863b052786aa2f1df,823213c90703fd83224ad7122ee730ba64af3769ea517af252103bddd907f681,DMCHBA,ideal,1.0,19,361,4,0.1,36,,,dmchba_topk_10,/home/agxorin/topk_filter_study/simulator/scenarios/final_trial_500.csv,clue_search,03,52,32,50,3,0,0,0,107,53,54,107,0,67,clue:2;collision_intent:52;state:52;target:1,322,0,completed
468,dcta_parity_v1,topk_filter,aa0724188407797eae5187348bee11ee9f51317c4e8a201863b052786aa2f1df,823213c90703fd83224ad7122ee730ba64af3769ea517af252103bddd907f681,DMCHBA,ideal,1.0,19,361,4,0.1,36,,,dmchba_topk_10,/home/agxorin/topk_filter_study/simulator/scenarios/final_trial_500.csv,clue_search,00,18,6,19,0,0,0,0,39,19,20,39,0,15,clue:2;collision_intent:19;state:18,122,0,completed
468,dcta_parity_v1,topk_filter,aa0724188407797eae5187348bee11ee9f51317c4e8a201863b052786aa2f1df,823213c90703fd83224ad7122ee730ba64af3769ea517af252103bddd907f681,DMCHBA,ideal,1.0,19,361,4,0.1,36,,,dmchba_topk_10,/home/agxorin/topk_filter_study/simulator/scenarios/final_trial_500.csv,clue_search,01,19,8,19,1,0,0,0,40,19,21,40,0,18,clue:2;collision_intent:19;state:19,122,0,completed
468,dcta_parity_v1,topk_filter,aa0724188407797eae5187348bee11ee9f51317c4e8a201863b052786aa2f1df,823213c90703fd83224ad7122ee730ba64af3769ea517af252103bddd907f681,DMCHBA,ideal,1.0,19,361,4,0.1,36,,,dmchba_topk_10,/home/agxorin/topk_filter_study/simulator/scenarios/final_trial_500.csv,clue_search,02,20,8,21,0,0,0,0,43,21,22,43,0,19,clue:2;collision_intent:20;state:20;target:1,119,0,completed
468,dcta_parity_v1,topk_filter,aa0724188407797eae5187348bee11ee9f51317c4e8a201863b052786aa2f1df,823213c90703fd83224ad7122ee730ba64af3769ea517af252103bddd907f681,DMCHBA,ideal,1.0,19,361,4,0.1,36,,,dmchba_topk_10,/home/agxorin/topk_filter_study/simulator/scenarios/final_trial_500.csv,clue_search,03,19,8,18,2,0,0,0,40,19,21,40,0,18,clue:2;collision_intent:19;state:19,122,0,completed
469,dcta_parity_v1,topk_filter,aa0724188407797eae5187348bee11ee9f51317c4e8a201863b052786aa2f1df,823213c90703fd83224ad7122ee730ba64af3769ea517af252103bddd907f681,DMCHBA,ideal,1.0,19,361,4,0.1,36,,,dmchba_topk_10,/home/agxorin/topk_filter_study/simulator/scenarios/final_trial_500.csv,clue_search,00,18,0,19,0,0,0,0,36,18,18,36,0,0,collision_intent:18;state:18,106,0,completed
469,dcta_parity_v1,topk_filter,aa0724188407797eae5187348bee11ee9f51317c4e8a201863b052786aa2f1df,823213c90703fd83224ad7122ee730ba64af3769ea517af252103bddd907f681,DMCHBA,ideal,1.0,19,361,4,0.1,36,,,dmchba_topk_10,/home/agxorin/topk_filter_study/simulator/scenarios/final_trial_500.csv,clue_search,01,18,0,19,0,0,0,0,37,19,18,37,0,0,collision_intent:18;state:18;target:1,106,0,completed
469,dcta_parity_v1,topk_filter,aa0724188407797eae5187348bee11ee9f51317c4e8a201863b052786aa2f1df,823213c90703fd83224ad7122ee730ba64af3769ea517af252103bddd907f681,DMCHBA,ideal,1.0,19,361,4,0.1,36,,,dmchba_topk_10,/home/agxorin/topk_filter_study/simulator/scenarios/final_trial_500.csv,clue_search,02,18,0,19,0,0,0,0,36,18,18,36,0,0,collision_intent:18;state:18,106,0,completed
469,dcta_parity_v1,topk_filter,aa0724188407797eae5187348bee11ee9f51317c4e8a201863b052786aa2f1df,823213c90703fd83224ad7122ee730ba64af3769ea517af252103bddd907f681,DMCHBA,ideal,1.0,19,361,4,0.1,36,,,dmchba_topk_10,/home/agxorin/topk_filter_study/simulator/scenarios/final_trial_500.csv,clue_search,03,17,0,18,0,0,0,0,34,17,17,34,0,0,collision_intent:17;state:17,108,0,completed
470,dcta_parity_v1,topk_filter,aa0724188407797eae5187348bee11ee9f51317c4e8a201863b052786aa2f1df,823213c90703fd83224ad7122ee730ba64af3769ea517af252103bddd907f681,DMCHBA,ideal,1.0,19,361,4,0.1,36,,,dmchba_topk_10,/home/agxorin/topk_filter_study/simulator/scenarios/final_trial_500.csv,clue_search,00,81,52,65,17,0,0,0,166,81,85,166,0,108,clue:4;collision_intent:81;state:81,490,0,completed
470,dcta_parity_v1,topk_filter,aa0724188407797eae5187348bee11ee9f51317c4e8a201863b052786aa2f1df,823213c90703fd83224ad7122ee730ba64af3769ea517af252103bddd907f681,DMCHBA,ideal,1.0,19,361,4,0.1,36,,,dmchba_topk_10,/home/agxorin/topk_filter_study/simulator/scenarios/final_trial_500.csv,clue_search,01,79,50,64,16,0,2,2,165,82,83,165,0,107,clue:4;collision_intent:81;state:79;target:1,491,0,completed
470,dcta_parity_v1,topk_filter,aa0724188407797eae5187348bee11ee9f51317c4e8a201863b052786aa2f1df,823213c90703fd83224ad7122ee730ba64af3769ea517af252103bddd907f681,DMCHBA,ideal,1.0,19,361,4,0.1,36,,,dmchba_topk_10,/home/agxorin/topk_filter_study/simulator/scenarios/final_trial_500.csv,clue_search,02,80,51,66,15,0,0,0,164,80,84,164,0,106,clue:4;collision_intent:80;state:80,490,0,completed
470,dcta_parity_v1,topk_filter,aa0724188407797eae5187348bee11ee9f51317c4e8a201863b052786aa2f1df,823213c90703fd83224ad7122ee730ba64af3769ea517af252103bddd907f681,DMCHBA,ideal,1.0,19,361,4,0.1,36,,,dmchba_topk_10,/home/agxorin/topk_filter_study/simulator/scenarios/final_trial_500.csv,clue_search,03,78,49,58,21,0,1,1,161,79,82,161,0,103,clue:4;collision_intent:79;state:78,495,0,completed
471,dcta_parity_v1,topk_filter,aa0724188407797eae5187348bee11ee9f51317c4e8a201863b052786aa2f1df,823213c90703fd83224ad7122ee730ba64af3769ea517af252103bddd907f681,DMCHBA,ideal,1.0,19,361,4,0.1,36,,,dmchba_topk_10,/home/agxorin/topk_filter_study/simulator/scenarios/final_trial_500.csv,clue_search,00,25,0,26,0,0,0,0,50,25,25,50,0,0,collision_intent:25;state:25,150,0,completed
471,dcta_parity_v1,topk_filter,aa0724188407797eae5187348bee11ee9f51317c4e8a201863b052786aa2f1df,823213c90703fd83224ad7122ee730ba64af3769ea517af252103bddd907f681,DMCHBA,ideal,1.0,19,361,4,0.1,36,,,dmchba_topk_10,/home/agxorin/topk_filter_study/simulator/scenarios/final_trial_500.csv,clue_search,01,25,0,26,0,0,0,0,51,26,25,51,0,0,collision_intent:25;state:25;target:1,150,0,completed
471,dcta_parity_v1,topk_filter,aa0724188407797eae5187348bee11ee9f51317c4e8a201863b052786aa2f1df,823213c90703fd83224ad7122ee730ba64af3769ea517af252103bddd907f681,DMCHBA,ideal,1.0,19,361,4,0.1,36,,,dmchba_topk_10,/home/agxorin/topk_filter_study/simulator/scenarios/final_trial_500.csv,clue_search,02,25,0,26,0,0,0,0,50,25,25,50,0,0,collision_intent:25;state:25,149,0,completed
471,dcta_parity_v1,topk_filter,aa0724188407797eae5187348bee11ee9f51317c4e8a201863b052786aa2f1df,823213c90703fd83224ad7122ee730ba64af3769ea517af252103bddd907f681,DMCHBA,ideal,1.0,19,361,4,0.1,36,,,dmchba_topk_10,/home/agxorin/topk_filter_study/simulator/scenarios/final_trial_500.csv,clue_search,03,25,0,26,0,0,0,0,50,25,25,50,0,0,collision_intent:25;state:25,150,0,completed
472,dcta_parity_v1,topk_filter,aa0724188407797eae5187348bee11ee9f51317c4e8a201863b052786aa2f1df,823213c90703fd83224ad7122ee730ba64af3769ea517af252103bddd907f681,DMCHBA,ideal,1.0,19,361,4,0.1,36,,,dmchba_topk_10,/home/agxorin/topk_filter_study/simulator/scenarios/final_trial_500.csv,clue_search,00,6,0,7,0,0,0,0,12,6,6,12,0,0,collision_intent:6;state:6,35,0,completed
472,dcta_parity_v1,topk_filter,aa0724188407797eae5187348bee11ee9f51317c4e8a201863b052786aa2f1df,823213c90703fd83224ad7122ee730ba64af3769ea517af252103bddd907f681,DMCHBA,ideal,1.0,19,361,4,0.1,36,,,dmchba_topk_10,/home/agxorin/topk_filter_study/simulator/scenarios/final_trial_500.csv,clue_search,01,6,0,7,0,0,0,0,13,7,6,13,0,0,collision_intent:6;state:6;target:1,34,0,completed
472,dcta_parity_v1,topk_filter,aa0724188407797eae5187348bee11ee9f51317c4e8a201863b052786aa2f1df,823213c90703fd83224ad7122ee730ba64af3769ea517af252103bddd907f681,DMCHBA,ideal,1.0,19,361,4,0.1,36,,,dmchba_topk_10,/home/agxorin/topk_filter_study/simulator/scenarios/final_trial_500.csv,clue_search,02,6,0,7,0,0,0,0,12,6,6,12,0,0,collision_intent:6;state:6,34,0,completed
472,dcta_parity_v1,topk_filter,aa0724188407797eae5187348bee11ee9f51317c4e8a201863b052786aa2f1df,823213c90703fd83224ad7122ee730ba64af3769ea517af252103bddd907f681,DMCHBA,ideal,1.0,19,361,4,0.1,36,,,dmchba_topk_10,/home/agxorin/topk_filter_study/simulator/scenarios/final_trial_500.csv,clue_search,03,5,0,6,0,0,0,0,10,5,5,10,0,0,collision_intent:5;state:5,36,0,completed
473,dcta_parity_v1,topk_filter,aa0724188407797eae5187348bee11ee9f51317c4e8a201863b052786aa2f1df,823213c90703fd83224ad7122ee730ba64af3769ea517af252103bddd907f681,DMCHBA,ideal,1.0,19,361,4,0.1,36,,,dmchba_topk_10,/home/agxorin/topk_filter_study/simulator/scenarios/final_trial_500.csv,clue_search,00,19,3,20,0,0,0,0,40,19,21,40,0,8,clue:2;collision_intent:19;state:19,118,0,completed
473,dcta_parity_v1,topk_filter,aa0724188407797eae5187348bee11ee9f51317c4e8a201863b052786aa2f1df,823213c90703fd83224ad7122ee730ba64af3769ea517af252103bddd907f681,DMCHBA,ideal,1.0,19,361,4,0.1,36,,,dmchba_topk_10,/home/agxorin/topk_filter_study/simulator/scenarios/final_trial_500.csv,clue_search,01,18,2,19,0,0,0,0,39,19,20,39,0,7,clue:2;collision_intent:19;state:18,120,0,completed
473,dcta_parity_v1,topk_filter,aa0724188407797eae5187348bee11ee9f51317c4e8a201863b052786aa2f1df,823213c90703fd83224ad7122ee730ba64af3769ea517af252103bddd907f681,DMCHBA,ideal,1.0,19,361,4,0.1,36,,,dmchba_topk_10,/home/agxorin/topk_filter_study/simulator/scenarios/final_trial_500.csv,clue_search,02,19,2,20,0,0,0,0,40,19,21,40,0,6,clue:2;collision_intent:19;state:19,120,0,completed
473,dcta_parity_v1,topk_filter,aa0724188407797eae5187348bee11ee9f51317c4e8a201863b052786aa2f1df,823213c90703fd83224ad7122ee730ba64af3769ea517af252103bddd907f681,DMCHBA,ideal,1.0,19,361,4,0.1,36,,,dmchba_topk_10,/home/agxorin/topk_filter_study/simulator/scenarios/final_trial_500.csv,clue_search,03,19,2,20,0,0,0,0,41,20,21,41,0,7,clue:2;collision_intent:19;state:19;target:1,119,0,completed
474,dcta_parity_v1,topk_filter,aa0724188407797eae5187348bee11ee9f51317c4e8a201863b052786aa2f1df,823213c90703fd83224ad7122ee730ba64af3769ea517af252103bddd907f681,DMCHBA,ideal,1.0,19,361,4,0.1,36,,,dmchba_topk_10,/home/agxorin/topk_filter_study/simulator/scenarios/final_trial_500.csv,clue_search,00,16,0,17,0,0,0,0,32,16,16,32,0,0,collision_intent:16;state:16,94,0,completed
474,dcta_parity_v1,topk_filter,aa0724188407797eae5187348bee11ee9f51317c4e8a201863b052786aa2f1df,823213c90703fd83224ad7122ee730ba64af3769ea517af252103bddd907f681,DMCHBA,ideal,1.0,19,361,4,0.1,36,,,dmchba_topk_10,/home/agxorin/topk_filter_study/simulator/scenarios/final_trial_500.csv,clue_search,01,16,0,17,0,0,0,0,33,17,16,33,0,0,collision_intent:16;state:16;target:1,94,0,completed
474,dcta_parity_v1,topk_filter,aa0724188407797eae5187348bee11ee9f51317c4e8a201863b052786aa2f1df,823213c90703fd83224ad7122ee730ba64af3769ea517af252103bddd907f681,DMCHBA,ideal,1.0,19,361,4,0.1,36,,,dmchba_topk_10,/home/agxorin/topk_filter_study/simulator/scenarios/final_trial_500.csv,clue_search,02,16,0,17,0,0,0,0,32,16,16,32,0,0,collision_intent:16;state:16,93,0,completed
474,dcta_parity_v1,topk_filter,aa0724188407797eae5187348bee11ee9f51317c4e8a201863b052786aa2f1df,823213c90703fd83224ad7122ee730ba64af3769ea517af252103bddd907f681,DMCHBA,ideal,1.0,19,361,4,0.1,36,,,dmchba_topk_10,/home/agxorin/topk_filter_study/simulator/scenarios/final_trial_500.csv,clue_search,03,15,0,16,0,0,0,0,30,15,15,30,0,0,collision_intent:15;state:15,95,0,completed
475,dcta_parity_v1,topk_filter,aa0724188407797eae5187348bee11ee9f51317c4e8a201863b052786aa2f1df,823213c90703fd83224ad7122ee730ba64af3769ea517af252103bddd907f681,DMCHBA,ideal,1.0,19,361,4,0.1,36,,,dmchba_topk_10,/home/agxorin/topk_filter_study/simulator/scenarios/final_trial_500.csv,clue_search,00,3,0,4,0,0,0,0,6,3,3,6,0,0,collision_intent:3;state:3,19,0,completed
475,dcta_parity_v1,topk_filter,aa0724188407797eae5187348bee11ee9f51317c4e8a201863b052786aa2f1df,823213c90703fd83224ad7122ee730ba64af3769ea517af252103bddd907f681,DMCHBA,ideal,1.0,19,361,4,0.1,36,,,dmchba_topk_10,/home/agxorin/topk_filter_study/simulator/scenarios/final_trial_500.csv,clue_search,01,3,0,4,0,0,0,0,7,4,3,7,0,0,collision_intent:3;state:3;target:1,18,0,completed
475,dcta_parity_v1,topk_filter,aa0724188407797eae5187348bee11ee9f51317c4e8a201863b052786aa2f1df,823213c90703fd83224ad7122ee730ba64af3769ea517af252103bddd907f681,DMCHBA,ideal,1.0,19,361,4,0.1,36,,,dmchba_topk_10,/home/agxorin/topk_filter_study/simulator/scenarios/final_trial_500.csv,clue_search,02,3,0,4,0,0,0,0,6,3,3,6,0,0,collision_intent:3;state:3,19,0,completed
475,dcta_parity_v1,topk_filter,aa0724188407797eae5187348bee11ee9f51317c4e8a201863b052786aa2f1df,823213c90703fd83224ad7122ee730ba64af3769ea517af252103bddd907f681,DMCHBA,ideal,1.0,19,361,4,0.1,36,,,dmchba_topk_10,/home/agxorin/topk_filter_study/simulator/scenarios/final_trial_500.csv,clue_search,03,3,0,4,0,0,0,0,6,3,3,6,0,0,collision_intent:3;state:3,17,0,completed
476,dcta_parity_v1,topk_filter,aa0724188407797eae5187348bee11ee9f51317c4e8a201863b052786aa2f1df,823213c90703fd83224ad7122ee730ba64af3769ea517af252103bddd907f681,DMCHBA,ideal,1.0,19,361,4,0.1,36,,,dmchba_topk_10,/home/agxorin/topk_filter_study/simulator/scenarios/final_trial_500.csv,clue_search,00,53,42,45,9,0,0,0,109,53,56,109,0,87,clue:3;collision_intent:53;state:53,319,0,completed
476,dcta_parity_v1,topk_filter,aa0724188407797eae5187348bee11ee9f51317c4e8a201863b052786aa2f1df,823213c90703fd83224ad7122ee730ba64af3769ea517af252103bddd907f681,DMCHBA,ideal,1.0,19,361,4,0.1,36,,,dmchba_topk_10,/home/agxorin/topk_filter_study/simulator/scenarios/final_trial_500.csv,clue_search,01,51,40,52,0,0,0,0,105,51,54,105,0,83,clue:3;collision_intent:51;state:51,323,0,completed
476,dcta_parity_v1,topk_filter,aa0724188407797eae5187348bee11ee9f51317c4e8a201863b052786aa2f1df,823213c90703fd83224ad7122ee730ba64af3769ea517af252103bddd907f681,DMCHBA,ideal,1.0,19,361,4,0.1,36,,,dmchba_topk_10,/home/agxorin/topk_filter_study/simulator/scenarios/final_trial_500.csv,clue_search,02,52,41,45,8,0,0,0,108,53,55,108,0,86,clue:3;collision_intent:52;state:52;target:1,321,0,completed
476,dcta_parity_v1,topk_filter,aa0724188407797eae5187348bee11ee9f51317c4e8a201863b052786aa2f1df,823213c90703fd83224ad7122ee730ba64af3769ea517af252103bddd907f681,DMCHBA,ideal,1.0,19,361,4,0.1,36,,,dmchba_topk_10,/home/agxorin/topk_filter_study/simulator/scenarios/final_trial_500.csv,clue_search,03,52,42,50,3,0,0,0,107,52,55,107,0,87,clue:3;collision_intent:52;state:52,321,0,completed
477,dcta_parity_v1,topk_filter,aa0724188407797eae5187348bee11ee9f51317c4e8a201863b052786aa2f1df,823213c90703fd83224ad7122ee730ba64af3769ea517af252103bddd907f681,DMCHBA,ideal,1.0,19,361,4,0.1,36,,,dmchba_topk_10,/home/agxorin/topk_filter_study/simulator/scenarios/final_trial_500.csv,clue_search,00,34,21,35,0,0,0,0,71,35,36,71,0,45,clue:2;collision_intent:35;state:34,223,0,completed
477,dcta_parity_v1,topk_filter,aa0724188407797eae5187348bee11ee9f51317c4e8a201863b052786aa2f1df,823213c90703fd83224ad7122ee730ba64af3769ea517af252103bddd907f681,DMCHBA,ideal,1.0,19,361,4,0.1,36,,,dmchba_topk_10,/home/agxorin/topk_filter_study/simulator/scenarios/final_trial_500.csv,clue_search,01,36,23,31,6,0,1,1,76,38,38,76,0,50,clue:2;collision_intent:37;state:36;target:1,219,0,completed
477,dcta_parity_v1,topk_filter,aa0724188407797eae5187348bee11ee9f51317c4e8a201863b052786aa2f1df,823213c90703fd83224ad7122ee730ba64af3769ea517af252103bddd907f681,DMCHBA,ideal,1.0,19,361,4,0.1,36,,,dmchba_topk_10,/home/agxorin/topk_filter_study/simulator/scenarios/final_trial_500.csv,clue_search,02,36,23,35,2,0,0,0,74,36,38,74,0,48,clue:2;collision_intent:36;state:36,220,0,completed
477,dcta_parity_v1,topk_filter,aa0724188407797eae5187348bee11ee9f51317c4e8a201863b052786aa2f1df,823213c90703fd83224ad7122ee730ba64af3769ea517af252103bddd907f681,DMCHBA,ideal,1.0,19,361,4,0.1,36,,,dmchba_topk_10,/home/agxorin/topk_filter_study/simulator/scenarios/final_trial_500.csv,clue_search,03,36,24,34,3,0,0,0,74,36,38,74,0,50,clue:2;collision_intent:36;state:36,220,0,completed
478,dcta_parity_v1,topk_filter,aa0724188407797eae5187348bee11ee9f51317c4e8a201863b052786aa2f1df,823213c90703fd83224ad7122ee730ba64af3769ea517af252103bddd907f681,DMCHBA,ideal,1.0,19,361,4,0.1,36,,,dmchba_topk_10,/home/agxorin/topk_filter_study/simulator/scenarios/final_trial_500.csv,clue_search,00,6,1,7,0,0,0,0,13,6,7,13,0,3,clue:1;collision_intent:6;state:6,38,0,completed
478,dcta_parity_v1,topk_filter,aa0724188407797eae5187348bee11ee9f51317c4e8a201863b052786aa2f1df,823213c90703fd83224ad7122ee730ba64af3769ea517af252103bddd907f681,DMCHBA,ideal,1.0,19,361,4,0.1,36,,,dmchba_topk_10,/home/agxorin/topk_filter_study/simulator/scenarios/final_trial_500.csv,clue_search,01,6,1,7,0,0,0,0,14,7,7,14,0,4,clue:1;collision_intent:6;state:6;target:1,39,0,completed
478,dcta_parity_v1,topk_filter,aa0724188407797eae5187348bee11ee9f51317c4e8a201863b052786aa2f1df,823213c90703fd83224ad7122ee730ba64af3769ea517af252103bddd907f681,DMCHBA,ideal,1.0,19,361,4,0.1,36,,,dmchba_topk_10,/home/agxorin/topk_filter_study/simulator/scenarios/final_trial_500.csv,clue_search,02,6,1,7,0,0,0,0,13,6,7,13,0,3,clue:1;collision_intent:6;state:6,40,0,completed
478,dcta_parity_v1,topk_filter,aa0724188407797eae5187348bee11ee9f51317c4e8a201863b052786aa2f1df,823213c90703fd83224ad7122ee730ba64af3769ea517af252103bddd907f681,DMCHBA,ideal,1.0,19,361,4,0.1,36,,,dmchba_topk_10,/home/agxorin/topk_filter_study/simulator/scenarios/final_trial_500.csv,clue_search,03,6,1,7,0,0,0,0,13,6,7,13,0,3,clue:1;collision_intent:6;state:6,39,0,completed
479,dcta_parity_v1,topk_filter,aa0724188407797eae5187348bee11ee9f51317c4e8a201863b052786aa2f1df,823213c90703fd83224ad7122ee730ba64af3769ea517af252103bddd907f681,DMCHBA,ideal,1.0,19,361,4,0.1,36,,,dmchba_topk_10,/home/agxorin/topk_filter_study/simulator/scenarios/final_trial_500.csv,clue_search,00,41,25,40,2,0,0,0,84,41,43,84,0,52,clue:2;collision_intent:41;state:41,253,0,completed
479,dcta_parity_v1,topk_filter,aa0724188407797eae5187348bee11ee9f51317c4e8a201863b052786aa2f1df,823213c90703fd83224ad7122ee730ba64af3769ea517af252103bddd907f681,DMCHBA,ideal,1.0,19,361,4,0.1,36,,,dmchba_topk_10,/home/agxorin/topk_filter_study/simulator/scenarios/final_trial_500.csv,clue_search,01,40,24,33,8,0,1,1,84,42,42,84,0,52,clue:2;collision_intent:42;state:40,254,0,completed
479,dcta_parity_v1,topk_filter,aa0724188407797eae5187348bee11ee9f51317c4e8a201863b052786aa2f1df,823213c90703fd83224ad7122ee730ba64af3769ea517af252103bddd907f681,DMCHBA,ideal,1.0,19,361,4,0.1,36,,,dmchba_topk_10,/home/agxorin/topk_filter_study/simulator/scenarios/final_trial_500.csv,clue_search,02,41,25,41,1,0,0,0,85,42,43,85,0,53,clue:2;collision_intent:41;state:41;target:1,254,0,completed
479,dcta_parity_v1,topk_filter,aa0724188407797eae5187348bee11ee9f51317c4e8a201863b052786aa2f1df,823213c90703fd83224ad7122ee730ba64af3769ea517af252103bddd907f681,DMCHBA,ideal,1.0,19,361,4,0.1,36,,,dmchba_topk_10,/home/agxorin/topk_filter_study/simulator/scenarios/final_trial_500.csv,clue_search,03,42,26,40,3,0,0,0,86,42,44,86,0,54,clue:2;collision_intent:42;state:42,251,0,completed
480,dcta_parity_v1,topk_filter,aa0724188407797eae5187348bee11ee9f51317c4e8a201863b052786aa2f1df,823213c90703fd83224ad7122ee730ba64af3769ea517af252103bddd907f681,DMCHBA,ideal,1.0,19,361,4,0.1,36,,,dmchba_topk_10,/home/agxorin/topk_filter_study/simulator/scenarios/final_trial_500.csv,clue_search,00,22,0,23,0,0,0,0,45,23,22,45,0,0,collision_intent:22;state:22;target:1,130,0,completed
480,dcta_parity_v1,topk_filter,aa0724188407797eae5187348bee11ee9f51317c4e8a201863b052786aa2f1df,823213c90703fd83224ad7122ee730ba64af3769ea517af252103bddd907f681,DMCHBA,ideal,1.0,19,361,4,0.1,36,,,dmchba_topk_10,/home/agxorin/topk_filter_study/simulator/scenarios/final_trial_500.csv,clue_search,01,21,0,22,0,0,0,0,43,22,21,43,0,0,collision_intent:22;state:21,131,0,completed
480,dcta_parity_v1,topk_filter,aa0724188407797eae5187348bee11ee9f51317c4e8a201863b052786aa2f1df,823213c90703fd83224ad7122ee730ba64af3769ea517af252103bddd907f681,DMCHBA,ideal,1.0,19,361,4,0.1,36,,,dmchba_topk_10,/home/agxorin/topk_filter_study/simulator/scenarios/final_trial_500.csv,clue_search,02,22,0,23,0,0,0,0,44,22,22,44,0,0,collision_intent:22;state:22,129,0,completed
480,dcta_parity_v1,topk_filter,aa0724188407797eae5187348bee11ee9f51317c4e8a201863b052786aa2f1df,823213c90703fd83224ad7122ee730ba64af3769ea517af252103bddd907f681,DMCHBA,ideal,1.0,19,361,4,0.1,36,,,dmchba_topk_10,/home/agxorin/topk_filter_study/simulator/scenarios/final_trial_500.csv,clue_search,03,21,0,22,0,0,0,0,43,22,21,43,0,0,collision_intent:22;state:21,131,0,completed
481,dcta_parity_v1,topk_filter,aa0724188407797eae5187348bee11ee9f51317c4e8a201863b052786aa2f1df,823213c90703fd83224ad7122ee730ba64af3769ea517af252103bddd907f681,DMCHBA,ideal,1.0,19,361,4,0.1,36,,,dmchba_topk_10,/home/agxorin/topk_filter_study/simulator/scenarios/final_trial_500.csv,clue_search,00,65,62,63,3,0,1,1,134,66,68,134,0,128,clue:3;collision_intent:66;state:65,414,0,completed
481,dcta_parity_v1,topk_filter,aa0724188407797eae5187348bee11ee9f51317c4e8a201863b052786aa2f1df,823213c90703fd83224ad7122ee730ba64af3769ea517af252103bddd907f681,DMCHBA,ideal,1.0,19,361,4,0.1,36,,,dmchba_topk_10,/home/agxorin/topk_filter_study/simulator/scenarios/final_trial_500.csv,clue_search,01,66,63,59,8,0,0,0,136,67,69,136,0,130,clue:3;collision_intent:66;state:66;target:1,414,0,completed
481,dcta_parity_v1,topk_filter,aa0724188407797eae5187348bee11ee9f51317c4e8a201863b052786aa2f1df,823213c90703fd83224ad7122ee730ba64af3769ea517af252103bddd907f681,DMCHBA,ideal,1.0,19,361,4,0.1,36,,,dmchba_topk_10,/home/agxorin/topk_filter_study/simulator/scenarios/final_trial_500.csv,clue_search,02,68,65,50,19,0,2,1,141,70,71,141,0,135,clue:3;collision_intent:70;state:68,407,0,completed
481,dcta_parity_v1,topk_filter,aa0724188407797eae5187348bee11ee9f51317c4e8a201863b052786aa2f1df,823213c90703fd83224ad7122ee730ba64af3769ea517af252103bddd907f681,DMCHBA,ideal,1.0,19,361,4,0.1,36,,,dmchba_topk_10,/home/agxorin/topk_filter_study/simulator/scenarios/final_trial_500.csv,clue_search,03,67,64,50,18,0,1,1,139,69,70,139,0,133,clue:3;collision_intent:69;state:67,411,0,completed
482,dcta_parity_v1,topk_filter,aa0724188407797eae5187348bee11ee9f51317c4e8a201863b052786aa2f1df,823213c90703fd83224ad7122ee730ba64af3769ea517af252103bddd907f681,DMCHBA,ideal,1.0,19,361,4,0.1,36,,,dmchba_topk_10,/home/agxorin/topk_filter_study/simulator/scenarios/final_trial_500.csv,clue_search,00,43,37,40,4,0,0,0,87,43,44,87,0,75,clue:1;collision_intent:43;state:43,256,0,completed
482,dcta_parity_v1,topk_filter,aa0724188407797eae5187348bee11ee9f51317c4e8a201863b052786aa2f1df,823213c90703fd83224ad7122ee730ba64af3769ea517af252103bddd907f681,DMCHBA,ideal,1.0,19,361,4,0.1,36,,,dmchba_topk_10,/home/agxorin/topk_filter_study/simulator/scenarios/final_trial_500.csv,clue_search,01,41,35,40,2,0,0,0,83,41,42,83,0,71,clue:1;collision_intent:41;state:41,259,0,completed
482,dcta_parity_v1,topk_filter,aa0724188407797eae5187348bee11ee9f51317c4e8a201863b052786aa2f1df,823213c90703fd83224ad7122ee730ba64af3769ea517af252103bddd907f681,DMCHBA,ideal,1.0,19,361,4,0.1,36,,,dmchba_topk_10,/home/agxorin/topk_filter_study/simulator/scenarios/final_trial_500.csv,clue_search,02,41,35,29,13,0,3,2,86,44,42,86,0,74,clue:1;collision_intent:44;state:41,257,0,completed
482,dcta_parity_v1,topk_filter,aa0724188407797eae5187348bee11ee9f51317c4e8a201863b052786aa2f1df,823213c90703fd83224ad7122ee730ba64af3769ea517af252103bddd907f681,DMCHBA,ideal,1.0,19,361,4,0.1,36,,,dmchba_topk_10,/home/agxorin/topk_filter_study/simulator/scenarios/final_trial_500.csv,clue_search,03,42,37,38,5,0,2,1,88,45,43,88,0,78,clue:1;collision_intent:44;state:42;target:1,256,0,completed
483,dcta_parity_v1,topk_filter,aa0724188407797eae5187348bee11ee9f51317c4e8a201863b052786aa2f1df,823213c90703fd83224ad7122ee730ba64af3769ea517af252103bddd907f681,DMCHBA,ideal,1.0,19,361,4,0.1,36,,,dmchba_topk_10,/home/agxorin/topk_filter_study/simulator/scenarios/final_trial_500.csv,clue_search,00,41,31,36,6,0,0,0,85,42,43,85,0,65,clue:2;collision_intent:41;state:41;target:1,242,0,completed
483,dcta_parity_v1,topk_filter,aa0724188407797eae5187348bee11ee9f51317c4e8a201863b052786aa2f1df,823213c90703fd83224ad7122ee730ba64af3769ea517af252103bddd907f681,DMCHBA,ideal,1.0,19,361,4,0.1,36,,,dmchba_topk_10,/home/agxorin/topk_filter_study/simulator/scenarios/final_trial_500.csv,clue_search,01,38,29,30,9,1,3,1,82,42,40,82,0,63,clue:2;collision_intent:42;state:38,245,0,completed
483,dcta_parity_v1,topk_filter,aa0724188407797eae5187348bee11ee9f51317c4e8a201863b052786aa2f1df,823213c90703fd83224ad7122ee730ba64af3769ea517af252103bddd907f681,DMCHBA,ideal,1.0,19,361,4,0.1,36,,,dmchba_topk_10,/home/agxorin/topk_filter_study/simulator/scenarios/final_trial_500.csv,clue_search,02,39,29,40,0,0,0,0,80,39,41,80,0,60,clue:2;collision_intent:39;state:39,246,0,completed
483,dcta_parity_v1,topk_filter,aa0724188407797eae5187348bee11ee9f51317c4e8a201863b052786aa2f1df,823213c90703fd83224ad7122ee730ba64af3769ea517af252103bddd907f681,DMCHBA,ideal,1.0,19,361,4,0.1,36,,,dmchba_topk_10,/home/agxorin/topk_filter_study/simulator/scenarios/final_trial_500.csv,clue_search,03,37,28,35,3,1,3,1,80,41,39,80,0,62,clue:2;collision_intent:41;state:37,245,0,completed
484,dcta_parity_v1,topk_filter,aa0724188407797eae5187348bee11ee9f51317c4e8a201863b052786aa2f1df,823213c90703fd83224ad7122ee730ba64af3769ea517af252103bddd907f681,DMCHBA,ideal,1.0,19,361,4,0.1,36,,,dmchba_topk_10,/home/agxorin/topk_filter_study/simulator/scenarios/final_trial_500.csv,clue_search,00,25,0,26,0,0,0,0,50,25,25,50,0,0,collision_intent:25;state:25,146,0,completed
484,dcta_parity_v1,topk_filter,aa0724188407797eae5187348bee11ee9f51317c4e8a201863b052786aa2f1df,823213c90703fd83224ad7122ee730ba64af3769ea517af252103bddd907f681,DMCHBA,ideal,1.0,19,361,4,0.1,36,,,dmchba_topk_10,/home/agxorin/topk_filter_study/simulator/scenarios/final_trial_500.csv,clue_search,01,25,0,26,0,0,0,0,51,26,25,51,0,0,collision_intent:25;state:25;target:1,147,0,completed
484,dcta_parity_v1,topk_filter,aa0724188407797eae5187348bee11ee9f51317c4e8a201863b052786aa2f1df,823213c90703fd83224ad7122ee730ba64af3769ea517af252103bddd907f681,DMCHBA,ideal,1.0,19,361,4,0.1,36,,,dmchba_topk_10,/home/agxorin/topk_filter_study/simulator/scenarios/final_trial_500.csv,clue_search,02,24,0,25,0,0,0,0,49,25,24,49,0,0,collision_intent:25;state:24,147,0,completed
484,dcta_parity_v1,topk_filter,aa0724188407797eae5187348bee11ee9f51317c4e8a201863b052786aa2f1df,823213c90703fd83224ad7122ee730ba64af3769ea517af252103bddd907f681,DMCHBA,ideal,1.0,19,361,4,0.1,36,,,dmchba_topk_10,/home/agxorin/topk_filter_study/simulator/scenarios/final_trial_500.csv,clue_search,03,24,0,25,0,0,0,0,48,24,24,48,0,0,collision_intent:24;state:24,149,0,completed
485,dcta_parity_v1,topk_filter,aa0724188407797eae5187348bee11ee9f51317c4e8a201863b052786aa2f1df,823213c90703fd83224ad7122ee730ba64af3769ea517af252103bddd907f681,DMCHBA,ideal,1.0,19,361,4,0.1,36,,,dmchba_topk_10,/home/agxorin/topk_filter_study/simulator/scenarios/final_trial_500.csv,clue_search,00,10,10,11,0,0,0,0,22,10,12,22,0,22,clue:2;collision_intent:10;state:10,62,0,completed
485,dcta_parity_v1,topk_filter,aa0724188407797eae5187348bee11ee9f51317c4e8a201863b052786aa2f1df,823213c90703fd83224ad7122ee730ba64af3769ea517af252103bddd907f681,DMCHBA,ideal,1.0,19,361,4,0.1,36,,,dmchba_topk_10,/home/agxorin/topk_filter_study/simulator/scenarios/final_trial_500.csv,clue_search,01,10,10,9,2,0,0,0,23,11,12,23,0,23,clue:2;collision_intent:10;state:10;target:1,62,0,completed
485,dcta_parity_v1,topk_filter,aa0724188407797eae5187348bee11ee9f51317c4e8a201863b052786aa2f1df,823213c90703fd83224ad7122ee730ba64af3769ea517af252103bddd907f681,DMCHBA,ideal,1.0,19,361,4,0.1,36,,,dmchba_topk_10,/home/agxorin/topk_filter_study/simulator/scenarios/final_trial_500.csv,clue_search,02,9,9,9,1,0,0,0,20,9,11,20,0,20,clue:2;collision_intent:9;state:9,64,0,completed
485,dcta_parity_v1,topk_filter,aa0724188407797eae5187348bee11ee9f51317c4e8a201863b052786aa2f1df,823213c90703fd83224ad7122ee730ba64af3769ea517af252103bddd907f681,DMCHBA,ideal,1.0,19,361,4,0.1,36,,,dmchba_topk_10,/home/agxorin/topk_filter_study/simulator/scenarios/final_trial_500.csv,clue_search,03,9,9,10,0,0,0,0,20,9,11,20,0,20,clue:2;collision_intent:9;state:9,65,0,completed
486,dcta_parity_v1,topk_filter,aa0724188407797eae5187348bee11ee9f51317c4e8a201863b052786aa2f1df,823213c90703fd83224ad7122ee730ba64af3769ea517af252103bddd907f681,DMCHBA,ideal,1.0,19,361,4,0.1,36,,,dmchba_topk_10,/home/agxorin/topk_filter_study/simulator/scenarios/final_trial_500.csv,clue_search,00,30,13,29,2,0,0,0,63,31,32,63,0,29,clue:2;collision_intent:30;state:30;target:1,191,0,completed
486,dcta_parity_v1,topk_filter,aa0724188407797eae5187348bee11ee9f51317c4e8a201863b052786aa2f1df,823213c90703fd83224ad7122ee730ba64af3769ea517af252103bddd907f681,DMCHBA,ideal,1.0,19,361,4,0.1,36,,,dmchba_topk_10,/home/agxorin/topk_filter_study/simulator/scenarios/final_trial_500.csv,clue_search,01,30,14,31,0,0,1,1,64,32,32,64,0,32,clue:2;collision_intent:32;state:30,189,0,completed
486,dcta_parity_v1,topk_filter,aa0724188407797eae5187348bee11ee9f51317c4e8a201863b052786aa2f1df,823213c90703fd83224ad7122ee730ba64af3769ea517af252103bddd907f681,DMCHBA,ideal,1.0,19,361,4,0.1,36,,,dmchba_topk_10,/home/agxorin/topk_filter_study/simulator/scenarios/final_trial_500.csv,clue_search,02,30,14,30,1,0,0,0,63,31,32,63,0,31,clue:2;collision_intent:31;state:30,189,0,completed
486,dcta_parity_v1,topk_filter,aa0724188407797eae5187348bee11ee9f51317c4e8a201863b052786aa2f1df,823213c90703fd83224ad7122ee730ba64af3769ea517af252103bddd907f681,DMCHBA,ideal,1.0,19,361,4,0.1,36,,,dmchba_topk_10,/home/agxorin/topk_filter_study/simulator/scenarios/final_trial_500.csv,clue_search,03,31,15,30,2,0,0,0,64,31,33,64,0,32,clue:2;collision_intent:31;state:31,188,0,completed
487,dcta_parity_v1,topk_filter,aa0724188407797eae5187348bee11ee9f51317c4e8a201863b052786aa2f1df,823213c90703fd83224ad7122ee730ba64af3769ea517af252103bddd907f681,DMCHBA,ideal,1.0,19,361,4,0.1,36,,,dmchba_topk_10,/home/agxorin/topk_filter_study/simulator/scenarios/final_trial_500.csv,clue_search,00,49,27,48,2,0,0,0,101,49,52,101,0,57,clue:3;collision_intent:49;state:49,299,0,completed
487,dcta_parity_v1,topk_filter,aa0724188407797eae5187348bee11ee9f51317c4e8a201863b052786aa2f1df,823213c90703fd83224ad7122ee730ba64af3769ea517af252103bddd907f681,DMCHBA,ideal,1.0,19,361,4,0.1,36,,,dmchba_topk_10,/home/agxorin/topk_filter_study/simulator/scenarios/final_trial_500.csv,clue_search,01,48,27,42,7,0,0,0,99,48,51,99,0,57,clue:3;collision_intent:48;state:48,300,0,completed
487,dcta_parity_v1,topk_filter,aa0724188407797eae5187348bee11ee9f51317c4e8a201863b052786aa2f1df,823213c90703fd83224ad7122ee730ba64af3769ea517af252103bddd907f681,DMCHBA,ideal,1.0,19,361,4,0.1,36,,,dmchba_topk_10,/home/agxorin/topk_filter_study/simulator/scenarios/final_trial_500.csv,clue_search,02,48,26,46,3,0,0,0,100,49,51,100,0,56,clue:3;collision_intent:48;state:48;target:1,301,0,completed
487,dcta_parity_v1,topk_filter,aa0724188407797eae5187348bee11ee9f51317c4e8a201863b052786aa2f1df,823213c90703fd83224ad7122ee730ba64af3769ea517af252103bddd907f681,DMCHBA,ideal,1.0,19,361,4,0.1,36,,,dmchba_topk_10,/home/agxorin/topk_filter_study/simulator/scenarios/final_trial_500.csv,clue_search,03,49,27,48,2,0,0,0,101,49,52,101,0,57,clue:3;collision_intent:49;state:49,298,0,completed
488,dcta_parity_v1,topk_filter,aa0724188407797eae5187348bee11ee9f51317c4e8a201863b052786aa2f1df,823213c90703fd83224ad7122ee730ba64af3769ea517af252103bddd907f681,DMCHBA,ideal,1.0,19,361,4,0.1,36,,,dmchba_topk_10,/home/agxorin/topk_filter_study/simulator/scenarios/final_trial_500.csv,clue_search,00,26,26,27,0,0,0,0,54,27,27,54,0,54,clue:1;collision_intent:26;state:26;target:1,161,0,completed
488,dcta_parity_v1,topk_filter,aa0724188407797eae5187348bee11ee9f51317c4e8a201863b052786aa2f1df,823213c90703fd83224ad7122ee730ba64af3769ea517af252103bddd907f681,DMCHBA,ideal,1.0,19,361,4,0.1,36,,,dmchba_topk_10,/home/agxorin/topk_filter_study/simulator/scenarios/final_trial_500.csv,clue_search,01,26,26,26,1,0,0,0,53,26,27,53,0,53,clue:1;collision_intent:26;state:26,160,0,completed
488,dcta_parity_v1,topk_filter,aa0724188407797eae5187348bee11ee9f51317c4e8a201863b052786aa2f1df,823213c90703fd83224ad7122ee730ba64af3769ea517af252103bddd907f681,DMCHBA,ideal,1.0,19,361,4,0.1,36,,,dmchba_topk_10,/home/agxorin/topk_filter_study/simulator/scenarios/final_trial_500.csv,clue_search,02,26,26,25,2,0,0,0,53,26,27,53,0,53,clue:1;collision_intent:26;state:26,160,0,completed
488,dcta_parity_v1,topk_filter,aa0724188407797eae5187348bee11ee9f51317c4e8a201863b052786aa2f1df,823213c90703fd83224ad7122ee730ba64af3769ea517af252103bddd907f681,DMCHBA,ideal,1.0,19,361,4,0.1,36,,,dmchba_topk_10,/home/agxorin/topk_filter_study/simulator/scenarios/final_trial_500.csv,clue_search,03,27,27,27,1,0,0,0,55,27,28,55,0,55,clue:1;collision_intent:27;state:27,160,0,completed
489,dcta_parity_v1,topk_filter,aa0724188407797eae5187348bee11ee9f51317c4e8a201863b052786aa2f1df,823213c90703fd83224ad7122ee730ba64af3769ea517af252103bddd907f681,DMCHBA,ideal,1.0,19,361,4,0.1,36,,,dmchba_topk_10,/home/agxorin/topk_filter_study/simulator/scenarios/final_trial_500.csv,clue_search,00,33,7,33,1,0,0,0,68,33,35,68,0,16,clue:2;collision_intent:33;state:33,200,0,completed
489,dcta_parity_v1,topk_filter,aa0724188407797eae5187348bee11ee9f51317c4e8a201863b052786aa2f1df,823213c90703fd83224ad7122ee730ba64af3769ea517af252103bddd907f681,DMCHBA,ideal,1.0,19,361,4,0.1,36,,,dmchba_topk_10,/home/agxorin/topk_filter_study/simulator/scenarios/final_trial_500.csv,clue_search,01,32,7,31,2,0,0,0,66,32,34,66,0,16,clue:2;collision_intent:32;state:32,204,0,completed
489,dcta_parity_v1,topk_filter,aa0724188407797eae5187348bee11ee9f51317c4e8a201863b052786aa2f1df,823213c90703fd83224ad7122ee730ba64af3769ea517af252103bddd907f681,DMCHBA,ideal,1.0,19,361,4,0.1,36,,,dmchba_topk_10,/home/agxorin/topk_filter_study/simulator/scenarios/final_trial_500.csv,clue_search,02,33,7,33,1,0,0,0,69,34,35,69,0,17,clue:2;collision_intent:33;state:33;target:1,201,0,completed
489,dcta_parity_v1,topk_filter,aa0724188407797eae5187348bee11ee9f51317c4e8a201863b052786aa2f1df,823213c90703fd83224ad7122ee730ba64af3769ea517af252103bddd907f681,DMCHBA,ideal,1.0,19,361,4,0.1,36,,,dmchba_topk_10,/home/agxorin/topk_filter_study/simulator/scenarios/final_trial_500.csv,clue_search,03,32,6,31,2,0,1,1,67,33,34,67,0,15,clue:2;collision_intent:33;state:32,203,0,completed
490,dcta_parity_v1,topk_filter,aa0724188407797eae5187348bee11ee9f51317c4e8a201863b052786aa2f1df,823213c90703fd83224ad7122ee730ba64af3769ea517af252103bddd907f681,DMCHBA,ideal,1.0,19,361,4,0.1,36,,,dmchba_topk_10,/home/agxorin/topk_filter_study/simulator/scenarios/final_trial_500.csv,clue_search,00,53,0,54,0,0,0,0,107,54,53,107,0,0,collision_intent:53;state:53;target:1,312,0,completed
490,dcta_parity_v1,topk_filter,aa0724188407797eae5187348bee11ee9f51317c4e8a201863b052786aa2f1df,823213c90703fd83224ad7122ee730ba64af3769ea517af252103bddd907f681,DMCHBA,ideal,1.0,19,361,4,0.1,36,,,dmchba_topk_10,/home/agxorin/topk_filter_study/simulator/scenarios/final_trial_500.csv,clue_search,01,52,0,53,0,0,0,0,104,52,52,104,0,0,collision_intent:52;state:52,314,0,completed
490,dcta_parity_v1,topk_filter,aa0724188407797eae5187348bee11ee9f51317c4e8a201863b052786aa2f1df,823213c90703fd83224ad7122ee730ba64af3769ea517af252103bddd907f681,DMCHBA,ideal,1.0,19,361,4,0.1,36,,,dmchba_topk_10,/home/agxorin/topk_filter_study/simulator/scenarios/final_trial_500.csv,clue_search,02,52,0,53,0,0,0,0,104,52,52,104,0,0,collision_intent:52;state:52,314,0,completed
490,dcta_parity_v1,topk_filter,aa0724188407797eae5187348bee11ee9f51317c4e8a201863b052786aa2f1df,823213c90703fd83224ad7122ee730ba64af3769ea517af252103bddd907f681,DMCHBA,ideal,1.0,19,361,4,0.1,36,,,dmchba_topk_10,/home/agxorin/topk_filter_study/simulator/scenarios/final_trial_500.csv,clue_search,03,52,0,53,0,0,0,0,104,52,52,104,0,0,collision_intent:52;state:52,314,0,completed
491,dcta_parity_v1,topk_filter,aa0724188407797eae5187348bee11ee9f51317c4e8a201863b052786aa2f1df,823213c90703fd83224ad7122ee730ba64af3769ea517af252103bddd907f681,DMCHBA,ideal,1.0,19,361,4,0.1,36,,,dmchba_topk_10,/home/agxorin/topk_filter_study/simulator/scenarios/final_trial_500.csv,clue_search,00,27,0,28,0,0,0,0,54,27,27,54,0,0,collision_intent:27;state:27,162,0,completed
491,dcta_parity_v1,topk_filter,aa0724188407797eae5187348bee11ee9f51317c4e8a201863b052786aa2f1df,823213c90703fd83224ad7122ee730ba64af3769ea517af252103bddd907f681,DMCHBA,ideal,1.0,19,361,4,0.1,36,,,dmchba_topk_10,/home/agxorin/topk_filter_study/simulator/scenarios/final_trial_500.csv,clue_search,01,27,0,28,0,0,0,0,55,28,27,55,0,0,collision_intent:27;state:27;target:1,162,0,completed
491,dcta_parity_v1,topk_filter,aa0724188407797eae5187348bee11ee9f51317c4e8a201863b052786aa2f1df,823213c90703fd83224ad7122ee730ba64af3769ea517af252103bddd907f681,DMCHBA,ideal,1.0,19,361,4,0.1,36,,,dmchba_topk_10,/home/agxorin/topk_filter_study/simulator/scenarios/final_trial_500.csv,clue_search,02,27,0,28,0,0,0,0,54,27,27,54,0,0,collision_intent:27;state:27,161,0,completed
491,dcta_parity_v1,topk_filter,aa0724188407797eae5187348bee11ee9f51317c4e8a201863b052786aa2f1df,823213c90703fd83224ad7122ee730ba64af3769ea517af252103bddd907f681,DMCHBA,ideal,1.0,19,361,4,0.1,36,,,dmchba_topk_10,/home/agxorin/topk_filter_study/simulator/scenarios/final_trial_500.csv,clue_search,03,27,0,28,0,0,0,0,54,27,27,54,0,0,collision_intent:27;state:27,161,0,completed
492,dcta_parity_v1,topk_filter,aa0724188407797eae5187348bee11ee9f51317c4e8a201863b052786aa2f1df,823213c90703fd83224ad7122ee730ba64af3769ea517af252103bddd907f681,DMCHBA,ideal,1.0,19,361,4,0.1,36,,,dmchba_topk_10,/home/agxorin/topk_filter_study/simulator/scenarios/final_trial_500.csv,clue_search,00,3,0,4,0,0,0,0,6,3,3,6,0,0,collision_intent:3;state:3,19,0,completed
492,dcta_parity_v1,topk_filter,aa0724188407797eae5187348bee11ee9f51317c4e8a201863b052786aa2f1df,823213c90703fd83224ad7122ee730ba64af3769ea517af252103bddd907f681,DMCHBA,ideal,1.0,19,361,4,0.1,36,,,dmchba_topk_10,/home/agxorin/topk_filter_study/simulator/scenarios/final_trial_500.csv,clue_search,01,3,0,4,0,0,0,0,7,4,3,7,0,0,collision_intent:3;state:3;target:1,18,0,completed
492,dcta_parity_v1,topk_filter,aa0724188407797eae5187348bee11ee9f51317c4e8a201863b052786aa2f1df,823213c90703fd83224ad7122ee730ba64af3769ea517af252103bddd907f681,DMCHBA,ideal,1.0,19,361,4,0.1,36,,,dmchba_topk_10,/home/agxorin/topk_filter_study/simulator/scenarios/final_trial_500.csv,clue_search,02,3,0,4,0,0,0,0,6,3,3,6,0,0,collision_intent:3;state:3,17,0,completed
492,dcta_parity_v1,topk_filter,aa0724188407797eae5187348bee11ee9f51317c4e8a201863b052786aa2f1df,823213c90703fd83224ad7122ee730ba64af3769ea517af252103bddd907f681,DMCHBA,ideal,1.0,19,361,4,0.1,36,,,dmchba_topk_10,/home/agxorin/topk_filter_study/simulator/scenarios/final_trial_500.csv,clue_search,03,3,0,4,0,0,0,0,6,3,3,6,0,0,collision_intent:3;state:3,18,0,completed
493,dcta_parity_v1,topk_filter,aa0724188407797eae5187348bee11ee9f51317c4e8a201863b052786aa2f1df,823213c90703fd83224ad7122ee730ba64af3769ea517af252103bddd907f681,DMCHBA,ideal,1.0,19,361,4,0.1,36,,,dmchba_topk_10,/home/agxorin/topk_filter_study/simulator/scenarios/final_trial_500.csv,clue_search,00,85,84,72,14,0,0,0,175,86,89,175,0,173,clue:4;collision_intent:85;state:85;target:1,521,0,completed
493,dcta_parity_v1,topk_filter,aa0724188407797eae5187348bee11ee9f51317c4e8a201863b052786aa2f1df,823213c90703fd83224ad7122ee730ba64af3769ea517af252103bddd907f681,DMCHBA,ideal,1.0,19,361,4,0.1,36,,,dmchba_topk_10,/home/agxorin/topk_filter_study/simulator/scenarios/final_trial_500.csv,clue_search,01,84,83,82,3,0,0,0,172,84,88,172,0,170,clue:4;collision_intent:84;state:84,522,0,completed
493,dcta_parity_v1,topk_filter,aa0724188407797eae5187348bee11ee9f51317c4e8a201863b052786aa2f1df,823213c90703fd83224ad7122ee730ba64af3769ea517af252103bddd907f681,DMCHBA,ideal,1.0,19,361,4,0.1,36,,,dmchba_topk_10,/home/agxorin/topk_filter_study/simulator/scenarios/final_trial_500.csv,clue_search,02,85,84,72,14,0,1,1,175,86,89,175,0,173,clue:4;collision_intent:86;state:85,520,0,completed
493,dcta_parity_v1,topk_filter,aa0724188407797eae5187348bee11ee9f51317c4e8a201863b052786aa2f1df,823213c90703fd83224ad7122ee730ba64af3769ea517af252103bddd907f681,DMCHBA,ideal,1.0,19,361,4,0.1,36,,,dmchba_topk_10,/home/agxorin/topk_filter_study/simulator/scenarios/final_trial_500.csv,clue_search,03,84,84,78,7,0,2,2,174,86,88,174,0,173,clue:4;collision_intent:86;state:84,521,0,completed
494,dcta_parity_v1,topk_filter,aa0724188407797eae5187348bee11ee9f51317c4e8a201863b052786aa2f1df,823213c90703fd83224ad7122ee730ba64af3769ea517af252103bddd907f681,DMCHBA,ideal,1.0,19,361,4,0.1,36,,,dmchba_topk_10,/home/agxorin/topk_filter_study/simulator/scenarios/final_trial_500.csv,clue_search,00,0,0,1,0,0,0,0,1,1,0,1,0,0,collision_intent:1,4,0,completed
494,dcta_parity_v1,topk_filter,aa0724188407797eae5187348bee11ee9f51317c4e8a201863b052786aa2f1df,823213c90703fd83224ad7122ee730ba64af3769ea517af252103bddd907f681,DMCHBA,ideal,1.0,19,361,4,0.1,36,,,dmchba_topk_10,/home/agxorin/topk_filter_study/simulator/scenarios/final_trial_500.csv,clue_search,01,0,0,1,0,0,0,0,0,0,0,0,0,0,,3,0,completed
494,dcta_parity_v1,topk_filter,aa0724188407797eae5187348bee11ee9f51317c4e8a201863b052786aa2f1df,823213c90703fd83224ad7122ee730ba64af3769ea517af252103bddd907f681,DMCHBA,ideal,1.0,19,361,4,0.1,36,,,dmchba_topk_10,/home/agxorin/topk_filter_study/simulator/scenarios/final_trial_500.csv,clue_search,02,1,0,2,0,0,0,0,3,2,1,3,0,0,collision_intent:1;state:1;target:1,2,0,completed
494,dcta_parity_v1,topk_filter,aa0724188407797eae5187348bee11ee9f51317c4e8a201863b052786aa2f1df,823213c90703fd83224ad7122ee730ba64af3769ea517af252103bddd907f681,DMCHBA,ideal,1.0,19,361,4,0.1,36,,,dmchba_topk_10,/home/agxorin/topk_filter_study/simulator/scenarios/final_trial_500.csv,clue_search,03,0,0,1,0,0,0,0,1,1,0,1,0,0,collision_intent:1,4,0,completed
495,dcta_parity_v1,topk_filter,aa0724188407797eae5187348bee11ee9f51317c4e8a201863b052786aa2f1df,823213c90703fd83224ad7122ee730ba64af3769ea517af252103bddd907f681,DMCHBA,ideal,1.0,19,361,4,0.1,36,,,dmchba_topk_10,/home/agxorin/topk_filter_study/simulator/scenarios/final_trial_500.csv,clue_search,00,34,27,35,0,0,0,0,71,34,37,71,0,57,clue:3;collision_intent:34;state:34,222,0,completed
495,dcta_parity_v1,topk_filter,aa0724188407797eae5187348bee11ee9f51317c4e8a201863b052786aa2f1df,823213c90703fd83224ad7122ee730ba64af3769ea517af252103bddd907f681,DMCHBA,ideal,1.0,19,361,4,0.1,36,,,dmchba_topk_10,/home/agxorin/topk_filter_study/simulator/scenarios/final_trial_500.csv,clue_search,01,35,29,29,7,0,0,0,73,35,38,73,0,61,clue:3;collision_intent:35;state:35,221,0,completed
495,dcta_parity_v1,topk_filter,aa0724188407797eae5187348bee11ee9f51317c4e8a201863b052786aa2f1df,823213c90703fd83224ad7122ee730ba64af3769ea517af252103bddd907f681,DMCHBA,ideal,1.0,19,361,4,0.1,36,,,dmchba_topk_10,/home/agxorin/topk_filter_study/simulator/scenarios/final_trial_500.csv,clue_search,02,36,30,31,6,0,0,0,75,36,39,75,0,63,clue:3;collision_intent:36;state:36,219,0,completed
495,dcta_parity_v1,topk_filter,aa0724188407797eae5187348bee11ee9f51317c4e8a201863b052786aa2f1df,823213c90703fd83224ad7122ee730ba64af3769ea517af252103bddd907f681,DMCHBA,ideal,1.0,19,361,4,0.1,36,,,dmchba_topk_10,/home/agxorin/topk_filter_study/simulator/scenarios/final_trial_500.csv,clue_search,03,36,30,30,7,0,0,0,76,37,39,76,0,64,clue:3;collision_intent:36;state:36;target:1,219,0,completed
496,dcta_parity_v1,topk_filter,aa0724188407797eae5187348bee11ee9f51317c4e8a201863b052786aa2f1df,823213c90703fd83224ad7122ee730ba64af3769ea517af252103bddd907f681,DMCHBA,ideal,1.0,19,361,4,0.1,36,,,dmchba_topk_10,/home/agxorin/topk_filter_study/simulator/scenarios/final_trial_500.csv,clue_search,00,49,44,40,10,0,0,0,101,50,51,101,0,91,clue:2;collision_intent:49;state:49;target:1,289,0,completed
496,dcta_parity_v1,topk_filter,aa0724188407797eae5187348bee11ee9f51317c4e8a201863b052786aa2f1df,823213c90703fd83224ad7122ee730ba64af3769ea517af252103bddd907f681,DMCHBA,ideal,1.0,19,361,4,0.1,36,,,dmchba_topk_10,/home/agxorin/topk_filter_study/simulator/scenarios/final_trial_500.csv,clue_search,01,47,42,38,10,0,1,1,97,48,49,97,0,87,clue:2;collision_intent:48;state:47,293,0,completed
496,dcta_parity_v1,topk_filter,aa0724188407797eae5187348bee11ee9f51317c4e8a201863b052786aa2f1df,823213c90703fd83224ad7122ee730ba64af3769ea517af252103bddd907f681,DMCHBA,ideal,1.0,19,361,4,0.1,36,,,dmchba_topk_10,/home/agxorin/topk_filter_study/simulator/scenarios/final_trial_500.csv,clue_search,02,47,42,47,1,0,0,0,96,47,49,96,0,86,clue:2;collision_intent:47;state:47,292,0,completed
496,dcta_parity_v1,topk_filter,aa0724188407797eae5187348bee11ee9f51317c4e8a201863b052786aa2f1df,823213c90703fd83224ad7122ee730ba64af3769ea517af252103bddd907f681,DMCHBA,ideal,1.0,19,361,4,0.1,36,,,dmchba_topk_10,/home/agxorin/topk_filter_study/simulator/scenarios/final_trial_500.csv,clue_search,03,47,42,34,14,0,0,0,96,47,49,96,0,86,clue:2;collision_intent:47;state:47,292,0,completed
497,dcta_parity_v1,topk_filter,aa0724188407797eae5187348bee11ee9f51317c4e8a201863b052786aa2f1df,823213c90703fd83224ad7122ee730ba64af3769ea517af252103bddd907f681,DMCHBA,ideal,1.0,19,361,4,0.1,36,,,dmchba_topk_10,/home/agxorin/topk_filter_study/simulator/scenarios/final_trial_500.csv,clue_search,00,36,0,37,0,0,0,0,72,36,36,72,0,0,collision_intent:36;state:36,217,0,completed
497,dcta_parity_v1,topk_filter,aa0724188407797eae5187348bee11ee9f51317c4e8a201863b052786aa2f1df,823213c90703fd83224ad7122ee730ba64af3769ea517af252103bddd907f681,DMCHBA,ideal,1.0,19,361,4,0.1,36,,,dmchba_topk_10,/home/agxorin/topk_filter_study/simulator/scenarios/final_trial_500.csv,clue_search,01,36,0,37,0,0,0,0,72,36,36,72,0,0,collision_intent:36;state:36,217,0,completed
497,dcta_parity_v1,topk_filter,aa0724188407797eae5187348bee11ee9f51317c4e8a201863b052786aa2f1df,823213c90703fd83224ad7122ee730ba64af3769ea517af252103bddd907f681,DMCHBA,ideal,1.0,19,361,4,0.1,36,,,dmchba_topk_10,/home/agxorin/topk_filter_study/simulator/scenarios/final_trial_500.csv,clue_search,02,37,0,38,0,0,0,0,75,38,37,75,0,0,collision_intent:37;state:37;target:1,216,0,completed
497,dcta_parity_v1,topk_filter,aa0724188407797eae5187348bee11ee9f51317c4e8a201863b052786aa2f1df,823213c90703fd83224ad7122ee730ba64af3769ea517af252103bddd907f681,DMCHBA,ideal,1.0,19,361,4,0.1,36,,,dmchba_topk_10,/home/agxorin/topk_filter_study/simulator/scenarios/final_trial_500.csv,clue_search,03,36,0,37,0,0,0,0,72,36,36,72,0,0,collision_intent:36;state:36,218,0,completed
498,dcta_parity_v1,topk_filter,aa0724188407797eae5187348bee11ee9f51317c4e8a201863b052786aa2f1df,823213c90703fd83224ad7122ee730ba64af3769ea517af252103bddd907f681,DMCHBA,ideal,1.0,19,361,4,0.1,36,,,dmchba_topk_10,/home/agxorin/topk_filter_study/simulator/scenarios/final_trial_500.csv,clue_search,00,52,3,53,0,0,0,0,106,53,53,106,0,8,clue:1;collision_intent:52;state:52;target:1,315,0,completed
498,dcta_parity_v1,topk_filter,aa0724188407797eae5187348bee11ee9f51317c4e8a201863b052786aa2f1df,823213c90703fd83224ad7122ee730ba64af3769ea517af252103bddd907f681,DMCHBA,ideal,1.0,19,361,4,0.1,36,,,dmchba_topk_10,/home/agxorin/topk_filter_study/simulator/scenarios/final_trial_500.csv,clue_search,01,51,3,50,2,0,0,0,103,51,52,103,0,7,clue:1;collision_intent:51;state:51,316,0,completed
498,dcta_parity_v1,topk_filter,aa0724188407797eae5187348bee11ee9f51317c4e8a201863b052786aa2f1df,823213c90703fd83224ad7122ee730ba64af3769ea517af252103bddd907f681,DMCHBA,ideal,1.0,19,361,4,0.1,36,,,dmchba_topk_10,/home/agxorin/topk_filter_study/simulator/scenarios/final_trial_500.csv,clue_search,02,53,4,52,2,0,0,0,107,53,54,107,0,9,clue:1;collision_intent:53;state:53,314,0,completed
498,dcta_parity_v1,topk_filter,aa0724188407797eae5187348bee11ee9f51317c4e8a201863b052786aa2f1df,823213c90703fd83224ad7122ee730ba64af3769ea517af252103bddd907f681,DMCHBA,ideal,1.0,19,361,4,0.1,36,,,dmchba_topk_10,/home/agxorin/topk_filter_study/simulator/scenarios/final_trial_500.csv,clue_search,03,52,4,52,1,0,0,0,105,52,53,105,0,8,clue:1;collision_intent:52;state:52,316,0,completed
499,dcta_parity_v1,topk_filter,aa0724188407797eae5187348bee11ee9f51317c4e8a201863b052786aa2f1df,823213c90703fd83224ad7122ee730ba64af3769ea517af252103bddd907f681,DMCHBA,ideal,1.0,19,361,4,0.1,36,,,dmchba_topk_10,/home/agxorin/topk_filter_study/simulator/scenarios/final_trial_500.csv,clue_search,00,66,39,60,7,0,0,0,135,66,69,135,0,81,clue:3;collision_intent:66;state:66,403,0,completed
499,dcta_parity_v1,topk_filter,aa0724188407797eae5187348bee11ee9f51317c4e8a201863b052786aa2f1df,823213c90703fd83224ad7122ee730ba64af3769ea517af252103bddd907f681,DMCHBA,ideal,1.0,19,361,4,0.1,36,,,dmchba_topk_10,/home/agxorin/topk_filter_study/simulator/scenarios/final_trial_500.csv,clue_search,01,65,38,63,3,0,0,0,133,65,68,133,0,79,clue:3;collision_intent:65;state:65,406,0,completed
499,dcta_parity_v1,topk_filter,aa0724188407797eae5187348bee11ee9f51317c4e8a201863b052786aa2f1df,823213c90703fd83224ad7122ee730ba64af3769ea517af252103bddd907f681,DMCHBA,ideal,1.0,19,361,4,0.1,36,,,dmchba_topk_10,/home/agxorin/topk_filter_study/simulator/scenarios/final_trial_500.csv,clue_search,02,66,38,56,11,0,0,0,135,66,69,135,0,79,clue:3;collision_intent:66;state:66,404,0,completed
499,dcta_parity_v1,topk_filter,aa0724188407797eae5187348bee11ee9f51317c4e8a201863b052786aa2f1df,823213c90703fd83224ad7122ee730ba64af3769ea517af252103bddd907f681,DMCHBA,ideal,1.0,19,361,4,0.1,36,,,dmchba_topk_10,/home/agxorin/topk_filter_study/simulator/scenarios/final_trial_500.csv,clue_search,03,66,39,57,10,0,0,0,136,67,69,136,0,82,clue:3;collision_intent:66;state:66;target:1,403,0,completed
