trial_id,logic_revision,study_profile,scenario_file_sha256,scenario_selection_sha256,algorithm,comm_model,comm_level,trial_mode,grid_size,grid_cells,robot_count,top_k_rate,top_k_max_cells,max_candidate_cells,condition_id,scenario_file,host_trial_runtime_ms,robot_id,allocator_calls,allocator_calls_pre_clue,allocator_calls_post_clue,allocator_time_ms_total,allocator_time_ms_mean,allocator_time_ms_median,allocator_time_ms_p95,allocator_time_ms_max,allocator_time_pct,candidate_filter_calls,candidate_filter_time_ms_total,candidate_filter_time_ms_mean,candidate_filter_time_ms_max,allocator_time_ms_pre_clue_total,allocator_time_ms_post_clue_total,allocator_host_runtime_pct,trial_status
0,dcta_parity_v1,custom,5789862b56c579a63f65129a7c7ce0c99a25e7c55fba998a5a9699fc4a7df60b,03f32103aba060045f2661de3c031f6fbcbc73f46000a9666f166ad349c5805d,ACBBA,gilbert_elliot,pGG_0.95_pBB_0.85,clue_search,19,361,4,0.1,36,36,comm_g19_r4_ge_drop025_acbba_topk010,C:\Users\lottj\Desktop\research\decentralized benchmark\topk_filter_study\results\sensitivity_suite\scenarios\clue_g19_n50.csv,380.8777,00,21,9,12,47.1902,2.247152380952381,2.9242,4.257,4.3675,12.389856376469401,12,23.549,1.9624166666666667,2.3015,0.21459999999999999,46.9756,12.389856376469401,completed
0,dcta_parity_v1,custom,5789862b56c579a63f65129a7c7ce0c99a25e7c55fba998a5a9699fc4a7df60b,03f32103aba060045f2661de3c031f6fbcbc73f46000a9666f166ad349c5805d,ACBBA,gilbert_elliot,pGG_0.95_pBB_0.85,clue_search,19,361,4,0.1,36,36,comm_g19_r4_ge_drop025_acbba_topk010,C:\Users\lottj\Desktop\research\decentralized benchmark\topk_filter_study\results\sensitivity_suite\scenarios\clue_g19_n50.csv,380.8777,01,20,9,11,42.397600000000004,2.11988,2.9279,4.1896,4.2034,11.131552201664734,11,21.5413,1.9583,2.3275,0.2382,42.1594,11.131552201664734,completed
0,dcta_parity_v1,custom,5789862b56c579a63f65129a7c7ce0c99a25e7c55fba998a5a9699fc4a7df60b,03f32103aba060045f2661de3c031f6fbcbc73f46000a9666f166ad349c5805d,ACBBA,gilbert_elliot,pGG_0.95_pBB_0.85,clue_search,19,361,4,0.1,36,36,comm_g19_r4_ge_drop025_acbba_topk010,C:\Users\lottj\Desktop\research\decentralized benchmark\topk_filter_study\results\sensitivity_suite\scenarios\clue_g19_n50.csv,380.8777,02,26,10,16,63.4809,2.441573076923077,3.59225,4.3065,4.3176,16.66700360771975,16,32.6293,2.03933125,2.4301,0.3414,63.1395,16.66700360771975,completed
0,dcta_parity_v1,custom,5789862b56c579a63f65129a7c7ce0c99a25e7c55fba998a5a9699fc4a7df60b,03f32103aba060045f2661de3c031f6fbcbc73f46000a9666f166ad349c5805d,ACBBA,gilbert_elliot,pGG_0.95_pBB_0.85,clue_search,19,361,4,0.1,36,36,comm_g19_r4_ge_drop025_acbba_topk010,C:\Users\lottj\Desktop\research\decentralized benchmark\topk_filter_study\results\sensitivity_suite\scenarios\clue_g19_n50.csv,380.8777,03,22,7,15,61.5023,2.795559090909091,4.2090499999999995,4.344,4.4474,16.147519269308756,15,31.6562,2.1104133333333333,2.5168,0.1842,61.3181,16.147519269308756,completed
1,dcta_parity_v1,custom,5789862b56c579a63f65129a7c7ce0c99a25e7c55fba998a5a9699fc4a7df60b,03f32103aba060045f2661de3c031f6fbcbc73f46000a9666f166ad349c5805d,ACBBA,gilbert_elliot,pGG_0.95_pBB_0.85,clue_search,19,361,4,0.1,36,36,comm_g19_r4_ge_drop025_acbba_topk010,C:\Users\lottj\Desktop\research\decentralized benchmark\topk_filter_study\results\sensitivity_suite\scenarios\clue_g19_n50.csv,246.7836,00,34,25,9,25.0202,0.7358882352941176,0.01515,2.683,4.2519,10.138518118708049,9,11.4498,1.2722,1.8892,0.399,24.6212,10.138518118708049,completed
1,dcta_parity_v1,custom,5789862b56c579a63f65129a7c7ce0c99a25e7c55fba998a5a9699fc4a7df60b,03f32103aba060045f2661de3c031f6fbcbc73f46000a9666f166ad349c5805d,ACBBA,gilbert_elliot,pGG_0.95_pBB_0.85,clue_search,19,361,4,0.1,36,36,comm_g19_r4_ge_drop025_acbba_topk010,C:\Users\lottj\Desktop\research\decentralized benchmark\topk_filter_study\results\sensitivity_suite\scenarios\clue_g19_n50.csv,246.7836,01,39,25,14,42.1972,1.0819794871794872,0.0181,4.0196,4.2423,17.098867185663877,14,20.0474,1.431957142857143,1.9146,0.45840000000000003,41.7388,17.098867185663877,completed
1,dcta_parity_v1,custom,5789862b56c579a63f65129a7c7ce0c99a25e7c55fba998a5a9699fc4a7df60b,03f32103aba060045f2661de3c031f6fbcbc73f46000a9666f166ad349c5805d,ACBBA,gilbert_elliot,pGG_0.95_pBB_0.85,clue_search,19,361,4,0.1,36,36,comm_g19_r4_ge_drop025_acbba_topk010,C:\Users\lottj\Desktop\research\decentralized benchmark\topk_filter_study\results\sensitivity_suite\scenarios\clue_g19_n50.csv,246.7836,02,36,25,11,30.4945,0.8470694444444444,0.01765,2.8618,3.8296,12.356777354735078,11,14.1403,1.2854818181818182,1.69,0.4459,30.0486,12.356777354735078,completed
1,dcta_parity_v1,custom,5789862b56c579a63f65129a7c7ce0c99a25e7c55fba998a5a9699fc4a7df60b,03f32103aba060045f2661de3c031f6fbcbc73f46000a9666f166ad349c5805d,ACBBA,gilbert_elliot,pGG_0.95_pBB_0.85,clue_search,19,361,4,0.1,36,36,comm_g19_r4_ge_drop025_acbba_topk010,C:\Users\lottj\Desktop\research\decentralized benchmark\topk_filter_study\results\sensitivity_suite\scenarios\clue_g19_n50.csv,246.7836,03,30,23,7,21.2619,0.70873,0.0159,3.7865,3.8067,8.615604926745537,7,9.6774,1.3824857142857143,1.6977,0.3997,20.8622,8.615604926745537,completed
2,dcta_parity_v1,custom,5789862b56c579a63f65129a7c7ce0c99a25e7c55fba998a5a9699fc4a7df60b,03f32103aba060045f2661de3c031f6fbcbc73f46000a9666f166ad349c5805d,ACBBA,gilbert_elliot,pGG_0.95_pBB_0.85,clue_search,19,361,4,0.1,36,36,comm_g19_r4_ge_drop025_acbba_topk010,C:\Users\lottj\Desktop\research\decentralized benchmark\topk_filter_study\results\sensitivity_suite\scenarios\clue_g19_n50.csv,7.3717,00,3,3,0,0.1144,0.03813333333333333,0.0426,0.0514,0.0514,1.5518808415969179,0,0.0,0.0,0.0,0.1144,0.0,1.5518808415969179,completed
2,dcta_parity_v1,custom,5789862b56c579a63f65129a7c7ce0c99a25e7c55fba998a5a9699fc4a7df60b,03f32103aba060045f2661de3c031f6fbcbc73f46000a9666f166ad349c5805d,ACBBA,gilbert_elliot,pGG_0.95_pBB_0.85,clue_search,19,361,4,0.1,36,36,comm_g19_r4_ge_drop025_acbba_topk010,C:\Users\lottj\Desktop\research\decentralized benchmark\topk_filter_study\results\sensitivity_suite\scenarios\clue_g19_n50.csv,7.3717,01,3,3,0,0.1116,0.037200000000000004,0.029,0.0541,0.0541,1.5138977440753152,0,0.0,0.0,0.0,0.1116,0.0,1.5138977440753152,completed
2,dcta_parity_v1,custom,5789862b56c579a63f65129a7c7ce0c99a25e7c55fba998a5a9699fc4a7df60b,03f32103aba060045f2661de3c031f6fbcbc73f46000a9666f166ad349c5805d,ACBBA,gilbert_elliot,pGG_0.95_pBB_0.85,clue_search,19,361,4,0.1,36,36,comm_g19_r4_ge_drop025_acbba_topk010,C:\Users\lottj\Desktop\research\decentralized benchmark\topk_filter_study\results\sensitivity_suite\scenarios\clue_g19_n50.csv,7.3717,02,3,3,0,0.17020000000000002,0.05673333333333334,0.0425,0.1024,0.1024,2.308829713634576,0,0.0,0.0,0.0,0.17020000000000002,0.0,2.308829713634576,completed
2,dcta_parity_v1,custom,5789862b56c579a63f65129a7c7ce0c99a25e7c55fba998a5a9699fc4a7df60b,03f32103aba060045f2661de3c031f6fbcbc73f46000a9666f166ad349c5805d,ACBBA,gilbert_elliot,pGG_0.95_pBB_0.85,clue_search,19,361,4,0.1,36,36,comm_g19_r4_ge_drop025_acbba_topk010,C:\Users\lottj\Desktop\research\decentralized benchmark\topk_filter_study\results\sensitivity_suite\scenarios\clue_g19_n50.csv,7.3717,03,1,1,0,0.0587,0.0587,0.0587,0.0587,0.0587,0.7962885087564605,0,0.0,0.0,0.0,0.0587,0.0,0.7962885087564605,completed
3,dcta_parity_v1,custom,5789862b56c579a63f65129a7c7ce0c99a25e7c55fba998a5a9699fc4a7df60b,03f32103aba060045f2661de3c031f6fbcbc73f46000a9666f166ad349c5805d,ACBBA,gilbert_elliot,pGG_0.95_pBB_0.85,clue_search,19,361,4,0.1,36,36,comm_g19_r4_ge_drop025_acbba_topk010,C:\Users\lottj\Desktop\research\decentralized benchmark\topk_filter_study\results\sensitivity_suite\scenarios\clue_g19_n50.csv,179.9727,00,24,19,5,18.6313,0.7763041666666667,0.018549999999999997,3.9741,4.2818,10.352292319890738,5,8.4847,1.6969400000000001,1.9932,0.3617,18.2696,10.352292319890738,completed
3,dcta_parity_v1,custom,5789862b56c579a63f65129a7c7ce0c99a25e7c55fba998a5a9699fc4a7df60b,03f32103aba060045f2661de3c031f6fbcbc73f46000a9666f166ad349c5805d,ACBBA,gilbert_elliot,pGG_0.95_pBB_0.85,clue_search,19,361,4,0.1,36,36,comm_g19_r4_ge_drop025_acbba_topk010,C:\Users\lottj\Desktop\research\decentralized benchmark\topk_filter_study\results\sensitivity_suite\scenarios\clue_g19_n50.csv,179.9727,01,25,19,6,21.1842,0.847368,0.0247,3.9129,4.206,11.770785235760757,6,9.8473,1.6412166666666668,2.0172,0.49369999999999997,20.6905,11.770785235760757,completed
3,dcta_parity_v1,custom,5789862b56c579a63f65129a7c7ce0c99a25e7c55fba998a5a9699fc4a7df60b,03f32103aba060045f2661de3c031f6fbcbc73f46000a9666f166ad349c5805d,ACBBA,gilbert_elliot,pGG_0.95_pBB_0.85,clue_search,19,361,4,0.1,36,36,comm_g19_r4_ge_drop025_acbba_topk010,C:\Users\lottj\Desktop\research\decentralized benchmark\topk_filter_study\results\sensitivity_suite\scenarios\clue_g19_n50.csv,179.9727,02,24,19,5,19.5294,0.8137249999999999,0.02215,4.0769,4.3079,10.851312449054772,5,9.244,1.8488,2.072,0.495,19.034399999999998,10.851312449054772,completed
3,dcta_parity_v1,custom,5789862b56c579a63f65129a7c7ce0c99a25e7c55fba998a5a9699fc4a7df60b,03f32103aba060045f2661de3c031f6fbcbc73f46000a9666f166ad349c5805d,ACBBA,gilbert_elliot,pGG_0.95_pBB_0.85,clue_search,19,361,4,0.1,36,36,comm_g19_r4_ge_drop025_acbba_topk010,C:\Users\lottj\Desktop\research\decentralized benchmark\topk_filter_study\results\sensitivity_suite\scenarios\clue_g19_n50.csv,179.9727,03,22,16,6,22.8661,1.0393681818181817,0.0206,3.9465,4.2104,12.705315861794595,6,10.6414,1.7735666666666667,2.0177,0.3389,22.5272,12.705315861794595,completed
4,dcta_parity_v1,custom,5789862b56c579a63f65129a7c7ce0c99a25e7c55fba998a5a9699fc4a7df60b,03f32103aba060045f2661de3c031f6fbcbc73f46000a9666f166ad349c5805d,ACBBA,gilbert_elliot,pGG_0.95_pBB_0.85,clue_search,19,361,4,0.1,36,36,comm_g19_r4_ge_drop025_acbba_topk010,C:\Users\lottj\Desktop\research\decentralized benchmark\topk_filter_study\results\sensitivity_suite\scenarios\clue_g19_n50.csv,238.209,00,18,10,8,26.450400000000002,1.4694666666666667,0.05185,3.9784,3.9784,11.103862574461921,8,12.3804,1.54755,1.9762,0.2671,26.1833,11.103862574461921,completed
4,dcta_parity_v1,custom,5789862b56c579a63f65129a7c7ce0c99a25e7c55fba998a5a9699fc4a7df60b,03f32103aba060045f2661de3c031f6fbcbc73f46000a9666f166ad349c5805d,ACBBA,gilbert_elliot,pGG_0.95_pBB_0.85,clue_search,19,361,4,0.1,36,36,comm_g19_r4_ge_drop025_acbba_topk010,C:\Users\lottj\Desktop\research\decentralized benchmark\topk_filter_study\results\sensitivity_suite\scenarios\clue_g19_n50.csv,238.209,01,16,10,6,22.6906,1.4181625,0.030199999999999998,4.3118,4.3118,9.52550071575801,6,11.355,1.8925,2.2516,0.2727,22.4179,9.52550071575801,completed
4,dcta_parity_v1,custom,5789862b56c579a63f65129a7c7ce0c99a25e7c55fba998a5a9699fc4a7df60b,03f32103aba060045f2661de3c031f6fbcbc73f46000a9666f166ad349c5805d,ACBBA,gilbert_elliot,pGG_0.95_pBB_0.85,clue_search,19,361,4,0.1,36,36,comm_g19_r4_ge_drop025_acbba_topk010,C:\Users\lottj\Desktop\research\decentralized benchmark\topk_filter_study\results\sensitivity_suite\scenarios\clue_g19_n50.csv,238.209,02,21,10,11,37.2694,1.7747333333333333,2.2087,4.1202,4.1581,15.645672497680607,11,17.6735,1.6066818181818183,2.096,0.3195,36.9499,15.645672497680607,completed
4,dcta_parity_v1,custom,5789862b56c579a63f65129a7c7ce0c99a25e7c55fba998a5a9699fc4a7df60b,03f32103aba060045f2661de3c031f6fbcbc73f46000a9666f166ad349c5805d,ACBBA,gilbert_elliot,pGG_0.95_pBB_0.85,clue_search,19,361,4,0.1,36,36,comm_g19_r4_ge_drop025_acbba_topk010,C:\Users\lottj\Desktop\research\decentralized benchmark\topk_filter_study\results\sensitivity_suite\scenarios\clue_g19_n50.csv,238.209,03,16,8,8,23.4332,1.464575,1.1307500000000001,4.1619,4.1619,9.837243764929115,8,10.591800000000001,1.3239750000000001,2.0929,0.2108,23.2224,9.837243764929115,completed
5,dcta_parity_v1,custom,5789862b56c579a63f65129a7c7ce0c99a25e7c55fba998a5a9699fc4a7df60b,03f32103aba060045f2661de3c031f6fbcbc73f46000a9666f166ad349c5805d,ACBBA,gilbert_elliot,pGG_0.95_pBB_0.85,clue_search,19,361,4,0.1,36,36,comm_g19_r4_ge_drop025_acbba_topk010,C:\Users\lottj\Desktop\research\decentralized benchmark\topk_filter_study\results\sensitivity_suite\scenarios\clue_g19_n50.csv,1067.0868,00,40,11,29,125.1838,3.129595,3.35985,5.0755,5.3996,11.731360560359288,29,59.4261,2.0491758620689655,2.8088,0.18159999999999998,125.0022,11.731360560359288,completed
5,dcta_parity_v1,custom,5789862b56c579a63f65129a7c7ce0c99a25e7c55fba998a5a9699fc4a7df60b,03f32103aba060045f2661de3c031f6fbcbc73f46000a9666f166ad349c5805d,ACBBA,gilbert_elliot,pGG_0.95_pBB_0.85,clue_search,19,361,4,0.1,36,36,comm_g19_r4_ge_drop025_acbba_topk010,C:\Users\lottj\Desktop\research\decentralized benchmark\topk_filter_study\results\sensitivity_suite\scenarios\clue_g19_n50.csv,1067.0868,01,45,11,34,151.8721,3.374935555555555,4.4904,5.1068,5.635,14.232403587037155,34,73.8843,2.1730676470588235,2.6548,0.2449,151.6272,14.232403587037155,completed
5,dcta_parity_v1,custom,5789862b56c579a63f65129a7c7ce0c99a25e7c55fba998a5a9699fc4a7df60b,03f32103aba060045f2661de3c031f6fbcbc73f46000a9666f166ad349c5805d,ACBBA,gilbert_elliot,pGG_0.95_pBB_0.85,clue_search,19,361,4,0.1,36,36,comm_g19_r4_ge_drop025_acbba_topk010,C:\Users\lottj\Desktop\research\decentralized benchmark\topk_filter_study\results\sensitivity_suite\scenarios\clue_g19_n50.csv,1067.0868,02,38,11,27,114.8462,3.0222684210526314,3.5228,5.0092,5.2661,10.76259213402321,27,56.1813,2.080788888888889,2.6824,0.21810000000000002,114.6281,10.76259213402321,completed
5,dcta_parity_v1,custom,5789862b56c579a63f65129a7c7ce0c99a25e7c55fba998a5a9699fc4a7df60b,03f32103aba060045f2661de3c031f6fbcbc73f46000a9666f166ad349c5805d,ACBBA,gilbert_elliot,pGG_0.95_pBB_0.85,clue_search,19,361,4,0.1,36,36,comm_g19_r4_ge_drop025_acbba_topk010,C:\Users\lottj\Desktop\research\decentralized benchmark\topk_filter_study\results\sensitivity_suite\scenarios\clue_g19_n50.csv,1067.0868,03,48,9,39,170.1558,3.5449125,4.62185,5.1446,5.2344,15.94582558794655,39,79.8879,2.048407692307692,2.7282,0.1911,169.9647,15.94582558794655,completed
6,dcta_parity_v1,custom,5789862b56c579a63f65129a7c7ce0c99a25e7c55fba998a5a9699fc4a7df60b,03f32103aba060045f2661de3c031f6fbcbc73f46000a9666f166ad349c5805d,ACBBA,gilbert_elliot,pGG_0.95_pBB_0.85,clue_search,19,361,4,0.1,36,36,comm_g19_r4_ge_drop025_acbba_topk010,C:\Users\lottj\Desktop\research\decentralized benchmark\topk_filter_study\results\sensitivity_suite\scenarios\clue_g19_n50.csv,2299.5804,00,70,2,68,249.1431,3.559187142857143,4.33765,4.9425,5.2617,10.834285246125773,58,71.4946,1.2326655172413794,2.0816,0.1191,249.024,10.834285246125773,completed
6,dcta_parity_v1,custom,5789862b56c579a63f65129a7c7ce0c99a25e7c55fba998a5a9699fc4a7df60b,03f32103aba060045f2661de3c031f6fbcbc73f46000a9666f166ad349c5805d,ACBBA,gilbert_elliot,pGG_0.95_pBB_0.85,clue_search,19,361,4,0.1,36,36,comm_g19_r4_ge_drop025_acbba_topk010,C:\Users\lottj\Desktop\research\decentralized benchmark\topk_filter_study\results\sensitivity_suite\scenarios\clue_g19_n50.csv,2299.5804,01,100,1,99,380.493,3.80493,4.4529499999999995,4.9126,5.3111,16.546192514077788,88,104.0701,1.1826147727272727,2.1448,0.0446,380.4484,16.546192514077788,completed
6,dcta_parity_v1,custom,5789862b56c579a63f65129a7c7ce0c99a25e7c55fba998a5a9699fc4a7df60b,03f32103aba060045f2661de3c031f6fbcbc73f46000a9666f166ad349c5805d,ACBBA,gilbert_elliot,pGG_0.95_pBB_0.85,clue_search,19,361,4,0.1,36,36,comm_g19_r4_ge_drop025_acbba_topk010,C:\Users\lottj\Desktop\research\decentralized benchmark\topk_filter_study\results\sensitivity_suite\scenarios\clue_g19_n50.csv,2299.5804,02,89,2,87,383.8077,4.31244606741573,4.6616,5.055,5.1662,16.690336202204545,87,126.1199,1.4496540229885058,2.5137,0.11789999999999999,383.6898,16.690336202204545,completed
6,dcta_parity_v1,custom,5789862b56c579a63f65129a7c7ce0c99a25e7c55fba998a5a9699fc4a7df60b,03f32103aba060045f2661de3c031f6fbcbc73f46000a9666f166ad349c5805d,ACBBA,gilbert_elliot,pGG_0.95_pBB_0.85,clue_search,19,361,4,0.1,36,36,comm_g19_r4_ge_drop025_acbba_topk010,C:\Users\lottj\Desktop\research\decentralized benchmark\topk_filter_study\results\sensitivity_suite\scenarios\clue_g19_n50.csv,2299.5804,03,84,1,83,319.6121,3.8049059523809525,4.45945,4.8993,5.1137,13.898713869712928,74,86.1088,1.1636324324324325,2.1343,0.0582,319.5539,13.898713869712928,completed
7,dcta_parity_v1,custom,5789862b56c579a63f65129a7c7ce0c99a25e7c55fba998a5a9699fc4a7df60b,03f32103aba060045f2661de3c031f6fbcbc73f46000a9666f166ad349c5805d,ACBBA,gilbert_elliot,pGG_0.95_pBB_0.85,clue_search,19,361,4,0.1,36,36,comm_g19_r4_ge_drop025_acbba_topk010,C:\Users\lottj\Desktop\research\decentralized benchmark\topk_filter_study\results\sensitivity_suite\scenarios\clue_g19_n50.csv,99.4639,00,15,13,2,8.67,0.578,0.0208,4.1996,4.1996,8.716730391629527,2,4.4566,2.2283,2.2344,0.3402,8.3298,8.716730391629527,completed
7,dcta_parity_v1,custom,5789862b56c579a63f65129a7c7ce0c99a25e7c55fba998a5a9699fc4a7df60b,03f32103aba060045f2661de3c031f6fbcbc73f46000a9666f166ad349c5805d,ACBBA,gilbert_elliot,pGG_0.95_pBB_0.85,clue_search,19,361,4,0.1,36,36,comm_g19_r4_ge_drop025_acbba_topk010,C:\Users\lottj\Desktop\research\decentralized benchmark\topk_filter_study\results\sensitivity_suite\scenarios\clue_g19_n50.csv,99.4639,01,14,12,2,8.944,0.6388571428571429,0.02185,4.447,4.447,8.992207222922087,2,4.7131,2.35655,2.3845,0.3081,8.6359,8.992207222922087,completed
7,dcta_parity_v1,custom,5789862b56c579a63f65129a7c7ce0c99a25e7c55fba998a5a9699fc4a7df60b,03f32103aba060045f2661de3c031f6fbcbc73f46000a9666f166ad349c5805d,ACBBA,gilbert_elliot,pGG_0.95_pBB_0.85,clue_search,19,361,4,0.1,36,36,comm_g19_r4_ge_drop025_acbba_topk010,C:\Users\lottj\Desktop\research\decentralized benchmark\topk_filter_study\results\sensitivity_suite\scenarios\clue_g19_n50.csv,99.4639,02,16,13,3,13.2426,0.8276625,0.02265,4.3603,4.3603,13.313976226550539,3,7.1129999999999995,2.371,2.4643,0.3317,12.910899999999998,13.313976226550539,completed
7,dcta_parity_v1,custom,5789862b56c579a63f65129a7c7ce0c99a25e7c55fba998a5a9699fc4a7df60b,03f32103aba060045f2661de3c031f6fbcbc73f46000a9666f166ad349c5805d,ACBBA,gilbert_elliot,pGG_0.95_pBB_0.85,clue_search,19,361,4,0.1,36,36,comm_g19_r4_ge_drop025_acbba_topk010,C:\Users\lottj\Desktop\research\decentralized benchmark\topk_filter_study\results\sensitivity_suite\scenarios\clue_g19_n50.csv,99.4639,03,12,10,2,8.8463,0.7371916666666666,0.021249999999999998,4.2929,4.2929,8.893980630158278,2,4.7515,2.37575,2.3921,0.2709,8.5754,8.893980630158278,completed
8,dcta_parity_v1,custom,5789862b56c579a63f65129a7c7ce0c99a25e7c55fba998a5a9699fc4a7df60b,03f32103aba060045f2661de3c031f6fbcbc73f46000a9666f166ad349c5805d,ACBBA,gilbert_elliot,pGG_0.95_pBB_0.85,clue_search,19,361,4,0.1,36,36,comm_g19_r4_ge_drop025_acbba_topk010,C:\Users\lottj\Desktop\research\decentralized benchmark\topk_filter_study\results\sensitivity_suite\scenarios\clue_g19_n50.csv,2203.2321,00,94,13,81,340.7881,3.625405319148936,4.1072,5.3396,5.7022,15.46764410340608,81,89.2089,1.1013444444444445,1.5794,0.3623,340.4258,15.46764410340608,completed
8,dcta_parity_v1,custom,5789862b56c579a63f65129a7c7ce0c99a25e7c55fba998a5a9699fc4a7df60b,03f32103aba060045f2661de3c031f6fbcbc73f46000a9666f166ad349c5805d,ACBBA,gilbert_elliot,pGG_0.95_pBB_0.85,clue_search,19,361,4,0.1,36,36,comm_g19_r4_ge_drop025_acbba_topk010,C:\Users\lottj\Desktop\research\decentralized benchmark\topk_filter_study\results\sensitivity_suite\scenarios\clue_g19_n50.csv,2203.2321,01,88,12,76,315.4102,3.584206818181818,4.026199999999999,5.3306,5.39,14.31579541710562,76,80.9507,1.0651407894736842,1.7493,0.3215,315.0887,14.31579541710562,completed
8,dcta_parity_v1,custom,5789862b56c579a63f65129a7c7ce0c99a25e7c55fba998a5a9699fc4a7df60b,03f32103aba060045f2661de3c031f6fbcbc73f46000a9666f166ad349c5805d,ACBBA,gilbert_elliot,pGG_0.95_pBB_0.85,clue_search,19,361,4,0.1,36,36,comm_g19_r4_ge_drop025_acbba_topk010,C:\Users\lottj\Desktop\research\decentralized benchmark\topk_filter_study\results\sensitivity_suite\scenarios\clue_g19_n50.csv,2203.2321,02,71,12,59,259.1476,3.649966197183099,4.2462,5.295,6.2262,11.762156152318223,59,67.1969,1.1389305084745762,1.697,0.3149,258.8327,11.762156152318223,completed
8,dcta_parity_v1,custom,5789862b56c579a63f65129a7c7ce0c99a25e7c55fba998a5a9699fc4a7df60b,03f32103aba060045f2661de3c031f6fbcbc73f46000a9666f166ad349c5805d,ACBBA,gilbert_elliot,pGG_0.95_pBB_0.85,clue_search,19,361,4,0.1,36,36,comm_g19_r4_ge_drop025_acbba_topk010,C:\Users\lottj\Desktop\research\decentralized benchmark\topk_filter_study\results\sensitivity_suite\scenarios\clue_g19_n50.csv,2203.2321,03,85,10,75,323.3961,3.8046599999999997,4.2775,5.3744,6.057,14.678258364155097,75,80.2418,1.0698906666666665,1.6344,0.2406,323.1555,14.678258364155097,completed
9,dcta_parity_v1,custom,5789862b56c579a63f65129a7c7ce0c99a25e7c55fba998a5a9699fc4a7df60b,03f32103aba060045f2661de3c031f6fbcbc73f46000a9666f166ad349c5805d,ACBBA,gilbert_elliot,pGG_0.95_pBB_0.85,clue_search,19,361,4,0.1,36,36,comm_g19_r4_ge_drop025_acbba_topk010,C:\Users\lottj\Desktop\research\decentralized benchmark\topk_filter_study\results\sensitivity_suite\scenarios\clue_g19_n50.csv,2181.3684,00,87,7,80,358.1523,4.116693103448276,4.4498,5.1717,5.3634,16.418698464688497,80,113.691,1.4211375,2.2152,0.1796,357.9727,16.418698464688497,completed
9,dcta_parity_v1,custom,5789862b56c579a63f65129a7c7ce0c99a25e7c55fba998a5a9699fc4a7df60b,03f32103aba060045f2661de3c031f6fbcbc73f46000a9666f166ad349c5805d,ACBBA,gilbert_elliot,pGG_0.95_pBB_0.85,clue_search,19,361,4,0.1,36,36,comm_g19_r4_ge_drop025_acbba_topk010,C:\Users\lottj\Desktop\research\decentralized benchmark\topk_filter_study\results\sensitivity_suite\scenarios\clue_g19_n50.csv,2181.3684,01,76,7,69,295.0265,3.8819276315789475,4.33985,5.1401,5.2879,13.524836061620771,69,102.31569999999999,1.4828362318840578,2.2882,0.1901,294.8364,13.524836061620771,completed
9,dcta_parity_v1,custom,5789862b56c579a63f65129a7c7ce0c99a25e7c55fba998a5a9699fc4a7df60b,03f32103aba060045f2661de3c031f6fbcbc73f46000a9666f166ad349c5805d,ACBBA,gilbert_elliot,pGG_0.95_pBB_0.85,clue_search,19,361,4,0.1,36,36,comm_g19_r4_ge_drop025_acbba_topk010,C:\Users\lottj\Desktop\research\decentralized benchmark\topk_filter_study\results\sensitivity_suite\scenarios\clue_g19_n50.csv,2181.3684,02,62,7,55,240.4185,3.877717741935484,4.3747,5.1572,5.3468,11.021453322602454,55,83.7773,1.5232236363636362,2.2888,0.2475,240.171,11.021453322602454,completed
9,dcta_parity_v1,custom,5789862b56c579a63f65129a7c7ce0c99a25e7c55fba998a5a9699fc4a7df60b,03f32103aba060045f2661de3c031f6fbcbc73f46000a9666f166ad349c5805d,ACBBA,gilbert_elliot,pGG_0.95_pBB_0.85,clue_search,19,361,4,0.1,36,36,comm_g19_r4_ge_drop025_acbba_topk010,C:\Users\lottj\Desktop\research\decentralized benchmark\topk_filter_study\results\sensitivity_suite\scenarios\clue_g19_n50.csv,2181.3684,03,88,5,83,367.4724,4.1758227272727275,4.39655,5.1866,6.797,16.845957794199276,83,112.2266,1.3521277108433736,2.1096,0.1469,367.3255,16.845957794199276,completed
10,dcta_parity_v1,custom,5789862b56c579a63f65129a7c7ce0c99a25e7c55fba998a5a9699fc4a7df60b,03f32103aba060045f2661de3c031f6fbcbc73f46000a9666f166ad349c5805d,ACBBA,gilbert_elliot,pGG_0.95_pBB_0.85,clue_search,19,361,4,0.1,36,36,comm_g19_r4_ge_drop025_acbba_topk010,C:\Users\lottj\Desktop\research\decentralized benchmark\topk_filter_study\results\sensitivity_suite\scenarios\clue_g19_n50.csv,1781.6539,00,55,11,44,206.2143,3.7493509090909094,4.7013,5.327,5.7049,11.57431867098318,44,92.8587,2.1104249999999998,2.7522,0.3472,205.8671,11.57431867098318,completed
10,dcta_parity_v1,custom,5789862b56c579a63f65129a7c7ce0c99a25e7c55fba998a5a9699fc4a7df60b,03f32103aba060045f2661de3c031f6fbcbc73f46000a9666f166ad349c5805d,ACBBA,gilbert_elliot,pGG_0.95_pBB_0.85,clue_search,19,361,4,0.1,36,36,comm_g19_r4_ge_drop025_acbba_topk010,C:\Users\lottj\Desktop\research\decentralized benchmark\topk_filter_study\results\sensitivity_suite\scenarios\clue_g19_n50.csv,1781.6539,01,73,11,62,294.8288,4.0387506849315065,4.753,5.4162,5.881,16.54803999811636,62,127.61919999999999,2.058374193548387,3.2737,0.3048,294.524,16.54803999811636,completed
10,dcta_parity_v1,custom,5789862b56c579a63f65129a7c7ce0c99a25e7c55fba998a5a9699fc4a7df60b,03f32103aba060045f2661de3c031f6fbcbc73f46000a9666f166ad349c5805d,ACBBA,gilbert_elliot,pGG_0.95_pBB_0.85,clue_search,19,361,4,0.1,36,36,comm_g19_r4_ge_drop025_acbba_topk010,C:\Users\lottj\Desktop\research\decentralized benchmark\topk_filter_study\results\sensitivity_suite\scenarios\clue_g19_n50.csv,1781.6539,02,75,11,64,305.156,4.068746666666667,4.7772,5.52,5.7583,17.127681195545332,64,139.1554,2.174303125,3.1128,0.2969,304.8591,17.127681195545332,completed
10,dcta_parity_v1,custom,5789862b56c579a63f65129a7c7ce0c99a25e7c55fba998a5a9699fc4a7df60b,03f32103aba060045f2661de3c031f6fbcbc73f46000a9666f166ad349c5805d,ACBBA,gilbert_elliot,pGG_0.95_pBB_0.85,clue_search,19,361,4,0.1,36,36,comm_g19_r4_ge_drop025_acbba_topk010,C:\Users\lottj\Desktop\research\decentralized benchmark\topk_filter_study\results\sensitivity_suite\scenarios\clue_g19_n50.csv,1781.6539,03,68,9,59,283.96139999999997,4.17590294117647,4.7416,5.5228,6.3087,15.938078658262413,59,128.3181,2.1748830508474573,2.9797,0.2526,283.7088,15.938078658262413,completed
11,dcta_parity_v1,custom,5789862b56c579a63f65129a7c7ce0c99a25e7c55fba998a5a9699fc4a7df60b,03f32103aba060045f2661de3c031f6fbcbc73f46000a9666f166ad349c5805d,ACBBA,gilbert_elliot,pGG_0.95_pBB_0.85,clue_search,19,361,4,0.1,36,36,comm_g19_r4_ge_drop025_acbba_topk010,C:\Users\lottj\Desktop\research\decentralized benchmark\topk_filter_study\results\sensitivity_suite\scenarios\clue_g19_n50.csv,1339.2888,00,95,50,45,183.3071,1.9295484210526315,0.0274,4.6762,5.1388,13.68689859871896,45,51.7783,1.150628888888889,1.9235,1.1581,182.149,13.68689859871896,completed
11,dcta_parity_v1,custom,5789862b56c579a63f65129a7c7ce0c99a25e7c55fba998a5a9699fc4a7df60b,03f32103aba060045f2661de3c031f6fbcbc73f46000a9666f166ad349c5805d,ACBBA,gilbert_elliot,pGG_0.95_pBB_0.85,clue_search,19,361,4,0.1,36,36,comm_g19_r4_ge_drop025_acbba_topk010,C:\Users\lottj\Desktop\research\decentralized benchmark\topk_filter_study\results\sensitivity_suite\scenarios\clue_g19_n50.csv,1339.2888,01,99,50,49,197.978,1.9997777777777779,0.0487,4.6706,4.9921,14.782323274860508,49,56.6096,1.1552979591836734,1.9776,1.2534,196.7246,14.782323274860508,completed
11,dcta_parity_v1,custom,5789862b56c579a63f65129a7c7ce0c99a25e7c55fba998a5a9699fc4a7df60b,03f32103aba060045f2661de3c031f6fbcbc73f46000a9666f166ad349c5805d,ACBBA,gilbert_elliot,pGG_0.95_pBB_0.85,clue_search,19,361,4,0.1,36,36,comm_g19_r4_ge_drop025_acbba_topk010,C:\Users\lottj\Desktop\research\decentralized benchmark\topk_filter_study\results\sensitivity_suite\scenarios\clue_g19_n50.csv,1339.2888,02,97,51,46,197.0504,2.0314474226804125,0.0338,5.0699,5.6492,14.713062634437025,46,74.2266,1.6136217391304348,2.1308,1.3594,195.691,14.713062634437025,completed
11,dcta_parity_v1,custom,5789862b56c579a63f65129a7c7ce0c99a25e7c55fba998a5a9699fc4a7df60b,03f32103aba060045f2661de3c031f6fbcbc73f46000a9666f166ad349c5805d,ACBBA,gilbert_elliot,pGG_0.95_pBB_0.85,clue_search,19,361,4,0.1,36,36,comm_g19_r4_ge_drop025_acbba_topk010,C:\Users\lottj\Desktop\research\decentralized benchmark\topk_filter_study\results\sensitivity_suite\scenarios\clue_g19_n50.csv,1339.2888,03,87,48,39,162.8172,1.8714620689655175,0.0245,4.9056,5.3427,12.156989590295984,39,51.115,1.3106410256410257,1.9391,1.0986,161.7186,12.156989590295984,completed
12,dcta_parity_v1,custom,5789862b56c579a63f65129a7c7ce0c99a25e7c55fba998a5a9699fc4a7df60b,03f32103aba060045f2661de3c031f6fbcbc73f46000a9666f166ad349c5805d,ACBBA,gilbert_elliot,pGG_0.95_pBB_0.85,clue_search,19,361,4,0.1,36,36,comm_g19_r4_ge_drop025_acbba_topk010,C:\Users\lottj\Desktop\research\decentralized benchmark\topk_filter_study\results\sensitivity_suite\scenarios\clue_g19_n50.csv,828.6575,00,40,20,20,91.9558,2.298895,1.4929000000000001,5.2404,5.7029,11.096961048442813,20,42.1912,2.10956,2.9273,0.47709999999999997,91.4787,11.096961048442813,completed
12,dcta_parity_v1,custom,5789862b56c579a63f65129a7c7ce0c99a25e7c55fba998a5a9699fc4a7df60b,03f32103aba060045f2661de3c031f6fbcbc73f46000a9666f166ad349c5805d,ACBBA,gilbert_elliot,pGG_0.95_pBB_0.85,clue_search,19,361,4,0.1,36,36,comm_g19_r4_ge_drop025_acbba_topk010,C:\Users\lottj\Desktop\research\decentralized benchmark\topk_filter_study\results\sensitivity_suite\scenarios\clue_g19_n50.csv,828.6575,01,45,19,26,120.5714,2.6793644444444444,3.2194,5.7529,5.7924,14.550209223955614,26,54.0044,2.0770923076923076,2.8176,0.4632,120.1082,14.550209223955614,completed
12,dcta_parity_v1,custom,5789862b56c579a63f65129a7c7ce0c99a25e7c55fba998a5a9699fc4a7df60b,03f32103aba060045f2661de3c031f6fbcbc73f46000a9666f166ad349c5805d,ACBBA,gilbert_elliot,pGG_0.95_pBB_0.85,clue_search,19,361,4,0.1,36,36,comm_g19_r4_ge_drop025_acbba_topk010,C:\Users\lottj\Desktop\research\decentralized benchmark\topk_filter_study\results\sensitivity_suite\scenarios\clue_g19_n50.csv,828.6575,02,51,20,31,138.4683,2.715064705882353,3.2025,5.4267,5.7114,16.709955560650812,31,64.5941,2.0836806451612904,2.7312,0.5966,137.8717,16.709955560650812,completed
12,dcta_parity_v1,custom,5789862b56c579a63f65129a7c7ce0c99a25e7c55fba998a5a9699fc4a7df60b,03f32103aba060045f2661de3c031f6fbcbc73f46000a9666f166ad349c5805d,ACBBA,gilbert_elliot,pGG_0.95_pBB_0.85,clue_search,19,361,4,0.1,36,36,comm_g19_r4_ge_drop025_acbba_topk010,C:\Users\lottj\Desktop\research\decentralized benchmark\topk_filter_study\results\sensitivity_suite\scenarios\clue_g19_n50.csv,828.6575,03,41,17,24,109.5324,2.6715219512195123,3.0855,5.3224,5.7063,13.21805450382094,24,51.853699999999996,2.1605708333333333,2.7263,0.4001,109.1323,13.21805450382094,completed
13,dcta_parity_v1,custom,5789862b56c579a63f65129a7c7ce0c99a25e7c55fba998a5a9699fc4a7df60b,03f32103aba060045f2661de3c031f6fbcbc73f46000a9666f166ad349c5805d,ACBBA,gilbert_elliot,pGG_0.95_pBB_0.85,clue_search,19,361,4,0.1,36,36,comm_g19_r4_ge_drop025_acbba_topk010,C:\Users\lottj\Desktop\research\decentralized benchmark\topk_filter_study\results\sensitivity_suite\scenarios\clue_g19_n50.csv,15.6684,00,7,7,0,0.1814,0.025914285714285716,0.0243,0.0463,0.0463,1.1577442495723878,0,0.0,0.0,0.0,0.1814,0.0,1.1577442495723878,completed
13,dcta_parity_v1,custom,5789862b56c579a63f65129a7c7ce0c99a25e7c55fba998a5a9699fc4a7df60b,03f32103aba060045f2661de3c031f6fbcbc73f46000a9666f166ad349c5805d,ACBBA,gilbert_elliot,pGG_0.95_pBB_0.85,clue_search,19,361,4,0.1,36,36,comm_g19_r4_ge_drop025_acbba_topk010,C:\Users\lottj\Desktop\research\decentralized benchmark\topk_filter_study\results\sensitivity_suite\scenarios\clue_g19_n50.csv,15.6684,01,7,7,0,0.1786,0.025514285714285715,0.0255,0.0337,0.0337,1.1398738862934312,0,0.0,0.0,0.0,0.1786,0.0,1.1398738862934312,completed
13,dcta_parity_v1,custom,5789862b56c579a63f65129a7c7ce0c99a25e7c55fba998a5a9699fc4a7df60b,03f32103aba060045f2661de3c031f6fbcbc73f46000a9666f166ad349c5805d,ACBBA,gilbert_elliot,pGG_0.95_pBB_0.85,clue_search,19,361,4,0.1,36,36,comm_g19_r4_ge_drop025_acbba_topk010,C:\Users\lottj\Desktop\research\decentralized benchmark\topk_filter_study\results\sensitivity_suite\scenarios\clue_g19_n50.csv,15.6684,02,7,7,0,0.2711,0.03872857142857143,0.028,0.1165,0.1165,1.7302341017589542,0,0.0,0.0,0.0,0.2711,0.0,1.7302341017589542,completed
13,dcta_parity_v1,custom,5789862b56c579a63f65129a7c7ce0c99a25e7c55fba998a5a9699fc4a7df60b,03f32103aba060045f2661de3c031f6fbcbc73f46000a9666f166ad349c5805d,ACBBA,gilbert_elliot,pGG_0.95_pBB_0.85,clue_search,19,361,4,0.1,36,36,comm_g19_r4_ge_drop025_acbba_topk010,C:\Users\lottj\Desktop\research\decentralized benchmark\topk_filter_study\results\sensitivity_suite\scenarios\clue_g19_n50.csv,15.6684,03,5,5,0,0.14300000000000002,0.028600000000000004,0.027,0.0485,0.0485,0.9126649817467004,0,0.0,0.0,0.0,0.14300000000000002,0.0,0.9126649817467004,completed
14,dcta_parity_v1,custom,5789862b56c579a63f65129a7c7ce0c99a25e7c55fba998a5a9699fc4a7df60b,03f32103aba060045f2661de3c031f6fbcbc73f46000a9666f166ad349c5805d,ACBBA,gilbert_elliot,pGG_0.95_pBB_0.85,clue_search,19,361,4,0.1,36,36,comm_g19_r4_ge_drop025_acbba_topk010,C:\Users\lottj\Desktop\research\decentralized benchmark\topk_filter_study\results\sensitivity_suite\scenarios\clue_g19_n50.csv,1462.7127,00,46,6,40,194.9792,4.238678260869565,4.82745,5.8816,6.3452,13.329972454604379,40,81.6348,2.04087,3.1575,0.1573,194.8219,13.329972454604379,completed
14,dcta_parity_v1,custom,5789862b56c579a63f65129a7c7ce0c99a25e7c55fba998a5a9699fc4a7df60b,03f32103aba060045f2661de3c031f6fbcbc73f46000a9666f166ad349c5805d,ACBBA,gilbert_elliot,pGG_0.95_pBB_0.85,clue_search,19,361,4,0.1,36,36,comm_g19_r4_ge_drop025_acbba_topk010,C:\Users\lottj\Desktop\research\decentralized benchmark\topk_filter_study\results\sensitivity_suite\scenarios\clue_g19_n50.csv,1462.7127,01,55,6,49,228.5268,4.155032727272728,4.7407,5.4403,5.5092,15.62349188600058,49,105.0004,2.1428653061224487,2.8846,0.2126,228.3142,15.62349188600058,completed
14,dcta_parity_v1,custom,5789862b56c579a63f65129a7c7ce0c99a25e7c55fba998a5a9699fc4a7df60b,03f32103aba060045f2661de3c031f6fbcbc73f46000a9666f166ad349c5805d,ACBBA,gilbert_elliot,pGG_0.95_pBB_0.85,clue_search,19,361,4,0.1,36,36,comm_g19_r4_ge_drop025_acbba_topk010,C:\Users\lottj\Desktop\research\decentralized benchmark\topk_filter_study\results\sensitivity_suite\scenarios\clue_g19_n50.csv,1462.7127,02,47,7,40,189.2633,4.026878723404255,4.7147,5.4308,6.051,12.939198517931784,40,86.99549999999999,2.1748874999999996,3.1798,0.2021,189.06119999999999,12.939198517931784,completed
14,dcta_parity_v1,custom,5789862b56c579a63f65129a7c7ce0c99a25e7c55fba998a5a9699fc4a7df60b,03f32103aba060045f2661de3c031f6fbcbc73f46000a9666f166ad349c5805d,ACBBA,gilbert_elliot,pGG_0.95_pBB_0.85,clue_search,19,361,4,0.1,36,36,comm_g19_r4_ge_drop025_acbba_topk010,C:\Users\lottj\Desktop\research\decentralized benchmark\topk_filter_study\results\sensitivity_suite\scenarios\clue_g19_n50.csv,1462.7127,03,52,4,48,234.2694,4.505180769230769,4.9177,5.9238,6.3727,16.016091198223684,48,102.9526,2.1448458333333336,3.1008,0.1221,234.1473,16.016091198223684,completed
15,dcta_parity_v1,custom,5789862b56c579a63f65129a7c7ce0c99a25e7c55fba998a5a9699fc4a7df60b,03f32103aba060045f2661de3c031f6fbcbc73f46000a9666f166ad349c5805d,ACBBA,gilbert_elliot,pGG_0.95_pBB_0.85,clue_search,19,361,4,0.1,36,36,comm_g19_r4_ge_drop025_acbba_topk010,C:\Users\lottj\Desktop\research\decentralized benchmark\topk_filter_study\results\sensitivity_suite\scenarios\clue_g19_n50.csv,1443.1089,00,73,31,42,180.1266,2.4674876712328766,3.7298,5.1942,5.3372,12.481843885794067,42,62.1811,1.480502380952381,1.9627,0.8266,179.3,12.481843885794067,completed
15,dcta_parity_v1,custom,5789862b56c579a63f65129a7c7ce0c99a25e7c55fba998a5a9699fc4a7df60b,03f32103aba060045f2661de3c031f6fbcbc73f46000a9666f166ad349c5805d,ACBBA,gilbert_elliot,pGG_0.95_pBB_0.85,clue_search,19,361,4,0.1,36,36,comm_g19_r4_ge_drop025_acbba_topk010,C:\Users\lottj\Desktop\research\decentralized benchmark\topk_filter_study\results\sensitivity_suite\scenarios\clue_g19_n50.csv,1443.1089,01,70,31,39,175.0607,2.500867142857143,3.9596999999999998,5.4116,6.0301,12.130803156989746,39,65.3268,1.675046153846154,2.3907,0.8618,174.1989,12.130803156989746,completed
15,dcta_parity_v1,custom,5789862b56c579a63f65129a7c7ce0c99a25e7c55fba998a5a9699fc4a7df60b,03f32103aba060045f2661de3c031f6fbcbc73f46000a9666f166ad349c5805d,ACBBA,gilbert_elliot,pGG_0.95_pBB_0.85,clue_search,19,361,4,0.1,36,36,comm_g19_r4_ge_drop025_acbba_topk010,C:\Users\lottj\Desktop\research\decentralized benchmark\topk_filter_study\results\sensitivity_suite\scenarios\clue_g19_n50.csv,1443.1089,02,89,31,58,245.3021,2.756203370786517,3.7892,5.0675,5.5681,16.998169715397086,58,80.5993,1.389643103448276,2.1694,0.8762,244.42589999999998,16.998169715397086,completed
15,dcta_parity_v1,custom,5789862b56c579a63f65129a7c7ce0c99a25e7c55fba998a5a9699fc4a7df60b,03f32103aba060045f2661de3c031f6fbcbc73f46000a9666f166ad349c5805d,ACBBA,gilbert_elliot,pGG_0.95_pBB_0.85,clue_search,19,361,4,0.1,36,36,comm_g19_r4_ge_drop025_acbba_topk010,C:\Users\lottj\Desktop\research\decentralized benchmark\topk_filter_study\results\sensitivity_suite\scenarios\clue_g19_n50.csv,1443.1089,03,75,28,47,207.1791,2.762388,3.8485,5.2626,5.587,14.356442538743957,47,66.2393,1.4093468085106382,2.1498,0.7196,206.4595,14.356442538743957,completed
16,dcta_parity_v1,custom,5789862b56c579a63f65129a7c7ce0c99a25e7c55fba998a5a9699fc4a7df60b,03f32103aba060045f2661de3c031f6fbcbc73f46000a9666f166ad349c5805d,ACBBA,gilbert_elliot,pGG_0.95_pBB_0.85,clue_search,19,361,4,0.1,36,36,comm_g19_r4_ge_drop025_acbba_topk010,C:\Users\lottj\Desktop\research\decentralized benchmark\topk_filter_study\results\sensitivity_suite\scenarios\clue_g19_n50.csv,1707.2907,00,50,6,44,218.7118,4.374236,5.0511,5.6426,5.9642,12.810460456441309,44,82.2353,1.868984090909091,2.8243,0.17099999999999999,218.5408,12.810460456441309,completed
16,dcta_parity_v1,custom,5789862b56c579a63f65129a7c7ce0c99a25e7c55fba998a5a9699fc4a7df60b,03f32103aba060045f2661de3c031f6fbcbc73f46000a9666f166ad349c5805d,ACBBA,gilbert_elliot,pGG_0.95_pBB_0.85,clue_search,19,361,4,0.1,36,36,comm_g19_r4_ge_drop025_acbba_topk010,C:\Users\lottj\Desktop\research\decentralized benchmark\topk_filter_study\results\sensitivity_suite\scenarios\clue_g19_n50.csv,1707.2907,01,55,6,49,244.1363,4.438841818181818,5.0831,6.1637,8.8873,14.299632745612683,49,100.2021,2.044940816326531,6.3908,0.19190000000000002,243.9444,14.299632745612683,completed
16,dcta_parity_v1,custom,5789862b56c579a63f65129a7c7ce0c99a25e7c55fba998a5a9699fc4a7df60b,03f32103aba060045f2661de3c031f6fbcbc73f46000a9666f166ad349c5805d,ACBBA,gilbert_elliot,pGG_0.95_pBB_0.85,clue_search,19,361,4,0.1,36,36,comm_g19_r4_ge_drop025_acbba_topk010,C:\Users\lottj\Desktop\research\decentralized benchmark\topk_filter_study\results\sensitivity_suite\scenarios\clue_g19_n50.csv,1707.2907,02,65,7,58,286.8504,4.413083076923076,5.0223,5.6337,6.4931,16.801497249413938,58,115.9644,1.9993862068965518,2.9683,0.2988,286.5516,16.801497249413938,completed
16,dcta_parity_v1,custom,5789862b56c579a63f65129a7c7ce0c99a25e7c55fba998a5a9699fc4a7df60b,03f32103aba060045f2661de3c031f6fbcbc73f46000a9666f166ad349c5805d,ACBBA,gilbert_elliot,pGG_0.95_pBB_0.85,clue_search,19,361,4,0.1,36,36,comm_g19_r4_ge_drop025_acbba_topk010,C:\Users\lottj\Desktop\research\decentralized benchmark\topk_filter_study\results\sensitivity_suite\scenarios\clue_g19_n50.csv,1707.2907,03,55,4,51,250.929,4.562345454545454,5.0879,5.8122,6.2344,14.697497034336333,51,99.2814,1.946694117647059,3.0256,0.1287,250.8003,14.697497034336333,completed
17,dcta_parity_v1,custom,5789862b56c579a63f65129a7c7ce0c99a25e7c55fba998a5a9699fc4a7df60b,03f32103aba060045f2661de3c031f6fbcbc73f46000a9666f166ad349c5805d,ACBBA,gilbert_elliot,pGG_0.95_pBB_0.85,clue_search,19,361,4,0.1,36,36,comm_g19_r4_ge_drop025_acbba_topk010,C:\Users\lottj\Desktop\research\decentralized benchmark\topk_filter_study\results\sensitivity_suite\scenarios\clue_g19_n50.csv,2.2226,00,1,1,0,0.032,0.032,0.032,0.032,0.032,1.4397552416089265,0,0.0,0.0,0.0,0.032,0.0,1.4397552416089265,completed
17,dcta_parity_v1,custom,5789862b56c579a63f65129a7c7ce0c99a25e7c55fba998a5a9699fc4a7df60b,03f32103aba060045f2661de3c031f6fbcbc73f46000a9666f166ad349c5805d,ACBBA,gilbert_elliot,pGG_0.95_pBB_0.85,clue_search,19,361,4,0.1,36,36,comm_g19_r4_ge_drop025_acbba_topk010,C:\Users\lottj\Desktop\research\decentralized benchmark\topk_filter_study\results\sensitivity_suite\scenarios\clue_g19_n50.csv,2.2226,01,1,1,0,0.0358,0.0358,0.0358,0.0358,0.0358,1.6107261765499865,0,0.0,0.0,0.0,0.0358,0.0,1.6107261765499865,completed
17,dcta_parity_v1,custom,5789862b56c579a63f65129a7c7ce0c99a25e7c55fba998a5a9699fc4a7df60b,03f32103aba060045f2661de3c031f6fbcbc73f46000a9666f166ad349c5805d,ACBBA,gilbert_elliot,pGG_0.95_pBB_0.85,clue_search,19,361,4,0.1,36,36,comm_g19_r4_ge_drop025_acbba_topk010,C:\Users\lottj\Desktop\research\decentralized benchmark\topk_filter_study\results\sensitivity_suite\scenarios\clue_g19_n50.csv,2.2226,02,1,1,0,0.0578,0.0578,0.0578,0.0578,0.0578,2.600557905156123,0,0.0,0.0,0.0,0.0578,0.0,2.600557905156123,completed
17,dcta_parity_v1,custom,5789862b56c579a63f65129a7c7ce0c99a25e7c55fba998a5a9699fc4a7df60b,03f32103aba060045f2661de3c031f6fbcbc73f46000a9666f166ad349c5805d,ACBBA,gilbert_elliot,pGG_0.95_pBB_0.85,clue_search,19,361,4,0.1,36,36,comm_g19_r4_ge_drop025_acbba_topk010,C:\Users\lottj\Desktop\research\decentralized benchmark\topk_filter_study\results\sensitivity_suite\scenarios\clue_g19_n50.csv,2.2226,03,1,1,0,0.0641,0.0641,0.0641,0.0641,0.0641,2.884009718347881,0,0.0,0.0,0.0,0.0641,0.0,2.884009718347881,completed
18,dcta_parity_v1,custom,5789862b56c579a63f65129a7c7ce0c99a25e7c55fba998a5a9699fc4a7df60b,03f32103aba060045f2661de3c031f6fbcbc73f46000a9666f166ad349c5805d,ACBBA,gilbert_elliot,pGG_0.95_pBB_0.85,clue_search,19,361,4,0.1,36,36,comm_g19_r4_ge_drop025_acbba_topk010,C:\Users\lottj\Desktop\research\decentralized benchmark\topk_filter_study\results\sensitivity_suite\scenarios\clue_g19_n50.csv,1116.5239,00,102,67,35,136.43,1.3375490196078432,0.0246,4.3268,4.8052,12.219174170835036,35,38.3765,1.0964714285714285,1.5815,1.5162,134.9138,12.219174170835036,completed
18,dcta_parity_v1,custom,5789862b56c579a63f65129a7c7ce0c99a25e7c55fba998a5a9699fc4a7df60b,03f32103aba060045f2661de3c031f6fbcbc73f46000a9666f166ad349c5805d,ACBBA,gilbert_elliot,pGG_0.95_pBB_0.85,clue_search,19,361,4,0.1,36,36,comm_g19_r4_ge_drop025_acbba_topk010,C:\Users\lottj\Desktop\research\decentralized benchmark\topk_filter_study\results\sensitivity_suite\scenarios\clue_g19_n50.csv,1116.5239,01,88,58,30,125.4877,1.425996590909091,0.027549999999999998,4.7897,5.0763,11.239141410228658,30,41.5008,1.38336,2.0291,1.4696,124.0181,11.239141410228658,completed
18,dcta_parity_v1,custom,5789862b56c579a63f65129a7c7ce0c99a25e7c55fba998a5a9699fc4a7df60b,03f32103aba060045f2661de3c031f6fbcbc73f46000a9666f166ad349c5805d,ACBBA,gilbert_elliot,pGG_0.95_pBB_0.85,clue_search,19,361,4,0.1,36,36,comm_g19_r4_ge_drop025_acbba_topk010,C:\Users\lottj\Desktop\research\decentralized benchmark\topk_filter_study\results\sensitivity_suite\scenarios\clue_g19_n50.csv,1116.5239,02,97,57,40,163.54659999999998,1.6860474226804123,0.0286,4.6576,4.8039,14.647836915985406,40,47.8759,1.1968975,1.8366,1.4499,162.0967,14.647836915985406,completed
18,dcta_parity_v1,custom,5789862b56c579a63f65129a7c7ce0c99a25e7c55fba998a5a9699fc4a7df60b,03f32103aba060045f2661de3c031f6fbcbc73f46000a9666f166ad349c5805d,ACBBA,gilbert_elliot,pGG_0.95_pBB_0.85,clue_search,19,361,4,0.1,36,36,comm_g19_r4_ge_drop025_acbba_topk010,C:\Users\lottj\Desktop\research\decentralized benchmark\topk_filter_study\results\sensitivity_suite\scenarios\clue_g19_n50.csv,1116.5239,03,109,64,45,180.0066,1.6514366972477064,0.0262,4.6262,5.2134,16.122055246645417,45,54.9871,1.2219355555555556,1.8455,1.4794,178.5272,16.122055246645417,completed
19,dcta_parity_v1,custom,5789862b56c579a63f65129a7c7ce0c99a25e7c55fba998a5a9699fc4a7df60b,03f32103aba060045f2661de3c031f6fbcbc73f46000a9666f166ad349c5805d,ACBBA,gilbert_elliot,pGG_0.95_pBB_0.85,clue_search,19,361,4,0.1,36,36,comm_g19_r4_ge_drop025_acbba_topk010,C:\Users\lottj\Desktop\research\decentralized benchmark\topk_filter_study\results\sensitivity_suite\scenarios\clue_g19_n50.csv,1150.8999,00,68,20,48,192.1477,2.825701470588235,3.51685,4.8123,4.9711,16.695431114382753,48,72.7043,1.5146729166666668,2.1181,0.531,191.6167,16.695431114382753,completed
19,dcta_parity_v1,custom,5789862b56c579a63f65129a7c7ce0c99a25e7c55fba998a5a9699fc4a7df60b,03f32103aba060045f2661de3c031f6fbcbc73f46000a9666f166ad349c5805d,ACBBA,gilbert_elliot,pGG_0.95_pBB_0.85,clue_search,19,361,4,0.1,36,36,comm_g19_r4_ge_drop025_acbba_topk010,C:\Users\lottj\Desktop\research\decentralized benchmark\topk_filter_study\results\sensitivity_suite\scenarios\clue_g19_n50.csv,1150.8999,01,60,20,40,168.1746,2.80291,3.154,5.0845,5.4906,14.612443706007795,40,67.3371,1.6834275,2.6451,0.6229,167.5517,14.612443706007795,completed
19,dcta_parity_v1,custom,5789862b56c579a63f65129a7c7ce0c99a25e7c55fba998a5a9699fc4a7df60b,03f32103aba060045f2661de3c031f6fbcbc73f46000a9666f166ad349c5805d,ACBBA,gilbert_elliot,pGG_0.95_pBB_0.85,clue_search,19,361,4,0.1,36,36,comm_g19_r4_ge_drop025_acbba_topk010,C:\Users\lottj\Desktop\research\decentralized benchmark\topk_filter_study\results\sensitivity_suite\scenarios\clue_g19_n50.csv,1150.8999,02,50,20,30,117.7344,2.354688,3.07465,4.9299,5.0114,10.22976889649569,30,46.5102,1.5503399999999998,2.4046,0.5708,117.1636,10.22976889649569,completed
19,dcta_parity_v1,custom,5789862b56c579a63f65129a7c7ce0c99a25e7c55fba998a5a9699fc4a7df60b,03f32103aba060045f2661de3c031f6fbcbc73f46000a9666f166ad349c5805d,ACBBA,gilbert_elliot,pGG_0.95_pBB_0.85,clue_search,19,361,4,0.1,36,36,comm_g19_r4_ge_drop025_acbba_topk010,C:\Users\lottj\Desktop\research\decentralized benchmark\topk_filter_study\results\sensitivity_suite\scenarios\clue_g19_n50.csv,1150.8999,03,61,18,43,173.25209999999998,2.8401983606557373,3.2394,4.8562,5.5783,15.053620214929206,43,64.179,1.4925348837209302,2.9145,0.47550000000000003,172.7766,15.053620214929206,completed
20,dcta_parity_v1,custom,5789862b56c579a63f65129a7c7ce0c99a25e7c55fba998a5a9699fc4a7df60b,03f32103aba060045f2661de3c031f6fbcbc73f46000a9666f166ad349c5805d,ACBBA,gilbert_elliot,pGG_0.95_pBB_0.85,clue_search,19,361,4,0.1,36,36,comm_g19_r4_ge_drop025_acbba_topk010,C:\Users\lottj\Desktop\research\decentralized benchmark\topk_filter_study\results\sensitivity_suite\scenarios\clue_g19_n50.csv,843.2136,00,23,2,21,91.104,3.9610434782608697,4.3878,4.9033,4.9339,10.80437981550582,21,39.4018,1.8762761904761907,2.1361,0.0768,91.0272,10.80437981550582,completed
20,dcta_parity_v1,custom,5789862b56c579a63f65129a7c7ce0c99a25e7c55fba998a5a9699fc4a7df60b,03f32103aba060045f2661de3c031f6fbcbc73f46000a9666f166ad349c5805d,ACBBA,gilbert_elliot,pGG_0.95_pBB_0.85,clue_search,19,361,4,0.1,36,36,comm_g19_r4_ge_drop025_acbba_topk010,C:\Users\lottj\Desktop\research\decentralized benchmark\topk_filter_study\results\sensitivity_suite\scenarios\clue_g19_n50.csv,843.2136,01,31,2,29,128.703,4.151709677419355,4.467,5.0298,5.0691,15.263392336176741,29,54.4251,1.8767275862068966,2.2243,0.0698,128.6332,15.263392336176741,completed
20,dcta_parity_v1,custom,5789862b56c579a63f65129a7c7ce0c99a25e7c55fba998a5a9699fc4a7df60b,03f32103aba060045f2661de3c031f6fbcbc73f46000a9666f166ad349c5805d,ACBBA,gilbert_elliot,pGG_0.95_pBB_0.85,clue_search,19,361,4,0.1,36,36,comm_g19_r4_ge_drop025_acbba_topk010,C:\Users\lottj\Desktop\research\decentralized benchmark\topk_filter_study\results\sensitivity_suite\scenarios\clue_g19_n50.csv,843.2136,02,32,2,30,133.9914,4.18723125,4.4460999999999995,5.1402,5.396,15.89056438368641,30,54.4762,1.8158733333333332,2.2697,0.11399999999999999,133.8774,15.89056438368641,completed
20,dcta_parity_v1,custom,5789862b56c579a63f65129a7c7ce0c99a25e7c55fba998a5a9699fc4a7df60b,03f32103aba060045f2661de3c031f6fbcbc73f46000a9666f166ad349c5805d,ACBBA,gilbert_elliot,pGG_0.95_pBB_0.85,clue_search,19,361,4,0.1,36,36,comm_g19_r4_ge_drop025_acbba_topk010,C:\Users\lottj\Desktop\research\decentralized benchmark\topk_filter_study\results\sensitivity_suite\scenarios\clue_g19_n50.csv,843.2136,03,21,1,20,89.2898,4.251895238095238,4.4094,5.1812,5.4552,10.589226739227165,20,36.8372,1.84186,2.1582,0.0468,89.243,10.589226739227165,completed
21,dcta_parity_v1,custom,5789862b56c579a63f65129a7c7ce0c99a25e7c55fba998a5a9699fc4a7df60b,03f32103aba060045f2661de3c031f6fbcbc73f46000a9666f166ad349c5805d,ACBBA,gilbert_elliot,pGG_0.95_pBB_0.85,clue_search,19,361,4,0.1,36,36,comm_g19_r4_ge_drop025_acbba_topk010,C:\Users\lottj\Desktop\research\decentralized benchmark\topk_filter_study\results\sensitivity_suite\scenarios\clue_g19_n50.csv,99.5303,00,39,38,1,4.7267,0.1211974358974359,0.0213,0.0551,3.8304,4.749006081565112,1,1.864,1.864,1.864,0.8963,3.8304,4.749006081565112,completed
21,dcta_parity_v1,custom,5789862b56c579a63f65129a7c7ce0c99a25e7c55fba998a5a9699fc4a7df60b,03f32103aba060045f2661de3c031f6fbcbc73f46000a9666f166ad349c5805d,ACBBA,gilbert_elliot,pGG_0.95_pBB_0.85,clue_search,19,361,4,0.1,36,36,comm_g19_r4_ge_drop025_acbba_topk010,C:\Users\lottj\Desktop\research\decentralized benchmark\topk_filter_study\results\sensitivity_suite\scenarios\clue_g19_n50.csv,99.5303,01,39,38,1,4.7329,0.12135641025641025,0.0225,0.0851,3.776,4.7552353403938294,1,1.8075,1.8075,1.8075,0.9569,3.776,4.7552353403938294,completed
21,dcta_parity_v1,custom,5789862b56c579a63f65129a7c7ce0c99a25e7c55fba998a5a9699fc4a7df60b,03f32103aba060045f2661de3c031f6fbcbc73f46000a9666f166ad349c5805d,ACBBA,gilbert_elliot,pGG_0.95_pBB_0.85,clue_search,19,361,4,0.1,36,36,comm_g19_r4_ge_drop025_acbba_topk010,C:\Users\lottj\Desktop\research\decentralized benchmark\topk_filter_study\results\sensitivity_suite\scenarios\clue_g19_n50.csv,99.5303,02,39,38,1,4.8206999999999995,0.1236076923076923,0.0234,0.0939,3.7979,4.84344968316181,1,1.7715,1.7715,1.7715,1.0228,3.7979,4.84344968316181,completed
21,dcta_parity_v1,custom,5789862b56c579a63f65129a7c7ce0c99a25e7c55fba998a5a9699fc4a7df60b,03f32103aba060045f2661de3c031f6fbcbc73f46000a9666f166ad349c5805d,ACBBA,gilbert_elliot,pGG_0.95_pBB_0.85,clue_search,19,361,4,0.1,36,36,comm_g19_r4_ge_drop025_acbba_topk010,C:\Users\lottj\Desktop\research\decentralized benchmark\topk_filter_study\results\sensitivity_suite\scenarios\clue_g19_n50.csv,99.5303,03,37,36,1,4.7498,0.12837297297297295,0.0209,0.0544,3.9322,4.772215094297917,1,1.9941,1.9941,1.9941,0.8176,3.9322,4.772215094297917,completed
22,dcta_parity_v1,custom,5789862b56c579a63f65129a7c7ce0c99a25e7c55fba998a5a9699fc4a7df60b,03f32103aba060045f2661de3c031f6fbcbc73f46000a9666f166ad349c5805d,ACBBA,gilbert_elliot,pGG_0.95_pBB_0.85,clue_search,19,361,4,0.1,36,36,comm_g19_r4_ge_drop025_acbba_topk010,C:\Users\lottj\Desktop\research\decentralized benchmark\topk_filter_study\results\sensitivity_suite\scenarios\clue_g19_n50.csv,1008.2175,00,39,14,25,123.2535,3.1603461538461537,3.6847,5.8944,6.0043,12.224891950397609,25,58.7532,2.3501279999999998,2.9914,0.3585,122.895,12.224891950397609,completed
22,dcta_parity_v1,custom,5789862b56c579a63f65129a7c7ce0c99a25e7c55fba998a5a9699fc4a7df60b,03f32103aba060045f2661de3c031f6fbcbc73f46000a9666f166ad349c5805d,ACBBA,gilbert_elliot,pGG_0.95_pBB_0.85,clue_search,19,361,4,0.1,36,36,comm_g19_r4_ge_drop025_acbba_topk010,C:\Users\lottj\Desktop\research\decentralized benchmark\topk_filter_study\results\sensitivity_suite\scenarios\clue_g19_n50.csv,1008.2175,01,37,14,23,100.69669999999999,2.7215324324324324,3.3256,5.5134,5.5802,9.987596922291074,23,48.1864,2.0950608695652173,3.0118,0.3977,100.29899999999999,9.987596922291074,completed
22,dcta_parity_v1,custom,5789862b56c579a63f65129a7c7ce0c99a25e7c55fba998a5a9699fc4a7df60b,03f32103aba060045f2661de3c031f6fbcbc73f46000a9666f166ad349c5805d,ACBBA,gilbert_elliot,pGG_0.95_pBB_0.85,clue_search,19,361,4,0.1,36,36,comm_g19_r4_ge_drop025_acbba_topk010,C:\Users\lottj\Desktop\research\decentralized benchmark\topk_filter_study\results\sensitivity_suite\scenarios\clue_g19_n50.csv,1008.2175,02,56,14,42,186.6429,3.3329089285714284,3.38195,5.8792,6.0291,18.51216627364631,42,89.3974,2.128509523809524,3.2527,0.4619,186.181,18.51216627364631,completed
22,dcta_parity_v1,custom,5789862b56c579a63f65129a7c7ce0c99a25e7c55fba998a5a9699fc4a7df60b,03f32103aba060045f2661de3c031f6fbcbc73f46000a9666f166ad349c5805d,ACBBA,gilbert_elliot,pGG_0.95_pBB_0.85,clue_search,19,361,4,0.1,36,36,comm_g19_r4_ge_drop025_acbba_topk010,C:\Users\lottj\Desktop\research\decentralized benchmark\topk_filter_study\results\sensitivity_suite\scenarios\clue_g19_n50.csv,1008.2175,03,47,12,35,158.7989,3.3787000000000003,3.5257,5.5528,5.8756,15.750460590100847,35,78.5442,2.24412,3.2205,0.3139,158.485,15.750460590100847,completed
23,dcta_parity_v1,custom,5789862b56c579a63f65129a7c7ce0c99a25e7c55fba998a5a9699fc4a7df60b,03f32103aba060045f2661de3c031f6fbcbc73f46000a9666f166ad349c5805d,ACBBA,gilbert_elliot,pGG_0.95_pBB_0.85,clue_search,19,361,4,0.1,36,36,comm_g19_r4_ge_drop025_acbba_topk010,C:\Users\lottj\Desktop\research\decentralized benchmark\topk_filter_study\results\sensitivity_suite\scenarios\clue_g19_n50.csv,103.829,00,36,35,1,5.021,0.13947222222222222,0.021400000000000002,0.0981,4.1647,4.835835845476697,1,2.1461,2.1461,2.1461,0.8563000000000001,4.1647,4.835835845476697,completed
23,dcta_parity_v1,custom,5789862b56c579a63f65129a7c7ce0c99a25e7c55fba998a5a9699fc4a7df60b,03f32103aba060045f2661de3c031f6fbcbc73f46000a9666f166ad349c5805d,ACBBA,gilbert_elliot,pGG_0.95_pBB_0.85,clue_search,19,361,4,0.1,36,36,comm_g19_r4_ge_drop025_acbba_topk010,C:\Users\lottj\Desktop\research\decentralized benchmark\topk_filter_study\results\sensitivity_suite\scenarios\clue_g19_n50.csv,103.829,01,36,35,1,5.0378,0.1399388888888889,0.02325,0.0489,4.1749,4.852016296025195,1,2.1547,2.1547,2.1547,0.8629,4.1749,4.852016296025195,completed
23,dcta_parity_v1,custom,5789862b56c579a63f65129a7c7ce0c99a25e7c55fba998a5a9699fc4a7df60b,03f32103aba060045f2661de3c031f6fbcbc73f46000a9666f166ad349c5805d,ACBBA,gilbert_elliot,pGG_0.95_pBB_0.85,clue_search,19,361,4,0.1,36,36,comm_g19_r4_ge_drop025_acbba_topk010,C:\Users\lottj\Desktop\research\decentralized benchmark\topk_filter_study\results\sensitivity_suite\scenarios\clue_g19_n50.csv,103.829,02,36,35,1,5.5565999999999995,0.15435,0.0233,0.0458,4.6968,5.3516840189157175,1,2.5674,2.5674,2.5674,0.8598,4.6968,5.3516840189157175,completed
23,dcta_parity_v1,custom,5789862b56c579a63f65129a7c7ce0c99a25e7c55fba998a5a9699fc4a7df60b,03f32103aba060045f2661de3c031f6fbcbc73f46000a9666f166ad349c5805d,ACBBA,gilbert_elliot,pGG_0.95_pBB_0.85,clue_search,19,361,4,0.1,36,36,comm_g19_r4_ge_drop025_acbba_topk010,C:\Users\lottj\Desktop\research\decentralized benchmark\topk_filter_study\results\sensitivity_suite\scenarios\clue_g19_n50.csv,103.829,03,34,33,1,4.7802,0.1405941176470588,0.0208,0.055,4.0423,4.60391605428156,1,2.0659,2.0659,2.0659,0.7379,4.0423,4.60391605428156,completed
24,dcta_parity_v1,custom,5789862b56c579a63f65129a7c7ce0c99a25e7c55fba998a5a9699fc4a7df60b,03f32103aba060045f2661de3c031f6fbcbc73f46000a9666f166ad349c5805d,ACBBA,gilbert_elliot,pGG_0.95_pBB_0.85,clue_search,19,361,4,0.1,36,36,comm_g19_r4_ge_drop025_acbba_topk010,C:\Users\lottj\Desktop\research\decentralized benchmark\topk_filter_study\results\sensitivity_suite\scenarios\clue_g19_n50.csv,1260.2525,00,39,9,30,148.7945,3.8152435897435897,4.9364,5.6619,5.7286,11.806721272126023,30,65.8837,2.1961233333333334,2.9848,0.22,148.5745,11.806721272126023,completed
24,dcta_parity_v1,custom,5789862b56c579a63f65129a7c7ce0c99a25e7c55fba998a5a9699fc4a7df60b,03f32103aba060045f2661de3c031f6fbcbc73f46000a9666f166ad349c5805d,ACBBA,gilbert_elliot,pGG_0.95_pBB_0.85,clue_search,19,361,4,0.1,36,36,comm_g19_r4_ge_drop025_acbba_topk010,C:\Users\lottj\Desktop\research\decentralized benchmark\topk_filter_study\results\sensitivity_suite\scenarios\clue_g19_n50.csv,1260.2525,01,46,8,38,184.0067,4.000145652173913,4.77905,5.5042,5.7571,14.600780399166037,38,83.177,2.1888684210526317,3.3405,0.2977,183.709,14.600780399166037,completed
24,dcta_parity_v1,custom,5789862b56c579a63f65129a7c7ce0c99a25e7c55fba998a5a9699fc4a7df60b,03f32103aba060045f2661de3c031f6fbcbc73f46000a9666f166ad349c5805d,ACBBA,gilbert_elliot,pGG_0.95_pBB_0.85,clue_search,19,361,4,0.1,36,36,comm_g19_r4_ge_drop025_acbba_topk010,C:\Users\lottj\Desktop\research\decentralized benchmark\topk_filter_study\results\sensitivity_suite\scenarios\clue_g19_n50.csv,1260.2525,02,45,9,36,180.2321,4.005157777777778,4.9631,5.4209,6.0147,14.301268991729831,36,88.1752,2.449311111111111,3.0242,0.2599,179.97220000000002,14.301268991729831,completed
24,dcta_parity_v1,custom,5789862b56c579a63f65129a7c7ce0c99a25e7c55fba998a5a9699fc4a7df60b,03f32103aba060045f2661de3c031f6fbcbc73f46000a9666f166ad349c5805d,ACBBA,gilbert_elliot,pGG_0.95_pBB_0.85,clue_search,19,361,4,0.1,36,36,comm_g19_r4_ge_drop025_acbba_topk010,C:\Users\lottj\Desktop\research\decentralized benchmark\topk_filter_study\results\sensitivity_suite\scenarios\clue_g19_n50.csv,1260.2525,03,57,7,50,252.0,4.421052631578948,5.0166,5.8115,5.903,19.995992866508892,50,118.2507,2.365014,2.9958,0.1979,251.8021,19.995992866508892,completed
25,dcta_parity_v1,custom,5789862b56c579a63f65129a7c7ce0c99a25e7c55fba998a5a9699fc4a7df60b,03f32103aba060045f2661de3c031f6fbcbc73f46000a9666f166ad349c5805d,ACBBA,gilbert_elliot,pGG_0.95_pBB_0.85,clue_search,19,361,4,0.1,36,36,comm_g19_r4_ge_drop025_acbba_topk010,C:\Users\lottj\Desktop\research\decentralized benchmark\topk_filter_study\results\sensitivity_suite\scenarios\clue_g19_n50.csv,2877.2813,00,103,6,97,422.8384,4.1052271844660195,4.4313,5.1261,5.6497,14.695761585771956,97,103.9812,1.0719711340206186,2.2572,0.211,422.6274,14.695761585771956,completed
25,dcta_parity_v1,custom,5789862b56c579a63f65129a7c7ce0c99a25e7c55fba998a5a9699fc4a7df60b,03f32103aba060045f2661de3c031f6fbcbc73f46000a9666f166ad349c5805d,ACBBA,gilbert_elliot,pGG_0.95_pBB_0.85,clue_search,19,361,4,0.1,36,36,comm_g19_r4_ge_drop025_acbba_topk010,C:\Users\lottj\Desktop\research\decentralized benchmark\topk_filter_study\results\sensitivity_suite\scenarios\clue_g19_n50.csv,2877.2813,01,95,6,89,381.2736,4.0134063157894735,4.3489,5.2273,7.9658,13.251175684490772,89,107.2835,1.205432584269663,2.4991,0.23779999999999998,381.0358,13.251175684490772,completed
25,dcta_parity_v1,custom,5789862b56c579a63f65129a7c7ce0c99a25e7c55fba998a5a9699fc4a7df60b,03f32103aba060045f2661de3c031f6fbcbc73f46000a9666f166ad349c5805d,ACBBA,gilbert_elliot,pGG_0.95_pBB_0.85,clue_search,19,361,4,0.1,36,36,comm_g19_r4_ge_drop025_acbba_topk010,C:\Users\lottj\Desktop\research\decentralized benchmark\topk_filter_study\results\sensitivity_suite\scenarios\clue_g19_n50.csv,2877.2813,02,123,6,117,518.2745,4.213613821138211,4.4841,5.1424,5.922,18.012646174011557,117,124.5174,1.064251282051282,2.2934,0.205,518.0695,18.012646174011557,completed
25,dcta_parity_v1,custom,5789862b56c579a63f65129a7c7ce0c99a25e7c55fba998a5a9699fc4a7df60b,03f32103aba060045f2661de3c031f6fbcbc73f46000a9666f166ad349c5805d,ACBBA,gilbert_elliot,pGG_0.95_pBB_0.85,clue_search,19,361,4,0.1,36,36,comm_g19_r4_ge_drop025_acbba_topk010,C:\Users\lottj\Desktop\research\decentralized benchmark\topk_filter_study\results\sensitivity_suite\scenarios\clue_g19_n50.csv,2877.2813,03,92,4,88,371.2467,4.035290217391304,4.29405,4.8258,5.0961,12.90269046686537,88,110.1506,1.2517113636363637,2.2801,0.1845,371.0622,12.90269046686537,completed
26,dcta_parity_v1,custom,5789862b56c579a63f65129a7c7ce0c99a25e7c55fba998a5a9699fc4a7df60b,03f32103aba060045f2661de3c031f6fbcbc73f46000a9666f166ad349c5805d,ACBBA,gilbert_elliot,pGG_0.95_pBB_0.85,clue_search,19,361,4,0.1,36,36,comm_g19_r4_ge_drop025_acbba_topk010,C:\Users\lottj\Desktop\research\decentralized benchmark\topk_filter_study\results\sensitivity_suite\scenarios\clue_g19_n50.csv,179.4679,00,55,53,2,4.9367,0.08975818181818182,0.0226,0.05,3.5801,2.750742611909985,1,1.5734,1.5734,1.5734,1.3319,3.6048,2.750742611909985,completed
26,dcta_parity_v1,custom,5789862b56c579a63f65129a7c7ce0c99a25e7c55fba998a5a9699fc4a7df60b,03f32103aba060045f2661de3c031f6fbcbc73f46000a9666f166ad349c5805d,ACBBA,gilbert_elliot,pGG_0.95_pBB_0.85,clue_search,19,361,4,0.1,36,36,comm_g19_r4_ge_drop025_acbba_topk010,C:\Users\lottj\Desktop\research\decentralized benchmark\topk_filter_study\results\sensitivity_suite\scenarios\clue_g19_n50.csv,179.4679,01,55,53,2,9.4119,0.17112545454545453,0.0258,0.1084,3.9853,5.244336173767008,2,3.5962,1.7981,1.8089,1.5243,7.8876,5.244336173767008,completed
26,dcta_parity_v1,custom,5789862b56c579a63f65129a7c7ce0c99a25e7c55fba998a5a9699fc4a7df60b,03f32103aba060045f2661de3c031f6fbcbc73f46000a9666f166ad349c5805d,ACBBA,gilbert_elliot,pGG_0.95_pBB_0.85,clue_search,19,361,4,0.1,36,36,comm_g19_r4_ge_drop025_acbba_topk010,C:\Users\lottj\Desktop\research\decentralized benchmark\topk_filter_study\results\sensitivity_suite\scenarios\clue_g19_n50.csv,179.4679,02,57,54,3,13.1442,0.2306,0.0248,3.849,3.9562,7.32398384335026,3,5.5494,1.8498,1.9134,1.416,11.728200000000001,7.32398384335026,completed
26,dcta_parity_v1,custom,5789862b56c579a63f65129a7c7ce0c99a25e7c55fba998a5a9699fc4a7df60b,03f32103aba060045f2661de3c031f6fbcbc73f46000a9666f166ad349c5805d,ACBBA,gilbert_elliot,pGG_0.95_pBB_0.85,clue_search,19,361,4,0.1,36,36,comm_g19_r4_ge_drop025_acbba_topk010,C:\Users\lottj\Desktop\research\decentralized benchmark\topk_filter_study\results\sensitivity_suite\scenarios\clue_g19_n50.csv,179.4679,03,54,51,3,12.6967,0.23512407407407407,0.023,3.6971,3.9869,7.074635631218731,3,5.1079,1.7026333333333332,1.7168,1.2207,11.475999999999999,7.074635631218731,completed
27,dcta_parity_v1,custom,5789862b56c579a63f65129a7c7ce0c99a25e7c55fba998a5a9699fc4a7df60b,03f32103aba060045f2661de3c031f6fbcbc73f46000a9666f166ad349c5805d,ACBBA,gilbert_elliot,pGG_0.95_pBB_0.85,clue_search,19,361,4,0.1,36,36,comm_g19_r4_ge_drop025_acbba_topk010,C:\Users\lottj\Desktop\research\decentralized benchmark\topk_filter_study\results\sensitivity_suite\scenarios\clue_g19_n50.csv,1512.6463,00,56,10,46,219.22990000000001,3.914819642857143,4.8567,5.4423,5.7698,14.493136961363671,46,86.5762,1.882091304347826,2.7664,0.2604,218.9695,14.493136961363671,completed
27,dcta_parity_v1,custom,5789862b56c579a63f65129a7c7ce0c99a25e7c55fba998a5a9699fc4a7df60b,03f32103aba060045f2661de3c031f6fbcbc73f46000a9666f166ad349c5805d,ACBBA,gilbert_elliot,pGG_0.95_pBB_0.85,clue_search,19,361,4,0.1,36,36,comm_g19_r4_ge_drop025_acbba_topk010,C:\Users\lottj\Desktop\research\decentralized benchmark\topk_filter_study\results\sensitivity_suite\scenarios\clue_g19_n50.csv,1512.6463,01,62,9,53,245.5086,3.959816129032258,4.7726500000000005,5.6075,6.5646,16.230403631040513,53,110.5463,2.085779245283019,3.0659,0.3024,245.2062,16.230403631040513,completed
27,dcta_parity_v1,custom,5789862b56c579a63f65129a7c7ce0c99a25e7c55fba998a5a9699fc4a7df60b,03f32103aba060045f2661de3c031f6fbcbc73f46000a9666f166ad349c5805d,ACBBA,gilbert_elliot,pGG_0.95_pBB_0.85,clue_search,19,361,4,0.1,36,36,comm_g19_r4_ge_drop025_acbba_topk010,C:\Users\lottj\Desktop\research\decentralized benchmark\topk_filter_study\results\sensitivity_suite\scenarios\clue_g19_n50.csv,1512.6463,02,51,10,41,194.4456,3.812658823529412,4.6603,5.5736,5.6955,12.854664041421977,41,91.2508,2.225629268292683,2.9956,0.2845,194.1611,12.854664041421977,completed
27,dcta_parity_v1,custom,5789862b56c579a63f65129a7c7ce0c99a25e7c55fba998a5a9699fc4a7df60b,03f32103aba060045f2661de3c031f6fbcbc73f46000a9666f166ad349c5805d,ACBBA,gilbert_elliot,pGG_0.95_pBB_0.85,clue_search,19,361,4,0.1,36,36,comm_g19_r4_ge_drop025_acbba_topk010,C:\Users\lottj\Desktop\research\decentralized benchmark\topk_filter_study\results\sensitivity_suite\scenarios\clue_g19_n50.csv,1512.6463,03,54,7,47,222.8907,4.127605555555555,4.7875,5.7014,5.977,14.735149915746991,47,102.0296,2.1708425531914894,3.0159,0.1855,222.7052,14.735149915746991,completed
28,dcta_parity_v1,custom,5789862b56c579a63f65129a7c7ce0c99a25e7c55fba998a5a9699fc4a7df60b,03f32103aba060045f2661de3c031f6fbcbc73f46000a9666f166ad349c5805d,ACBBA,gilbert_elliot,pGG_0.95_pBB_0.85,clue_search,19,361,4,0.1,36,36,comm_g19_r4_ge_drop025_acbba_topk010,C:\Users\lottj\Desktop\research\decentralized benchmark\topk_filter_study\results\sensitivity_suite\scenarios\clue_g19_n50.csv,868.9281,00,45,18,27,119.7778,2.661728888888889,4.2726,4.5587,4.8739,13.784546730621326,27,53.2245,1.9712777777777777,2.4021,0.3927,119.3851,13.784546730621326,completed
28,dcta_parity_v1,custom,5789862b56c579a63f65129a7c7ce0c99a25e7c55fba998a5a9699fc4a7df60b,03f32103aba060045f2661de3c031f6fbcbc73f46000a9666f166ad349c5805d,ACBBA,gilbert_elliot,pGG_0.95_pBB_0.85,clue_search,19,361,4,0.1,36,36,comm_g19_r4_ge_drop025_acbba_topk010,C:\Users\lottj\Desktop\research\decentralized benchmark\topk_filter_study\results\sensitivity_suite\scenarios\clue_g19_n50.csv,868.9281,01,44,17,27,120.5695,2.7402159090909093,4.27915,4.666,4.7187,13.87565898720504,27,52.7603,1.9540851851851853,2.2876,0.4687,120.10079999999999,13.87565898720504,completed
28,dcta_parity_v1,custom,5789862b56c579a63f65129a7c7ce0c99a25e7c55fba998a5a9699fc4a7df60b,03f32103aba060045f2661de3c031f6fbcbc73f46000a9666f166ad349c5805d,ACBBA,gilbert_elliot,pGG_0.95_pBB_0.85,clue_search,19,361,4,0.1,36,36,comm_g19_r4_ge_drop025_acbba_topk010,C:\Users\lottj\Desktop\research\decentralized benchmark\topk_filter_study\results\sensitivity_suite\scenarios\clue_g19_n50.csv,868.9281,02,50,18,32,137.77439999999999,2.7554879999999997,4.2658000000000005,4.7425,4.8945,15.855673213928746,32,67.032,2.09475,2.416,0.4757,137.2987,15.855673213928746,completed
28,dcta_parity_v1,custom,5789862b56c579a63f65129a7c7ce0c99a25e7c55fba998a5a9699fc4a7df60b,03f32103aba060045f2661de3c031f6fbcbc73f46000a9666f166ad349c5805d,ACBBA,gilbert_elliot,pGG_0.95_pBB_0.85,clue_search,19,361,4,0.1,36,36,comm_g19_r4_ge_drop025_acbba_topk010,C:\Users\lottj\Desktop\research\decentralized benchmark\topk_filter_study\results\sensitivity_suite\scenarios\clue_g19_n50.csv,868.9281,03,42,15,27,118.6994,2.8261761904761906,4.26005,4.607,5.3683,13.660439799334377,27,49.9326,1.8493555555555556,2.3205,0.3335,118.3659,13.660439799334377,completed
29,dcta_parity_v1,custom,5789862b56c579a63f65129a7c7ce0c99a25e7c55fba998a5a9699fc4a7df60b,03f32103aba060045f2661de3c031f6fbcbc73f46000a9666f166ad349c5805d,ACBBA,gilbert_elliot,pGG_0.95_pBB_0.85,clue_search,19,361,4,0.1,36,36,comm_g19_r4_ge_drop025_acbba_topk010,C:\Users\lottj\Desktop\research\decentralized benchmark\topk_filter_study\results\sensitivity_suite\scenarios\clue_g19_n50.csv,270.839,00,54,43,11,38.2452,0.7082444444444443,0.02325,3.5283,3.6667,14.12100916042372,11,14.9807,1.3618818181818182,1.5134,1.0495,37.1957,14.12100916042372,completed
29,dcta_parity_v1,custom,5789862b56c579a63f65129a7c7ce0c99a25e7c55fba998a5a9699fc4a7df60b,03f32103aba060045f2661de3c031f6fbcbc73f46000a9666f166ad349c5805d,ACBBA,gilbert_elliot,pGG_0.95_pBB_0.85,clue_search,19,361,4,0.1,36,36,comm_g19_r4_ge_drop025_acbba_topk010,C:\Users\lottj\Desktop\research\decentralized benchmark\topk_filter_study\results\sensitivity_suite\scenarios\clue_g19_n50.csv,270.839,01,51,42,9,29.7092,0.5825333333333333,0.0242,3.455,3.5267,10.96932125727831,9,12.6259,1.4028777777777777,1.4926,1.015,28.694200000000002,10.96932125727831,completed
29,dcta_parity_v1,custom,5789862b56c579a63f65129a7c7ce0c99a25e7c55fba998a5a9699fc4a7df60b,03f32103aba060045f2661de3c031f6fbcbc73f46000a9666f166ad349c5805d,ACBBA,gilbert_elliot,pGG_0.95_pBB_0.85,clue_search,19,361,4,0.1,36,36,comm_g19_r4_ge_drop025_acbba_topk010,C:\Users\lottj\Desktop\research\decentralized benchmark\topk_filter_study\results\sensitivity_suite\scenarios\clue_g19_n50.csv,270.839,02,51,42,9,32.9897,0.646856862745098,0.0257,3.5682,3.8928,12.180557452951753,9,14.2049,1.5783222222222222,1.8331,1.0882,31.9015,12.180557452951753,completed
29,dcta_parity_v1,custom,5789862b56c579a63f65129a7c7ce0c99a25e7c55fba998a5a9699fc4a7df60b,03f32103aba060045f2661de3c031f6fbcbc73f46000a9666f166ad349c5805d,ACBBA,gilbert_elliot,pGG_0.95_pBB_0.85,clue_search,19,361,4,0.1,36,36,comm_g19_r4_ge_drop025_acbba_topk010,C:\Users\lottj\Desktop\research\decentralized benchmark\topk_filter_study\results\sensitivity_suite\scenarios\clue_g19_n50.csv,270.839,03,44,40,4,13.952399999999999,0.3171,0.0216,3.4129,3.4787,5.151547598388711,4,5.3991,1.349775,1.569,0.9597,12.9927,5.151547598388711,completed
30,dcta_parity_v1,custom,5789862b56c579a63f65129a7c7ce0c99a25e7c55fba998a5a9699fc4a7df60b,03f32103aba060045f2661de3c031f6fbcbc73f46000a9666f166ad349c5805d,ACBBA,gilbert_elliot,pGG_0.95_pBB_0.85,clue_search,19,361,4,0.1,36,36,comm_g19_r4_ge_drop025_acbba_topk010,C:\Users\lottj\Desktop\research\decentralized benchmark\topk_filter_study\results\sensitivity_suite\scenarios\clue_g19_n50.csv,39.3043,00,18,18,0,0.4922,0.027344444444444446,0.021150000000000002,0.1078,0.1078,1.252280284854329,0,0.0,0.0,0.0,0.4922,0.0,1.252280284854329,completed
30,dcta_parity_v1,custom,5789862b56c579a63f65129a7c7ce0c99a25e7c55fba998a5a9699fc4a7df60b,03f32103aba060045f2661de3c031f6fbcbc73f46000a9666f166ad349c5805d,ACBBA,gilbert_elliot,pGG_0.95_pBB_0.85,clue_search,19,361,4,0.1,36,36,comm_g19_r4_ge_drop025_acbba_topk010,C:\Users\lottj\Desktop\research\decentralized benchmark\topk_filter_study\results\sensitivity_suite\scenarios\clue_g19_n50.csv,39.3043,01,18,18,0,0.4398,0.024433333333333335,0.02265,0.0475,0.0475,1.1189615385593945,0,0.0,0.0,0.0,0.4398,0.0,1.1189615385593945,completed
30,dcta_parity_v1,custom,5789862b56c579a63f65129a7c7ce0c99a25e7c55fba998a5a9699fc4a7df60b,03f32103aba060045f2661de3c031f6fbcbc73f46000a9666f166ad349c5805d,ACBBA,gilbert_elliot,pGG_0.95_pBB_0.85,clue_search,19,361,4,0.1,36,36,comm_g19_r4_ge_drop025_acbba_topk010,C:\Users\lottj\Desktop\research\decentralized benchmark\topk_filter_study\results\sensitivity_suite\scenarios\clue_g19_n50.csv,39.3043,02,18,18,0,0.4399,0.02443888888888889,0.0226,0.0535,0.0535,1.1192159636477435,0,0.0,0.0,0.0,0.4399,0.0,1.1192159636477435,completed
30,dcta_parity_v1,custom,5789862b56c579a63f65129a7c7ce0c99a25e7c55fba998a5a9699fc4a7df60b,03f32103aba060045f2661de3c031f6fbcbc73f46000a9666f166ad349c5805d,ACBBA,gilbert_elliot,pGG_0.95_pBB_0.85,clue_search,19,361,4,0.1,36,36,comm_g19_r4_ge_drop025_acbba_topk010,C:\Users\lottj\Desktop\research\decentralized benchmark\topk_filter_study\results\sensitivity_suite\scenarios\clue_g19_n50.csv,39.3043,03,16,16,0,0.3466,0.0216625,0.019200000000000002,0.0533,0.0533,0.8818373562180221,0,0.0,0.0,0.0,0.3466,0.0,0.8818373562180221,completed
31,dcta_parity_v1,custom,5789862b56c579a63f65129a7c7ce0c99a25e7c55fba998a5a9699fc4a7df60b,03f32103aba060045f2661de3c031f6fbcbc73f46000a9666f166ad349c5805d,ACBBA,gilbert_elliot,pGG_0.95_pBB_0.85,clue_search,19,361,4,0.1,36,36,comm_g19_r4_ge_drop025_acbba_topk010,C:\Users\lottj\Desktop\research\decentralized benchmark\topk_filter_study\results\sensitivity_suite\scenarios\clue_g19_n50.csv,114.4268,00,17,4,13,7.3206,0.4306235294117647,0.0398,3.4937,3.4937,6.397627129308868,2,2.8594,1.4297,1.4566,0.1034,7.2172,6.397627129308868,completed
31,dcta_parity_v1,custom,5789862b56c579a63f65129a7c7ce0c99a25e7c55fba998a5a9699fc4a7df60b,03f32103aba060045f2661de3c031f6fbcbc73f46000a9666f166ad349c5805d,ACBBA,gilbert_elliot,pGG_0.95_pBB_0.85,clue_search,19,361,4,0.1,36,36,comm_g19_r4_ge_drop025_acbba_topk010,C:\Users\lottj\Desktop\research\decentralized benchmark\topk_filter_study\results\sensitivity_suite\scenarios\clue_g19_n50.csv,114.4268,01,13,4,9,34.2396,2.6338153846153847,3.755,4.0629,4.0629,29.92271041399393,9,16.0931,1.7881222222222222,1.9849,0.14529999999999998,34.0943,29.92271041399393,completed
31,dcta_parity_v1,custom,5789862b56c579a63f65129a7c7ce0c99a25e7c55fba998a5a9699fc4a7df60b,03f32103aba060045f2661de3c031f6fbcbc73f46000a9666f166ad349c5805d,ACBBA,gilbert_elliot,pGG_0.95_pBB_0.85,clue_search,19,361,4,0.1,36,36,comm_g19_r4_ge_drop025_acbba_topk010,C:\Users\lottj\Desktop\research\decentralized benchmark\topk_filter_study\results\sensitivity_suite\scenarios\clue_g19_n50.csv,114.4268,02,15,4,11,3.9814000000000003,0.2654266666666667,0.0457,3.4241,3.4241,3.4794296441043535,1,1.5042,1.5042,1.5042,0.1338,3.8476,3.4794296441043535,completed
31,dcta_parity_v1,custom,5789862b56c579a63f65129a7c7ce0c99a25e7c55fba998a5a9699fc4a7df60b,03f32103aba060045f2661de3c031f6fbcbc73f46000a9666f166ad349c5805d,ACBBA,gilbert_elliot,pGG_0.95_pBB_0.85,clue_search,19,361,4,0.1,36,36,comm_g19_r4_ge_drop025_acbba_topk010,C:\Users\lottj\Desktop\research\decentralized benchmark\topk_filter_study\results\sensitivity_suite\scenarios\clue_g19_n50.csv,114.4268,03,14,2,12,7.1133999999999995,0.5081,0.04185,3.3449,3.3449,6.216550668200107,2,2.8748,1.4374,1.4451,0.0743,7.0390999999999995,6.216550668200107,completed
32,dcta_parity_v1,custom,5789862b56c579a63f65129a7c7ce0c99a25e7c55fba998a5a9699fc4a7df60b,03f32103aba060045f2661de3c031f6fbcbc73f46000a9666f166ad349c5805d,ACBBA,gilbert_elliot,pGG_0.95_pBB_0.85,clue_search,19,361,4,0.1,36,36,comm_g19_r4_ge_drop025_acbba_topk010,C:\Users\lottj\Desktop\research\decentralized benchmark\topk_filter_study\results\sensitivity_suite\scenarios\clue_g19_n50.csv,44.6536,00,22,22,0,0.4586,0.020845454545454545,0.0197,0.0217,0.0444,1.0270168586631314,0,0.0,0.0,0.0,0.4586,0.0,1.0270168586631314,completed
32,dcta_parity_v1,custom,5789862b56c579a63f65129a7c7ce0c99a25e7c55fba998a5a9699fc4a7df60b,03f32103aba060045f2661de3c031f6fbcbc73f46000a9666f166ad349c5805d,ACBBA,gilbert_elliot,pGG_0.95_pBB_0.85,clue_search,19,361,4,0.1,36,36,comm_g19_r4_ge_drop025_acbba_topk010,C:\Users\lottj\Desktop\research\decentralized benchmark\topk_filter_study\results\sensitivity_suite\scenarios\clue_g19_n50.csv,44.6536,01,22,22,0,0.5437,0.02471363636363636,0.022,0.0317,0.0702,1.2175949979396958,0,0.0,0.0,0.0,0.5437,0.0,1.2175949979396958,completed
32,dcta_parity_v1,custom,5789862b56c579a63f65129a7c7ce0c99a25e7c55fba998a5a9699fc4a7df60b,03f32103aba060045f2661de3c031f6fbcbc73f46000a9666f166ad349c5805d,ACBBA,gilbert_elliot,pGG_0.95_pBB_0.85,clue_search,19,361,4,0.1,36,36,comm_g19_r4_ge_drop025_acbba_topk010,C:\Users\lottj\Desktop\research\decentralized benchmark\topk_filter_study\results\sensitivity_suite\scenarios\clue_g19_n50.csv,44.6536,02,22,22,0,0.5411,0.024595454545454545,0.023350000000000003,0.03,0.0502,1.211772399089883,0,0.0,0.0,0.0,0.5411,0.0,1.211772399089883,completed
32,dcta_parity_v1,custom,5789862b56c579a63f65129a7c7ce0c99a25e7c55fba998a5a9699fc4a7df60b,03f32103aba060045f2661de3c031f6fbcbc73f46000a9666f166ad349c5805d,ACBBA,gilbert_elliot,pGG_0.95_pBB_0.85,clue_search,19,361,4,0.1,36,36,comm_g19_r4_ge_drop025_acbba_topk010,C:\Users\lottj\Desktop\research\decentralized benchmark\topk_filter_study\results\sensitivity_suite\scenarios\clue_g19_n50.csv,44.6536,03,20,20,0,0.4456,0.02228,0.01975,0.0221,0.0679,0.9979038644140675,0,0.0,0.0,0.0,0.4456,0.0,0.9979038644140675,completed
33,dcta_parity_v1,custom,5789862b56c579a63f65129a7c7ce0c99a25e7c55fba998a5a9699fc4a7df60b,03f32103aba060045f2661de3c031f6fbcbc73f46000a9666f166ad349c5805d,ACBBA,gilbert_elliot,pGG_0.95_pBB_0.85,clue_search,19,361,4,0.1,36,36,comm_g19_r4_ge_drop025_acbba_topk010,C:\Users\lottj\Desktop\research\decentralized benchmark\topk_filter_study\results\sensitivity_suite\scenarios\clue_g19_n50.csv,6.917,00,3,3,0,0.0868,0.028933333333333335,0.0211,0.0462,0.0462,1.254879282926124,0,0.0,0.0,0.0,0.0868,0.0,1.254879282926124,completed
33,dcta_parity_v1,custom,5789862b56c579a63f65129a7c7ce0c99a25e7c55fba998a5a9699fc4a7df60b,03f32103aba060045f2661de3c031f6fbcbc73f46000a9666f166ad349c5805d,ACBBA,gilbert_elliot,pGG_0.95_pBB_0.85,clue_search,19,361,4,0.1,36,36,comm_g19_r4_ge_drop025_acbba_topk010,C:\Users\lottj\Desktop\research\decentralized benchmark\topk_filter_study\results\sensitivity_suite\scenarios\clue_g19_n50.csv,6.917,01,2,2,0,0.0676,0.0338,0.0338,0.0439,0.0439,0.9773022986844008,0,0.0,0.0,0.0,0.0676,0.0,0.9773022986844008,completed
33,dcta_parity_v1,custom,5789862b56c579a63f65129a7c7ce0c99a25e7c55fba998a5a9699fc4a7df60b,03f32103aba060045f2661de3c031f6fbcbc73f46000a9666f166ad349c5805d,ACBBA,gilbert_elliot,pGG_0.95_pBB_0.85,clue_search,19,361,4,0.1,36,36,comm_g19_r4_ge_drop025_acbba_topk010,C:\Users\lottj\Desktop\research\decentralized benchmark\topk_filter_study\results\sensitivity_suite\scenarios\clue_g19_n50.csv,6.917,02,3,3,0,0.16799999999999998,0.055999999999999994,0.032,0.1127,0.1127,2.4287986121150786,0,0.0,0.0,0.0,0.16799999999999998,0.0,2.4287986121150786,completed
33,dcta_parity_v1,custom,5789862b56c579a63f65129a7c7ce0c99a25e7c55fba998a5a9699fc4a7df60b,03f32103aba060045f2661de3c031f6fbcbc73f46000a9666f166ad349c5805d,ACBBA,gilbert_elliot,pGG_0.95_pBB_0.85,clue_search,19,361,4,0.1,36,36,comm_g19_r4_ge_drop025_acbba_topk010,C:\Users\lottj\Desktop\research\decentralized benchmark\topk_filter_study\results\sensitivity_suite\scenarios\clue_g19_n50.csv,6.917,03,1,1,0,0.0517,0.0517,0.0517,0.0517,0.0517,0.7474338586092236,0,0.0,0.0,0.0,0.0517,0.0,0.7474338586092236,completed
34,dcta_parity_v1,custom,5789862b56c579a63f65129a7c7ce0c99a25e7c55fba998a5a9699fc4a7df60b,03f32103aba060045f2661de3c031f6fbcbc73f46000a9666f166ad349c5805d,ACBBA,gilbert_elliot,pGG_0.95_pBB_0.85,clue_search,19,361,4,0.1,36,36,comm_g19_r4_ge_drop025_acbba_topk010,C:\Users\lottj\Desktop\research\decentralized benchmark\topk_filter_study\results\sensitivity_suite\scenarios\clue_g19_n50.csv,1817.8631,00,78,25,53,242.5233,3.109273076923077,4.4387,5.4142,5.6418,13.34112013165348,53,86.6666,1.6352188679245283,2.7412,0.5469,241.9764,13.34112013165348,completed
34,dcta_parity_v1,custom,5789862b56c579a63f65129a7c7ce0c99a25e7c55fba998a5a9699fc4a7df60b,03f32103aba060045f2661de3c031f6fbcbc73f46000a9666f166ad349c5805d,ACBBA,gilbert_elliot,pGG_0.95_pBB_0.85,clue_search,19,361,4,0.1,36,36,comm_g19_r4_ge_drop025_acbba_topk010,C:\Users\lottj\Desktop\research\decentralized benchmark\topk_filter_study\results\sensitivity_suite\scenarios\clue_g19_n50.csv,1817.8631,01,91,25,66,300.6758,3.30412967032967,4.4715,5.4884,5.9383,16.54006839128865,66,113.9245,1.7261287878787879,2.5192,0.5838,300.092,16.54006839128865,completed
34,dcta_parity_v1,custom,5789862b56c579a63f65129a7c7ce0c99a25e7c55fba998a5a9699fc4a7df60b,03f32103aba060045f2661de3c031f6fbcbc73f46000a9666f166ad349c5805d,ACBBA,gilbert_elliot,pGG_0.95_pBB_0.85,clue_search,19,361,4,0.1,36,36,comm_g19_r4_ge_drop025_acbba_topk010,C:\Users\lottj\Desktop\research\decentralized benchmark\topk_filter_study\results\sensitivity_suite\scenarios\clue_g19_n50.csv,1817.8631,02,86,26,60,278.0544,3.2331906976744182,4.458349999999999,5.2271,5.4353,15.295673255043242,60,104.7626,1.7460433333333334,2.4642,0.6204,277.43399999999997,15.295673255043242,completed
34,dcta_parity_v1,custom,5789862b56c579a63f65129a7c7ce0c99a25e7c55fba998a5a9699fc4a7df60b,03f32103aba060045f2661de3c031f6fbcbc73f46000a9666f166ad349c5805d,ACBBA,gilbert_elliot,pGG_0.95_pBB_0.85,clue_search,19,361,4,0.1,36,36,comm_g19_r4_ge_drop025_acbba_topk010,C:\Users\lottj\Desktop\research\decentralized benchmark\topk_filter_study\results\sensitivity_suite\scenarios\clue_g19_n50.csv,1817.8631,03,76,23,53,241.165,3.173223684210526,4.46465,5.1606,5.3479,13.266400533681551,53,94.4143,1.7814018867924528,2.5471,0.5376,240.6274,13.266400533681551,completed
35,dcta_parity_v1,custom,5789862b56c579a63f65129a7c7ce0c99a25e7c55fba998a5a9699fc4a7df60b,03f32103aba060045f2661de3c031f6fbcbc73f46000a9666f166ad349c5805d,ACBBA,gilbert_elliot,pGG_0.95_pBB_0.85,clue_search,19,361,4,0.1,36,36,comm_g19_r4_ge_drop025_acbba_topk010,C:\Users\lottj\Desktop\research\decentralized benchmark\topk_filter_study\results\sensitivity_suite\scenarios\clue_g19_n50.csv,1684.7201,00,56,9,47,236.0807,4.215726785714286,5.140700000000001,5.7667,5.9491,14.013051782310901,47,103.9673,2.2120702127659575,2.8208,0.3337,235.74699999999999,14.013051782310901,completed
35,dcta_parity_v1,custom,5789862b56c579a63f65129a7c7ce0c99a25e7c55fba998a5a9699fc4a7df60b,03f32103aba060045f2661de3c031f6fbcbc73f46000a9666f166ad349c5805d,ACBBA,gilbert_elliot,pGG_0.95_pBB_0.85,clue_search,19,361,4,0.1,36,36,comm_g19_r4_ge_drop025_acbba_topk010,C:\Users\lottj\Desktop\research\decentralized benchmark\topk_filter_study\results\sensitivity_suite\scenarios\clue_g19_n50.csv,1684.7201,01,58,9,49,244.3648,4.213186206896552,5.1796,5.9223,6.3685,14.504771445416957,49,115.11789999999999,2.3493448979591833,3.282,0.2647,244.1001,14.504771445416957,completed
35,dcta_parity_v1,custom,5789862b56c579a63f65129a7c7ce0c99a25e7c55fba998a5a9699fc4a7df60b,03f32103aba060045f2661de3c031f6fbcbc73f46000a9666f166ad349c5805d,ACBBA,gilbert_elliot,pGG_0.95_pBB_0.85,clue_search,19,361,4,0.1,36,36,comm_g19_r4_ge_drop025_acbba_topk010,C:\Users\lottj\Desktop\research\decentralized benchmark\topk_filter_study\results\sensitivity_suite\scenarios\clue_g19_n50.csv,1684.7201,02,63,9,54,269.3682,4.275685714285714,5.153,6.0524,6.294,15.988899283625807,54,130.5881,2.418298148148148,3.4768,0.2851,269.0831,15.988899283625807,completed
35,dcta_parity_v1,custom,5789862b56c579a63f65129a7c7ce0c99a25e7c55fba998a5a9699fc4a7df60b,03f32103aba060045f2661de3c031f6fbcbc73f46000a9666f166ad349c5805d,ACBBA,gilbert_elliot,pGG_0.95_pBB_0.85,clue_search,19,361,4,0.1,36,36,comm_g19_r4_ge_drop025_acbba_topk010,C:\Users\lottj\Desktop\research\decentralized benchmark\topk_filter_study\results\sensitivity_suite\scenarios\clue_g19_n50.csv,1684.7201,03,49,7,42,207.8448,4.241730612244898,5.1237,5.8042,5.8751,12.337052309163997,42,96.0192,2.2861714285714285,3.4802,0.24059999999999998,207.6042,12.337052309163997,completed
36,dcta_parity_v1,custom,5789862b56c579a63f65129a7c7ce0c99a25e7c55fba998a5a9699fc4a7df60b,03f32103aba060045f2661de3c031f6fbcbc73f46000a9666f166ad349c5805d,ACBBA,gilbert_elliot,pGG_0.95_pBB_0.85,clue_search,19,361,4,0.1,36,36,comm_g19_r4_ge_drop025_acbba_topk010,C:\Users\lottj\Desktop\research\decentralized benchmark\topk_filter_study\results\sensitivity_suite\scenarios\clue_g19_n50.csv,17.0938,00,7,7,0,0.1968,0.028114285714285713,0.0227,0.0407,0.0407,1.1512946214416921,0,0.0,0.0,0.0,0.1968,0.0,1.1512946214416921,completed
36,dcta_parity_v1,custom,5789862b56c579a63f65129a7c7ce0c99a25e7c55fba998a5a9699fc4a7df60b,03f32103aba060045f2661de3c031f6fbcbc73f46000a9666f166ad349c5805d,ACBBA,gilbert_elliot,pGG_0.95_pBB_0.85,clue_search,19,361,4,0.1,36,36,comm_g19_r4_ge_drop025_acbba_topk010,C:\Users\lottj\Desktop\research\decentralized benchmark\topk_filter_study\results\sensitivity_suite\scenarios\clue_g19_n50.csv,17.0938,01,6,6,0,0.176,0.029333333333333333,0.024,0.0521,0.0521,1.029613076086066,0,0.0,0.0,0.0,0.176,0.0,1.029613076086066,completed
36,dcta_parity_v1,custom,5789862b56c579a63f65129a7c7ce0c99a25e7c55fba998a5a9699fc4a7df60b,03f32103aba060045f2661de3c031f6fbcbc73f46000a9666f166ad349c5805d,ACBBA,gilbert_elliot,pGG_0.95_pBB_0.85,clue_search,19,361,4,0.1,36,36,comm_g19_r4_ge_drop025_acbba_topk010,C:\Users\lottj\Desktop\research\decentralized benchmark\topk_filter_study\results\sensitivity_suite\scenarios\clue_g19_n50.csv,17.0938,02,7,7,0,0.1972,0.02817142857142857,0.0231,0.0528,0.0528,1.1536346511600695,0,0.0,0.0,0.0,0.1972,0.0,1.1536346511600695,completed
36,dcta_parity_v1,custom,5789862b56c579a63f65129a7c7ce0c99a25e7c55fba998a5a9699fc4a7df60b,03f32103aba060045f2661de3c031f6fbcbc73f46000a9666f166ad349c5805d,ACBBA,gilbert_elliot,pGG_0.95_pBB_0.85,clue_search,19,361,4,0.1,36,36,comm_g19_r4_ge_drop025_acbba_topk010,C:\Users\lottj\Desktop\research\decentralized benchmark\topk_filter_study\results\sensitivity_suite\scenarios\clue_g19_n50.csv,17.0938,03,5,5,0,0.2147,0.04294,0.0207,0.1128,0.1128,1.2560109513390818,0,0.0,0.0,0.0,0.2147,0.0,1.2560109513390818,completed
37,dcta_parity_v1,custom,5789862b56c579a63f65129a7c7ce0c99a25e7c55fba998a5a9699fc4a7df60b,03f32103aba060045f2661de3c031f6fbcbc73f46000a9666f166ad349c5805d,ACBBA,gilbert_elliot,pGG_0.95_pBB_0.85,clue_search,19,361,4,0.1,36,36,comm_g19_r4_ge_drop025_acbba_topk010,C:\Users\lottj\Desktop\research\decentralized benchmark\topk_filter_study\results\sensitivity_suite\scenarios\clue_g19_n50.csv,1554.9592,00,59,1,58,241.726,4.097050847457627,4.2088,5.1877,5.4886,15.545488267473512,58,79.2393,1.3661948275862068,1.7975,0.0411,241.6849,15.545488267473512,completed
37,dcta_parity_v1,custom,5789862b56c579a63f65129a7c7ce0c99a25e7c55fba998a5a9699fc4a7df60b,03f32103aba060045f2661de3c031f6fbcbc73f46000a9666f166ad349c5805d,ACBBA,gilbert_elliot,pGG_0.95_pBB_0.85,clue_search,19,361,4,0.1,36,36,comm_g19_r4_ge_drop025_acbba_topk010,C:\Users\lottj\Desktop\research\decentralized benchmark\topk_filter_study\results\sensitivity_suite\scenarios\clue_g19_n50.csv,1554.9592,01,37,1,36,143.825,3.887162162162162,3.7331,4.7339,4.7413,9.249438827719723,36,48.8999,1.3583305555555556,1.5742,0.1803,143.6447,9.249438827719723,completed
37,dcta_parity_v1,custom,5789862b56c579a63f65129a7c7ce0c99a25e7c55fba998a5a9699fc4a7df60b,03f32103aba060045f2661de3c031f6fbcbc73f46000a9666f166ad349c5805d,ACBBA,gilbert_elliot,pGG_0.95_pBB_0.85,clue_search,19,361,4,0.1,36,36,comm_g19_r4_ge_drop025_acbba_topk010,C:\Users\lottj\Desktop\research\decentralized benchmark\topk_filter_study\results\sensitivity_suite\scenarios\clue_g19_n50.csv,1554.9592,02,61,1,60,255.6661,4.191247540983607,4.4055,5.0778,5.3452,16.441981242980525,60,77.9401,1.2990016666666666,1.6474,0.05,255.6161,16.441981242980525,completed
37,dcta_parity_v1,custom,5789862b56c579a63f65129a7c7ce0c99a25e7c55fba998a5a9699fc4a7df60b,03f32103aba060045f2661de3c031f6fbcbc73f46000a9666f166ad349c5805d,ACBBA,gilbert_elliot,pGG_0.95_pBB_0.85,clue_search,19,361,4,0.1,36,36,comm_g19_r4_ge_drop025_acbba_topk010,C:\Users\lottj\Desktop\research\decentralized benchmark\topk_filter_study\results\sensitivity_suite\scenarios\clue_g19_n50.csv,1554.9592,03,55,1,54,235.5426,4.2825927272727276,4.2116,5.2063,6.302,15.147831531528286,54,72.9886,1.351640740740741,1.9093,0.0644,235.47820000000002,15.147831531528286,completed
38,dcta_parity_v1,custom,5789862b56c579a63f65129a7c7ce0c99a25e7c55fba998a5a9699fc4a7df60b,03f32103aba060045f2661de3c031f6fbcbc73f46000a9666f166ad349c5805d,ACBBA,gilbert_elliot,pGG_0.95_pBB_0.85,clue_search,19,361,4,0.1,36,36,comm_g19_r4_ge_drop025_acbba_topk010,C:\Users\lottj\Desktop\research\decentralized benchmark\topk_filter_study\results\sensitivity_suite\scenarios\clue_g19_n50.csv,375.3683,00,52,42,10,37.4036,0.7192999999999999,0.02395,4.0501,4.0884,9.964506858996884,10,16.3972,1.63972,1.8664,1.0194,36.3842,9.964506858996884,completed
38,dcta_parity_v1,custom,5789862b56c579a63f65129a7c7ce0c99a25e7c55fba998a5a9699fc4a7df60b,03f32103aba060045f2661de3c031f6fbcbc73f46000a9666f166ad349c5805d,ACBBA,gilbert_elliot,pGG_0.95_pBB_0.85,clue_search,19,361,4,0.1,36,36,comm_g19_r4_ge_drop025_acbba_topk010,C:\Users\lottj\Desktop\research\decentralized benchmark\topk_filter_study\results\sensitivity_suite\scenarios\clue_g19_n50.csv,375.3683,01,57,42,15,56.095800000000004,0.9841368421052632,0.0262,4.1237,4.5326,14.944202800289744,15,26.8524,1.79016,2.0525,1.0799,55.0159,14.944202800289744,completed
38,dcta_parity_v1,custom,5789862b56c579a63f65129a7c7ce0c99a25e7c55fba998a5a9699fc4a7df60b,03f32103aba060045f2661de3c031f6fbcbc73f46000a9666f166ad349c5805d,ACBBA,gilbert_elliot,pGG_0.95_pBB_0.85,clue_search,19,361,4,0.1,36,36,comm_g19_r4_ge_drop025_acbba_topk010,C:\Users\lottj\Desktop\research\decentralized benchmark\topk_filter_study\results\sensitivity_suite\scenarios\clue_g19_n50.csv,375.3683,02,54,43,11,44.1511,0.8176129629629629,0.0268,4.016,4.3523,11.762074740994377,11,20.0497,1.8227000000000002,2.0598,1.1492,43.0019,11.762074740994377,completed
38,dcta_parity_v1,custom,5789862b56c579a63f65129a7c7ce0c99a25e7c55fba998a5a9699fc4a7df60b,03f32103aba060045f2661de3c031f6fbcbc73f46000a9666f166ad349c5805d,ACBBA,gilbert_elliot,pGG_0.95_pBB_0.85,clue_search,19,361,4,0.1,36,36,comm_g19_r4_ge_drop025_acbba_topk010,C:\Users\lottj\Desktop\research\decentralized benchmark\topk_filter_study\results\sensitivity_suite\scenarios\clue_g19_n50.csv,375.3683,03,49,40,9,36.6833,0.7486387755102042,0.0238,4.0109,4.546,9.772615322071685,9,17.0838,1.8982,2.0372,0.9562,35.7271,9.772615322071685,completed
39,dcta_parity_v1,custom,5789862b56c579a63f65129a7c7ce0c99a25e7c55fba998a5a9699fc4a7df60b,03f32103aba060045f2661de3c031f6fbcbc73f46000a9666f166ad349c5805d,ACBBA,gilbert_elliot,pGG_0.95_pBB_0.85,clue_search,19,361,4,0.1,36,36,comm_g19_r4_ge_drop025_acbba_topk010,C:\Users\lottj\Desktop\research\decentralized benchmark\topk_filter_study\results\sensitivity_suite\scenarios\clue_g19_n50.csv,2061.7447,00,75,20,55,263.5785,3.51438,4.3682,5.626,5.9873,12.784245304474409,55,86.3928,1.5707781818181816,2.419,0.4314,263.1471,12.784245304474409,completed
39,dcta_parity_v1,custom,5789862b56c579a63f65129a7c7ce0c99a25e7c55fba998a5a9699fc4a7df60b,03f32103aba060045f2661de3c031f6fbcbc73f46000a9666f166ad349c5805d,ACBBA,gilbert_elliot,pGG_0.95_pBB_0.85,clue_search,19,361,4,0.1,36,36,comm_g19_r4_ge_drop025_acbba_topk010,C:\Users\lottj\Desktop\research\decentralized benchmark\topk_filter_study\results\sensitivity_suite\scenarios\clue_g19_n50.csv,2061.7447,01,79,20,59,279.5499,3.538606329113924,4.3061,5.9289,6.5459,13.558899896771893,59,102.3338,1.7344711864406779,2.6674,0.4717,279.0782,13.558899896771893,completed
39,dcta_parity_v1,custom,5789862b56c579a63f65129a7c7ce0c99a25e7c55fba998a5a9699fc4a7df60b,03f32103aba060045f2661de3c031f6fbcbc73f46000a9666f166ad349c5805d,ACBBA,gilbert_elliot,pGG_0.95_pBB_0.85,clue_search,19,361,4,0.1,36,36,comm_g19_r4_ge_drop025_acbba_topk010,C:\Users\lottj\Desktop\research\decentralized benchmark\topk_filter_study\results\sensitivity_suite\scenarios\clue_g19_n50.csv,2061.7447,02,86,20,66,314.7498,3.659881395348837,4.3103,5.5377,6.3725,15.26618693381387,66,104.143,1.5779242424242423,2.5438,0.5383,314.2115,15.26618693381387,completed
39,dcta_parity_v1,custom,5789862b56c579a63f65129a7c7ce0c99a25e7c55fba998a5a9699fc4a7df60b,03f32103aba060045f2661de3c031f6fbcbc73f46000a9666f166ad349c5805d,ACBBA,gilbert_elliot,pGG_0.95_pBB_0.85,clue_search,19,361,4,0.1,36,36,comm_g19_r4_ge_drop025_acbba_topk010,C:\Users\lottj\Desktop\research\decentralized benchmark\topk_filter_study\results\sensitivity_suite\scenarios\clue_g19_n50.csv,2061.7447,03,83,17,66,318.0963,3.8324855421686745,4.3624,5.8203,6.086,15.428500919633743,66,113.2695,1.7162045454545454,2.6278,0.3656,317.7307,15.428500919633743,completed
40,dcta_parity_v1,custom,5789862b56c579a63f65129a7c7ce0c99a25e7c55fba998a5a9699fc4a7df60b,03f32103aba060045f2661de3c031f6fbcbc73f46000a9666f166ad349c5805d,ACBBA,gilbert_elliot,pGG_0.95_pBB_0.85,clue_search,19,361,4,0.1,36,36,comm_g19_r4_ge_drop025_acbba_topk010,C:\Users\lottj\Desktop\research\decentralized benchmark\topk_filter_study\results\sensitivity_suite\scenarios\clue_g19_n50.csv,2544.9224,00,76,2,74,379.3067,4.990877631578947,5.1222,6.3313,6.8838,14.904450524699692,74,142.356,1.9237297297297296,3.1022,0.0742,379.2325,14.904450524699692,completed
40,dcta_parity_v1,custom,5789862b56c579a63f65129a7c7ce0c99a25e7c55fba998a5a9699fc4a7df60b,03f32103aba060045f2661de3c031f6fbcbc73f46000a9666f166ad349c5805d,ACBBA,gilbert_elliot,pGG_0.95_pBB_0.85,clue_search,19,361,4,0.1,36,36,comm_g19_r4_ge_drop025_acbba_topk010,C:\Users\lottj\Desktop\research\decentralized benchmark\topk_filter_study\results\sensitivity_suite\scenarios\clue_g19_n50.csv,2544.9224,01,103,2,101,531.7542,5.1626621359223295,5.2178,6.4482,7.0658,20.894711760169976,101,196.5215,1.9457574257425743,2.8652,0.0756,531.6786,20.894711760169976,completed
40,dcta_parity_v1,custom,5789862b56c579a63f65129a7c7ce0c99a25e7c55fba998a5a9699fc4a7df60b,03f32103aba060045f2661de3c031f6fbcbc73f46000a9666f166ad349c5805d,ACBBA,gilbert_elliot,pGG_0.95_pBB_0.85,clue_search,19,361,4,0.1,36,36,comm_g19_r4_ge_drop025_acbba_topk010,C:\Users\lottj\Desktop\research\decentralized benchmark\topk_filter_study\results\sensitivity_suite\scenarios\clue_g19_n50.csv,2544.9224,02,47,2,45,227.8819,4.848551063829787,5.046,6.191,6.4776,8.954375190379086,45,91.2787,2.0284155555555556,2.8475,0.1214,227.7605,8.954375190379086,completed
40,dcta_parity_v1,custom,5789862b56c579a63f65129a7c7ce0c99a25e7c55fba998a5a9699fc4a7df60b,03f32103aba060045f2661de3c031f6fbcbc73f46000a9666f166ad349c5805d,ACBBA,gilbert_elliot,pGG_0.95_pBB_0.85,clue_search,19,361,4,0.1,36,36,comm_g19_r4_ge_drop025_acbba_topk010,C:\Users\lottj\Desktop\research\decentralized benchmark\topk_filter_study\results\sensitivity_suite\scenarios\clue_g19_n50.csv,2544.9224,03,75,1,74,393.7924,5.250565333333333,5.1172,6.6154,6.7155,15.473650591467935,74,151.7023,2.050031081081081,2.8841,0.0513,393.7411,15.473650591467935,completed
41,dcta_parity_v1,custom,5789862b56c579a63f65129a7c7ce0c99a25e7c55fba998a5a9699fc4a7df60b,03f32103aba060045f2661de3c031f6fbcbc73f46000a9666f166ad349c5805d,ACBBA,gilbert_elliot,pGG_0.95_pBB_0.85,clue_search,19,361,4,0.1,36,36,comm_g19_r4_ge_drop025_acbba_topk010,C:\Users\lottj\Desktop\research\decentralized benchmark\topk_filter_study\results\sensitivity_suite\scenarios\clue_g19_n50.csv,1704.2958,00,57,7,50,214.972,3.7714385964912283,4.1918,5.204,5.3689,12.613538095910346,50,74.4949,1.489898,2.2245,0.185,214.787,12.613538095910346,completed
41,dcta_parity_v1,custom,5789862b56c579a63f65129a7c7ce0c99a25e7c55fba998a5a9699fc4a7df60b,03f32103aba060045f2661de3c031f6fbcbc73f46000a9666f166ad349c5805d,ACBBA,gilbert_elliot,pGG_0.95_pBB_0.85,clue_search,19,361,4,0.1,36,36,comm_g19_r4_ge_drop025_acbba_topk010,C:\Users\lottj\Desktop\research\decentralized benchmark\topk_filter_study\results\sensitivity_suite\scenarios\clue_g19_n50.csv,1704.2958,01,66,7,59,256.5654,3.8873545454545457,4.3035,5.0804,5.3146,15.05404167515991,59,92.2657,1.5638254237288134,2.3884,0.2521,256.3133,15.05404167515991,completed
41,dcta_parity_v1,custom,5789862b56c579a63f65129a7c7ce0c99a25e7c55fba998a5a9699fc4a7df60b,03f32103aba060045f2661de3c031f6fbcbc73f46000a9666f166ad349c5805d,ACBBA,gilbert_elliot,pGG_0.95_pBB_0.85,clue_search,19,361,4,0.1,36,36,comm_g19_r4_ge_drop025_acbba_topk010,C:\Users\lottj\Desktop\research\decentralized benchmark\topk_filter_study\results\sensitivity_suite\scenarios\clue_g19_n50.csv,1704.2958,02,68,7,61,259.4603,3.815592647058824,4.2659,5.0697,5.2605,15.223900686723514,61,92.9862,1.5243639344262294,2.3444,0.2423,259.218,15.223900686723514,completed
41,dcta_parity_v1,custom,5789862b56c579a63f65129a7c7ce0c99a25e7c55fba998a5a9699fc4a7df60b,03f32103aba060045f2661de3c031f6fbcbc73f46000a9666f166ad349c5805d,ACBBA,gilbert_elliot,pGG_0.95_pBB_0.85,clue_search,19,361,4,0.1,36,36,comm_g19_r4_ge_drop025_acbba_topk010,C:\Users\lottj\Desktop\research\decentralized benchmark\topk_filter_study\results\sensitivity_suite\scenarios\clue_g19_n50.csv,1704.2958,03,63,5,58,245.7806,3.901279365079365,4.2811,5.2009,5.3153,14.421240725935014,58,86.2915,1.4877844827586206,2.3148,0.1511,245.6295,14.421240725935014,completed
42,dcta_parity_v1,custom,5789862b56c579a63f65129a7c7ce0c99a25e7c55fba998a5a9699fc4a7df60b,03f32103aba060045f2661de3c031f6fbcbc73f46000a9666f166ad349c5805d,ACBBA,gilbert_elliot,pGG_0.95_pBB_0.85,clue_search,19,361,4,0.1,36,36,comm_g19_r4_ge_drop025_acbba_topk010,C:\Users\lottj\Desktop\research\decentralized benchmark\topk_filter_study\results\sensitivity_suite\scenarios\clue_g19_n50.csv,598.6693,00,35,9,26,91.3332,2.6095200000000003,3.4207,4.0292,4.0696,15.256035343719812,26,37.8555,1.4559807692307691,1.6996,0.2168,91.1164,15.256035343719812,completed
42,dcta_parity_v1,custom,5789862b56c579a63f65129a7c7ce0c99a25e7c55fba998a5a9699fc4a7df60b,03f32103aba060045f2661de3c031f6fbcbc73f46000a9666f166ad349c5805d,ACBBA,gilbert_elliot,pGG_0.95_pBB_0.85,clue_search,19,361,4,0.1,36,36,comm_g19_r4_ge_drop025_acbba_topk010,C:\Users\lottj\Desktop\research\decentralized benchmark\topk_filter_study\results\sensitivity_suite\scenarios\clue_g19_n50.csv,598.6693,01,32,8,24,89.4123,2.794134375,3.5843,4.0906,4.3599,14.935173726128932,24,33.3637,1.3901541666666668,1.7041,0.2052,89.2071,14.935173726128932,completed
42,dcta_parity_v1,custom,5789862b56c579a63f65129a7c7ce0c99a25e7c55fba998a5a9699fc4a7df60b,03f32103aba060045f2661de3c031f6fbcbc73f46000a9666f166ad349c5805d,ACBBA,gilbert_elliot,pGG_0.95_pBB_0.85,clue_search,19,361,4,0.1,36,36,comm_g19_r4_ge_drop025_acbba_topk010,C:\Users\lottj\Desktop\research\decentralized benchmark\topk_filter_study\results\sensitivity_suite\scenarios\clue_g19_n50.csv,598.6693,02,25,9,16,58.3439,2.3337559999999997,3.5815,3.8725,3.9172,9.745597444198323,16,22.7606,1.4225375,1.7431,0.2497,58.0942,9.745597444198323,completed
42,dcta_parity_v1,custom,5789862b56c579a63f65129a7c7ce0c99a25e7c55fba998a5a9699fc4a7df60b,03f32103aba060045f2661de3c031f6fbcbc73f46000a9666f166ad349c5805d,ACBBA,gilbert_elliot,pGG_0.95_pBB_0.85,clue_search,19,361,4,0.1,36,36,comm_g19_r4_ge_drop025_acbba_topk010,C:\Users\lottj\Desktop\research\decentralized benchmark\topk_filter_study\results\sensitivity_suite\scenarios\clue_g19_n50.csv,598.6693,03,22,6,16,61.0871,2.7766863636363635,3.6618500000000003,4.1952,4.4253,10.203813691465388,16,23.2328,1.45205,1.9033,0.2112,60.8759,10.203813691465388,completed
43,dcta_parity_v1,custom,5789862b56c579a63f65129a7c7ce0c99a25e7c55fba998a5a9699fc4a7df60b,03f32103aba060045f2661de3c031f6fbcbc73f46000a9666f166ad349c5805d,ACBBA,gilbert_elliot,pGG_0.95_pBB_0.85,clue_search,19,361,4,0.1,36,36,comm_g19_r4_ge_drop025_acbba_topk010,C:\Users\lottj\Desktop\research\decentralized benchmark\topk_filter_study\results\sensitivity_suite\scenarios\clue_g19_n50.csv,121.4142,00,11,7,4,15.915,1.4468181818181818,0.0406,4.3878,4.3878,13.108021961187408,4,7.821899999999999,1.9554749999999999,2.2408,0.2298,15.6852,13.108021961187408,completed
43,dcta_parity_v1,custom,5789862b56c579a63f65129a7c7ce0c99a25e7c55fba998a5a9699fc4a7df60b,03f32103aba060045f2661de3c031f6fbcbc73f46000a9666f166ad349c5805d,ACBBA,gilbert_elliot,pGG_0.95_pBB_0.85,clue_search,19,361,4,0.1,36,36,comm_g19_r4_ge_drop025_acbba_topk010,C:\Users\lottj\Desktop\research\decentralized benchmark\topk_filter_study\results\sensitivity_suite\scenarios\clue_g19_n50.csv,121.4142,01,12,7,5,18.3639,1.5303250000000002,0.042300000000000004,3.9987,3.9987,15.125001853160505,5,9.261099999999999,1.8522199999999998,2.1268,0.2265,18.1374,15.125001853160505,completed
43,dcta_parity_v1,custom,5789862b56c579a63f65129a7c7ce0c99a25e7c55fba998a5a9699fc4a7df60b,03f32103aba060045f2661de3c031f6fbcbc73f46000a9666f166ad349c5805d,ACBBA,gilbert_elliot,pGG_0.95_pBB_0.85,clue_search,19,361,4,0.1,36,36,comm_g19_r4_ge_drop025_acbba_topk010,C:\Users\lottj\Desktop\research\decentralized benchmark\topk_filter_study\results\sensitivity_suite\scenarios\clue_g19_n50.csv,121.4142,02,10,7,3,12.4334,1.2433400000000001,0.0304,4.4851,4.4851,10.240482579467642,3,7.0655,2.355166666666667,3.0833,0.2065,12.2269,10.240482579467642,completed
43,dcta_parity_v1,custom,5789862b56c579a63f65129a7c7ce0c99a25e7c55fba998a5a9699fc4a7df60b,03f32103aba060045f2661de3c031f6fbcbc73f46000a9666f166ad349c5805d,ACBBA,gilbert_elliot,pGG_0.95_pBB_0.85,clue_search,19,361,4,0.1,36,36,comm_g19_r4_ge_drop025_acbba_topk010,C:\Users\lottj\Desktop\research\decentralized benchmark\topk_filter_study\results\sensitivity_suite\scenarios\clue_g19_n50.csv,121.4142,03,6,4,2,7.9472000000000005,1.3245333333333333,0.06420000000000001,4.2248,4.2248,6.545527623622279,2,4.2887,2.14435,2.1629,0.1756,7.7716,6.545527623622279,completed
44,dcta_parity_v1,custom,5789862b56c579a63f65129a7c7ce0c99a25e7c55fba998a5a9699fc4a7df60b,03f32103aba060045f2661de3c031f6fbcbc73f46000a9666f166ad349c5805d,ACBBA,gilbert_elliot,pGG_0.95_pBB_0.85,clue_search,19,361,4,0.1,36,36,comm_g19_r4_ge_drop025_acbba_topk010,C:\Users\lottj\Desktop\research\decentralized benchmark\topk_filter_study\results\sensitivity_suite\scenarios\clue_g19_n50.csv,1665.3149,00,36,3,33,150.7733,4.188147222222223,4.69815,5.0669,5.1908,9.05374112727869,33,65.3371,1.9799121212121213,2.1766,0.1336,150.6397,9.05374112727869,completed
44,dcta_parity_v1,custom,5789862b56c579a63f65129a7c7ce0c99a25e7c55fba998a5a9699fc4a7df60b,03f32103aba060045f2661de3c031f6fbcbc73f46000a9666f166ad349c5805d,ACBBA,gilbert_elliot,pGG_0.95_pBB_0.85,clue_search,19,361,4,0.1,36,36,comm_g19_r4_ge_drop025_acbba_topk010,C:\Users\lottj\Desktop\research\decentralized benchmark\topk_filter_study\results\sensitivity_suite\scenarios\clue_g19_n50.csv,1665.3149,01,54,2,52,253.0275,4.685694444444445,4.7961,5.9916,6.347,15.193973223922994,52,106.0209,2.0388634615384613,2.3744,0.06369999999999999,252.9638,15.193973223922994,completed
44,dcta_parity_v1,custom,5789862b56c579a63f65129a7c7ce0c99a25e7c55fba998a5a9699fc4a7df60b,03f32103aba060045f2661de3c031f6fbcbc73f46000a9666f166ad349c5805d,ACBBA,gilbert_elliot,pGG_0.95_pBB_0.85,clue_search,19,361,4,0.1,36,36,comm_g19_r4_ge_drop025_acbba_topk010,C:\Users\lottj\Desktop\research\decentralized benchmark\topk_filter_study\results\sensitivity_suite\scenarios\clue_g19_n50.csv,1665.3149,02,70,3,67,323.9029,4.627184285714286,4.6743500000000004,6.2391,6.367,19.449949075697333,67,138.7312,2.0706149253731345,2.3964,0.0961,323.8068,19.449949075697333,completed
44,dcta_parity_v1,custom,5789862b56c579a63f65129a7c7ce0c99a25e7c55fba998a5a9699fc4a7df60b,03f32103aba060045f2661de3c031f6fbcbc73f46000a9666f166ad349c5805d,ACBBA,gilbert_elliot,pGG_0.95_pBB_0.85,clue_search,19,361,4,0.1,36,36,comm_g19_r4_ge_drop025_acbba_topk010,C:\Users\lottj\Desktop\research\decentralized benchmark\topk_filter_study\results\sensitivity_suite\scenarios\clue_g19_n50.csv,1665.3149,03,57,1,56,262.1331,4.5988263157894735,4.6212,5.7963,6.0991,15.74075269488071,56,109.6061,1.9572517857142857,2.3796,0.0434,262.0897,15.74075269488071,completed
45,dcta_parity_v1,custom,5789862b56c579a63f65129a7c7ce0c99a25e7c55fba998a5a9699fc4a7df60b,03f32103aba060045f2661de3c031f6fbcbc73f46000a9666f166ad349c5805d,ACBBA,gilbert_elliot,pGG_0.95_pBB_0.85,clue_search,19,361,4,0.1,36,36,comm_g19_r4_ge_drop025_acbba_topk010,C:\Users\lottj\Desktop\research\decentralized benchmark\topk_filter_study\results\sensitivity_suite\scenarios\clue_g19_n50.csv,126.2651,00,41,40,1,5.2719000000000005,0.1285829268292683,0.0224,0.041,4.29,4.175262998247339,1,1.9653,1.9653,1.9653,0.9819,4.29,4.175262998247339,completed
45,dcta_parity_v1,custom,5789862b56c579a63f65129a7c7ce0c99a25e7c55fba998a5a9699fc4a7df60b,03f32103aba060045f2661de3c031f6fbcbc73f46000a9666f166ad349c5805d,ACBBA,gilbert_elliot,pGG_0.95_pBB_0.85,clue_search,19,361,4,0.1,36,36,comm_g19_r4_ge_drop025_acbba_topk010,C:\Users\lottj\Desktop\research\decentralized benchmark\topk_filter_study\results\sensitivity_suite\scenarios\clue_g19_n50.csv,126.2651,01,40,39,1,5.2248,0.13062,0.024300000000000002,0.0433,4.1845,4.137960529077314,1,2.0928,2.0928,2.0928,1.0403,4.1845,4.137960529077314,completed
45,dcta_parity_v1,custom,5789862b56c579a63f65129a7c7ce0c99a25e7c55fba998a5a9699fc4a7df60b,03f32103aba060045f2661de3c031f6fbcbc73f46000a9666f166ad349c5805d,ACBBA,gilbert_elliot,pGG_0.95_pBB_0.85,clue_search,19,361,4,0.1,36,36,comm_g19_r4_ge_drop025_acbba_topk010,C:\Users\lottj\Desktop\research\decentralized benchmark\topk_filter_study\results\sensitivity_suite\scenarios\clue_g19_n50.csv,126.2651,02,42,40,2,10.2344,0.2436761904761905,0.0246,0.1615,4.832,8.105485997318342,2,4.3375,2.16875,2.2946,1.1426,9.0918,8.105485997318342,completed
45,dcta_parity_v1,custom,5789862b56c579a63f65129a7c7ce0c99a25e7c55fba998a5a9699fc4a7df60b,03f32103aba060045f2661de3c031f6fbcbc73f46000a9666f166ad349c5805d,ACBBA,gilbert_elliot,pGG_0.95_pBB_0.85,clue_search,19,361,4,0.1,36,36,comm_g19_r4_ge_drop025_acbba_topk010,C:\Users\lottj\Desktop\research\decentralized benchmark\topk_filter_study\results\sensitivity_suite\scenarios\clue_g19_n50.csv,126.2651,03,39,37,2,4.8007,0.12309487179487179,0.0227,0.0618,3.8706,3.80207990965041,1,1.7544,1.7544,1.7544,0.9074,3.8933,3.80207990965041,completed
46,dcta_parity_v1,custom,5789862b56c579a63f65129a7c7ce0c99a25e7c55fba998a5a9699fc4a7df60b,03f32103aba060045f2661de3c031f6fbcbc73f46000a9666f166ad349c5805d,ACBBA,gilbert_elliot,pGG_0.95_pBB_0.85,clue_search,19,361,4,0.1,36,36,comm_g19_r4_ge_drop025_acbba_topk010,C:\Users\lottj\Desktop\research\decentralized benchmark\topk_filter_study\results\sensitivity_suite\scenarios\clue_g19_n50.csv,783.4679,00,30,9,21,95.1414,3.17138,4.39345,5.2357,5.5019,12.143624518630567,21,46.7489,2.2261380952380954,2.9465,0.226,94.9154,12.143624518630567,completed
46,dcta_parity_v1,custom,5789862b56c579a63f65129a7c7ce0c99a25e7c55fba998a5a9699fc4a7df60b,03f32103aba060045f2661de3c031f6fbcbc73f46000a9666f166ad349c5805d,ACBBA,gilbert_elliot,pGG_0.95_pBB_0.85,clue_search,19,361,4,0.1,36,36,comm_g19_r4_ge_drop025_acbba_topk010,C:\Users\lottj\Desktop\research\decentralized benchmark\topk_filter_study\results\sensitivity_suite\scenarios\clue_g19_n50.csv,783.4679,01,38,9,29,129.2002,3.4000052631578948,4.274900000000001,5.2402,5.3478,16.49080964261586,29,63.494,2.189448275862069,2.7889,0.2866,128.9136,16.49080964261586,completed
46,dcta_parity_v1,custom,5789862b56c579a63f65129a7c7ce0c99a25e7c55fba998a5a9699fc4a7df60b,03f32103aba060045f2661de3c031f6fbcbc73f46000a9666f166ad349c5805d,ACBBA,gilbert_elliot,pGG_0.95_pBB_0.85,clue_search,19,361,4,0.1,36,36,comm_g19_r4_ge_drop025_acbba_topk010,C:\Users\lottj\Desktop\research\decentralized benchmark\topk_filter_study\results\sensitivity_suite\scenarios\clue_g19_n50.csv,783.4679,02,30,9,21,104.2171,3.4739033333333333,4.58075,5.7464,5.8142,13.302025520126607,21,55.0393,2.6209190476190476,3.2199,0.2435,103.9736,13.302025520126607,completed
46,dcta_parity_v1,custom,5789862b56c579a63f65129a7c7ce0c99a25e7c55fba998a5a9699fc4a7df60b,03f32103aba060045f2661de3c031f6fbcbc73f46000a9666f166ad349c5805d,ACBBA,gilbert_elliot,pGG_0.95_pBB_0.85,clue_search,19,361,4,0.1,36,36,comm_g19_r4_ge_drop025_acbba_topk010,C:\Users\lottj\Desktop\research\decentralized benchmark\topk_filter_study\results\sensitivity_suite\scenarios\clue_g19_n50.csv,783.4679,03,36,7,29,139.179,3.8660833333333335,4.61545,5.3359,5.3643,17.76448020397517,29,74.5882,2.572006896551724,3.1015,0.1843,138.9947,17.76448020397517,completed
47,dcta_parity_v1,custom,5789862b56c579a63f65129a7c7ce0c99a25e7c55fba998a5a9699fc4a7df60b,03f32103aba060045f2661de3c031f6fbcbc73f46000a9666f166ad349c5805d,ACBBA,gilbert_elliot,pGG_0.95_pBB_0.85,clue_search,19,361,4,0.1,36,36,comm_g19_r4_ge_drop025_acbba_topk010,C:\Users\lottj\Desktop\research\decentralized benchmark\topk_filter_study\results\sensitivity_suite\scenarios\clue_g19_n50.csv,563.6327,00,35,5,30,106.4653,3.041865714285714,3.5728,3.9074,3.9894,18.889127618039197,30,42.6079,1.4202633333333334,1.7104,0.1163,106.349,18.889127618039197,completed
47,dcta_parity_v1,custom,5789862b56c579a63f65129a7c7ce0c99a25e7c55fba998a5a9699fc4a7df60b,03f32103aba060045f2661de3c031f6fbcbc73f46000a9666f166ad349c5805d,ACBBA,gilbert_elliot,pGG_0.95_pBB_0.85,clue_search,19,361,4,0.1,36,36,comm_g19_r4_ge_drop025_acbba_topk010,C:\Users\lottj\Desktop\research\decentralized benchmark\topk_filter_study\results\sensitivity_suite\scenarios\clue_g19_n50.csv,563.6327,01,22,4,18,64.5199,2.9327227272727274,3.5933,3.9255,3.9611,11.447153438755418,18,24.2507,1.347261111111111,1.5964,0.1112,64.4087,11.447153438755418,completed
47,dcta_parity_v1,custom,5789862b56c579a63f65129a7c7ce0c99a25e7c55fba998a5a9699fc4a7df60b,03f32103aba060045f2661de3c031f6fbcbc73f46000a9666f166ad349c5805d,ACBBA,gilbert_elliot,pGG_0.95_pBB_0.85,clue_search,19,361,4,0.1,36,36,comm_g19_r4_ge_drop025_acbba_topk010,C:\Users\lottj\Desktop\research\decentralized benchmark\topk_filter_study\results\sensitivity_suite\scenarios\clue_g19_n50.csv,563.6327,02,29,5,24,87.3915,3.0134999999999996,3.6188,3.9203,4.125,15.505044331175249,24,32.2308,1.34295,1.5366,0.1775,87.214,15.505044331175249,completed
47,dcta_parity_v1,custom,5789862b56c579a63f65129a7c7ce0c99a25e7c55fba998a5a9699fc4a7df60b,03f32103aba060045f2661de3c031f6fbcbc73f46000a9666f166ad349c5805d,ACBBA,gilbert_elliot,pGG_0.95_pBB_0.85,clue_search,19,361,4,0.1,36,36,comm_g19_r4_ge_drop025_acbba_topk010,C:\Users\lottj\Desktop\research\decentralized benchmark\topk_filter_study\results\sensitivity_suite\scenarios\clue_g19_n50.csv,563.6327,03,11,2,9,31.1904,2.8354909090909093,3.4309,3.777,3.777,5.533816614969288,9,12.82,1.4244444444444444,1.5979,0.069,31.1214,5.533816614969288,completed
48,dcta_parity_v1,custom,5789862b56c579a63f65129a7c7ce0c99a25e7c55fba998a5a9699fc4a7df60b,03f32103aba060045f2661de3c031f6fbcbc73f46000a9666f166ad349c5805d,ACBBA,gilbert_elliot,pGG_0.95_pBB_0.85,clue_search,19,361,4,0.1,36,36,comm_g19_r4_ge_drop025_acbba_topk010,C:\Users\lottj\Desktop\research\decentralized benchmark\topk_filter_study\results\sensitivity_suite\scenarios\clue_g19_n50.csv,1177.2379,00,52,3,49,179.00900000000001,3.4424807692307695,3.8103,4.2884,4.5708,15.205847518160942,49,60.2989,1.2305897959183674,1.5375,0.1096,178.8994,15.205847518160942,completed
48,dcta_parity_v1,custom,5789862b56c579a63f65129a7c7ce0c99a25e7c55fba998a5a9699fc4a7df60b,03f32103aba060045f2661de3c031f6fbcbc73f46000a9666f166ad349c5805d,ACBBA,gilbert_elliot,pGG_0.95_pBB_0.85,clue_search,19,361,4,0.1,36,36,comm_g19_r4_ge_drop025_acbba_topk010,C:\Users\lottj\Desktop\research\decentralized benchmark\topk_filter_study\results\sensitivity_suite\scenarios\clue_g19_n50.csv,1177.2379,01,55,2,53,187.2586,3.404701818181818,3.7321,4.5357,4.7533,15.906606472659433,53,59.6701,1.1258509433962263,1.5481,0.07880000000000001,187.1798,15.906606472659433,completed
48,dcta_parity_v1,custom,5789862b56c579a63f65129a7c7ce0c99a25e7c55fba998a5a9699fc4a7df60b,03f32103aba060045f2661de3c031f6fbcbc73f46000a9666f166ad349c5805d,ACBBA,gilbert_elliot,pGG_0.95_pBB_0.85,clue_search,19,361,4,0.1,36,36,comm_g19_r4_ge_drop025_acbba_topk010,C:\Users\lottj\Desktop\research\decentralized benchmark\topk_filter_study\results\sensitivity_suite\scenarios\clue_g19_n50.csv,1177.2379,02,38,2,36,133.3841,3.510107894736842,3.8627000000000002,4.5297,4.5424,11.330258735298957,36,43.0846,1.1967944444444445,1.5328,0.0758,133.3083,11.330258735298957,completed
48,dcta_parity_v1,custom,5789862b56c579a63f65129a7c7ce0c99a25e7c55fba998a5a9699fc4a7df60b,03f32103aba060045f2661de3c031f6fbcbc73f46000a9666f166ad349c5805d,ACBBA,gilbert_elliot,pGG_0.95_pBB_0.85,clue_search,19,361,4,0.1,36,36,comm_g19_r4_ge_drop025_acbba_topk010,C:\Users\lottj\Desktop\research\decentralized benchmark\topk_filter_study\results\sensitivity_suite\scenarios\clue_g19_n50.csv,1177.2379,03,48,1,47,168.3915,3.5081562500000003,3.8249,4.3871,4.6507,14.303948250391871,47,50.306,1.0703404255319149,1.5007,0.0981,168.2934,14.303948250391871,completed
49,dcta_parity_v1,custom,5789862b56c579a63f65129a7c7ce0c99a25e7c55fba998a5a9699fc4a7df60b,03f32103aba060045f2661de3c031f6fbcbc73f46000a9666f166ad349c5805d,ACBBA,gilbert_elliot,pGG_0.95_pBB_0.85,clue_search,19,361,4,0.1,36,36,comm_g19_r4_ge_drop025_acbba_topk010,C:\Users\lottj\Desktop\research\decentralized benchmark\topk_filter_study\results\sensitivity_suite\scenarios\clue_g19_n50.csv,257.0031,00,27,26,1,4.8597,0.1799888888888889,0.0212,0.0383,4.284,1.8909110434854677,1,2.4072,2.4072,2.4072,0.5757,4.284,1.8909110434854677,completed
49,dcta_parity_v1,custom,5789862b56c579a63f65129a7c7ce0c99a25e7c55fba998a5a9699fc4a7df60b,03f32103aba060045f2661de3c031f6fbcbc73f46000a9666f166ad349c5805d,ACBBA,gilbert_elliot,pGG_0.95_pBB_0.85,clue_search,19,361,4,0.1,36,36,comm_g19_r4_ge_drop025_acbba_topk010,C:\Users\lottj\Desktop\research\decentralized benchmark\topk_filter_study\results\sensitivity_suite\scenarios\clue_g19_n50.csv,257.0031,01,34,25,9,37.8988,1.114670588235294,0.02445,4.4479,4.5452,14.746436910683178,9,20.23,2.247777777777778,2.4798,0.6429,37.2559,14.746436910683178,completed
49,dcta_parity_v1,custom,5789862b56c579a63f65129a7c7ce0c99a25e7c55fba998a5a9699fc4a7df60b,03f32103aba060045f2661de3c031f6fbcbc73f46000a9666f166ad349c5805d,ACBBA,gilbert_elliot,pGG_0.95_pBB_0.85,clue_search,19,361,4,0.1,36,36,comm_g19_r4_ge_drop025_acbba_topk010,C:\Users\lottj\Desktop\research\decentralized benchmark\topk_filter_study\results\sensitivity_suite\scenarios\clue_g19_n50.csv,257.0031,02,34,26,8,33.5642,0.9871823529411765,0.024,4.5016,4.8039,13.05984246882625,8,17.7469,2.2183625,2.6525,0.629,32.9352,13.05984246882625,completed
49,dcta_parity_v1,custom,5789862b56c579a63f65129a7c7ce0c99a25e7c55fba998a5a9699fc4a7df60b,03f32103aba060045f2661de3c031f6fbcbc73f46000a9666f166ad349c5805d,ACBBA,gilbert_elliot,pGG_0.95_pBB_0.85,clue_search,19,361,4,0.1,36,36,comm_g19_r4_ge_drop025_acbba_topk010,C:\Users\lottj\Desktop\research\decentralized benchmark\topk_filter_study\results\sensitivity_suite\scenarios\clue_g19_n50.csv,257.0031,03,32,24,8,34.2209,1.069403125,0.0216,4.4505,4.7976,13.315364678480531,8,18.2249,2.2781125,2.5727,0.5443,33.6766,13.315364678480531,completed
