trial_id,logic_revision,study_profile,scenario_file_sha256,scenario_selection_sha256,algorithm,comm_model,comm_level,grid_size,grid_cells,robot_count,top_k_rate,top_k_max_cells,target_cells_per_robot,actual_cells_per_robot,condition_id,scenario_file,trial_mode,robot_id,steps_total,steps_after_first_clue,unique_cells_contributed,system_revisits_by_robot,task_cell_replans,path_replans,collision_prevention_events,messages_sent,protected_messages_sent,unprotected_messages_sent,core_messages_sent,allocation_messages_sent,post_clue_messages_sent,messages_sent_by_topic,messages_delivered_to_robot,messages_dropped_to_robot,trial_status
0,dcta_parity_v1,custom,5789862b56c579a63f65129a7c7ce0c99a25e7c55fba998a5a9699fc4a7df60b,03f32103aba060045f2661de3c031f6fbcbc73f46000a9666f166ad349c5805d,ACBBA,gilbert_elliot,pGG_0.95_pBB_0.85,19,361,4,0.75,271,90.25,90.25,comm_g19_r4_ge_drop025_acbba_topk075,C:\Users\lottj\Desktop\research\decentralized benchmark\topk_filter_study\results\sensitivity_suite\scenarios\clue_g19_n50.csv,clue_search,00,24,15,22,3,0,0,0,164,24,140,51,113,146,acbba_entry:113;clue:3;collision_intent:24;state:24,336,124,completed
0,dcta_parity_v1,custom,5789862b56c579a63f65129a7c7ce0c99a25e7c55fba998a5a9699fc4a7df60b,03f32103aba060045f2661de3c031f6fbcbc73f46000a9666f166ad349c5805d,ACBBA,gilbert_elliot,pGG_0.95_pBB_0.85,19,361,4,0.75,271,90.25,90.25,comm_g19_r4_ge_drop025_acbba_topk075,C:\Users\lottj\Desktop\research\decentralized benchmark\topk_filter_study\results\sensitivity_suite\scenarios\clue_g19_n50.csv,clue_search,01,24,15,21,4,1,0,0,160,25,135,52,108,142,acbba_entry:108;clue:3;collision_intent:24;state:24;target:1,382,82,completed
0,dcta_parity_v1,custom,5789862b56c579a63f65129a7c7ce0c99a25e7c55fba998a5a9699fc4a7df60b,03f32103aba060045f2661de3c031f6fbcbc73f46000a9666f166ad349c5805d,ACBBA,gilbert_elliot,pGG_0.95_pBB_0.85,19,361,4,0.75,271,90.25,90.25,comm_g19_r4_ge_drop025_acbba_topk075,C:\Users\lottj\Desktop\research\decentralized benchmark\topk_filter_study\results\sensitivity_suite\scenarios\clue_g19_n50.csv,clue_search,02,24,14,18,7,0,0,0,159,24,135,51,108,139,acbba_entry:108;clue:3;collision_intent:24;state:24,372,93,completed
0,dcta_parity_v1,custom,5789862b56c579a63f65129a7c7ce0c99a25e7c55fba998a5a9699fc4a7df60b,03f32103aba060045f2661de3c031f6fbcbc73f46000a9666f166ad349c5805d,ACBBA,gilbert_elliot,pGG_0.95_pBB_0.85,19,361,4,0.75,271,90.25,90.25,comm_g19_r4_ge_drop025_acbba_topk075,C:\Users\lottj\Desktop\research\decentralized benchmark\topk_filter_study\results\sensitivity_suite\scenarios\clue_g19_n50.csv,clue_search,03,23,14,24,0,1,0,0,141,23,118,49,92,123,acbba_entry:92;clue:3;collision_intent:23;state:23,354,128,completed
1,dcta_parity_v1,custom,5789862b56c579a63f65129a7c7ce0c99a25e7c55fba998a5a9699fc4a7df60b,03f32103aba060045f2661de3c031f6fbcbc73f46000a9666f166ad349c5805d,ACBBA,gilbert_elliot,pGG_0.95_pBB_0.85,19,361,4,0.75,271,90.25,90.25,comm_g19_r4_ge_drop025_acbba_topk075,C:\Users\lottj\Desktop\research\decentralized benchmark\topk_filter_study\results\sensitivity_suite\scenarios\clue_g19_n50.csv,clue_search,00,53,28,40,14,0,1,1,297,54,243,110,187,247,acbba_entry:187;clue:3;collision_intent:54;state:53,751,138,completed
1,dcta_parity_v1,custom,5789862b56c579a63f65129a7c7ce0c99a25e7c55fba998a5a9699fc4a7df60b,03f32103aba060045f2661de3c031f6fbcbc73f46000a9666f166ad349c5805d,ACBBA,gilbert_elliot,pGG_0.95_pBB_0.85,19,361,4,0.75,271,90.25,90.25,comm_g19_r4_ge_drop025_acbba_topk075,C:\Users\lottj\Desktop\research\decentralized benchmark\topk_filter_study\results\sensitivity_suite\scenarios\clue_g19_n50.csv,clue_search,01,51,26,41,11,0,0,0,297,52,245,106,191,247,acbba_entry:191;clue:3;collision_intent:52;state:51,704,184,completed
1,dcta_parity_v1,custom,5789862b56c579a63f65129a7c7ce0c99a25e7c55fba998a5a9699fc4a7df60b,03f32103aba060045f2661de3c031f6fbcbc73f46000a9666f166ad349c5805d,ACBBA,gilbert_elliot,pGG_0.95_pBB_0.85,19,361,4,0.75,271,90.25,90.25,comm_g19_r4_ge_drop025_acbba_topk075,C:\Users\lottj\Desktop\research\decentralized benchmark\topk_filter_study\results\sensitivity_suite\scenarios\clue_g19_n50.csv,clue_search,02,50,25,43,8,2,5,2,295,56,239,109,186,245,acbba_entry:186;clue:3;collision_intent:56;state:50,697,192,completed
1,dcta_parity_v1,custom,5789862b56c579a63f65129a7c7ce0c99a25e7c55fba998a5a9699fc4a7df60b,03f32103aba060045f2661de3c031f6fbcbc73f46000a9666f166ad349c5805d,ACBBA,gilbert_elliot,pGG_0.95_pBB_0.85,19,361,4,0.75,271,90.25,90.25,comm_g19_r4_ge_drop025_acbba_topk075,C:\Users\lottj\Desktop\research\decentralized benchmark\topk_filter_study\results\sensitivity_suite\scenarios\clue_g19_n50.csv,clue_search,03,50,25,33,18,3,5,3,297,57,240,110,187,247,acbba_entry:187;clue:3;collision_intent:56;state:50;target:1,695,194,completed
2,dcta_parity_v1,custom,5789862b56c579a63f65129a7c7ce0c99a25e7c55fba998a5a9699fc4a7df60b,03f32103aba060045f2661de3c031f6fbcbc73f46000a9666f166ad349c5805d,ACBBA,gilbert_elliot,pGG_0.95_pBB_0.85,19,361,4,0.75,271,90.25,90.25,comm_g19_r4_ge_drop025_acbba_topk075,C:\Users\lottj\Desktop\research\decentralized benchmark\topk_filter_study\results\sensitivity_suite\scenarios\clue_g19_n50.csv,clue_search,00,3,0,4,0,0,0,0,6,3,3,6,0,0,collision_intent:3;state:3,15,3,completed
2,dcta_parity_v1,custom,5789862b56c579a63f65129a7c7ce0c99a25e7c55fba998a5a9699fc4a7df60b,03f32103aba060045f2661de3c031f6fbcbc73f46000a9666f166ad349c5805d,ACBBA,gilbert_elliot,pGG_0.95_pBB_0.85,19,361,4,0.75,271,90.25,90.25,comm_g19_r4_ge_drop025_acbba_topk075,C:\Users\lottj\Desktop\research\decentralized benchmark\topk_filter_study\results\sensitivity_suite\scenarios\clue_g19_n50.csv,clue_search,01,3,0,4,0,0,0,0,7,4,3,7,0,0,collision_intent:3;state:3;target:1,15,3,completed
2,dcta_parity_v1,custom,5789862b56c579a63f65129a7c7ce0c99a25e7c55fba998a5a9699fc4a7df60b,03f32103aba060045f2661de3c031f6fbcbc73f46000a9666f166ad349c5805d,ACBBA,gilbert_elliot,pGG_0.95_pBB_0.85,19,361,4,0.75,271,90.25,90.25,comm_g19_r4_ge_drop025_acbba_topk075,C:\Users\lottj\Desktop\research\decentralized benchmark\topk_filter_study\results\sensitivity_suite\scenarios\clue_g19_n50.csv,clue_search,02,3,0,4,0,0,0,0,6,3,3,6,0,0,collision_intent:3;state:3,18,0,completed
2,dcta_parity_v1,custom,5789862b56c579a63f65129a7c7ce0c99a25e7c55fba998a5a9699fc4a7df60b,03f32103aba060045f2661de3c031f6fbcbc73f46000a9666f166ad349c5805d,ACBBA,gilbert_elliot,pGG_0.95_pBB_0.85,19,361,4,0.75,271,90.25,90.25,comm_g19_r4_ge_drop025_acbba_topk075,C:\Users\lottj\Desktop\research\decentralized benchmark\topk_filter_study\results\sensitivity_suite\scenarios\clue_g19_n50.csv,clue_search,03,3,0,4,0,0,0,0,6,3,3,6,0,0,collision_intent:3;state:3,13,6,completed
3,dcta_parity_v1,custom,5789862b56c579a63f65129a7c7ce0c99a25e7c55fba998a5a9699fc4a7df60b,03f32103aba060045f2661de3c031f6fbcbc73f46000a9666f166ad349c5805d,ACBBA,gilbert_elliot,pGG_0.95_pBB_0.85,19,361,4,0.75,271,90.25,90.25,comm_g19_r4_ge_drop025_acbba_topk075,C:\Users\lottj\Desktop\research\decentralized benchmark\topk_filter_study\results\sensitivity_suite\scenarios\clue_g19_n50.csv,clue_search,00,48,29,34,15,0,5,2,326,54,272,103,223,288,acbba_entry:223;clue:1;collision_intent:53;state:48;target:1,761,207,completed
3,dcta_parity_v1,custom,5789862b56c579a63f65129a7c7ce0c99a25e7c55fba998a5a9699fc4a7df60b,03f32103aba060045f2661de3c031f6fbcbc73f46000a9666f166ad349c5805d,ACBBA,gilbert_elliot,pGG_0.95_pBB_0.85,19,361,4,0.75,271,90.25,90.25,comm_g19_r4_ge_drop025_acbba_topk075,C:\Users\lottj\Desktop\research\decentralized benchmark\topk_filter_study\results\sensitivity_suite\scenarios\clue_g19_n50.csv,clue_search,01,46,27,44,3,0,8,3,320,54,266,101,219,282,acbba_entry:219;clue:1;collision_intent:54;state:46,777,196,completed
3,dcta_parity_v1,custom,5789862b56c579a63f65129a7c7ce0c99a25e7c55fba998a5a9699fc4a7df60b,03f32103aba060045f2661de3c031f6fbcbc73f46000a9666f166ad349c5805d,ACBBA,gilbert_elliot,pGG_0.95_pBB_0.85,19,361,4,0.75,271,90.25,90.25,comm_g19_r4_ge_drop025_acbba_topk075,C:\Users\lottj\Desktop\research\decentralized benchmark\topk_filter_study\results\sensitivity_suite\scenarios\clue_g19_n50.csv,clue_search,02,48,29,37,12,2,0,0,323,48,275,97,226,285,acbba_entry:226;clue:1;collision_intent:48;state:48,767,203,completed
3,dcta_parity_v1,custom,5789862b56c579a63f65129a7c7ce0c99a25e7c55fba998a5a9699fc4a7df60b,03f32103aba060045f2661de3c031f6fbcbc73f46000a9666f166ad349c5805d,ACBBA,gilbert_elliot,pGG_0.95_pBB_0.85,19,361,4,0.75,271,90.25,90.25,comm_g19_r4_ge_drop025_acbba_topk075,C:\Users\lottj\Desktop\research\decentralized benchmark\topk_filter_study\results\sensitivity_suite\scenarios\clue_g19_n50.csv,clue_search,03,48,30,49,0,0,0,0,325,48,277,97,228,289,acbba_entry:228;clue:1;collision_intent:48;state:48,791,178,completed
4,dcta_parity_v1,custom,5789862b56c579a63f65129a7c7ce0c99a25e7c55fba998a5a9699fc4a7df60b,03f32103aba060045f2661de3c031f6fbcbc73f46000a9666f166ad349c5805d,ACBBA,gilbert_elliot,pGG_0.95_pBB_0.85,19,361,4,0.75,271,90.25,90.25,comm_g19_r4_ge_drop025_acbba_topk075,C:\Users\lottj\Desktop\research\decentralized benchmark\topk_filter_study\results\sensitivity_suite\scenarios\clue_g19_n50.csv,clue_search,00,24,14,19,6,1,1,1,144,25,119,50,94,124,acbba_entry:94;clue:1;collision_intent:25;state:24,320,119,completed
4,dcta_parity_v1,custom,5789862b56c579a63f65129a7c7ce0c99a25e7c55fba998a5a9699fc4a7df60b,03f32103aba060045f2661de3c031f6fbcbc73f46000a9666f166ad349c5805d,ACBBA,gilbert_elliot,pGG_0.95_pBB_0.85,19,361,4,0.75,271,90.25,90.25,comm_g19_r4_ge_drop025_acbba_topk075,C:\Users\lottj\Desktop\research\decentralized benchmark\topk_filter_study\results\sensitivity_suite\scenarios\clue_g19_n50.csv,clue_search,01,24,14,22,3,0,1,1,141,25,116,50,91,121,acbba_entry:91;clue:1;collision_intent:25;state:24,372,71,completed
4,dcta_parity_v1,custom,5789862b56c579a63f65129a7c7ce0c99a25e7c55fba998a5a9699fc4a7df60b,03f32103aba060045f2661de3c031f6fbcbc73f46000a9666f166ad349c5805d,ACBBA,gilbert_elliot,pGG_0.95_pBB_0.85,19,361,4,0.75,271,90.25,90.25,comm_g19_r4_ge_drop025_acbba_topk075,C:\Users\lottj\Desktop\research\decentralized benchmark\topk_filter_study\results\sensitivity_suite\scenarios\clue_g19_n50.csv,clue_search,02,24,14,18,7,0,4,2,141,28,113,53,88,121,acbba_entry:88;clue:1;collision_intent:28;state:24,302,141,completed
4,dcta_parity_v1,custom,5789862b56c579a63f65129a7c7ce0c99a25e7c55fba998a5a9699fc4a7df60b,03f32103aba060045f2661de3c031f6fbcbc73f46000a9666f166ad349c5805d,ACBBA,gilbert_elliot,pGG_0.95_pBB_0.85,19,361,4,0.75,271,90.25,90.25,comm_g19_r4_ge_drop025_acbba_topk075,C:\Users\lottj\Desktop\research\decentralized benchmark\topk_filter_study\results\sensitivity_suite\scenarios\clue_g19_n50.csv,clue_search,03,25,16,23,3,1,0,0,159,26,133,52,107,141,acbba_entry:107;clue:1;collision_intent:25;state:25;target:1,372,54,completed
5,dcta_parity_v1,custom,5789862b56c579a63f65129a7c7ce0c99a25e7c55fba998a5a9699fc4a7df60b,03f32103aba060045f2661de3c031f6fbcbc73f46000a9666f166ad349c5805d,ACBBA,gilbert_elliot,pGG_0.95_pBB_0.85,19,361,4,0.75,271,90.25,90.25,comm_g19_r4_ge_drop025_acbba_topk075,C:\Users\lottj\Desktop\research\decentralized benchmark\topk_filter_study\results\sensitivity_suite\scenarios\clue_g19_n50.csv,clue_search,00,69,58,70,0,0,0,0,554,70,484,143,411,532,acbba_entry:411;clue:4;collision_intent:69;state:69;target:1,1327,321,completed
5,dcta_parity_v1,custom,5789862b56c579a63f65129a7c7ce0c99a25e7c55fba998a5a9699fc4a7df60b,03f32103aba060045f2661de3c031f6fbcbc73f46000a9666f166ad349c5805d,ACBBA,gilbert_elliot,pGG_0.95_pBB_0.85,19,361,4,0.75,271,90.25,90.25,comm_g19_r4_ge_drop025_acbba_topk075,C:\Users\lottj\Desktop\research\decentralized benchmark\topk_filter_study\results\sensitivity_suite\scenarios\clue_g19_n50.csv,clue_search,01,66,56,47,20,0,4,1,557,70,487,140,417,537,acbba_entry:417;clue:4;collision_intent:70;state:66,1243,401,completed
5,dcta_parity_v1,custom,5789862b56c579a63f65129a7c7ce0c99a25e7c55fba998a5a9699fc4a7df60b,03f32103aba060045f2661de3c031f6fbcbc73f46000a9666f166ad349c5805d,ACBBA,gilbert_elliot,pGG_0.95_pBB_0.85,19,361,4,0.75,271,90.25,90.25,comm_g19_r4_ge_drop025_acbba_topk075,C:\Users\lottj\Desktop\research\decentralized benchmark\topk_filter_study\results\sensitivity_suite\scenarios\clue_g19_n50.csv,clue_search,02,67,56,51,17,0,0,0,543,67,476,138,405,521,acbba_entry:405;clue:4;collision_intent:67;state:67,1356,302,completed
5,dcta_parity_v1,custom,5789862b56c579a63f65129a7c7ce0c99a25e7c55fba998a5a9699fc4a7df60b,03f32103aba060045f2661de3c031f6fbcbc73f46000a9666f166ad349c5805d,ACBBA,gilbert_elliot,pGG_0.95_pBB_0.85,19,361,4,0.75,271,90.25,90.25,comm_g19_r4_ge_drop025_acbba_topk075,C:\Users\lottj\Desktop\research\decentralized benchmark\topk_filter_study\results\sensitivity_suite\scenarios\clue_g19_n50.csv,clue_search,03,67,56,42,26,0,0,0,548,67,481,138,410,526,acbba_entry:410;clue:4;collision_intent:67;state:67,1279,374,completed
6,dcta_parity_v1,custom,5789862b56c579a63f65129a7c7ce0c99a25e7c55fba998a5a9699fc4a7df60b,03f32103aba060045f2661de3c031f6fbcbc73f46000a9666f166ad349c5805d,ACBBA,gilbert_elliot,pGG_0.95_pBB_0.85,19,361,4,0.75,271,90.25,90.25,comm_g19_r4_ge_drop025_acbba_topk075,C:\Users\lottj\Desktop\research\decentralized benchmark\topk_filter_study\results\sensitivity_suite\scenarios\clue_g19_n50.csv,clue_search,00,136,134,72,65,1,0,0,1125,136,989,275,850,1121,acbba_entry:850;clue:3;collision_intent:136;state:136,2492,840,completed
6,dcta_parity_v1,custom,5789862b56c579a63f65129a7c7ce0c99a25e7c55fba998a5a9699fc4a7df60b,03f32103aba060045f2661de3c031f6fbcbc73f46000a9666f166ad349c5805d,ACBBA,gilbert_elliot,pGG_0.95_pBB_0.85,19,361,4,0.75,271,90.25,90.25,comm_g19_r4_ge_drop025_acbba_topk075,C:\Users\lottj\Desktop\research\decentralized benchmark\topk_filter_study\results\sensitivity_suite\scenarios\clue_g19_n50.csv,clue_search,01,136,135,108,29,2,0,0,1050,136,914,275,775,1048,acbba_entry:775;clue:3;collision_intent:136;state:136,2706,702,completed
6,dcta_parity_v1,custom,5789862b56c579a63f65129a7c7ce0c99a25e7c55fba998a5a9699fc4a7df60b,03f32103aba060045f2661de3c031f6fbcbc73f46000a9666f166ad349c5805d,ACBBA,gilbert_elliot,pGG_0.95_pBB_0.85,19,361,4,0.75,271,90.25,90.25,comm_g19_r4_ge_drop025_acbba_topk075,C:\Users\lottj\Desktop\research\decentralized benchmark\topk_filter_study\results\sensitivity_suite\scenarios\clue_g19_n50.csv,clue_search,02,133,131,83,51,1,4,2,1161,138,1023,275,886,1157,acbba_entry:886;clue:4;collision_intent:137;state:133;target:1,2447,850,completed
6,dcta_parity_v1,custom,5789862b56c579a63f65129a7c7ce0c99a25e7c55fba998a5a9699fc4a7df60b,03f32103aba060045f2661de3c031f6fbcbc73f46000a9666f166ad349c5805d,ACBBA,gilbert_elliot,pGG_0.95_pBB_0.85,19,361,4,0.75,271,90.25,90.25,comm_g19_r4_ge_drop025_acbba_topk075,C:\Users\lottj\Desktop\research\decentralized benchmark\topk_filter_study\results\sensitivity_suite\scenarios\clue_g19_n50.csv,clue_search,03,132,131,78,55,2,4,2,1122,137,985,273,849,1120,acbba_entry:849;clue:4;collision_intent:137;state:132,2589,745,completed
7,dcta_parity_v1,custom,5789862b56c579a63f65129a7c7ce0c99a25e7c55fba998a5a9699fc4a7df60b,03f32103aba060045f2661de3c031f6fbcbc73f46000a9666f166ad349c5805d,ACBBA,gilbert_elliot,pGG_0.95_pBB_0.85,19,361,4,0.75,271,90.25,90.25,comm_g19_r4_ge_drop025_acbba_topk075,C:\Users\lottj\Desktop\research\decentralized benchmark\topk_filter_study\results\sensitivity_suite\scenarios\clue_g19_n50.csv,clue_search,00,18,6,19,0,0,0,0,75,18,57,37,38,50,acbba_entry:38;clue:1;collision_intent:18;state:18,180,23,completed
7,dcta_parity_v1,custom,5789862b56c579a63f65129a7c7ce0c99a25e7c55fba998a5a9699fc4a7df60b,03f32103aba060045f2661de3c031f6fbcbc73f46000a9666f166ad349c5805d,ACBBA,gilbert_elliot,pGG_0.95_pBB_0.85,19,361,4,0.75,271,90.25,90.25,comm_g19_r4_ge_drop025_acbba_topk075,C:\Users\lottj\Desktop\research\decentralized benchmark\topk_filter_study\results\sensitivity_suite\scenarios\clue_g19_n50.csv,clue_search,01,17,5,18,0,2,0,0,67,17,50,35,32,43,acbba_entry:32;clue:1;collision_intent:17;state:17,174,36,completed
7,dcta_parity_v1,custom,5789862b56c579a63f65129a7c7ce0c99a25e7c55fba998a5a9699fc4a7df60b,03f32103aba060045f2661de3c031f6fbcbc73f46000a9666f166ad349c5805d,ACBBA,gilbert_elliot,pGG_0.95_pBB_0.85,19,361,4,0.75,271,90.25,90.25,comm_g19_r4_ge_drop025_acbba_topk075,C:\Users\lottj\Desktop\research\decentralized benchmark\topk_filter_study\results\sensitivity_suite\scenarios\clue_g19_n50.csv,clue_search,02,18,5,19,0,0,0,0,77,19,58,38,39,51,acbba_entry:39;clue:1;collision_intent:18;state:18;target:1,182,19,completed
7,dcta_parity_v1,custom,5789862b56c579a63f65129a7c7ce0c99a25e7c55fba998a5a9699fc4a7df60b,03f32103aba060045f2661de3c031f6fbcbc73f46000a9666f166ad349c5805d,ACBBA,gilbert_elliot,pGG_0.95_pBB_0.85,19,361,4,0.75,271,90.25,90.25,comm_g19_r4_ge_drop025_acbba_topk075,C:\Users\lottj\Desktop\research\decentralized benchmark\topk_filter_study\results\sensitivity_suite\scenarios\clue_g19_n50.csv,clue_search,03,17,5,17,1,1,0,0,59,17,42,35,24,35,acbba_entry:24;clue:1;collision_intent:17;state:17,151,68,completed
8,dcta_parity_v1,custom,5789862b56c579a63f65129a7c7ce0c99a25e7c55fba998a5a9699fc4a7df60b,03f32103aba060045f2661de3c031f6fbcbc73f46000a9666f166ad349c5805d,ACBBA,gilbert_elliot,pGG_0.95_pBB_0.85,19,361,4,0.75,271,90.25,90.25,comm_g19_r4_ge_drop025_acbba_topk075,C:\Users\lottj\Desktop\research\decentralized benchmark\topk_filter_study\results\sensitivity_suite\scenarios\clue_g19_n50.csv,clue_search,00,56,43,55,2,0,0,0,397,56,341,115,282,371,acbba_entry:282;clue:3;collision_intent:56;state:56,825,204,completed
8,dcta_parity_v1,custom,5789862b56c579a63f65129a7c7ce0c99a25e7c55fba998a5a9699fc4a7df60b,03f32103aba060045f2661de3c031f6fbcbc73f46000a9666f166ad349c5805d,ACBBA,gilbert_elliot,pGG_0.95_pBB_0.85,19,361,4,0.75,271,90.25,90.25,comm_g19_r4_ge_drop025_acbba_topk075,C:\Users\lottj\Desktop\research\decentralized benchmark\topk_filter_study\results\sensitivity_suite\scenarios\clue_g19_n50.csv,clue_search,01,55,43,39,17,1,0,0,403,55,348,113,290,379,acbba_entry:290;clue:3;collision_intent:55;state:55,799,224,completed
8,dcta_parity_v1,custom,5789862b56c579a63f65129a7c7ce0c99a25e7c55fba998a5a9699fc4a7df60b,03f32103aba060045f2661de3c031f6fbcbc73f46000a9666f166ad349c5805d,ACBBA,gilbert_elliot,pGG_0.95_pBB_0.85,19,361,4,0.75,271,90.25,90.25,comm_g19_r4_ge_drop025_acbba_topk075,C:\Users\lottj\Desktop\research\decentralized benchmark\topk_filter_study\results\sensitivity_suite\scenarios\clue_g19_n50.csv,clue_search,02,56,44,53,4,0,0,0,220,56,164,114,106,196,acbba_entry:106;clue:2;collision_intent:56;state:56,939,266,completed
8,dcta_parity_v1,custom,5789862b56c579a63f65129a7c7ce0c99a25e7c55fba998a5a9699fc4a7df60b,03f32103aba060045f2661de3c031f6fbcbc73f46000a9666f166ad349c5805d,ACBBA,gilbert_elliot,pGG_0.95_pBB_0.85,19,361,4,0.75,271,90.25,90.25,comm_g19_r4_ge_drop025_acbba_topk075,C:\Users\lottj\Desktop\research\decentralized benchmark\topk_filter_study\results\sensitivity_suite\scenarios\clue_g19_n50.csv,clue_search,03,56,44,49,8,0,0,0,406,57,349,116,290,382,acbba_entry:290;clue:3;collision_intent:56;state:56;target:1,831,189,completed
9,dcta_parity_v1,custom,5789862b56c579a63f65129a7c7ce0c99a25e7c55fba998a5a9699fc4a7df60b,03f32103aba060045f2661de3c031f6fbcbc73f46000a9666f166ad349c5805d,ACBBA,gilbert_elliot,pGG_0.95_pBB_0.85,19,361,4,0.75,271,90.25,90.25,comm_g19_r4_ge_drop025_acbba_topk075,C:\Users\lottj\Desktop\research\decentralized benchmark\topk_filter_study\results\sensitivity_suite\scenarios\clue_g19_n50.csv,clue_search,00,140,133,83,58,6,4,4,1129,145,984,289,840,1115,acbba_entry:840;clue:4;collision_intent:145;state:140,2785,655,completed
9,dcta_parity_v1,custom,5789862b56c579a63f65129a7c7ce0c99a25e7c55fba998a5a9699fc4a7df60b,03f32103aba060045f2661de3c031f6fbcbc73f46000a9666f166ad349c5805d,ACBBA,gilbert_elliot,pGG_0.95_pBB_0.85,19,361,4,0.75,271,90.25,90.25,comm_g19_r4_ge_drop025_acbba_topk075,C:\Users\lottj\Desktop\research\decentralized benchmark\topk_filter_study\results\sensitivity_suite\scenarios\clue_g19_n50.csv,clue_search,01,138,131,100,39,1,2,2,1139,140,999,282,857,1125,acbba_entry:857;clue:4;collision_intent:140;state:138,2649,779,completed
9,dcta_parity_v1,custom,5789862b56c579a63f65129a7c7ce0c99a25e7c55fba998a5a9699fc4a7df60b,03f32103aba060045f2661de3c031f6fbcbc73f46000a9666f166ad349c5805d,ACBBA,gilbert_elliot,pGG_0.95_pBB_0.85,19,361,4,0.75,271,90.25,90.25,comm_g19_r4_ge_drop025_acbba_topk075,C:\Users\lottj\Desktop\research\decentralized benchmark\topk_filter_study\results\sensitivity_suite\scenarios\clue_g19_n50.csv,clue_search,02,138,131,73,66,2,0,0,1172,139,1033,281,891,1158,acbba_entry:891;clue:4;collision_intent:139;state:138,2656,740,completed
9,dcta_parity_v1,custom,5789862b56c579a63f65129a7c7ce0c99a25e7c55fba998a5a9699fc4a7df60b,03f32103aba060045f2661de3c031f6fbcbc73f46000a9666f166ad349c5805d,ACBBA,gilbert_elliot,pGG_0.95_pBB_0.85,19,361,4,0.75,271,90.25,90.25,comm_g19_r4_ge_drop025_acbba_topk075,C:\Users\lottj\Desktop\research\decentralized benchmark\topk_filter_study\results\sensitivity_suite\scenarios\clue_g19_n50.csv,clue_search,03,137,130,67,71,1,8,3,1129,146,983,287,842,1115,acbba_entry:842;clue:4;collision_intent:145;state:137;target:1,2700,740,completed
10,dcta_parity_v1,custom,5789862b56c579a63f65129a7c7ce0c99a25e7c55fba998a5a9699fc4a7df60b,03f32103aba060045f2661de3c031f6fbcbc73f46000a9666f166ad349c5805d,ACBBA,gilbert_elliot,pGG_0.95_pBB_0.85,19,361,4,0.75,271,90.25,90.25,comm_g19_r4_ge_drop025_acbba_topk075,C:\Users\lottj\Desktop\research\decentralized benchmark\topk_filter_study\results\sensitivity_suite\scenarios\clue_g19_n50.csv,clue_search,00,48,37,41,8,0,0,0,382,49,333,99,283,360,acbba_entry:283;clue:2;collision_intent:48;state:48;target:1,830,240,completed
10,dcta_parity_v1,custom,5789862b56c579a63f65129a7c7ce0c99a25e7c55fba998a5a9699fc4a7df60b,03f32103aba060045f2661de3c031f6fbcbc73f46000a9666f166ad349c5805d,ACBBA,gilbert_elliot,pGG_0.95_pBB_0.85,19,361,4,0.75,271,90.25,90.25,comm_g19_r4_ge_drop025_acbba_topk075,C:\Users\lottj\Desktop\research\decentralized benchmark\topk_filter_study\results\sensitivity_suite\scenarios\clue_g19_n50.csv,clue_search,01,48,37,40,9,0,0,0,348,48,300,97,251,326,acbba_entry:251;clue:1;collision_intent:48;state:48,864,239,completed
10,dcta_parity_v1,custom,5789862b56c579a63f65129a7c7ce0c99a25e7c55fba998a5a9699fc4a7df60b,03f32103aba060045f2661de3c031f6fbcbc73f46000a9666f166ad349c5805d,ACBBA,gilbert_elliot,pGG_0.95_pBB_0.85,19,361,4,0.75,271,90.25,90.25,comm_g19_r4_ge_drop025_acbba_topk075,C:\Users\lottj\Desktop\research\decentralized benchmark\topk_filter_study\results\sensitivity_suite\scenarios\clue_g19_n50.csv,clue_search,02,46,35,30,17,0,6,2,356,52,304,100,256,334,acbba_entry:256;clue:2;collision_intent:52;state:46,849,247,completed
10,dcta_parity_v1,custom,5789862b56c579a63f65129a7c7ce0c99a25e7c55fba998a5a9699fc4a7df60b,03f32103aba060045f2661de3c031f6fbcbc73f46000a9666f166ad349c5805d,ACBBA,gilbert_elliot,pGG_0.95_pBB_0.85,19,361,4,0.75,271,90.25,90.25,comm_g19_r4_ge_drop025_acbba_topk075,C:\Users\lottj\Desktop\research\decentralized benchmark\topk_filter_study\results\sensitivity_suite\scenarios\clue_g19_n50.csv,clue_search,03,46,35,40,7,0,6,1,366,52,314,100,266,344,acbba_entry:266;clue:2;collision_intent:52;state:46,812,274,completed
11,dcta_parity_v1,custom,5789862b56c579a63f65129a7c7ce0c99a25e7c55fba998a5a9699fc4a7df60b,03f32103aba060045f2661de3c031f6fbcbc73f46000a9666f166ad349c5805d,ACBBA,gilbert_elliot,pGG_0.95_pBB_0.85,19,361,4,0.75,271,90.25,90.25,comm_g19_r4_ge_drop025_acbba_topk075,C:\Users\lottj\Desktop\research\decentralized benchmark\topk_filter_study\results\sensitivity_suite\scenarios\clue_g19_n50.csv,clue_search,00,91,41,88,4,0,0,0,487,92,395,186,301,386,acbba_entry:301;clue:3;collision_intent:91;state:91;target:1,1109,297,completed
11,dcta_parity_v1,custom,5789862b56c579a63f65129a7c7ce0c99a25e7c55fba998a5a9699fc4a7df60b,03f32103aba060045f2661de3c031f6fbcbc73f46000a9666f166ad349c5805d,ACBBA,gilbert_elliot,pGG_0.95_pBB_0.85,19,361,4,0.75,271,90.25,90.25,comm_g19_r4_ge_drop025_acbba_topk075,C:\Users\lottj\Desktop\research\decentralized benchmark\topk_filter_study\results\sensitivity_suite\scenarios\clue_g19_n50.csv,clue_search,01,89,39,72,18,0,0,0,470,89,381,181,289,370,acbba_entry:289;clue:3;collision_intent:89;state:89,1146,276,completed
11,dcta_parity_v1,custom,5789862b56c579a63f65129a7c7ce0c99a25e7c55fba998a5a9699fc4a7df60b,03f32103aba060045f2661de3c031f6fbcbc73f46000a9666f166ad349c5805d,ACBBA,gilbert_elliot,pGG_0.95_pBB_0.85,19,361,4,0.75,271,90.25,90.25,comm_g19_r4_ge_drop025_acbba_topk075,C:\Users\lottj\Desktop\research\decentralized benchmark\topk_filter_study\results\sensitivity_suite\scenarios\clue_g19_n50.csv,clue_search,02,91,40,76,16,0,0,0,451,92,359,186,265,349,acbba_entry:265;clue:3;collision_intent:92;state:91,1143,299,completed
11,dcta_parity_v1,custom,5789862b56c579a63f65129a7c7ce0c99a25e7c55fba998a5a9699fc4a7df60b,03f32103aba060045f2661de3c031f6fbcbc73f46000a9666f166ad349c5805d,ACBBA,gilbert_elliot,pGG_0.95_pBB_0.85,19,361,4,0.75,271,90.25,90.25,comm_g19_r4_ge_drop025_acbba_topk075,C:\Users\lottj\Desktop\research\decentralized benchmark\topk_filter_study\results\sensitivity_suite\scenarios\clue_g19_n50.csv,clue_search,03,90,40,63,28,2,3,3,485,93,392,186,299,385,acbba_entry:299;clue:3;collision_intent:93;state:90,1088,319,completed
12,dcta_parity_v1,custom,5789862b56c579a63f65129a7c7ce0c99a25e7c55fba998a5a9699fc4a7df60b,03f32103aba060045f2661de3c031f6fbcbc73f46000a9666f166ad349c5805d,ACBBA,gilbert_elliot,pGG_0.95_pBB_0.85,19,361,4,0.75,271,90.25,90.25,comm_g19_r4_ge_drop025_acbba_topk075,C:\Users\lottj\Desktop\research\decentralized benchmark\topk_filter_study\results\sensitivity_suite\scenarios\clue_g19_n50.csv,clue_search,00,31,11,31,1,0,0,0,144,32,112,64,80,104,acbba_entry:80;clue:1;collision_intent:31;state:31;target:1,335,85,completed
12,dcta_parity_v1,custom,5789862b56c579a63f65129a7c7ce0c99a25e7c55fba998a5a9699fc4a7df60b,03f32103aba060045f2661de3c031f6fbcbc73f46000a9666f166ad349c5805d,ACBBA,gilbert_elliot,pGG_0.95_pBB_0.85,19,361,4,0.75,271,90.25,90.25,comm_g19_r4_ge_drop025_acbba_topk075,C:\Users\lottj\Desktop\research\decentralized benchmark\topk_filter_study\results\sensitivity_suite\scenarios\clue_g19_n50.csv,clue_search,01,30,11,29,2,0,0,0,148,30,118,61,87,110,acbba_entry:87;clue:1;collision_intent:30;state:30,368,48,completed
12,dcta_parity_v1,custom,5789862b56c579a63f65129a7c7ce0c99a25e7c55fba998a5a9699fc4a7df60b,03f32103aba060045f2661de3c031f6fbcbc73f46000a9666f166ad349c5805d,ACBBA,gilbert_elliot,pGG_0.95_pBB_0.85,19,361,4,0.75,271,90.25,90.25,comm_g19_r4_ge_drop025_acbba_topk075,C:\Users\lottj\Desktop\research\decentralized benchmark\topk_filter_study\results\sensitivity_suite\scenarios\clue_g19_n50.csv,clue_search,02,27,7,28,0,0,3,1,125,31,94,59,66,85,acbba_entry:66;clue:1;collision_intent:31;state:27,402,37,completed
12,dcta_parity_v1,custom,5789862b56c579a63f65129a7c7ce0c99a25e7c55fba998a5a9699fc4a7df60b,03f32103aba060045f2661de3c031f6fbcbc73f46000a9666f166ad349c5805d,ACBBA,gilbert_elliot,pGG_0.95_pBB_0.85,19,361,4,0.75,271,90.25,90.25,comm_g19_r4_ge_drop025_acbba_topk075,C:\Users\lottj\Desktop\research\decentralized benchmark\topk_filter_study\results\sensitivity_suite\scenarios\clue_g19_n50.csv,clue_search,03,29,9,30,0,0,4,1,147,33,114,63,84,107,acbba_entry:84;clue:1;collision_intent:33;state:29,364,51,completed
13,dcta_parity_v1,custom,5789862b56c579a63f65129a7c7ce0c99a25e7c55fba998a5a9699fc4a7df60b,03f32103aba060045f2661de3c031f6fbcbc73f46000a9666f166ad349c5805d,ACBBA,gilbert_elliot,pGG_0.95_pBB_0.85,19,361,4,0.75,271,90.25,90.25,comm_g19_r4_ge_drop025_acbba_topk075,C:\Users\lottj\Desktop\research\decentralized benchmark\topk_filter_study\results\sensitivity_suite\scenarios\clue_g19_n50.csv,clue_search,00,7,0,8,0,0,0,0,14,7,7,14,0,0,collision_intent:7;state:7,37,5,completed
13,dcta_parity_v1,custom,5789862b56c579a63f65129a7c7ce0c99a25e7c55fba998a5a9699fc4a7df60b,03f32103aba060045f2661de3c031f6fbcbc73f46000a9666f166ad349c5805d,ACBBA,gilbert_elliot,pGG_0.95_pBB_0.85,19,361,4,0.75,271,90.25,90.25,comm_g19_r4_ge_drop025_acbba_topk075,C:\Users\lottj\Desktop\research\decentralized benchmark\topk_filter_study\results\sensitivity_suite\scenarios\clue_g19_n50.csv,clue_search,01,7,0,8,0,0,0,0,14,7,7,14,0,0,collision_intent:7;state:7,38,3,completed
13,dcta_parity_v1,custom,5789862b56c579a63f65129a7c7ce0c99a25e7c55fba998a5a9699fc4a7df60b,03f32103aba060045f2661de3c031f6fbcbc73f46000a9666f166ad349c5805d,ACBBA,gilbert_elliot,pGG_0.95_pBB_0.85,19,361,4,0.75,271,90.25,90.25,comm_g19_r4_ge_drop025_acbba_topk075,C:\Users\lottj\Desktop\research\decentralized benchmark\topk_filter_study\results\sensitivity_suite\scenarios\clue_g19_n50.csv,clue_search,02,7,0,8,0,0,0,0,14,7,7,14,0,0,collision_intent:7;state:7,37,5,completed
13,dcta_parity_v1,custom,5789862b56c579a63f65129a7c7ce0c99a25e7c55fba998a5a9699fc4a7df60b,03f32103aba060045f2661de3c031f6fbcbc73f46000a9666f166ad349c5805d,ACBBA,gilbert_elliot,pGG_0.95_pBB_0.85,19,361,4,0.75,271,90.25,90.25,comm_g19_r4_ge_drop025_acbba_topk075,C:\Users\lottj\Desktop\research\decentralized benchmark\topk_filter_study\results\sensitivity_suite\scenarios\clue_g19_n50.csv,clue_search,03,7,0,8,0,0,0,0,15,8,7,15,0,0,collision_intent:7;state:7;target:1,42,0,completed
14,dcta_parity_v1,custom,5789862b56c579a63f65129a7c7ce0c99a25e7c55fba998a5a9699fc4a7df60b,03f32103aba060045f2661de3c031f6fbcbc73f46000a9666f166ad349c5805d,ACBBA,gilbert_elliot,pGG_0.95_pBB_0.85,19,361,4,0.75,271,90.25,90.25,comm_g19_r4_ge_drop025_acbba_topk075,C:\Users\lottj\Desktop\research\decentralized benchmark\topk_filter_study\results\sensitivity_suite\scenarios\clue_g19_n50.csv,clue_search,00,99,92,65,35,1,7,3,921,106,815,209,712,907,acbba_entry:712;clue:4;collision_intent:106;state:99,2183,616,completed
14,dcta_parity_v1,custom,5789862b56c579a63f65129a7c7ce0c99a25e7c55fba998a5a9699fc4a7df60b,03f32103aba060045f2661de3c031f6fbcbc73f46000a9666f166ad349c5805d,ACBBA,gilbert_elliot,pGG_0.95_pBB_0.85,19,361,4,0.75,271,90.25,90.25,comm_g19_r4_ge_drop025_acbba_topk075,C:\Users\lottj\Desktop\research\decentralized benchmark\topk_filter_study\results\sensitivity_suite\scenarios\clue_g19_n50.csv,clue_search,01,95,89,56,40,6,13,3,931,108,823,207,724,919,acbba_entry:724;clue:4;collision_intent:108;state:95,2194,595,completed
14,dcta_parity_v1,custom,5789862b56c579a63f65129a7c7ce0c99a25e7c55fba998a5a9699fc4a7df60b,03f32103aba060045f2661de3c031f6fbcbc73f46000a9666f166ad349c5805d,ACBBA,gilbert_elliot,pGG_0.95_pBB_0.85,19,361,4,0.75,271,90.25,90.25,comm_g19_r4_ge_drop025_acbba_topk075,C:\Users\lottj\Desktop\research\decentralized benchmark\topk_filter_study\results\sensitivity_suite\scenarios\clue_g19_n50.csv,clue_search,02,101,94,84,18,0,0,0,915,101,814,206,709,901,acbba_entry:709;clue:4;collision_intent:101;state:101,2244,562,completed
14,dcta_parity_v1,custom,5789862b56c579a63f65129a7c7ce0c99a25e7c55fba998a5a9699fc4a7df60b,03f32103aba060045f2661de3c031f6fbcbc73f46000a9666f166ad349c5805d,ACBBA,gilbert_elliot,pGG_0.95_pBB_0.85,19,361,4,0.75,271,90.25,90.25,comm_g19_r4_ge_drop025_acbba_topk075,C:\Users\lottj\Desktop\research\decentralized benchmark\topk_filter_study\results\sensitivity_suite\scenarios\clue_g19_n50.csv,clue_search,03,96,90,78,19,3,6,2,954,105,849,205,749,942,acbba_entry:749;clue:4;collision_intent:104;state:96;target:1,2145,622,completed
15,dcta_parity_v1,custom,5789862b56c579a63f65129a7c7ce0c99a25e7c55fba998a5a9699fc4a7df60b,03f32103aba060045f2661de3c031f6fbcbc73f46000a9666f166ad349c5805d,ACBBA,gilbert_elliot,pGG_0.95_pBB_0.85,19,361,4,0.75,271,90.25,90.25,comm_g19_r4_ge_drop025_acbba_topk075,C:\Users\lottj\Desktop\research\decentralized benchmark\topk_filter_study\results\sensitivity_suite\scenarios\clue_g19_n50.csv,clue_search,00,92,61,76,17,0,8,1,660,100,560,195,465,598,acbba_entry:465;clue:3;collision_intent:100;state:92,1527,509,completed
15,dcta_parity_v1,custom,5789862b56c579a63f65129a7c7ce0c99a25e7c55fba998a5a9699fc4a7df60b,03f32103aba060045f2661de3c031f6fbcbc73f46000a9666f166ad349c5805d,ACBBA,gilbert_elliot,pGG_0.95_pBB_0.85,19,361,4,0.75,271,90.25,90.25,comm_g19_r4_ge_drop025_acbba_topk075,C:\Users\lottj\Desktop\research\decentralized benchmark\topk_filter_study\results\sensitivity_suite\scenarios\clue_g19_n50.csv,clue_search,01,97,66,79,19,0,1,1,664,98,566,198,466,602,acbba_entry:466;clue:3;collision_intent:98;state:97,1563,469,completed
15,dcta_parity_v1,custom,5789862b56c579a63f65129a7c7ce0c99a25e7c55fba998a5a9699fc4a7df60b,03f32103aba060045f2661de3c031f6fbcbc73f46000a9666f166ad349c5805d,ACBBA,gilbert_elliot,pGG_0.95_pBB_0.85,19,361,4,0.75,271,90.25,90.25,comm_g19_r4_ge_drop025_acbba_topk075,C:\Users\lottj\Desktop\research\decentralized benchmark\topk_filter_study\results\sensitivity_suite\scenarios\clue_g19_n50.csv,clue_search,02,98,67,83,16,1,1,1,670,100,570,201,469,608,acbba_entry:469;clue:3;collision_intent:99;state:98;target:1,1545,482,completed
15,dcta_parity_v1,custom,5789862b56c579a63f65129a7c7ce0c99a25e7c55fba998a5a9699fc4a7df60b,03f32103aba060045f2661de3c031f6fbcbc73f46000a9666f166ad349c5805d,ACBBA,gilbert_elliot,pGG_0.95_pBB_0.85,19,361,4,0.75,271,90.25,90.25,comm_g19_r4_ge_drop025_acbba_topk075,C:\Users\lottj\Desktop\research\decentralized benchmark\topk_filter_study\results\sensitivity_suite\scenarios\clue_g19_n50.csv,clue_search,03,100,69,56,45,0,0,0,703,100,603,203,500,641,acbba_entry:500;clue:3;collision_intent:100;state:100,1575,418,completed
16,dcta_parity_v1,custom,5789862b56c579a63f65129a7c7ce0c99a25e7c55fba998a5a9699fc4a7df60b,03f32103aba060045f2661de3c031f6fbcbc73f46000a9666f166ad349c5805d,ACBBA,gilbert_elliot,pGG_0.95_pBB_0.85,19,361,4,0.75,271,90.25,90.25,comm_g19_r4_ge_drop025_acbba_topk075,C:\Users\lottj\Desktop\research\decentralized benchmark\topk_filter_study\results\sensitivity_suite\scenarios\clue_g19_n50.csv,clue_search,00,127,121,78,50,1,1,1,1081,128,953,259,822,1069,acbba_entry:822;clue:4;collision_intent:128;state:127,2475,682,completed
16,dcta_parity_v1,custom,5789862b56c579a63f65129a7c7ce0c99a25e7c55fba998a5a9699fc4a7df60b,03f32103aba060045f2661de3c031f6fbcbc73f46000a9666f166ad349c5805d,ACBBA,gilbert_elliot,pGG_0.95_pBB_0.85,19,361,4,0.75,271,90.25,90.25,comm_g19_r4_ge_drop025_acbba_topk075,C:\Users\lottj\Desktop\research\decentralized benchmark\topk_filter_study\results\sensitivity_suite\scenarios\clue_g19_n50.csv,clue_search,01,129,123,90,40,1,0,0,1070,129,941,262,808,1058,acbba_entry:808;clue:4;collision_intent:129;state:129,2442,725,completed
16,dcta_parity_v1,custom,5789862b56c579a63f65129a7c7ce0c99a25e7c55fba998a5a9699fc4a7df60b,03f32103aba060045f2661de3c031f6fbcbc73f46000a9666f166ad349c5805d,ACBBA,gilbert_elliot,pGG_0.95_pBB_0.85,19,361,4,0.75,271,90.25,90.25,comm_g19_r4_ge_drop025_acbba_topk075,C:\Users\lottj\Desktop\research\decentralized benchmark\topk_filter_study\results\sensitivity_suite\scenarios\clue_g19_n50.csv,clue_search,02,129,122,76,54,1,4,1,1044,134,910,267,777,1030,acbba_entry:777;clue:4;collision_intent:133;state:129;target:1,2438,757,completed
16,dcta_parity_v1,custom,5789862b56c579a63f65129a7c7ce0c99a25e7c55fba998a5a9699fc4a7df60b,03f32103aba060045f2661de3c031f6fbcbc73f46000a9666f166ad349c5805d,ACBBA,gilbert_elliot,pGG_0.95_pBB_0.85,19,361,4,0.75,271,90.25,90.25,comm_g19_r4_ge_drop025_acbba_topk075,C:\Users\lottj\Desktop\research\decentralized benchmark\topk_filter_study\results\sensitivity_suite\scenarios\clue_g19_n50.csv,clue_search,03,128,122,72,57,2,0,0,1044,129,915,261,783,1032,acbba_entry:783;clue:4;collision_intent:129;state:128,2575,620,completed
17,dcta_parity_v1,custom,5789862b56c579a63f65129a7c7ce0c99a25e7c55fba998a5a9699fc4a7df60b,03f32103aba060045f2661de3c031f6fbcbc73f46000a9666f166ad349c5805d,ACBBA,gilbert_elliot,pGG_0.95_pBB_0.85,19,361,4,0.75,271,90.25,90.25,comm_g19_r4_ge_drop025_acbba_topk075,C:\Users\lottj\Desktop\research\decentralized benchmark\topk_filter_study\results\sensitivity_suite\scenarios\clue_g19_n50.csv,clue_search,00,1,0,2,0,0,0,0,2,1,1,2,0,0,collision_intent:1;state:1,5,0,completed
17,dcta_parity_v1,custom,5789862b56c579a63f65129a7c7ce0c99a25e7c55fba998a5a9699fc4a7df60b,03f32103aba060045f2661de3c031f6fbcbc73f46000a9666f166ad349c5805d,ACBBA,gilbert_elliot,pGG_0.95_pBB_0.85,19,361,4,0.75,271,90.25,90.25,comm_g19_r4_ge_drop025_acbba_topk075,C:\Users\lottj\Desktop\research\decentralized benchmark\topk_filter_study\results\sensitivity_suite\scenarios\clue_g19_n50.csv,clue_search,01,0,0,1,0,0,0,0,1,1,0,1,0,0,collision_intent:1,5,0,completed
17,dcta_parity_v1,custom,5789862b56c579a63f65129a7c7ce0c99a25e7c55fba998a5a9699fc4a7df60b,03f32103aba060045f2661de3c031f6fbcbc73f46000a9666f166ad349c5805d,ACBBA,gilbert_elliot,pGG_0.95_pBB_0.85,19,361,4,0.75,271,90.25,90.25,comm_g19_r4_ge_drop025_acbba_topk075,C:\Users\lottj\Desktop\research\decentralized benchmark\topk_filter_study\results\sensitivity_suite\scenarios\clue_g19_n50.csv,clue_search,02,1,0,2,0,0,0,0,3,2,1,3,0,0,collision_intent:1;state:1;target:1,4,0,completed
17,dcta_parity_v1,custom,5789862b56c579a63f65129a7c7ce0c99a25e7c55fba998a5a9699fc4a7df60b,03f32103aba060045f2661de3c031f6fbcbc73f46000a9666f166ad349c5805d,ACBBA,gilbert_elliot,pGG_0.95_pBB_0.85,19,361,4,0.75,271,90.25,90.25,comm_g19_r4_ge_drop025_acbba_topk075,C:\Users\lottj\Desktop\research\decentralized benchmark\topk_filter_study\results\sensitivity_suite\scenarios\clue_g19_n50.csv,clue_search,03,0,0,1,0,0,0,0,1,1,0,1,0,0,collision_intent:1,5,0,completed
18,dcta_parity_v1,custom,5789862b56c579a63f65129a7c7ce0c99a25e7c55fba998a5a9699fc4a7df60b,03f32103aba060045f2661de3c031f6fbcbc73f46000a9666f166ad349c5805d,ACBBA,gilbert_elliot,pGG_0.95_pBB_0.85,19,361,4,0.75,271,90.25,90.25,comm_g19_r4_ge_drop025_acbba_topk075,C:\Users\lottj\Desktop\research\decentralized benchmark\topk_filter_study\results\sensitivity_suite\scenarios\clue_g19_n50.csv,clue_search,00,89,23,89,1,0,0,0,338,90,248,181,157,206,acbba_entry:157;clue:2;collision_intent:89;state:89;target:1,822,171,completed
18,dcta_parity_v1,custom,5789862b56c579a63f65129a7c7ce0c99a25e7c55fba998a5a9699fc4a7df60b,03f32103aba060045f2661de3c031f6fbcbc73f46000a9666f166ad349c5805d,ACBBA,gilbert_elliot,pGG_0.95_pBB_0.85,19,361,4,0.75,271,90.25,90.25,comm_g19_r4_ge_drop025_acbba_topk075,C:\Users\lottj\Desktop\research\decentralized benchmark\topk_filter_study\results\sensitivity_suite\scenarios\clue_g19_n50.csv,clue_search,01,88,23,85,4,1,0,0,321,88,233,178,143,191,acbba_entry:143;clue:2;collision_intent:88;state:88,867,142,completed
18,dcta_parity_v1,custom,5789862b56c579a63f65129a7c7ce0c99a25e7c55fba998a5a9699fc4a7df60b,03f32103aba060045f2661de3c031f6fbcbc73f46000a9666f166ad349c5805d,ACBBA,gilbert_elliot,pGG_0.95_pBB_0.85,19,361,4,0.75,271,90.25,90.25,comm_g19_r4_ge_drop025_acbba_topk075,C:\Users\lottj\Desktop\research\decentralized benchmark\topk_filter_study\results\sensitivity_suite\scenarios\clue_g19_n50.csv,clue_search,02,89,23,68,22,1,0,0,324,89,235,180,144,192,acbba_entry:144;clue:2;collision_intent:89;state:89,854,152,completed
18,dcta_parity_v1,custom,5789862b56c579a63f65129a7c7ce0c99a25e7c55fba998a5a9699fc4a7df60b,03f32103aba060045f2661de3c031f6fbcbc73f46000a9666f166ad349c5805d,ACBBA,gilbert_elliot,pGG_0.95_pBB_0.85,19,361,4,0.75,271,90.25,90.25,comm_g19_r4_ge_drop025_acbba_topk075,C:\Users\lottj\Desktop\research\decentralized benchmark\topk_filter_study\results\sensitivity_suite\scenarios\clue_g19_n50.csv,clue_search,03,90,24,76,15,0,0,0,348,90,258,181,167,216,acbba_entry:167;clue:1;collision_intent:90;state:90,792,190,completed
19,dcta_parity_v1,custom,5789862b56c579a63f65129a7c7ce0c99a25e7c55fba998a5a9699fc4a7df60b,03f32103aba060045f2661de3c031f6fbcbc73f46000a9666f166ad349c5805d,ACBBA,gilbert_elliot,pGG_0.95_pBB_0.85,19,361,4,0.75,271,90.25,90.25,comm_g19_r4_ge_drop025_acbba_topk075,C:\Users\lottj\Desktop\research\decentralized benchmark\topk_filter_study\results\sensitivity_suite\scenarios\clue_g19_n50.csv,clue_search,00,78,59,64,15,0,0,0,596,78,518,157,439,557,acbba_entry:439;clue:1;collision_intent:78;state:78,1295,421,completed
19,dcta_parity_v1,custom,5789862b56c579a63f65129a7c7ce0c99a25e7c55fba998a5a9699fc4a7df60b,03f32103aba060045f2661de3c031f6fbcbc73f46000a9666f166ad349c5805d,ACBBA,gilbert_elliot,pGG_0.95_pBB_0.85,19,361,4,0.75,271,90.25,90.25,comm_g19_r4_ge_drop025_acbba_topk075,C:\Users\lottj\Desktop\research\decentralized benchmark\topk_filter_study\results\sensitivity_suite\scenarios\clue_g19_n50.csv,clue_search,01,79,59,76,4,1,0,0,589,79,510,159,430,549,acbba_entry:430;clue:1;collision_intent:79;state:79,1382,340,completed
19,dcta_parity_v1,custom,5789862b56c579a63f65129a7c7ce0c99a25e7c55fba998a5a9699fc4a7df60b,03f32103aba060045f2661de3c031f6fbcbc73f46000a9666f166ad349c5805d,ACBBA,gilbert_elliot,pGG_0.95_pBB_0.85,19,361,4,0.75,271,90.25,90.25,comm_g19_r4_ge_drop025_acbba_topk075,C:\Users\lottj\Desktop\research\decentralized benchmark\topk_filter_study\results\sensitivity_suite\scenarios\clue_g19_n50.csv,clue_search,02,73,54,47,27,1,7,2,562,80,482,154,408,523,acbba_entry:408;clue:1;collision_intent:80;state:73,1327,422,completed
19,dcta_parity_v1,custom,5789862b56c579a63f65129a7c7ce0c99a25e7c55fba998a5a9699fc4a7df60b,03f32103aba060045f2661de3c031f6fbcbc73f46000a9666f166ad349c5805d,ACBBA,gilbert_elliot,pGG_0.95_pBB_0.85,19,361,4,0.75,271,90.25,90.25,comm_g19_r4_ge_drop025_acbba_topk075,C:\Users\lottj\Desktop\research\decentralized benchmark\topk_filter_study\results\sensitivity_suite\scenarios\clue_g19_n50.csv,clue_search,03,77,57,49,29,2,4,4,565,82,483,160,405,525,acbba_entry:405;clue:1;collision_intent:81;state:77;target:1,1381,366,completed
20,dcta_parity_v1,custom,5789862b56c579a63f65129a7c7ce0c99a25e7c55fba998a5a9699fc4a7df60b,03f32103aba060045f2661de3c031f6fbcbc73f46000a9666f166ad349c5805d,ACBBA,gilbert_elliot,pGG_0.95_pBB_0.85,19,361,4,0.75,271,90.25,90.25,comm_g19_r4_ge_drop025_acbba_topk075,C:\Users\lottj\Desktop\research\decentralized benchmark\topk_filter_study\results\sensitivity_suite\scenarios\clue_g19_n50.csv,clue_search,00,49,47,38,12,1,2,2,422,52,370,103,319,418,acbba_entry:319;clue:2;collision_intent:51;state:49;target:1,909,331,completed
20,dcta_parity_v1,custom,5789862b56c579a63f65129a7c7ce0c99a25e7c55fba998a5a9699fc4a7df60b,03f32103aba060045f2661de3c031f6fbcbc73f46000a9666f166ad349c5805d,ACBBA,gilbert_elliot,pGG_0.95_pBB_0.85,19,361,4,0.75,271,90.25,90.25,comm_g19_r4_ge_drop025_acbba_topk075,C:\Users\lottj\Desktop\research\decentralized benchmark\topk_filter_study\results\sensitivity_suite\scenarios\clue_g19_n50.csv,clue_search,01,46,45,29,18,0,6,1,424,52,372,101,323,421,acbba_entry:323;clue:3;collision_intent:52;state:46,957,280,completed
20,dcta_parity_v1,custom,5789862b56c579a63f65129a7c7ce0c99a25e7c55fba998a5a9699fc4a7df60b,03f32103aba060045f2661de3c031f6fbcbc73f46000a9666f166ad349c5805d,ACBBA,gilbert_elliot,pGG_0.95_pBB_0.85,19,361,4,0.75,271,90.25,90.25,comm_g19_r4_ge_drop025_acbba_topk075,C:\Users\lottj\Desktop\research\decentralized benchmark\topk_filter_study\results\sensitivity_suite\scenarios\clue_g19_n50.csv,clue_search,02,50,48,31,20,0,2,1,401,53,348,105,296,397,acbba_entry:296;clue:2;collision_intent:53;state:50,980,279,completed
20,dcta_parity_v1,custom,5789862b56c579a63f65129a7c7ce0c99a25e7c55fba998a5a9699fc4a7df60b,03f32103aba060045f2661de3c031f6fbcbc73f46000a9666f166ad349c5805d,ACBBA,gilbert_elliot,pGG_0.95_pBB_0.85,19,361,4,0.75,271,90.25,90.25,comm_g19_r4_ge_drop025_acbba_topk075,C:\Users\lottj\Desktop\research\decentralized benchmark\topk_filter_study\results\sensitivity_suite\scenarios\clue_g19_n50.csv,clue_search,03,49,47,33,17,2,3,3,415,52,363,103,312,411,acbba_entry:312;clue:2;collision_intent:52;state:49,931,316,completed
21,dcta_parity_v1,custom,5789862b56c579a63f65129a7c7ce0c99a25e7c55fba998a5a9699fc4a7df60b,03f32103aba060045f2661de3c031f6fbcbc73f46000a9666f166ad349c5805d,ACBBA,gilbert_elliot,pGG_0.95_pBB_0.85,19,361,4,0.75,271,90.25,90.25,comm_g19_r4_ge_drop025_acbba_topk075,C:\Users\lottj\Desktop\research\decentralized benchmark\topk_filter_study\results\sensitivity_suite\scenarios\clue_g19_n50.csv,clue_search,00,39,2,40,0,0,0,0,84,39,45,79,5,9,acbba_entry:5;clue:1;collision_intent:39;state:39,223,20,completed
21,dcta_parity_v1,custom,5789862b56c579a63f65129a7c7ce0c99a25e7c55fba998a5a9699fc4a7df60b,03f32103aba060045f2661de3c031f6fbcbc73f46000a9666f166ad349c5805d,ACBBA,gilbert_elliot,pGG_0.95_pBB_0.85,19,361,4,0.75,271,90.25,90.25,comm_g19_r4_ge_drop025_acbba_topk075,C:\Users\lottj\Desktop\research\decentralized benchmark\topk_filter_study\results\sensitivity_suite\scenarios\clue_g19_n50.csv,clue_search,01,38,1,39,0,0,0,0,80,38,42,77,3,6,acbba_entry:3;clue:1;collision_intent:38;state:38,213,34,completed
21,dcta_parity_v1,custom,5789862b56c579a63f65129a7c7ce0c99a25e7c55fba998a5a9699fc4a7df60b,03f32103aba060045f2661de3c031f6fbcbc73f46000a9666f166ad349c5805d,ACBBA,gilbert_elliot,pGG_0.95_pBB_0.85,19,361,4,0.75,271,90.25,90.25,comm_g19_r4_ge_drop025_acbba_topk075,C:\Users\lottj\Desktop\research\decentralized benchmark\topk_filter_study\results\sensitivity_suite\scenarios\clue_g19_n50.csv,clue_search,02,38,1,39,0,0,0,0,81,38,43,77,4,7,acbba_entry:4;clue:1;collision_intent:38;state:38,184,61,completed
21,dcta_parity_v1,custom,5789862b56c579a63f65129a7c7ce0c99a25e7c55fba998a5a9699fc4a7df60b,03f32103aba060045f2661de3c031f6fbcbc73f46000a9666f166ad349c5805d,ACBBA,gilbert_elliot,pGG_0.95_pBB_0.85,19,361,4,0.75,271,90.25,90.25,comm_g19_r4_ge_drop025_acbba_topk075,C:\Users\lottj\Desktop\research\decentralized benchmark\topk_filter_study\results\sensitivity_suite\scenarios\clue_g19_n50.csv,clue_search,03,39,1,40,0,0,0,0,83,40,43,80,3,7,acbba_entry:3;clue:1;collision_intent:39;state:39;target:1,208,37,completed
22,dcta_parity_v1,custom,5789862b56c579a63f65129a7c7ce0c99a25e7c55fba998a5a9699fc4a7df60b,03f32103aba060045f2661de3c031f6fbcbc73f46000a9666f166ad349c5805d,ACBBA,gilbert_elliot,pGG_0.95_pBB_0.85,19,361,4,0.75,271,90.25,90.25,comm_g19_r4_ge_drop025_acbba_topk075,C:\Users\lottj\Desktop\research\decentralized benchmark\topk_filter_study\results\sensitivity_suite\scenarios\clue_g19_n50.csv,clue_search,00,88,74,87,2,0,0,0,719,88,631,180,539,691,acbba_entry:539;clue:4;collision_intent:88;state:88,1638,443,completed
22,dcta_parity_v1,custom,5789862b56c579a63f65129a7c7ce0c99a25e7c55fba998a5a9699fc4a7df60b,03f32103aba060045f2661de3c031f6fbcbc73f46000a9666f166ad349c5805d,ACBBA,gilbert_elliot,pGG_0.95_pBB_0.85,19,361,4,0.75,271,90.25,90.25,comm_g19_r4_ge_drop025_acbba_topk075,C:\Users\lottj\Desktop\research\decentralized benchmark\topk_filter_study\results\sensitivity_suite\scenarios\clue_g19_n50.csv,clue_search,01,87,73,55,33,0,0,0,669,88,581,179,490,641,acbba_entry:490;clue:4;collision_intent:87;state:87;target:1,1619,513,completed
22,dcta_parity_v1,custom,5789862b56c579a63f65129a7c7ce0c99a25e7c55fba998a5a9699fc4a7df60b,03f32103aba060045f2661de3c031f6fbcbc73f46000a9666f166ad349c5805d,ACBBA,gilbert_elliot,pGG_0.95_pBB_0.85,19,361,4,0.75,271,90.25,90.25,comm_g19_r4_ge_drop025_acbba_topk075,C:\Users\lottj\Desktop\research\decentralized benchmark\topk_filter_study\results\sensitivity_suite\scenarios\clue_g19_n50.csv,clue_search,02,86,72,54,33,0,1,1,709,88,621,178,531,681,acbba_entry:531;clue:4;collision_intent:88;state:86,1610,482,completed
22,dcta_parity_v1,custom,5789862b56c579a63f65129a7c7ce0c99a25e7c55fba998a5a9699fc4a7df60b,03f32103aba060045f2661de3c031f6fbcbc73f46000a9666f166ad349c5805d,ACBBA,gilbert_elliot,pGG_0.95_pBB_0.85,19,361,4,0.75,271,90.25,90.25,comm_g19_r4_ge_drop025_acbba_topk075,C:\Users\lottj\Desktop\research\decentralized benchmark\topk_filter_study\results\sensitivity_suite\scenarios\clue_g19_n50.csv,clue_search,03,86,72,59,28,0,0,0,704,86,618,176,528,676,acbba_entry:528;clue:4;collision_intent:86;state:86,1725,371,completed
23,dcta_parity_v1,custom,5789862b56c579a63f65129a7c7ce0c99a25e7c55fba998a5a9699fc4a7df60b,03f32103aba060045f2661de3c031f6fbcbc73f46000a9666f166ad349c5805d,ACBBA,gilbert_elliot,pGG_0.95_pBB_0.85,19,361,4,0.75,271,90.25,90.25,comm_g19_r4_ge_drop025_acbba_topk075,C:\Users\lottj\Desktop\research\decentralized benchmark\topk_filter_study\results\sensitivity_suite\scenarios\clue_g19_n50.csv,clue_search,00,36,1,37,0,0,0,0,80,36,44,73,7,10,acbba_entry:7;clue:1;collision_intent:36;state:36,218,14,completed
23,dcta_parity_v1,custom,5789862b56c579a63f65129a7c7ce0c99a25e7c55fba998a5a9699fc4a7df60b,03f32103aba060045f2661de3c031f6fbcbc73f46000a9666f166ad349c5805d,ACBBA,gilbert_elliot,pGG_0.95_pBB_0.85,19,361,4,0.75,271,90.25,90.25,comm_g19_r4_ge_drop025_acbba_topk075,C:\Users\lottj\Desktop\research\decentralized benchmark\topk_filter_study\results\sensitivity_suite\scenarios\clue_g19_n50.csv,clue_search,01,35,1,36,0,0,0,0,74,35,39,71,3,6,acbba_entry:3;clue:1;collision_intent:35;state:35,164,74,completed
23,dcta_parity_v1,custom,5789862b56c579a63f65129a7c7ce0c99a25e7c55fba998a5a9699fc4a7df60b,03f32103aba060045f2661de3c031f6fbcbc73f46000a9666f166ad349c5805d,ACBBA,gilbert_elliot,pGG_0.95_pBB_0.85,19,361,4,0.75,271,90.25,90.25,comm_g19_r4_ge_drop025_acbba_topk075,C:\Users\lottj\Desktop\research\decentralized benchmark\topk_filter_study\results\sensitivity_suite\scenarios\clue_g19_n50.csv,clue_search,02,36,1,37,0,0,0,0,82,36,46,73,9,12,acbba_entry:9;clue:1;collision_intent:36;state:36,200,30,completed
23,dcta_parity_v1,custom,5789862b56c579a63f65129a7c7ce0c99a25e7c55fba998a5a9699fc4a7df60b,03f32103aba060045f2661de3c031f6fbcbc73f46000a9666f166ad349c5805d,ACBBA,gilbert_elliot,pGG_0.95_pBB_0.85,19,361,4,0.75,271,90.25,90.25,comm_g19_r4_ge_drop025_acbba_topk075,C:\Users\lottj\Desktop\research\decentralized benchmark\topk_filter_study\results\sensitivity_suite\scenarios\clue_g19_n50.csv,clue_search,03,36,1,37,0,0,0,0,77,37,40,74,3,7,acbba_entry:3;clue:1;collision_intent:36;state:36;target:1,218,18,completed
24,dcta_parity_v1,custom,5789862b56c579a63f65129a7c7ce0c99a25e7c55fba998a5a9699fc4a7df60b,03f32103aba060045f2661de3c031f6fbcbc73f46000a9666f166ad349c5805d,ACBBA,gilbert_elliot,pGG_0.95_pBB_0.85,19,361,4,0.75,271,90.25,90.25,comm_g19_r4_ge_drop025_acbba_topk075,C:\Users\lottj\Desktop\research\decentralized benchmark\topk_filter_study\results\sensitivity_suite\scenarios\clue_g19_n50.csv,clue_search,00,141,132,96,46,2,1,1,1121,143,978,287,834,1103,acbba_entry:834;clue:3;collision_intent:142;state:141;target:1,2520,719,completed
24,dcta_parity_v1,custom,5789862b56c579a63f65129a7c7ce0c99a25e7c55fba998a5a9699fc4a7df60b,03f32103aba060045f2661de3c031f6fbcbc73f46000a9666f166ad349c5805d,ACBBA,gilbert_elliot,pGG_0.95_pBB_0.85,19,361,4,0.75,271,90.25,90.25,comm_g19_r4_ge_drop025_acbba_topk075,C:\Users\lottj\Desktop\research\decentralized benchmark\topk_filter_study\results\sensitivity_suite\scenarios\clue_g19_n50.csv,clue_search,01,138,130,68,71,3,11,8,1061,150,911,291,770,1044,acbba_entry:770;clue:3;collision_intent:150;state:138,2649,650,completed
24,dcta_parity_v1,custom,5789862b56c579a63f65129a7c7ce0c99a25e7c55fba998a5a9699fc4a7df60b,03f32103aba060045f2661de3c031f6fbcbc73f46000a9666f166ad349c5805d,ACBBA,gilbert_elliot,pGG_0.95_pBB_0.85,19,361,4,0.75,271,90.25,90.25,comm_g19_r4_ge_drop025_acbba_topk075,C:\Users\lottj\Desktop\research\decentralized benchmark\topk_filter_study\results\sensitivity_suite\scenarios\clue_g19_n50.csv,clue_search,02,141,132,58,84,2,2,2,1099,143,956,287,812,1081,acbba_entry:812;clue:3;collision_intent:143;state:141,2510,750,completed
24,dcta_parity_v1,custom,5789862b56c579a63f65129a7c7ce0c99a25e7c55fba998a5a9699fc4a7df60b,03f32103aba060045f2661de3c031f6fbcbc73f46000a9666f166ad349c5805d,ACBBA,gilbert_elliot,pGG_0.95_pBB_0.85,19,361,4,0.75,271,90.25,90.25,comm_g19_r4_ge_drop025_acbba_topk075,C:\Users\lottj\Desktop\research\decentralized benchmark\topk_filter_study\results\sensitivity_suite\scenarios\clue_g19_n50.csv,clue_search,03,139,130,88,52,2,2,1,1079,141,938,283,796,1061,acbba_entry:796;clue:3;collision_intent:141;state:139,2536,744,completed
25,dcta_parity_v1,custom,5789862b56c579a63f65129a7c7ce0c99a25e7c55fba998a5a9699fc4a7df60b,03f32103aba060045f2661de3c031f6fbcbc73f46000a9666f166ad349c5805d,ACBBA,gilbert_elliot,pGG_0.95_pBB_0.85,19,361,4,0.75,271,90.25,90.25,comm_g19_r4_ge_drop025_acbba_topk075,C:\Users\lottj\Desktop\research\decentralized benchmark\topk_filter_study\results\sensitivity_suite\scenarios\clue_g19_n50.csv,clue_search,00,167,161,84,84,4,3,3,1296,170,1126,341,955,1284,acbba_entry:955;clue:4;collision_intent:170;state:167,2865,1011,completed
25,dcta_parity_v1,custom,5789862b56c579a63f65129a7c7ce0c99a25e7c55fba998a5a9699fc4a7df60b,03f32103aba060045f2661de3c031f6fbcbc73f46000a9666f166ad349c5805d,ACBBA,gilbert_elliot,pGG_0.95_pBB_0.85,19,361,4,0.75,271,90.25,90.25,comm_g19_r4_ge_drop025_acbba_topk075,C:\Users\lottj\Desktop\research\decentralized benchmark\topk_filter_study\results\sensitivity_suite\scenarios\clue_g19_n50.csv,clue_search,01,164,158,96,69,0,2,1,1285,166,1119,334,951,1273,acbba_entry:951;clue:4;collision_intent:166;state:164,2985,901,completed
25,dcta_parity_v1,custom,5789862b56c579a63f65129a7c7ce0c99a25e7c55fba998a5a9699fc4a7df60b,03f32103aba060045f2661de3c031f6fbcbc73f46000a9666f166ad349c5805d,ACBBA,gilbert_elliot,pGG_0.95_pBB_0.85,19,361,4,0.75,271,90.25,90.25,comm_g19_r4_ge_drop025_acbba_topk075,C:\Users\lottj\Desktop\research\decentralized benchmark\topk_filter_study\results\sensitivity_suite\scenarios\clue_g19_n50.csv,clue_search,02,168,162,91,78,0,0,0,1289,168,1121,340,949,1277,acbba_entry:949;clue:4;collision_intent:168;state:168,2985,897,completed
25,dcta_parity_v1,custom,5789862b56c579a63f65129a7c7ce0c99a25e7c55fba998a5a9699fc4a7df60b,03f32103aba060045f2661de3c031f6fbcbc73f46000a9666f166ad349c5805d,ACBBA,gilbert_elliot,pGG_0.95_pBB_0.85,19,361,4,0.75,271,90.25,90.25,comm_g19_r4_ge_drop025_acbba_topk075,C:\Users\lottj\Desktop\research\decentralized benchmark\topk_filter_study\results\sensitivity_suite\scenarios\clue_g19_n50.csv,clue_search,03,164,158,82,83,0,6,3,1302,171,1131,339,963,1290,acbba_entry:963;clue:4;collision_intent:170;state:164;target:1,2935,935,completed
26,dcta_parity_v1,custom,5789862b56c579a63f65129a7c7ce0c99a25e7c55fba998a5a9699fc4a7df60b,03f32103aba060045f2661de3c031f6fbcbc73f46000a9666f166ad349c5805d,ACBBA,gilbert_elliot,pGG_0.95_pBB_0.85,19,361,4,0.75,271,90.25,90.25,comm_g19_r4_ge_drop025_acbba_topk075,C:\Users\lottj\Desktop\research\decentralized benchmark\topk_filter_study\results\sensitivity_suite\scenarios\clue_g19_n50.csv,clue_search,00,57,3,58,0,0,0,0,137,58,79,116,21,29,acbba_entry:21;clue:1;collision_intent:57;state:57;target:1,338,60,completed
26,dcta_parity_v1,custom,5789862b56c579a63f65129a7c7ce0c99a25e7c55fba998a5a9699fc4a7df60b,03f32103aba060045f2661de3c031f6fbcbc73f46000a9666f166ad349c5805d,ACBBA,gilbert_elliot,pGG_0.95_pBB_0.85,19,361,4,0.75,271,90.25,90.25,comm_g19_r4_ge_drop025_acbba_topk075,C:\Users\lottj\Desktop\research\decentralized benchmark\topk_filter_study\results\sensitivity_suite\scenarios\clue_g19_n50.csv,clue_search,01,56,3,57,0,0,0,0,134,56,78,113,21,28,acbba_entry:21;clue:1;collision_intent:56;state:56,361,38,completed
26,dcta_parity_v1,custom,5789862b56c579a63f65129a7c7ce0c99a25e7c55fba998a5a9699fc4a7df60b,03f32103aba060045f2661de3c031f6fbcbc73f46000a9666f166ad349c5805d,ACBBA,gilbert_elliot,pGG_0.95_pBB_0.85,19,361,4,0.75,271,90.25,90.25,comm_g19_r4_ge_drop025_acbba_topk075,C:\Users\lottj\Desktop\research\decentralized benchmark\topk_filter_study\results\sensitivity_suite\scenarios\clue_g19_n50.csv,clue_search,02,56,2,56,1,0,0,0,129,56,73,113,16,21,acbba_entry:16;clue:1;collision_intent:56;state:56,347,58,completed
26,dcta_parity_v1,custom,5789862b56c579a63f65129a7c7ce0c99a25e7c55fba998a5a9699fc4a7df60b,03f32103aba060045f2661de3c031f6fbcbc73f46000a9666f166ad349c5805d,ACBBA,gilbert_elliot,pGG_0.95_pBB_0.85,19,361,4,0.75,271,90.25,90.25,comm_g19_r4_ge_drop025_acbba_topk075,C:\Users\lottj\Desktop\research\decentralized benchmark\topk_filter_study\results\sensitivity_suite\scenarios\clue_g19_n50.csv,clue_search,03,56,3,57,0,0,0,0,135,56,79,113,22,29,acbba_entry:22;clue:1;collision_intent:56;state:56,371,29,completed
27,dcta_parity_v1,custom,5789862b56c579a63f65129a7c7ce0c99a25e7c55fba998a5a9699fc4a7df60b,03f32103aba060045f2661de3c031f6fbcbc73f46000a9666f166ad349c5805d,ACBBA,gilbert_elliot,pGG_0.95_pBB_0.85,19,361,4,0.75,271,90.25,90.25,comm_g19_r4_ge_drop025_acbba_topk075,C:\Users\lottj\Desktop\research\decentralized benchmark\topk_filter_study\results\sensitivity_suite\scenarios\clue_g19_n50.csv,clue_search,00,113,103,84,30,1,1,1,932,115,817,231,701,912,acbba_entry:701;clue:3;collision_intent:114;state:113;target:1,2060,592,completed
27,dcta_parity_v1,custom,5789862b56c579a63f65129a7c7ce0c99a25e7c55fba998a5a9699fc4a7df60b,03f32103aba060045f2661de3c031f6fbcbc73f46000a9666f166ad349c5805d,ACBBA,gilbert_elliot,pGG_0.95_pBB_0.85,19,361,4,0.75,271,90.25,90.25,comm_g19_r4_ge_drop025_acbba_topk075,C:\Users\lottj\Desktop\research\decentralized benchmark\topk_filter_study\results\sensitivity_suite\scenarios\clue_g19_n50.csv,clue_search,01,111,102,69,43,3,6,1,783,117,666,230,553,765,acbba_entry:553;clue:2;collision_intent:117;state:111,2160,640,completed
27,dcta_parity_v1,custom,5789862b56c579a63f65129a7c7ce0c99a25e7c55fba998a5a9699fc4a7df60b,03f32103aba060045f2661de3c031f6fbcbc73f46000a9666f166ad349c5805d,ACBBA,gilbert_elliot,pGG_0.95_pBB_0.85,19,361,4,0.75,271,90.25,90.25,comm_g19_r4_ge_drop025_acbba_topk075,C:\Users\lottj\Desktop\research\decentralized benchmark\topk_filter_study\results\sensitivity_suite\scenarios\clue_g19_n50.csv,clue_search,02,110,100,48,63,5,2,1,915,113,802,226,689,895,acbba_entry:689;clue:3;collision_intent:113;state:110,2091,576,completed
27,dcta_parity_v1,custom,5789862b56c579a63f65129a7c7ce0c99a25e7c55fba998a5a9699fc4a7df60b,03f32103aba060045f2661de3c031f6fbcbc73f46000a9666f166ad349c5805d,ACBBA,gilbert_elliot,pGG_0.95_pBB_0.85,19,361,4,0.75,271,90.25,90.25,comm_g19_r4_ge_drop025_acbba_topk075,C:\Users\lottj\Desktop\research\decentralized benchmark\topk_filter_study\results\sensitivity_suite\scenarios\clue_g19_n50.csv,clue_search,03,110,101,85,26,2,6,1,954,116,838,229,725,936,acbba_entry:725;clue:3;collision_intent:116;state:110,2082,547,completed
28,dcta_parity_v1,custom,5789862b56c579a63f65129a7c7ce0c99a25e7c55fba998a5a9699fc4a7df60b,03f32103aba060045f2661de3c031f6fbcbc73f46000a9666f166ad349c5805d,ACBBA,gilbert_elliot,pGG_0.95_pBB_0.85,19,361,4,0.75,271,90.25,90.25,comm_g19_r4_ge_drop025_acbba_topk075,C:\Users\lottj\Desktop\research\decentralized benchmark\topk_filter_study\results\sensitivity_suite\scenarios\clue_g19_n50.csv,clue_search,00,24,7,25,0,0,0,0,97,25,72,51,46,63,acbba_entry:46;clue:2;collision_intent:24;state:24;target:1,205,69,completed
28,dcta_parity_v1,custom,5789862b56c579a63f65129a7c7ce0c99a25e7c55fba998a5a9699fc4a7df60b,03f32103aba060045f2661de3c031f6fbcbc73f46000a9666f166ad349c5805d,ACBBA,gilbert_elliot,pGG_0.95_pBB_0.85,19,361,4,0.75,271,90.25,90.25,comm_g19_r4_ge_drop025_acbba_topk075,C:\Users\lottj\Desktop\research\decentralized benchmark\topk_filter_study\results\sensitivity_suite\scenarios\clue_g19_n50.csv,clue_search,01,24,7,24,1,3,1,1,108,25,83,51,57,74,acbba_entry:57;clue:2;collision_intent:25;state:24,214,47,completed
28,dcta_parity_v1,custom,5789862b56c579a63f65129a7c7ce0c99a25e7c55fba998a5a9699fc4a7df60b,03f32103aba060045f2661de3c031f6fbcbc73f46000a9666f166ad349c5805d,ACBBA,gilbert_elliot,pGG_0.95_pBB_0.85,19,361,4,0.75,271,90.25,90.25,comm_g19_r4_ge_drop025_acbba_topk075,C:\Users\lottj\Desktop\research\decentralized benchmark\topk_filter_study\results\sensitivity_suite\scenarios\clue_g19_n50.csv,clue_search,02,24,6,24,1,0,0,0,88,24,64,50,38,52,acbba_entry:38;clue:2;collision_intent:24;state:24,226,55,completed
28,dcta_parity_v1,custom,5789862b56c579a63f65129a7c7ce0c99a25e7c55fba998a5a9699fc4a7df60b,03f32103aba060045f2661de3c031f6fbcbc73f46000a9666f166ad349c5805d,ACBBA,gilbert_elliot,pGG_0.95_pBB_0.85,19,361,4,0.75,271,90.25,90.25,comm_g19_r4_ge_drop025_acbba_topk075,C:\Users\lottj\Desktop\research\decentralized benchmark\topk_filter_study\results\sensitivity_suite\scenarios\clue_g19_n50.csv,clue_search,03,24,7,25,0,0,0,0,78,24,54,49,29,44,acbba_entry:29;clue:1;collision_intent:24;state:24,207,86,completed
29,dcta_parity_v1,custom,5789862b56c579a63f65129a7c7ce0c99a25e7c55fba998a5a9699fc4a7df60b,03f32103aba060045f2661de3c031f6fbcbc73f46000a9666f166ad349c5805d,ACBBA,gilbert_elliot,pGG_0.95_pBB_0.85,19,361,4,0.75,271,90.25,90.25,comm_g19_r4_ge_drop025_acbba_topk075,C:\Users\lottj\Desktop\research\decentralized benchmark\topk_filter_study\results\sensitivity_suite\scenarios\clue_g19_n50.csv,clue_search,00,51,9,48,4,0,0,0,157,51,106,104,53,73,acbba_entry:53;clue:2;collision_intent:51;state:51,438,52,completed
29,dcta_parity_v1,custom,5789862b56c579a63f65129a7c7ce0c99a25e7c55fba998a5a9699fc4a7df60b,03f32103aba060045f2661de3c031f6fbcbc73f46000a9666f166ad349c5805d,ACBBA,gilbert_elliot,pGG_0.95_pBB_0.85,19,361,4,0.75,271,90.25,90.25,comm_g19_r4_ge_drop025_acbba_topk075,C:\Users\lottj\Desktop\research\decentralized benchmark\topk_filter_study\results\sensitivity_suite\scenarios\clue_g19_n50.csv,clue_search,01,51,9,49,3,0,0,0,159,52,107,105,54,75,acbba_entry:54;clue:2;collision_intent:51;state:51;target:1,385,103,completed
29,dcta_parity_v1,custom,5789862b56c579a63f65129a7c7ce0c99a25e7c55fba998a5a9699fc4a7df60b,03f32103aba060045f2661de3c031f6fbcbc73f46000a9666f166ad349c5805d,ACBBA,gilbert_elliot,pGG_0.95_pBB_0.85,19,361,4,0.75,271,90.25,90.25,comm_g19_r4_ge_drop025_acbba_topk075,C:\Users\lottj\Desktop\research\decentralized benchmark\topk_filter_study\results\sensitivity_suite\scenarios\clue_g19_n50.csv,clue_search,02,50,8,47,4,1,0,0,160,51,109,103,57,76,acbba_entry:57;clue:2;collision_intent:51;state:50,408,78,completed
29,dcta_parity_v1,custom,5789862b56c579a63f65129a7c7ce0c99a25e7c55fba998a5a9699fc4a7df60b,03f32103aba060045f2661de3c031f6fbcbc73f46000a9666f166ad349c5805d,ACBBA,gilbert_elliot,pGG_0.95_pBB_0.85,19,361,4,0.75,271,90.25,90.25,comm_g19_r4_ge_drop025_acbba_topk075,C:\Users\lottj\Desktop\research\decentralized benchmark\topk_filter_study\results\sensitivity_suite\scenarios\clue_g19_n50.csv,clue_search,03,51,10,46,6,1,0,0,171,51,120,104,67,89,acbba_entry:67;clue:2;collision_intent:51;state:51,390,85,completed
30,dcta_parity_v1,custom,5789862b56c579a63f65129a7c7ce0c99a25e7c55fba998a5a9699fc4a7df60b,03f32103aba060045f2661de3c031f6fbcbc73f46000a9666f166ad349c5805d,ACBBA,gilbert_elliot,pGG_0.95_pBB_0.85,19,361,4,0.75,271,90.25,90.25,comm_g19_r4_ge_drop025_acbba_topk075,C:\Users\lottj\Desktop\research\decentralized benchmark\topk_filter_study\results\sensitivity_suite\scenarios\clue_g19_n50.csv,clue_search,00,18,0,19,0,0,0,0,36,18,18,36,0,0,collision_intent:18;state:18,82,26,completed
30,dcta_parity_v1,custom,5789862b56c579a63f65129a7c7ce0c99a25e7c55fba998a5a9699fc4a7df60b,03f32103aba060045f2661de3c031f6fbcbc73f46000a9666f166ad349c5805d,ACBBA,gilbert_elliot,pGG_0.95_pBB_0.85,19,361,4,0.75,271,90.25,90.25,comm_g19_r4_ge_drop025_acbba_topk075,C:\Users\lottj\Desktop\research\decentralized benchmark\topk_filter_study\results\sensitivity_suite\scenarios\clue_g19_n50.csv,clue_search,01,18,0,19,0,0,0,0,37,19,18,37,0,0,collision_intent:18;state:18;target:1,97,11,completed
30,dcta_parity_v1,custom,5789862b56c579a63f65129a7c7ce0c99a25e7c55fba998a5a9699fc4a7df60b,03f32103aba060045f2661de3c031f6fbcbc73f46000a9666f166ad349c5805d,ACBBA,gilbert_elliot,pGG_0.95_pBB_0.85,19,361,4,0.75,271,90.25,90.25,comm_g19_r4_ge_drop025_acbba_topk075,C:\Users\lottj\Desktop\research\decentralized benchmark\topk_filter_study\results\sensitivity_suite\scenarios\clue_g19_n50.csv,clue_search,02,18,0,19,0,0,0,0,36,18,18,36,0,0,collision_intent:18;state:18,67,41,completed
30,dcta_parity_v1,custom,5789862b56c579a63f65129a7c7ce0c99a25e7c55fba998a5a9699fc4a7df60b,03f32103aba060045f2661de3c031f6fbcbc73f46000a9666f166ad349c5805d,ACBBA,gilbert_elliot,pGG_0.95_pBB_0.85,19,361,4,0.75,271,90.25,90.25,comm_g19_r4_ge_drop025_acbba_topk075,C:\Users\lottj\Desktop\research\decentralized benchmark\topk_filter_study\results\sensitivity_suite\scenarios\clue_g19_n50.csv,clue_search,03,18,0,19,0,0,0,0,36,18,18,36,0,0,collision_intent:18;state:18,102,6,completed
31,dcta_parity_v1,custom,5789862b56c579a63f65129a7c7ce0c99a25e7c55fba998a5a9699fc4a7df60b,03f32103aba060045f2661de3c031f6fbcbc73f46000a9666f166ad349c5805d,ACBBA,gilbert_elliot,pGG_0.95_pBB_0.85,19,361,4,0.75,271,90.25,90.25,comm_g19_r4_ge_drop025_acbba_topk075,C:\Users\lottj\Desktop\research\decentralized benchmark\topk_filter_study\results\sensitivity_suite\scenarios\clue_g19_n50.csv,clue_search,00,112,108,44,69,2,13,8,954,126,828,241,713,946,acbba_entry:713;clue:3;collision_intent:126;state:112,2366,591,completed
31,dcta_parity_v1,custom,5789862b56c579a63f65129a7c7ce0c99a25e7c55fba998a5a9699fc4a7df60b,03f32103aba060045f2661de3c031f6fbcbc73f46000a9666f166ad349c5805d,ACBBA,gilbert_elliot,pGG_0.95_pBB_0.85,19,361,4,0.75,271,90.25,90.25,comm_g19_r4_ge_drop025_acbba_topk075,C:\Users\lottj\Desktop\research\decentralized benchmark\topk_filter_study\results\sensitivity_suite\scenarios\clue_g19_n50.csv,clue_search,01,116,112,83,34,3,0,0,985,117,868,236,749,977,acbba_entry:749;clue:3;collision_intent:117;state:116,2270,654,completed
31,dcta_parity_v1,custom,5789862b56c579a63f65129a7c7ce0c99a25e7c55fba998a5a9699fc4a7df60b,03f32103aba060045f2661de3c031f6fbcbc73f46000a9666f166ad349c5805d,ACBBA,gilbert_elliot,pGG_0.95_pBB_0.85,19,361,4,0.75,271,90.25,90.25,comm_g19_r4_ge_drop025_acbba_topk075,C:\Users\lottj\Desktop\research\decentralized benchmark\topk_filter_study\results\sensitivity_suite\scenarios\clue_g19_n50.csv,clue_search,02,111,107,88,24,2,11,3,986,124,862,238,748,978,acbba_entry:748;clue:3;collision_intent:123;state:111;target:1,2248,677,completed
31,dcta_parity_v1,custom,5789862b56c579a63f65129a7c7ce0c99a25e7c55fba998a5a9699fc4a7df60b,03f32103aba060045f2661de3c031f6fbcbc73f46000a9666f166ad349c5805d,ACBBA,gilbert_elliot,pGG_0.95_pBB_0.85,19,361,4,0.75,271,90.25,90.25,comm_g19_r4_ge_drop025_acbba_topk075,C:\Users\lottj\Desktop\research\decentralized benchmark\topk_filter_study\results\sensitivity_suite\scenarios\clue_g19_n50.csv,clue_search,03,111,108,59,53,0,14,4,986,125,861,239,747,979,acbba_entry:747;clue:3;collision_intent:125;state:111,2285,640,completed
32,dcta_parity_v1,custom,5789862b56c579a63f65129a7c7ce0c99a25e7c55fba998a5a9699fc4a7df60b,03f32103aba060045f2661de3c031f6fbcbc73f46000a9666f166ad349c5805d,ACBBA,gilbert_elliot,pGG_0.95_pBB_0.85,19,361,4,0.75,271,90.25,90.25,comm_g19_r4_ge_drop025_acbba_topk075,C:\Users\lottj\Desktop\research\decentralized benchmark\topk_filter_study\results\sensitivity_suite\scenarios\clue_g19_n50.csv,clue_search,00,22,0,23,0,0,0,0,44,22,22,44,0,0,collision_intent:22;state:22,113,18,completed
32,dcta_parity_v1,custom,5789862b56c579a63f65129a7c7ce0c99a25e7c55fba998a5a9699fc4a7df60b,03f32103aba060045f2661de3c031f6fbcbc73f46000a9666f166ad349c5805d,ACBBA,gilbert_elliot,pGG_0.95_pBB_0.85,19,361,4,0.75,271,90.25,90.25,comm_g19_r4_ge_drop025_acbba_topk075,C:\Users\lottj\Desktop\research\decentralized benchmark\topk_filter_study\results\sensitivity_suite\scenarios\clue_g19_n50.csv,clue_search,01,22,0,23,0,0,0,0,45,23,22,45,0,0,collision_intent:22;state:22;target:1,108,23,completed
32,dcta_parity_v1,custom,5789862b56c579a63f65129a7c7ce0c99a25e7c55fba998a5a9699fc4a7df60b,03f32103aba060045f2661de3c031f6fbcbc73f46000a9666f166ad349c5805d,ACBBA,gilbert_elliot,pGG_0.95_pBB_0.85,19,361,4,0.75,271,90.25,90.25,comm_g19_r4_ge_drop025_acbba_topk075,C:\Users\lottj\Desktop\research\decentralized benchmark\topk_filter_study\results\sensitivity_suite\scenarios\clue_g19_n50.csv,clue_search,02,22,0,23,0,0,0,0,44,22,22,44,0,0,collision_intent:22;state:22,121,10,completed
32,dcta_parity_v1,custom,5789862b56c579a63f65129a7c7ce0c99a25e7c55fba998a5a9699fc4a7df60b,03f32103aba060045f2661de3c031f6fbcbc73f46000a9666f166ad349c5805d,ACBBA,gilbert_elliot,pGG_0.95_pBB_0.85,19,361,4,0.75,271,90.25,90.25,comm_g19_r4_ge_drop025_acbba_topk075,C:\Users\lottj\Desktop\research\decentralized benchmark\topk_filter_study\results\sensitivity_suite\scenarios\clue_g19_n50.csv,clue_search,03,21,0,22,0,0,0,0,43,22,21,43,0,0,collision_intent:22;state:21,130,2,completed
33,dcta_parity_v1,custom,5789862b56c579a63f65129a7c7ce0c99a25e7c55fba998a5a9699fc4a7df60b,03f32103aba060045f2661de3c031f6fbcbc73f46000a9666f166ad349c5805d,ACBBA,gilbert_elliot,pGG_0.95_pBB_0.85,19,361,4,0.75,271,90.25,90.25,comm_g19_r4_ge_drop025_acbba_topk075,C:\Users\lottj\Desktop\research\decentralized benchmark\topk_filter_study\results\sensitivity_suite\scenarios\clue_g19_n50.csv,clue_search,00,2,0,3,0,0,0,0,5,3,2,5,0,0,collision_intent:3;state:2,13,2,completed
33,dcta_parity_v1,custom,5789862b56c579a63f65129a7c7ce0c99a25e7c55fba998a5a9699fc4a7df60b,03f32103aba060045f2661de3c031f6fbcbc73f46000a9666f166ad349c5805d,ACBBA,gilbert_elliot,pGG_0.95_pBB_0.85,19,361,4,0.75,271,90.25,90.25,comm_g19_r4_ge_drop025_acbba_topk075,C:\Users\lottj\Desktop\research\decentralized benchmark\topk_filter_study\results\sensitivity_suite\scenarios\clue_g19_n50.csv,clue_search,01,2,0,3,0,0,0,0,4,2,2,4,0,0,collision_intent:2;state:2,13,3,completed
33,dcta_parity_v1,custom,5789862b56c579a63f65129a7c7ce0c99a25e7c55fba998a5a9699fc4a7df60b,03f32103aba060045f2661de3c031f6fbcbc73f46000a9666f166ad349c5805d,ACBBA,gilbert_elliot,pGG_0.95_pBB_0.85,19,361,4,0.75,271,90.25,90.25,comm_g19_r4_ge_drop025_acbba_topk075,C:\Users\lottj\Desktop\research\decentralized benchmark\topk_filter_study\results\sensitivity_suite\scenarios\clue_g19_n50.csv,clue_search,02,3,0,4,0,0,0,0,7,4,3,7,0,0,collision_intent:3;state:3;target:1,11,2,completed
33,dcta_parity_v1,custom,5789862b56c579a63f65129a7c7ce0c99a25e7c55fba998a5a9699fc4a7df60b,03f32103aba060045f2661de3c031f6fbcbc73f46000a9666f166ad349c5805d,ACBBA,gilbert_elliot,pGG_0.95_pBB_0.85,19,361,4,0.75,271,90.25,90.25,comm_g19_r4_ge_drop025_acbba_topk075,C:\Users\lottj\Desktop\research\decentralized benchmark\topk_filter_study\results\sensitivity_suite\scenarios\clue_g19_n50.csv,clue_search,03,2,0,3,0,0,0,0,4,2,2,4,0,0,collision_intent:2;state:2,13,3,completed
34,dcta_parity_v1,custom,5789862b56c579a63f65129a7c7ce0c99a25e7c55fba998a5a9699fc4a7df60b,03f32103aba060045f2661de3c031f6fbcbc73f46000a9666f166ad349c5805d,ACBBA,gilbert_elliot,pGG_0.95_pBB_0.85,19,361,4,0.75,271,90.25,90.25,comm_g19_r4_ge_drop025_acbba_topk075,C:\Users\lottj\Desktop\research\decentralized benchmark\topk_filter_study\results\sensitivity_suite\scenarios\clue_g19_n50.csv,clue_search,00,98,73,72,27,1,2,2,570,101,469,202,368,519,acbba_entry:368;clue:3;collision_intent:100;state:98;target:1,1282,417,completed
34,dcta_parity_v1,custom,5789862b56c579a63f65129a7c7ce0c99a25e7c55fba998a5a9699fc4a7df60b,03f32103aba060045f2661de3c031f6fbcbc73f46000a9666f166ad349c5805d,ACBBA,gilbert_elliot,pGG_0.95_pBB_0.85,19,361,4,0.75,271,90.25,90.25,comm_g19_r4_ge_drop025_acbba_topk075,C:\Users\lottj\Desktop\research\decentralized benchmark\topk_filter_study\results\sensitivity_suite\scenarios\clue_g19_n50.csv,clue_search,01,92,67,79,14,0,4,1,552,96,456,191,361,502,acbba_entry:361;clue:3;collision_intent:96;state:92,1345,371,completed
34,dcta_parity_v1,custom,5789862b56c579a63f65129a7c7ce0c99a25e7c55fba998a5a9699fc4a7df60b,03f32103aba060045f2661de3c031f6fbcbc73f46000a9666f166ad349c5805d,ACBBA,gilbert_elliot,pGG_0.95_pBB_0.85,19,361,4,0.75,271,90.25,90.25,comm_g19_r4_ge_drop025_acbba_topk075,C:\Users\lottj\Desktop\research\decentralized benchmark\topk_filter_study\results\sensitivity_suite\scenarios\clue_g19_n50.csv,clue_search,02,95,69,60,36,0,0,0,568,95,473,192,376,516,acbba_entry:376;clue:2;collision_intent:95;state:95,1322,379,completed
34,dcta_parity_v1,custom,5789862b56c579a63f65129a7c7ce0c99a25e7c55fba998a5a9699fc4a7df60b,03f32103aba060045f2661de3c031f6fbcbc73f46000a9666f166ad349c5805d,ACBBA,gilbert_elliot,pGG_0.95_pBB_0.85,19,361,4,0.75,271,90.25,90.25,comm_g19_r4_ge_drop025_acbba_topk075,C:\Users\lottj\Desktop\research\decentralized benchmark\topk_filter_study\results\sensitivity_suite\scenarios\clue_g19_n50.csv,clue_search,03,93,68,51,43,1,8,8,579,102,477,198,381,529,acbba_entry:381;clue:3;collision_intent:102;state:93,1330,359,completed
35,dcta_parity_v1,custom,5789862b56c579a63f65129a7c7ce0c99a25e7c55fba998a5a9699fc4a7df60b,03f32103aba060045f2661de3c031f6fbcbc73f46000a9666f166ad349c5805d,ACBBA,gilbert_elliot,pGG_0.95_pBB_0.85,19,361,4,0.75,271,90.25,90.25,comm_g19_r4_ge_drop025_acbba_topk075,C:\Users\lottj\Desktop\research\decentralized benchmark\topk_filter_study\results\sensitivity_suite\scenarios\clue_g19_n50.csv,clue_search,00,67,58,50,18,3,3,1,525,71,454,142,383,507,acbba_entry:383;clue:4;collision_intent:71;state:67,1152,336,completed
35,dcta_parity_v1,custom,5789862b56c579a63f65129a7c7ce0c99a25e7c55fba998a5a9699fc4a7df60b,03f32103aba060045f2661de3c031f6fbcbc73f46000a9666f166ad349c5805d,ACBBA,gilbert_elliot,pGG_0.95_pBB_0.85,19,361,4,0.75,271,90.25,90.25,comm_g19_r4_ge_drop025_acbba_topk075,C:\Users\lottj\Desktop\research\decentralized benchmark\topk_filter_study\results\sensitivity_suite\scenarios\clue_g19_n50.csv,clue_search,01,64,56,40,25,5,10,6,517,75,442,143,374,500,acbba_entry:374;clue:4;collision_intent:74;state:64;target:1,1225,272,completed
35,dcta_parity_v1,custom,5789862b56c579a63f65129a7c7ce0c99a25e7c55fba998a5a9699fc4a7df60b,03f32103aba060045f2661de3c031f6fbcbc73f46000a9666f166ad349c5805d,ACBBA,gilbert_elliot,pGG_0.95_pBB_0.85,19,361,4,0.75,271,90.25,90.25,comm_g19_r4_ge_drop025_acbba_topk075,C:\Users\lottj\Desktop\research\decentralized benchmark\topk_filter_study\results\sensitivity_suite\scenarios\clue_g19_n50.csv,clue_search,02,66,57,36,31,2,5,2,508,71,437,141,367,490,acbba_entry:367;clue:4;collision_intent:71;state:66,1212,293,completed
35,dcta_parity_v1,custom,5789862b56c579a63f65129a7c7ce0c99a25e7c55fba998a5a9699fc4a7df60b,03f32103aba060045f2661de3c031f6fbcbc73f46000a9666f166ad349c5805d,ACBBA,gilbert_elliot,pGG_0.95_pBB_0.85,19,361,4,0.75,271,90.25,90.25,comm_g19_r4_ge_drop025_acbba_topk075,C:\Users\lottj\Desktop\research\decentralized benchmark\topk_filter_study\results\sensitivity_suite\scenarios\clue_g19_n50.csv,clue_search,03,61,52,49,13,2,9,3,464,71,393,136,328,446,acbba_entry:328;clue:4;collision_intent:71;state:61,1179,371,completed
36,dcta_parity_v1,custom,5789862b56c579a63f65129a7c7ce0c99a25e7c55fba998a5a9699fc4a7df60b,03f32103aba060045f2661de3c031f6fbcbc73f46000a9666f166ad349c5805d,ACBBA,gilbert_elliot,pGG_0.95_pBB_0.85,19,361,4,0.75,271,90.25,90.25,comm_g19_r4_ge_drop025_acbba_topk075,C:\Users\lottj\Desktop\research\decentralized benchmark\topk_filter_study\results\sensitivity_suite\scenarios\clue_g19_n50.csv,clue_search,00,7,0,8,0,0,0,0,14,7,7,14,0,0,collision_intent:7;state:7,42,0,completed
36,dcta_parity_v1,custom,5789862b56c579a63f65129a7c7ce0c99a25e7c55fba998a5a9699fc4a7df60b,03f32103aba060045f2661de3c031f6fbcbc73f46000a9666f166ad349c5805d,ACBBA,gilbert_elliot,pGG_0.95_pBB_0.85,19,361,4,0.75,271,90.25,90.25,comm_g19_r4_ge_drop025_acbba_topk075,C:\Users\lottj\Desktop\research\decentralized benchmark\topk_filter_study\results\sensitivity_suite\scenarios\clue_g19_n50.csv,clue_search,01,7,0,8,0,0,0,0,14,7,7,14,0,0,collision_intent:7;state:7,40,1,completed
36,dcta_parity_v1,custom,5789862b56c579a63f65129a7c7ce0c99a25e7c55fba998a5a9699fc4a7df60b,03f32103aba060045f2661de3c031f6fbcbc73f46000a9666f166ad349c5805d,ACBBA,gilbert_elliot,pGG_0.95_pBB_0.85,19,361,4,0.75,271,90.25,90.25,comm_g19_r4_ge_drop025_acbba_topk075,C:\Users\lottj\Desktop\research\decentralized benchmark\topk_filter_study\results\sensitivity_suite\scenarios\clue_g19_n50.csv,clue_search,02,7,0,8,0,0,0,0,14,7,7,14,0,0,collision_intent:7;state:7,35,7,completed
36,dcta_parity_v1,custom,5789862b56c579a63f65129a7c7ce0c99a25e7c55fba998a5a9699fc4a7df60b,03f32103aba060045f2661de3c031f6fbcbc73f46000a9666f166ad349c5805d,ACBBA,gilbert_elliot,pGG_0.95_pBB_0.85,19,361,4,0.75,271,90.25,90.25,comm_g19_r4_ge_drop025_acbba_topk075,C:\Users\lottj\Desktop\research\decentralized benchmark\topk_filter_study\results\sensitivity_suite\scenarios\clue_g19_n50.csv,clue_search,03,7,0,8,0,0,0,0,15,8,7,15,0,0,collision_intent:7;state:7;target:1,29,13,completed
37,dcta_parity_v1,custom,5789862b56c579a63f65129a7c7ce0c99a25e7c55fba998a5a9699fc4a7df60b,03f32103aba060045f2661de3c031f6fbcbc73f46000a9666f166ad349c5805d,ACBBA,gilbert_elliot,pGG_0.95_pBB_0.85,19,361,4,0.75,271,90.25,90.25,comm_g19_r4_ge_drop025_acbba_topk075,C:\Users\lottj\Desktop\research\decentralized benchmark\topk_filter_study\results\sensitivity_suite\scenarios\clue_g19_n50.csv,clue_search,00,116,115,93,24,0,7,2,1021,125,896,245,776,1019,acbba_entry:776;clue:4;collision_intent:124;state:116;target:1,2565,629,completed
37,dcta_parity_v1,custom,5789862b56c579a63f65129a7c7ce0c99a25e7c55fba998a5a9699fc4a7df60b,03f32103aba060045f2661de3c031f6fbcbc73f46000a9666f166ad349c5805d,ACBBA,gilbert_elliot,pGG_0.95_pBB_0.85,19,361,4,0.75,271,90.25,90.25,comm_g19_r4_ge_drop025_acbba_topk075,C:\Users\lottj\Desktop\research\decentralized benchmark\topk_filter_study\results\sensitivity_suite\scenarios\clue_g19_n50.csv,clue_search,01,106,106,75,32,7,24,7,1063,132,931,242,821,1062,acbba_entry:821;clue:4;collision_intent:132;state:106,2330,820,completed
37,dcta_parity_v1,custom,5789862b56c579a63f65129a7c7ce0c99a25e7c55fba998a5a9699fc4a7df60b,03f32103aba060045f2661de3c031f6fbcbc73f46000a9666f166ad349c5805d,ACBBA,gilbert_elliot,pGG_0.95_pBB_0.85,19,361,4,0.75,271,90.25,90.25,comm_g19_r4_ge_drop025_acbba_topk075,C:\Users\lottj\Desktop\research\decentralized benchmark\topk_filter_study\results\sensitivity_suite\scenarios\clue_g19_n50.csv,clue_search,02,119,118,80,40,0,2,2,1031,121,910,244,787,1029,acbba_entry:787;clue:4;collision_intent:121;state:119,2508,676,completed
37,dcta_parity_v1,custom,5789862b56c579a63f65129a7c7ce0c99a25e7c55fba998a5a9699fc4a7df60b,03f32103aba060045f2661de3c031f6fbcbc73f46000a9666f166ad349c5805d,ACBBA,gilbert_elliot,pGG_0.95_pBB_0.85,19,361,4,0.75,271,90.25,90.25,comm_g19_r4_ge_drop025_acbba_topk075,C:\Users\lottj\Desktop\research\decentralized benchmark\topk_filter_study\results\sensitivity_suite\scenarios\clue_g19_n50.csv,clue_search,03,119,119,48,72,1,0,0,1100,119,981,242,858,1099,acbba_entry:858;clue:4;collision_intent:119;state:119,2355,759,completed
38,dcta_parity_v1,custom,5789862b56c579a63f65129a7c7ce0c99a25e7c55fba998a5a9699fc4a7df60b,03f32103aba060045f2661de3c031f6fbcbc73f46000a9666f166ad349c5805d,ACBBA,gilbert_elliot,pGG_0.95_pBB_0.85,19,361,4,0.75,271,90.25,90.25,comm_g19_r4_ge_drop025_acbba_topk075,C:\Users\lottj\Desktop\research\decentralized benchmark\topk_filter_study\results\sensitivity_suite\scenarios\clue_g19_n50.csv,clue_search,00,46,4,47,0,0,0,0,130,46,84,93,37,46,acbba_entry:37;clue:1;collision_intent:46;state:46,324,63,completed
38,dcta_parity_v1,custom,5789862b56c579a63f65129a7c7ce0c99a25e7c55fba998a5a9699fc4a7df60b,03f32103aba060045f2661de3c031f6fbcbc73f46000a9666f166ad349c5805d,ACBBA,gilbert_elliot,pGG_0.95_pBB_0.85,19,361,4,0.75,271,90.25,90.25,comm_g19_r4_ge_drop025_acbba_topk075,C:\Users\lottj\Desktop\research\decentralized benchmark\topk_filter_study\results\sensitivity_suite\scenarios\clue_g19_n50.csv,clue_search,01,46,4,47,0,0,0,0,129,46,83,93,36,45,acbba_entry:36;clue:1;collision_intent:46;state:46,342,46,completed
38,dcta_parity_v1,custom,5789862b56c579a63f65129a7c7ce0c99a25e7c55fba998a5a9699fc4a7df60b,03f32103aba060045f2661de3c031f6fbcbc73f46000a9666f166ad349c5805d,ACBBA,gilbert_elliot,pGG_0.95_pBB_0.85,19,361,4,0.75,271,90.25,90.25,comm_g19_r4_ge_drop025_acbba_topk075,C:\Users\lottj\Desktop\research\decentralized benchmark\topk_filter_study\results\sensitivity_suite\scenarios\clue_g19_n50.csv,clue_search,02,47,4,48,0,0,0,0,132,47,85,95,37,46,acbba_entry:37;clue:1;collision_intent:47;state:47,332,52,completed
38,dcta_parity_v1,custom,5789862b56c579a63f65129a7c7ce0c99a25e7c55fba998a5a9699fc4a7df60b,03f32103aba060045f2661de3c031f6fbcbc73f46000a9666f166ad349c5805d,ACBBA,gilbert_elliot,pGG_0.95_pBB_0.85,19,361,4,0.75,271,90.25,90.25,comm_g19_r4_ge_drop025_acbba_topk075,C:\Users\lottj\Desktop\research\decentralized benchmark\topk_filter_study\results\sensitivity_suite\scenarios\clue_g19_n50.csv,clue_search,03,46,4,47,0,0,0,0,127,47,80,94,33,43,acbba_entry:33;clue:1;collision_intent:46;state:46;target:1,324,67,completed
39,dcta_parity_v1,custom,5789862b56c579a63f65129a7c7ce0c99a25e7c55fba998a5a9699fc4a7df60b,03f32103aba060045f2661de3c031f6fbcbc73f46000a9666f166ad349c5805d,ACBBA,gilbert_elliot,pGG_0.95_pBB_0.85,19,361,4,0.75,271,90.25,90.25,comm_g19_r4_ge_drop025_acbba_topk075,C:\Users\lottj\Desktop\research\decentralized benchmark\topk_filter_study\results\sensitivity_suite\scenarios\clue_g19_n50.csv,clue_search,00,147,128,89,59,0,0,0,1095,148,947,299,796,1056,acbba_entry:796;clue:4;collision_intent:147;state:147;target:1,2555,643,completed
39,dcta_parity_v1,custom,5789862b56c579a63f65129a7c7ce0c99a25e7c55fba998a5a9699fc4a7df60b,03f32103aba060045f2661de3c031f6fbcbc73f46000a9666f166ad349c5805d,ACBBA,gilbert_elliot,pGG_0.95_pBB_0.85,19,361,4,0.75,271,90.25,90.25,comm_g19_r4_ge_drop025_acbba_topk075,C:\Users\lottj\Desktop\research\decentralized benchmark\topk_filter_study\results\sensitivity_suite\scenarios\clue_g19_n50.csv,clue_search,01,142,123,102,41,2,9,2,1049,152,897,298,751,1010,acbba_entry:751;clue:4;collision_intent:152;state:142,2612,631,completed
39,dcta_parity_v1,custom,5789862b56c579a63f65129a7c7ce0c99a25e7c55fba998a5a9699fc4a7df60b,03f32103aba060045f2661de3c031f6fbcbc73f46000a9666f166ad349c5805d,ACBBA,gilbert_elliot,pGG_0.95_pBB_0.85,19,361,4,0.75,271,90.25,90.25,comm_g19_r4_ge_drop025_acbba_topk075,C:\Users\lottj\Desktop\research\decentralized benchmark\topk_filter_study\results\sensitivity_suite\scenarios\clue_g19_n50.csv,clue_search,02,142,122,88,55,1,3,3,1034,145,889,290,744,994,acbba_entry:744;clue:3;collision_intent:145;state:142,2546,712,completed
39,dcta_parity_v1,custom,5789862b56c579a63f65129a7c7ce0c99a25e7c55fba998a5a9699fc4a7df60b,03f32103aba060045f2661de3c031f6fbcbc73f46000a9666f166ad349c5805d,ACBBA,gilbert_elliot,pGG_0.95_pBB_0.85,19,361,4,0.75,271,90.25,90.25,comm_g19_r4_ge_drop025_acbba_topk075,C:\Users\lottj\Desktop\research\decentralized benchmark\topk_filter_study\results\sensitivity_suite\scenarios\clue_g19_n50.csv,clue_search,03,145,126,59,87,0,4,3,1115,149,966,298,817,1077,acbba_entry:817;clue:4;collision_intent:149;state:145,2490,688,completed
40,dcta_parity_v1,custom,5789862b56c579a63f65129a7c7ce0c99a25e7c55fba998a5a9699fc4a7df60b,03f32103aba060045f2661de3c031f6fbcbc73f46000a9666f166ad349c5805d,ACBBA,gilbert_elliot,pGG_0.95_pBB_0.85,19,361,4,0.75,271,90.25,90.25,comm_g19_r4_ge_drop025_acbba_topk075,C:\Users\lottj\Desktop\research\decentralized benchmark\topk_filter_study\results\sensitivity_suite\scenarios\clue_g19_n50.csv,clue_search,00,119,117,39,81,0,1,1,967,120,847,242,725,963,acbba_entry:725;clue:3;collision_intent:120;state:119,2154,653,completed
40,dcta_parity_v1,custom,5789862b56c579a63f65129a7c7ce0c99a25e7c55fba998a5a9699fc4a7df60b,03f32103aba060045f2661de3c031f6fbcbc73f46000a9666f166ad349c5805d,ACBBA,gilbert_elliot,pGG_0.95_pBB_0.85,19,361,4,0.75,271,90.25,90.25,comm_g19_r4_ge_drop025_acbba_topk075,C:\Users\lottj\Desktop\research\decentralized benchmark\topk_filter_study\results\sensitivity_suite\scenarios\clue_g19_n50.csv,clue_search,01,111,110,78,34,4,12,4,910,123,787,237,673,907,acbba_entry:673;clue:3;collision_intent:123;state:111,2216,648,completed
40,dcta_parity_v1,custom,5789862b56c579a63f65129a7c7ce0c99a25e7c55fba998a5a9699fc4a7df60b,03f32103aba060045f2661de3c031f6fbcbc73f46000a9666f166ad349c5805d,ACBBA,gilbert_elliot,pGG_0.95_pBB_0.85,19,361,4,0.75,271,90.25,90.25,comm_g19_r4_ge_drop025_acbba_topk075,C:\Users\lottj\Desktop\research\decentralized benchmark\topk_filter_study\results\sensitivity_suite\scenarios\clue_g19_n50.csv,clue_search,02,112,110,47,66,2,8,4,947,121,826,236,711,943,acbba_entry:711;clue:3;collision_intent:120;state:112;target:1,2163,665,completed
40,dcta_parity_v1,custom,5789862b56c579a63f65129a7c7ce0c99a25e7c55fba998a5a9699fc4a7df60b,03f32103aba060045f2661de3c031f6fbcbc73f46000a9666f166ad349c5805d,ACBBA,gilbert_elliot,pGG_0.95_pBB_0.85,19,361,4,0.75,271,90.25,90.25,comm_g19_r4_ge_drop025_acbba_topk075,C:\Users\lottj\Desktop\research\decentralized benchmark\topk_filter_study\results\sensitivity_suite\scenarios\clue_g19_n50.csv,clue_search,03,116,114,98,19,3,3,3,951,119,832,238,713,947,acbba_entry:713;clue:3;collision_intent:119;state:116,2147,677,completed
41,dcta_parity_v1,custom,5789862b56c579a63f65129a7c7ce0c99a25e7c55fba998a5a9699fc4a7df60b,03f32103aba060045f2661de3c031f6fbcbc73f46000a9666f166ad349c5805d,ACBBA,gilbert_elliot,pGG_0.95_pBB_0.85,19,361,4,0.75,271,90.25,90.25,comm_g19_r4_ge_drop025_acbba_topk075,C:\Users\lottj\Desktop\research\decentralized benchmark\topk_filter_study\results\sensitivity_suite\scenarios\clue_g19_n50.csv,clue_search,00,56,49,43,14,0,1,1,458,57,401,117,341,444,acbba_entry:341;clue:4;collision_intent:57;state:56,984,344,completed
41,dcta_parity_v1,custom,5789862b56c579a63f65129a7c7ce0c99a25e7c55fba998a5a9699fc4a7df60b,03f32103aba060045f2661de3c031f6fbcbc73f46000a9666f166ad349c5805d,ACBBA,gilbert_elliot,pGG_0.95_pBB_0.85,19,361,4,0.75,271,90.25,90.25,comm_g19_r4_ge_drop025_acbba_topk075,C:\Users\lottj\Desktop\research\decentralized benchmark\topk_filter_study\results\sensitivity_suite\scenarios\clue_g19_n50.csv,clue_search,01,56,49,30,27,0,0,0,437,56,381,116,321,423,acbba_entry:321;clue:4;collision_intent:56;state:56,1044,306,completed
41,dcta_parity_v1,custom,5789862b56c579a63f65129a7c7ce0c99a25e7c55fba998a5a9699fc4a7df60b,03f32103aba060045f2661de3c031f6fbcbc73f46000a9666f166ad349c5805d,ACBBA,gilbert_elliot,pGG_0.95_pBB_0.85,19,361,4,0.75,271,90.25,90.25,comm_g19_r4_ge_drop025_acbba_topk075,C:\Users\lottj\Desktop\research\decentralized benchmark\topk_filter_study\results\sensitivity_suite\scenarios\clue_g19_n50.csv,clue_search,02,57,50,45,13,1,2,1,448,59,389,120,328,434,acbba_entry:328;clue:4;collision_intent:59;state:57,1080,259,completed
41,dcta_parity_v1,custom,5789862b56c579a63f65129a7c7ce0c99a25e7c55fba998a5a9699fc4a7df60b,03f32103aba060045f2661de3c031f6fbcbc73f46000a9666f166ad349c5805d,ACBBA,gilbert_elliot,pGG_0.95_pBB_0.85,19,361,4,0.75,271,90.25,90.25,comm_g19_r4_ge_drop025_acbba_topk075,C:\Users\lottj\Desktop\research\decentralized benchmark\topk_filter_study\results\sensitivity_suite\scenarios\clue_g19_n50.csv,clue_search,03,55,49,46,10,0,2,1,444,58,386,117,327,432,acbba_entry:327;clue:4;collision_intent:57;state:55;target:1,1096,247,completed
42,dcta_parity_v1,custom,5789862b56c579a63f65129a7c7ce0c99a25e7c55fba998a5a9699fc4a7df60b,03f32103aba060045f2661de3c031f6fbcbc73f46000a9666f166ad349c5805d,ACBBA,gilbert_elliot,pGG_0.95_pBB_0.85,19,361,4,0.75,271,90.25,90.25,comm_g19_r4_ge_drop025_acbba_topk075,C:\Users\lottj\Desktop\research\decentralized benchmark\topk_filter_study\results\sensitivity_suite\scenarios\clue_g19_n50.csv,clue_search,00,120,111,66,55,0,26,10,1047,147,900,271,776,1029,acbba_entry:776;clue:4;collision_intent:146;state:120;target:1,2473,778,completed
42,dcta_parity_v1,custom,5789862b56c579a63f65129a7c7ce0c99a25e7c55fba998a5a9699fc4a7df60b,03f32103aba060045f2661de3c031f6fbcbc73f46000a9666f166ad349c5805d,ACBBA,gilbert_elliot,pGG_0.95_pBB_0.85,19,361,4,0.75,271,90.25,90.25,comm_g19_r4_ge_drop025_acbba_topk075,C:\Users\lottj\Desktop\research\decentralized benchmark\topk_filter_study\results\sensitivity_suite\scenarios\clue_g19_n50.csv,clue_search,01,130,122,68,63,1,7,4,1085,138,947,272,813,1069,acbba_entry:813;clue:4;collision_intent:138;state:130,2574,637,completed
42,dcta_parity_v1,custom,5789862b56c579a63f65129a7c7ce0c99a25e7c55fba998a5a9699fc4a7df60b,03f32103aba060045f2661de3c031f6fbcbc73f46000a9666f166ad349c5805d,ACBBA,gilbert_elliot,pGG_0.95_pBB_0.85,19,361,4,0.75,271,90.25,90.25,comm_g19_r4_ge_drop025_acbba_topk075,C:\Users\lottj\Desktop\research\decentralized benchmark\topk_filter_study\results\sensitivity_suite\scenarios\clue_g19_n50.csv,clue_search,02,134,126,83,52,1,0,0,1092,134,958,272,820,1076,acbba_entry:820;clue:4;collision_intent:134;state:134,2534,671,completed
42,dcta_parity_v1,custom,5789862b56c579a63f65129a7c7ce0c99a25e7c55fba998a5a9699fc4a7df60b,03f32103aba060045f2661de3c031f6fbcbc73f46000a9666f166ad349c5805d,ACBBA,gilbert_elliot,pGG_0.95_pBB_0.85,19,361,4,0.75,271,90.25,90.25,comm_g19_r4_ge_drop025_acbba_topk075,C:\Users\lottj\Desktop\research\decentralized benchmark\topk_filter_study\results\sensitivity_suite\scenarios\clue_g19_n50.csv,clue_search,03,132,124,77,56,1,0,0,1074,132,942,268,806,1058,acbba_entry:806;clue:4;collision_intent:132;state:132,2559,663,completed
43,dcta_parity_v1,custom,5789862b56c579a63f65129a7c7ce0c99a25e7c55fba998a5a9699fc4a7df60b,03f32103aba060045f2661de3c031f6fbcbc73f46000a9666f166ad349c5805d,ACBBA,gilbert_elliot,pGG_0.95_pBB_0.85,19,361,4,0.75,271,90.25,90.25,comm_g19_r4_ge_drop025_acbba_topk075,C:\Users\lottj\Desktop\research\decentralized benchmark\topk_filter_study\results\sensitivity_suite\scenarios\clue_g19_n50.csv,clue_search,00,14,7,15,0,0,0,0,80,15,65,31,49,66,acbba_entry:49;clue:2;collision_intent:14;state:14;target:1,206,28,completed
43,dcta_parity_v1,custom,5789862b56c579a63f65129a7c7ce0c99a25e7c55fba998a5a9699fc4a7df60b,03f32103aba060045f2661de3c031f6fbcbc73f46000a9666f166ad349c5805d,ACBBA,gilbert_elliot,pGG_0.95_pBB_0.85,19,361,4,0.75,271,90.25,90.25,comm_g19_r4_ge_drop025_acbba_topk075,C:\Users\lottj\Desktop\research\decentralized benchmark\topk_filter_study\results\sensitivity_suite\scenarios\clue_g19_n50.csv,clue_search,01,13,6,14,0,0,0,0,79,13,66,28,51,65,acbba_entry:51;clue:2;collision_intent:13;state:13,162,72,completed
43,dcta_parity_v1,custom,5789862b56c579a63f65129a7c7ce0c99a25e7c55fba998a5a9699fc4a7df60b,03f32103aba060045f2661de3c031f6fbcbc73f46000a9666f166ad349c5805d,ACBBA,gilbert_elliot,pGG_0.95_pBB_0.85,19,361,4,0.75,271,90.25,90.25,comm_g19_r4_ge_drop025_acbba_topk075,C:\Users\lottj\Desktop\research\decentralized benchmark\topk_filter_study\results\sensitivity_suite\scenarios\clue_g19_n50.csv,clue_search,02,13,6,14,0,1,0,0,75,14,61,29,46,61,acbba_entry:46;clue:2;collision_intent:14;state:13,183,56,completed
43,dcta_parity_v1,custom,5789862b56c579a63f65129a7c7ce0c99a25e7c55fba998a5a9699fc4a7df60b,03f32103aba060045f2661de3c031f6fbcbc73f46000a9666f166ad349c5805d,ACBBA,gilbert_elliot,pGG_0.95_pBB_0.85,19,361,4,0.75,271,90.25,90.25,comm_g19_r4_ge_drop025_acbba_topk075,C:\Users\lottj\Desktop\research\decentralized benchmark\topk_filter_study\results\sensitivity_suite\scenarios\clue_g19_n50.csv,clue_search,03,13,7,13,1,0,0,0,80,13,67,28,52,68,acbba_entry:52;clue:2;collision_intent:13;state:13,186,48,completed
44,dcta_parity_v1,custom,5789862b56c579a63f65129a7c7ce0c99a25e7c55fba998a5a9699fc4a7df60b,03f32103aba060045f2661de3c031f6fbcbc73f46000a9666f166ad349c5805d,ACBBA,gilbert_elliot,pGG_0.95_pBB_0.85,19,361,4,0.75,271,90.25,90.25,comm_g19_r4_ge_drop025_acbba_topk075,C:\Users\lottj\Desktop\research\decentralized benchmark\topk_filter_study\results\sensitivity_suite\scenarios\clue_g19_n50.csv,clue_search,00,140,137,75,66,2,1,1,1075,141,934,285,790,1069,acbba_entry:790;clue:4;collision_intent:141;state:140,2728,621,completed
44,dcta_parity_v1,custom,5789862b56c579a63f65129a7c7ce0c99a25e7c55fba998a5a9699fc4a7df60b,03f32103aba060045f2661de3c031f6fbcbc73f46000a9666f166ad349c5805d,ACBBA,gilbert_elliot,pGG_0.95_pBB_0.85,19,361,4,0.75,271,90.25,90.25,comm_g19_r4_ge_drop025_acbba_topk075,C:\Users\lottj\Desktop\research\decentralized benchmark\topk_filter_study\results\sensitivity_suite\scenarios\clue_g19_n50.csv,clue_search,01,135,133,88,48,1,0,0,1134,136,998,275,859,1130,acbba_entry:859;clue:4;collision_intent:135;state:135;target:1,2540,750,completed
44,dcta_parity_v1,custom,5789862b56c579a63f65129a7c7ce0c99a25e7c55fba998a5a9699fc4a7df60b,03f32103aba060045f2661de3c031f6fbcbc73f46000a9666f166ad349c5805d,ACBBA,gilbert_elliot,pGG_0.95_pBB_0.85,19,361,4,0.75,271,90.25,90.25,comm_g19_r4_ge_drop025_acbba_topk075,C:\Users\lottj\Desktop\research\decentralized benchmark\topk_filter_study\results\sensitivity_suite\scenarios\clue_g19_n50.csv,clue_search,02,136,133,67,70,2,0,0,1085,136,949,276,809,1079,acbba_entry:809;clue:4;collision_intent:136;state:136,2591,747,completed
44,dcta_parity_v1,custom,5789862b56c579a63f65129a7c7ce0c99a25e7c55fba998a5a9699fc4a7df60b,03f32103aba060045f2661de3c031f6fbcbc73f46000a9666f166ad349c5805d,ACBBA,gilbert_elliot,pGG_0.95_pBB_0.85,19,361,4,0.75,271,90.25,90.25,comm_g19_r4_ge_drop025_acbba_topk075,C:\Users\lottj\Desktop\research\decentralized benchmark\topk_filter_study\results\sensitivity_suite\scenarios\clue_g19_n50.csv,clue_search,03,132,130,53,80,2,13,7,1130,146,984,282,848,1126,acbba_entry:848;clue:4;collision_intent:146;state:132,2620,672,completed
45,dcta_parity_v1,custom,5789862b56c579a63f65129a7c7ce0c99a25e7c55fba998a5a9699fc4a7df60b,03f32103aba060045f2661de3c031f6fbcbc73f46000a9666f166ad349c5805d,ACBBA,gilbert_elliot,pGG_0.95_pBB_0.85,19,361,4,0.75,271,90.25,90.25,comm_g19_r4_ge_drop025_acbba_topk075,C:\Users\lottj\Desktop\research\decentralized benchmark\topk_filter_study\results\sensitivity_suite\scenarios\clue_g19_n50.csv,clue_search,00,41,1,42,0,0,0,0,89,41,48,83,6,9,acbba_entry:6;clue:1;collision_intent:41;state:41,229,41,completed
45,dcta_parity_v1,custom,5789862b56c579a63f65129a7c7ce0c99a25e7c55fba998a5a9699fc4a7df60b,03f32103aba060045f2661de3c031f6fbcbc73f46000a9666f166ad349c5805d,ACBBA,gilbert_elliot,pGG_0.95_pBB_0.85,19,361,4,0.75,271,90.25,90.25,comm_g19_r4_ge_drop025_acbba_topk075,C:\Users\lottj\Desktop\research\decentralized benchmark\topk_filter_study\results\sensitivity_suite\scenarios\clue_g19_n50.csv,clue_search,01,41,2,42,0,0,0,0,88,41,47,83,5,9,acbba_entry:5;clue:1;collision_intent:41;state:41,255,16,completed
45,dcta_parity_v1,custom,5789862b56c579a63f65129a7c7ce0c99a25e7c55fba998a5a9699fc4a7df60b,03f32103aba060045f2661de3c031f6fbcbc73f46000a9666f166ad349c5805d,ACBBA,gilbert_elliot,pGG_0.95_pBB_0.85,19,361,4,0.75,271,90.25,90.25,comm_g19_r4_ge_drop025_acbba_topk075,C:\Users\lottj\Desktop\research\decentralized benchmark\topk_filter_study\results\sensitivity_suite\scenarios\clue_g19_n50.csv,clue_search,02,42,2,43,0,0,0,0,93,43,50,86,7,13,acbba_entry:7;clue:1;collision_intent:42;state:42;target:1,213,53,completed
45,dcta_parity_v1,custom,5789862b56c579a63f65129a7c7ce0c99a25e7c55fba998a5a9699fc4a7df60b,03f32103aba060045f2661de3c031f6fbcbc73f46000a9666f166ad349c5805d,ACBBA,gilbert_elliot,pGG_0.95_pBB_0.85,19,361,4,0.75,271,90.25,90.25,comm_g19_r4_ge_drop025_acbba_topk075,C:\Users\lottj\Desktop\research\decentralized benchmark\topk_filter_study\results\sensitivity_suite\scenarios\clue_g19_n50.csv,clue_search,03,41,2,40,2,0,0,0,89,41,48,83,6,11,acbba_entry:6;clue:1;collision_intent:41;state:41,219,51,completed
46,dcta_parity_v1,custom,5789862b56c579a63f65129a7c7ce0c99a25e7c55fba998a5a9699fc4a7df60b,03f32103aba060045f2661de3c031f6fbcbc73f46000a9666f166ad349c5805d,ACBBA,gilbert_elliot,pGG_0.95_pBB_0.85,19,361,4,0.75,271,90.25,90.25,comm_g19_r4_ge_drop025_acbba_topk075,C:\Users\lottj\Desktop\research\decentralized benchmark\topk_filter_study\results\sensitivity_suite\scenarios\clue_g19_n50.csv,clue_search,00,123,114,79,45,0,1,1,780,125,655,249,531,762,acbba_entry:531;clue:1;collision_intent:124;state:123;target:1,1832,390,completed
46,dcta_parity_v1,custom,5789862b56c579a63f65129a7c7ce0c99a25e7c55fba998a5a9699fc4a7df60b,03f32103aba060045f2661de3c031f6fbcbc73f46000a9666f166ad349c5805d,ACBBA,gilbert_elliot,pGG_0.95_pBB_0.85,19,361,4,0.75,271,90.25,90.25,comm_g19_r4_ge_drop025_acbba_topk075,C:\Users\lottj\Desktop\research\decentralized benchmark\topk_filter_study\results\sensitivity_suite\scenarios\clue_g19_n50.csv,clue_search,01,47,38,26,22,0,91,2,694,139,555,187,507,676,acbba_entry:507;clue:1;collision_intent:139;state:47,1861,445,completed
46,dcta_parity_v1,custom,5789862b56c579a63f65129a7c7ce0c99a25e7c55fba998a5a9699fc4a7df60b,03f32103aba060045f2661de3c031f6fbcbc73f46000a9666f166ad349c5805d,ACBBA,gilbert_elliot,pGG_0.95_pBB_0.85,19,361,4,0.75,271,90.25,90.25,comm_g19_r4_ge_drop025_acbba_topk075,C:\Users\lottj\Desktop\research\decentralized benchmark\topk_filter_study\results\sensitivity_suite\scenarios\clue_g19_n50.csv,clue_search,02,122,113,72,51,1,1,1,772,123,649,246,526,754,acbba_entry:526;clue:1;collision_intent:123;state:122,1800,429,completed
46,dcta_parity_v1,custom,5789862b56c579a63f65129a7c7ce0c99a25e7c55fba998a5a9699fc4a7df60b,03f32103aba060045f2661de3c031f6fbcbc73f46000a9666f166ad349c5805d,ACBBA,gilbert_elliot,pGG_0.95_pBB_0.85,19,361,4,0.75,271,90.25,90.25,comm_g19_r4_ge_drop025_acbba_topk075,C:\Users\lottj\Desktop\research\decentralized benchmark\topk_filter_study\results\sensitivity_suite\scenarios\clue_g19_n50.csv,clue_search,03,46,37,41,6,0,110,3,756,156,600,203,553,738,acbba_entry:553;clue:1;collision_intent:156;state:46,1783,462,completed
47,dcta_parity_v1,custom,5789862b56c579a63f65129a7c7ce0c99a25e7c55fba998a5a9699fc4a7df60b,03f32103aba060045f2661de3c031f6fbcbc73f46000a9666f166ad349c5805d,ACBBA,gilbert_elliot,pGG_0.95_pBB_0.85,19,361,4,0.75,271,90.25,90.25,comm_g19_r4_ge_drop025_acbba_topk075,C:\Users\lottj\Desktop\research\decentralized benchmark\topk_filter_study\results\sensitivity_suite\scenarios\clue_g19_n50.csv,clue_search,00,29,24,22,8,0,6,2,257,35,222,66,191,247,acbba_entry:191;clue:2;collision_intent:35;state:29,683,171,completed
47,dcta_parity_v1,custom,5789862b56c579a63f65129a7c7ce0c99a25e7c55fba998a5a9699fc4a7df60b,03f32103aba060045f2661de3c031f6fbcbc73f46000a9666f166ad349c5805d,ACBBA,gilbert_elliot,pGG_0.95_pBB_0.85,19,361,4,0.75,271,90.25,90.25,comm_g19_r4_ge_drop025_acbba_topk075,C:\Users\lottj\Desktop\research\decentralized benchmark\topk_filter_study\results\sensitivity_suite\scenarios\clue_g19_n50.csv,clue_search,01,32,28,28,5,0,0,0,284,33,251,67,217,276,acbba_entry:217;clue:2;collision_intent:32;state:32;target:1,650,178,completed
47,dcta_parity_v1,custom,5789862b56c579a63f65129a7c7ce0c99a25e7c55fba998a5a9699fc4a7df60b,03f32103aba060045f2661de3c031f6fbcbc73f46000a9666f166ad349c5805d,ACBBA,gilbert_elliot,pGG_0.95_pBB_0.85,19,361,4,0.75,271,90.25,90.25,comm_g19_r4_ge_drop025_acbba_topk075,C:\Users\lottj\Desktop\research\decentralized benchmark\topk_filter_study\results\sensitivity_suite\scenarios\clue_g19_n50.csv,clue_search,02,34,29,25,10,0,0,0,277,34,243,70,207,267,acbba_entry:207;clue:2;collision_intent:34;state:34,626,207,completed
47,dcta_parity_v1,custom,5789862b56c579a63f65129a7c7ce0c99a25e7c55fba998a5a9699fc4a7df60b,03f32103aba060045f2661de3c031f6fbcbc73f46000a9666f166ad349c5805d,ACBBA,gilbert_elliot,pGG_0.95_pBB_0.85,19,361,4,0.75,271,90.25,90.25,comm_g19_r4_ge_drop025_acbba_topk075,C:\Users\lottj\Desktop\research\decentralized benchmark\topk_filter_study\results\sensitivity_suite\scenarios\clue_g19_n50.csv,clue_search,03,33,29,27,7,1,0,0,294,33,261,68,226,286,acbba_entry:226;clue:2;collision_intent:33;state:33,648,169,completed
48,dcta_parity_v1,custom,5789862b56c579a63f65129a7c7ce0c99a25e7c55fba998a5a9699fc4a7df60b,03f32103aba060045f2661de3c031f6fbcbc73f46000a9666f166ad349c5805d,ACBBA,gilbert_elliot,pGG_0.95_pBB_0.85,19,361,4,0.75,271,90.25,90.25,comm_g19_r4_ge_drop025_acbba_topk075,C:\Users\lottj\Desktop\research\decentralized benchmark\topk_filter_study\results\sensitivity_suite\scenarios\clue_g19_n50.csv,clue_search,00,130,127,65,66,1,11,3,1140,141,999,275,865,1134,acbba_entry:865;clue:4;collision_intent:141;state:130,2786,751,completed
48,dcta_parity_v1,custom,5789862b56c579a63f65129a7c7ce0c99a25e7c55fba998a5a9699fc4a7df60b,03f32103aba060045f2661de3c031f6fbcbc73f46000a9666f166ad349c5805d,ACBBA,gilbert_elliot,pGG_0.95_pBB_0.85,19,361,4,0.75,271,90.25,90.25,comm_g19_r4_ge_drop025_acbba_topk075,C:\Users\lottj\Desktop\research\decentralized benchmark\topk_filter_study\results\sensitivity_suite\scenarios\clue_g19_n50.csv,clue_search,01,132,130,103,30,0,0,0,1147,132,1015,268,879,1143,acbba_entry:879;clue:4;collision_intent:132;state:132,2822,707,completed
48,dcta_parity_v1,custom,5789862b56c579a63f65129a7c7ce0c99a25e7c55fba998a5a9699fc4a7df60b,03f32103aba060045f2661de3c031f6fbcbc73f46000a9666f166ad349c5805d,ACBBA,gilbert_elliot,pGG_0.95_pBB_0.85,19,361,4,0.75,271,90.25,90.25,comm_g19_r4_ge_drop025_acbba_topk075,C:\Users\lottj\Desktop\research\decentralized benchmark\topk_filter_study\results\sensitivity_suite\scenarios\clue_g19_n50.csv,clue_search,02,127,125,74,54,2,13,5,1193,142,1051,273,920,1189,acbba_entry:920;clue:4;collision_intent:141;state:127;target:1,2647,838,completed
48,dcta_parity_v1,custom,5789862b56c579a63f65129a7c7ce0c99a25e7c55fba998a5a9699fc4a7df60b,03f32103aba060045f2661de3c031f6fbcbc73f46000a9666f166ad349c5805d,ACBBA,gilbert_elliot,pGG_0.95_pBB_0.85,19,361,4,0.75,271,90.25,90.25,comm_g19_r4_ge_drop025_acbba_topk075,C:\Users\lottj\Desktop\research\decentralized benchmark\topk_filter_study\results\sensitivity_suite\scenarios\clue_g19_n50.csv,clue_search,03,134,132,82,53,0,2,2,1198,136,1062,274,924,1194,acbba_entry:924;clue:4;collision_intent:136;state:134,2559,921,completed
49,dcta_parity_v1,custom,5789862b56c579a63f65129a7c7ce0c99a25e7c55fba998a5a9699fc4a7df60b,03f32103aba060045f2661de3c031f6fbcbc73f46000a9666f166ad349c5805d,ACBBA,gilbert_elliot,pGG_0.95_pBB_0.85,19,361,4,0.75,271,90.25,90.25,comm_g19_r4_ge_drop025_acbba_topk075,C:\Users\lottj\Desktop\research\decentralized benchmark\topk_filter_study\results\sensitivity_suite\scenarios\clue_g19_n50.csv,clue_search,00,37,12,36,2,0,0,0,154,37,117,77,77,103,acbba_entry:77;clue:3;collision_intent:37;state:37,386,72,completed
49,dcta_parity_v1,custom,5789862b56c579a63f65129a7c7ce0c99a25e7c55fba998a5a9699fc4a7df60b,03f32103aba060045f2661de3c031f6fbcbc73f46000a9666f166ad349c5805d,ACBBA,gilbert_elliot,pGG_0.95_pBB_0.85,19,361,4,0.75,271,90.25,90.25,comm_g19_r4_ge_drop025_acbba_topk075,C:\Users\lottj\Desktop\research\decentralized benchmark\topk_filter_study\results\sensitivity_suite\scenarios\clue_g19_n50.csv,clue_search,01,36,11,36,1,0,0,0,163,36,127,75,88,113,acbba_entry:88;clue:3;collision_intent:36;state:36,376,72,completed
49,dcta_parity_v1,custom,5789862b56c579a63f65129a7c7ce0c99a25e7c55fba998a5a9699fc4a7df60b,03f32103aba060045f2661de3c031f6fbcbc73f46000a9666f166ad349c5805d,ACBBA,gilbert_elliot,pGG_0.95_pBB_0.85,19,361,4,0.75,271,90.25,90.25,comm_g19_r4_ge_drop025_acbba_topk075,C:\Users\lottj\Desktop\research\decentralized benchmark\topk_filter_study\results\sensitivity_suite\scenarios\clue_g19_n50.csv,clue_search,02,36,10,37,0,0,0,0,150,37,113,76,74,98,acbba_entry:74;clue:3;collision_intent:36;state:36;target:1,390,73,completed
49,dcta_parity_v1,custom,5789862b56c579a63f65129a7c7ce0c99a25e7c55fba998a5a9699fc4a7df60b,03f32103aba060045f2661de3c031f6fbcbc73f46000a9666f166ad349c5805d,ACBBA,gilbert_elliot,pGG_0.95_pBB_0.85,19,361,4,0.75,271,90.25,90.25,comm_g19_r4_ge_drop025_acbba_topk075,C:\Users\lottj\Desktop\research\decentralized benchmark\topk_filter_study\results\sensitivity_suite\scenarios\clue_g19_n50.csv,clue_search,03,36,11,32,5,0,0,0,146,36,110,74,72,96,acbba_entry:72;clue:2;collision_intent:36;state:36,355,112,completed
