trial_id,logic_revision,study_profile,scenario_file_sha256,scenario_selection_sha256,algorithm,comm_model,comm_level,trial_mode,grid_size,grid_cells,robot_count,top_k_rate,top_k_max_cells,max_candidate_cells,condition_id,scenario_file,host_trial_runtime_ms,robot_id,allocator_calls,allocator_calls_pre_clue,allocator_calls_post_clue,allocator_time_ms_total,allocator_time_ms_mean,allocator_time_ms_median,allocator_time_ms_p95,allocator_time_ms_max,allocator_time_pct,candidate_filter_calls,candidate_filter_time_ms_total,candidate_filter_time_ms_mean,candidate_filter_time_ms_max,allocator_time_ms_pre_clue_total,allocator_time_ms_post_clue_total,allocator_host_runtime_pct,trial_status
0,dcta_parity_v1,custom,5789862b56c579a63f65129a7c7ce0c99a25e7c55fba998a5a9699fc4a7df60b,03f32103aba060045f2661de3c031f6fbcbc73f46000a9666f166ad349c5805d,CBAA,ideal,1.0,clue_search,19,361,4,0.75,271,271,scale_g19_r4_cbaa_topk075,C:\Users\lottj\Desktop\research\decentralized benchmark\topk_filter_study\results\sensitivity_suite\scenarios\clue_g19_n50.csv,349.7346,00,20,9,11,104.2386,5.211930000000001,8.37105,10.0961,10.1206,29.805057892470465,11,88.6391,8.0581,8.7239,0.067,104.1716,29.805057892470465,completed
0,dcta_parity_v1,custom,5789862b56c579a63f65129a7c7ce0c99a25e7c55fba998a5a9699fc4a7df60b,03f32103aba060045f2661de3c031f6fbcbc73f46000a9666f166ad349c5805d,CBAA,ideal,1.0,clue_search,19,361,4,0.75,271,271,scale_g19_r4_cbaa_topk075,C:\Users\lottj\Desktop\research\decentralized benchmark\topk_filter_study\results\sensitivity_suite\scenarios\clue_g19_n50.csv,349.7346,01,15,9,6,57.6575,3.8438333333333334,0.0114,10.4558,10.4558,16.486072581894955,6,49.3367,8.222783333333334,9.1355,0.0912,57.5663,16.486072581894955,completed
0,dcta_parity_v1,custom,5789862b56c579a63f65129a7c7ce0c99a25e7c55fba998a5a9699fc4a7df60b,03f32103aba060045f2661de3c031f6fbcbc73f46000a9666f166ad349c5805d,CBAA,ideal,1.0,clue_search,19,361,4,0.75,271,271,scale_g19_r4_cbaa_topk075,C:\Users\lottj\Desktop\research\decentralized benchmark\topk_filter_study\results\sensitivity_suite\scenarios\clue_g19_n50.csv,349.7346,02,16,10,6,57.529,3.5955625,0.01225,10.3812,10.3812,16.44933043513567,6,49.1119,8.185316666666667,9.0889,0.114,57.415,16.44933043513567,completed
0,dcta_parity_v1,custom,5789862b56c579a63f65129a7c7ce0c99a25e7c55fba998a5a9699fc4a7df60b,03f32103aba060045f2661de3c031f6fbcbc73f46000a9666f166ad349c5805d,CBAA,ideal,1.0,clue_search,19,361,4,0.75,271,271,scale_g19_r4_cbaa_topk075,C:\Users\lottj\Desktop\research\decentralized benchmark\topk_filter_study\results\sensitivity_suite\scenarios\clue_g19_n50.csv,349.7346,03,12,7,5,50.6995,4.224958333333333,0.01285,10.6538,10.6538,14.496563965933024,5,43.915099999999995,8.783019999999999,9.309,0.0601,50.6394,14.496563965933024,completed
1,dcta_parity_v1,custom,5789862b56c579a63f65129a7c7ce0c99a25e7c55fba998a5a9699fc4a7df60b,03f32103aba060045f2661de3c031f6fbcbc73f46000a9666f166ad349c5805d,CBAA,ideal,1.0,clue_search,19,361,4,0.75,271,271,scale_g19_r4_cbaa_topk075,C:\Users\lottj\Desktop\research\decentralized benchmark\topk_filter_study\results\sensitivity_suite\scenarios\clue_g19_n50.csv,232.4957,00,38,25,13,23.7822,0.6258473684210526,0.0077,1.9217,1.9371,10.229092409020897,13,8.2643,0.6357153846153847,0.7446,0.1905,23.5917,10.229092409020897,completed
1,dcta_parity_v1,custom,5789862b56c579a63f65129a7c7ce0c99a25e7c55fba998a5a9699fc4a7df60b,03f32103aba060045f2661de3c031f6fbcbc73f46000a9666f166ad349c5805d,CBAA,ideal,1.0,clue_search,19,361,4,0.75,271,271,scale_g19_r4_cbaa_topk075,C:\Users\lottj\Desktop\research\decentralized benchmark\topk_filter_study\results\sensitivity_suite\scenarios\clue_g19_n50.csv,232.4957,01,35,25,10,18.3473,0.5242085714285715,0.0094,1.8902,1.9202,7.8914577774986805,10,6.3442,0.63442,0.7005,0.2307,18.1166,7.8914577774986805,completed
1,dcta_parity_v1,custom,5789862b56c579a63f65129a7c7ce0c99a25e7c55fba998a5a9699fc4a7df60b,03f32103aba060045f2661de3c031f6fbcbc73f46000a9666f166ad349c5805d,CBAA,ideal,1.0,clue_search,19,361,4,0.75,271,271,scale_g19_r4_cbaa_topk075,C:\Users\lottj\Desktop\research\decentralized benchmark\topk_filter_study\results\sensitivity_suite\scenarios\clue_g19_n50.csv,232.4957,02,38,25,13,24.0681,0.633371052631579,0.01025,1.8703,2.105,10.352062425240552,13,8.1338,0.6256769230769231,0.6834,0.2474,23.8207,10.352062425240552,completed
1,dcta_parity_v1,custom,5789862b56c579a63f65129a7c7ce0c99a25e7c55fba998a5a9699fc4a7df60b,03f32103aba060045f2661de3c031f6fbcbc73f46000a9666f166ad349c5805d,CBAA,ideal,1.0,clue_search,19,361,4,0.75,271,271,scale_g19_r4_cbaa_topk075,C:\Users\lottj\Desktop\research\decentralized benchmark\topk_filter_study\results\sensitivity_suite\scenarios\clue_g19_n50.csv,232.4957,03,38,23,15,28.6598,0.7542052631578947,0.008549999999999999,2.0367,2.7096,12.327023682588539,15,9.7554,0.6503599999999999,0.903,0.2033,28.456500000000002,12.327023682588539,completed
2,dcta_parity_v1,custom,5789862b56c579a63f65129a7c7ce0c99a25e7c55fba998a5a9699fc4a7df60b,03f32103aba060045f2661de3c031f6fbcbc73f46000a9666f166ad349c5805d,CBAA,ideal,1.0,clue_search,19,361,4,0.75,271,271,scale_g19_r4_cbaa_topk075,C:\Users\lottj\Desktop\research\decentralized benchmark\topk_filter_study\results\sensitivity_suite\scenarios\clue_g19_n50.csv,7.2489,00,3,3,0,0.0235,0.007833333333333333,0.0079,0.008,0.008,0.32418711804549655,0,0.0,0.0,0.0,0.0235,0.0,0.32418711804549655,completed
2,dcta_parity_v1,custom,5789862b56c579a63f65129a7c7ce0c99a25e7c55fba998a5a9699fc4a7df60b,03f32103aba060045f2661de3c031f6fbcbc73f46000a9666f166ad349c5805d,CBAA,ideal,1.0,clue_search,19,361,4,0.75,271,271,scale_g19_r4_cbaa_topk075,C:\Users\lottj\Desktop\research\decentralized benchmark\topk_filter_study\results\sensitivity_suite\scenarios\clue_g19_n50.csv,7.2489,01,3,3,0,0.030100000000000002,0.010033333333333333,0.0097,0.0108,0.0108,0.4152354150284871,0,0.0,0.0,0.0,0.030100000000000002,0.0,0.4152354150284871,completed
2,dcta_parity_v1,custom,5789862b56c579a63f65129a7c7ce0c99a25e7c55fba998a5a9699fc4a7df60b,03f32103aba060045f2661de3c031f6fbcbc73f46000a9666f166ad349c5805d,CBAA,ideal,1.0,clue_search,19,361,4,0.75,271,271,scale_g19_r4_cbaa_topk075,C:\Users\lottj\Desktop\research\decentralized benchmark\topk_filter_study\results\sensitivity_suite\scenarios\clue_g19_n50.csv,7.2489,02,3,3,0,0.0392,0.013066666666666666,0.0105,0.0185,0.0185,0.5407717032929134,0,0.0,0.0,0.0,0.0392,0.0,0.5407717032929134,completed
2,dcta_parity_v1,custom,5789862b56c579a63f65129a7c7ce0c99a25e7c55fba998a5a9699fc4a7df60b,03f32103aba060045f2661de3c031f6fbcbc73f46000a9666f166ad349c5805d,CBAA,ideal,1.0,clue_search,19,361,4,0.75,271,271,scale_g19_r4_cbaa_topk075,C:\Users\lottj\Desktop\research\decentralized benchmark\topk_filter_study\results\sensitivity_suite\scenarios\clue_g19_n50.csv,7.2489,03,1,1,0,0.013,0.013,0.013,0.013,0.013,0.17933755466346618,0,0.0,0.0,0.0,0.013,0.0,0.17933755466346618,completed
3,dcta_parity_v1,custom,5789862b56c579a63f65129a7c7ce0c99a25e7c55fba998a5a9699fc4a7df60b,03f32103aba060045f2661de3c031f6fbcbc73f46000a9666f166ad349c5805d,CBAA,ideal,1.0,clue_search,19,361,4,0.75,271,271,scale_g19_r4_cbaa_topk075,C:\Users\lottj\Desktop\research\decentralized benchmark\topk_filter_study\results\sensitivity_suite\scenarios\clue_g19_n50.csv,190.2754,00,25,19,6,21.048000000000002,0.8419200000000001,0.0081,6.1513,6.182,11.061860860626231,6,12.5837,2.0972833333333334,4.8292,0.1713,20.8767,11.061860860626231,completed
3,dcta_parity_v1,custom,5789862b56c579a63f65129a7c7ce0c99a25e7c55fba998a5a9699fc4a7df60b,03f32103aba060045f2661de3c031f6fbcbc73f46000a9666f166ad349c5805d,CBAA,ideal,1.0,clue_search,19,361,4,0.75,271,271,scale_g19_r4_cbaa_topk075,C:\Users\lottj\Desktop\research\decentralized benchmark\topk_filter_study\results\sensitivity_suite\scenarios\clue_g19_n50.csv,190.2754,01,26,19,7,28.812,1.1081538461538463,0.0106,6.832,6.8521,15.142262215714698,7,18.7588,2.6798285714285717,5.395,0.2479,28.5641,15.142262215714698,completed
3,dcta_parity_v1,custom,5789862b56c579a63f65129a7c7ce0c99a25e7c55fba998a5a9699fc4a7df60b,03f32103aba060045f2661de3c031f6fbcbc73f46000a9666f166ad349c5805d,CBAA,ideal,1.0,clue_search,19,361,4,0.75,271,271,scale_g19_r4_cbaa_topk075,C:\Users\lottj\Desktop\research\decentralized benchmark\topk_filter_study\results\sensitivity_suite\scenarios\clue_g19_n50.csv,190.2754,02,24,19,5,20.8583,0.8690958333333333,0.009850000000000001,7.1501,7.2133,10.962163264405174,5,13.7175,2.7435,5.765,0.2452,20.6131,10.962163264405174,completed
3,dcta_parity_v1,custom,5789862b56c579a63f65129a7c7ce0c99a25e7c55fba998a5a9699fc4a7df60b,03f32103aba060045f2661de3c031f6fbcbc73f46000a9666f166ad349c5805d,CBAA,ideal,1.0,clue_search,19,361,4,0.75,271,271,scale_g19_r4_cbaa_topk075,C:\Users\lottj\Desktop\research\decentralized benchmark\topk_filter_study\results\sensitivity_suite\scenarios\clue_g19_n50.csv,190.2754,03,26,17,9,38.9793,1.4992038461538462,0.0086,6.9395,7.5861,20.485727529675408,9,26.0666,2.896288888888889,5.9097,0.1364,38.8429,20.485727529675408,completed
4,dcta_parity_v1,custom,5789862b56c579a63f65129a7c7ce0c99a25e7c55fba998a5a9699fc4a7df60b,03f32103aba060045f2661de3c031f6fbcbc73f46000a9666f166ad349c5805d,CBAA,ideal,1.0,clue_search,19,361,4,0.75,271,271,scale_g19_r4_cbaa_topk075,C:\Users\lottj\Desktop\research\decentralized benchmark\topk_filter_study\results\sensitivity_suite\scenarios\clue_g19_n50.csv,669.6979,00,37,10,27,88.6358,2.3955621621621623,2.0455,6.3132,6.5785,13.235191569213521,27,49.8812,1.847451851851852,5.1205,0.0748,88.561,13.235191569213521,completed
4,dcta_parity_v1,custom,5789862b56c579a63f65129a7c7ce0c99a25e7c55fba998a5a9699fc4a7df60b,03f32103aba060045f2661de3c031f6fbcbc73f46000a9666f166ad349c5805d,CBAA,ideal,1.0,clue_search,19,361,4,0.75,271,271,scale_g19_r4_cbaa_topk075,C:\Users\lottj\Desktop\research\decentralized benchmark\topk_filter_study\results\sensitivity_suite\scenarios\clue_g19_n50.csv,669.6979,01,39,10,29,85.8339,2.200869230769231,2.0516,6.4892,6.6335,12.816808892487193,29,43.9525,1.515603448275862,5.2838,0.0995,85.7344,12.816808892487193,completed
4,dcta_parity_v1,custom,5789862b56c579a63f65129a7c7ce0c99a25e7c55fba998a5a9699fc4a7df60b,03f32103aba060045f2661de3c031f6fbcbc73f46000a9666f166ad349c5805d,CBAA,ideal,1.0,clue_search,19,361,4,0.75,271,271,scale_g19_r4_cbaa_topk075,C:\Users\lottj\Desktop\research\decentralized benchmark\topk_filter_study\results\sensitivity_suite\scenarios\clue_g19_n50.csv,669.6979,02,46,10,36,122.3985,2.660836956521739,2.0584,6.7239,7.0045,18.27667370615915,36,70.0724,1.9464555555555556,5.6181,0.1184,122.2801,18.27667370615915,completed
4,dcta_parity_v1,custom,5789862b56c579a63f65129a7c7ce0c99a25e7c55fba998a5a9699fc4a7df60b,03f32103aba060045f2661de3c031f6fbcbc73f46000a9666f166ad349c5805d,CBAA,ideal,1.0,clue_search,19,361,4,0.75,271,271,scale_g19_r4_cbaa_topk075,C:\Users\lottj\Desktop\research\decentralized benchmark\topk_filter_study\results\sensitivity_suite\scenarios\clue_g19_n50.csv,669.6979,03,42,7,35,130.9536,3.117942857142857,2.11045,6.9422,7.7977,19.554130302633467,35,80.9374,2.3124971428571426,6.4086,0.0587,130.8949,19.554130302633467,completed
5,dcta_parity_v1,custom,5789862b56c579a63f65129a7c7ce0c99a25e7c55fba998a5a9699fc4a7df60b,03f32103aba060045f2661de3c031f6fbcbc73f46000a9666f166ad349c5805d,CBAA,ideal,1.0,clue_search,19,361,4,0.75,271,271,scale_g19_r4_cbaa_topk075,C:\Users\lottj\Desktop\research\decentralized benchmark\topk_filter_study\results\sensitivity_suite\scenarios\clue_g19_n50.csv,1231.8811,00,71,11,60,218.4803,3.077187323943662,1.9302,10.963,12.8717,17.735502233129477,60,135.4385,2.2573083333333335,11.1726,0.0927,218.3876,17.735502233129477,completed
5,dcta_parity_v1,custom,5789862b56c579a63f65129a7c7ce0c99a25e7c55fba998a5a9699fc4a7df60b,03f32103aba060045f2661de3c031f6fbcbc73f46000a9666f166ad349c5805d,CBAA,ideal,1.0,clue_search,19,361,4,0.75,271,271,scale_g19_r4_cbaa_topk075,C:\Users\lottj\Desktop\research\decentralized benchmark\topk_filter_study\results\sensitivity_suite\scenarios\clue_g19_n50.csv,1231.8811,01,64,11,53,157.6091,2.4626421875,1.8312499999999998,10.7994,12.8015,12.794181191675074,53,85.1062,1.6057773584905661,11.414,0.1064,157.5027,12.794181191675074,completed
5,dcta_parity_v1,custom,5789862b56c579a63f65129a7c7ce0c99a25e7c55fba998a5a9699fc4a7df60b,03f32103aba060045f2661de3c031f6fbcbc73f46000a9666f166ad349c5805d,CBAA,ideal,1.0,clue_search,19,361,4,0.75,271,271,scale_g19_r4_cbaa_topk075,C:\Users\lottj\Desktop\research\decentralized benchmark\topk_filter_study\results\sensitivity_suite\scenarios\clue_g19_n50.csv,1231.8811,02,51,11,40,155.2421,3.043962745098039,1.9309,10.9859,11.9806,12.602036024418265,40,100.2309,2.5057725,10.4479,0.1069,155.1352,12.602036024418265,completed
5,dcta_parity_v1,custom,5789862b56c579a63f65129a7c7ce0c99a25e7c55fba998a5a9699fc4a7df60b,03f32103aba060045f2661de3c031f6fbcbc73f46000a9666f166ad349c5805d,CBAA,ideal,1.0,clue_search,19,361,4,0.75,271,271,scale_g19_r4_cbaa_topk075,C:\Users\lottj\Desktop\research\decentralized benchmark\topk_filter_study\results\sensitivity_suite\scenarios\clue_g19_n50.csv,1231.8811,03,64,9,55,182.6644,2.85413125,1.84885,10.9964,13.9649,14.82808689897101,55,107.5908,1.9561963636363637,12.0367,0.0784,182.586,14.82808689897101,completed
6,dcta_parity_v1,custom,5789862b56c579a63f65129a7c7ce0c99a25e7c55fba998a5a9699fc4a7df60b,03f32103aba060045f2661de3c031f6fbcbc73f46000a9666f166ad349c5805d,CBAA,ideal,1.0,clue_search,19,361,4,0.75,271,271,scale_g19_r4_cbaa_topk075,C:\Users\lottj\Desktop\research\decentralized benchmark\topk_filter_study\results\sensitivity_suite\scenarios\clue_g19_n50.csv,2151.9361,00,73,2,71,398.21999999999997,5.4550684931506845,3.0847,15.1993,15.903,18.505196320652832,71,251.1378,3.5371521126760563,13.7139,0.0167,398.2033,18.505196320652832,completed
6,dcta_parity_v1,custom,5789862b56c579a63f65129a7c7ce0c99a25e7c55fba998a5a9699fc4a7df60b,03f32103aba060045f2661de3c031f6fbcbc73f46000a9666f166ad349c5805d,CBAA,ideal,1.0,clue_search,19,361,4,0.75,271,271,scale_g19_r4_cbaa_topk075,C:\Users\lottj\Desktop\research\decentralized benchmark\topk_filter_study\results\sensitivity_suite\scenarios\clue_g19_n50.csv,2151.9361,01,56,1,55,323.3023,5.773255357142857,3.27215,15.3374,16.3797,15.023787184015362,55,208.2938,3.78716,14.1634,0.0087,323.2936,15.023787184015362,completed
6,dcta_parity_v1,custom,5789862b56c579a63f65129a7c7ce0c99a25e7c55fba998a5a9699fc4a7df60b,03f32103aba060045f2661de3c031f6fbcbc73f46000a9666f166ad349c5805d,CBAA,ideal,1.0,clue_search,19,361,4,0.75,271,271,scale_g19_r4_cbaa_topk075,C:\Users\lottj\Desktop\research\decentralized benchmark\topk_filter_study\results\sensitivity_suite\scenarios\clue_g19_n50.csv,2151.9361,02,69,2,67,352.9642,5.1154231884057975,3.0589,14.7878,15.809,16.402169190804504,67,213.3142,3.183794029850746,13.6539,0.0324,352.9318,16.402169190804504,completed
6,dcta_parity_v1,custom,5789862b56c579a63f65129a7c7ce0c99a25e7c55fba998a5a9699fc4a7df60b,03f32103aba060045f2661de3c031f6fbcbc73f46000a9666f166ad349c5805d,CBAA,ideal,1.0,clue_search,19,361,4,0.75,271,271,scale_g19_r4_cbaa_topk075,C:\Users\lottj\Desktop\research\decentralized benchmark\topk_filter_study\results\sensitivity_suite\scenarios\clue_g19_n50.csv,2151.9361,03,70,1,69,352.2228,5.031754285714285,3.093,14.3037,16.1693,16.36771649492752,69,208.0344,3.0149913043478263,13.6728,0.0114,352.2114,16.36771649492752,completed
7,dcta_parity_v1,custom,5789862b56c579a63f65129a7c7ce0c99a25e7c55fba998a5a9699fc4a7df60b,03f32103aba060045f2661de3c031f6fbcbc73f46000a9666f166ad349c5805d,CBAA,ideal,1.0,clue_search,19,361,4,0.75,271,271,scale_g19_r4_cbaa_topk075,C:\Users\lottj\Desktop\research\decentralized benchmark\topk_filter_study\results\sensitivity_suite\scenarios\clue_g19_n50.csv,207.9765,00,16,13,3,42.8242,2.6765125,0.010249999999999999,15.3832,15.3832,20.59088406622864,3,36.0394,12.013133333333334,13.3035,0.1388,42.6854,20.59088406622864,completed
7,dcta_parity_v1,custom,5789862b56c579a63f65129a7c7ce0c99a25e7c55fba998a5a9699fc4a7df60b,03f32103aba060045f2661de3c031f6fbcbc73f46000a9666f166ad349c5805d,CBAA,ideal,1.0,clue_search,19,361,4,0.75,271,271,scale_g19_r4_cbaa_topk075,C:\Users\lottj\Desktop\research\decentralized benchmark\topk_filter_study\results\sensitivity_suite\scenarios\clue_g19_n50.csv,207.9765,01,15,12,3,42.3619,2.8241266666666665,0.0139,15.2497,15.2497,20.368599336944317,3,36.8157,12.2719,13.2643,0.1744,42.1875,20.368599336944317,completed
7,dcta_parity_v1,custom,5789862b56c579a63f65129a7c7ce0c99a25e7c55fba998a5a9699fc4a7df60b,03f32103aba060045f2661de3c031f6fbcbc73f46000a9666f166ad349c5805d,CBAA,ideal,1.0,clue_search,19,361,4,0.75,271,271,scale_g19_r4_cbaa_topk075,C:\Users\lottj\Desktop\research\decentralized benchmark\topk_filter_study\results\sensitivity_suite\scenarios\clue_g19_n50.csv,207.9765,02,15,13,2,30.609299999999998,2.0406199999999997,0.0137,15.8319,15.8319,14.717672429336968,2,26.5529,13.27645,13.9636,0.1803,30.429,14.717672429336968,completed
7,dcta_parity_v1,custom,5789862b56c579a63f65129a7c7ce0c99a25e7c55fba998a5a9699fc4a7df60b,03f32103aba060045f2661de3c031f6fbcbc73f46000a9666f166ad349c5805d,CBAA,ideal,1.0,clue_search,19,361,4,0.75,271,271,scale_g19_r4_cbaa_topk075,C:\Users\lottj\Desktop\research\decentralized benchmark\topk_filter_study\results\sensitivity_suite\scenarios\clue_g19_n50.csv,207.9765,03,12,10,2,28.8671,2.4055916666666666,0.01085,16.8921,16.8921,13.879981632540217,2,24.853499999999997,12.426749999999998,14.6786,0.1133,28.7538,13.879981632540217,completed
8,dcta_parity_v1,custom,5789862b56c579a63f65129a7c7ce0c99a25e7c55fba998a5a9699fc4a7df60b,03f32103aba060045f2661de3c031f6fbcbc73f46000a9666f166ad349c5805d,CBAA,ideal,1.0,clue_search,19,361,4,0.75,271,271,scale_g19_r4_cbaa_topk075,C:\Users\lottj\Desktop\research\decentralized benchmark\topk_filter_study\results\sensitivity_suite\scenarios\clue_g19_n50.csv,955.2899,00,48,13,35,105.7905,2.20396875,2.49025,4.747,6.5045,11.07417758734809,35,44.3401,1.26686,4.3651,0.1197,105.6708,11.07417758734809,completed
8,dcta_parity_v1,custom,5789862b56c579a63f65129a7c7ce0c99a25e7c55fba998a5a9699fc4a7df60b,03f32103aba060045f2661de3c031f6fbcbc73f46000a9666f166ad349c5805d,CBAA,ideal,1.0,clue_search,19,361,4,0.75,271,271,scale_g19_r4_cbaa_topk075,C:\Users\lottj\Desktop\research\decentralized benchmark\topk_filter_study\results\sensitivity_suite\scenarios\clue_g19_n50.csv,955.2899,01,58,12,46,134.8578,2.3251344827586204,2.51715,4.7678,6.6673,14.116950257717578,45,55.236,1.2274666666666667,4.4542,0.1243,134.7335,14.116950257717578,completed
8,dcta_parity_v1,custom,5789862b56c579a63f65129a7c7ce0c99a25e7c55fba998a5a9699fc4a7df60b,03f32103aba060045f2661de3c031f6fbcbc73f46000a9666f166ad349c5805d,CBAA,ideal,1.0,clue_search,19,361,4,0.75,271,271,scale_g19_r4_cbaa_topk075,C:\Users\lottj\Desktop\research\decentralized benchmark\topk_filter_study\results\sensitivity_suite\scenarios\clue_g19_n50.csv,955.2899,02,53,12,41,130.2093,2.4567792452830193,2.5818,4.9377,7.1861,13.63034404529976,41,57.0512,1.3914926829268293,5.0201,0.1215,130.0878,13.63034404529976,completed
8,dcta_parity_v1,custom,5789862b56c579a63f65129a7c7ce0c99a25e7c55fba998a5a9699fc4a7df60b,03f32103aba060045f2661de3c031f6fbcbc73f46000a9666f166ad349c5805d,CBAA,ideal,1.0,clue_search,19,361,4,0.75,271,271,scale_g19_r4_cbaa_topk075,C:\Users\lottj\Desktop\research\decentralized benchmark\topk_filter_study\results\sensitivity_suite\scenarios\clue_g19_n50.csv,955.2899,03,53,11,42,142.718,2.6927924528301883,2.5703,6.6526,7.6635,14.939758077626488,42,68.3258,1.6268047619047619,5.364,0.0874,142.6306,14.939758077626488,completed
9,dcta_parity_v1,custom,5789862b56c579a63f65129a7c7ce0c99a25e7c55fba998a5a9699fc4a7df60b,03f32103aba060045f2661de3c031f6fbcbc73f46000a9666f166ad349c5805d,CBAA,ideal,1.0,clue_search,19,361,4,0.75,271,271,scale_g19_r4_cbaa_topk075,C:\Users\lottj\Desktop\research\decentralized benchmark\topk_filter_study\results\sensitivity_suite\scenarios\clue_g19_n50.csv,1907.2666,00,72,7,65,242.2326,3.3643416666666663,2.8810000000000002,8.7422,10.5062,12.700510772851576,65,108.80760000000001,1.673963076923077,8.519,0.0665,242.1661,12.700510772851576,completed
9,dcta_parity_v1,custom,5789862b56c579a63f65129a7c7ce0c99a25e7c55fba998a5a9699fc4a7df60b,03f32103aba060045f2661de3c031f6fbcbc73f46000a9666f166ad349c5805d,CBAA,ideal,1.0,clue_search,19,361,4,0.75,271,271,scale_g19_r4_cbaa_topk075,C:\Users\lottj\Desktop\research\decentralized benchmark\topk_filter_study\results\sensitivity_suite\scenarios\clue_g19_n50.csv,1907.2666,01,77,7,70,259.8664,3.3748883116883115,2.8786,8.8131,11.1948,13.625069510471164,70,114.6711,1.6381585714285714,9.1936,0.0923,259.7741,13.625069510471164,completed
9,dcta_parity_v1,custom,5789862b56c579a63f65129a7c7ce0c99a25e7c55fba998a5a9699fc4a7df60b,03f32103aba060045f2661de3c031f6fbcbc73f46000a9666f166ad349c5805d,CBAA,ideal,1.0,clue_search,19,361,4,0.75,271,271,scale_g19_r4_cbaa_topk075,C:\Users\lottj\Desktop\research\decentralized benchmark\topk_filter_study\results\sensitivity_suite\scenarios\clue_g19_n50.csv,1907.2666,02,65,7,58,230.1065,3.5401000000000002,2.9296,8.7803,11.5214,12.064726556843182,58,110.3382,1.9023827586206896,9.5093,0.1341,229.9724,12.064726556843182,completed
9,dcta_parity_v1,custom,5789862b56c579a63f65129a7c7ce0c99a25e7c55fba998a5a9699fc4a7df60b,03f32103aba060045f2661de3c031f6fbcbc73f46000a9666f166ad349c5805d,CBAA,ideal,1.0,clue_search,19,361,4,0.75,271,271,scale_g19_r4_cbaa_topk075,C:\Users\lottj\Desktop\research\decentralized benchmark\topk_filter_study\results\sensitivity_suite\scenarios\clue_g19_n50.csv,1907.2666,03,78,5,73,308.0732,3.9496564102564102,3.0675,9.0518,11.7235,16.152602892537416,73,156.929,2.1497123287671234,9.7161,0.057,308.0162,16.152602892537416,completed
10,dcta_parity_v1,custom,5789862b56c579a63f65129a7c7ce0c99a25e7c55fba998a5a9699fc4a7df60b,03f32103aba060045f2661de3c031f6fbcbc73f46000a9666f166ad349c5805d,CBAA,ideal,1.0,clue_search,19,361,4,0.75,271,271,scale_g19_r4_cbaa_topk075,C:\Users\lottj\Desktop\research\decentralized benchmark\topk_filter_study\results\sensitivity_suite\scenarios\clue_g19_n50.csv,1322.5206,00,57,11,46,301.3137,5.286205263157894,2.9625,16.1927,17.0653,22.783289727207272,46,210.3748,4.573365217391304,14.9519,0.1234,301.1903,22.783289727207272,completed
10,dcta_parity_v1,custom,5789862b56c579a63f65129a7c7ce0c99a25e7c55fba998a5a9699fc4a7df60b,03f32103aba060045f2661de3c031f6fbcbc73f46000a9666f166ad349c5805d,CBAA,ideal,1.0,clue_search,19,361,4,0.75,271,271,scale_g19_r4_cbaa_topk075,C:\Users\lottj\Desktop\research\decentralized benchmark\topk_filter_study\results\sensitivity_suite\scenarios\clue_g19_n50.csv,1322.5206,01,50,11,39,211.01670000000001,4.220334,2.9265499999999998,15.8095,17.0596,15.955645605822701,39,133.7232,3.4288,15.1951,0.1483,210.8684,15.955645605822701,completed
10,dcta_parity_v1,custom,5789862b56c579a63f65129a7c7ce0c99a25e7c55fba998a5a9699fc4a7df60b,03f32103aba060045f2661de3c031f6fbcbc73f46000a9666f166ad349c5805d,CBAA,ideal,1.0,clue_search,19,361,4,0.75,271,271,scale_g19_r4_cbaa_topk075,C:\Users\lottj\Desktop\research\decentralized benchmark\topk_filter_study\results\sensitivity_suite\scenarios\clue_g19_n50.csv,1322.5206,02,42,11,31,220.081,5.24002380952381,2.8701,17.0392,17.6953,16.64102623429835,31,157.0432,5.065909677419355,15.8564,0.1549,219.9261,16.64102623429835,completed
10,dcta_parity_v1,custom,5789862b56c579a63f65129a7c7ce0c99a25e7c55fba998a5a9699fc4a7df60b,03f32103aba060045f2661de3c031f6fbcbc73f46000a9666f166ad349c5805d,CBAA,ideal,1.0,clue_search,19,361,4,0.75,271,271,scale_g19_r4_cbaa_topk075,C:\Users\lottj\Desktop\research\decentralized benchmark\topk_filter_study\results\sensitivity_suite\scenarios\clue_g19_n50.csv,1322.5206,03,40,9,31,172.318,4.30795,2.84575,15.5471,16.74,13.029513491132011,31,110.9362,3.5785870967741937,14.6583,0.1124,172.2056,13.029513491132011,completed
11,dcta_parity_v1,custom,5789862b56c579a63f65129a7c7ce0c99a25e7c55fba998a5a9699fc4a7df60b,03f32103aba060045f2661de3c031f6fbcbc73f46000a9666f166ad349c5805d,CBAA,ideal,1.0,clue_search,19,361,4,0.75,271,271,scale_g19_r4_cbaa_topk075,C:\Users\lottj\Desktop\research\decentralized benchmark\topk_filter_study\results\sensitivity_suite\scenarios\clue_g19_n50.csv,645.3985,00,81,50,31,52.164500000000004,0.6440061728395062,0.0153,1.9398,2.1925,8.08252575734217,31,17.4555,0.5630806451612903,0.8315,0.655,51.5095,8.08252575734217,completed
11,dcta_parity_v1,custom,5789862b56c579a63f65129a7c7ce0c99a25e7c55fba998a5a9699fc4a7df60b,03f32103aba060045f2661de3c031f6fbcbc73f46000a9666f166ad349c5805d,CBAA,ideal,1.0,clue_search,19,361,4,0.75,271,271,scale_g19_r4_cbaa_topk075,C:\Users\lottj\Desktop\research\decentralized benchmark\topk_filter_study\results\sensitivity_suite\scenarios\clue_g19_n50.csv,645.3985,01,77,50,27,45.8716,0.5957350649350649,0.018,1.9515,2.4622,7.107484755542505,27,15.6202,0.578525925925926,0.9684,0.7984,45.0732,7.107484755542505,completed
11,dcta_parity_v1,custom,5789862b56c579a63f65129a7c7ce0c99a25e7c55fba998a5a9699fc4a7df60b,03f32103aba060045f2661de3c031f6fbcbc73f46000a9666f166ad349c5805d,CBAA,ideal,1.0,clue_search,19,361,4,0.75,271,271,scale_g19_r4_cbaa_topk075,C:\Users\lottj\Desktop\research\decentralized benchmark\topk_filter_study\results\sensitivity_suite\scenarios\clue_g19_n50.csv,645.3985,02,86,51,35,58.2121,0.6768848837209303,0.0186,1.9195,2.3862,9.019559233558802,35,19.6551,0.5615742857142857,0.9115,0.757,57.4551,9.019559233558802,completed
11,dcta_parity_v1,custom,5789862b56c579a63f65129a7c7ce0c99a25e7c55fba998a5a9699fc4a7df60b,03f32103aba060045f2661de3c031f6fbcbc73f46000a9666f166ad349c5805d,CBAA,ideal,1.0,clue_search,19,361,4,0.75,271,271,scale_g19_r4_cbaa_topk075,C:\Users\lottj\Desktop\research\decentralized benchmark\topk_filter_study\results\sensitivity_suite\scenarios\clue_g19_n50.csv,645.3985,03,76,48,28,47.8635,0.6297828947368421,0.01565,1.9653,2.1064,7.416115779630725,28,16.5085,0.5895892857142858,0.9017,0.7708,47.0927,7.416115779630725,completed
12,dcta_parity_v1,custom,5789862b56c579a63f65129a7c7ce0c99a25e7c55fba998a5a9699fc4a7df60b,03f32103aba060045f2661de3c031f6fbcbc73f46000a9666f166ad349c5805d,CBAA,ideal,1.0,clue_search,19,361,4,0.75,271,271,scale_g19_r4_cbaa_topk075,C:\Users\lottj\Desktop\research\decentralized benchmark\topk_filter_study\results\sensitivity_suite\scenarios\clue_g19_n50.csv,356.8543,00,30,20,10,49.7172,1.65724,0.00995,12.5097,13.0006,13.932072557343432,10,30.240299999999998,3.0240299999999998,11.0762,0.1983,49.5189,13.932072557343432,completed
12,dcta_parity_v1,custom,5789862b56c579a63f65129a7c7ce0c99a25e7c55fba998a5a9699fc4a7df60b,03f32103aba060045f2661de3c031f6fbcbc73f46000a9666f166ad349c5805d,CBAA,ideal,1.0,clue_search,19,361,4,0.75,271,271,scale_g19_r4_cbaa_topk075,C:\Users\lottj\Desktop\research\decentralized benchmark\topk_filter_study\results\sensitivity_suite\scenarios\clue_g19_n50.csv,356.8543,01,27,19,8,54.2375,2.008796296296296,0.014,13.2136,13.2784,15.198780006293884,8,38.6798,4.834975,11.3648,0.2501,53.9874,15.198780006293884,completed
12,dcta_parity_v1,custom,5789862b56c579a63f65129a7c7ce0c99a25e7c55fba998a5a9699fc4a7df60b,03f32103aba060045f2661de3c031f6fbcbc73f46000a9666f166ad349c5805d,CBAA,ideal,1.0,clue_search,19,361,4,0.75,271,271,scale_g19_r4_cbaa_topk075,C:\Users\lottj\Desktop\research\decentralized benchmark\topk_filter_study\results\sensitivity_suite\scenarios\clue_g19_n50.csv,356.8543,02,27,20,7,52.5663,1.9468999999999999,0.0138,13.2719,13.9141,14.730465627007996,7,38.6298,5.518542857142857,11.896,0.2723,52.294,14.730465627007996,completed
12,dcta_parity_v1,custom,5789862b56c579a63f65129a7c7ce0c99a25e7c55fba998a5a9699fc4a7df60b,03f32103aba060045f2661de3c031f6fbcbc73f46000a9666f166ad349c5805d,CBAA,ideal,1.0,clue_search,19,361,4,0.75,271,271,scale_g19_r4_cbaa_topk075,C:\Users\lottj\Desktop\research\decentralized benchmark\topk_filter_study\results\sensitivity_suite\scenarios\clue_g19_n50.csv,356.8543,03,25,17,8,56.494,2.25976,0.0116,13.8623,14.0243,15.83111090436629,8,40.5944,5.0743,12.0487,0.1898,56.3042,15.83111090436629,completed
13,dcta_parity_v1,custom,5789862b56c579a63f65129a7c7ce0c99a25e7c55fba998a5a9699fc4a7df60b,03f32103aba060045f2661de3c031f6fbcbc73f46000a9666f166ad349c5805d,CBAA,ideal,1.0,clue_search,19,361,4,0.75,271,271,scale_g19_r4_cbaa_topk075,C:\Users\lottj\Desktop\research\decentralized benchmark\topk_filter_study\results\sensitivity_suite\scenarios\clue_g19_n50.csv,18.9835,00,7,7,0,0.0724,0.010342857142857143,0.0097,0.0129,0.0129,0.3813838333289436,0,0.0,0.0,0.0,0.0724,0.0,0.3813838333289436,completed
13,dcta_parity_v1,custom,5789862b56c579a63f65129a7c7ce0c99a25e7c55fba998a5a9699fc4a7df60b,03f32103aba060045f2661de3c031f6fbcbc73f46000a9666f166ad349c5805d,CBAA,ideal,1.0,clue_search,19,361,4,0.75,271,271,scale_g19_r4_cbaa_topk075,C:\Users\lottj\Desktop\research\decentralized benchmark\topk_filter_study\results\sensitivity_suite\scenarios\clue_g19_n50.csv,18.9835,01,6,6,0,0.0852,0.014199999999999999,0.01395,0.0178,0.0178,0.44881080938709933,0,0.0,0.0,0.0,0.0852,0.0,0.44881080938709933,completed
13,dcta_parity_v1,custom,5789862b56c579a63f65129a7c7ce0c99a25e7c55fba998a5a9699fc4a7df60b,03f32103aba060045f2661de3c031f6fbcbc73f46000a9666f166ad349c5805d,CBAA,ideal,1.0,clue_search,19,361,4,0.75,271,271,scale_g19_r4_cbaa_topk075,C:\Users\lottj\Desktop\research\decentralized benchmark\topk_filter_study\results\sensitivity_suite\scenarios\clue_g19_n50.csv,18.9835,02,7,7,0,0.1073,0.01532857142857143,0.0144,0.0242,0.0242,0.5652276977375089,0,0.0,0.0,0.0,0.1073,0.0,0.5652276977375089,completed
13,dcta_parity_v1,custom,5789862b56c579a63f65129a7c7ce0c99a25e7c55fba998a5a9699fc4a7df60b,03f32103aba060045f2661de3c031f6fbcbc73f46000a9666f166ad349c5805d,CBAA,ideal,1.0,clue_search,19,361,4,0.75,271,271,scale_g19_r4_cbaa_topk075,C:\Users\lottj\Desktop\research\decentralized benchmark\topk_filter_study\results\sensitivity_suite\scenarios\clue_g19_n50.csv,18.9835,03,5,5,0,0.0583,0.01166,0.0112,0.0151,0.0151,0.30710880501488136,0,0.0,0.0,0.0,0.0583,0.0,0.30710880501488136,completed
14,dcta_parity_v1,custom,5789862b56c579a63f65129a7c7ce0c99a25e7c55fba998a5a9699fc4a7df60b,03f32103aba060045f2661de3c031f6fbcbc73f46000a9666f166ad349c5805d,CBAA,ideal,1.0,clue_search,19,361,4,0.75,271,271,scale_g19_r4_cbaa_topk075,C:\Users\lottj\Desktop\research\decentralized benchmark\topk_filter_study\results\sensitivity_suite\scenarios\clue_g19_n50.csv,2222.5524,00,86,7,79,405.9504,4.720353488372093,2.8076,16.8591,17.6092,18.265054178250196,79,247.9437,3.138527848101266,15.2714,0.0765,405.8739,18.265054178250196,completed
14,dcta_parity_v1,custom,5789862b56c579a63f65129a7c7ce0c99a25e7c55fba998a5a9699fc4a7df60b,03f32103aba060045f2661de3c031f6fbcbc73f46000a9666f166ad349c5805d,CBAA,ideal,1.0,clue_search,19,361,4,0.75,271,271,scale_g19_r4_cbaa_topk075,C:\Users\lottj\Desktop\research\decentralized benchmark\topk_filter_study\results\sensitivity_suite\scenarios\clue_g19_n50.csv,2222.5524,01,79,6,73,322.1585,4.077955696202531,2.7344,15.3792,18.0564,14.49497883604454,73,180.2581,2.4692890410958905,15.7165,0.0974,322.0611,14.49497883604454,completed
14,dcta_parity_v1,custom,5789862b56c579a63f65129a7c7ce0c99a25e7c55fba998a5a9699fc4a7df60b,03f32103aba060045f2661de3c031f6fbcbc73f46000a9666f166ad349c5805d,CBAA,ideal,1.0,clue_search,19,361,4,0.75,271,271,scale_g19_r4_cbaa_topk075,C:\Users\lottj\Desktop\research\decentralized benchmark\topk_filter_study\results\sensitivity_suite\scenarios\clue_g19_n50.csv,2222.5524,02,77,7,70,294.9751,3.8308454545454547,2.7067,15.4635,18.4383,13.271907559974737,70,159.3742,2.2767742857142856,15.762,0.0999,294.8752,13.271907559974737,completed
14,dcta_parity_v1,custom,5789862b56c579a63f65129a7c7ce0c99a25e7c55fba998a5a9699fc4a7df60b,03f32103aba060045f2661de3c031f6fbcbc73f46000a9666f166ad349c5805d,CBAA,ideal,1.0,clue_search,19,361,4,0.75,271,271,scale_g19_r4_cbaa_topk075,C:\Users\lottj\Desktop\research\decentralized benchmark\topk_filter_study\results\sensitivity_suite\scenarios\clue_g19_n50.csv,2222.5524,03,66,4,62,292.8778,4.437542424242424,2.835,14.9848,16.6665,13.177543080649077,62,170.9373,2.7570532258064513,14.533,0.0456,292.8322,13.177543080649077,completed
15,dcta_parity_v1,custom,5789862b56c579a63f65129a7c7ce0c99a25e7c55fba998a5a9699fc4a7df60b,03f32103aba060045f2661de3c031f6fbcbc73f46000a9666f166ad349c5805d,CBAA,ideal,1.0,clue_search,19,361,4,0.75,271,271,scale_g19_r4_cbaa_topk075,C:\Users\lottj\Desktop\research\decentralized benchmark\topk_filter_study\results\sensitivity_suite\scenarios\clue_g19_n50.csv,590.7912,00,57,31,26,62.4827,1.0961877192982457,0.0115,2.7596,2.8608,10.576105398997143,26,21.0049,0.8078807692307692,1.0406,0.3208,62.1619,10.576105398997143,completed
15,dcta_parity_v1,custom,5789862b56c579a63f65129a7c7ce0c99a25e7c55fba998a5a9699fc4a7df60b,03f32103aba060045f2661de3c031f6fbcbc73f46000a9666f166ad349c5805d,CBAA,ideal,1.0,clue_search,19,361,4,0.75,271,271,scale_g19_r4_cbaa_topk075,C:\Users\lottj\Desktop\research\decentralized benchmark\topk_filter_study\results\sensitivity_suite\scenarios\clue_g19_n50.csv,590.7912,01,55,31,24,58.9344,1.0715345454545453,0.0126,2.8936,3.0047,9.975504035943663,24,20.0691,0.8362124999999999,1.0505,0.3623,58.5721,9.975504035943663,completed
15,dcta_parity_v1,custom,5789862b56c579a63f65129a7c7ce0c99a25e7c55fba998a5a9699fc4a7df60b,03f32103aba060045f2661de3c031f6fbcbc73f46000a9666f166ad349c5805d,CBAA,ideal,1.0,clue_search,19,361,4,0.75,271,271,scale_g19_r4_cbaa_topk075,C:\Users\lottj\Desktop\research\decentralized benchmark\topk_filter_study\results\sensitivity_suite\scenarios\clue_g19_n50.csv,590.7912,02,55,31,24,60.9608,1.1083781818181817,0.0126,2.8494,3.1318,10.318501697384795,24,20.4635,0.8526458333333333,1.0615,0.3724,60.5884,10.318501697384795,completed
15,dcta_parity_v1,custom,5789862b56c579a63f65129a7c7ce0c99a25e7c55fba998a5a9699fc4a7df60b,03f32103aba060045f2661de3c031f6fbcbc73f46000a9666f166ad349c5805d,CBAA,ideal,1.0,clue_search,19,361,4,0.75,271,271,scale_g19_r4_cbaa_topk075,C:\Users\lottj\Desktop\research\decentralized benchmark\topk_filter_study\results\sensitivity_suite\scenarios\clue_g19_n50.csv,590.7912,03,57,29,28,69.59009999999999,1.220878947368421,0.0181,2.8965,3.0344,11.779136182123226,28,23.8926,0.8533071428571429,1.087,0.2877,69.3024,11.779136182123226,completed
16,dcta_parity_v1,custom,5789862b56c579a63f65129a7c7ce0c99a25e7c55fba998a5a9699fc4a7df60b,03f32103aba060045f2661de3c031f6fbcbc73f46000a9666f166ad349c5805d,CBAA,ideal,1.0,clue_search,19,361,4,0.75,271,271,scale_g19_r4_cbaa_topk075,C:\Users\lottj\Desktop\research\decentralized benchmark\topk_filter_study\results\sensitivity_suite\scenarios\clue_g19_n50.csv,1353.7986,00,40,6,34,235.0753,5.8768825,3.29425,17.4286,17.7949,17.364126392212253,34,160.8965,4.7322500000000005,15.3746,0.0613,235.01399999999998,17.364126392212253,completed
16,dcta_parity_v1,custom,5789862b56c579a63f65129a7c7ce0c99a25e7c55fba998a5a9699fc4a7df60b,03f32103aba060045f2661de3c031f6fbcbc73f46000a9666f166ad349c5805d,CBAA,ideal,1.0,clue_search,19,361,4,0.75,271,271,scale_g19_r4_cbaa_topk075,C:\Users\lottj\Desktop\research\decentralized benchmark\topk_filter_study\results\sensitivity_suite\scenarios\clue_g19_n50.csv,1353.7986,01,40,6,34,224.9244,5.62311,3.31545,16.6438,17.5386,16.614317668817208,34,151.0716,4.443282352941176,14.9868,0.0813,224.8431,16.614317668817208,completed
16,dcta_parity_v1,custom,5789862b56c579a63f65129a7c7ce0c99a25e7c55fba998a5a9699fc4a7df60b,03f32103aba060045f2661de3c031f6fbcbc73f46000a9666f166ad349c5805d,CBAA,ideal,1.0,clue_search,19,361,4,0.75,271,271,scale_g19_r4_cbaa_topk075,C:\Users\lottj\Desktop\research\decentralized benchmark\topk_filter_study\results\sensitivity_suite\scenarios\clue_g19_n50.csv,1353.7986,02,41,7,34,211.9251,5.16890487804878,3.245,12.3449,17.5461,15.654108373283883,34,137.7468,4.051376470588235,15.5165,0.1072,211.8179,15.654108373283883,completed
16,dcta_parity_v1,custom,5789862b56c579a63f65129a7c7ce0c99a25e7c55fba998a5a9699fc4a7df60b,03f32103aba060045f2661de3c031f6fbcbc73f46000a9666f166ad349c5805d,CBAA,ideal,1.0,clue_search,19,361,4,0.75,271,271,scale_g19_r4_cbaa_topk075,C:\Users\lottj\Desktop\research\decentralized benchmark\topk_filter_study\results\sensitivity_suite\scenarios\clue_g19_n50.csv,1353.7986,03,36,4,32,216.6156,6.0171,3.39055,16.6422,17.1208,16.00057792939068,32,146.7274,4.58523125,14.8915,0.049100000000000005,216.5665,16.00057792939068,completed
17,dcta_parity_v1,custom,5789862b56c579a63f65129a7c7ce0c99a25e7c55fba998a5a9699fc4a7df60b,03f32103aba060045f2661de3c031f6fbcbc73f46000a9666f166ad349c5805d,CBAA,ideal,1.0,clue_search,19,361,4,0.75,271,271,scale_g19_r4_cbaa_topk075,C:\Users\lottj\Desktop\research\decentralized benchmark\topk_filter_study\results\sensitivity_suite\scenarios\clue_g19_n50.csv,3.0746,00,1,1,0,0.0109,0.0109,0.0109,0.0109,0.0109,0.3545176608339296,0,0.0,0.0,0.0,0.0109,0.0,0.3545176608339296,completed
17,dcta_parity_v1,custom,5789862b56c579a63f65129a7c7ce0c99a25e7c55fba998a5a9699fc4a7df60b,03f32103aba060045f2661de3c031f6fbcbc73f46000a9666f166ad349c5805d,CBAA,ideal,1.0,clue_search,19,361,4,0.75,271,271,scale_g19_r4_cbaa_topk075,C:\Users\lottj\Desktop\research\decentralized benchmark\topk_filter_study\results\sensitivity_suite\scenarios\clue_g19_n50.csv,3.0746,01,1,1,0,0.0115,0.0115,0.0115,0.0115,0.0115,0.3740323944578156,0,0.0,0.0,0.0,0.0115,0.0,0.3740323944578156,completed
17,dcta_parity_v1,custom,5789862b56c579a63f65129a7c7ce0c99a25e7c55fba998a5a9699fc4a7df60b,03f32103aba060045f2661de3c031f6fbcbc73f46000a9666f166ad349c5805d,CBAA,ideal,1.0,clue_search,19,361,4,0.75,271,271,scale_g19_r4_cbaa_topk075,C:\Users\lottj\Desktop\research\decentralized benchmark\topk_filter_study\results\sensitivity_suite\scenarios\clue_g19_n50.csv,3.0746,02,1,1,0,0.0109,0.0109,0.0109,0.0109,0.0109,0.3545176608339296,0,0.0,0.0,0.0,0.0109,0.0,0.3545176608339296,completed
17,dcta_parity_v1,custom,5789862b56c579a63f65129a7c7ce0c99a25e7c55fba998a5a9699fc4a7df60b,03f32103aba060045f2661de3c031f6fbcbc73f46000a9666f166ad349c5805d,CBAA,ideal,1.0,clue_search,19,361,4,0.75,271,271,scale_g19_r4_cbaa_topk075,C:\Users\lottj\Desktop\research\decentralized benchmark\topk_filter_study\results\sensitivity_suite\scenarios\clue_g19_n50.csv,3.0746,03,1,1,0,0.0268,0.0268,0.0268,0.0268,0.0268,0.8716581018669095,0,0.0,0.0,0.0,0.0268,0.0,0.8716581018669095,completed
18,dcta_parity_v1,custom,5789862b56c579a63f65129a7c7ce0c99a25e7c55fba998a5a9699fc4a7df60b,03f32103aba060045f2661de3c031f6fbcbc73f46000a9666f166ad349c5805d,CBAA,ideal,1.0,clue_search,19,361,4,0.75,271,271,scale_g19_r4_cbaa_topk075,C:\Users\lottj\Desktop\research\decentralized benchmark\topk_filter_study\results\sensitivity_suite\scenarios\clue_g19_n50.csv,468.5275,00,85,66,19,24.2245,0.2849941176470588,0.0132,1.2819,1.5504,5.170347524958514,19,8.9431,0.4706894736842105,0.638,0.8672,23.357300000000002,5.170347524958514,completed
18,dcta_parity_v1,custom,5789862b56c579a63f65129a7c7ce0c99a25e7c55fba998a5a9699fc4a7df60b,03f32103aba060045f2661de3c031f6fbcbc73f46000a9666f166ad349c5805d,CBAA,ideal,1.0,clue_search,19,361,4,0.75,271,271,scale_g19_r4_cbaa_topk075,C:\Users\lottj\Desktop\research\decentralized benchmark\topk_filter_study\results\sensitivity_suite\scenarios\clue_g19_n50.csv,468.5275,01,78,58,20,25.3731,0.32529615384615385,0.015550000000000001,1.3983,1.4931,5.415498556648222,20,9.480599999999999,0.47402999999999995,0.6636,0.8783,24.4948,5.415498556648222,completed
18,dcta_parity_v1,custom,5789862b56c579a63f65129a7c7ce0c99a25e7c55fba998a5a9699fc4a7df60b,03f32103aba060045f2661de3c031f6fbcbc73f46000a9666f166ad349c5805d,CBAA,ideal,1.0,clue_search,19,361,4,0.75,271,271,scale_g19_r4_cbaa_topk075,C:\Users\lottj\Desktop\research\decentralized benchmark\topk_filter_study\results\sensitivity_suite\scenarios\clue_g19_n50.csv,468.5275,02,81,57,24,29.7663,0.3674851851851852,0.0151,1.2835,1.4446,6.353159633105848,24,10.9829,0.45762083333333337,0.6248,0.8405,28.9258,6.353159633105848,completed
18,dcta_parity_v1,custom,5789862b56c579a63f65129a7c7ce0c99a25e7c55fba998a5a9699fc4a7df60b,03f32103aba060045f2661de3c031f6fbcbc73f46000a9666f166ad349c5805d,CBAA,ideal,1.0,clue_search,19,361,4,0.75,271,271,scale_g19_r4_cbaa_topk075,C:\Users\lottj\Desktop\research\decentralized benchmark\topk_filter_study\results\sensitivity_suite\scenarios\clue_g19_n50.csv,468.5275,03,83,64,19,24.2798,0.29252771084337353,0.0131,1.3171,1.6166,5.1821504607520374,19,9.1403,0.4810684210526316,0.766,0.8169,23.4629,5.1821504607520374,completed
19,dcta_parity_v1,custom,5789862b56c579a63f65129a7c7ce0c99a25e7c55fba998a5a9699fc4a7df60b,03f32103aba060045f2661de3c031f6fbcbc73f46000a9666f166ad349c5805d,CBAA,ideal,1.0,clue_search,19,361,4,0.75,271,271,scale_g19_r4_cbaa_topk075,C:\Users\lottj\Desktop\research\decentralized benchmark\topk_filter_study\results\sensitivity_suite\scenarios\clue_g19_n50.csv,1056.7001,00,64,20,44,139.7999,2.1843734375,2.5715,3.3316,10.098,13.229855850302277,44,58.597,1.33175,8.1707,0.2076,139.5923,13.229855850302277,completed
19,dcta_parity_v1,custom,5789862b56c579a63f65129a7c7ce0c99a25e7c55fba998a5a9699fc4a7df60b,03f32103aba060045f2661de3c031f6fbcbc73f46000a9666f166ad349c5805d,CBAA,ideal,1.0,clue_search,19,361,4,0.75,271,271,scale_g19_r4_cbaa_topk075,C:\Users\lottj\Desktop\research\decentralized benchmark\topk_filter_study\results\sensitivity_suite\scenarios\clue_g19_n50.csv,1056.7001,01,63,20,43,133.1487,2.1134714285714282,2.6468,3.2447,10.184,12.600424661642409,43,52.5874,1.2229627906976746,8.27,0.3029,132.8458,12.600424661642409,completed
19,dcta_parity_v1,custom,5789862b56c579a63f65129a7c7ce0c99a25e7c55fba998a5a9699fc4a7df60b,03f32103aba060045f2661de3c031f6fbcbc73f46000a9666f166ad349c5805d,CBAA,ideal,1.0,clue_search,19,361,4,0.75,271,271,scale_g19_r4_cbaa_topk075,C:\Users\lottj\Desktop\research\decentralized benchmark\topk_filter_study\results\sensitivity_suite\scenarios\clue_g19_n50.csv,1056.7001,02,67,20,47,151.9141,2.2673746268656716,2.6678,3.3255,10.7276,14.376273835878315,47,64.0777,1.363355319148936,8.7159,0.256,151.6581,14.376273835878315,completed
19,dcta_parity_v1,custom,5789862b56c579a63f65129a7c7ce0c99a25e7c55fba998a5a9699fc4a7df60b,03f32103aba060045f2661de3c031f6fbcbc73f46000a9666f166ad349c5805d,CBAA,ideal,1.0,clue_search,19,361,4,0.75,271,271,scale_g19_r4_cbaa_topk075,C:\Users\lottj\Desktop\research\decentralized benchmark\topk_filter_study\results\sensitivity_suite\scenarios\clue_g19_n50.csv,1056.7001,03,65,18,47,144.7712,2.227249230769231,2.7049,3.1944,10.8049,13.700310996469101,47,57.242,1.2179148936170212,8.8965,0.2021,144.5691,13.700310996469101,completed
20,dcta_parity_v1,custom,5789862b56c579a63f65129a7c7ce0c99a25e7c55fba998a5a9699fc4a7df60b,03f32103aba060045f2661de3c031f6fbcbc73f46000a9666f166ad349c5805d,CBAA,ideal,1.0,clue_search,19,361,4,0.75,271,271,scale_g19_r4_cbaa_topk075,C:\Users\lottj\Desktop\research\decentralized benchmark\topk_filter_study\results\sensitivity_suite\scenarios\clue_g19_n50.csv,1322.5834,00,26,2,24,214.3343,8.243626923076924,9.747,14.9988,15.5988,16.205730390990844,24,161.98160000000001,6.749233333333334,13.4701,0.0263,214.308,16.205730390990844,completed
20,dcta_parity_v1,custom,5789862b56c579a63f65129a7c7ce0c99a25e7c55fba998a5a9699fc4a7df60b,03f32103aba060045f2661de3c031f6fbcbc73f46000a9666f166ad349c5805d,CBAA,ideal,1.0,clue_search,19,361,4,0.75,271,271,scale_g19_r4_cbaa_topk075,C:\Users\lottj\Desktop\research\decentralized benchmark\topk_filter_study\results\sensitivity_suite\scenarios\clue_g19_n50.csv,1322.5834,01,29,2,27,212.9227,7.342162068965517,8.2645,15.225,15.3769,16.09899988159537,27,156.9414,5.812644444444444,13.3018,0.0269,212.8958,16.09899988159537,completed
20,dcta_parity_v1,custom,5789862b56c579a63f65129a7c7ce0c99a25e7c55fba998a5a9699fc4a7df60b,03f32103aba060045f2661de3c031f6fbcbc73f46000a9666f166ad349c5805d,CBAA,ideal,1.0,clue_search,19,361,4,0.75,271,271,scale_g19_r4_cbaa_topk075,C:\Users\lottj\Desktop\research\decentralized benchmark\topk_filter_study\results\sensitivity_suite\scenarios\clue_g19_n50.csv,1322.5834,02,32,2,30,260.1966,8.13114375,8.8141,15.5853,15.6482,19.673360485244256,30,195.1604,6.505346666666667,13.5455,0.0346,260.162,19.673360485244256,completed
20,dcta_parity_v1,custom,5789862b56c579a63f65129a7c7ce0c99a25e7c55fba998a5a9699fc4a7df60b,03f32103aba060045f2661de3c031f6fbcbc73f46000a9666f166ad349c5805d,CBAA,ideal,1.0,clue_search,19,361,4,0.75,271,271,scale_g19_r4_cbaa_topk075,C:\Users\lottj\Desktop\research\decentralized benchmark\topk_filter_study\results\sensitivity_suite\scenarios\clue_g19_n50.csv,1322.5834,03,29,1,28,246.2468,8.491268965517241,10.0821,15.0428,15.7486,18.618621706578203,28,184.6745,6.595517857142857,13.5792,0.0157,246.2311,18.618621706578203,completed
21,dcta_parity_v1,custom,5789862b56c579a63f65129a7c7ce0c99a25e7c55fba998a5a9699fc4a7df60b,03f32103aba060045f2661de3c031f6fbcbc73f46000a9666f166ad349c5805d,CBAA,ideal,1.0,clue_search,19,361,4,0.75,271,271,scale_g19_r4_cbaa_topk075,C:\Users\lottj\Desktop\research\decentralized benchmark\topk_filter_study\results\sensitivity_suite\scenarios\clue_g19_n50.csv,169.8245,00,41,38,3,8.1952,0.19988292682926828,0.0131,2.5135,2.6354,4.82568769523832,3,2.8131,0.9377,0.9735,0.49319999999999997,7.702,4.82568769523832,completed
21,dcta_parity_v1,custom,5789862b56c579a63f65129a7c7ce0c99a25e7c55fba998a5a9699fc4a7df60b,03f32103aba060045f2661de3c031f6fbcbc73f46000a9666f166ad349c5805d,CBAA,ideal,1.0,clue_search,19,361,4,0.75,271,271,scale_g19_r4_cbaa_topk075,C:\Users\lottj\Desktop\research\decentralized benchmark\topk_filter_study\results\sensitivity_suite\scenarios\clue_g19_n50.csv,169.8245,01,41,38,3,7.933199999999999,0.19349268292682925,0.0153,2.3476,2.5201,4.671410779952245,3,3.0526,1.0175333333333334,1.1276,0.58,7.353199999999999,4.671410779952245,completed
21,dcta_parity_v1,custom,5789862b56c579a63f65129a7c7ce0c99a25e7c55fba998a5a9699fc4a7df60b,03f32103aba060045f2661de3c031f6fbcbc73f46000a9666f166ad349c5805d,CBAA,ideal,1.0,clue_search,19,361,4,0.75,271,271,scale_g19_r4_cbaa_topk075,C:\Users\lottj\Desktop\research\decentralized benchmark\topk_filter_study\results\sensitivity_suite\scenarios\clue_g19_n50.csv,169.8245,02,41,38,3,8.3402,0.20341951219512194,0.0165,2.4439,2.7762,4.911069957514964,3,2.9111,0.9703666666666666,1.0404,0.6325000000000001,7.7077,4.911069957514964,completed
21,dcta_parity_v1,custom,5789862b56c579a63f65129a7c7ce0c99a25e7c55fba998a5a9699fc4a7df60b,03f32103aba060045f2661de3c031f6fbcbc73f46000a9666f166ad349c5805d,CBAA,ideal,1.0,clue_search,19,361,4,0.75,271,271,scale_g19_r4_cbaa_topk075,C:\Users\lottj\Desktop\research\decentralized benchmark\topk_filter_study\results\sensitivity_suite\scenarios\clue_g19_n50.csv,169.8245,03,38,36,2,5.7046,0.15012105263157896,0.012750000000000001,2.515,2.5184,3.3591148509196262,2,1.9044,0.9522,0.9602,0.6712,5.0334,3.3591148509196262,completed
22,dcta_parity_v1,custom,5789862b56c579a63f65129a7c7ce0c99a25e7c55fba998a5a9699fc4a7df60b,03f32103aba060045f2661de3c031f6fbcbc73f46000a9666f166ad349c5805d,CBAA,ideal,1.0,clue_search,19,361,4,0.75,271,271,scale_g19_r4_cbaa_topk075,C:\Users\lottj\Desktop\research\decentralized benchmark\topk_filter_study\results\sensitivity_suite\scenarios\clue_g19_n50.csv,1228.4479,00,57,14,43,248.34369999999998,4.356907017543859,2.8407,17.8039,18.1416,20.216054746806925,43,160.49530000000001,3.7324488372093025,15.9255,0.1382,248.2055,20.216054746806925,completed
22,dcta_parity_v1,custom,5789862b56c579a63f65129a7c7ce0c99a25e7c55fba998a5a9699fc4a7df60b,03f32103aba060045f2661de3c031f6fbcbc73f46000a9666f166ad349c5805d,CBAA,ideal,1.0,clue_search,19,361,4,0.75,271,271,scale_g19_r4_cbaa_topk075,C:\Users\lottj\Desktop\research\decentralized benchmark\topk_filter_study\results\sensitivity_suite\scenarios\clue_g19_n50.csv,1228.4479,01,49,14,35,196.4431,4.009042857142857,2.8079,16.5957,17.1882,15.99116250676972,35,124.9055,3.5687285714285717,15.4713,0.1859,196.2572,15.99116250676972,completed
22,dcta_parity_v1,custom,5789862b56c579a63f65129a7c7ce0c99a25e7c55fba998a5a9699fc4a7df60b,03f32103aba060045f2661de3c031f6fbcbc73f46000a9666f166ad349c5805d,CBAA,ideal,1.0,clue_search,19,361,4,0.75,271,271,scale_g19_r4_cbaa_topk075,C:\Users\lottj\Desktop\research\decentralized benchmark\topk_filter_study\results\sensitivity_suite\scenarios\clue_g19_n50.csv,1228.4479,02,49,14,35,195.0085,3.9797653061224487,2.8582,16.9256,18.1758,15.874380997354466,35,123.068,3.5162285714285715,16.0669,0.2011,194.8074,15.874380997354466,completed
22,dcta_parity_v1,custom,5789862b56c579a63f65129a7c7ce0c99a25e7c55fba998a5a9699fc4a7df60b,03f32103aba060045f2661de3c031f6fbcbc73f46000a9666f166ad349c5805d,CBAA,ideal,1.0,clue_search,19,361,4,0.75,271,271,scale_g19_r4_cbaa_topk075,C:\Users\lottj\Desktop\research\decentralized benchmark\topk_filter_study\results\sensitivity_suite\scenarios\clue_g19_n50.csv,1228.4479,03,44,12,32,155.6346,3.53715,2.80365,15.7266,18.208,12.669206402648417,32,93.1235,2.910109375,16.0849,0.1387,155.4959,12.669206402648417,completed
23,dcta_parity_v1,custom,5789862b56c579a63f65129a7c7ce0c99a25e7c55fba998a5a9699fc4a7df60b,03f32103aba060045f2661de3c031f6fbcbc73f46000a9666f166ad349c5805d,CBAA,ideal,1.0,clue_search,19,361,4,0.75,271,271,scale_g19_r4_cbaa_topk075,C:\Users\lottj\Desktop\research\decentralized benchmark\topk_filter_study\results\sensitivity_suite\scenarios\clue_g19_n50.csv,144.6449,00,38,35,3,7.6417,0.20109736842105264,0.012,2.4239,2.5692,5.283076001988318,3,2.678,0.8926666666666666,0.9678,0.4346,7.2071000000000005,5.283076001988318,completed
23,dcta_parity_v1,custom,5789862b56c579a63f65129a7c7ce0c99a25e7c55fba998a5a9699fc4a7df60b,03f32103aba060045f2661de3c031f6fbcbc73f46000a9666f166ad349c5805d,CBAA,ideal,1.0,clue_search,19,361,4,0.75,271,271,scale_g19_r4_cbaa_topk075,C:\Users\lottj\Desktop\research\decentralized benchmark\topk_filter_study\results\sensitivity_suite\scenarios\clue_g19_n50.csv,144.6449,01,37,34,3,7.2446,0.1958,0.0141,2.4279,2.6024,5.008541607758033,3,2.4968,0.8322666666666666,1.0316,0.5012,6.7434,5.008541607758033,completed
23,dcta_parity_v1,custom,5789862b56c579a63f65129a7c7ce0c99a25e7c55fba998a5a9699fc4a7df60b,03f32103aba060045f2661de3c031f6fbcbc73f46000a9666f166ad349c5805d,CBAA,ideal,1.0,clue_search,19,361,4,0.75,271,271,scale_g19_r4_cbaa_topk075,C:\Users\lottj\Desktop\research\decentralized benchmark\topk_filter_study\results\sensitivity_suite\scenarios\clue_g19_n50.csv,144.6449,02,37,35,2,5.5225,0.14925675675675676,0.0143,2.4098,2.6069,3.817970768412851,2,1.8733,0.93665,0.9818,0.5058,5.0167,3.817970768412851,completed
23,dcta_parity_v1,custom,5789862b56c579a63f65129a7c7ce0c99a25e7c55fba998a5a9699fc4a7df60b,03f32103aba060045f2661de3c031f6fbcbc73f46000a9666f166ad349c5805d,CBAA,ideal,1.0,clue_search,19,361,4,0.75,271,271,scale_g19_r4_cbaa_topk075,C:\Users\lottj\Desktop\research\decentralized benchmark\topk_filter_study\results\sensitivity_suite\scenarios\clue_g19_n50.csv,144.6449,03,35,33,2,5.445799999999999,0.15559428571428568,0.0122,2.502,2.549,3.764944356835256,2,1.9243000000000001,0.9621500000000001,0.969,0.3948,5.051,3.764944356835256,completed
24,dcta_parity_v1,custom,5789862b56c579a63f65129a7c7ce0c99a25e7c55fba998a5a9699fc4a7df60b,03f32103aba060045f2661de3c031f6fbcbc73f46000a9666f166ad349c5805d,CBAA,ideal,1.0,clue_search,19,361,4,0.75,271,271,scale_g19_r4_cbaa_topk075,C:\Users\lottj\Desktop\research\decentralized benchmark\topk_filter_study\results\sensitivity_suite\scenarios\clue_g19_n50.csv,2313.6007,00,90,9,81,427.1614,4.746237777777778,2.7943499999999997,16.3449,17.3619,18.46305630872259,81,266.9933,3.2962135802469135,15.4591,0.121,427.0404,18.46305630872259,completed
24,dcta_parity_v1,custom,5789862b56c579a63f65129a7c7ce0c99a25e7c55fba998a5a9699fc4a7df60b,03f32103aba060045f2661de3c031f6fbcbc73f46000a9666f166ad349c5805d,CBAA,ideal,1.0,clue_search,19,361,4,0.75,271,271,scale_g19_r4_cbaa_topk075,C:\Users\lottj\Desktop\research\decentralized benchmark\topk_filter_study\results\sensitivity_suite\scenarios\clue_g19_n50.csv,2313.6007,01,90,9,81,353.6087,3.9289855555555557,2.7628500000000003,16.382,17.5501,15.283912215275524,81,192.6712,2.3786567901234568,15.4449,0.1593,353.4494,15.283912215275524,completed
24,dcta_parity_v1,custom,5789862b56c579a63f65129a7c7ce0c99a25e7c55fba998a5a9699fc4a7df60b,03f32103aba060045f2661de3c031f6fbcbc73f46000a9666f166ad349c5805d,CBAA,ideal,1.0,clue_search,19,361,4,0.75,271,271,scale_g19_r4_cbaa_topk075,C:\Users\lottj\Desktop\research\decentralized benchmark\topk_filter_study\results\sensitivity_suite\scenarios\clue_g19_n50.csv,2313.6007,02,66,9,57,323.5172,4.9017757575757575,2.7239,17.0306,18.0364,13.983277235350076,57,211.0097,3.701924561403509,16.1366,0.1896,323.3276,13.983277235350076,completed
24,dcta_parity_v1,custom,5789862b56c579a63f65129a7c7ce0c99a25e7c55fba998a5a9699fc4a7df60b,03f32103aba060045f2661de3c031f6fbcbc73f46000a9666f166ad349c5805d,CBAA,ideal,1.0,clue_search,19,361,4,0.75,271,271,scale_g19_r4_cbaa_topk075,C:\Users\lottj\Desktop\research\decentralized benchmark\topk_filter_study\results\sensitivity_suite\scenarios\clue_g19_n50.csv,2313.6007,03,83,7,76,309.5862,3.72995421686747,2.7217,16.0793,17.4,13.381142216978064,76,161.1047,2.1197986842105263,15.5148,0.0992,309.487,13.381142216978064,completed
25,dcta_parity_v1,custom,5789862b56c579a63f65129a7c7ce0c99a25e7c55fba998a5a9699fc4a7df60b,03f32103aba060045f2661de3c031f6fbcbc73f46000a9666f166ad349c5805d,CBAA,ideal,1.0,clue_search,19,361,4,0.75,271,271,scale_g19_r4_cbaa_topk075,C:\Users\lottj\Desktop\research\decentralized benchmark\topk_filter_study\results\sensitivity_suite\scenarios\clue_g19_n50.csv,2239.3035,00,94,6,88,297.5859,3.1658074468085102,2.56825,8.7627,10.1521,13.289216937320019,88,127.6518,1.4505886363636362,8.0908,0.0735,297.5124,13.289216937320019,completed
25,dcta_parity_v1,custom,5789862b56c579a63f65129a7c7ce0c99a25e7c55fba998a5a9699fc4a7df60b,03f32103aba060045f2661de3c031f6fbcbc73f46000a9666f166ad349c5805d,CBAA,ideal,1.0,clue_search,19,361,4,0.75,271,271,scale_g19_r4_cbaa_topk075,C:\Users\lottj\Desktop\research\decentralized benchmark\topk_filter_study\results\sensitivity_suite\scenarios\clue_g19_n50.csv,2239.3035,01,90,6,84,289.6986,3.2188733333333333,2.6944,8.5317,10.9235,12.936995811420829,84,122.9399,1.463570238095238,8.8409,0.0905,289.6081,12.936995811420829,completed
25,dcta_parity_v1,custom,5789862b56c579a63f65129a7c7ce0c99a25e7c55fba998a5a9699fc4a7df60b,03f32103aba060045f2661de3c031f6fbcbc73f46000a9666f166ad349c5805d,CBAA,ideal,1.0,clue_search,19,361,4,0.75,271,271,scale_g19_r4_cbaa_topk075,C:\Users\lottj\Desktop\research\decentralized benchmark\topk_filter_study\results\sensitivity_suite\scenarios\clue_g19_n50.csv,2239.3035,02,89,6,83,307.4994,3.4550494382022467,2.7537,8.7332,11.4158,13.731921555072816,83,145.9924,1.7589445783132531,9.1289,0.08410000000000001,307.4153,13.731921555072816,completed
25,dcta_parity_v1,custom,5789862b56c579a63f65129a7c7ce0c99a25e7c55fba998a5a9699fc4a7df60b,03f32103aba060045f2661de3c031f6fbcbc73f46000a9666f166ad349c5805d,CBAA,ideal,1.0,clue_search,19,361,4,0.75,271,271,scale_g19_r4_cbaa_topk075,C:\Users\lottj\Desktop\research\decentralized benchmark\topk_filter_study\results\sensitivity_suite\scenarios\clue_g19_n50.csv,2239.3035,03,98,4,94,340.1217,3.4706295918367345,2.74395,8.8715,10.5045,15.18872720915231,94,157.1359,1.6716585106382977,8.6556,0.0639,340.0578,15.18872720915231,completed
26,dcta_parity_v1,custom,5789862b56c579a63f65129a7c7ce0c99a25e7c55fba998a5a9699fc4a7df60b,03f32103aba060045f2661de3c031f6fbcbc73f46000a9666f166ad349c5805d,CBAA,ideal,1.0,clue_search,19,361,4,0.75,271,271,scale_g19_r4_cbaa_topk075,C:\Users\lottj\Desktop\research\decentralized benchmark\topk_filter_study\results\sensitivity_suite\scenarios\clue_g19_n50.csv,327.3675,00,61,53,8,16.0034,0.26235081967213114,0.0135,2.0361,2.1562,4.888512146135459,8,5.6659,0.7082375,0.835,0.757,15.2464,4.888512146135459,completed
26,dcta_parity_v1,custom,5789862b56c579a63f65129a7c7ce0c99a25e7c55fba998a5a9699fc4a7df60b,03f32103aba060045f2661de3c031f6fbcbc73f46000a9666f166ad349c5805d,CBAA,ideal,1.0,clue_search,19,361,4,0.75,271,271,scale_g19_r4_cbaa_topk075,C:\Users\lottj\Desktop\research\decentralized benchmark\topk_filter_study\results\sensitivity_suite\scenarios\clue_g19_n50.csv,327.3675,01,63,53,10,19.6773,0.31233809523809525,0.0157,1.948,2.0689,6.010767715182477,10,7.1193,0.71193,0.8103,0.8707,18.8066,6.010767715182477,completed
26,dcta_parity_v1,custom,5789862b56c579a63f65129a7c7ce0c99a25e7c55fba998a5a9699fc4a7df60b,03f32103aba060045f2661de3c031f6fbcbc73f46000a9666f166ad349c5805d,CBAA,ideal,1.0,clue_search,19,361,4,0.75,271,271,scale_g19_r4_cbaa_topk075,C:\Users\lottj\Desktop\research\decentralized benchmark\topk_filter_study\results\sensitivity_suite\scenarios\clue_g19_n50.csv,327.3675,02,63,54,9,17.5937,0.2792650793650793,0.0166,1.9381,2.0855,5.374296471091357,9,6.2543999999999995,0.6949333333333333,0.8251,0.9051,16.6886,5.374296471091357,completed
26,dcta_parity_v1,custom,5789862b56c579a63f65129a7c7ce0c99a25e7c55fba998a5a9699fc4a7df60b,03f32103aba060045f2661de3c031f6fbcbc73f46000a9666f166ad349c5805d,CBAA,ideal,1.0,clue_search,19,361,4,0.75,271,271,scale_g19_r4_cbaa_topk075,C:\Users\lottj\Desktop\research\decentralized benchmark\topk_filter_study\results\sensitivity_suite\scenarios\clue_g19_n50.csv,327.3675,03,64,51,13,25.1096,0.3923375,0.014350000000000002,1.981,2.2656,7.670156628254179,13,9.0189,0.6937615384615385,0.8362,0.7093,24.4003,7.670156628254179,completed
27,dcta_parity_v1,custom,5789862b56c579a63f65129a7c7ce0c99a25e7c55fba998a5a9699fc4a7df60b,03f32103aba060045f2661de3c031f6fbcbc73f46000a9666f166ad349c5805d,CBAA,ideal,1.0,clue_search,19,361,4,0.75,271,271,scale_g19_r4_cbaa_topk075,C:\Users\lottj\Desktop\research\decentralized benchmark\topk_filter_study\results\sensitivity_suite\scenarios\clue_g19_n50.csv,1995.7572,00,86,10,76,340.6793,3.961387209302326,2.6324500000000004,14.1393,16.9947,17.070177674919574,76,192.2673,2.5298328947368423,14.7023,0.1094,340.5699,17.070177674919574,completed
27,dcta_parity_v1,custom,5789862b56c579a63f65129a7c7ce0c99a25e7c55fba998a5a9699fc4a7df60b,03f32103aba060045f2661de3c031f6fbcbc73f46000a9666f166ad349c5805d,CBAA,ideal,1.0,clue_search,19,361,4,0.75,271,271,scale_g19_r4_cbaa_topk075,C:\Users\lottj\Desktop\research\decentralized benchmark\topk_filter_study\results\sensitivity_suite\scenarios\clue_g19_n50.csv,1995.7572,01,81,10,71,304.8716,3.763846913580247,2.6515,13.6428,17.1167,15.275986477713822,71,166.5561,2.3458605633802816,15.0958,0.1409,304.7307,15.275986477713822,completed
27,dcta_parity_v1,custom,5789862b56c579a63f65129a7c7ce0c99a25e7c55fba998a5a9699fc4a7df60b,03f32103aba060045f2661de3c031f6fbcbc73f46000a9666f166ad349c5805d,CBAA,ideal,1.0,clue_search,19,361,4,0.75,271,271,scale_g19_r4_cbaa_topk075,C:\Users\lottj\Desktop\research\decentralized benchmark\topk_filter_study\results\sensitivity_suite\scenarios\clue_g19_n50.csv,1995.7572,02,80,10,70,272.9834,3.4122925000000004,2.6368,13.6681,18.1126,13.678186905701756,70,135.784,1.9397714285714285,16.026,0.13369999999999999,272.8497,13.678186905701756,completed
27,dcta_parity_v1,custom,5789862b56c579a63f65129a7c7ce0c99a25e7c55fba998a5a9699fc4a7df60b,03f32103aba060045f2661de3c031f6fbcbc73f46000a9666f166ad349c5805d,CBAA,ideal,1.0,clue_search,19,361,4,0.75,271,271,scale_g19_r4_cbaa_topk075,C:\Users\lottj\Desktop\research\decentralized benchmark\topk_filter_study\results\sensitivity_suite\scenarios\clue_g19_n50.csv,1995.7572,03,67,7,60,277.7141,4.144986567164179,2.6806,14.7879,17.1779,13.915224757801198,60,159.1845,2.6530750000000003,15.0852,0.0794,277.6347,13.915224757801198,completed
28,dcta_parity_v1,custom,5789862b56c579a63f65129a7c7ce0c99a25e7c55fba998a5a9699fc4a7df60b,03f32103aba060045f2661de3c031f6fbcbc73f46000a9666f166ad349c5805d,CBAA,ideal,1.0,clue_search,19,361,4,0.75,271,271,scale_g19_r4_cbaa_topk075,C:\Users\lottj\Desktop\research\decentralized benchmark\topk_filter_study\results\sensitivity_suite\scenarios\clue_g19_n50.csv,1217.8112,00,66,18,48,194.9491,2.953774242424242,2.90625,11.7287,14.7472,16.008154630208686,48,95.87180000000001,1.9973291666666668,12.3345,0.2149,194.7342,16.008154630208686,completed
28,dcta_parity_v1,custom,5789862b56c579a63f65129a7c7ce0c99a25e7c55fba998a5a9699fc4a7df60b,03f32103aba060045f2661de3c031f6fbcbc73f46000a9666f166ad349c5805d,CBAA,ideal,1.0,clue_search,19,361,4,0.75,271,271,scale_g19_r4_cbaa_topk075,C:\Users\lottj\Desktop\research\decentralized benchmark\topk_filter_study\results\sensitivity_suite\scenarios\clue_g19_n50.csv,1217.8112,01,60,17,43,175.1946,2.9199100000000002,2.8746,13.5486,15.8366,14.386023055133668,43,86.09570000000001,2.002225581395349,13.6254,0.3119,174.8827,14.386023055133668,completed
28,dcta_parity_v1,custom,5789862b56c579a63f65129a7c7ce0c99a25e7c55fba998a5a9699fc4a7df60b,03f32103aba060045f2661de3c031f6fbcbc73f46000a9666f166ad349c5805d,CBAA,ideal,1.0,clue_search,19,361,4,0.75,271,271,scale_g19_r4_cbaa_topk075,C:\Users\lottj\Desktop\research\decentralized benchmark\topk_filter_study\results\sensitivity_suite\scenarios\clue_g19_n50.csv,1217.8112,02,59,18,41,168.7459,2.8601,2.9318,13.9402,14.9728,13.856491055427966,41,84.0439,2.049851219512195,12.7151,0.2861,168.4598,13.856491055427966,completed
28,dcta_parity_v1,custom,5789862b56c579a63f65129a7c7ce0c99a25e7c55fba998a5a9699fc4a7df60b,03f32103aba060045f2661de3c031f6fbcbc73f46000a9666f166ad349c5805d,CBAA,ideal,1.0,clue_search,19,361,4,0.75,271,271,scale_g19_r4_cbaa_topk075,C:\Users\lottj\Desktop\research\decentralized benchmark\topk_filter_study\results\sensitivity_suite\scenarios\clue_g19_n50.csv,1217.8112,03,60,15,45,167.8489,2.7974816666666666,2.91655,3.8182,14.6476,13.78283431783186,45,74.95,1.6655555555555557,12.2831,0.2225,167.6264,13.78283431783186,completed
29,dcta_parity_v1,custom,5789862b56c579a63f65129a7c7ce0c99a25e7c55fba998a5a9699fc4a7df60b,03f32103aba060045f2661de3c031f6fbcbc73f46000a9666f166ad349c5805d,CBAA,ideal,1.0,clue_search,19,361,4,0.75,271,271,scale_g19_r4_cbaa_topk075,C:\Users\lottj\Desktop\research\decentralized benchmark\topk_filter_study\results\sensitivity_suite\scenarios\clue_g19_n50.csv,338.5856,00,52,42,10,21.8686,0.42055000000000003,0.0114,2.3063,2.5515,6.458809825344019,10,7.8673,0.78673,0.9462,0.4689,21.3997,6.458809825344019,completed
29,dcta_parity_v1,custom,5789862b56c579a63f65129a7c7ce0c99a25e7c55fba998a5a9699fc4a7df60b,03f32103aba060045f2661de3c031f6fbcbc73f46000a9666f166ad349c5805d,CBAA,ideal,1.0,clue_search,19,361,4,0.75,271,271,scale_g19_r4_cbaa_topk075,C:\Users\lottj\Desktop\research\decentralized benchmark\topk_filter_study\results\sensitivity_suite\scenarios\clue_g19_n50.csv,338.5856,01,53,42,11,25.4044,0.47932830188679243,0.0138,2.3354,2.4225,7.503095229094209,11,9.1446,0.8313272727272728,0.9157,0.5682,24.836199999999998,7.503095229094209,completed
29,dcta_parity_v1,custom,5789862b56c579a63f65129a7c7ce0c99a25e7c55fba998a5a9699fc4a7df60b,03f32103aba060045f2661de3c031f6fbcbc73f46000a9666f166ad349c5805d,CBAA,ideal,1.0,clue_search,19,361,4,0.75,271,271,scale_g19_r4_cbaa_topk075,C:\Users\lottj\Desktop\research\decentralized benchmark\topk_filter_study\results\sensitivity_suite\scenarios\clue_g19_n50.csv,338.5856,02,53,42,11,25.4195,0.4796132075471698,0.0142,2.4023,2.4776,7.507554958037199,11,9.2493,0.8408454545454546,0.9511,0.5934,24.8261,7.507554958037199,completed
29,dcta_parity_v1,custom,5789862b56c579a63f65129a7c7ce0c99a25e7c55fba998a5a9699fc4a7df60b,03f32103aba060045f2661de3c031f6fbcbc73f46000a9666f166ad349c5805d,CBAA,ideal,1.0,clue_search,19,361,4,0.75,271,271,scale_g19_r4_cbaa_topk075,C:\Users\lottj\Desktop\research\decentralized benchmark\topk_filter_study\results\sensitivity_suite\scenarios\clue_g19_n50.csv,338.5856,03,52,39,13,30.1051,0.5789442307692307,0.012150000000000001,2.4429,2.5064,8.891429523287465,13,10.982,0.8447692307692307,0.9466,0.4712,29.6339,8.891429523287465,completed
30,dcta_parity_v1,custom,5789862b56c579a63f65129a7c7ce0c99a25e7c55fba998a5a9699fc4a7df60b,03f32103aba060045f2661de3c031f6fbcbc73f46000a9666f166ad349c5805d,CBAA,ideal,1.0,clue_search,19,361,4,0.75,271,271,scale_g19_r4_cbaa_topk075,C:\Users\lottj\Desktop\research\decentralized benchmark\topk_filter_study\results\sensitivity_suite\scenarios\clue_g19_n50.csv,52.9307,00,18,18,0,0.2268,0.0126,0.011949999999999999,0.0234,0.0234,0.42848479237946974,0,0.0,0.0,0.0,0.2268,0.0,0.42848479237946974,completed
30,dcta_parity_v1,custom,5789862b56c579a63f65129a7c7ce0c99a25e7c55fba998a5a9699fc4a7df60b,03f32103aba060045f2661de3c031f6fbcbc73f46000a9666f166ad349c5805d,CBAA,ideal,1.0,clue_search,19,361,4,0.75,271,271,scale_g19_r4_cbaa_topk075,C:\Users\lottj\Desktop\research\decentralized benchmark\topk_filter_study\results\sensitivity_suite\scenarios\clue_g19_n50.csv,52.9307,01,18,18,0,0.2562,0.014233333333333332,0.0132,0.0184,0.0184,0.4840291173175491,0,0.0,0.0,0.0,0.2562,0.0,0.4840291173175491,completed
30,dcta_parity_v1,custom,5789862b56c579a63f65129a7c7ce0c99a25e7c55fba998a5a9699fc4a7df60b,03f32103aba060045f2661de3c031f6fbcbc73f46000a9666f166ad349c5805d,CBAA,ideal,1.0,clue_search,19,361,4,0.75,271,271,scale_g19_r4_cbaa_topk075,C:\Users\lottj\Desktop\research\decentralized benchmark\topk_filter_study\results\sensitivity_suite\scenarios\clue_g19_n50.csv,52.9307,02,18,18,0,0.2691,0.01495,0.0142,0.0214,0.0214,0.5084006068311963,0,0.0,0.0,0.0,0.2691,0.0,0.5084006068311963,completed
30,dcta_parity_v1,custom,5789862b56c579a63f65129a7c7ce0c99a25e7c55fba998a5a9699fc4a7df60b,03f32103aba060045f2661de3c031f6fbcbc73f46000a9666f166ad349c5805d,CBAA,ideal,1.0,clue_search,19,361,4,0.75,271,271,scale_g19_r4_cbaa_topk075,C:\Users\lottj\Desktop\research\decentralized benchmark\topk_filter_study\results\sensitivity_suite\scenarios\clue_g19_n50.csv,52.9307,03,15,15,0,0.1851,0.012339999999999999,0.0118,0.0185,0.0185,0.34970253557954073,0,0.0,0.0,0.0,0.1851,0.0,0.34970253557954073,completed
31,dcta_parity_v1,custom,5789862b56c579a63f65129a7c7ce0c99a25e7c55fba998a5a9699fc4a7df60b,03f32103aba060045f2661de3c031f6fbcbc73f46000a9666f166ad349c5805d,CBAA,ideal,1.0,clue_search,19,361,4,0.75,271,271,scale_g19_r4_cbaa_topk075,C:\Users\lottj\Desktop\research\decentralized benchmark\topk_filter_study\results\sensitivity_suite\scenarios\clue_g19_n50.csv,1800.6619,00,59,4,55,262.3058,4.445861016949152,3.2739,11.3957,11.9808,14.56718776578768,55,144.02179999999998,2.6185781818181817,9.8784,0.0511,262.2547,14.56718776578768,completed
31,dcta_parity_v1,custom,5789862b56c579a63f65129a7c7ce0c99a25e7c55fba998a5a9699fc4a7df60b,03f32103aba060045f2661de3c031f6fbcbc73f46000a9666f166ad349c5805d,CBAA,ideal,1.0,clue_search,19,361,4,0.75,271,271,scale_g19_r4_cbaa_topk075,C:\Users\lottj\Desktop\research\decentralized benchmark\topk_filter_study\results\sensitivity_suite\scenarios\clue_g19_n50.csv,1800.6619,01,60,4,56,246.5015,4.108358333333333,3.1681,11.2673,12.1193,13.689493846679378,56,126.1132,2.2520214285714286,9.9214,0.0823,246.4192,13.689493846679378,completed
31,dcta_parity_v1,custom,5789862b56c579a63f65129a7c7ce0c99a25e7c55fba998a5a9699fc4a7df60b,03f32103aba060045f2661de3c031f6fbcbc73f46000a9666f166ad349c5805d,CBAA,ideal,1.0,clue_search,19,361,4,0.75,271,271,scale_g19_r4_cbaa_topk075,C:\Users\lottj\Desktop\research\decentralized benchmark\topk_filter_study\results\sensitivity_suite\scenarios\clue_g19_n50.csv,1800.6619,02,63,4,59,313.3106,4.973184126984127,3.3442,11.9827,12.6166,17.3997461711163,59,184.3302,3.1242406779661014,10.5759,0.064,313.2466,17.3997461711163,completed
31,dcta_parity_v1,custom,5789862b56c579a63f65129a7c7ce0c99a25e7c55fba998a5a9699fc4a7df60b,03f32103aba060045f2661de3c031f6fbcbc73f46000a9666f166ad349c5805d,CBAA,ideal,1.0,clue_search,19,361,4,0.75,271,271,scale_g19_r4_cbaa_topk075,C:\Users\lottj\Desktop\research\decentralized benchmark\topk_filter_study\results\sensitivity_suite\scenarios\clue_g19_n50.csv,1800.6619,03,64,2,62,317.3563,4.9586921875,3.25745,11.9805,12.0669,17.624424662953103,62,182.9143,2.95023064516129,9.9124,0.026,317.3303,17.624424662953103,completed
32,dcta_parity_v1,custom,5789862b56c579a63f65129a7c7ce0c99a25e7c55fba998a5a9699fc4a7df60b,03f32103aba060045f2661de3c031f6fbcbc73f46000a9666f166ad349c5805d,CBAA,ideal,1.0,clue_search,19,361,4,0.75,271,271,scale_g19_r4_cbaa_topk075,C:\Users\lottj\Desktop\research\decentralized benchmark\topk_filter_study\results\sensitivity_suite\scenarios\clue_g19_n50.csv,68.9309,00,22,22,0,0.2764,0.012563636363636362,0.012150000000000001,0.0167,0.018,0.40098127254975635,0,0.0,0.0,0.0,0.2764,0.0,0.40098127254975635,completed
32,dcta_parity_v1,custom,5789862b56c579a63f65129a7c7ce0c99a25e7c55fba998a5a9699fc4a7df60b,03f32103aba060045f2661de3c031f6fbcbc73f46000a9666f166ad349c5805d,CBAA,ideal,1.0,clue_search,19,361,4,0.75,271,271,scale_g19_r4_cbaa_topk075,C:\Users\lottj\Desktop\research\decentralized benchmark\topk_filter_study\results\sensitivity_suite\scenarios\clue_g19_n50.csv,68.9309,01,22,22,0,0.3652,0.0166,0.01685,0.0196,0.02,0.5298059360896202,0,0.0,0.0,0.0,0.3652,0.0,0.5298059360896202,completed
32,dcta_parity_v1,custom,5789862b56c579a63f65129a7c7ce0c99a25e7c55fba998a5a9699fc4a7df60b,03f32103aba060045f2661de3c031f6fbcbc73f46000a9666f166ad349c5805d,CBAA,ideal,1.0,clue_search,19,361,4,0.75,271,271,scale_g19_r4_cbaa_topk075,C:\Users\lottj\Desktop\research\decentralized benchmark\topk_filter_study\results\sensitivity_suite\scenarios\clue_g19_n50.csv,68.9309,02,22,22,0,0.3832,0.01741818181818182,0.016399999999999998,0.0244,0.0246,0.555919043563917,0,0.0,0.0,0.0,0.3832,0.0,0.555919043563917,completed
32,dcta_parity_v1,custom,5789862b56c579a63f65129a7c7ce0c99a25e7c55fba998a5a9699fc4a7df60b,03f32103aba060045f2661de3c031f6fbcbc73f46000a9666f166ad349c5805d,CBAA,ideal,1.0,clue_search,19,361,4,0.75,271,271,scale_g19_r4_cbaa_topk075,C:\Users\lottj\Desktop\research\decentralized benchmark\topk_filter_study\results\sensitivity_suite\scenarios\clue_g19_n50.csv,68.9309,03,20,20,0,0.29359999999999997,0.014679999999999999,0.01285,0.0223,0.0331,0.4259337974696399,0,0.0,0.0,0.0,0.29359999999999997,0.0,0.4259337974696399,completed
33,dcta_parity_v1,custom,5789862b56c579a63f65129a7c7ce0c99a25e7c55fba998a5a9699fc4a7df60b,03f32103aba060045f2661de3c031f6fbcbc73f46000a9666f166ad349c5805d,CBAA,ideal,1.0,clue_search,19,361,4,0.75,271,271,scale_g19_r4_cbaa_topk075,C:\Users\lottj\Desktop\research\decentralized benchmark\topk_filter_study\results\sensitivity_suite\scenarios\clue_g19_n50.csv,9.2427,00,3,3,0,0.0524,0.01746666666666667,0.017,0.0221,0.0221,0.5669339045949777,0,0.0,0.0,0.0,0.0524,0.0,0.5669339045949777,completed
33,dcta_parity_v1,custom,5789862b56c579a63f65129a7c7ce0c99a25e7c55fba998a5a9699fc4a7df60b,03f32103aba060045f2661de3c031f6fbcbc73f46000a9666f166ad349c5805d,CBAA,ideal,1.0,clue_search,19,361,4,0.75,271,271,scale_g19_r4_cbaa_topk075,C:\Users\lottj\Desktop\research\decentralized benchmark\topk_filter_study\results\sensitivity_suite\scenarios\clue_g19_n50.csv,9.2427,01,2,2,0,0.0326,0.0163,0.0163,0.0173,0.0173,0.3527107879732113,0,0.0,0.0,0.0,0.0326,0.0,0.3527107879732113,completed
33,dcta_parity_v1,custom,5789862b56c579a63f65129a7c7ce0c99a25e7c55fba998a5a9699fc4a7df60b,03f32103aba060045f2661de3c031f6fbcbc73f46000a9666f166ad349c5805d,CBAA,ideal,1.0,clue_search,19,361,4,0.75,271,271,scale_g19_r4_cbaa_topk075,C:\Users\lottj\Desktop\research\decentralized benchmark\topk_filter_study\results\sensitivity_suite\scenarios\clue_g19_n50.csv,9.2427,02,3,3,0,0.0913,0.030433333333333337,0.0181,0.0575,0.0575,0.9878065933114785,0,0.0,0.0,0.0,0.0913,0.0,0.9878065933114785,completed
33,dcta_parity_v1,custom,5789862b56c579a63f65129a7c7ce0c99a25e7c55fba998a5a9699fc4a7df60b,03f32103aba060045f2661de3c031f6fbcbc73f46000a9666f166ad349c5805d,CBAA,ideal,1.0,clue_search,19,361,4,0.75,271,271,scale_g19_r4_cbaa_topk075,C:\Users\lottj\Desktop\research\decentralized benchmark\topk_filter_study\results\sensitivity_suite\scenarios\clue_g19_n50.csv,9.2427,03,1,1,0,0.0186,0.0186,0.0186,0.0186,0.0186,0.2012398974325684,0,0.0,0.0,0.0,0.0186,0.0,0.2012398974325684,completed
34,dcta_parity_v1,custom,5789862b56c579a63f65129a7c7ce0c99a25e7c55fba998a5a9699fc4a7df60b,03f32103aba060045f2661de3c031f6fbcbc73f46000a9666f166ad349c5805d,CBAA,ideal,1.0,clue_search,19,361,4,0.75,271,271,scale_g19_r4_cbaa_topk075,C:\Users\lottj\Desktop\research\decentralized benchmark\topk_filter_study\results\sensitivity_suite\scenarios\clue_g19_n50.csv,1054.5122,00,77,26,51,128.3555,1.6669545454545456,2.2306,3.0822,3.2297,12.172026079925867,51,40.4796,0.7937176470588235,1.1466,0.3604,127.99510000000001,12.172026079925867,completed
34,dcta_parity_v1,custom,5789862b56c579a63f65129a7c7ce0c99a25e7c55fba998a5a9699fc4a7df60b,03f32103aba060045f2661de3c031f6fbcbc73f46000a9666f166ad349c5805d,CBAA,ideal,1.0,clue_search,19,361,4,0.75,271,271,scale_g19_r4_cbaa_topk075,C:\Users\lottj\Desktop\research\decentralized benchmark\topk_filter_study\results\sensitivity_suite\scenarios\clue_g19_n50.csv,1054.5122,01,73,25,48,117.5064,1.6096767123287672,2.1863,3.0136,3.1525,11.143199670899968,48,36.4922,0.7602541666666666,1.1641,0.4102,117.0962,11.143199670899968,completed
34,dcta_parity_v1,custom,5789862b56c579a63f65129a7c7ce0c99a25e7c55fba998a5a9699fc4a7df60b,03f32103aba060045f2661de3c031f6fbcbc73f46000a9666f166ad349c5805d,CBAA,ideal,1.0,clue_search,19,361,4,0.75,271,271,scale_g19_r4_cbaa_topk075,C:\Users\lottj\Desktop\research\decentralized benchmark\topk_filter_study\results\sensitivity_suite\scenarios\clue_g19_n50.csv,1054.5122,02,63,26,37,90.6944,1.4395936507936509,2.0679,2.8883,3.2951,8.600602250026126,37,28.1478,0.7607513513513513,1.1942,0.42669999999999997,90.2677,8.600602250026126,completed
34,dcta_parity_v1,custom,5789862b56c579a63f65129a7c7ce0c99a25e7c55fba998a5a9699fc4a7df60b,03f32103aba060045f2661de3c031f6fbcbc73f46000a9666f166ad349c5805d,CBAA,ideal,1.0,clue_search,19,361,4,0.75,271,271,scale_g19_r4_cbaa_topk075,C:\Users\lottj\Desktop\research\decentralized benchmark\topk_filter_study\results\sensitivity_suite\scenarios\clue_g19_n50.csv,1054.5122,03,67,23,44,111.4285,1.6631119402985075,2.265,3.0533,3.1712,10.566828909139222,44,35.0584,0.7967818181818181,1.1727,0.3627,111.0658,10.566828909139222,completed
35,dcta_parity_v1,custom,5789862b56c579a63f65129a7c7ce0c99a25e7c55fba998a5a9699fc4a7df60b,03f32103aba060045f2661de3c031f6fbcbc73f46000a9666f166ad349c5805d,CBAA,ideal,1.0,clue_search,19,361,4,0.75,271,271,scale_g19_r4_cbaa_topk075,C:\Users\lottj\Desktop\research\decentralized benchmark\topk_filter_study\results\sensitivity_suite\scenarios\clue_g19_n50.csv,1776.805,00,64,9,55,381.5761,5.9621265625,3.20855,16.7701,18.6094,21.475406699103164,55,261.3112,4.751112727272727,16.5172,0.0838,381.4923,21.475406699103164,completed
35,dcta_parity_v1,custom,5789862b56c579a63f65129a7c7ce0c99a25e7c55fba998a5a9699fc4a7df60b,03f32103aba060045f2661de3c031f6fbcbc73f46000a9666f166ad349c5805d,CBAA,ideal,1.0,clue_search,19,361,4,0.75,271,271,scale_g19_r4_cbaa_topk075,C:\Users\lottj\Desktop\research\decentralized benchmark\topk_filter_study\results\sensitivity_suite\scenarios\clue_g19_n50.csv,1776.805,01,53,9,44,279.1588,5.26714716981132,3.2141,16.7784,18.2145,15.711279515760028,44,183.2675,4.165170454545454,16.0338,0.1216,279.0372,15.711279515760028,completed
35,dcta_parity_v1,custom,5789862b56c579a63f65129a7c7ce0c99a25e7c55fba998a5a9699fc4a7df60b,03f32103aba060045f2661de3c031f6fbcbc73f46000a9666f166ad349c5805d,CBAA,ideal,1.0,clue_search,19,361,4,0.75,271,271,scale_g19_r4_cbaa_topk075,C:\Users\lottj\Desktop\research\decentralized benchmark\topk_filter_study\results\sensitivity_suite\scenarios\clue_g19_n50.csv,1776.805,02,42,9,33,267.0841,6.359145238095238,3.2478499999999997,18.2647,19.1306,15.031705786510054,33,193.4293,5.86149393939394,17.1079,0.1226,266.9615,15.031705786510054,completed
35,dcta_parity_v1,custom,5789862b56c579a63f65129a7c7ce0c99a25e7c55fba998a5a9699fc4a7df60b,03f32103aba060045f2661de3c031f6fbcbc73f46000a9666f166ad349c5805d,CBAA,ideal,1.0,clue_search,19,361,4,0.75,271,271,scale_g19_r4_cbaa_topk075,C:\Users\lottj\Desktop\research\decentralized benchmark\topk_filter_study\results\sensitivity_suite\scenarios\clue_g19_n50.csv,1776.805,03,50,7,43,238.7346,4.774692,3.2196,17.0174,18.101,13.436173356108295,43,144.9604,3.371172093023256,16.0255,0.0937,238.6409,13.436173356108295,completed
36,dcta_parity_v1,custom,5789862b56c579a63f65129a7c7ce0c99a25e7c55fba998a5a9699fc4a7df60b,03f32103aba060045f2661de3c031f6fbcbc73f46000a9666f166ad349c5805d,CBAA,ideal,1.0,clue_search,19,361,4,0.75,271,271,scale_g19_r4_cbaa_topk075,C:\Users\lottj\Desktop\research\decentralized benchmark\topk_filter_study\results\sensitivity_suite\scenarios\clue_g19_n50.csv,18.6147,00,7,7,0,0.0826,0.011800000000000001,0.0125,0.0158,0.0158,0.44373532745625777,0,0.0,0.0,0.0,0.0826,0.0,0.44373532745625777,completed
36,dcta_parity_v1,custom,5789862b56c579a63f65129a7c7ce0c99a25e7c55fba998a5a9699fc4a7df60b,03f32103aba060045f2661de3c031f6fbcbc73f46000a9666f166ad349c5805d,CBAA,ideal,1.0,clue_search,19,361,4,0.75,271,271,scale_g19_r4_cbaa_topk075,C:\Users\lottj\Desktop\research\decentralized benchmark\topk_filter_study\results\sensitivity_suite\scenarios\clue_g19_n50.csv,18.6147,01,7,7,0,0.1047,0.014957142857142858,0.0141,0.0227,0.0227,0.5624587019935858,0,0.0,0.0,0.0,0.1047,0.0,0.5624587019935858,completed
36,dcta_parity_v1,custom,5789862b56c579a63f65129a7c7ce0c99a25e7c55fba998a5a9699fc4a7df60b,03f32103aba060045f2661de3c031f6fbcbc73f46000a9666f166ad349c5805d,CBAA,ideal,1.0,clue_search,19,361,4,0.75,271,271,scale_g19_r4_cbaa_topk075,C:\Users\lottj\Desktop\research\decentralized benchmark\topk_filter_study\results\sensitivity_suite\scenarios\clue_g19_n50.csv,18.6147,02,7,7,0,0.1264,0.01805714285714286,0.0169,0.0267,0.0267,0.6790332371727721,0,0.0,0.0,0.0,0.1264,0.0,0.6790332371727721,completed
36,dcta_parity_v1,custom,5789862b56c579a63f65129a7c7ce0c99a25e7c55fba998a5a9699fc4a7df60b,03f32103aba060045f2661de3c031f6fbcbc73f46000a9666f166ad349c5805d,CBAA,ideal,1.0,clue_search,19,361,4,0.75,271,271,scale_g19_r4_cbaa_topk075,C:\Users\lottj\Desktop\research\decentralized benchmark\topk_filter_study\results\sensitivity_suite\scenarios\clue_g19_n50.csv,18.6147,03,5,5,0,0.0833,0.01666,0.014,0.0267,0.0267,0.4474957963330057,0,0.0,0.0,0.0,0.0833,0.0,0.4474957963330057,completed
37,dcta_parity_v1,custom,5789862b56c579a63f65129a7c7ce0c99a25e7c55fba998a5a9699fc4a7df60b,03f32103aba060045f2661de3c031f6fbcbc73f46000a9666f166ad349c5805d,CBAA,ideal,1.0,clue_search,19,361,4,0.75,271,271,scale_g19_r4_cbaa_topk075,C:\Users\lottj\Desktop\research\decentralized benchmark\topk_filter_study\results\sensitivity_suite\scenarios\clue_g19_n50.csv,2025.0565,00,67,1,66,282.253,4.212731343283582,3.3459,8.2211,9.7142,13.938030864817845,66,135.1521,2.0477590909090906,7.7138,0.0112,282.2418,13.938030864817845,completed
37,dcta_parity_v1,custom,5789862b56c579a63f65129a7c7ce0c99a25e7c55fba998a5a9699fc4a7df60b,03f32103aba060045f2661de3c031f6fbcbc73f46000a9666f166ad349c5805d,CBAA,ideal,1.0,clue_search,19,361,4,0.75,271,271,scale_g19_r4_cbaa_topk075,C:\Users\lottj\Desktop\research\decentralized benchmark\topk_filter_study\results\sensitivity_suite\scenarios\clue_g19_n50.csv,2025.0565,01,63,1,62,250.0881,3.9696523809523807,3.3459,7.7107,8.535,12.349685058169984,62,106.4537,1.7169951612903225,6.5349,0.0292,250.0589,12.349685058169984,completed
37,dcta_parity_v1,custom,5789862b56c579a63f65129a7c7ce0c99a25e7c55fba998a5a9699fc4a7df60b,03f32103aba060045f2661de3c031f6fbcbc73f46000a9666f166ad349c5805d,CBAA,ideal,1.0,clue_search,19,361,4,0.75,271,271,scale_g19_r4_cbaa_topk075,C:\Users\lottj\Desktop\research\decentralized benchmark\topk_filter_study\results\sensitivity_suite\scenarios\clue_g19_n50.csv,2025.0565,02,76,1,75,348.1889,4.581432894736842,3.46095,9.3881,9.9722,17.194033845475424,75,176.6962,2.3559493333333332,7.619,0.0147,348.1742,17.194033845475424,completed
37,dcta_parity_v1,custom,5789862b56c579a63f65129a7c7ce0c99a25e7c55fba998a5a9699fc4a7df60b,03f32103aba060045f2661de3c031f6fbcbc73f46000a9666f166ad349c5805d,CBAA,ideal,1.0,clue_search,19,361,4,0.75,271,271,scale_g19_r4_cbaa_topk075,C:\Users\lottj\Desktop\research\decentralized benchmark\topk_filter_study\results\sensitivity_suite\scenarios\clue_g19_n50.csv,2025.0565,03,72,1,71,331.8515,4.609048611111111,3.4625,9.1999,9.658,16.38727116996489,71,172.776,2.4334647887323944,7.3682,0.0204,331.8311,16.38727116996489,completed
38,dcta_parity_v1,custom,5789862b56c579a63f65129a7c7ce0c99a25e7c55fba998a5a9699fc4a7df60b,03f32103aba060045f2661de3c031f6fbcbc73f46000a9666f166ad349c5805d,CBAA,ideal,1.0,clue_search,19,361,4,0.75,271,271,scale_g19_r4_cbaa_topk075,C:\Users\lottj\Desktop\research\decentralized benchmark\topk_filter_study\results\sensitivity_suite\scenarios\clue_g19_n50.csv,192.5349,00,47,42,5,11.741200000000001,0.24981276595744684,0.0145,2.3519,2.4405,6.09821907612594,5,4.2622,0.85244,0.9334,0.6023000000000001,11.1389,6.09821907612594,completed
38,dcta_parity_v1,custom,5789862b56c579a63f65129a7c7ce0c99a25e7c55fba998a5a9699fc4a7df60b,03f32103aba060045f2661de3c031f6fbcbc73f46000a9666f166ad349c5805d,CBAA,ideal,1.0,clue_search,19,361,4,0.75,271,271,scale_g19_r4_cbaa_topk075,C:\Users\lottj\Desktop\research\decentralized benchmark\topk_filter_study\results\sensitivity_suite\scenarios\clue_g19_n50.csv,192.5349,01,45,42,3,7.7249,0.17166444444444445,0.0156,2.3045,2.3809,4.0122076568975285,3,2.6731,0.8910333333333332,0.9091,0.6615,7.0634,4.0122076568975285,completed
38,dcta_parity_v1,custom,5789862b56c579a63f65129a7c7ce0c99a25e7c55fba998a5a9699fc4a7df60b,03f32103aba060045f2661de3c031f6fbcbc73f46000a9666f166ad349c5805d,CBAA,ideal,1.0,clue_search,19,361,4,0.75,271,271,scale_g19_r4_cbaa_topk075,C:\Users\lottj\Desktop\research\decentralized benchmark\topk_filter_study\results\sensitivity_suite\scenarios\clue_g19_n50.csv,192.5349,02,47,43,4,10.1949,0.21691276595744682,0.0155,2.3793,2.4053,5.295091954757294,4,3.5276,0.8819,0.9196,0.6635,9.5314,5.295091954757294,completed
38,dcta_parity_v1,custom,5789862b56c579a63f65129a7c7ce0c99a25e7c55fba998a5a9699fc4a7df60b,03f32103aba060045f2661de3c031f6fbcbc73f46000a9666f166ad349c5805d,CBAA,ideal,1.0,clue_search,19,361,4,0.75,271,271,scale_g19_r4_cbaa_topk075,C:\Users\lottj\Desktop\research\decentralized benchmark\topk_filter_study\results\sensitivity_suite\scenarios\clue_g19_n50.csv,192.5349,03,44,39,5,9.79,0.22249999999999998,0.01245,2.3171,2.4059,5.084792419452265,4,3.4649,0.866225,0.9249,0.4953,9.294699999999999,5.084792419452265,completed
39,dcta_parity_v1,custom,5789862b56c579a63f65129a7c7ce0c99a25e7c55fba998a5a9699fc4a7df60b,03f32103aba060045f2661de3c031f6fbcbc73f46000a9666f166ad349c5805d,CBAA,ideal,1.0,clue_search,19,361,4,0.75,271,271,scale_g19_r4_cbaa_topk075,C:\Users\lottj\Desktop\research\decentralized benchmark\topk_filter_study\results\sensitivity_suite\scenarios\clue_g19_n50.csv,1670.8857,00,86,20,66,180.2557,2.0959965116279067,2.0549,3.1299,13.8252,10.788032957610445,66,70.94969999999999,1.0749954545454545,11.6138,0.1943,180.0614,10.788032957610445,completed
39,dcta_parity_v1,custom,5789862b56c579a63f65129a7c7ce0c99a25e7c55fba998a5a9699fc4a7df60b,03f32103aba060045f2661de3c031f6fbcbc73f46000a9666f166ad349c5805d,CBAA,ideal,1.0,clue_search,19,361,4,0.75,271,271,scale_g19_r4_cbaa_topk075,C:\Users\lottj\Desktop\research\decentralized benchmark\topk_filter_study\results\sensitivity_suite\scenarios\clue_g19_n50.csv,1670.8857,01,99,19,80,209.86679999999998,2.1198666666666663,2.1286,3.0974,13.2837,12.560212826047884,80,78.828,0.9853500000000001,11.1594,0.2339,209.6329,12.560212826047884,completed
39,dcta_parity_v1,custom,5789862b56c579a63f65129a7c7ce0c99a25e7c55fba998a5a9699fc4a7df60b,03f32103aba060045f2661de3c031f6fbcbc73f46000a9666f166ad349c5805d,CBAA,ideal,1.0,clue_search,19,361,4,0.75,271,271,scale_g19_r4_cbaa_topk075,C:\Users\lottj\Desktop\research\decentralized benchmark\topk_filter_study\results\sensitivity_suite\scenarios\clue_g19_n50.csv,1670.8857,02,92,20,72,190.7706,2.0735934782608694,2.1191500000000003,3.1209,13.5481,11.417333932536499,72,72.9948,1.0138166666666666,11.4672,0.2678,190.5028,11.417333932536499,completed
39,dcta_parity_v1,custom,5789862b56c579a63f65129a7c7ce0c99a25e7c55fba998a5a9699fc4a7df60b,03f32103aba060045f2661de3c031f6fbcbc73f46000a9666f166ad349c5805d,CBAA,ideal,1.0,clue_search,19,361,4,0.75,271,271,scale_g19_r4_cbaa_topk075,C:\Users\lottj\Desktop\research\decentralized benchmark\topk_filter_study\results\sensitivity_suite\scenarios\clue_g19_n50.csv,1670.8857,03,86,17,69,181.0163,2.1048406976744185,2.0094000000000003,3.082,13.7936,10.833553725428377,69,70.5236,1.0220811594202899,11.7829,0.17930000000000001,180.837,10.833553725428377,completed
40,dcta_parity_v1,custom,5789862b56c579a63f65129a7c7ce0c99a25e7c55fba998a5a9699fc4a7df60b,03f32103aba060045f2661de3c031f6fbcbc73f46000a9666f166ad349c5805d,CBAA,ideal,1.0,clue_search,19,361,4,0.75,271,271,scale_g19_r4_cbaa_topk075,C:\Users\lottj\Desktop\research\decentralized benchmark\topk_filter_study\results\sensitivity_suite\scenarios\clue_g19_n50.csv,2646.4754,00,75,2,73,556.1091,7.414788000000001,3.4184,18.9679,20.2021,21.013197402099415,73,390.7155,5.352267123287671,18.0556,0.0216,556.0875,21.013197402099415,completed
40,dcta_parity_v1,custom,5789862b56c579a63f65129a7c7ce0c99a25e7c55fba998a5a9699fc4a7df60b,03f32103aba060045f2661de3c031f6fbcbc73f46000a9666f166ad349c5805d,CBAA,ideal,1.0,clue_search,19,361,4,0.75,271,271,scale_g19_r4_cbaa_topk075,C:\Users\lottj\Desktop\research\decentralized benchmark\topk_filter_study\results\sensitivity_suite\scenarios\clue_g19_n50.csv,2646.4754,01,69,2,67,440.6043,6.385569565217391,3.3388,18.9131,19.9943,16.64872078538875,67,287.4028,4.289594029850747,17.8636,0.0284,440.5759,16.64872078538875,completed
40,dcta_parity_v1,custom,5789862b56c579a63f65129a7c7ce0c99a25e7c55fba998a5a9699fc4a7df60b,03f32103aba060045f2661de3c031f6fbcbc73f46000a9666f166ad349c5805d,CBAA,ideal,1.0,clue_search,19,361,4,0.75,271,271,scale_g19_r4_cbaa_topk075,C:\Users\lottj\Desktop\research\decentralized benchmark\topk_filter_study\results\sensitivity_suite\scenarios\clue_g19_n50.csv,2646.4754,02,64,2,62,413.4101,6.4595328125,3.35895,18.6859,20.3353,15.621157861508935,62,270.8059,4.367837096774194,18.1097,0.042499999999999996,413.3676,15.621157861508935,completed
40,dcta_parity_v1,custom,5789862b56c579a63f65129a7c7ce0c99a25e7c55fba998a5a9699fc4a7df60b,03f32103aba060045f2661de3c031f6fbcbc73f46000a9666f166ad349c5805d,CBAA,ideal,1.0,clue_search,19,361,4,0.75,271,271,scale_g19_r4_cbaa_topk075,C:\Users\lottj\Desktop\research\decentralized benchmark\topk_filter_study\results\sensitivity_suite\scenarios\clue_g19_n50.csv,2646.4754,03,68,1,67,418.34250000000003,6.152095588235294,3.29495,18.4478,20.6081,15.807534050760495,67,264.0832,3.941540298507462,18.4943,0.0172,418.3253,15.807534050760495,completed
41,dcta_parity_v1,custom,5789862b56c579a63f65129a7c7ce0c99a25e7c55fba998a5a9699fc4a7df60b,03f32103aba060045f2661de3c031f6fbcbc73f46000a9666f166ad349c5805d,CBAA,ideal,1.0,clue_search,19,361,4,0.75,271,271,scale_g19_r4_cbaa_topk075,C:\Users\lottj\Desktop\research\decentralized benchmark\topk_filter_study\results\sensitivity_suite\scenarios\clue_g19_n50.csv,1617.168,00,51,7,44,218.7799,4.289801960784314,3.2527,10.3464,10.8228,13.528582064448468,44,119.0056,2.7046727272727273,8.5333,0.0698,218.7101,13.528582064448468,completed
41,dcta_parity_v1,custom,5789862b56c579a63f65129a7c7ce0c99a25e7c55fba998a5a9699fc4a7df60b,03f32103aba060045f2661de3c031f6fbcbc73f46000a9666f166ad349c5805d,CBAA,ideal,1.0,clue_search,19,361,4,0.75,271,271,scale_g19_r4_cbaa_topk075,C:\Users\lottj\Desktop\research\decentralized benchmark\topk_filter_study\results\sensitivity_suite\scenarios\clue_g19_n50.csv,1617.168,01,54,7,47,229.8081,4.255705555555555,3.3716,11.5816,11.9699,14.210527292155177,47,120.8078,2.5703787234042554,9.4905,0.1036,229.7045,14.210527292155177,completed
41,dcta_parity_v1,custom,5789862b56c579a63f65129a7c7ce0c99a25e7c55fba998a5a9699fc4a7df60b,03f32103aba060045f2661de3c031f6fbcbc73f46000a9666f166ad349c5805d,CBAA,ideal,1.0,clue_search,19,361,4,0.75,271,271,scale_g19_r4_cbaa_topk075,C:\Users\lottj\Desktop\research\decentralized benchmark\topk_filter_study\results\sensitivity_suite\scenarios\clue_g19_n50.csv,1617.168,02,51,7,44,243.6642,4.777729411764706,3.4472,11.1649,12.923,15.067339942417856,44,141.9774,3.226759090909091,10.376,0.0925,243.5717,15.067339942417856,completed
41,dcta_parity_v1,custom,5789862b56c579a63f65129a7c7ce0c99a25e7c55fba998a5a9699fc4a7df60b,03f32103aba060045f2661de3c031f6fbcbc73f46000a9666f166ad349c5805d,CBAA,ideal,1.0,clue_search,19,361,4,0.75,271,271,scale_g19_r4_cbaa_topk075,C:\Users\lottj\Desktop\research\decentralized benchmark\topk_filter_study\results\sensitivity_suite\scenarios\clue_g19_n50.csv,1617.168,03,50,5,45,255.9092,5.118184,3.40405,11.0235,11.3717,15.824527816528647,45,155.8359,3.46302,9.2173,0.0514,255.8578,15.824527816528647,completed
42,dcta_parity_v1,custom,5789862b56c579a63f65129a7c7ce0c99a25e7c55fba998a5a9699fc4a7df60b,03f32103aba060045f2661de3c031f6fbcbc73f46000a9666f166ad349c5805d,CBAA,ideal,1.0,clue_search,19,361,4,0.75,271,271,scale_g19_r4_cbaa_topk075,C:\Users\lottj\Desktop\research\decentralized benchmark\topk_filter_study\results\sensitivity_suite\scenarios\clue_g19_n50.csv,1871.9979,00,81,9,72,248.2361,3.064643209876543,3.0445,6.1947,7.2091,13.260490302900447,72,94.8083,1.3167819444444444,4.9755,0.104,248.1321,13.260490302900447,completed
42,dcta_parity_v1,custom,5789862b56c579a63f65129a7c7ce0c99a25e7c55fba998a5a9699fc4a7df60b,03f32103aba060045f2661de3c031f6fbcbc73f46000a9666f166ad349c5805d,CBAA,ideal,1.0,clue_search,19,361,4,0.75,271,271,scale_g19_r4_cbaa_topk075,C:\Users\lottj\Desktop\research\decentralized benchmark\topk_filter_study\results\sensitivity_suite\scenarios\clue_g19_n50.csv,1871.9979,01,63,8,55,202.1096,3.2080888888888888,3.0637,7.2236,7.5303,10.796465102872176,55,81.9764,1.49048,5.1033,0.1445,201.9651,10.796465102872176,completed
42,dcta_parity_v1,custom,5789862b56c579a63f65129a7c7ce0c99a25e7c55fba998a5a9699fc4a7df60b,03f32103aba060045f2661de3c031f6fbcbc73f46000a9666f166ad349c5805d,CBAA,ideal,1.0,clue_search,19,361,4,0.75,271,271,scale_g19_r4_cbaa_topk075,C:\Users\lottj\Desktop\research\decentralized benchmark\topk_filter_study\results\sensitivity_suite\scenarios\clue_g19_n50.csv,1871.9979,02,78,8,70,267.2319,3.42605,3.20915,6.8482,7.5159,14.275224347206798,70,114.6925,1.6384642857142857,5.2808,0.1219,267.11,14.275224347206798,completed
42,dcta_parity_v1,custom,5789862b56c579a63f65129a7c7ce0c99a25e7c55fba998a5a9699fc4a7df60b,03f32103aba060045f2661de3c031f6fbcbc73f46000a9666f166ad349c5805d,CBAA,ideal,1.0,clue_search,19,361,4,0.75,271,271,scale_g19_r4_cbaa_topk075,C:\Users\lottj\Desktop\research\decentralized benchmark\topk_filter_study\results\sensitivity_suite\scenarios\clue_g19_n50.csv,1871.9979,03,74,6,68,261.2942,3.5310027027027027,3.26505,7.2324,7.56,13.958039162330255,68,112.7012,1.657370588235294,5.0887,0.0872,261.207,13.958039162330255,completed
43,dcta_parity_v1,custom,5789862b56c579a63f65129a7c7ce0c99a25e7c55fba998a5a9699fc4a7df60b,03f32103aba060045f2661de3c031f6fbcbc73f46000a9666f166ad349c5805d,CBAA,ideal,1.0,clue_search,19,361,4,0.75,271,271,scale_g19_r4_cbaa_topk075,C:\Users\lottj\Desktop\research\decentralized benchmark\topk_filter_study\results\sensitivity_suite\scenarios\clue_g19_n50.csv,422.5295,00,16,7,9,80.97200000000001,5.0607500000000005,8.02845,10.5213,10.5213,19.163632361764094,9,62.1703,6.907811111111111,8.3956,0.0779,80.89410000000001,19.163632361764094,completed
43,dcta_parity_v1,custom,5789862b56c579a63f65129a7c7ce0c99a25e7c55fba998a5a9699fc4a7df60b,03f32103aba060045f2661de3c031f6fbcbc73f46000a9666f166ad349c5805d,CBAA,ideal,1.0,clue_search,19,361,4,0.75,271,271,scale_g19_r4_cbaa_topk075,C:\Users\lottj\Desktop\research\decentralized benchmark\topk_filter_study\results\sensitivity_suite\scenarios\clue_g19_n50.csv,422.5295,01,12,7,5,45.3668,3.7805666666666666,0.0143,10.9008,10.9008,10.7369544611678,5,35.1144,7.022880000000001,8.9318,0.0942,45.2726,10.7369544611678,completed
43,dcta_parity_v1,custom,5789862b56c579a63f65129a7c7ce0c99a25e7c55fba998a5a9699fc4a7df60b,03f32103aba060045f2661de3c031f6fbcbc73f46000a9666f166ad349c5805d,CBAA,ideal,1.0,clue_search,19,361,4,0.75,271,271,scale_g19_r4_cbaa_topk075,C:\Users\lottj\Desktop\research\decentralized benchmark\topk_filter_study\results\sensitivity_suite\scenarios\clue_g19_n50.csv,422.5295,02,15,7,8,73.5626,4.9041733333333335,7.7575,11.7602,11.7602,17.410050659184744,8,56.9905,7.1238125,9.7725,0.089,73.4736,17.410050659184744,completed
43,dcta_parity_v1,custom,5789862b56c579a63f65129a7c7ce0c99a25e7c55fba998a5a9699fc4a7df60b,03f32103aba060045f2661de3c031f6fbcbc73f46000a9666f166ad349c5805d,CBAA,ideal,1.0,clue_search,19,361,4,0.75,271,271,scale_g19_r4_cbaa_topk075,C:\Users\lottj\Desktop\research\decentralized benchmark\topk_filter_study\results\sensitivity_suite\scenarios\clue_g19_n50.csv,422.5295,03,15,5,10,95.3485,6.356566666666667,8.381,12.2911,12.2911,22.566116685343864,10,73.77799999999999,7.377799999999999,10.1375,0.0767,95.2718,22.566116685343864,completed
44,dcta_parity_v1,custom,5789862b56c579a63f65129a7c7ce0c99a25e7c55fba998a5a9699fc4a7df60b,03f32103aba060045f2661de3c031f6fbcbc73f46000a9666f166ad349c5805d,CBAA,ideal,1.0,clue_search,19,361,4,0.75,271,271,scale_g19_r4_cbaa_topk075,C:\Users\lottj\Desktop\research\decentralized benchmark\topk_filter_study\results\sensitivity_suite\scenarios\clue_g19_n50.csv,2225.7943,00,72,2,70,421.3422,5.8519749999999995,3.1125999999999996,16.2739,16.9642,18.929970303185698,69,275.6388,3.994765217391304,14.738,0.0338,421.3084,18.929970303185698,completed
44,dcta_parity_v1,custom,5789862b56c579a63f65129a7c7ce0c99a25e7c55fba998a5a9699fc4a7df60b,03f32103aba060045f2661de3c031f6fbcbc73f46000a9666f166ad349c5805d,CBAA,ideal,1.0,clue_search,19,361,4,0.75,271,271,scale_g19_r4_cbaa_topk075,C:\Users\lottj\Desktop\research\decentralized benchmark\topk_filter_study\results\sensitivity_suite\scenarios\clue_g19_n50.csv,2225.7943,01,74,2,72,389.325,5.261148648648648,3.0109500000000002,16.1541,17.5732,17.491508536974866,72,240.4767,3.339954166666667,15.3074,0.025099999999999997,389.2999,17.491508536974866,completed
44,dcta_parity_v1,custom,5789862b56c579a63f65129a7c7ce0c99a25e7c55fba998a5a9699fc4a7df60b,03f32103aba060045f2661de3c031f6fbcbc73f46000a9666f166ad349c5805d,CBAA,ideal,1.0,clue_search,19,361,4,0.75,271,271,scale_g19_r4_cbaa_topk075,C:\Users\lottj\Desktop\research\decentralized benchmark\topk_filter_study\results\sensitivity_suite\scenarios\clue_g19_n50.csv,2225.7943,02,76,3,73,378.5707,4.981193421052631,2.9779999999999998,16.6826,18.3592,17.008341696265465,73,228.0799,3.124382191780822,16.0082,0.0411,378.5296,17.008341696265465,completed
44,dcta_parity_v1,custom,5789862b56c579a63f65129a7c7ce0c99a25e7c55fba998a5a9699fc4a7df60b,03f32103aba060045f2661de3c031f6fbcbc73f46000a9666f166ad349c5805d,CBAA,ideal,1.0,clue_search,19,361,4,0.75,271,271,scale_g19_r4_cbaa_topk075,C:\Users\lottj\Desktop\research\decentralized benchmark\topk_filter_study\results\sensitivity_suite\scenarios\clue_g19_n50.csv,2225.7943,03,45,1,44,220.8051,4.90678,3.0203,16.3758,18.4872,9.920283289430655,44,127.4529,2.896656818181818,16.1085,0.0141,220.791,9.920283289430655,completed
45,dcta_parity_v1,custom,5789862b56c579a63f65129a7c7ce0c99a25e7c55fba998a5a9699fc4a7df60b,03f32103aba060045f2661de3c031f6fbcbc73f46000a9666f166ad349c5805d,CBAA,ideal,1.0,clue_search,19,361,4,0.75,271,271,scale_g19_r4_cbaa_topk075,C:\Users\lottj\Desktop\research\decentralized benchmark\topk_filter_study\results\sensitivity_suite\scenarios\clue_g19_n50.csv,140.0696,00,41,39,2,5.3685,0.1309390243902439,0.0135,0.0168,2.4893,3.8327374391017037,2,1.7747,0.88735,0.9047,0.5121,4.856400000000001,3.8327374391017037,completed
45,dcta_parity_v1,custom,5789862b56c579a63f65129a7c7ce0c99a25e7c55fba998a5a9699fc4a7df60b,03f32103aba060045f2661de3c031f6fbcbc73f46000a9666f166ad349c5805d,CBAA,ideal,1.0,clue_search,19,361,4,0.75,271,271,scale_g19_r4_cbaa_topk075,C:\Users\lottj\Desktop\research\decentralized benchmark\topk_filter_study\results\sensitivity_suite\scenarios\clue_g19_n50.csv,140.0696,01,41,40,1,3.0118,0.07345853658536586,0.0157,0.0275,2.3594,2.150216749387447,1,0.8626,0.8626,0.8626,0.6524,2.3594,2.150216749387447,completed
45,dcta_parity_v1,custom,5789862b56c579a63f65129a7c7ce0c99a25e7c55fba998a5a9699fc4a7df60b,03f32103aba060045f2661de3c031f6fbcbc73f46000a9666f166ad349c5805d,CBAA,ideal,1.0,clue_search,19,361,4,0.75,271,271,scale_g19_r4_cbaa_topk075,C:\Users\lottj\Desktop\research\decentralized benchmark\topk_filter_study\results\sensitivity_suite\scenarios\clue_g19_n50.csv,140.0696,02,42,40,2,5.4251,0.1291690476190476,0.0167,0.04,2.3941,3.8731459217417625,2,1.7429999999999999,0.8714999999999999,0.8885,0.691,4.7341,3.8731459217417625,completed
45,dcta_parity_v1,custom,5789862b56c579a63f65129a7c7ce0c99a25e7c55fba998a5a9699fc4a7df60b,03f32103aba060045f2661de3c031f6fbcbc73f46000a9666f166ad349c5805d,CBAA,ideal,1.0,clue_search,19,361,4,0.75,271,271,scale_g19_r4_cbaa_topk075,C:\Users\lottj\Desktop\research\decentralized benchmark\topk_filter_study\results\sensitivity_suite\scenarios\clue_g19_n50.csv,140.0696,03,39,38,1,2.866,0.07348717948717949,0.0133,0.0188,2.3651,2.0461256403959176,1,0.8725,0.8725,0.8725,0.5009,2.3651,2.0461256403959176,completed
46,dcta_parity_v1,custom,5789862b56c579a63f65129a7c7ce0c99a25e7c55fba998a5a9699fc4a7df60b,03f32103aba060045f2661de3c031f6fbcbc73f46000a9666f166ad349c5805d,CBAA,ideal,1.0,clue_search,19,361,4,0.75,271,271,scale_g19_r4_cbaa_topk075,C:\Users\lottj\Desktop\research\decentralized benchmark\topk_filter_study\results\sensitivity_suite\scenarios\clue_g19_n50.csv,1956.6371,00,78,9,69,396.1879,5.0793320512820515,2.9489,17.1381,17.7251,20.248409886534404,69,258.9435,3.7528043478260864,15.4821,0.0947,396.0932,20.248409886534404,completed
46,dcta_parity_v1,custom,5789862b56c579a63f65129a7c7ce0c99a25e7c55fba998a5a9699fc4a7df60b,03f32103aba060045f2661de3c031f6fbcbc73f46000a9666f166ad349c5805d,CBAA,ideal,1.0,clue_search,19,361,4,0.75,271,271,scale_g19_r4_cbaa_topk075,C:\Users\lottj\Desktop\research\decentralized benchmark\topk_filter_study\results\sensitivity_suite\scenarios\clue_g19_n50.csv,1956.6371,01,68,9,59,291.0713,4.280460294117647,2.87225,16.3522,18.1899,14.876100427616343,59,175.9382,2.9820033898305085,15.8216,0.1403,290.931,14.876100427616343,completed
46,dcta_parity_v1,custom,5789862b56c579a63f65129a7c7ce0c99a25e7c55fba998a5a9699fc4a7df60b,03f32103aba060045f2661de3c031f6fbcbc73f46000a9666f166ad349c5805d,CBAA,ideal,1.0,clue_search,19,361,4,0.75,271,271,scale_g19_r4_cbaa_topk075,C:\Users\lottj\Desktop\research\decentralized benchmark\topk_filter_study\results\sensitivity_suite\scenarios\clue_g19_n50.csv,1956.6371,02,60,9,51,308.2728,5.13788,2.92415,16.8897,18.3479,15.755236369585349,51,206.00459999999998,4.039305882352941,16.2075,0.1397,308.1331,15.755236369585349,completed
46,dcta_parity_v1,custom,5789862b56c579a63f65129a7c7ce0c99a25e7c55fba998a5a9699fc4a7df60b,03f32103aba060045f2661de3c031f6fbcbc73f46000a9666f166ad349c5805d,CBAA,ideal,1.0,clue_search,19,361,4,0.75,271,271,scale_g19_r4_cbaa_topk075,C:\Users\lottj\Desktop\research\decentralized benchmark\topk_filter_study\results\sensitivity_suite\scenarios\clue_g19_n50.csv,1956.6371,03,65,7,58,254.6544,3.9177600000000004,2.7733,15.2213,17.4177,13.014901945792607,58,142.8881,2.463587931034483,15.2833,0.0828,254.5716,13.014901945792607,completed
47,dcta_parity_v1,custom,5789862b56c579a63f65129a7c7ce0c99a25e7c55fba998a5a9699fc4a7df60b,03f32103aba060045f2661de3c031f6fbcbc73f46000a9666f166ad349c5805d,CBAA,ideal,1.0,clue_search,19,361,4,0.75,271,271,scale_g19_r4_cbaa_topk075,C:\Users\lottj\Desktop\research\decentralized benchmark\topk_filter_study\results\sensitivity_suite\scenarios\clue_g19_n50.csv,1655.4059,00,62,5,57,219.8843,3.5465209677419356,3.1407999999999996,7.3796,8.1657,13.28280272530139,57,94.6452,1.660442105263158,5.7939,0.048,219.8363,13.28280272530139,completed
47,dcta_parity_v1,custom,5789862b56c579a63f65129a7c7ce0c99a25e7c55fba998a5a9699fc4a7df60b,03f32103aba060045f2661de3c031f6fbcbc73f46000a9666f166ad349c5805d,CBAA,ideal,1.0,clue_search,19,361,4,0.75,271,271,scale_g19_r4_cbaa_topk075,C:\Users\lottj\Desktop\research\decentralized benchmark\topk_filter_study\results\sensitivity_suite\scenarios\clue_g19_n50.csv,1655.4059,01,66,4,62,267.1369,4.047528787878789,3.1347,7.9634,8.3168,16.137244647974253,62,130.2544,2.100877419354839,6.0328,0.056600000000000004,267.0803,16.137244647974253,completed
47,dcta_parity_v1,custom,5789862b56c579a63f65129a7c7ce0c99a25e7c55fba998a5a9699fc4a7df60b,03f32103aba060045f2661de3c031f6fbcbc73f46000a9666f166ad349c5805d,CBAA,ideal,1.0,clue_search,19,361,4,0.75,271,271,scale_g19_r4_cbaa_topk075,C:\Users\lottj\Desktop\research\decentralized benchmark\topk_filter_study\results\sensitivity_suite\scenarios\clue_g19_n50.csv,1655.4059,02,61,5,56,236.9314,3.88412131147541,3.1943,7.6518,8.3601,14.31258641762724,56,114.4084,2.043007142857143,6.0385,0.0757,236.85569999999998,14.31258641762724,completed
47,dcta_parity_v1,custom,5789862b56c579a63f65129a7c7ce0c99a25e7c55fba998a5a9699fc4a7df60b,03f32103aba060045f2661de3c031f6fbcbc73f46000a9666f166ad349c5805d,CBAA,ideal,1.0,clue_search,19,361,4,0.75,271,271,scale_g19_r4_cbaa_topk075,C:\Users\lottj\Desktop\research\decentralized benchmark\topk_filter_study\results\sensitivity_suite\scenarios\clue_g19_n50.csv,1655.4059,03,57,2,55,251.70770000000002,4.415924561403509,3.3969,7.8467,8.7329,15.205195293794713,55,128.2082,2.331058181818182,6.3677,0.0318,251.6759,15.205195293794713,completed
48,dcta_parity_v1,custom,5789862b56c579a63f65129a7c7ce0c99a25e7c55fba998a5a9699fc4a7df60b,03f32103aba060045f2661de3c031f6fbcbc73f46000a9666f166ad349c5805d,CBAA,ideal,1.0,clue_search,19,361,4,0.75,271,271,scale_g19_r4_cbaa_topk075,C:\Users\lottj\Desktop\research\decentralized benchmark\topk_filter_study\results\sensitivity_suite\scenarios\clue_g19_n50.csv,2002.3104,00,73,3,70,299.4936,4.102652054794521,3.3322,8.0927,8.8819,14.957401210122066,70,146.5844,2.094062857142857,6.7817,0.041299999999999996,299.4523,14.957401210122066,completed
48,dcta_parity_v1,custom,5789862b56c579a63f65129a7c7ce0c99a25e7c55fba998a5a9699fc4a7df60b,03f32103aba060045f2661de3c031f6fbcbc73f46000a9666f166ad349c5805d,CBAA,ideal,1.0,clue_search,19,361,4,0.75,271,271,scale_g19_r4_cbaa_topk075,C:\Users\lottj\Desktop\research\decentralized benchmark\topk_filter_study\results\sensitivity_suite\scenarios\clue_g19_n50.csv,2002.3104,01,60,2,58,222.4279,3.7071316666666667,3.11515,7.7931,9.3161,11.10856238872854,58,99.715,1.7192241379310345,6.7804,0.0278,222.4001,11.10856238872854,completed
48,dcta_parity_v1,custom,5789862b56c579a63f65129a7c7ce0c99a25e7c55fba998a5a9699fc4a7df60b,03f32103aba060045f2661de3c031f6fbcbc73f46000a9666f166ad349c5805d,CBAA,ideal,1.0,clue_search,19,361,4,0.75,271,271,scale_g19_r4_cbaa_topk075,C:\Users\lottj\Desktop\research\decentralized benchmark\topk_filter_study\results\sensitivity_suite\scenarios\clue_g19_n50.csv,2002.3104,02,75,2,73,327.6729,4.368972,3.3935,8.1317,9.2468,16.364740451830045,73,167.6961,2.2972068493150686,6.2573,0.026099999999999998,327.6468,16.364740451830045,completed
48,dcta_parity_v1,custom,5789862b56c579a63f65129a7c7ce0c99a25e7c55fba998a5a9699fc4a7df60b,03f32103aba060045f2661de3c031f6fbcbc73f46000a9666f166ad349c5805d,CBAA,ideal,1.0,clue_search,19,361,4,0.75,271,271,scale_g19_r4_cbaa_topk075,C:\Users\lottj\Desktop\research\decentralized benchmark\topk_filter_study\results\sensitivity_suite\scenarios\clue_g19_n50.csv,2002.3104,03,76,1,75,331.4846,4.36163947368421,3.4212499999999997,8.2086,8.2975,16.55510554207779,75,166.5369,2.220492,5.976,0.0335,331.4511,16.55510554207779,completed
49,dcta_parity_v1,custom,5789862b56c579a63f65129a7c7ce0c99a25e7c55fba998a5a9699fc4a7df60b,03f32103aba060045f2661de3c031f6fbcbc73f46000a9666f166ad349c5805d,CBAA,ideal,1.0,clue_search,19,361,4,0.75,271,271,scale_g19_r4_cbaa_topk075,C:\Users\lottj\Desktop\research\decentralized benchmark\topk_filter_study\results\sensitivity_suite\scenarios\clue_g19_n50.csv,265.5492,00,36,25,11,29.996,0.8332222222222222,0.00925,2.9801,4.335,11.295835197394682,11,10.2299,0.9299909090909092,1.1796,0.2265,29.7695,11.295835197394682,completed
49,dcta_parity_v1,custom,5789862b56c579a63f65129a7c7ce0c99a25e7c55fba998a5a9699fc4a7df60b,03f32103aba060045f2661de3c031f6fbcbc73f46000a9666f166ad349c5805d,CBAA,ideal,1.0,clue_search,19,361,4,0.75,271,271,scale_g19_r4_cbaa_topk075,C:\Users\lottj\Desktop\research\decentralized benchmark\topk_filter_study\results\sensitivity_suite\scenarios\clue_g19_n50.csv,265.5492,01,34,25,9,24.0067,0.7060794117647058,0.012,2.9636,3.1509,9.040396280613914,9,8.4113,0.9345888888888889,1.11,0.2983,23.7084,9.040396280613914,completed
49,dcta_parity_v1,custom,5789862b56c579a63f65129a7c7ce0c99a25e7c55fba998a5a9699fc4a7df60b,03f32103aba060045f2661de3c031f6fbcbc73f46000a9666f166ad349c5805d,CBAA,ideal,1.0,clue_search,19,361,4,0.75,271,271,scale_g19_r4_cbaa_topk075,C:\Users\lottj\Desktop\research\decentralized benchmark\topk_filter_study\results\sensitivity_suite\scenarios\clue_g19_n50.csv,265.5492,02,36,26,10,28.7975,0.7999305555555556,0.0123,2.9655,3.7366,10.844506404086324,10,10.0236,1.00236,1.1238,0.3111,28.4864,10.844506404086324,completed
49,dcta_parity_v1,custom,5789862b56c579a63f65129a7c7ce0c99a25e7c55fba998a5a9699fc4a7df60b,03f32103aba060045f2661de3c031f6fbcbc73f46000a9666f166ad349c5805d,CBAA,ideal,1.0,clue_search,19,361,4,0.75,271,271,scale_g19_r4_cbaa_topk075,C:\Users\lottj\Desktop\research\decentralized benchmark\topk_filter_study\results\sensitivity_suite\scenarios\clue_g19_n50.csv,265.5492,03,31,23,8,21.1991,0.6838419354838711,0.01,2.9748,3.0237,7.98311574653586,8,7.5374,0.942175,1.1113,0.2359,20.9632,7.98311574653586,completed
