trial_id,logic_revision,study_profile,scenario_file_sha256,scenario_selection_sha256,algorithm,comm_model,comm_level,trial_mode,grid_size,grid_cells,robot_count,top_k_rate,top_k_max_cells,max_candidate_cells,condition_id,scenario_file,host_trial_runtime_ms,robot_id,allocator_calls,allocator_calls_pre_clue,allocator_calls_post_clue,allocator_time_ms_total,allocator_time_ms_mean,allocator_time_ms_median,allocator_time_ms_p95,allocator_time_ms_max,allocator_time_pct,candidate_filter_calls,candidate_filter_time_ms_total,candidate_filter_time_ms_mean,candidate_filter_time_ms_max,allocator_time_ms_pre_clue_total,allocator_time_ms_post_clue_total,allocator_host_runtime_pct,trial_status
0,dcta_parity_v1,custom,ae14bee1828d1c0dcb7b43653aba724543f73a298e3ecda5443cfe335ed0f6b2,6bdd9a364b88f43408248d2c3ec330144acbe295f246a95740198128e5f5dcfc,HIPC,ideal,1.0,clue_search,28,784,4,0.05,39,39,scale_g28_r4_hipc_topk005,C:\Users\lottj\Desktop\research\decentralized benchmark\topk_filter_study\results\sensitivity_suite\scenarios\clue_g28_n50.csv,303.7174,00,58,56,2,15.5806,0.2686310344827586,0.027950000000000003,0.0491,7.0933,5.129966212011561,2,4.925,2.4625,2.5079,1.5904,13.9902,5.129966212011561,completed
0,dcta_parity_v1,custom,ae14bee1828d1c0dcb7b43653aba724543f73a298e3ecda5443cfe335ed0f6b2,6bdd9a364b88f43408248d2c3ec330144acbe295f246a95740198128e5f5dcfc,HIPC,ideal,1.0,clue_search,28,784,4,0.05,39,39,scale_g28_r4_hipc_topk005,C:\Users\lottj\Desktop\research\decentralized benchmark\topk_filter_study\results\sensitivity_suite\scenarios\clue_g28_n50.csv,303.7174,01,57,56,1,8.623899999999999,0.15129649122807015,0.0311,0.0491,6.8195,2.839448777053932,1,2.3903,2.3903,2.3903,1.8044,6.8195,2.839448777053932,completed
0,dcta_parity_v1,custom,ae14bee1828d1c0dcb7b43653aba724543f73a298e3ecda5443cfe335ed0f6b2,6bdd9a364b88f43408248d2c3ec330144acbe295f246a95740198128e5f5dcfc,HIPC,ideal,1.0,clue_search,28,784,4,0.05,39,39,scale_g28_r4_hipc_topk005,C:\Users\lottj\Desktop\research\decentralized benchmark\topk_filter_study\results\sensitivity_suite\scenarios\clue_g28_n50.csv,303.7174,02,57,56,1,8.9755,0.15746491228070175,0.0334,0.0892,6.9966,2.95521428801906,1,2.4507,2.4507,2.4507,1.9789,6.9966,2.95521428801906,completed
0,dcta_parity_v1,custom,ae14bee1828d1c0dcb7b43653aba724543f73a298e3ecda5443cfe335ed0f6b2,6bdd9a364b88f43408248d2c3ec330144acbe295f246a95740198128e5f5dcfc,HIPC,ideal,1.0,clue_search,28,784,4,0.05,39,39,scale_g28_r4_hipc_topk005,C:\Users\lottj\Desktop\research\decentralized benchmark\topk_filter_study\results\sensitivity_suite\scenarios\clue_g28_n50.csv,303.7174,03,29,28,1,7.9571,0.2743827586206896,0.032,0.0569,7.0393,2.619902580490943,1,2.4654,2.4654,2.4654,0.9178,7.0393,2.619902580490943,completed
1,dcta_parity_v1,custom,ae14bee1828d1c0dcb7b43653aba724543f73a298e3ecda5443cfe335ed0f6b2,6bdd9a364b88f43408248d2c3ec330144acbe295f246a95740198128e5f5dcfc,HIPC,ideal,1.0,clue_search,28,784,4,0.05,39,39,scale_g28_r4_hipc_topk005,C:\Users\lottj\Desktop\research\decentralized benchmark\topk_filter_study\results\sensitivity_suite\scenarios\clue_g28_n50.csv,562.7266,00,29,20,9,39.3277,1.3561275862068967,0.0289,5.8709,5.9718,6.988775721638182,9,27.4039,3.044877777777778,4.0398,0.5962,38.7315,6.988775721638182,completed
1,dcta_parity_v1,custom,ae14bee1828d1c0dcb7b43653aba724543f73a298e3ecda5443cfe335ed0f6b2,6bdd9a364b88f43408248d2c3ec330144acbe295f246a95740198128e5f5dcfc,HIPC,ideal,1.0,clue_search,28,784,4,0.05,39,39,scale_g28_r4_hipc_topk005,C:\Users\lottj\Desktop\research\decentralized benchmark\topk_filter_study\results\sensitivity_suite\scenarios\clue_g28_n50.csv,562.7266,01,36,20,16,85.1398,2.364994444444444,0.0327,6.7715,7.3999,15.129869460587077,16,52.4088,3.27555,4.5479,0.534,84.6058,15.129869460587077,completed
1,dcta_parity_v1,custom,ae14bee1828d1c0dcb7b43653aba724543f73a298e3ecda5443cfe335ed0f6b2,6bdd9a364b88f43408248d2c3ec330144acbe295f246a95740198128e5f5dcfc,HIPC,ideal,1.0,clue_search,28,784,4,0.05,39,39,scale_g28_r4_hipc_topk005,C:\Users\lottj\Desktop\research\decentralized benchmark\topk_filter_study\results\sensitivity_suite\scenarios\clue_g28_n50.csv,562.7266,02,37,20,17,89.3105,2.4137972972972976,0.037,6.5575,8.4726,15.871028666496308,17,52.7557,3.103276470588235,4.3138,0.5619,88.7486,15.871028666496308,completed
1,dcta_parity_v1,custom,ae14bee1828d1c0dcb7b43653aba724543f73a298e3ecda5443cfe335ed0f6b2,6bdd9a364b88f43408248d2c3ec330144acbe295f246a95740198128e5f5dcfc,HIPC,ideal,1.0,clue_search,28,784,4,0.05,39,39,scale_g28_r4_hipc_topk005,C:\Users\lottj\Desktop\research\decentralized benchmark\topk_filter_study\results\sensitivity_suite\scenarios\clue_g28_n50.csv,562.7266,03,30,19,11,53.1643,1.7721433333333332,0.04405,6.961,7.0172,9.447625187791015,11,34.6351,3.1486454545454547,3.7726,0.6363,52.528,9.447625187791015,completed
2,dcta_parity_v1,custom,ae14bee1828d1c0dcb7b43653aba724543f73a298e3ecda5443cfe335ed0f6b2,6bdd9a364b88f43408248d2c3ec330144acbe295f246a95740198128e5f5dcfc,HIPC,ideal,1.0,clue_search,28,784,4,0.05,39,39,scale_g28_r4_hipc_topk005,C:\Users\lottj\Desktop\research\decentralized benchmark\topk_filter_study\results\sensitivity_suite\scenarios\clue_g28_n50.csv,199.3166,00,44,44,0,1.5204,0.034554545454545456,0.030699999999999998,0.0698,0.1184,0.7628065098441374,0,0.0,0.0,0.0,1.5204,0.0,0.7628065098441374,completed
2,dcta_parity_v1,custom,ae14bee1828d1c0dcb7b43653aba724543f73a298e3ecda5443cfe335ed0f6b2,6bdd9a364b88f43408248d2c3ec330144acbe295f246a95740198128e5f5dcfc,HIPC,ideal,1.0,clue_search,28,784,4,0.05,39,39,scale_g28_r4_hipc_topk005,C:\Users\lottj\Desktop\research\decentralized benchmark\topk_filter_study\results\sensitivity_suite\scenarios\clue_g28_n50.csv,199.3166,01,44,44,0,1.5033,0.034165909090909094,0.03395,0.0495,0.0575,0.7542271943230018,0,0.0,0.0,0.0,1.5033,0.0,0.7542271943230018,completed
2,dcta_parity_v1,custom,ae14bee1828d1c0dcb7b43653aba724543f73a298e3ecda5443cfe335ed0f6b2,6bdd9a364b88f43408248d2c3ec330144acbe295f246a95740198128e5f5dcfc,HIPC,ideal,1.0,clue_search,28,784,4,0.05,39,39,scale_g28_r4_hipc_topk005,C:\Users\lottj\Desktop\research\decentralized benchmark\topk_filter_study\results\sensitivity_suite\scenarios\clue_g28_n50.csv,199.3166,02,45,45,0,1.6664,0.03703111111111111,0.0396,0.0527,0.0546,0.8360568061064659,0,0.0,0.0,0.0,1.6664,0.0,0.8360568061064659,completed
2,dcta_parity_v1,custom,ae14bee1828d1c0dcb7b43653aba724543f73a298e3ecda5443cfe335ed0f6b2,6bdd9a364b88f43408248d2c3ec330144acbe295f246a95740198128e5f5dcfc,HIPC,ideal,1.0,clue_search,28,784,4,0.05,39,39,scale_g28_r4_hipc_topk005,C:\Users\lottj\Desktop\research\decentralized benchmark\topk_filter_study\results\sensitivity_suite\scenarios\clue_g28_n50.csv,199.3166,03,28,28,0,1.1279,0.04028214285714286,0.0336,0.0908,0.0943,0.5658836243443848,0,0.0,0.0,0.0,1.1279,0.0,0.5658836243443848,completed
3,dcta_parity_v1,custom,ae14bee1828d1c0dcb7b43653aba724543f73a298e3ecda5443cfe335ed0f6b2,6bdd9a364b88f43408248d2c3ec330144acbe295f246a95740198128e5f5dcfc,HIPC,ideal,1.0,clue_search,28,784,4,0.05,39,39,scale_g28_r4_hipc_topk005,C:\Users\lottj\Desktop\research\decentralized benchmark\topk_filter_study\results\sensitivity_suite\scenarios\clue_g28_n50.csv,519.6142,00,49,48,1,10.832,0.22106122448979593,0.0271,0.0422,9.5379,2.0846235533978863,1,4.5096,4.5096,4.5096,1.2941,9.5379,2.0846235533978863,completed
3,dcta_parity_v1,custom,ae14bee1828d1c0dcb7b43653aba724543f73a298e3ecda5443cfe335ed0f6b2,6bdd9a364b88f43408248d2c3ec330144acbe295f246a95740198128e5f5dcfc,HIPC,ideal,1.0,clue_search,28,784,4,0.05,39,39,scale_g28_r4_hipc_topk005,C:\Users\lottj\Desktop\research\decentralized benchmark\topk_filter_study\results\sensitivity_suite\scenarios\clue_g28_n50.csv,519.6142,01,52,48,4,28.1027,0.5404365384615384,0.03105,4.1199,9.4118,5.408377985051217,4,14.6478,3.66195,4.5646,1.4539,26.6488,5.408377985051217,completed
3,dcta_parity_v1,custom,ae14bee1828d1c0dcb7b43653aba724543f73a298e3ecda5443cfe335ed0f6b2,6bdd9a364b88f43408248d2c3ec330144acbe295f246a95740198128e5f5dcfc,HIPC,ideal,1.0,clue_search,28,784,4,0.05,39,39,scale_g28_r4_hipc_topk005,C:\Users\lottj\Desktop\research\decentralized benchmark\topk_filter_study\results\sensitivity_suite\scenarios\clue_g28_n50.csv,519.6142,02,56,48,8,59.2203,1.0575053571428572,0.03575,8.8649,9.5939,11.396974909461674,8,30.153200000000002,3.7691500000000002,4.6844,1.6519,57.568400000000004,11.396974909461674,completed
3,dcta_parity_v1,custom,ae14bee1828d1c0dcb7b43653aba724543f73a298e3ecda5443cfe335ed0f6b2,6bdd9a364b88f43408248d2c3ec330144acbe295f246a95740198128e5f5dcfc,HIPC,ideal,1.0,clue_search,28,784,4,0.05,39,39,scale_g28_r4_hipc_topk005,C:\Users\lottj\Desktop\research\decentralized benchmark\topk_filter_study\results\sensitivity_suite\scenarios\clue_g28_n50.csv,519.6142,03,38,28,10,69.996,1.8419999999999999,0.036500000000000005,9.4061,9.4086,13.470763501074451,10,37.4311,3.74311,4.6279,0.9173,69.0787,13.470763501074451,completed
4,dcta_parity_v1,custom,ae14bee1828d1c0dcb7b43653aba724543f73a298e3ecda5443cfe335ed0f6b2,6bdd9a364b88f43408248d2c3ec330144acbe295f246a95740198128e5f5dcfc,HIPC,ideal,1.0,clue_search,28,784,4,0.05,39,39,scale_g28_r4_hipc_topk005,C:\Users\lottj\Desktop\research\decentralized benchmark\topk_filter_study\results\sensitivity_suite\scenarios\clue_g28_n50.csv,549.1852,00,51,42,9,48.2351,0.945786274509804,0.0279,5.5432,7.9588,8.783029841299438,9,24.7032,2.7447999999999997,3.3276,1.0772,47.1579,8.783029841299438,completed
4,dcta_parity_v1,custom,ae14bee1828d1c0dcb7b43653aba724543f73a298e3ecda5443cfe335ed0f6b2,6bdd9a364b88f43408248d2c3ec330144acbe295f246a95740198128e5f5dcfc,HIPC,ideal,1.0,clue_search,28,784,4,0.05,39,39,scale_g28_r4_hipc_topk005,C:\Users\lottj\Desktop\research\decentralized benchmark\topk_filter_study\results\sensitivity_suite\scenarios\clue_g28_n50.csv,549.1852,01,54,42,12,79.6165,1.4743796296296297,0.0289,8.3092,9.4031,14.497204221818068,12,36.1136,3.0094666666666665,4.3498,1.1228,78.4937,14.497204221818068,completed
4,dcta_parity_v1,custom,ae14bee1828d1c0dcb7b43653aba724543f73a298e3ecda5443cfe335ed0f6b2,6bdd9a364b88f43408248d2c3ec330144acbe295f246a95740198128e5f5dcfc,HIPC,ideal,1.0,clue_search,28,784,4,0.05,39,39,scale_g28_r4_hipc_topk005,C:\Users\lottj\Desktop\research\decentralized benchmark\topk_filter_study\results\sensitivity_suite\scenarios\clue_g28_n50.csv,549.1852,02,47,42,5,33.8052,0.7192595744680851,0.0336,6.3536,8.366,6.155519121782597,5,15.2793,3.05586,3.608,1.3609,32.4443,6.155519121782597,completed
4,dcta_parity_v1,custom,ae14bee1828d1c0dcb7b43653aba724543f73a298e3ecda5443cfe335ed0f6b2,6bdd9a364b88f43408248d2c3ec330144acbe295f246a95740198128e5f5dcfc,HIPC,ideal,1.0,clue_search,28,784,4,0.05,39,39,scale_g28_r4_hipc_topk005,C:\Users\lottj\Desktop\research\decentralized benchmark\topk_filter_study\results\sensitivity_suite\scenarios\clue_g28_n50.csv,549.1852,03,34,28,6,29.7058,0.8737,0.028999999999999998,4.3766,8.4307,5.409067833583279,6,19.169,3.1948333333333334,3.6456,0.8198,28.886,5.409067833583279,completed
5,dcta_parity_v1,custom,ae14bee1828d1c0dcb7b43653aba724543f73a298e3ecda5443cfe335ed0f6b2,6bdd9a364b88f43408248d2c3ec330144acbe295f246a95740198128e5f5dcfc,HIPC,ideal,1.0,clue_search,28,784,4,0.05,39,39,scale_g28_r4_hipc_topk005,C:\Users\lottj\Desktop\research\decentralized benchmark\topk_filter_study\results\sensitivity_suite\scenarios\clue_g28_n50.csv,3961.0588,00,85,1,84,375.8991,4.422342352941176,4.425,5.2605,7.4129,9.489864174699957,84,233.7965,2.783291666666667,4.3008,0.0465,375.8526,9.489864174699957,completed
5,dcta_parity_v1,custom,ae14bee1828d1c0dcb7b43653aba724543f73a298e3ecda5443cfe335ed0f6b2,6bdd9a364b88f43408248d2c3ec330144acbe295f246a95740198128e5f5dcfc,HIPC,ideal,1.0,clue_search,28,784,4,0.05,39,39,scale_g28_r4_hipc_topk005,C:\Users\lottj\Desktop\research\decentralized benchmark\topk_filter_study\results\sensitivity_suite\scenarios\clue_g28_n50.csv,3961.0588,01,68,1,67,317.5901,4.670442647058824,4.5415,7.5554,9.1111,8.017808268839635,67,210.5575,3.1426492537313435,4.4831,0.0801,317.51,8.017808268839635,completed
5,dcta_parity_v1,custom,ae14bee1828d1c0dcb7b43653aba724543f73a298e3ecda5443cfe335ed0f6b2,6bdd9a364b88f43408248d2c3ec330144acbe295f246a95740198128e5f5dcfc,HIPC,ideal,1.0,clue_search,28,784,4,0.05,39,39,scale_g28_r4_hipc_topk005,C:\Users\lottj\Desktop\research\decentralized benchmark\topk_filter_study\results\sensitivity_suite\scenarios\clue_g28_n50.csv,3961.0588,02,119,1,118,578.3848,4.8603764705882355,4.6212,6.8331,10.0211,14.601772637154491,118,338.5235,2.868843220338983,4.3902,0.0531,578.3317,14.601772637154491,completed
5,dcta_parity_v1,custom,ae14bee1828d1c0dcb7b43653aba724543f73a298e3ecda5443cfe335ed0f6b2,6bdd9a364b88f43408248d2c3ec330144acbe295f246a95740198128e5f5dcfc,HIPC,ideal,1.0,clue_search,28,784,4,0.05,39,39,scale_g28_r4_hipc_topk005,C:\Users\lottj\Desktop\research\decentralized benchmark\topk_filter_study\results\sensitivity_suite\scenarios\clue_g28_n50.csv,3961.0588,03,109,1,108,513.6862,4.712717431192661,4.6147,5.8254,8.1228,12.968406326106544,108,320.9593,2.9718453703703704,4.4964,0.0707,513.6155,12.968406326106544,completed
6,dcta_parity_v1,custom,ae14bee1828d1c0dcb7b43653aba724543f73a298e3ecda5443cfe335ed0f6b2,6bdd9a364b88f43408248d2c3ec330144acbe295f246a95740198128e5f5dcfc,HIPC,ideal,1.0,clue_search,28,784,4,0.05,39,39,scale_g28_r4_hipc_topk005,C:\Users\lottj\Desktop\research\decentralized benchmark\topk_filter_study\results\sensitivity_suite\scenarios\clue_g28_n50.csv,170.7034,00,34,34,0,1.0488,0.03084705882352941,0.0284,0.0409,0.0854,0.6143990102130362,0,0.0,0.0,0.0,1.0488,0.0,0.6143990102130362,completed
6,dcta_parity_v1,custom,ae14bee1828d1c0dcb7b43653aba724543f73a298e3ecda5443cfe335ed0f6b2,6bdd9a364b88f43408248d2c3ec330144acbe295f246a95740198128e5f5dcfc,HIPC,ideal,1.0,clue_search,28,784,4,0.05,39,39,scale_g28_r4_hipc_topk005,C:\Users\lottj\Desktop\research\decentralized benchmark\topk_filter_study\results\sensitivity_suite\scenarios\clue_g28_n50.csv,170.7034,01,34,34,0,1.1359,0.03340882352941176,0.03195,0.0459,0.0546,0.6654231843068152,0,0.0,0.0,0.0,1.1359,0.0,0.6654231843068152,completed
6,dcta_parity_v1,custom,ae14bee1828d1c0dcb7b43653aba724543f73a298e3ecda5443cfe335ed0f6b2,6bdd9a364b88f43408248d2c3ec330144acbe295f246a95740198128e5f5dcfc,HIPC,ideal,1.0,clue_search,28,784,4,0.05,39,39,scale_g28_r4_hipc_topk005,C:\Users\lottj\Desktop\research\decentralized benchmark\topk_filter_study\results\sensitivity_suite\scenarios\clue_g28_n50.csv,170.7034,02,34,34,0,1.183,0.03479411764705882,0.03305,0.0459,0.0566,0.6930149018707303,0,0.0,0.0,0.0,1.183,0.0,0.6930149018707303,completed
6,dcta_parity_v1,custom,ae14bee1828d1c0dcb7b43653aba724543f73a298e3ecda5443cfe335ed0f6b2,6bdd9a364b88f43408248d2c3ec330144acbe295f246a95740198128e5f5dcfc,HIPC,ideal,1.0,clue_search,28,784,4,0.05,39,39,scale_g28_r4_hipc_topk005,C:\Users\lottj\Desktop\research\decentralized benchmark\topk_filter_study\results\sensitivity_suite\scenarios\clue_g28_n50.csv,170.7034,03,28,28,0,1.0308,0.03681428571428571,0.0351,0.0467,0.0687,0.6038544047745974,0,0.0,0.0,0.0,1.0308,0.0,0.6038544047745974,completed
7,dcta_parity_v1,custom,ae14bee1828d1c0dcb7b43653aba724543f73a298e3ecda5443cfe335ed0f6b2,6bdd9a364b88f43408248d2c3ec330144acbe295f246a95740198128e5f5dcfc,HIPC,ideal,1.0,clue_search,28,784,4,0.05,39,39,scale_g28_r4_hipc_topk005,C:\Users\lottj\Desktop\research\decentralized benchmark\topk_filter_study\results\sensitivity_suite\scenarios\clue_g28_n50.csv,3619.9928,00,96,26,70,328.9461,3.426521875,3.97525,6.2181,9.79,9.0869269132248,70,217.5253,3.1075042857142856,4.9896,1.0608,327.8853,9.0869269132248,completed
7,dcta_parity_v1,custom,ae14bee1828d1c0dcb7b43653aba724543f73a298e3ecda5443cfe335ed0f6b2,6bdd9a364b88f43408248d2c3ec330144acbe295f246a95740198128e5f5dcfc,HIPC,ideal,1.0,clue_search,28,784,4,0.05,39,39,scale_g28_r4_hipc_topk005,C:\Users\lottj\Desktop\research\decentralized benchmark\topk_filter_study\results\sensitivity_suite\scenarios\clue_g28_n50.csv,3619.9928,01,108,26,82,393.9312,3.647511111111111,4.4203,6.1087,10.0009,10.882098992020094,82,262.8113,3.2050158536585367,5.1938,0.9193,393.0119,10.882098992020094,completed
7,dcta_parity_v1,custom,ae14bee1828d1c0dcb7b43653aba724543f73a298e3ecda5443cfe335ed0f6b2,6bdd9a364b88f43408248d2c3ec330144acbe295f246a95740198128e5f5dcfc,HIPC,ideal,1.0,clue_search,28,784,4,0.05,39,39,scale_g28_r4_hipc_topk005,C:\Users\lottj\Desktop\research\decentralized benchmark\topk_filter_study\results\sensitivity_suite\scenarios\clue_g28_n50.csv,3619.9928,02,125,26,99,544.2693,4.3541544000000005,4.3802,9.5018,10.3204,15.035093439964855,99,320.5178,3.2375535353535354,5.308,1.0044,543.2649,15.035093439964855,completed
7,dcta_parity_v1,custom,ae14bee1828d1c0dcb7b43653aba724543f73a298e3ecda5443cfe335ed0f6b2,6bdd9a364b88f43408248d2c3ec330144acbe295f246a95740198128e5f5dcfc,HIPC,ideal,1.0,clue_search,28,784,4,0.05,39,39,scale_g28_r4_hipc_topk005,C:\Users\lottj\Desktop\research\decentralized benchmark\topk_filter_study\results\sensitivity_suite\scenarios\clue_g28_n50.csv,3619.9928,03,101,27,74,372.7263,3.690359405940594,4.46,6.5767,10.1449,10.2963271087169,74,247.8613,3.349477027027027,5.2095,1.0275,371.6988,10.2963271087169,completed
8,dcta_parity_v1,custom,ae14bee1828d1c0dcb7b43653aba724543f73a298e3ecda5443cfe335ed0f6b2,6bdd9a364b88f43408248d2c3ec330144acbe295f246a95740198128e5f5dcfc,HIPC,ideal,1.0,clue_search,28,784,4,0.05,39,39,scale_g28_r4_hipc_topk005,C:\Users\lottj\Desktop\research\decentralized benchmark\topk_filter_study\results\sensitivity_suite\scenarios\clue_g28_n50.csv,49.8497,00,9,9,0,0.3172,0.03524444444444444,0.0294,0.0841,0.0841,0.6363127561449717,0,0.0,0.0,0.0,0.3172,0.0,0.6363127561449717,completed
8,dcta_parity_v1,custom,ae14bee1828d1c0dcb7b43653aba724543f73a298e3ecda5443cfe335ed0f6b2,6bdd9a364b88f43408248d2c3ec330144acbe295f246a95740198128e5f5dcfc,HIPC,ideal,1.0,clue_search,28,784,4,0.05,39,39,scale_g28_r4_hipc_topk005,C:\Users\lottj\Desktop\research\decentralized benchmark\topk_filter_study\results\sensitivity_suite\scenarios\clue_g28_n50.csv,49.8497,01,10,10,0,0.3108,0.031080000000000003,0.029249999999999998,0.0498,0.0498,0.6234741633349851,0,0.0,0.0,0.0,0.3108,0.0,0.6234741633349851,completed
8,dcta_parity_v1,custom,ae14bee1828d1c0dcb7b43653aba724543f73a298e3ecda5443cfe335ed0f6b2,6bdd9a364b88f43408248d2c3ec330144acbe295f246a95740198128e5f5dcfc,HIPC,ideal,1.0,clue_search,28,784,4,0.05,39,39,scale_g28_r4_hipc_topk005,C:\Users\lottj\Desktop\research\decentralized benchmark\topk_filter_study\results\sensitivity_suite\scenarios\clue_g28_n50.csv,49.8497,02,9,9,0,0.2963,0.03292222222222222,0.0311,0.0469,0.0469,0.5943867264998587,0,0.0,0.0,0.0,0.2963,0.0,0.5943867264998587,completed
8,dcta_parity_v1,custom,ae14bee1828d1c0dcb7b43653aba724543f73a298e3ecda5443cfe335ed0f6b2,6bdd9a364b88f43408248d2c3ec330144acbe295f246a95740198128e5f5dcfc,HIPC,ideal,1.0,clue_search,28,784,4,0.05,39,39,scale_g28_r4_hipc_topk005,C:\Users\lottj\Desktop\research\decentralized benchmark\topk_filter_study\results\sensitivity_suite\scenarios\clue_g28_n50.csv,49.8497,03,10,10,0,0.4266,0.04266,0.0366,0.0836,0.0836,0.855772451990684,0,0.0,0.0,0.0,0.4266,0.0,0.855772451990684,completed
9,dcta_parity_v1,custom,ae14bee1828d1c0dcb7b43653aba724543f73a298e3ecda5443cfe335ed0f6b2,6bdd9a364b88f43408248d2c3ec330144acbe295f246a95740198128e5f5dcfc,HIPC,ideal,1.0,clue_search,28,784,4,0.05,39,39,scale_g28_r4_hipc_topk005,C:\Users\lottj\Desktop\research\decentralized benchmark\topk_filter_study\results\sensitivity_suite\scenarios\clue_g28_n50.csv,692.2124,00,34,30,4,25.9221,0.7624147058823529,0.0271,6.0653,8.2654,3.7448187868347924,4,16.7257,4.181425,4.4379,0.8479,25.074199999999998,3.7448187868347924,completed
9,dcta_parity_v1,custom,ae14bee1828d1c0dcb7b43653aba724543f73a298e3ecda5443cfe335ed0f6b2,6bdd9a364b88f43408248d2c3ec330144acbe295f246a95740198128e5f5dcfc,HIPC,ideal,1.0,clue_search,28,784,4,0.05,39,39,scale_g28_r4_hipc_topk005,C:\Users\lottj\Desktop\research\decentralized benchmark\topk_filter_study\results\sensitivity_suite\scenarios\clue_g28_n50.csv,692.2124,01,40,31,9,61.1019,1.5275475,0.0303,6.4773,10.0178,8.827044993704245,9,40.3823,4.486922222222223,5.0241,0.9244,60.177499999999995,8.827044993704245,completed
9,dcta_parity_v1,custom,ae14bee1828d1c0dcb7b43653aba724543f73a298e3ecda5443cfe335ed0f6b2,6bdd9a364b88f43408248d2c3ec330144acbe295f246a95740198128e5f5dcfc,HIPC,ideal,1.0,clue_search,28,784,4,0.05,39,39,scale_g28_r4_hipc_topk005,C:\Users\lottj\Desktop\research\decentralized benchmark\topk_filter_study\results\sensitivity_suite\scenarios\clue_g28_n50.csv,692.2124,02,43,31,12,102.1721,2.376095348837209,0.0333,10.2416,11.1858,14.760223885038753,12,55.0469,4.587241666666666,5.6016,1.0775000000000001,101.0946,14.760223885038753,completed
9,dcta_parity_v1,custom,ae14bee1828d1c0dcb7b43653aba724543f73a298e3ecda5443cfe335ed0f6b2,6bdd9a364b88f43408248d2c3ec330144acbe295f246a95740198128e5f5dcfc,HIPC,ideal,1.0,clue_search,28,784,4,0.05,39,39,scale_g28_r4_hipc_topk005,C:\Users\lottj\Desktop\research\decentralized benchmark\topk_filter_study\results\sensitivity_suite\scenarios\clue_g28_n50.csv,692.2124,03,40,28,12,95.5966,2.389915,0.0354,10.1667,10.4695,13.810298688668391,12,56.875,4.739583333333333,5.5213,0.9828,94.6138,13.810298688668391,completed
10,dcta_parity_v1,custom,ae14bee1828d1c0dcb7b43653aba724543f73a298e3ecda5443cfe335ed0f6b2,6bdd9a364b88f43408248d2c3ec330144acbe295f246a95740198128e5f5dcfc,HIPC,ideal,1.0,clue_search,28,784,4,0.05,39,39,scale_g28_r4_hipc_topk005,C:\Users\lottj\Desktop\research\decentralized benchmark\topk_filter_study\results\sensitivity_suite\scenarios\clue_g28_n50.csv,2744.145,00,46,15,31,173.26930000000002,3.7667239130434784,4.654,7.6344,9.7443,6.314145207341449,31,124.6768,4.021832258064516,5.9749,0.4337,172.8356,6.314145207341449,completed
10,dcta_parity_v1,custom,ae14bee1828d1c0dcb7b43653aba724543f73a298e3ecda5443cfe335ed0f6b2,6bdd9a364b88f43408248d2c3ec330144acbe295f246a95740198128e5f5dcfc,HIPC,ideal,1.0,clue_search,28,784,4,0.05,39,39,scale_g28_r4_hipc_topk005,C:\Users\lottj\Desktop\research\decentralized benchmark\topk_filter_study\results\sensitivity_suite\scenarios\clue_g28_n50.csv,2744.145,01,77,14,63,396.5211,5.1496246753246755,5.7605,7.9745,9.988,14.449713845296076,63,271.8715,4.315420634920636,6.0844,0.4819,396.0392,14.449713845296076,completed
10,dcta_parity_v1,custom,ae14bee1828d1c0dcb7b43653aba724543f73a298e3ecda5443cfe335ed0f6b2,6bdd9a364b88f43408248d2c3ec330144acbe295f246a95740198128e5f5dcfc,HIPC,ideal,1.0,clue_search,28,784,4,0.05,39,39,scale_g28_r4_hipc_topk005,C:\Users\lottj\Desktop\research\decentralized benchmark\topk_filter_study\results\sensitivity_suite\scenarios\clue_g28_n50.csv,2744.145,02,76,14,62,379.0023,4.986872368421053,5.20955,9.4476,11.4341,13.811307347097182,62,274.1121,4.421162903225807,6.2828,0.49119999999999997,378.5111,13.811307347097182,completed
10,dcta_parity_v1,custom,ae14bee1828d1c0dcb7b43653aba724543f73a298e3ecda5443cfe335ed0f6b2,6bdd9a364b88f43408248d2c3ec330144acbe295f246a95740198128e5f5dcfc,HIPC,ideal,1.0,clue_search,28,784,4,0.05,39,39,scale_g28_r4_hipc_topk005,C:\Users\lottj\Desktop\research\decentralized benchmark\topk_filter_study\results\sensitivity_suite\scenarios\clue_g28_n50.csv,2744.145,03,55,15,40,269.6933,4.903514545454546,5.1424,11.2806,11.5416,9.827953697782005,40,184.7832,4.61958,6.3287,0.5475,269.1458,9.827953697782005,completed
11,dcta_parity_v1,custom,ae14bee1828d1c0dcb7b43653aba724543f73a298e3ecda5443cfe335ed0f6b2,6bdd9a364b88f43408248d2c3ec330144acbe295f246a95740198128e5f5dcfc,HIPC,ideal,1.0,clue_search,28,784,4,0.05,39,39,scale_g28_r4_hipc_topk005,C:\Users\lottj\Desktop\research\decentralized benchmark\topk_filter_study\results\sensitivity_suite\scenarios\clue_g28_n50.csv,4027.4946,00,95,1,94,431.8685,4.545984210526315,4.2664,7.6418,8.0543,10.723006307693124,94,238.6062,2.538363829787234,3.5815,0.0514,431.8171,10.723006307693124,completed
11,dcta_parity_v1,custom,ae14bee1828d1c0dcb7b43653aba724543f73a298e3ecda5443cfe335ed0f6b2,6bdd9a364b88f43408248d2c3ec330144acbe295f246a95740198128e5f5dcfc,HIPC,ideal,1.0,clue_search,28,784,4,0.05,39,39,scale_g28_r4_hipc_topk005,C:\Users\lottj\Desktop\research\decentralized benchmark\topk_filter_study\results\sensitivity_suite\scenarios\clue_g28_n50.csv,4027.4946,01,83,1,82,357.9277,4.3123819277108435,4.296,5.8428,7.7808,8.887105646274486,82,207.0367,2.524837804878049,3.3199,0.0442,357.8835,8.887105646274486,completed
11,dcta_parity_v1,custom,ae14bee1828d1c0dcb7b43653aba724543f73a298e3ecda5443cfe335ed0f6b2,6bdd9a364b88f43408248d2c3ec330144acbe295f246a95740198128e5f5dcfc,HIPC,ideal,1.0,clue_search,28,784,4,0.05,39,39,scale_g28_r4_hipc_topk005,C:\Users\lottj\Desktop\research\decentralized benchmark\topk_filter_study\results\sensitivity_suite\scenarios\clue_g28_n50.csv,4027.4946,02,112,1,111,432.8043,3.864324107142857,3.9238,4.6079,7.5159,10.746241596450558,111,250.0106,2.252347747747748,3.3034,0.1026,432.7017,10.746241596450558,completed
11,dcta_parity_v1,custom,ae14bee1828d1c0dcb7b43653aba724543f73a298e3ecda5443cfe335ed0f6b2,6bdd9a364b88f43408248d2c3ec330144acbe295f246a95740198128e5f5dcfc,HIPC,ideal,1.0,clue_search,28,784,4,0.05,39,39,scale_g28_r4_hipc_topk005,C:\Users\lottj\Desktop\research\decentralized benchmark\topk_filter_study\results\sensitivity_suite\scenarios\clue_g28_n50.csv,4027.4946,03,105,1,104,418.6351,3.9870009523809524,4.0636,4.6045,7.5527,10.394429827416777,104,235.8593,2.2678778846153844,3.2999,0.0511,418.584,10.394429827416777,completed
12,dcta_parity_v1,custom,ae14bee1828d1c0dcb7b43653aba724543f73a298e3ecda5443cfe335ed0f6b2,6bdd9a364b88f43408248d2c3ec330144acbe295f246a95740198128e5f5dcfc,HIPC,ideal,1.0,clue_search,28,784,4,0.05,39,39,scale_g28_r4_hipc_topk005,C:\Users\lottj\Desktop\research\decentralized benchmark\topk_filter_study\results\sensitivity_suite\scenarios\clue_g28_n50.csv,234.0094,00,52,52,0,1.5565,0.029932692307692306,0.0281,0.0593,0.067,0.6651442207022453,0,0.0,0.0,0.0,1.5565,0.0,0.6651442207022453,completed
12,dcta_parity_v1,custom,ae14bee1828d1c0dcb7b43653aba724543f73a298e3ecda5443cfe335ed0f6b2,6bdd9a364b88f43408248d2c3ec330144acbe295f246a95740198128e5f5dcfc,HIPC,ideal,1.0,clue_search,28,784,4,0.05,39,39,scale_g28_r4_hipc_topk005,C:\Users\lottj\Desktop\research\decentralized benchmark\topk_filter_study\results\sensitivity_suite\scenarios\clue_g28_n50.csv,234.0094,01,52,52,0,1.6175,0.03110576923076923,0.0312,0.0424,0.0523,0.6912115496215109,0,0.0,0.0,0.0,1.6175,0.0,0.6912115496215109,completed
12,dcta_parity_v1,custom,ae14bee1828d1c0dcb7b43653aba724543f73a298e3ecda5443cfe335ed0f6b2,6bdd9a364b88f43408248d2c3ec330144acbe295f246a95740198128e5f5dcfc,HIPC,ideal,1.0,clue_search,28,784,4,0.05,39,39,scale_g28_r4_hipc_topk005,C:\Users\lottj\Desktop\research\decentralized benchmark\topk_filter_study\results\sensitivity_suite\scenarios\clue_g28_n50.csv,234.0094,02,52,52,0,1.93,0.03711538461538461,0.0347,0.055,0.095,0.8247531936751259,0,0.0,0.0,0.0,1.93,0.0,0.8247531936751259,completed
12,dcta_parity_v1,custom,ae14bee1828d1c0dcb7b43653aba724543f73a298e3ecda5443cfe335ed0f6b2,6bdd9a364b88f43408248d2c3ec330144acbe295f246a95740198128e5f5dcfc,HIPC,ideal,1.0,clue_search,28,784,4,0.05,39,39,scale_g28_r4_hipc_topk005,C:\Users\lottj\Desktop\research\decentralized benchmark\topk_filter_study\results\sensitivity_suite\scenarios\clue_g28_n50.csv,234.0094,03,28,28,0,0.9115,0.032553571428571425,0.0337,0.0418,0.0636,0.38951426737558403,0,0.0,0.0,0.0,0.9115,0.0,0.38951426737558403,completed
13,dcta_parity_v1,custom,ae14bee1828d1c0dcb7b43653aba724543f73a298e3ecda5443cfe335ed0f6b2,6bdd9a364b88f43408248d2c3ec330144acbe295f246a95740198128e5f5dcfc,HIPC,ideal,1.0,clue_search,28,784,4,0.05,39,39,scale_g28_r4_hipc_topk005,C:\Users\lottj\Desktop\research\decentralized benchmark\topk_filter_study\results\sensitivity_suite\scenarios\clue_g28_n50.csv,3908.346,00,154,69,85,315.2724,2.0472233766233767,2.2683,4.7325,8.7223,8.066645071853925,85,176.4274,2.075616470588235,3.9319,2.2029,313.0695,8.066645071853925,completed
13,dcta_parity_v1,custom,ae14bee1828d1c0dcb7b43653aba724543f73a298e3ecda5443cfe335ed0f6b2,6bdd9a364b88f43408248d2c3ec330144acbe295f246a95740198128e5f5dcfc,HIPC,ideal,1.0,clue_search,28,784,4,0.05,39,39,scale_g28_r4_hipc_topk005,C:\Users\lottj\Desktop\research\decentralized benchmark\topk_filter_study\results\sensitivity_suite\scenarios\clue_g28_n50.csv,3908.346,01,182,69,113,470.7314,2.586436263736264,3.213,6.4547,8.4001,12.044261178513878,113,264.9153,2.344383185840708,4.3415,2.2979,468.4335,12.044261178513878,completed
13,dcta_parity_v1,custom,ae14bee1828d1c0dcb7b43653aba724543f73a298e3ecda5443cfe335ed0f6b2,6bdd9a364b88f43408248d2c3ec330144acbe295f246a95740198128e5f5dcfc,HIPC,ideal,1.0,clue_search,28,784,4,0.05,39,39,scale_g28_r4_hipc_topk005,C:\Users\lottj\Desktop\research\decentralized benchmark\topk_filter_study\results\sensitivity_suite\scenarios\clue_g28_n50.csv,3908.346,02,177,70,107,441.6685,2.495302259887006,2.9319,6.6189,9.4672,11.300649942456475,107,234.0495,2.187378504672897,4.4055,2.6434,439.0251,11.300649942456475,completed
13,dcta_parity_v1,custom,ae14bee1828d1c0dcb7b43653aba724543f73a298e3ecda5443cfe335ed0f6b2,6bdd9a364b88f43408248d2c3ec330144acbe295f246a95740198128e5f5dcfc,HIPC,ideal,1.0,clue_search,28,784,4,0.05,39,39,scale_g28_r4_hipc_topk005,C:\Users\lottj\Desktop\research\decentralized benchmark\topk_filter_study\results\sensitivity_suite\scenarios\clue_g28_n50.csv,3908.346,03,117,29,88,355.47429999999997,3.03824188034188,3.3339,7.0265,8.6738,9.095261780814697,88,196.40279999999998,2.2318499999999997,4.423,1.1239,354.3504,9.095261780814697,completed
14,dcta_parity_v1,custom,ae14bee1828d1c0dcb7b43653aba724543f73a298e3ecda5443cfe335ed0f6b2,6bdd9a364b88f43408248d2c3ec330144acbe295f246a95740198128e5f5dcfc,HIPC,ideal,1.0,clue_search,28,784,4,0.05,39,39,scale_g28_r4_hipc_topk005,C:\Users\lottj\Desktop\research\decentralized benchmark\topk_filter_study\results\sensitivity_suite\scenarios\clue_g28_n50.csv,236.9971,00,23,21,2,21.3456,0.9280695652173914,0.0352,9.6133,10.9828,9.006692486954481,2,10.7037,5.35185,5.6278,0.7494999999999999,20.5961,9.006692486954481,completed
14,dcta_parity_v1,custom,ae14bee1828d1c0dcb7b43653aba724543f73a298e3ecda5443cfe335ed0f6b2,6bdd9a364b88f43408248d2c3ec330144acbe295f246a95740198128e5f5dcfc,HIPC,ideal,1.0,clue_search,28,784,4,0.05,39,39,scale_g28_r4_hipc_topk005,C:\Users\lottj\Desktop\research\decentralized benchmark\topk_filter_study\results\sensitivity_suite\scenarios\clue_g28_n50.csv,236.9971,01,22,20,2,10.5151,0.47795909090909094,0.0298,0.0428,9.8721,4.436805344875528,1,5.3815,5.3815,5.3815,0.607,9.9081,4.436805344875528,completed
14,dcta_parity_v1,custom,ae14bee1828d1c0dcb7b43653aba724543f73a298e3ecda5443cfe335ed0f6b2,6bdd9a364b88f43408248d2c3ec330144acbe295f246a95740198128e5f5dcfc,HIPC,ideal,1.0,clue_search,28,784,4,0.05,39,39,scale_g28_r4_hipc_topk005,C:\Users\lottj\Desktop\research\decentralized benchmark\topk_filter_study\results\sensitivity_suite\scenarios\clue_g28_n50.csv,236.9971,02,23,21,2,20.6194,0.896495652173913,0.0339,9.6002,10.2863,8.70027523543537,2,10.3942,5.1971,5.4272,0.7329,19.886499999999998,8.70027523543537,completed
14,dcta_parity_v1,custom,ae14bee1828d1c0dcb7b43653aba724543f73a298e3ecda5443cfe335ed0f6b2,6bdd9a364b88f43408248d2c3ec330144acbe295f246a95740198128e5f5dcfc,HIPC,ideal,1.0,clue_search,28,784,4,0.05,39,39,scale_g28_r4_hipc_topk005,C:\Users\lottj\Desktop\research\decentralized benchmark\topk_filter_study\results\sensitivity_suite\scenarios\clue_g28_n50.csv,236.9971,03,24,21,3,29.6316,1.23465,0.03755,9.8676,10.0261,12.50293779966084,3,14.635100000000001,4.878366666666667,5.5342,0.8056,28.826,12.50293779966084,completed
15,dcta_parity_v1,custom,ae14bee1828d1c0dcb7b43653aba724543f73a298e3ecda5443cfe335ed0f6b2,6bdd9a364b88f43408248d2c3ec330144acbe295f246a95740198128e5f5dcfc,HIPC,ideal,1.0,clue_search,28,784,4,0.05,39,39,scale_g28_r4_hipc_topk005,C:\Users\lottj\Desktop\research\decentralized benchmark\topk_filter_study\results\sensitivity_suite\scenarios\clue_g28_n50.csv,679.0164,00,46,41,5,32.7799,0.7126065217391304,0.0284,5.5521,9.1997,4.827556447826591,5,20.8313,4.166259999999999,4.4751,1.1561,31.6238,4.827556447826591,completed
15,dcta_parity_v1,custom,ae14bee1828d1c0dcb7b43653aba724543f73a298e3ecda5443cfe335ed0f6b2,6bdd9a364b88f43408248d2c3ec330144acbe295f246a95740198128e5f5dcfc,HIPC,ideal,1.0,clue_search,28,784,4,0.05,39,39,scale_g28_r4_hipc_topk005,C:\Users\lottj\Desktop\research\decentralized benchmark\topk_filter_study\results\sensitivity_suite\scenarios\clue_g28_n50.csv,679.0164,01,49,41,8,53.932,1.1006530612244898,0.0313,6.1795,10.1975,7.942665302340267,8,34.0524,4.25655,5.0335,1.3145,52.6175,7.942665302340267,completed
15,dcta_parity_v1,custom,ae14bee1828d1c0dcb7b43653aba724543f73a298e3ecda5443cfe335ed0f6b2,6bdd9a364b88f43408248d2c3ec330144acbe295f246a95740198128e5f5dcfc,HIPC,ideal,1.0,clue_search,28,784,4,0.05,39,39,scale_g28_r4_hipc_topk005,C:\Users\lottj\Desktop\research\decentralized benchmark\topk_filter_study\results\sensitivity_suite\scenarios\clue_g28_n50.csv,679.0164,02,52,41,11,103.0111,1.9809826923076923,0.0352,9.7494,10.1028,15.17063505388088,11,49.1241,4.465827272727273,5.0748,1.4342,101.5769,15.17063505388088,completed
15,dcta_parity_v1,custom,ae14bee1828d1c0dcb7b43653aba724543f73a298e3ecda5443cfe335ed0f6b2,6bdd9a364b88f43408248d2c3ec330144acbe295f246a95740198128e5f5dcfc,HIPC,ideal,1.0,clue_search,28,784,4,0.05,39,39,scale_g28_r4_hipc_topk005,C:\Users\lottj\Desktop\research\decentralized benchmark\topk_filter_study\results\sensitivity_suite\scenarios\clue_g28_n50.csv,679.0164,03,40,28,12,97.3826,2.434565,0.03705,9.2022,9.9614,14.341715457829885,12,53.382799999999996,4.448566666666666,4.9987,1.0112,96.3714,14.341715457829885,completed
16,dcta_parity_v1,custom,ae14bee1828d1c0dcb7b43653aba724543f73a298e3ecda5443cfe335ed0f6b2,6bdd9a364b88f43408248d2c3ec330144acbe295f246a95740198128e5f5dcfc,HIPC,ideal,1.0,clue_search,28,784,4,0.05,39,39,scale_g28_r4_hipc_topk005,C:\Users\lottj\Desktop\research\decentralized benchmark\topk_filter_study\results\sensitivity_suite\scenarios\clue_g28_n50.csv,1894.3804,00,77,24,53,238.2784,3.0945246753246756,3.9031,7.4433,8.1196,12.578170677863854,53,145.8327,2.7515603773584902,3.5082,0.7431,237.5353,12.578170677863854,completed
16,dcta_parity_v1,custom,ae14bee1828d1c0dcb7b43653aba724543f73a298e3ecda5443cfe335ed0f6b2,6bdd9a364b88f43408248d2c3ec330144acbe295f246a95740198128e5f5dcfc,HIPC,ideal,1.0,clue_search,28,784,4,0.05,39,39,scale_g28_r4_hipc_topk005,C:\Users\lottj\Desktop\research\decentralized benchmark\topk_filter_study\results\sensitivity_suite\scenarios\clue_g28_n50.csv,1894.3804,01,63,24,39,195.1507,3.097630158730159,4.1146,7.1883,7.9669,10.30155822980432,39,110.3407,2.829248717948718,3.5438,0.7842,194.3665,10.30155822980432,completed
16,dcta_parity_v1,custom,ae14bee1828d1c0dcb7b43653aba724543f73a298e3ecda5443cfe335ed0f6b2,6bdd9a364b88f43408248d2c3ec330144acbe295f246a95740198128e5f5dcfc,HIPC,ideal,1.0,clue_search,28,784,4,0.05,39,39,scale_g28_r4_hipc_topk005,C:\Users\lottj\Desktop\research\decentralized benchmark\topk_filter_study\results\sensitivity_suite\scenarios\clue_g28_n50.csv,1894.3804,02,65,24,41,170.1675,2.6179615384615382,3.6093,5.7258,7.9996,8.982752355334757,41,107.1197,2.6126756097560975,3.6008,0.8756,169.2919,8.982752355334757,completed
16,dcta_parity_v1,custom,ae14bee1828d1c0dcb7b43653aba724543f73a298e3ecda5443cfe335ed0f6b2,6bdd9a364b88f43408248d2c3ec330144acbe295f246a95740198128e5f5dcfc,HIPC,ideal,1.0,clue_search,28,784,4,0.05,39,39,scale_g28_r4_hipc_topk005,C:\Users\lottj\Desktop\research\decentralized benchmark\topk_filter_study\results\sensitivity_suite\scenarios\clue_g28_n50.csv,1894.3804,03,60,24,36,154.0253,2.567088333333333,3.8314500000000002,4.9681,7.9728,8.130642610111463,36,100.0664,2.779622222222222,3.6838,0.9469,153.0784,8.130642610111463,completed
17,dcta_parity_v1,custom,ae14bee1828d1c0dcb7b43653aba724543f73a298e3ecda5443cfe335ed0f6b2,6bdd9a364b88f43408248d2c3ec330144acbe295f246a95740198128e5f5dcfc,HIPC,ideal,1.0,clue_search,28,784,4,0.05,39,39,scale_g28_r4_hipc_topk005,C:\Users\lottj\Desktop\research\decentralized benchmark\topk_filter_study\results\sensitivity_suite\scenarios\clue_g28_n50.csv,640.0468,00,71,69,2,15.985,0.22514084507042254,0.0299,0.0435,8.5926,2.497473622241374,2,7.9465,3.97325,4.1935,2.1335,13.851499999999998,2.497473622241374,completed
17,dcta_parity_v1,custom,ae14bee1828d1c0dcb7b43653aba724543f73a298e3ecda5443cfe335ed0f6b2,6bdd9a364b88f43408248d2c3ec330144acbe295f246a95740198128e5f5dcfc,HIPC,ideal,1.0,clue_search,28,784,4,0.05,39,39,scale_g28_r4_hipc_topk005,C:\Users\lottj\Desktop\research\decentralized benchmark\topk_filter_study\results\sensitivity_suite\scenarios\clue_g28_n50.csv,640.0468,01,75,68,7,36.0201,0.480268,0.0317,4.0753,6.5254,5.627729097309759,7,20.916,2.988,4.0174,2.1899,33.830200000000005,5.627729097309759,completed
17,dcta_parity_v1,custom,ae14bee1828d1c0dcb7b43653aba724543f73a298e3ecda5443cfe335ed0f6b2,6bdd9a364b88f43408248d2c3ec330144acbe295f246a95740198128e5f5dcfc,HIPC,ideal,1.0,clue_search,28,784,4,0.05,39,39,scale_g28_r4_hipc_topk005,C:\Users\lottj\Desktop\research\decentralized benchmark\topk_filter_study\results\sensitivity_suite\scenarios\clue_g28_n50.csv,640.0468,02,78,69,9,65.8307,0.8439833333333332,0.03665,6.4011,9.5428,10.285294762820469,9,28.7863,3.1984777777777778,4.5518,2.6242,63.2065,10.285294762820469,completed
17,dcta_parity_v1,custom,ae14bee1828d1c0dcb7b43653aba724543f73a298e3ecda5443cfe335ed0f6b2,6bdd9a364b88f43408248d2c3ec330144acbe295f246a95740198128e5f5dcfc,HIPC,ideal,1.0,clue_search,28,784,4,0.05,39,39,scale_g28_r4_hipc_topk005,C:\Users\lottj\Desktop\research\decentralized benchmark\topk_filter_study\results\sensitivity_suite\scenarios\clue_g28_n50.csv,640.0468,03,38,29,9,63.1288,1.6612842105263157,0.0361,9.0233,9.1623,9.863153756881529,9,31.5788,3.5087555555555556,4.3244,1.0211999999999999,62.1076,9.863153756881529,completed
18,dcta_parity_v1,custom,ae14bee1828d1c0dcb7b43653aba724543f73a298e3ecda5443cfe335ed0f6b2,6bdd9a364b88f43408248d2c3ec330144acbe295f246a95740198128e5f5dcfc,HIPC,ideal,1.0,clue_search,28,784,4,0.05,39,39,scale_g28_r4_hipc_topk005,C:\Users\lottj\Desktop\research\decentralized benchmark\topk_filter_study\results\sensitivity_suite\scenarios\clue_g28_n50.csv,241.9371,00,28,26,2,20.493299999999998,0.7319035714285713,0.0312,8.9012,10.7204,8.470507417010454,2,10.411200000000001,5.2056000000000004,5.3909,0.8717,19.6216,8.470507417010454,completed
18,dcta_parity_v1,custom,ae14bee1828d1c0dcb7b43653aba724543f73a298e3ecda5443cfe335ed0f6b2,6bdd9a364b88f43408248d2c3ec330144acbe295f246a95740198128e5f5dcfc,HIPC,ideal,1.0,clue_search,28,784,4,0.05,39,39,scale_g28_r4_hipc_topk005,C:\Users\lottj\Desktop\research\decentralized benchmark\topk_filter_study\results\sensitivity_suite\scenarios\clue_g28_n50.csv,241.9371,01,28,26,2,22.408299999999997,0.8002964285714285,0.033049999999999996,10.2579,11.2175,9.26203546293644,2,11.3071,5.65355,5.7008,0.9329,21.4754,9.26203546293644,completed
18,dcta_parity_v1,custom,ae14bee1828d1c0dcb7b43653aba724543f73a298e3ecda5443cfe335ed0f6b2,6bdd9a364b88f43408248d2c3ec330144acbe295f246a95740198128e5f5dcfc,HIPC,ideal,1.0,clue_search,28,784,4,0.05,39,39,scale_g28_r4_hipc_topk005,C:\Users\lottj\Desktop\research\decentralized benchmark\topk_filter_study\results\sensitivity_suite\scenarios\clue_g28_n50.csv,241.9371,02,28,26,2,21.9791,0.7849678571428571,0.03465,9.8555,11.1855,9.084633981311672,2,10.2714,5.1357,5.6769,0.9381,21.040999999999997,9.084633981311672,completed
18,dcta_parity_v1,custom,ae14bee1828d1c0dcb7b43653aba724543f73a298e3ecda5443cfe335ed0f6b2,6bdd9a364b88f43408248d2c3ec330144acbe295f246a95740198128e5f5dcfc,HIPC,ideal,1.0,clue_search,28,784,4,0.05,39,39,scale_g28_r4_hipc_topk005,C:\Users\lottj\Desktop\research\decentralized benchmark\topk_filter_study\results\sensitivity_suite\scenarios\clue_g28_n50.csv,241.9371,03,28,26,2,22.7889,0.8138892857142858,0.0364,10.3318,11.4852,9.419349078748155,2,11.671199999999999,5.8355999999999995,6.2821,0.9719,21.817,9.419349078748155,completed
19,dcta_parity_v1,custom,ae14bee1828d1c0dcb7b43653aba724543f73a298e3ecda5443cfe335ed0f6b2,6bdd9a364b88f43408248d2c3ec330144acbe295f246a95740198128e5f5dcfc,HIPC,ideal,1.0,clue_search,28,784,4,0.05,39,39,scale_g28_r4_hipc_topk005,C:\Users\lottj\Desktop\research\decentralized benchmark\topk_filter_study\results\sensitivity_suite\scenarios\clue_g28_n50.csv,1493.126,00,75,41,34,152.8436,2.037914666666667,0.0354,6.1878,9.9836,10.236483726088757,34,93.525,2.7507352941176473,4.0323,1.2033,151.6403,10.236483726088757,completed
19,dcta_parity_v1,custom,ae14bee1828d1c0dcb7b43653aba724543f73a298e3ecda5443cfe335ed0f6b2,6bdd9a364b88f43408248d2c3ec330144acbe295f246a95740198128e5f5dcfc,HIPC,ideal,1.0,clue_search,28,784,4,0.05,39,39,scale_g28_r4_hipc_topk005,C:\Users\lottj\Desktop\research\decentralized benchmark\topk_filter_study\results\sensitivity_suite\scenarios\clue_g28_n50.csv,1493.126,01,83,41,42,220.1638,2.652575903614458,2.4135,8.0546,9.6651,14.745158814460401,42,120.1264,2.860152380952381,3.9381,1.4964,218.6674,14.745158814460401,completed
19,dcta_parity_v1,custom,ae14bee1828d1c0dcb7b43653aba724543f73a298e3ecda5443cfe335ed0f6b2,6bdd9a364b88f43408248d2c3ec330144acbe295f246a95740198128e5f5dcfc,HIPC,ideal,1.0,clue_search,28,784,4,0.05,39,39,scale_g28_r4_hipc_topk005,C:\Users\lottj\Desktop\research\decentralized benchmark\topk_filter_study\results\sensitivity_suite\scenarios\clue_g28_n50.csv,1493.126,02,71,40,31,161.4841,2.274423943661972,0.0395,8.0508,8.4337,10.815168981050496,31,88.4911,2.854551612903226,3.7466,1.4009,160.0832,10.815168981050496,completed
19,dcta_parity_v1,custom,ae14bee1828d1c0dcb7b43653aba724543f73a298e3ecda5443cfe335ed0f6b2,6bdd9a364b88f43408248d2c3ec330144acbe295f246a95740198128e5f5dcfc,HIPC,ideal,1.0,clue_search,28,784,4,0.05,39,39,scale_g28_r4_hipc_topk005,C:\Users\lottj\Desktop\research\decentralized benchmark\topk_filter_study\results\sensitivity_suite\scenarios\clue_g28_n50.csv,1493.126,03,51,28,23,107.09,2.0998039215686277,0.0511,5.0803,5.2812,7.172201140426194,23,64.5736,2.8075478260869566,3.2942,1.2009,105.8891,7.172201140426194,completed
20,dcta_parity_v1,custom,ae14bee1828d1c0dcb7b43653aba724543f73a298e3ecda5443cfe335ed0f6b2,6bdd9a364b88f43408248d2c3ec330144acbe295f246a95740198128e5f5dcfc,HIPC,ideal,1.0,clue_search,28,784,4,0.05,39,39,scale_g28_r4_hipc_topk005,C:\Users\lottj\Desktop\research\decentralized benchmark\topk_filter_study\results\sensitivity_suite\scenarios\clue_g28_n50.csv,722.945,00,52,44,8,43.9095,0.8444134615384615,0.0289,4.8975,9.0244,6.073698552448664,8,30.7013,3.8376625,4.2124,1.2187999999999999,42.6907,6.073698552448664,completed
20,dcta_parity_v1,custom,ae14bee1828d1c0dcb7b43653aba724543f73a298e3ecda5443cfe335ed0f6b2,6bdd9a364b88f43408248d2c3ec330144acbe295f246a95740198128e5f5dcfc,HIPC,ideal,1.0,clue_search,28,784,4,0.05,39,39,scale_g28_r4_hipc_topk005,C:\Users\lottj\Desktop\research\decentralized benchmark\topk_filter_study\results\sensitivity_suite\scenarios\clue_g28_n50.csv,722.945,01,55,44,11,66.86659999999999,1.2157563636363635,0.0309,5.9567,8.9142,9.249195996929226,11,42.806200000000004,3.8914727272727276,4.2655,1.3585,65.5081,9.249195996929226,completed
20,dcta_parity_v1,custom,ae14bee1828d1c0dcb7b43653aba724543f73a298e3ecda5443cfe335ed0f6b2,6bdd9a364b88f43408248d2c3ec330144acbe295f246a95740198128e5f5dcfc,HIPC,ideal,1.0,clue_search,28,784,4,0.05,39,39,scale_g28_r4_hipc_topk005,C:\Users\lottj\Desktop\research\decentralized benchmark\topk_filter_study\results\sensitivity_suite\scenarios\clue_g28_n50.csv,722.945,02,55,44,11,93.41,1.6983636363636363,0.0326,9.0368,9.0933,12.920761607037878,11,43.4655,3.951409090909091,4.4931,1.4071,92.0029,12.920761607037878,completed
20,dcta_parity_v1,custom,ae14bee1828d1c0dcb7b43653aba724543f73a298e3ecda5443cfe335ed0f6b2,6bdd9a364b88f43408248d2c3ec330144acbe295f246a95740198128e5f5dcfc,HIPC,ideal,1.0,clue_search,28,784,4,0.05,39,39,scale_g28_r4_hipc_topk005,C:\Users\lottj\Desktop\research\decentralized benchmark\topk_filter_study\results\sensitivity_suite\scenarios\clue_g28_n50.csv,722.945,03,37,28,9,69.605,1.8812162162162163,0.0383,9.2541,9.352,9.627979998478445,9,35.7986,3.977622222222222,4.6243,1.0644,68.5406,9.627979998478445,completed
21,dcta_parity_v1,custom,ae14bee1828d1c0dcb7b43653aba724543f73a298e3ecda5443cfe335ed0f6b2,6bdd9a364b88f43408248d2c3ec330144acbe295f246a95740198128e5f5dcfc,HIPC,ideal,1.0,clue_search,28,784,4,0.05,39,39,scale_g28_r4_hipc_topk005,C:\Users\lottj\Desktop\research\decentralized benchmark\topk_filter_study\results\sensitivity_suite\scenarios\clue_g28_n50.csv,2889.2525,00,63,2,61,273.9865,4.348992063492063,4.2375,6.1858,9.1383,9.482954501207491,61,157.4705,2.5814836065573767,3.5272,0.1725,273.814,9.482954501207491,completed
21,dcta_parity_v1,custom,ae14bee1828d1c0dcb7b43653aba724543f73a298e3ecda5443cfe335ed0f6b2,6bdd9a364b88f43408248d2c3ec330144acbe295f246a95740198128e5f5dcfc,HIPC,ideal,1.0,clue_search,28,784,4,0.05,39,39,scale_g28_r4_hipc_topk005,C:\Users\lottj\Desktop\research\decentralized benchmark\topk_filter_study\results\sensitivity_suite\scenarios\clue_g28_n50.csv,2889.2525,01,82,1,81,333.1876,4.063263414634146,4.1432,4.7473,8.3166,11.53196544781046,80,206.479,2.5809875,3.2737,0.0497,333.1379,11.53196544781046,completed
21,dcta_parity_v1,custom,ae14bee1828d1c0dcb7b43653aba724543f73a298e3ecda5443cfe335ed0f6b2,6bdd9a364b88f43408248d2c3ec330144acbe295f246a95740198128e5f5dcfc,HIPC,ideal,1.0,clue_search,28,784,4,0.05,39,39,scale_g28_r4_hipc_topk005,C:\Users\lottj\Desktop\research\decentralized benchmark\topk_filter_study\results\sensitivity_suite\scenarios\clue_g28_n50.csv,2889.2525,02,81,2,79,329.3228,4.065713580246913,4.1616,5.0642,7.9469,11.398200745694604,79,208.7918,2.64293417721519,3.2844,0.1031,329.2197,11.398200745694604,completed
21,dcta_parity_v1,custom,ae14bee1828d1c0dcb7b43653aba724543f73a298e3ecda5443cfe335ed0f6b2,6bdd9a364b88f43408248d2c3ec330144acbe295f246a95740198128e5f5dcfc,HIPC,ideal,1.0,clue_search,28,784,4,0.05,39,39,scale_g28_r4_hipc_topk005,C:\Users\lottj\Desktop\research\decentralized benchmark\topk_filter_study\results\sensitivity_suite\scenarios\clue_g28_n50.csv,2889.2525,03,77,2,75,313.6774,4.0737324675324675,4.1539,4.7982,8.4886,10.856697363764502,75,192.1325,2.5617666666666667,3.6458,0.0932,313.5842,10.856697363764502,completed
22,dcta_parity_v1,custom,ae14bee1828d1c0dcb7b43653aba724543f73a298e3ecda5443cfe335ed0f6b2,6bdd9a364b88f43408248d2c3ec330144acbe295f246a95740198128e5f5dcfc,HIPC,ideal,1.0,clue_search,28,784,4,0.05,39,39,scale_g28_r4_hipc_topk005,C:\Users\lottj\Desktop\research\decentralized benchmark\topk_filter_study\results\sensitivity_suite\scenarios\clue_g28_n50.csv,1769.5485,00,76,51,25,116.337,1.53075,0.03135,5.1179,9.1237,6.5743888907255155,25,79.4324,3.177296,4.0476,1.5447,114.7923,6.5743888907255155,completed
22,dcta_parity_v1,custom,ae14bee1828d1c0dcb7b43653aba724543f73a298e3ecda5443cfe335ed0f6b2,6bdd9a364b88f43408248d2c3ec330144acbe295f246a95740198128e5f5dcfc,HIPC,ideal,1.0,clue_search,28,784,4,0.05,39,39,scale_g28_r4_hipc_topk005,C:\Users\lottj\Desktop\research\decentralized benchmark\topk_filter_study\results\sensitivity_suite\scenarios\clue_g28_n50.csv,1769.5485,01,83,51,32,153.3315,1.8473674698795182,0.0347,5.6383,9.0623,8.665006921257033,32,104.7805,3.274390625,4.0994,1.7535,151.578,8.665006921257033,completed
22,dcta_parity_v1,custom,ae14bee1828d1c0dcb7b43653aba724543f73a298e3ecda5443cfe335ed0f6b2,6bdd9a364b88f43408248d2c3ec330144acbe295f246a95740198128e5f5dcfc,HIPC,ideal,1.0,clue_search,28,784,4,0.05,39,39,scale_g28_r4_hipc_topk005,C:\Users\lottj\Desktop\research\decentralized benchmark\topk_filter_study\results\sensitivity_suite\scenarios\clue_g28_n50.csv,1769.5485,02,98,52,46,253.0822,2.5824714285714285,0.043,9.3267,9.9575,14.302077620364743,46,153.1852,3.330113043478261,4.2531,1.8925,251.1897,14.302077620364743,completed
22,dcta_parity_v1,custom,ae14bee1828d1c0dcb7b43653aba724543f73a298e3ecda5443cfe335ed0f6b2,6bdd9a364b88f43408248d2c3ec330144acbe295f246a95740198128e5f5dcfc,HIPC,ideal,1.0,clue_search,28,784,4,0.05,39,39,scale_g28_r4_hipc_topk005,C:\Users\lottj\Desktop\research\decentralized benchmark\topk_filter_study\results\sensitivity_suite\scenarios\clue_g28_n50.csv,1769.5485,03,70,28,42,215.9364,3.0848057142857144,4.0807,9.1583,9.4259,12.202909386207837,42,141.0319,3.357902380952381,4.4007,1.0516,214.8848,12.202909386207837,completed
23,dcta_parity_v1,custom,ae14bee1828d1c0dcb7b43653aba724543f73a298e3ecda5443cfe335ed0f6b2,6bdd9a364b88f43408248d2c3ec330144acbe295f246a95740198128e5f5dcfc,HIPC,ideal,1.0,clue_search,28,784,4,0.05,39,39,scale_g28_r4_hipc_topk005,C:\Users\lottj\Desktop\research\decentralized benchmark\topk_filter_study\results\sensitivity_suite\scenarios\clue_g28_n50.csv,444.6867,00,15,12,3,27.162,1.8108,0.0297,10.1276,10.1276,6.10812061615515,3,15.0617,5.020566666666666,5.1444,0.3917,26.7703,6.10812061615515,completed
23,dcta_parity_v1,custom,ae14bee1828d1c0dcb7b43653aba724543f73a298e3ecda5443cfe335ed0f6b2,6bdd9a364b88f43408248d2c3ec330144acbe295f246a95740198128e5f5dcfc,HIPC,ideal,1.0,clue_search,28,784,4,0.05,39,39,scale_g28_r4_hipc_topk005,C:\Users\lottj\Desktop\research\decentralized benchmark\topk_filter_study\results\sensitivity_suite\scenarios\clue_g28_n50.csv,444.6867,01,19,12,7,52.2318,2.749042105263158,0.0364,10.6132,10.6132,11.745752683855848,7,30.0839,4.2977,5.0853,0.4151,51.816700000000004,11.745752683855848,completed
23,dcta_parity_v1,custom,ae14bee1828d1c0dcb7b43653aba724543f73a298e3ecda5443cfe335ed0f6b2,6bdd9a364b88f43408248d2c3ec330144acbe295f246a95740198128e5f5dcfc,HIPC,ideal,1.0,clue_search,28,784,4,0.05,39,39,scale_g28_r4_hipc_topk005,C:\Users\lottj\Desktop\research\decentralized benchmark\topk_filter_study\results\sensitivity_suite\scenarios\clue_g28_n50.csv,444.6867,02,20,12,8,78.6189,3.930945,0.0378,10.6068,10.6197,17.679615783426847,8,38.3331,4.7916375,5.5682,0.4195,78.1994,17.679615783426847,completed
23,dcta_parity_v1,custom,ae14bee1828d1c0dcb7b43653aba724543f73a298e3ecda5443cfe335ed0f6b2,6bdd9a364b88f43408248d2c3ec330144acbe295f246a95740198128e5f5dcfc,HIPC,ideal,1.0,clue_search,28,784,4,0.05,39,39,scale_g28_r4_hipc_topk005,C:\Users\lottj\Desktop\research\decentralized benchmark\topk_filter_study\results\sensitivity_suite\scenarios\clue_g28_n50.csv,444.6867,03,19,11,8,54.8002,2.884221052631579,0.0537,10.3033,10.3033,12.323327862065584,8,34.7974,4.349675,5.0166,0.4918,54.3084,12.323327862065584,completed
24,dcta_parity_v1,custom,ae14bee1828d1c0dcb7b43653aba724543f73a298e3ecda5443cfe335ed0f6b2,6bdd9a364b88f43408248d2c3ec330144acbe295f246a95740198128e5f5dcfc,HIPC,ideal,1.0,clue_search,28,784,4,0.05,39,39,scale_g28_r4_hipc_topk005,C:\Users\lottj\Desktop\research\decentralized benchmark\topk_filter_study\results\sensitivity_suite\scenarios\clue_g28_n50.csv,3907.0934,00,123,37,86,306.158,2.489089430894309,2.9524,4.1597,10.5948,7.83595293626715,86,166.1039,1.9314406976744187,5.1259,1.0368,305.1212,7.83595293626715,completed
24,dcta_parity_v1,custom,ae14bee1828d1c0dcb7b43653aba724543f73a298e3ecda5443cfe335ed0f6b2,6bdd9a364b88f43408248d2c3ec330144acbe295f246a95740198128e5f5dcfc,HIPC,ideal,1.0,clue_search,28,784,4,0.05,39,39,scale_g28_r4_hipc_topk005,C:\Users\lottj\Desktop\research\decentralized benchmark\topk_filter_study\results\sensitivity_suite\scenarios\clue_g28_n50.csv,3907.0934,01,152,36,116,396.6249,2.6093743421052635,2.95685,4.9749,9.3898,10.151405645946422,116,197.5235,1.7027887931034484,4.7436,1.0788,395.5461,10.151405645946422,completed
24,dcta_parity_v1,custom,ae14bee1828d1c0dcb7b43653aba724543f73a298e3ecda5443cfe335ed0f6b2,6bdd9a364b88f43408248d2c3ec330144acbe295f246a95740198128e5f5dcfc,HIPC,ideal,1.0,clue_search,28,784,4,0.05,39,39,scale_g28_r4_hipc_topk005,C:\Users\lottj\Desktop\research\decentralized benchmark\topk_filter_study\results\sensitivity_suite\scenarios\clue_g28_n50.csv,3907.0934,02,143,37,106,403.07189999999997,2.818684615384615,2.9828,8.2213,9.8807,10.316413219095297,106,191.8593,1.809993396226415,5.1088,1.2514,401.8205,10.316413219095297,completed
24,dcta_parity_v1,custom,ae14bee1828d1c0dcb7b43653aba724543f73a298e3ecda5443cfe335ed0f6b2,6bdd9a364b88f43408248d2c3ec330144acbe295f246a95740198128e5f5dcfc,HIPC,ideal,1.0,clue_search,28,784,4,0.05,39,39,scale_g28_r4_hipc_topk005,C:\Users\lottj\Desktop\research\decentralized benchmark\topk_filter_study\results\sensitivity_suite\scenarios\clue_g28_n50.csv,3907.0934,03,98,28,70,270.7467,2.762721428571428,3.03825,6.4158,10.8679,6.929619343115779,70,141.389,2.0198428571428573,5.6906,0.9264,269.8203,6.929619343115779,completed
25,dcta_parity_v1,custom,ae14bee1828d1c0dcb7b43653aba724543f73a298e3ecda5443cfe335ed0f6b2,6bdd9a364b88f43408248d2c3ec330144acbe295f246a95740198128e5f5dcfc,HIPC,ideal,1.0,clue_search,28,784,4,0.05,39,39,scale_g28_r4_hipc_topk005,C:\Users\lottj\Desktop\research\decentralized benchmark\topk_filter_study\results\sensitivity_suite\scenarios\clue_g28_n50.csv,2965.8001,00,80,10,70,399.551,4.9943875,5.6397,6.4476,10.025,13.471946406637453,69,288.831,4.185956521739131,5.2094,0.278,399.273,13.471946406637453,completed
25,dcta_parity_v1,custom,ae14bee1828d1c0dcb7b43653aba724543f73a298e3ecda5443cfe335ed0f6b2,6bdd9a364b88f43408248d2c3ec330144acbe295f246a95740198128e5f5dcfc,HIPC,ideal,1.0,clue_search,28,784,4,0.05,39,39,scale_g28_r4_hipc_topk005,C:\Users\lottj\Desktop\research\decentralized benchmark\topk_filter_study\results\sensitivity_suite\scenarios\clue_g28_n50.csv,2965.8001,01,60,11,49,309.4207,5.1570116666666665,5.6223,8.1167,10.1283,10.43295871491811,49,209.1598,4.2685673469387755,5.5174,0.3378,309.0829,10.43295871491811,completed
25,dcta_parity_v1,custom,ae14bee1828d1c0dcb7b43653aba724543f73a298e3ecda5443cfe335ed0f6b2,6bdd9a364b88f43408248d2c3ec330144acbe295f246a95740198128e5f5dcfc,HIPC,ideal,1.0,clue_search,28,784,4,0.05,39,39,scale_g28_r4_hipc_topk005,C:\Users\lottj\Desktop\research\decentralized benchmark\topk_filter_study\results\sensitivity_suite\scenarios\clue_g28_n50.csv,2965.8001,02,75,11,64,403.2495,5.37666,5.6786,10.205,10.4768,13.596651372423922,64,276.7709,4.3245453125,7.2743,0.3591,402.8904,13.596651372423922,completed
25,dcta_parity_v1,custom,ae14bee1828d1c0dcb7b43653aba724543f73a298e3ecda5443cfe335ed0f6b2,6bdd9a364b88f43408248d2c3ec330144acbe295f246a95740198128e5f5dcfc,HIPC,ideal,1.0,clue_search,28,784,4,0.05,39,39,scale_g28_r4_hipc_topk005,C:\Users\lottj\Desktop\research\decentralized benchmark\topk_filter_study\results\sensitivity_suite\scenarios\clue_g28_n50.csv,2965.8001,03,63,10,53,304.2013,4.828592063492064,5.5926,8.1508,10.0006,10.2569724776798,52,220.6374,4.243026923076924,5.3512,0.4051,303.7962,10.2569724776798,completed
26,dcta_parity_v1,custom,ae14bee1828d1c0dcb7b43653aba724543f73a298e3ecda5443cfe335ed0f6b2,6bdd9a364b88f43408248d2c3ec330144acbe295f246a95740198128e5f5dcfc,HIPC,ideal,1.0,clue_search,28,784,4,0.05,39,39,scale_g28_r4_hipc_topk005,C:\Users\lottj\Desktop\research\decentralized benchmark\topk_filter_study\results\sensitivity_suite\scenarios\clue_g28_n50.csv,1169.3968,00,19,2,17,98.5076,5.184610526315789,5.5649,9.665,9.665,8.423795926241631,17,71.7362,4.2197764705882355,4.8056,0.07150000000000001,98.4361,8.423795926241631,completed
26,dcta_parity_v1,custom,ae14bee1828d1c0dcb7b43653aba724543f73a298e3ecda5443cfe335ed0f6b2,6bdd9a364b88f43408248d2c3ec330144acbe295f246a95740198128e5f5dcfc,HIPC,ideal,1.0,clue_search,28,784,4,0.05,39,39,scale_g28_r4_hipc_topk005,C:\Users\lottj\Desktop\research\decentralized benchmark\topk_filter_study\results\sensitivity_suite\scenarios\clue_g28_n50.csv,1169.3968,01,20,2,18,121.8432,6.09216,6.6282,9.2081,10.5775,10.419320456495177,18,74.4172,4.1342888888888885,5.252,0.0868,121.7564,10.419320456495177,completed
26,dcta_parity_v1,custom,ae14bee1828d1c0dcb7b43653aba724543f73a298e3ecda5443cfe335ed0f6b2,6bdd9a364b88f43408248d2c3ec330144acbe295f246a95740198128e5f5dcfc,HIPC,ideal,1.0,clue_search,28,784,4,0.05,39,39,scale_g28_r4_hipc_topk005,C:\Users\lottj\Desktop\research\decentralized benchmark\topk_filter_study\results\sensitivity_suite\scenarios\clue_g28_n50.csv,1169.3968,02,28,2,26,173.679,6.202821428571428,6.21025,10.0897,10.3553,14.852016013726052,26,106.5316,4.097369230769231,4.9649,0.088,173.591,14.852016013726052,completed
26,dcta_parity_v1,custom,ae14bee1828d1c0dcb7b43653aba724543f73a298e3ecda5443cfe335ed0f6b2,6bdd9a364b88f43408248d2c3ec330144acbe295f246a95740198128e5f5dcfc,HIPC,ideal,1.0,clue_search,28,784,4,0.05,39,39,scale_g28_r4_hipc_topk005,C:\Users\lottj\Desktop\research\decentralized benchmark\topk_filter_study\results\sensitivity_suite\scenarios\clue_g28_n50.csv,1169.3968,03,35,2,33,204.0343,5.8295514285714285,6.0941,9.4505,9.9684,17.447824382621878,33,134.451,4.074272727272727,4.9191,0.1285,203.9058,17.447824382621878,completed
27,dcta_parity_v1,custom,ae14bee1828d1c0dcb7b43653aba724543f73a298e3ecda5443cfe335ed0f6b2,6bdd9a364b88f43408248d2c3ec330144acbe295f246a95740198128e5f5dcfc,HIPC,ideal,1.0,clue_search,28,784,4,0.05,39,39,scale_g28_r4_hipc_topk005,C:\Users\lottj\Desktop\research\decentralized benchmark\topk_filter_study\results\sensitivity_suite\scenarios\clue_g28_n50.csv,585.8161,00,110,109,1,10.7193,0.09744818181818182,0.0356,0.0461,6.7887,1.829806316350814,1,1.9427,1.9427,1.9427,3.9306,6.7887,1.829806316350814,completed
27,dcta_parity_v1,custom,ae14bee1828d1c0dcb7b43653aba724543f73a298e3ecda5443cfe335ed0f6b2,6bdd9a364b88f43408248d2c3ec330144acbe295f246a95740198128e5f5dcfc,HIPC,ideal,1.0,clue_search,28,784,4,0.05,39,39,scale_g28_r4_hipc_topk005,C:\Users\lottj\Desktop\research\decentralized benchmark\topk_filter_study\results\sensitivity_suite\scenarios\clue_g28_n50.csv,585.8161,01,109,108,1,10.4977,0.0963091743119266,0.0379,0.0485,6.4326,1.7919787455483043,1,1.7949,1.7949,1.7949,4.0651,6.4326,1.7919787455483043,completed
27,dcta_parity_v1,custom,ae14bee1828d1c0dcb7b43653aba724543f73a298e3ecda5443cfe335ed0f6b2,6bdd9a364b88f43408248d2c3ec330144acbe295f246a95740198128e5f5dcfc,HIPC,ideal,1.0,clue_search,28,784,4,0.05,39,39,scale_g28_r4_hipc_topk005,C:\Users\lottj\Desktop\research\decentralized benchmark\topk_filter_study\results\sensitivity_suite\scenarios\clue_g28_n50.csv,585.8161,02,84,84,0,3.286,0.03911904761904762,0.039099999999999996,0.0475,0.0598,0.5609268847339635,0,0.0,0.0,0.0,3.286,0.0,0.5609268847339635,completed
27,dcta_parity_v1,custom,ae14bee1828d1c0dcb7b43653aba724543f73a298e3ecda5443cfe335ed0f6b2,6bdd9a364b88f43408248d2c3ec330144acbe295f246a95740198128e5f5dcfc,HIPC,ideal,1.0,clue_search,28,784,4,0.05,39,39,scale_g28_r4_hipc_topk005,C:\Users\lottj\Desktop\research\decentralized benchmark\topk_filter_study\results\sensitivity_suite\scenarios\clue_g28_n50.csv,585.8161,03,30,30,0,1.3703,0.04567666666666667,0.0446,0.0538,0.0951,0.23391299761136644,0,0.0,0.0,0.0,1.3703,0.0,0.23391299761136644,completed
28,dcta_parity_v1,custom,ae14bee1828d1c0dcb7b43653aba724543f73a298e3ecda5443cfe335ed0f6b2,6bdd9a364b88f43408248d2c3ec330144acbe295f246a95740198128e5f5dcfc,HIPC,ideal,1.0,clue_search,28,784,4,0.05,39,39,scale_g28_r4_hipc_topk005,C:\Users\lottj\Desktop\research\decentralized benchmark\topk_filter_study\results\sensitivity_suite\scenarios\clue_g28_n50.csv,1064.9403,00,130,111,19,73.0435,0.5618730769230769,0.033549999999999996,3.2755,7.5313,6.8589290873864,19,41.8327,2.201721052631579,2.6413,3.4716,69.5719,6.8589290873864,completed
28,dcta_parity_v1,custom,ae14bee1828d1c0dcb7b43653aba724543f73a298e3ecda5443cfe335ed0f6b2,6bdd9a364b88f43408248d2c3ec330144acbe295f246a95740198128e5f5dcfc,HIPC,ideal,1.0,clue_search,28,784,4,0.05,39,39,scale_g28_r4_hipc_topk005,C:\Users\lottj\Desktop\research\decentralized benchmark\topk_filter_study\results\sensitivity_suite\scenarios\clue_g28_n50.csv,1064.9403,01,123,111,12,56.478,0.4591707317073171,0.0377,3.2407,8.3893,5.303395880501471,12,26.7802,2.2316833333333332,3.0926,4.0254,52.4526,5.303395880501471,completed
28,dcta_parity_v1,custom,ae14bee1828d1c0dcb7b43653aba724543f73a298e3ecda5443cfe335ed0f6b2,6bdd9a364b88f43408248d2c3ec330144acbe295f246a95740198128e5f5dcfc,HIPC,ideal,1.0,clue_search,28,784,4,0.05,39,39,scale_g28_r4_hipc_topk005,C:\Users\lottj\Desktop\research\decentralized benchmark\topk_filter_study\results\sensitivity_suite\scenarios\clue_g28_n50.csv,1064.9403,02,100,84,16,72.9643,0.7296429999999999,0.0393,5.2732,6.0515,6.851492050775052,16,36.2239,2.26399375,2.8898,2.9615,70.0028,6.851492050775052,completed
28,dcta_parity_v1,custom,ae14bee1828d1c0dcb7b43653aba724543f73a298e3ecda5443cfe335ed0f6b2,6bdd9a364b88f43408248d2c3ec330144acbe295f246a95740198128e5f5dcfc,HIPC,ideal,1.0,clue_search,28,784,4,0.05,39,39,scale_g28_r4_hipc_topk005,C:\Users\lottj\Desktop\research\decentralized benchmark\topk_filter_study\results\sensitivity_suite\scenarios\clue_g28_n50.csv,1064.9403,03,48,30,18,81.3211,1.6941895833333334,0.032600000000000004,7.1537,8.4266,7.636212095645174,18,41.0101,2.278338888888889,3.1682,0.8205,80.5006,7.636212095645174,completed
29,dcta_parity_v1,custom,ae14bee1828d1c0dcb7b43653aba724543f73a298e3ecda5443cfe335ed0f6b2,6bdd9a364b88f43408248d2c3ec330144acbe295f246a95740198128e5f5dcfc,HIPC,ideal,1.0,clue_search,28,784,4,0.05,39,39,scale_g28_r4_hipc_topk005,C:\Users\lottj\Desktop\research\decentralized benchmark\topk_filter_study\results\sensitivity_suite\scenarios\clue_g28_n50.csv,256.9199,00,39,35,4,19.9152,0.5106461538461539,0.0188,5.0034,5.2289,7.751520999346489,4,8.5506,2.13765,2.2264,0.7884,19.1268,7.751520999346489,completed
29,dcta_parity_v1,custom,ae14bee1828d1c0dcb7b43653aba724543f73a298e3ecda5443cfe335ed0f6b2,6bdd9a364b88f43408248d2c3ec330144acbe295f246a95740198128e5f5dcfc,HIPC,ideal,1.0,clue_search,28,784,4,0.05,39,39,scale_g28_r4_hipc_topk005,C:\Users\lottj\Desktop\research\decentralized benchmark\topk_filter_study\results\sensitivity_suite\scenarios\clue_g28_n50.csv,256.9199,01,41,35,6,34.414,0.8393658536585367,0.0203,5.2741,7.7096,13.394836289442742,6,13.7166,2.2861,2.7372,0.7778,33.6362,13.394836289442742,completed
29,dcta_parity_v1,custom,ae14bee1828d1c0dcb7b43653aba724543f73a298e3ecda5443cfe335ed0f6b2,6bdd9a364b88f43408248d2c3ec330144acbe295f246a95740198128e5f5dcfc,HIPC,ideal,1.0,clue_search,28,784,4,0.05,39,39,scale_g28_r4_hipc_topk005,C:\Users\lottj\Desktop\research\decentralized benchmark\topk_filter_study\results\sensitivity_suite\scenarios\clue_g28_n50.csv,256.9199,02,39,35,4,27.503,0.7052051282051283,0.0221,7.8949,8.0894,10.704892847926534,4,11.0871,2.771775,3.2388,0.9183,26.584699999999998,10.704892847926534,completed
29,dcta_parity_v1,custom,ae14bee1828d1c0dcb7b43653aba724543f73a298e3ecda5443cfe335ed0f6b2,6bdd9a364b88f43408248d2c3ec330144acbe295f246a95740198128e5f5dcfc,HIPC,ideal,1.0,clue_search,28,784,4,0.05,39,39,scale_g28_r4_hipc_topk005,C:\Users\lottj\Desktop\research\decentralized benchmark\topk_filter_study\results\sensitivity_suite\scenarios\clue_g28_n50.csv,256.9199,03,29,28,1,9.3505,0.3224310344827586,0.0235,0.0454,8.6335,3.6394611705827384,1,3.8511,3.8511,3.8511,0.717,8.6335,3.6394611705827384,completed
30,dcta_parity_v1,custom,ae14bee1828d1c0dcb7b43653aba724543f73a298e3ecda5443cfe335ed0f6b2,6bdd9a364b88f43408248d2c3ec330144acbe295f246a95740198128e5f5dcfc,HIPC,ideal,1.0,clue_search,28,784,4,0.05,39,39,scale_g28_r4_hipc_topk005,C:\Users\lottj\Desktop\research\decentralized benchmark\topk_filter_study\results\sensitivity_suite\scenarios\clue_g28_n50.csv,4576.4625,00,128,26,102,417.8113,3.26415078125,3.5734000000000004,5.8643,7.3509,9.129568962927154,102,207.57319999999999,2.0350313725490197,3.4076,0.6842,417.1271,9.129568962927154,completed
30,dcta_parity_v1,custom,ae14bee1828d1c0dcb7b43653aba724543f73a298e3ecda5443cfe335ed0f6b2,6bdd9a364b88f43408248d2c3ec330144acbe295f246a95740198128e5f5dcfc,HIPC,ideal,1.0,clue_search,28,784,4,0.05,39,39,scale_g28_r4_hipc_topk005,C:\Users\lottj\Desktop\research\decentralized benchmark\topk_filter_study\results\sensitivity_suite\scenarios\clue_g28_n50.csv,4576.4625,01,154,25,129,542.248,3.5210909090909093,3.5965499999999997,7.4554,8.021,11.848627624502551,129,272.5319,2.1126503875968994,3.1948,0.7564,541.4916,11.848627624502551,completed
30,dcta_parity_v1,custom,ae14bee1828d1c0dcb7b43653aba724543f73a298e3ecda5443cfe335ed0f6b2,6bdd9a364b88f43408248d2c3ec330144acbe295f246a95740198128e5f5dcfc,HIPC,ideal,1.0,clue_search,28,784,4,0.05,39,39,scale_g28_r4_hipc_topk005,C:\Users\lottj\Desktop\research\decentralized benchmark\topk_filter_study\results\sensitivity_suite\scenarios\clue_g28_n50.csv,4576.4625,02,131,26,105,393.5636,3.004302290076336,3.4544,4.6131,7.5542,8.599733964825452,105,209.63,1.9964761904761905,3.0286,0.8273,392.7363,8.599733964825452,completed
30,dcta_parity_v1,custom,ae14bee1828d1c0dcb7b43653aba724543f73a298e3ecda5443cfe335ed0f6b2,6bdd9a364b88f43408248d2c3ec330144acbe295f246a95740198128e5f5dcfc,HIPC,ideal,1.0,clue_search,28,784,4,0.05,39,39,scale_g28_r4_hipc_topk005,C:\Users\lottj\Desktop\research\decentralized benchmark\topk_filter_study\results\sensitivity_suite\scenarios\clue_g28_n50.csv,4576.4625,03,112,25,87,333.4236,2.9769964285714288,3.6126500000000004,4.4031,7.3575,7.285618531780825,87,190.29579999999999,2.1873080459770113,3.2426,0.8799,332.5437,7.285618531780825,completed
31,dcta_parity_v1,custom,ae14bee1828d1c0dcb7b43653aba724543f73a298e3ecda5443cfe335ed0f6b2,6bdd9a364b88f43408248d2c3ec330144acbe295f246a95740198128e5f5dcfc,HIPC,ideal,1.0,clue_search,28,784,4,0.05,39,39,scale_g28_r4_hipc_topk005,C:\Users\lottj\Desktop\research\decentralized benchmark\topk_filter_study\results\sensitivity_suite\scenarios\clue_g28_n50.csv,4648.2651,00,99,8,91,438.2567,4.4268353535353535,4.4407,6.9221,9.7177,9.428392971820822,91,281.4256,3.092589010989011,5.1641,0.2492,438.0075,9.428392971820822,completed
31,dcta_parity_v1,custom,ae14bee1828d1c0dcb7b43653aba724543f73a298e3ecda5443cfe335ed0f6b2,6bdd9a364b88f43408248d2c3ec330144acbe295f246a95740198128e5f5dcfc,HIPC,ideal,1.0,clue_search,28,784,4,0.05,39,39,scale_g28_r4_hipc_topk005,C:\Users\lottj\Desktop\research\decentralized benchmark\topk_filter_study\results\sensitivity_suite\scenarios\clue_g28_n50.csv,4648.2651,01,115,7,108,522.8183,4.546246086956522,4.1593,7.0857,10.676,11.247600744630509,108,299.998,2.777759259259259,5.3008,0.2285,522.5898,11.247600744630509,completed
31,dcta_parity_v1,custom,ae14bee1828d1c0dcb7b43653aba724543f73a298e3ecda5443cfe335ed0f6b2,6bdd9a364b88f43408248d2c3ec330144acbe295f246a95740198128e5f5dcfc,HIPC,ideal,1.0,clue_search,28,784,4,0.05,39,39,scale_g28_r4_hipc_topk005,C:\Users\lottj\Desktop\research\decentralized benchmark\topk_filter_study\results\sensitivity_suite\scenarios\clue_g28_n50.csv,4648.2651,02,99,8,91,468.1121,4.72840505050505,4.314,10.2906,11.0442,10.0706842215174,91,278.6361,3.0619351648351647,5.6857,0.35000000000000003,467.7621,10.0706842215174,completed
31,dcta_parity_v1,custom,ae14bee1828d1c0dcb7b43653aba724543f73a298e3ecda5443cfe335ed0f6b2,6bdd9a364b88f43408248d2c3ec330144acbe295f246a95740198128e5f5dcfc,HIPC,ideal,1.0,clue_search,28,784,4,0.05,39,39,scale_g28_r4_hipc_topk005,C:\Users\lottj\Desktop\research\decentralized benchmark\topk_filter_study\results\sensitivity_suite\scenarios\clue_g28_n50.csv,4648.2651,03,92,7,85,444.9189,4.836075,4.90335,8.1501,10.1118,9.571719564789884,85,286.2909,3.368128235294118,5.2388,0.2841,444.6348,9.571719564789884,completed
32,dcta_parity_v1,custom,ae14bee1828d1c0dcb7b43653aba724543f73a298e3ecda5443cfe335ed0f6b2,6bdd9a364b88f43408248d2c3ec330144acbe295f246a95740198128e5f5dcfc,HIPC,ideal,1.0,clue_search,28,784,4,0.05,39,39,scale_g28_r4_hipc_topk005,C:\Users\lottj\Desktop\research\decentralized benchmark\topk_filter_study\results\sensitivity_suite\scenarios\clue_g28_n50.csv,163.219,00,32,32,0,0.8985,0.028078125,0.0273,0.0429,0.0441,0.5504873819837152,0,0.0,0.0,0.0,0.8985,0.0,0.5504873819837152,completed
32,dcta_parity_v1,custom,ae14bee1828d1c0dcb7b43653aba724543f73a298e3ecda5443cfe335ed0f6b2,6bdd9a364b88f43408248d2c3ec330144acbe295f246a95740198128e5f5dcfc,HIPC,ideal,1.0,clue_search,28,784,4,0.05,39,39,scale_g28_r4_hipc_topk005,C:\Users\lottj\Desktop\research\decentralized benchmark\topk_filter_study\results\sensitivity_suite\scenarios\clue_g28_n50.csv,163.219,01,32,32,0,1.0342,0.03231875,0.029949999999999997,0.0389,0.0954,0.6336272125181505,0,0.0,0.0,0.0,1.0342,0.0,0.6336272125181505,completed
32,dcta_parity_v1,custom,ae14bee1828d1c0dcb7b43653aba724543f73a298e3ecda5443cfe335ed0f6b2,6bdd9a364b88f43408248d2c3ec330144acbe295f246a95740198128e5f5dcfc,HIPC,ideal,1.0,clue_search,28,784,4,0.05,39,39,scale_g28_r4_hipc_topk005,C:\Users\lottj\Desktop\research\decentralized benchmark\topk_filter_study\results\sensitivity_suite\scenarios\clue_g28_n50.csv,163.219,02,32,32,0,1.1179,0.034934375,0.03415,0.0426,0.0513,0.6849080070334949,0,0.0,0.0,0.0,1.1179,0.0,0.6849080070334949,completed
32,dcta_parity_v1,custom,ae14bee1828d1c0dcb7b43653aba724543f73a298e3ecda5443cfe335ed0f6b2,6bdd9a364b88f43408248d2c3ec330144acbe295f246a95740198128e5f5dcfc,HIPC,ideal,1.0,clue_search,28,784,4,0.05,39,39,scale_g28_r4_hipc_topk005,C:\Users\lottj\Desktop\research\decentralized benchmark\topk_filter_study\results\sensitivity_suite\scenarios\clue_g28_n50.csv,163.219,03,28,28,0,1.0477,0.03741785714285715,0.0361,0.0453,0.0493,0.6418983084077222,0,0.0,0.0,0.0,1.0477,0.0,0.6418983084077222,completed
33,dcta_parity_v1,custom,ae14bee1828d1c0dcb7b43653aba724543f73a298e3ecda5443cfe335ed0f6b2,6bdd9a364b88f43408248d2c3ec330144acbe295f246a95740198128e5f5dcfc,HIPC,ideal,1.0,clue_search,28,784,4,0.05,39,39,scale_g28_r4_hipc_topk005,C:\Users\lottj\Desktop\research\decentralized benchmark\topk_filter_study\results\sensitivity_suite\scenarios\clue_g28_n50.csv,2424.1688,00,98,49,49,205.60829999999999,2.0980438775510204,1.2608000000000001,4.6972,8.3745,8.48159996119082,49,132.1581,2.697104081632653,3.4476,1.4014,204.2069,8.48159996119082,completed
33,dcta_parity_v1,custom,ae14bee1828d1c0dcb7b43653aba724543f73a298e3ecda5443cfe335ed0f6b2,6bdd9a364b88f43408248d2c3ec330144acbe295f246a95740198128e5f5dcfc,HIPC,ideal,1.0,clue_search,28,784,4,0.05,39,39,scale_g28_r4_hipc_topk005,C:\Users\lottj\Desktop\research\decentralized benchmark\topk_filter_study\results\sensitivity_suite\scenarios\clue_g28_n50.csv,2424.1688,01,100,49,51,251.7645,2.517645,2.64155,7.7134,8.6414,10.385601035703456,51,138.2857,2.71148431372549,3.5225,1.4415,250.323,10.385601035703456,completed
33,dcta_parity_v1,custom,ae14bee1828d1c0dcb7b43653aba724543f73a298e3ecda5443cfe335ed0f6b2,6bdd9a364b88f43408248d2c3ec330144acbe295f246a95740198128e5f5dcfc,HIPC,ideal,1.0,clue_search,28,784,4,0.05,39,39,scale_g28_r4_hipc_topk005,C:\Users\lottj\Desktop\research\decentralized benchmark\topk_filter_study\results\sensitivity_suite\scenarios\clue_g28_n50.csv,2424.1688,02,100,49,51,235.21450000000002,2.352145,3.2142,6.2396,7.8762,9.702892801854393,51,137.2043,2.6902803921568625,3.2932,1.6308,233.5837,9.702892801854393,completed
33,dcta_parity_v1,custom,ae14bee1828d1c0dcb7b43653aba724543f73a298e3ecda5443cfe335ed0f6b2,6bdd9a364b88f43408248d2c3ec330144acbe295f246a95740198128e5f5dcfc,HIPC,ideal,1.0,clue_search,28,784,4,0.05,39,39,scale_g28_r4_hipc_topk005,C:\Users\lottj\Desktop\research\decentralized benchmark\topk_filter_study\results\sensitivity_suite\scenarios\clue_g28_n50.csv,2424.1688,03,83,28,55,230.771,2.7803734939759033,3.9226,4.8759,8.1727,9.519592860035159,55,147.2134,2.676607272727273,3.3534,1.032,229.739,9.519592860035159,completed
34,dcta_parity_v1,custom,ae14bee1828d1c0dcb7b43653aba724543f73a298e3ecda5443cfe335ed0f6b2,6bdd9a364b88f43408248d2c3ec330144acbe295f246a95740198128e5f5dcfc,HIPC,ideal,1.0,clue_search,28,784,4,0.05,39,39,scale_g28_r4_hipc_topk005,C:\Users\lottj\Desktop\research\decentralized benchmark\topk_filter_study\results\sensitivity_suite\scenarios\clue_g28_n50.csv,65.1154,00,3,2,1,8.8244,2.941466666666667,0.0759,8.7033,8.7033,13.551940094048415,1,4.1621,4.1621,4.1621,0.12109999999999999,8.7033,13.551940094048415,completed
34,dcta_parity_v1,custom,ae14bee1828d1c0dcb7b43653aba724543f73a298e3ecda5443cfe335ed0f6b2,6bdd9a364b88f43408248d2c3ec330144acbe295f246a95740198128e5f5dcfc,HIPC,ideal,1.0,clue_search,28,784,4,0.05,39,39,scale_g28_r4_hipc_topk005,C:\Users\lottj\Desktop\research\decentralized benchmark\topk_filter_study\results\sensitivity_suite\scenarios\clue_g28_n50.csv,65.1154,01,3,2,1,8.3788,2.7929333333333335,0.056,8.2942,8.2942,12.867616569966552,1,4.0331,4.0331,4.0331,0.08460000000000001,8.2942,12.867616569966552,completed
34,dcta_parity_v1,custom,ae14bee1828d1c0dcb7b43653aba724543f73a298e3ecda5443cfe335ed0f6b2,6bdd9a364b88f43408248d2c3ec330144acbe295f246a95740198128e5f5dcfc,HIPC,ideal,1.0,clue_search,28,784,4,0.05,39,39,scale_g28_r4_hipc_topk005,C:\Users\lottj\Desktop\research\decentralized benchmark\topk_filter_study\results\sensitivity_suite\scenarios\clue_g28_n50.csv,65.1154,02,3,2,1,9.103,3.034333333333333,0.0588,9.0121,9.0121,13.97979587010139,1,4.3688,4.3688,4.3688,0.0909,9.0121,13.97979587010139,completed
34,dcta_parity_v1,custom,ae14bee1828d1c0dcb7b43653aba724543f73a298e3ecda5443cfe335ed0f6b2,6bdd9a364b88f43408248d2c3ec330144acbe295f246a95740198128e5f5dcfc,HIPC,ideal,1.0,clue_search,28,784,4,0.05,39,39,scale_g28_r4_hipc_topk005,C:\Users\lottj\Desktop\research\decentralized benchmark\topk_filter_study\results\sensitivity_suite\scenarios\clue_g28_n50.csv,65.1154,03,3,2,1,9.3235,3.1078333333333332,0.2263,9.0602,9.0602,14.318425441600604,1,4.5116,4.5116,4.5116,0.2633,9.0602,14.318425441600604,completed
35,dcta_parity_v1,custom,ae14bee1828d1c0dcb7b43653aba724543f73a298e3ecda5443cfe335ed0f6b2,6bdd9a364b88f43408248d2c3ec330144acbe295f246a95740198128e5f5dcfc,HIPC,ideal,1.0,clue_search,28,784,4,0.05,39,39,scale_g28_r4_hipc_topk005,C:\Users\lottj\Desktop\research\decentralized benchmark\topk_filter_study\results\sensitivity_suite\scenarios\clue_g28_n50.csv,1160.543,00,45,20,25,132.56130000000002,2.945806666666667,4.4545,5.9048,8.4921,11.422351433768505,25,79.7119,3.188476,3.8888,0.6231,131.9382,11.422351433768505,completed
35,dcta_parity_v1,custom,ae14bee1828d1c0dcb7b43653aba724543f73a298e3ecda5443cfe335ed0f6b2,6bdd9a364b88f43408248d2c3ec330144acbe295f246a95740198128e5f5dcfc,HIPC,ideal,1.0,clue_search,28,784,4,0.05,39,39,scale_g28_r4_hipc_topk005,C:\Users\lottj\Desktop\research\decentralized benchmark\topk_filter_study\results\sensitivity_suite\scenarios\clue_g28_n50.csv,1160.543,01,43,21,22,137.7367,3.203179069767442,3.8727,9.1691,9.5928,11.86829785712378,22,73.104,3.322909090909091,4.081,0.6553,137.0814,11.86829785712378,completed
35,dcta_parity_v1,custom,ae14bee1828d1c0dcb7b43653aba724543f73a298e3ecda5443cfe335ed0f6b2,6bdd9a364b88f43408248d2c3ec330144acbe295f246a95740198128e5f5dcfc,HIPC,ideal,1.0,clue_search,28,784,4,0.05,39,39,scale_g28_r4_hipc_topk005,C:\Users\lottj\Desktop\research\decentralized benchmark\topk_filter_study\results\sensitivity_suite\scenarios\clue_g28_n50.csv,1160.543,02,46,20,26,128.3275,2.789728260869565,3.99325,7.6981,8.9317,11.057539444897776,26,81.9295,3.1511346153846156,3.7931,0.6721,127.6554,11.057539444897776,completed
35,dcta_parity_v1,custom,ae14bee1828d1c0dcb7b43653aba724543f73a298e3ecda5443cfe335ed0f6b2,6bdd9a364b88f43408248d2c3ec330144acbe295f246a95740198128e5f5dcfc,HIPC,ideal,1.0,clue_search,28,784,4,0.05,39,39,scale_g28_r4_hipc_topk005,C:\Users\lottj\Desktop\research\decentralized benchmark\topk_filter_study\results\sensitivity_suite\scenarios\clue_g28_n50.csv,1160.543,03,42,20,22,100.6427,2.396254761904762,3.88535,4.7605,8.4858,8.672035417903517,22,70.6909,3.2132227272727274,4.3248,0.7251,99.9176,8.672035417903517,completed
36,dcta_parity_v1,custom,ae14bee1828d1c0dcb7b43653aba724543f73a298e3ecda5443cfe335ed0f6b2,6bdd9a364b88f43408248d2c3ec330144acbe295f246a95740198128e5f5dcfc,HIPC,ideal,1.0,clue_search,28,784,4,0.05,39,39,scale_g28_r4_hipc_topk005,C:\Users\lottj\Desktop\research\decentralized benchmark\topk_filter_study\results\sensitivity_suite\scenarios\clue_g28_n50.csv,677.6695,00,25,13,12,63.9799,2.559196,0.0413,8.3822,8.6171,9.441165641953784,12,43.1045,3.592041666666667,4.063,0.4282,63.5517,9.441165641953784,completed
36,dcta_parity_v1,custom,ae14bee1828d1c0dcb7b43653aba724543f73a298e3ecda5443cfe335ed0f6b2,6bdd9a364b88f43408248d2c3ec330144acbe295f246a95740198128e5f5dcfc,HIPC,ideal,1.0,clue_search,28,784,4,0.05,39,39,scale_g28_r4_hipc_topk005,C:\Users\lottj\Desktop\research\decentralized benchmark\topk_filter_study\results\sensitivity_suite\scenarios\clue_g28_n50.csv,677.6695,01,28,13,15,89.5733,3.1990464285714286,3.78955,8.9144,9.7233,13.217844391698314,15,51.221,3.414733333333333,4.3545,0.4855,89.0878,13.217844391698314,completed
36,dcta_parity_v1,custom,ae14bee1828d1c0dcb7b43653aba724543f73a298e3ecda5443cfe335ed0f6b2,6bdd9a364b88f43408248d2c3ec330144acbe295f246a95740198128e5f5dcfc,HIPC,ideal,1.0,clue_search,28,784,4,0.05,39,39,scale_g28_r4_hipc_topk005,C:\Users\lottj\Desktop\research\decentralized benchmark\topk_filter_study\results\sensitivity_suite\scenarios\clue_g28_n50.csv,677.6695,02,29,13,16,96.9729,3.3438931034482757,3.8705,8.8308,9.5237,14.309763092480921,16,57.1878,3.5742375,4.5977,0.4256,96.5473,14.309763092480921,completed
36,dcta_parity_v1,custom,ae14bee1828d1c0dcb7b43653aba724543f73a298e3ecda5443cfe335ed0f6b2,6bdd9a364b88f43408248d2c3ec330144acbe295f246a95740198128e5f5dcfc,HIPC,ideal,1.0,clue_search,28,784,4,0.05,39,39,scale_g28_r4_hipc_topk005,C:\Users\lottj\Desktop\research\decentralized benchmark\topk_filter_study\results\sensitivity_suite\scenarios\clue_g28_n50.csv,677.6695,03,23,12,11,62.742399999999996,2.7279304347826083,0.0541,8.4895,9.6977,9.258554501862633,11,39.4537,3.5867,4.4535,0.4593,62.2831,9.258554501862633,completed
37,dcta_parity_v1,custom,ae14bee1828d1c0dcb7b43653aba724543f73a298e3ecda5443cfe335ed0f6b2,6bdd9a364b88f43408248d2c3ec330144acbe295f246a95740198128e5f5dcfc,HIPC,ideal,1.0,clue_search,28,784,4,0.05,39,39,scale_g28_r4_hipc_topk005,C:\Users\lottj\Desktop\research\decentralized benchmark\topk_filter_study\results\sensitivity_suite\scenarios\clue_g28_n50.csv,178.6189,00,35,35,0,1.0973,0.03135142857142857,0.0279,0.0486,0.0594,0.614324687924962,0,0.0,0.0,0.0,1.0973,0.0,0.614324687924962,completed
37,dcta_parity_v1,custom,ae14bee1828d1c0dcb7b43653aba724543f73a298e3ecda5443cfe335ed0f6b2,6bdd9a364b88f43408248d2c3ec330144acbe295f246a95740198128e5f5dcfc,HIPC,ideal,1.0,clue_search,28,784,4,0.05,39,39,scale_g28_r4_hipc_topk005,C:\Users\lottj\Desktop\research\decentralized benchmark\topk_filter_study\results\sensitivity_suite\scenarios\clue_g28_n50.csv,178.6189,01,35,35,0,1.2963,0.03703714285714286,0.0317,0.1049,0.1087,0.7257350705888347,0,0.0,0.0,0.0,1.2963,0.0,0.7257350705888347,completed
37,dcta_parity_v1,custom,ae14bee1828d1c0dcb7b43653aba724543f73a298e3ecda5443cfe335ed0f6b2,6bdd9a364b88f43408248d2c3ec330144acbe295f246a95740198128e5f5dcfc,HIPC,ideal,1.0,clue_search,28,784,4,0.05,39,39,scale_g28_r4_hipc_topk005,C:\Users\lottj\Desktop\research\decentralized benchmark\topk_filter_study\results\sensitivity_suite\scenarios\clue_g28_n50.csv,178.6189,02,35,35,0,1.2426,0.03550285714285714,0.0349,0.0509,0.0517,0.695671062804664,0,0.0,0.0,0.0,1.2426,0.0,0.695671062804664,completed
37,dcta_parity_v1,custom,ae14bee1828d1c0dcb7b43653aba724543f73a298e3ecda5443cfe335ed0f6b2,6bdd9a364b88f43408248d2c3ec330144acbe295f246a95740198128e5f5dcfc,HIPC,ideal,1.0,clue_search,28,784,4,0.05,39,39,scale_g28_r4_hipc_topk005,C:\Users\lottj\Desktop\research\decentralized benchmark\topk_filter_study\results\sensitivity_suite\scenarios\clue_g28_n50.csv,178.6189,03,28,28,0,1.2388,0.04424285714285714,0.0432,0.0579,0.0681,0.6935436283618363,0,0.0,0.0,0.0,1.2388,0.0,0.6935436283618363,completed
38,dcta_parity_v1,custom,ae14bee1828d1c0dcb7b43653aba724543f73a298e3ecda5443cfe335ed0f6b2,6bdd9a364b88f43408248d2c3ec330144acbe295f246a95740198128e5f5dcfc,HIPC,ideal,1.0,clue_search,28,784,4,0.05,39,39,scale_g28_r4_hipc_topk005,C:\Users\lottj\Desktop\research\decentralized benchmark\topk_filter_study\results\sensitivity_suite\scenarios\clue_g28_n50.csv,207.4651,00,39,39,0,1.2297,0.03153076923076923,0.0295,0.0463,0.0469,0.5927261982858804,0,0.0,0.0,0.0,1.2297,0.0,0.5927261982858804,completed
38,dcta_parity_v1,custom,ae14bee1828d1c0dcb7b43653aba724543f73a298e3ecda5443cfe335ed0f6b2,6bdd9a364b88f43408248d2c3ec330144acbe295f246a95740198128e5f5dcfc,HIPC,ideal,1.0,clue_search,28,784,4,0.05,39,39,scale_g28_r4_hipc_topk005,C:\Users\lottj\Desktop\research\decentralized benchmark\topk_filter_study\results\sensitivity_suite\scenarios\clue_g28_n50.csv,207.4651,01,39,39,0,1.3676,0.03506666666666666,0.0336,0.0495,0.0499,0.6591952092183214,0,0.0,0.0,0.0,1.3676,0.0,0.6591952092183214,completed
38,dcta_parity_v1,custom,ae14bee1828d1c0dcb7b43653aba724543f73a298e3ecda5443cfe335ed0f6b2,6bdd9a364b88f43408248d2c3ec330144acbe295f246a95740198128e5f5dcfc,HIPC,ideal,1.0,clue_search,28,784,4,0.05,39,39,scale_g28_r4_hipc_topk005,C:\Users\lottj\Desktop\research\decentralized benchmark\topk_filter_study\results\sensitivity_suite\scenarios\clue_g28_n50.csv,207.4651,02,40,40,0,1.6137,0.040342499999999996,0.0382,0.0527,0.1065,0.7778175702804954,0,0.0,0.0,0.0,1.6137,0.0,0.7778175702804954,completed
38,dcta_parity_v1,custom,ae14bee1828d1c0dcb7b43653aba724543f73a298e3ecda5443cfe335ed0f6b2,6bdd9a364b88f43408248d2c3ec330144acbe295f246a95740198128e5f5dcfc,HIPC,ideal,1.0,clue_search,28,784,4,0.05,39,39,scale_g28_r4_hipc_topk005,C:\Users\lottj\Desktop\research\decentralized benchmark\topk_filter_study\results\sensitivity_suite\scenarios\clue_g28_n50.csv,207.4651,03,28,28,0,1.1495,0.041053571428571425,0.0403,0.0532,0.0583,0.554069094030755,0,0.0,0.0,0.0,1.1495,0.0,0.554069094030755,completed
39,dcta_parity_v1,custom,ae14bee1828d1c0dcb7b43653aba724543f73a298e3ecda5443cfe335ed0f6b2,6bdd9a364b88f43408248d2c3ec330144acbe295f246a95740198128e5f5dcfc,HIPC,ideal,1.0,clue_search,28,784,4,0.05,39,39,scale_g28_r4_hipc_topk005,C:\Users\lottj\Desktop\research\decentralized benchmark\topk_filter_study\results\sensitivity_suite\scenarios\clue_g28_n50.csv,1585.3821,00,44,25,19,108.2619,2.460497727272727,0.0409,5.6793,10.9158,6.828757559455226,19,81.2973,4.278805263157895,5.6816,0.8628,107.3991,6.828757559455226,completed
39,dcta_parity_v1,custom,ae14bee1828d1c0dcb7b43653aba724543f73a298e3ecda5443cfe335ed0f6b2,6bdd9a364b88f43408248d2c3ec330144acbe295f246a95740198128e5f5dcfc,HIPC,ideal,1.0,clue_search,28,784,4,0.05,39,39,scale_g28_r4_hipc_topk005,C:\Users\lottj\Desktop\research\decentralized benchmark\topk_filter_study\results\sensitivity_suite\scenarios\clue_g28_n50.csv,1585.3821,01,59,26,33,207.361,3.5145932203389827,5.0087,6.9672,9.1546,13.079559810849384,33,145.1889,4.399663636363636,5.1817,0.9953,206.3657,13.079559810849384,completed
39,dcta_parity_v1,custom,ae14bee1828d1c0dcb7b43653aba724543f73a298e3ecda5443cfe335ed0f6b2,6bdd9a364b88f43408248d2c3ec330144acbe295f246a95740198128e5f5dcfc,HIPC,ideal,1.0,clue_search,28,784,4,0.05,39,39,scale_g28_r4_hipc_topk005,C:\Users\lottj\Desktop\research\decentralized benchmark\topk_filter_study\results\sensitivity_suite\scenarios\clue_g28_n50.csv,1585.3821,02,55,25,30,219.8677,3.997594545454546,5.0088,10.5277,11.1652,13.868435880536307,30,138.1726,4.605753333333333,6.0114,0.9993,218.8684,13.868435880536307,completed
39,dcta_parity_v1,custom,ae14bee1828d1c0dcb7b43653aba724543f73a298e3ecda5443cfe335ed0f6b2,6bdd9a364b88f43408248d2c3ec330144acbe295f246a95740198128e5f5dcfc,HIPC,ideal,1.0,clue_search,28,784,4,0.05,39,39,scale_g28_r4_hipc_topk005,C:\Users\lottj\Desktop\research\decentralized benchmark\topk_filter_study\results\sensitivity_suite\scenarios\clue_g28_n50.csv,1585.3821,03,55,26,29,199.25130000000001,3.6227509090909096,5.052,9.9938,10.1262,12.56803012977124,29,133.3085,4.5968448275862075,5.4016,1.2122,198.03910000000002,12.56803012977124,completed
40,dcta_parity_v1,custom,ae14bee1828d1c0dcb7b43653aba724543f73a298e3ecda5443cfe335ed0f6b2,6bdd9a364b88f43408248d2c3ec330144acbe295f246a95740198128e5f5dcfc,HIPC,ideal,1.0,clue_search,28,784,4,0.05,39,39,scale_g28_r4_hipc_topk005,C:\Users\lottj\Desktop\research\decentralized benchmark\topk_filter_study\results\sensitivity_suite\scenarios\clue_g28_n50.csv,190.8974,00,41,41,0,1.1285,0.02752439024390244,0.0271,0.0312,0.0519,0.5911552488404767,0,0.0,0.0,0.0,1.1285,0.0,0.5911552488404767,completed
40,dcta_parity_v1,custom,ae14bee1828d1c0dcb7b43653aba724543f73a298e3ecda5443cfe335ed0f6b2,6bdd9a364b88f43408248d2c3ec330144acbe295f246a95740198128e5f5dcfc,HIPC,ideal,1.0,clue_search,28,784,4,0.05,39,39,scale_g28_r4_hipc_topk005,C:\Users\lottj\Desktop\research\decentralized benchmark\topk_filter_study\results\sensitivity_suite\scenarios\clue_g28_n50.csv,190.8974,01,41,41,0,1.2819,0.03126585365853659,0.0296,0.0346,0.094,0.6715125507209632,0,0.0,0.0,0.0,1.2819,0.0,0.6715125507209632,completed
40,dcta_parity_v1,custom,ae14bee1828d1c0dcb7b43653aba724543f73a298e3ecda5443cfe335ed0f6b2,6bdd9a364b88f43408248d2c3ec330144acbe295f246a95740198128e5f5dcfc,HIPC,ideal,1.0,clue_search,28,784,4,0.05,39,39,scale_g28_r4_hipc_topk005,C:\Users\lottj\Desktop\research\decentralized benchmark\topk_filter_study\results\sensitivity_suite\scenarios\clue_g28_n50.csv,190.8974,02,41,41,0,1.3441,0.0327829268292683,0.0322,0.0486,0.0518,0.7040954984195699,0,0.0,0.0,0.0,1.3441,0.0,0.7040954984195699,completed
40,dcta_parity_v1,custom,ae14bee1828d1c0dcb7b43653aba724543f73a298e3ecda5443cfe335ed0f6b2,6bdd9a364b88f43408248d2c3ec330144acbe295f246a95740198128e5f5dcfc,HIPC,ideal,1.0,clue_search,28,784,4,0.05,39,39,scale_g28_r4_hipc_topk005,C:\Users\lottj\Desktop\research\decentralized benchmark\topk_filter_study\results\sensitivity_suite\scenarios\clue_g28_n50.csv,190.8974,03,28,28,0,1.0264,0.03665714285714285,0.03555,0.0478,0.0618,0.5376710211872975,0,0.0,0.0,0.0,1.0264,0.0,0.5376710211872975,completed
41,dcta_parity_v1,custom,ae14bee1828d1c0dcb7b43653aba724543f73a298e3ecda5443cfe335ed0f6b2,6bdd9a364b88f43408248d2c3ec330144acbe295f246a95740198128e5f5dcfc,HIPC,ideal,1.0,clue_search,28,784,4,0.05,39,39,scale_g28_r4_hipc_topk005,C:\Users\lottj\Desktop\research\decentralized benchmark\topk_filter_study\results\sensitivity_suite\scenarios\clue_g28_n50.csv,17.356,00,3,3,0,0.0857,0.028566666666666667,0.0236,0.0402,0.0402,0.493777368057156,0,0.0,0.0,0.0,0.0857,0.0,0.493777368057156,completed
41,dcta_parity_v1,custom,ae14bee1828d1c0dcb7b43653aba724543f73a298e3ecda5443cfe335ed0f6b2,6bdd9a364b88f43408248d2c3ec330144acbe295f246a95740198128e5f5dcfc,HIPC,ideal,1.0,clue_search,28,784,4,0.05,39,39,scale_g28_r4_hipc_topk005,C:\Users\lottj\Desktop\research\decentralized benchmark\topk_filter_study\results\sensitivity_suite\scenarios\clue_g28_n50.csv,17.356,01,3,3,0,0.1048,0.03493333333333334,0.0287,0.0509,0.0509,0.6038257663056004,0,0.0,0.0,0.0,0.1048,0.0,0.6038257663056004,completed
41,dcta_parity_v1,custom,ae14bee1828d1c0dcb7b43653aba724543f73a298e3ecda5443cfe335ed0f6b2,6bdd9a364b88f43408248d2c3ec330144acbe295f246a95740198128e5f5dcfc,HIPC,ideal,1.0,clue_search,28,784,4,0.05,39,39,scale_g28_r4_hipc_topk005,C:\Users\lottj\Desktop\research\decentralized benchmark\topk_filter_study\results\sensitivity_suite\scenarios\clue_g28_n50.csv,17.356,02,3,3,0,0.1576,0.05253333333333333,0.0343,0.0955,0.0955,0.90804332795575,0,0.0,0.0,0.0,0.1576,0.0,0.90804332795575,completed
41,dcta_parity_v1,custom,ae14bee1828d1c0dcb7b43653aba724543f73a298e3ecda5443cfe335ed0f6b2,6bdd9a364b88f43408248d2c3ec330144acbe295f246a95740198128e5f5dcfc,HIPC,ideal,1.0,clue_search,28,784,4,0.05,39,39,scale_g28_r4_hipc_topk005,C:\Users\lottj\Desktop\research\decentralized benchmark\topk_filter_study\results\sensitivity_suite\scenarios\clue_g28_n50.csv,17.356,03,3,3,0,0.13019999999999998,0.043399999999999994,0.0472,0.0532,0.0532,0.750172850887301,0,0.0,0.0,0.0,0.13019999999999998,0.0,0.750172850887301,completed
42,dcta_parity_v1,custom,ae14bee1828d1c0dcb7b43653aba724543f73a298e3ecda5443cfe335ed0f6b2,6bdd9a364b88f43408248d2c3ec330144acbe295f246a95740198128e5f5dcfc,HIPC,ideal,1.0,clue_search,28,784,4,0.05,39,39,scale_g28_r4_hipc_topk005,C:\Users\lottj\Desktop\research\decentralized benchmark\topk_filter_study\results\sensitivity_suite\scenarios\clue_g28_n50.csv,1015.0962,00,75,54,21,82.9254,1.105672,0.0285,3.8852,7.2529,8.169215883184274,21,53.6882,2.5565809523809526,3.1466,1.548,81.3774,8.169215883184274,completed
42,dcta_parity_v1,custom,ae14bee1828d1c0dcb7b43653aba724543f73a298e3ecda5443cfe335ed0f6b2,6bdd9a364b88f43408248d2c3ec330144acbe295f246a95740198128e5f5dcfc,HIPC,ideal,1.0,clue_search,28,784,4,0.05,39,39,scale_g28_r4_hipc_topk005,C:\Users\lottj\Desktop\research\decentralized benchmark\topk_filter_study\results\sensitivity_suite\scenarios\clue_g28_n50.csv,1015.0962,01,81,55,26,136.7289,1.6880111111111111,0.0306,7.0363,7.524,13.4695509647263,26,68.684,2.6416923076923076,3.0543,1.6223,135.10660000000001,13.4695509647263,completed
42,dcta_parity_v1,custom,ae14bee1828d1c0dcb7b43653aba724543f73a298e3ecda5443cfe335ed0f6b2,6bdd9a364b88f43408248d2c3ec330144acbe295f246a95740198128e5f5dcfc,HIPC,ideal,1.0,clue_search,28,784,4,0.05,39,39,scale_g28_r4_hipc_topk005,C:\Users\lottj\Desktop\research\decentralized benchmark\topk_filter_study\results\sensitivity_suite\scenarios\clue_g28_n50.csv,1015.0962,02,74,55,19,100.0856,1.352508108108108,0.0338,5.8639,7.1007,9.859715758959593,19,50.3035,2.6475526315789475,2.8494,1.7912,98.2944,9.859715758959593,completed
42,dcta_parity_v1,custom,ae14bee1828d1c0dcb7b43653aba724543f73a298e3ecda5443cfe335ed0f6b2,6bdd9a364b88f43408248d2c3ec330144acbe295f246a95740198128e5f5dcfc,HIPC,ideal,1.0,clue_search,28,784,4,0.05,39,39,scale_g28_r4_hipc_topk005,C:\Users\lottj\Desktop\research\decentralized benchmark\topk_filter_study\results\sensitivity_suite\scenarios\clue_g28_n50.csv,1015.0962,03,47,28,19,78.6487,1.673376595744681,0.0365,4.5371,7.1106,7.747906060529043,19,49.0884,2.5836,2.9592,0.9375,77.7112,7.747906060529043,completed
43,dcta_parity_v1,custom,ae14bee1828d1c0dcb7b43653aba724543f73a298e3ecda5443cfe335ed0f6b2,6bdd9a364b88f43408248d2c3ec330144acbe295f246a95740198128e5f5dcfc,HIPC,ideal,1.0,clue_search,28,784,4,0.05,39,39,scale_g28_r4_hipc_topk005,C:\Users\lottj\Desktop\research\decentralized benchmark\topk_filter_study\results\sensitivity_suite\scenarios\clue_g28_n50.csv,663.7808,00,80,79,1,10.2439,0.12804875,0.02735,0.0322,8.0638,1.5432654876429088,1,3.6533,3.6533,3.6533,2.1801,8.0638,1.5432654876429088,completed
43,dcta_parity_v1,custom,ae14bee1828d1c0dcb7b43653aba724543f73a298e3ecda5443cfe335ed0f6b2,6bdd9a364b88f43408248d2c3ec330144acbe295f246a95740198128e5f5dcfc,HIPC,ideal,1.0,clue_search,28,784,4,0.05,39,39,scale_g28_r4_hipc_topk005,C:\Users\lottj\Desktop\research\decentralized benchmark\topk_filter_study\results\sensitivity_suite\scenarios\clue_g28_n50.csv,663.7808,01,84,79,5,34.8946,0.4154119047619047,0.03075,5.8924,8.3028,5.256946269009287,5,20.0846,4.01692,4.2001,2.4831,32.4115,5.256946269009287,completed
43,dcta_parity_v1,custom,ae14bee1828d1c0dcb7b43653aba724543f73a298e3ecda5443cfe335ed0f6b2,6bdd9a364b88f43408248d2c3ec330144acbe295f246a95740198128e5f5dcfc,HIPC,ideal,1.0,clue_search,28,784,4,0.05,39,39,scale_g28_r4_hipc_topk005,C:\Users\lottj\Desktop\research\decentralized benchmark\topk_filter_study\results\sensitivity_suite\scenarios\clue_g28_n50.csv,663.7808,02,88,80,8,71.942,0.8175227272727272,0.03155,8.4256,9.8687,10.838216471461662,8,31.552599999999998,3.9440749999999998,4.201,2.5365,69.4055,10.838216471461662,completed
43,dcta_parity_v1,custom,ae14bee1828d1c0dcb7b43653aba724543f73a298e3ecda5443cfe335ed0f6b2,6bdd9a364b88f43408248d2c3ec330144acbe295f246a95740198128e5f5dcfc,HIPC,ideal,1.0,clue_search,28,784,4,0.05,39,39,scale_g28_r4_hipc_topk005,C:\Users\lottj\Desktop\research\decentralized benchmark\topk_filter_study\results\sensitivity_suite\scenarios\clue_g28_n50.csv,663.7808,03,36,29,7,55.6098,1.5447166666666667,0.03195,8.3996,9.3173,8.377735541612532,7,27.786,3.9694285714285718,4.2815,0.9319,54.6779,8.377735541612532,completed
44,dcta_parity_v1,custom,ae14bee1828d1c0dcb7b43653aba724543f73a298e3ecda5443cfe335ed0f6b2,6bdd9a364b88f43408248d2c3ec330144acbe295f246a95740198128e5f5dcfc,HIPC,ideal,1.0,clue_search,28,784,4,0.05,39,39,scale_g28_r4_hipc_topk005,C:\Users\lottj\Desktop\research\decentralized benchmark\topk_filter_study\results\sensitivity_suite\scenarios\clue_g28_n50.csv,560.6999,00,113,113,0,3.9056,0.034562831858407084,0.0332,0.0466,0.0647,0.6965579983160333,0,0.0,0.0,0.0,3.9056,0.0,0.6965579983160333,completed
44,dcta_parity_v1,custom,ae14bee1828d1c0dcb7b43653aba724543f73a298e3ecda5443cfe335ed0f6b2,6bdd9a364b88f43408248d2c3ec330144acbe295f246a95740198128e5f5dcfc,HIPC,ideal,1.0,clue_search,28,784,4,0.05,39,39,scale_g28_r4_hipc_topk005,C:\Users\lottj\Desktop\research\decentralized benchmark\topk_filter_study\results\sensitivity_suite\scenarios\clue_g28_n50.csv,560.6999,01,114,114,0,4.0865,0.035846491228070175,0.0357,0.0482,0.0627,0.7288212464457369,0,0.0,0.0,0.0,4.0865,0.0,0.7288212464457369,completed
44,dcta_parity_v1,custom,ae14bee1828d1c0dcb7b43653aba724543f73a298e3ecda5443cfe335ed0f6b2,6bdd9a364b88f43408248d2c3ec330144acbe295f246a95740198128e5f5dcfc,HIPC,ideal,1.0,clue_search,28,784,4,0.05,39,39,scale_g28_r4_hipc_topk005,C:\Users\lottj\Desktop\research\decentralized benchmark\topk_filter_study\results\sensitivity_suite\scenarios\clue_g28_n50.csv,560.6999,02,84,84,0,3.2106,0.03822142857142857,0.03805,0.0504,0.0527,0.5726057736054528,0,0.0,0.0,0.0,3.2106,0.0,0.5726057736054528,completed
44,dcta_parity_v1,custom,ae14bee1828d1c0dcb7b43653aba724543f73a298e3ecda5443cfe335ed0f6b2,6bdd9a364b88f43408248d2c3ec330144acbe295f246a95740198128e5f5dcfc,HIPC,ideal,1.0,clue_search,28,784,4,0.05,39,39,scale_g28_r4_hipc_topk005,C:\Users\lottj\Desktop\research\decentralized benchmark\topk_filter_study\results\sensitivity_suite\scenarios\clue_g28_n50.csv,560.6999,03,30,30,0,1.3324,0.04441333333333333,0.04235,0.055,0.097,0.2376315743947877,0,0.0,0.0,0.0,1.3324,0.0,0.2376315743947877,completed
45,dcta_parity_v1,custom,ae14bee1828d1c0dcb7b43653aba724543f73a298e3ecda5443cfe335ed0f6b2,6bdd9a364b88f43408248d2c3ec330144acbe295f246a95740198128e5f5dcfc,HIPC,ideal,1.0,clue_search,28,784,4,0.05,39,39,scale_g28_r4_hipc_topk005,C:\Users\lottj\Desktop\research\decentralized benchmark\topk_filter_study\results\sensitivity_suite\scenarios\clue_g28_n50.csv,4215.7785,00,164,62,102,439.1921,2.6780006097560975,3.5523,5.5886,8.6537,10.417817254867636,102,244.4351,2.396422549019608,4.5505,2.1063,437.0858,10.417817254867636,completed
45,dcta_parity_v1,custom,ae14bee1828d1c0dcb7b43653aba724543f73a298e3ecda5443cfe335ed0f6b2,6bdd9a364b88f43408248d2c3ec330144acbe295f246a95740198128e5f5dcfc,HIPC,ideal,1.0,clue_search,28,784,4,0.05,39,39,scale_g28_r4_hipc_topk005,C:\Users\lottj\Desktop\research\decentralized benchmark\topk_filter_study\results\sensitivity_suite\scenarios\clue_g28_n50.csv,4215.7785,01,157,62,95,440.6468,2.806667515923567,4.0392,5.6688,8.9834,10.452323337196201,95,274.0654,2.8848989473684212,4.3959,2.4838999999999998,438.1629,10.452323337196201,completed
45,dcta_parity_v1,custom,ae14bee1828d1c0dcb7b43653aba724543f73a298e3ecda5443cfe335ed0f6b2,6bdd9a364b88f43408248d2c3ec330144acbe295f246a95740198128e5f5dcfc,HIPC,ideal,1.0,clue_search,28,784,4,0.05,39,39,scale_g28_r4_hipc_topk005,C:\Users\lottj\Desktop\research\decentralized benchmark\topk_filter_study\results\sensitivity_suite\scenarios\clue_g28_n50.csv,4215.7785,02,161,63,98,489.6898,3.041551552795031,3.8517,6.3033,9.2695,11.615643468934621,98,292.4227,2.9839051020408167,4.6531,2.4512,487.2386,11.615643468934621,completed
45,dcta_parity_v1,custom,ae14bee1828d1c0dcb7b43653aba724543f73a298e3ecda5443cfe335ed0f6b2,6bdd9a364b88f43408248d2c3ec330144acbe295f246a95740198128e5f5dcfc,HIPC,ideal,1.0,clue_search,28,784,4,0.05,39,39,scale_g28_r4_hipc_topk005,C:\Users\lottj\Desktop\research\decentralized benchmark\topk_filter_study\results\sensitivity_suite\scenarios\clue_g28_n50.csv,4215.7785,03,119,29,90,429.1029,3.6059067226890753,4.1825,6.8695,9.1427,10.178497281107154,90,246.1401,2.73489,4.425,1.2012,427.9017,10.178497281107154,completed
46,dcta_parity_v1,custom,ae14bee1828d1c0dcb7b43653aba724543f73a298e3ecda5443cfe335ed0f6b2,6bdd9a364b88f43408248d2c3ec330144acbe295f246a95740198128e5f5dcfc,HIPC,ideal,1.0,clue_search,28,784,4,0.05,39,39,scale_g28_r4_hipc_topk005,C:\Users\lottj\Desktop\research\decentralized benchmark\topk_filter_study\results\sensitivity_suite\scenarios\clue_g28_n50.csv,3638.6447,00,94,44,50,221.6096,2.357548936170213,3.40725,5.0304,10.1381,6.090443510464212,50,132.2545,2.64509,4.8701,1.196,220.4136,6.090443510464212,completed
46,dcta_parity_v1,custom,ae14bee1828d1c0dcb7b43653aba724543f73a298e3ecda5443cfe335ed0f6b2,6bdd9a364b88f43408248d2c3ec330144acbe295f246a95740198128e5f5dcfc,HIPC,ideal,1.0,clue_search,28,784,4,0.05,39,39,scale_g28_r4_hipc_topk005,C:\Users\lottj\Desktop\research\decentralized benchmark\topk_filter_study\results\sensitivity_suite\scenarios\clue_g28_n50.csv,3638.6447,01,127,44,83,439.1839,3.45814094488189,4.0062,7.617,10.9794,12.06998583840846,83,245.7327,2.960634939759036,5.4778,1.0821,438.1018,12.06998583840846,completed
46,dcta_parity_v1,custom,ae14bee1828d1c0dcb7b43653aba724543f73a298e3ecda5443cfe335ed0f6b2,6bdd9a364b88f43408248d2c3ec330144acbe295f246a95740198128e5f5dcfc,HIPC,ideal,1.0,clue_search,28,784,4,0.05,39,39,scale_g28_r4_hipc_topk005,C:\Users\lottj\Desktop\research\decentralized benchmark\topk_filter_study\results\sensitivity_suite\scenarios\clue_g28_n50.csv,3638.6447,02,102,44,58,308.8029,3.027479411764706,3.95625,9.2219,10.4906,8.486756071566978,58,170.8898,2.9463758620689657,4.6562,1.2996,307.5033,8.486756071566978,completed
46,dcta_parity_v1,custom,ae14bee1828d1c0dcb7b43653aba724543f73a298e3ecda5443cfe335ed0f6b2,6bdd9a364b88f43408248d2c3ec330144acbe295f246a95740198128e5f5dcfc,HIPC,ideal,1.0,clue_search,28,784,4,0.05,39,39,scale_g28_r4_hipc_topk005,C:\Users\lottj\Desktop\research\decentralized benchmark\topk_filter_study\results\sensitivity_suite\scenarios\clue_g28_n50.csv,3638.6447,03,103,28,75,356.1412,3.4576815533980585,4.2128,6.2617,10.3436,9.787743222084861,75,212.5251,2.8336680000000003,5.4243,0.8131,355.3281,9.787743222084861,completed
47,dcta_parity_v1,custom,ae14bee1828d1c0dcb7b43653aba724543f73a298e3ecda5443cfe335ed0f6b2,6bdd9a364b88f43408248d2c3ec330144acbe295f246a95740198128e5f5dcfc,HIPC,ideal,1.0,clue_search,28,784,4,0.05,39,39,scale_g28_r4_hipc_topk005,C:\Users\lottj\Desktop\research\decentralized benchmark\topk_filter_study\results\sensitivity_suite\scenarios\clue_g28_n50.csv,2235.543,00,68,24,44,217.6512,3.2007529411764706,4.3003,5.8377,8.8192,9.735943347991963,44,147.7357,3.3576295454545457,4.2476,0.6361,217.0151,9.735943347991963,completed
47,dcta_parity_v1,custom,ae14bee1828d1c0dcb7b43653aba724543f73a298e3ecda5443cfe335ed0f6b2,6bdd9a364b88f43408248d2c3ec330144acbe295f246a95740198128e5f5dcfc,HIPC,ideal,1.0,clue_search,28,784,4,0.05,39,39,scale_g28_r4_hipc_topk005,C:\Users\lottj\Desktop\research\decentralized benchmark\topk_filter_study\results\sensitivity_suite\scenarios\clue_g28_n50.csv,2235.543,01,78,25,53,324.6637,4.162355128205128,4.32925,9.261,10.1407,14.522811683783312,53,180.6351,3.408209433962264,4.1909,0.7647,323.899,14.522811683783312,completed
47,dcta_parity_v1,custom,ae14bee1828d1c0dcb7b43653aba724543f73a298e3ecda5443cfe335ed0f6b2,6bdd9a364b88f43408248d2c3ec330144acbe295f246a95740198128e5f5dcfc,HIPC,ideal,1.0,clue_search,28,784,4,0.05,39,39,scale_g28_r4_hipc_topk005,C:\Users\lottj\Desktop\research\decentralized benchmark\topk_filter_study\results\sensitivity_suite\scenarios\clue_g28_n50.csv,2235.543,02,44,24,20,117.32509999999999,2.6664795454545454,0.0451,8.8584,8.9871,5.248170131373003,20,72.5847,3.629235,4.1513,0.8561,116.469,5.248170131373003,completed
47,dcta_parity_v1,custom,ae14bee1828d1c0dcb7b43653aba724543f73a298e3ecda5443cfe335ed0f6b2,6bdd9a364b88f43408248d2c3ec330144acbe295f246a95740198128e5f5dcfc,HIPC,ideal,1.0,clue_search,28,784,4,0.05,39,39,scale_g28_r4_hipc_topk005,C:\Users\lottj\Desktop\research\decentralized benchmark\topk_filter_study\results\sensitivity_suite\scenarios\clue_g28_n50.csv,2235.543,03,81,24,57,280.9779,3.468862962962963,4.3346,5.6387,9.8584,12.56866452579977,57,190.0745,3.334640350877193,4.2499,0.8379,280.14,12.56866452579977,completed
48,dcta_parity_v1,custom,ae14bee1828d1c0dcb7b43653aba724543f73a298e3ecda5443cfe335ed0f6b2,6bdd9a364b88f43408248d2c3ec330144acbe295f246a95740198128e5f5dcfc,HIPC,ideal,1.0,clue_search,28,784,4,0.05,39,39,scale_g28_r4_hipc_topk005,C:\Users\lottj\Desktop\research\decentralized benchmark\topk_filter_study\results\sensitivity_suite\scenarios\clue_g28_n50.csv,89.1311,00,18,18,0,0.554,0.03077777777777778,0.028499999999999998,0.0529,0.0529,0.6215563366770971,0,0.0,0.0,0.0,0.554,0.0,0.6215563366770971,completed
48,dcta_parity_v1,custom,ae14bee1828d1c0dcb7b43653aba724543f73a298e3ecda5443cfe335ed0f6b2,6bdd9a364b88f43408248d2c3ec330144acbe295f246a95740198128e5f5dcfc,HIPC,ideal,1.0,clue_search,28,784,4,0.05,39,39,scale_g28_r4_hipc_topk005,C:\Users\lottj\Desktop\research\decentralized benchmark\topk_filter_study\results\sensitivity_suite\scenarios\clue_g28_n50.csv,89.1311,01,17,17,0,0.5342,0.031423529411764704,0.0309,0.0513,0.0513,0.5993418683265437,0,0.0,0.0,0.0,0.5342,0.0,0.5993418683265437,completed
48,dcta_parity_v1,custom,ae14bee1828d1c0dcb7b43653aba724543f73a298e3ecda5443cfe335ed0f6b2,6bdd9a364b88f43408248d2c3ec330144acbe295f246a95740198128e5f5dcfc,HIPC,ideal,1.0,clue_search,28,784,4,0.05,39,39,scale_g28_r4_hipc_topk005,C:\Users\lottj\Desktop\research\decentralized benchmark\topk_filter_study\results\sensitivity_suite\scenarios\clue_g28_n50.csv,89.1311,02,18,18,0,0.674,0.03744444444444445,0.03615,0.0549,0.0549,0.7561894781956018,0,0.0,0.0,0.0,0.674,0.0,0.7561894781956018,completed
48,dcta_parity_v1,custom,ae14bee1828d1c0dcb7b43653aba724543f73a298e3ecda5443cfe335ed0f6b2,6bdd9a364b88f43408248d2c3ec330144acbe295f246a95740198128e5f5dcfc,HIPC,ideal,1.0,clue_search,28,784,4,0.05,39,39,scale_g28_r4_hipc_topk005,C:\Users\lottj\Desktop\research\decentralized benchmark\topk_filter_study\results\sensitivity_suite\scenarios\clue_g28_n50.csv,89.1311,03,18,18,0,0.7583,0.04212777777777778,0.0385,0.1006,0.1006,0.8507692601123513,0,0.0,0.0,0.0,0.7583,0.0,0.8507692601123513,completed
49,dcta_parity_v1,custom,ae14bee1828d1c0dcb7b43653aba724543f73a298e3ecda5443cfe335ed0f6b2,6bdd9a364b88f43408248d2c3ec330144acbe295f246a95740198128e5f5dcfc,HIPC,ideal,1.0,clue_search,28,784,4,0.05,39,39,scale_g28_r4_hipc_topk005,C:\Users\lottj\Desktop\research\decentralized benchmark\topk_filter_study\results\sensitivity_suite\scenarios\clue_g28_n50.csv,5348.6692,00,65,15,50,319.8965,4.921484615384616,6.5291,7.4484,9.972,5.980861557114057,50,235.2343,4.704686,6.3875,0.4538,319.4427,5.980861557114057,completed
49,dcta_parity_v1,custom,ae14bee1828d1c0dcb7b43653aba724543f73a298e3ecda5443cfe335ed0f6b2,6bdd9a364b88f43408248d2c3ec330144acbe295f246a95740198128e5f5dcfc,HIPC,ideal,1.0,clue_search,28,784,4,0.05,39,39,scale_g28_r4_hipc_topk005,C:\Users\lottj\Desktop\research\decentralized benchmark\topk_filter_study\results\sensitivity_suite\scenarios\clue_g28_n50.csv,5348.6692,01,127,15,112,624.0404,4.913703937007874,5.2373,7.212,9.112,11.667208732968566,112,404.8915,3.6151026785714286,6.1481,0.46849999999999997,623.5719,11.667208732968566,completed
49,dcta_parity_v1,custom,ae14bee1828d1c0dcb7b43653aba724543f73a298e3ecda5443cfe335ed0f6b2,6bdd9a364b88f43408248d2c3ec330144acbe295f246a95740198128e5f5dcfc,HIPC,ideal,1.0,clue_search,28,784,4,0.05,39,39,scale_g28_r4_hipc_topk005,C:\Users\lottj\Desktop\research\decentralized benchmark\topk_filter_study\results\sensitivity_suite\scenarios\clue_g28_n50.csv,5348.6692,02,131,15,116,636.8189,4.861212977099236,5.0852,7.4416,10.0864,11.906118628536609,116,401.9345,3.4649525862068966,5.9477,0.5704,636.2485,11.906118628536609,completed
49,dcta_parity_v1,custom,ae14bee1828d1c0dcb7b43653aba724543f73a298e3ecda5443cfe335ed0f6b2,6bdd9a364b88f43408248d2c3ec330144acbe295f246a95740198128e5f5dcfc,HIPC,ideal,1.0,clue_search,28,784,4,0.05,39,39,scale_g28_r4_hipc_topk005,C:\Users\lottj\Desktop\research\decentralized benchmark\topk_filter_study\results\sensitivity_suite\scenarios\clue_g28_n50.csv,5348.6692,03,124,15,109,660.7654,5.328753225806452,5.6117,9.6532,11.1198,12.353828126069189,109,431.2655,3.956564220183486,6.1058,0.6299,660.1355,12.353828126069189,completed
