trial_id,logic_revision,study_profile,scenario_file_sha256,scenario_selection_sha256,algorithm,comm_model,comm_level,trial_mode,grid_size,grid_cells,robot_count,top_k_rate,top_k_max_cells,max_candidate_cells,condition_id,scenario_file,host_trial_runtime_ms,robot_id,allocator_calls,allocator_calls_pre_clue,allocator_calls_post_clue,allocator_time_ms_total,allocator_time_ms_mean,allocator_time_ms_median,allocator_time_ms_p95,allocator_time_ms_max,allocator_time_pct,candidate_filter_calls,candidate_filter_time_ms_total,candidate_filter_time_ms_mean,candidate_filter_time_ms_max,allocator_time_ms_pre_clue_total,allocator_time_ms_post_clue_total,allocator_host_runtime_pct,trial_status
0,dcta_parity_v1,custom,5789862b56c579a63f65129a7c7ce0c99a25e7c55fba998a5a9699fc4a7df60b,03f32103aba060045f2661de3c031f6fbcbc73f46000a9666f166ad349c5805d,ACBBA,gilbert_elliot,pGG_0.95_pBB_0.85,clue_search,19,361,4,0.25,90,90,comm_g19_r4_ge_drop025_acbba_topk025,C:\Users\lottj\Desktop\research\decentralized benchmark\topk_filter_study\results\sensitivity_suite\scenarios\clue_g19_n50.csv,767.5622,00,22,9,13,92.8149,4.218859090909091,6.14825,9.078,9.6829,12.092166602263635,13,46.222,3.5555384615384615,4.7024,0.1694,92.6455,12.092166602263635,completed
0,dcta_parity_v1,custom,5789862b56c579a63f65129a7c7ce0c99a25e7c55fba998a5a9699fc4a7df60b,03f32103aba060045f2661de3c031f6fbcbc73f46000a9666f166ad349c5805d,ACBBA,gilbert_elliot,pGG_0.95_pBB_0.85,clue_search,19,361,4,0.25,90,90,comm_g19_r4_ge_drop025_acbba_topk025,C:\Users\lottj\Desktop\research\decentralized benchmark\topk_filter_study\results\sensitivity_suite\scenarios\clue_g19_n50.csv,767.5622,01,26,9,17,134.4668,5.1718,6.68105,9.6701,10.0987,17.518684479251323,17,67.2837,3.957864705882353,5.42,0.177,134.28979999999999,17.518684479251323,completed
0,dcta_parity_v1,custom,5789862b56c579a63f65129a7c7ce0c99a25e7c55fba998a5a9699fc4a7df60b,03f32103aba060045f2661de3c031f6fbcbc73f46000a9666f166ad349c5805d,ACBBA,gilbert_elliot,pGG_0.95_pBB_0.85,clue_search,19,361,4,0.25,90,90,comm_g19_r4_ge_drop025_acbba_topk025,C:\Users\lottj\Desktop\research\decentralized benchmark\topk_filter_study\results\sensitivity_suite\scenarios\clue_g19_n50.csv,767.5622,02,32,10,22,176.5882,5.51838125,6.4102,10.1873,10.2686,23.00637003750315,22,90.0311,4.092322727272727,5.6105,0.287,176.3012,23.00637003750315,completed
0,dcta_parity_v1,custom,5789862b56c579a63f65129a7c7ce0c99a25e7c55fba998a5a9699fc4a7df60b,03f32103aba060045f2661de3c031f6fbcbc73f46000a9666f166ad349c5805d,ACBBA,gilbert_elliot,pGG_0.95_pBB_0.85,clue_search,19,361,4,0.25,90,90,comm_g19_r4_ge_drop025_acbba_topk025,C:\Users\lottj\Desktop\research\decentralized benchmark\topk_filter_study\results\sensitivity_suite\scenarios\clue_g19_n50.csv,767.5622,03,26,7,19,145.3754,5.591361538461539,6.72095,9.7697,9.8267,18.939885262718775,19,73.8201,3.8852684210526314,5.0902,0.1703,145.20510000000002,18.939885262718775,completed
1,dcta_parity_v1,custom,5789862b56c579a63f65129a7c7ce0c99a25e7c55fba998a5a9699fc4a7df60b,03f32103aba060045f2661de3c031f6fbcbc73f46000a9666f166ad349c5805d,ACBBA,gilbert_elliot,pGG_0.95_pBB_0.85,clue_search,19,361,4,0.25,90,90,comm_g19_r4_ge_drop025_acbba_topk025,C:\Users\lottj\Desktop\research\decentralized benchmark\topk_filter_study\results\sensitivity_suite\scenarios\clue_g19_n50.csv,380.3441,00,31,25,6,51.7684,1.6699483870967742,0.0214,8.94,8.9718,13.61093809526689,6,22.584600000000002,3.7641000000000004,4.0159,0.5619,51.2065,13.61093809526689,completed
1,dcta_parity_v1,custom,5789862b56c579a63f65129a7c7ce0c99a25e7c55fba998a5a9699fc4a7df60b,03f32103aba060045f2661de3c031f6fbcbc73f46000a9666f166ad349c5805d,ACBBA,gilbert_elliot,pGG_0.95_pBB_0.85,clue_search,19,361,4,0.25,90,90,comm_g19_r4_ge_drop025_acbba_topk025,C:\Users\lottj\Desktop\research\decentralized benchmark\topk_filter_study\results\sensitivity_suite\scenarios\clue_g19_n50.csv,380.3441,01,33,25,8,70.1911,2.1270030303030305,0.0247,9.0874,9.3128,18.454630951288582,8,31.1443,3.8930375,4.1241,0.6388,69.5523,18.454630951288582,completed
1,dcta_parity_v1,custom,5789862b56c579a63f65129a7c7ce0c99a25e7c55fba998a5a9699fc4a7df60b,03f32103aba060045f2661de3c031f6fbcbc73f46000a9666f166ad349c5805d,ACBBA,gilbert_elliot,pGG_0.95_pBB_0.85,clue_search,19,361,4,0.25,90,90,comm_g19_r4_ge_drop025_acbba_topk025,C:\Users\lottj\Desktop\research\decentralized benchmark\topk_filter_study\results\sensitivity_suite\scenarios\clue_g19_n50.csv,380.3441,02,37,25,12,49.1168,1.327481081081081,0.0231,9.8807,10.2763,12.913779916659674,5,23.3954,4.67908,4.9422,0.645,48.4718,12.913779916659674,completed
1,dcta_parity_v1,custom,5789862b56c579a63f65129a7c7ce0c99a25e7c55fba998a5a9699fc4a7df60b,03f32103aba060045f2661de3c031f6fbcbc73f46000a9666f166ad349c5805d,ACBBA,gilbert_elliot,pGG_0.95_pBB_0.85,clue_search,19,361,4,0.25,90,90,comm_g19_r4_ge_drop025_acbba_topk025,C:\Users\lottj\Desktop\research\decentralized benchmark\topk_filter_study\results\sensitivity_suite\scenarios\clue_g19_n50.csv,380.3441,03,31,23,8,64.77980000000001,2.089670967741936,0.0222,8.808,9.2771,17.031892962188714,8,30.9747,3.8718375,4.0423,0.603,64.1768,17.031892962188714,completed
2,dcta_parity_v1,custom,5789862b56c579a63f65129a7c7ce0c99a25e7c55fba998a5a9699fc4a7df60b,03f32103aba060045f2661de3c031f6fbcbc73f46000a9666f166ad349c5805d,ACBBA,gilbert_elliot,pGG_0.95_pBB_0.85,clue_search,19,361,4,0.25,90,90,comm_g19_r4_ge_drop025_acbba_topk025,C:\Users\lottj\Desktop\research\decentralized benchmark\topk_filter_study\results\sensitivity_suite\scenarios\clue_g19_n50.csv,9.0471,00,3,3,0,0.09390000000000001,0.0313,0.0286,0.0432,0.0432,1.037901648041914,0,0.0,0.0,0.0,0.09390000000000001,0.0,1.037901648041914,completed
2,dcta_parity_v1,custom,5789862b56c579a63f65129a7c7ce0c99a25e7c55fba998a5a9699fc4a7df60b,03f32103aba060045f2661de3c031f6fbcbc73f46000a9666f166ad349c5805d,ACBBA,gilbert_elliot,pGG_0.95_pBB_0.85,clue_search,19,361,4,0.25,90,90,comm_g19_r4_ge_drop025_acbba_topk025,C:\Users\lottj\Desktop\research\decentralized benchmark\topk_filter_study\results\sensitivity_suite\scenarios\clue_g19_n50.csv,9.0471,01,3,3,0,0.1118,0.03726666666666666,0.0268,0.0595,0.0595,1.235755103845431,0,0.0,0.0,0.0,0.1118,0.0,1.235755103845431,completed
2,dcta_parity_v1,custom,5789862b56c579a63f65129a7c7ce0c99a25e7c55fba998a5a9699fc4a7df60b,03f32103aba060045f2661de3c031f6fbcbc73f46000a9666f166ad349c5805d,ACBBA,gilbert_elliot,pGG_0.95_pBB_0.85,clue_search,19,361,4,0.25,90,90,comm_g19_r4_ge_drop025_acbba_topk025,C:\Users\lottj\Desktop\research\decentralized benchmark\topk_filter_study\results\sensitivity_suite\scenarios\clue_g19_n50.csv,9.0471,02,3,3,0,0.1593,0.0531,0.0365,0.0911,0.0911,1.760785223994429,0,0.0,0.0,0.0,0.1593,0.0,1.760785223994429,completed
2,dcta_parity_v1,custom,5789862b56c579a63f65129a7c7ce0c99a25e7c55fba998a5a9699fc4a7df60b,03f32103aba060045f2661de3c031f6fbcbc73f46000a9666f166ad349c5805d,ACBBA,gilbert_elliot,pGG_0.95_pBB_0.85,clue_search,19,361,4,0.25,90,90,comm_g19_r4_ge_drop025_acbba_topk025,C:\Users\lottj\Desktop\research\decentralized benchmark\topk_filter_study\results\sensitivity_suite\scenarios\clue_g19_n50.csv,9.0471,03,1,1,0,0.1841,0.1841,0.1841,0.1841,0.1841,2.034906213040643,0,0.0,0.0,0.0,0.1841,0.0,2.034906213040643,completed
3,dcta_parity_v1,custom,5789862b56c579a63f65129a7c7ce0c99a25e7c55fba998a5a9699fc4a7df60b,03f32103aba060045f2661de3c031f6fbcbc73f46000a9666f166ad349c5805d,ACBBA,gilbert_elliot,pGG_0.95_pBB_0.85,clue_search,19,361,4,0.25,90,90,comm_g19_r4_ge_drop025_acbba_topk025,C:\Users\lottj\Desktop\research\decentralized benchmark\topk_filter_study\results\sensitivity_suite\scenarios\clue_g19_n50.csv,413.1135,00,25,19,6,45.6772,1.827088,0.0181,8.4869,8.5373,11.056816105017145,6,18.7287,3.12145,3.682,0.3636,45.3136,11.056816105017145,completed
3,dcta_parity_v1,custom,5789862b56c579a63f65129a7c7ce0c99a25e7c55fba998a5a9699fc4a7df60b,03f32103aba060045f2661de3c031f6fbcbc73f46000a9666f166ad349c5805d,ACBBA,gilbert_elliot,pGG_0.95_pBB_0.85,clue_search,19,361,4,0.25,90,90,comm_g19_r4_ge_drop025_acbba_topk025,C:\Users\lottj\Desktop\research\decentralized benchmark\topk_filter_study\results\sensitivity_suite\scenarios\clue_g19_n50.csv,413.1135,01,30,19,11,77.8866,2.59622,0.023899999999999998,8.3434,8.679,18.853559614972642,11,32.2894,2.9354,3.8311,0.4652,77.4214,18.853559614972642,completed
3,dcta_parity_v1,custom,5789862b56c579a63f65129a7c7ce0c99a25e7c55fba998a5a9699fc4a7df60b,03f32103aba060045f2661de3c031f6fbcbc73f46000a9666f166ad349c5805d,ACBBA,gilbert_elliot,pGG_0.95_pBB_0.85,clue_search,19,361,4,0.25,90,90,comm_g19_r4_ge_drop025_acbba_topk025,C:\Users\lottj\Desktop\research\decentralized benchmark\topk_filter_study\results\sensitivity_suite\scenarios\clue_g19_n50.csv,413.1135,02,29,19,10,76.8747,2.6508517241379312,0.0201,8.5414,8.7612,18.60861482377119,10,32.8326,3.28326,3.8227,0.438,76.4367,18.60861482377119,completed
3,dcta_parity_v1,custom,5789862b56c579a63f65129a7c7ce0c99a25e7c55fba998a5a9699fc4a7df60b,03f32103aba060045f2661de3c031f6fbcbc73f46000a9666f166ad349c5805d,ACBBA,gilbert_elliot,pGG_0.95_pBB_0.85,clue_search,19,361,4,0.25,90,90,comm_g19_r4_ge_drop025_acbba_topk025,C:\Users\lottj\Desktop\research\decentralized benchmark\topk_filter_study\results\sensitivity_suite\scenarios\clue_g19_n50.csv,413.1135,03,29,17,12,84.2645,2.9056724137931034,0.0191,8.5083,9.536,20.397421047726596,12,38.4523,3.2043583333333334,4.5421,0.3268,83.93769999999999,20.397421047726596,completed
4,dcta_parity_v1,custom,5789862b56c579a63f65129a7c7ce0c99a25e7c55fba998a5a9699fc4a7df60b,03f32103aba060045f2661de3c031f6fbcbc73f46000a9666f166ad349c5805d,ACBBA,gilbert_elliot,pGG_0.95_pBB_0.85,clue_search,19,361,4,0.25,90,90,comm_g19_r4_ge_drop025_acbba_topk025,C:\Users\lottj\Desktop\research\decentralized benchmark\topk_filter_study\results\sensitivity_suite\scenarios\clue_g19_n50.csv,853.6014,00,27,10,17,138.6934,5.136792592592593,8.037,8.8873,9.2514,16.24802864662593,17,57.184799999999996,3.3638117647058823,4.188,0.2207,138.4727,16.24802864662593,completed
4,dcta_parity_v1,custom,5789862b56c579a63f65129a7c7ce0c99a25e7c55fba998a5a9699fc4a7df60b,03f32103aba060045f2661de3c031f6fbcbc73f46000a9666f166ad349c5805d,ACBBA,gilbert_elliot,pGG_0.95_pBB_0.85,clue_search,19,361,4,0.25,90,90,comm_g19_r4_ge_drop025_acbba_topk025,C:\Users\lottj\Desktop\research\decentralized benchmark\topk_filter_study\results\sensitivity_suite\scenarios\clue_g19_n50.csv,853.6014,01,29,10,19,155.11769999999999,5.348886206896551,8.0528,8.7739,8.8926,18.172146859178063,19,62.8152,3.306063157894737,3.925,0.4355,154.6822,18.172146859178063,completed
4,dcta_parity_v1,custom,5789862b56c579a63f65129a7c7ce0c99a25e7c55fba998a5a9699fc4a7df60b,03f32103aba060045f2661de3c031f6fbcbc73f46000a9666f166ad349c5805d,ACBBA,gilbert_elliot,pGG_0.95_pBB_0.85,clue_search,19,361,4,0.25,90,90,comm_g19_r4_ge_drop025_acbba_topk025,C:\Users\lottj\Desktop\research\decentralized benchmark\topk_filter_study\results\sensitivity_suite\scenarios\clue_g19_n50.csv,853.6014,02,28,10,18,136.0415,4.858625000000001,6.299049999999999,9.2048,9.5289,15.937356710052258,18,56.1686,3.1204777777777775,4.4146,0.2976,135.7439,15.937356710052258,completed
4,dcta_parity_v1,custom,5789862b56c579a63f65129a7c7ce0c99a25e7c55fba998a5a9699fc4a7df60b,03f32103aba060045f2661de3c031f6fbcbc73f46000a9666f166ad349c5805d,ACBBA,gilbert_elliot,pGG_0.95_pBB_0.85,clue_search,19,361,4,0.25,90,90,comm_g19_r4_ge_drop025_acbba_topk025,C:\Users\lottj\Desktop\research\decentralized benchmark\topk_filter_study\results\sensitivity_suite\scenarios\clue_g19_n50.csv,853.6014,03,25,7,18,150.7617,6.030468,8.3117,9.3212,9.5585,17.661838417790783,18,62.6429,3.480161111111111,4.5555,0.1756,150.5861,17.661838417790783,completed
5,dcta_parity_v1,custom,5789862b56c579a63f65129a7c7ce0c99a25e7c55fba998a5a9699fc4a7df60b,03f32103aba060045f2661de3c031f6fbcbc73f46000a9666f166ad349c5805d,ACBBA,gilbert_elliot,pGG_0.95_pBB_0.85,clue_search,19,361,4,0.25,90,90,comm_g19_r4_ge_drop025_acbba_topk025,C:\Users\lottj\Desktop\research\decentralized benchmark\topk_filter_study\results\sensitivity_suite\scenarios\clue_g19_n50.csv,3359.0779,00,76,11,65,607.2008,7.9894842105263155,9.37085,11.3665,12.0626,18.07641317279364,65,262.6094,4.040144615384615,6.2686,0.187,607.0138,18.07641317279364,completed
5,dcta_parity_v1,custom,5789862b56c579a63f65129a7c7ce0c99a25e7c55fba998a5a9699fc4a7df60b,03f32103aba060045f2661de3c031f6fbcbc73f46000a9666f166ad349c5805d,ACBBA,gilbert_elliot,pGG_0.95_pBB_0.85,clue_search,19,361,4,0.25,90,90,comm_g19_r4_ge_drop025_acbba_topk025,C:\Users\lottj\Desktop\research\decentralized benchmark\topk_filter_study\results\sensitivity_suite\scenarios\clue_g19_n50.csv,3359.0779,01,84,11,73,706.3644,8.4091,9.5166,11.7799,12.4439,21.028520952133917,73,285.8337,3.915530136986302,5.87,0.269,706.0954,21.028520952133917,completed
5,dcta_parity_v1,custom,5789862b56c579a63f65129a7c7ce0c99a25e7c55fba998a5a9699fc4a7df60b,03f32103aba060045f2661de3c031f6fbcbc73f46000a9666f166ad349c5805d,ACBBA,gilbert_elliot,pGG_0.95_pBB_0.85,clue_search,19,361,4,0.25,90,90,comm_g19_r4_ge_drop025_acbba_topk025,C:\Users\lottj\Desktop\research\decentralized benchmark\topk_filter_study\results\sensitivity_suite\scenarios\clue_g19_n50.csv,3359.0779,02,67,11,56,526.5152,7.858435820895523,9.3056,11.2354,11.4704,15.674396833726304,56,227.398,4.060678571428571,6.3705,0.2158,526.2994,15.674396833726304,completed
5,dcta_parity_v1,custom,5789862b56c579a63f65129a7c7ce0c99a25e7c55fba998a5a9699fc4a7df60b,03f32103aba060045f2661de3c031f6fbcbc73f46000a9666f166ad349c5805d,ACBBA,gilbert_elliot,pGG_0.95_pBB_0.85,clue_search,19,361,4,0.25,90,90,comm_g19_r4_ge_drop025_acbba_topk025,C:\Users\lottj\Desktop\research\decentralized benchmark\topk_filter_study\results\sensitivity_suite\scenarios\clue_g19_n50.csv,3359.0779,03,66,9,57,541.9737,8.211722727272727,9.303899999999999,11.7015,13.6035,16.134597533448094,57,239.6898,4.205084210526316,6.5696,0.1932,541.7805,16.134597533448094,completed
6,dcta_parity_v1,custom,5789862b56c579a63f65129a7c7ce0c99a25e7c55fba998a5a9699fc4a7df60b,03f32103aba060045f2661de3c031f6fbcbc73f46000a9666f166ad349c5805d,ACBBA,gilbert_elliot,pGG_0.95_pBB_0.85,clue_search,19,361,4,0.25,90,90,comm_g19_r4_ge_drop025_acbba_topk025,C:\Users\lottj\Desktop\research\decentralized benchmark\topk_filter_study\results\sensitivity_suite\scenarios\clue_g19_n50.csv,4233.1106,00,107,2,105,887.3081,8.29259906542056,8.8878,10.2868,11.309,20.9611367111457,105,346.949,3.3042761904761906,5.0388,0.1069,887.2012,20.9611367111457,completed
6,dcta_parity_v1,custom,5789862b56c579a63f65129a7c7ce0c99a25e7c55fba998a5a9699fc4a7df60b,03f32103aba060045f2661de3c031f6fbcbc73f46000a9666f166ad349c5805d,ACBBA,gilbert_elliot,pGG_0.95_pBB_0.85,clue_search,19,361,4,0.25,90,90,comm_g19_r4_ge_drop025_acbba_topk025,C:\Users\lottj\Desktop\research\decentralized benchmark\topk_filter_study\results\sensitivity_suite\scenarios\clue_g19_n50.csv,4233.1106,01,80,1,79,708.0120000000001,8.850150000000001,9.056249999999999,10.2703,11.6832,16.725572915576553,79,262.1853,3.318801265822785,5.3154,0.0403,707.9717,16.725572915576553,completed
6,dcta_parity_v1,custom,5789862b56c579a63f65129a7c7ce0c99a25e7c55fba998a5a9699fc4a7df60b,03f32103aba060045f2661de3c031f6fbcbc73f46000a9666f166ad349c5805d,ACBBA,gilbert_elliot,pGG_0.95_pBB_0.85,clue_search,19,361,4,0.25,90,90,comm_g19_r4_ge_drop025_acbba_topk025,C:\Users\lottj\Desktop\research\decentralized benchmark\topk_filter_study\results\sensitivity_suite\scenarios\clue_g19_n50.csv,4233.1106,02,85,2,83,696.1068,8.189491764705883,8.7906,10.2462,11.3539,16.44433292151639,83,274.5413,3.307726506024096,5.7731,0.1147,695.9920999999999,16.44433292151639,completed
6,dcta_parity_v1,custom,5789862b56c579a63f65129a7c7ce0c99a25e7c55fba998a5a9699fc4a7df60b,03f32103aba060045f2661de3c031f6fbcbc73f46000a9666f166ad349c5805d,ACBBA,gilbert_elliot,pGG_0.95_pBB_0.85,clue_search,19,361,4,0.25,90,90,comm_g19_r4_ge_drop025_acbba_topk025,C:\Users\lottj\Desktop\research\decentralized benchmark\topk_filter_study\results\sensitivity_suite\scenarios\clue_g19_n50.csv,4233.1106,03,102,1,101,886.457,8.690754901960783,8.8492,10.1204,11.0867,20.94103092888714,101,320.7807,3.1760465346534654,5.1505,0.0478,886.4091999999999,20.94103092888714,completed
7,dcta_parity_v1,custom,5789862b56c579a63f65129a7c7ce0c99a25e7c55fba998a5a9699fc4a7df60b,03f32103aba060045f2661de3c031f6fbcbc73f46000a9666f166ad349c5805d,ACBBA,gilbert_elliot,pGG_0.95_pBB_0.85,clue_search,19,361,4,0.25,90,90,comm_g19_r4_ge_drop025_acbba_topk025,C:\Users\lottj\Desktop\research\decentralized benchmark\topk_filter_study\results\sensitivity_suite\scenarios\clue_g19_n50.csv,552.3431,00,25,13,12,112.5955,4.50382,0.0764,10.1881,10.3046,20.385065007601252,12,59.4182,4.951516666666667,6.1365,0.327,112.2685,20.385065007601252,completed
7,dcta_parity_v1,custom,5789862b56c579a63f65129a7c7ce0c99a25e7c55fba998a5a9699fc4a7df60b,03f32103aba060045f2661de3c031f6fbcbc73f46000a9666f166ad349c5805d,ACBBA,gilbert_elliot,pGG_0.95_pBB_0.85,clue_search,19,361,4,0.25,90,90,comm_g19_r4_ge_drop025_acbba_topk025,C:\Users\lottj\Desktop\research\decentralized benchmark\topk_filter_study\results\sensitivity_suite\scenarios\clue_g19_n50.csv,552.3431,01,20,12,8,69.61449999999999,3.4807249999999996,0.04425,9.6321,10.0431,12.603488664925838,8,37.3078,4.663475,5.6769,0.4002,69.2143,12.603488664925838,completed
7,dcta_parity_v1,custom,5789862b56c579a63f65129a7c7ce0c99a25e7c55fba998a5a9699fc4a7df60b,03f32103aba060045f2661de3c031f6fbcbc73f46000a9666f166ad349c5805d,ACBBA,gilbert_elliot,pGG_0.95_pBB_0.85,clue_search,19,361,4,0.25,90,90,comm_g19_r4_ge_drop025_acbba_topk025,C:\Users\lottj\Desktop\research\decentralized benchmark\topk_filter_study\results\sensitivity_suite\scenarios\clue_g19_n50.csv,552.3431,02,27,13,14,139.4316,5.164133333333333,9.5439,10.1571,10.414,25.24365742959403,14,76.1397,5.43855,5.8728,0.3258,139.10580000000002,25.24365742959403,completed
7,dcta_parity_v1,custom,5789862b56c579a63f65129a7c7ce0c99a25e7c55fba998a5a9699fc4a7df60b,03f32103aba060045f2661de3c031f6fbcbc73f46000a9666f166ad349c5805d,ACBBA,gilbert_elliot,pGG_0.95_pBB_0.85,clue_search,19,361,4,0.25,90,90,comm_g19_r4_ge_drop025_acbba_topk025,C:\Users\lottj\Desktop\research\decentralized benchmark\topk_filter_study\results\sensitivity_suite\scenarios\clue_g19_n50.csv,552.3431,03,19,10,9,83.9053,4.416068421052631,0.0497,10.3867,10.3867,15.19079354843031,9,44.7127,4.968077777777777,5.7343,0.2308,83.6745,15.19079354843031,completed
8,dcta_parity_v1,custom,5789862b56c579a63f65129a7c7ce0c99a25e7c55fba998a5a9699fc4a7df60b,03f32103aba060045f2661de3c031f6fbcbc73f46000a9666f166ad349c5805d,ACBBA,gilbert_elliot,pGG_0.95_pBB_0.85,clue_search,19,361,4,0.25,90,90,comm_g19_r4_ge_drop025_acbba_topk025,C:\Users\lottj\Desktop\research\decentralized benchmark\topk_filter_study\results\sensitivity_suite\scenarios\clue_g19_n50.csv,3707.8101,00,108,13,95,753.4763,6.976632407407408,7.9506,9.7587,10.1276,20.321329293536365,95,168.2732,1.7712968421052633,3.0514,0.3252,753.1511,20.321329293536365,completed
8,dcta_parity_v1,custom,5789862b56c579a63f65129a7c7ce0c99a25e7c55fba998a5a9699fc4a7df60b,03f32103aba060045f2661de3c031f6fbcbc73f46000a9666f166ad349c5805d,ACBBA,gilbert_elliot,pGG_0.95_pBB_0.85,clue_search,19,361,4,0.25,90,90,comm_g19_r4_ge_drop025_acbba_topk025,C:\Users\lottj\Desktop\research\decentralized benchmark\topk_filter_study\results\sensitivity_suite\scenarios\clue_g19_n50.csv,3707.8101,01,104,12,92,720.6021,6.928866346153845,7.8279,9.3633,10.2902,19.434708913490468,92,165.3256,1.797017391304348,2.3785,0.2904,720.3117,19.434708913490468,completed
8,dcta_parity_v1,custom,5789862b56c579a63f65129a7c7ce0c99a25e7c55fba998a5a9699fc4a7df60b,03f32103aba060045f2661de3c031f6fbcbc73f46000a9666f166ad349c5805d,ACBBA,gilbert_elliot,pGG_0.95_pBB_0.85,clue_search,19,361,4,0.25,90,90,comm_g19_r4_ge_drop025_acbba_topk025,C:\Users\lottj\Desktop\research\decentralized benchmark\topk_filter_study\results\sensitivity_suite\scenarios\clue_g19_n50.csv,3707.8101,02,89,13,76,576.6562,6.479283146067416,7.4192,8.6529,10.4563,15.552473952212386,76,140.6781,1.8510276315789473,2.3088,0.3201,576.3361,15.552473952212386,completed
8,dcta_parity_v1,custom,5789862b56c579a63f65129a7c7ce0c99a25e7c55fba998a5a9699fc4a7df60b,03f32103aba060045f2661de3c031f6fbcbc73f46000a9666f166ad349c5805d,ACBBA,gilbert_elliot,pGG_0.95_pBB_0.85,clue_search,19,361,4,0.25,90,90,comm_g19_r4_ge_drop025_acbba_topk025,C:\Users\lottj\Desktop\research\decentralized benchmark\topk_filter_study\results\sensitivity_suite\scenarios\clue_g19_n50.csv,3707.8101,03,82,10,72,558.6163,6.812393902439025,7.7463,9.2134,9.4187,15.06593608987688,72,127.09440000000001,1.7652,2.2363,0.26,558.3563,15.06593608987688,completed
9,dcta_parity_v1,custom,5789862b56c579a63f65129a7c7ce0c99a25e7c55fba998a5a9699fc4a7df60b,03f32103aba060045f2661de3c031f6fbcbc73f46000a9666f166ad349c5805d,ACBBA,gilbert_elliot,pGG_0.95_pBB_0.85,clue_search,19,361,4,0.25,90,90,comm_g19_r4_ge_drop025_acbba_topk025,C:\Users\lottj\Desktop\research\decentralized benchmark\topk_filter_study\results\sensitivity_suite\scenarios\clue_g19_n50.csv,3674.9055,00,90,7,83,625.6977,6.9521966666666675,7.64785,8.3862,8.8018,17.026225572331047,83,145.1074,1.7482819277108435,3.4863,0.1764,625.5213,17.026225572331047,completed
9,dcta_parity_v1,custom,5789862b56c579a63f65129a7c7ce0c99a25e7c55fba998a5a9699fc4a7df60b,03f32103aba060045f2661de3c031f6fbcbc73f46000a9666f166ad349c5805d,ACBBA,gilbert_elliot,pGG_0.95_pBB_0.85,clue_search,19,361,4,0.25,90,90,comm_g19_r4_ge_drop025_acbba_topk025,C:\Users\lottj\Desktop\research\decentralized benchmark\topk_filter_study\results\sensitivity_suite\scenarios\clue_g19_n50.csv,3674.9055,01,104,7,97,742.5707,7.140102884615384,7.6715,8.5577,9.3769,20.206525038535002,97,190.9148,1.9681938144329898,3.8395,0.2056,742.3651,20.206525038535002,completed
9,dcta_parity_v1,custom,5789862b56c579a63f65129a7c7ce0c99a25e7c55fba998a5a9699fc4a7df60b,03f32103aba060045f2661de3c031f6fbcbc73f46000a9666f166ad349c5805d,ACBBA,gilbert_elliot,pGG_0.95_pBB_0.85,clue_search,19,361,4,0.25,90,90,comm_g19_r4_ge_drop025_acbba_topk025,C:\Users\lottj\Desktop\research\decentralized benchmark\topk_filter_study\results\sensitivity_suite\scenarios\clue_g19_n50.csv,3674.9055,02,74,7,67,498.5262,6.736840540540541,7.5834,8.6198,9.0037,13.565687607477255,67,130.9674,1.9547373134328359,3.8577,0.2697,498.2565,13.565687607477255,completed
9,dcta_parity_v1,custom,5789862b56c579a63f65129a7c7ce0c99a25e7c55fba998a5a9699fc4a7df60b,03f32103aba060045f2661de3c031f6fbcbc73f46000a9666f166ad349c5805d,ACBBA,gilbert_elliot,pGG_0.95_pBB_0.85,clue_search,19,361,4,0.25,90,90,comm_g19_r4_ge_drop025_acbba_topk025,C:\Users\lottj\Desktop\research\decentralized benchmark\topk_filter_study\results\sensitivity_suite\scenarios\clue_g19_n50.csv,3674.9055,03,91,5,86,649.5068,7.137437362637363,7.6601,8.7948,9.4534,17.67410889885468,86,152.4649,1.7728476744186046,3.7983,0.145,649.3618,17.67410889885468,completed
10,dcta_parity_v1,custom,5789862b56c579a63f65129a7c7ce0c99a25e7c55fba998a5a9699fc4a7df60b,03f32103aba060045f2661de3c031f6fbcbc73f46000a9666f166ad349c5805d,ACBBA,gilbert_elliot,pGG_0.95_pBB_0.85,clue_search,19,361,4,0.25,90,90,comm_g19_r4_ge_drop025_acbba_topk025,C:\Users\lottj\Desktop\research\decentralized benchmark\topk_filter_study\results\sensitivity_suite\scenarios\clue_g19_n50.csv,233.7323,00,12,11,1,12.297,1.02475,0.0263,11.9556,11.9556,5.261147047284436,1,7.2614,7.2614,7.2614,0.3414,11.9556,5.261147047284436,completed
10,dcta_parity_v1,custom,5789862b56c579a63f65129a7c7ce0c99a25e7c55fba998a5a9699fc4a7df60b,03f32103aba060045f2661de3c031f6fbcbc73f46000a9666f166ad349c5805d,ACBBA,gilbert_elliot,pGG_0.95_pBB_0.85,clue_search,19,361,4,0.25,90,90,comm_g19_r4_ge_drop025_acbba_topk025,C:\Users\lottj\Desktop\research\decentralized benchmark\topk_filter_study\results\sensitivity_suite\scenarios\clue_g19_n50.csv,233.7323,01,15,10,5,61.353100000000005,4.090206666666667,0.0327,12.441,12.441,26.249303155789764,5,36.0229,7.20458,7.3609,0.3478,61.005300000000005,26.249303155789764,completed
10,dcta_parity_v1,custom,5789862b56c579a63f65129a7c7ce0c99a25e7c55fba998a5a9699fc4a7df60b,03f32103aba060045f2661de3c031f6fbcbc73f46000a9666f166ad349c5805d,ACBBA,gilbert_elliot,pGG_0.95_pBB_0.85,clue_search,19,361,4,0.25,90,90,comm_g19_r4_ge_drop025_acbba_topk025,C:\Users\lottj\Desktop\research\decentralized benchmark\topk_filter_study\results\sensitivity_suite\scenarios\clue_g19_n50.csv,233.7323,02,14,11,3,37.5024,2.6787428571428573,0.03015,12.4668,12.4668,16.045022446619488,3,22.2602,7.420066666666667,7.5377,0.3535,37.1489,16.045022446619488,completed
10,dcta_parity_v1,custom,5789862b56c579a63f65129a7c7ce0c99a25e7c55fba998a5a9699fc4a7df60b,03f32103aba060045f2661de3c031f6fbcbc73f46000a9666f166ad349c5805d,ACBBA,gilbert_elliot,pGG_0.95_pBB_0.85,clue_search,19,361,4,0.25,90,90,comm_g19_r4_ge_drop025_acbba_topk025,C:\Users\lottj\Desktop\research\decentralized benchmark\topk_filter_study\results\sensitivity_suite\scenarios\clue_g19_n50.csv,233.7323,03,13,9,4,49.7275,3.8251923076923076,0.0268,12.4993,12.4993,21.275407806280946,4,30.0447,7.511175,7.6397,0.2615,49.466,21.275407806280946,completed
11,dcta_parity_v1,custom,5789862b56c579a63f65129a7c7ce0c99a25e7c55fba998a5a9699fc4a7df60b,03f32103aba060045f2661de3c031f6fbcbc73f46000a9666f166ad349c5805d,ACBBA,gilbert_elliot,pGG_0.95_pBB_0.85,clue_search,19,361,4,0.25,90,90,comm_g19_r4_ge_drop025_acbba_topk025,C:\Users\lottj\Desktop\research\decentralized benchmark\topk_filter_study\results\sensitivity_suite\scenarios\clue_g19_n50.csv,2196.1602,00,100,51,49,379.3773,3.793773,0.04545,9.1178,9.7653,17.274573139063353,49,118.164,2.4115102040816327,4.2518,1.1762,378.2011,17.274573139063353,completed
11,dcta_parity_v1,custom,5789862b56c579a63f65129a7c7ce0c99a25e7c55fba998a5a9699fc4a7df60b,03f32103aba060045f2661de3c031f6fbcbc73f46000a9666f166ad349c5805d,ACBBA,gilbert_elliot,pGG_0.95_pBB_0.85,clue_search,19,361,4,0.25,90,90,comm_g19_r4_ge_drop025_acbba_topk025,C:\Users\lottj\Desktop\research\decentralized benchmark\topk_filter_study\results\sensitivity_suite\scenarios\clue_g19_n50.csv,2196.1602,01,96,51,45,324.8539,3.3838947916666666,0.031450000000000006,9.0857,9.8144,14.79190361431739,45,90.7255,2.016122222222222,3.8376,1.2213,323.6326,14.79190361431739,completed
11,dcta_parity_v1,custom,5789862b56c579a63f65129a7c7ce0c99a25e7c55fba998a5a9699fc4a7df60b,03f32103aba060045f2661de3c031f6fbcbc73f46000a9666f166ad349c5805d,ACBBA,gilbert_elliot,pGG_0.95_pBB_0.85,clue_search,19,361,4,0.25,90,90,comm_g19_r4_ge_drop025_acbba_topk025,C:\Users\lottj\Desktop\research\decentralized benchmark\topk_filter_study\results\sensitivity_suite\scenarios\clue_g19_n50.csv,2196.1602,02,110,51,59,408.5099,3.713726363636364,4.219200000000001,8.9253,11.378,18.601097497350153,59,111.0749,1.8826254237288136,6.4312,1.3104,407.1995,18.601097497350153,completed
11,dcta_parity_v1,custom,5789862b56c579a63f65129a7c7ce0c99a25e7c55fba998a5a9699fc4a7df60b,03f32103aba060045f2661de3c031f6fbcbc73f46000a9666f166ad349c5805d,ACBBA,gilbert_elliot,pGG_0.95_pBB_0.85,clue_search,19,361,4,0.25,90,90,comm_g19_r4_ge_drop025_acbba_topk025,C:\Users\lottj\Desktop\research\decentralized benchmark\topk_filter_study\results\sensitivity_suite\scenarios\clue_g19_n50.csv,2196.1602,03,103,49,54,347.4117,3.372929126213592,4.3071,8.4386,9.0324,15.819050905302811,54,75.0404,1.3896370370370372,3.7086,1.1375,346.2742,15.819050905302811,completed
12,dcta_parity_v1,custom,5789862b56c579a63f65129a7c7ce0c99a25e7c55fba998a5a9699fc4a7df60b,03f32103aba060045f2661de3c031f6fbcbc73f46000a9666f166ad349c5805d,ACBBA,gilbert_elliot,pGG_0.95_pBB_0.85,clue_search,19,361,4,0.25,90,90,comm_g19_r4_ge_drop025_acbba_topk025,C:\Users\lottj\Desktop\research\decentralized benchmark\topk_filter_study\results\sensitivity_suite\scenarios\clue_g19_n50.csv,553.9387,00,28,20,8,81.4362,2.9084357142857145,0.025849999999999998,10.5935,11.1384,14.701301786641734,8,42.848,5.356,5.7053,0.46799999999999997,80.9682,14.701301786641734,completed
12,dcta_parity_v1,custom,5789862b56c579a63f65129a7c7ce0c99a25e7c55fba998a5a9699fc4a7df60b,03f32103aba060045f2661de3c031f6fbcbc73f46000a9666f166ad349c5805d,ACBBA,gilbert_elliot,pGG_0.95_pBB_0.85,clue_search,19,361,4,0.25,90,90,comm_g19_r4_ge_drop025_acbba_topk025,C:\Users\lottj\Desktop\research\decentralized benchmark\topk_filter_study\results\sensitivity_suite\scenarios\clue_g19_n50.csv,553.9387,01,29,20,9,92.9274,3.204393103448276,0.0317,10.7771,10.7784,16.775755151246877,9,50.1987,5.577633333333334,5.9099,0.5549,92.3725,16.775755151246877,completed
12,dcta_parity_v1,custom,5789862b56c579a63f65129a7c7ce0c99a25e7c55fba998a5a9699fc4a7df60b,03f32103aba060045f2661de3c031f6fbcbc73f46000a9666f166ad349c5805d,ACBBA,gilbert_elliot,pGG_0.95_pBB_0.85,clue_search,19,361,4,0.25,90,90,comm_g19_r4_ge_drop025_acbba_topk025,C:\Users\lottj\Desktop\research\decentralized benchmark\topk_filter_study\results\sensitivity_suite\scenarios\clue_g19_n50.csv,553.9387,02,31,20,11,120.5739,3.88948064516129,0.031,11.3963,12.2688,21.766650353188897,11,65.3702,5.942745454545454,6.5776,0.5718,120.0021,21.766650353188897,completed
12,dcta_parity_v1,custom,5789862b56c579a63f65129a7c7ce0c99a25e7c55fba998a5a9699fc4a7df60b,03f32103aba060045f2661de3c031f6fbcbc73f46000a9666f166ad349c5805d,ACBBA,gilbert_elliot,pGG_0.95_pBB_0.85,clue_search,19,361,4,0.25,90,90,comm_g19_r4_ge_drop025_acbba_topk025,C:\Users\lottj\Desktop\research\decentralized benchmark\topk_filter_study\results\sensitivity_suite\scenarios\clue_g19_n50.csv,553.9387,03,27,18,9,96.1144,3.5597925925925926,0.0286,11.25,11.4654,17.35108957001921,9,52.5193,5.835477777777778,6.0394,0.4365,95.6779,17.35108957001921,completed
13,dcta_parity_v1,custom,5789862b56c579a63f65129a7c7ce0c99a25e7c55fba998a5a9699fc4a7df60b,03f32103aba060045f2661de3c031f6fbcbc73f46000a9666f166ad349c5805d,ACBBA,gilbert_elliot,pGG_0.95_pBB_0.85,clue_search,19,361,4,0.25,90,90,comm_g19_r4_ge_drop025_acbba_topk025,C:\Users\lottj\Desktop\research\decentralized benchmark\topk_filter_study\results\sensitivity_suite\scenarios\clue_g19_n50.csv,17.2642,00,7,7,0,0.20929999999999999,0.0299,0.0267,0.0562,0.0562,1.2123353529268661,0,0.0,0.0,0.0,0.20929999999999999,0.0,1.2123353529268661,completed
13,dcta_parity_v1,custom,5789862b56c579a63f65129a7c7ce0c99a25e7c55fba998a5a9699fc4a7df60b,03f32103aba060045f2661de3c031f6fbcbc73f46000a9666f166ad349c5805d,ACBBA,gilbert_elliot,pGG_0.95_pBB_0.85,clue_search,19,361,4,0.25,90,90,comm_g19_r4_ge_drop025_acbba_topk025,C:\Users\lottj\Desktop\research\decentralized benchmark\topk_filter_study\results\sensitivity_suite\scenarios\clue_g19_n50.csv,17.2642,01,7,7,0,0.2284,0.03262857142857143,0.0272,0.0522,0.0522,1.3229689183396858,0,0.0,0.0,0.0,0.2284,0.0,1.3229689183396858,completed
13,dcta_parity_v1,custom,5789862b56c579a63f65129a7c7ce0c99a25e7c55fba998a5a9699fc4a7df60b,03f32103aba060045f2661de3c031f6fbcbc73f46000a9666f166ad349c5805d,ACBBA,gilbert_elliot,pGG_0.95_pBB_0.85,clue_search,19,361,4,0.25,90,90,comm_g19_r4_ge_drop025_acbba_topk025,C:\Users\lottj\Desktop\research\decentralized benchmark\topk_filter_study\results\sensitivity_suite\scenarios\clue_g19_n50.csv,17.2642,02,7,7,0,0.2531,0.03615714285714285,0.0283,0.0872,0.0872,1.4660395500515517,0,0.0,0.0,0.0,0.2531,0.0,1.4660395500515517,completed
13,dcta_parity_v1,custom,5789862b56c579a63f65129a7c7ce0c99a25e7c55fba998a5a9699fc4a7df60b,03f32103aba060045f2661de3c031f6fbcbc73f46000a9666f166ad349c5805d,ACBBA,gilbert_elliot,pGG_0.95_pBB_0.85,clue_search,19,361,4,0.25,90,90,comm_g19_r4_ge_drop025_acbba_topk025,C:\Users\lottj\Desktop\research\decentralized benchmark\topk_filter_study\results\sensitivity_suite\scenarios\clue_g19_n50.csv,17.2642,03,5,5,0,0.1915,0.0383,0.0259,0.0898,0.0898,1.1092318207620393,0,0.0,0.0,0.0,0.1915,0.0,1.1092318207620393,completed
14,dcta_parity_v1,custom,5789862b56c579a63f65129a7c7ce0c99a25e7c55fba998a5a9699fc4a7df60b,03f32103aba060045f2661de3c031f6fbcbc73f46000a9666f166ad349c5805d,ACBBA,gilbert_elliot,pGG_0.95_pBB_0.85,clue_search,19,361,4,0.25,90,90,comm_g19_r4_ge_drop025_acbba_topk025,C:\Users\lottj\Desktop\research\decentralized benchmark\topk_filter_study\results\sensitivity_suite\scenarios\clue_g19_n50.csv,3905.5751,00,76,7,69,681.2573,8.963911842105263,9.709,11.1185,11.7389,17.443200618520944,69,291.297,4.2216956521739135,6.6274,0.202,681.0553,17.443200618520944,completed
14,dcta_parity_v1,custom,5789862b56c579a63f65129a7c7ce0c99a25e7c55fba998a5a9699fc4a7df60b,03f32103aba060045f2661de3c031f6fbcbc73f46000a9666f166ad349c5805d,ACBBA,gilbert_elliot,pGG_0.95_pBB_0.85,clue_search,19,361,4,0.25,90,90,comm_g19_r4_ge_drop025_acbba_topk025,C:\Users\lottj\Desktop\research\decentralized benchmark\topk_filter_study\results\sensitivity_suite\scenarios\clue_g19_n50.csv,3905.5751,01,85,6,79,797.6262,9.383837647058824,9.7056,11.6349,12.5977,20.422759249975762,79,335.32959999999997,4.244678481012658,6.3359,0.22139999999999999,797.4048,20.422759249975762,completed
14,dcta_parity_v1,custom,5789862b56c579a63f65129a7c7ce0c99a25e7c55fba998a5a9699fc4a7df60b,03f32103aba060045f2661de3c031f6fbcbc73f46000a9666f166ad349c5805d,ACBBA,gilbert_elliot,pGG_0.95_pBB_0.85,clue_search,19,361,4,0.25,90,90,comm_g19_r4_ge_drop025_acbba_topk025,C:\Users\lottj\Desktop\research\decentralized benchmark\topk_filter_study\results\sensitivity_suite\scenarios\clue_g19_n50.csv,3905.5751,02,77,7,70,706.6182,9.17685974025974,9.9759,11.2875,11.8535,18.09255184979032,70,305.2069,4.360098571428572,6.379,0.21960000000000002,706.3986,18.09255184979032,completed
14,dcta_parity_v1,custom,5789862b56c579a63f65129a7c7ce0c99a25e7c55fba998a5a9699fc4a7df60b,03f32103aba060045f2661de3c031f6fbcbc73f46000a9666f166ad349c5805d,ACBBA,gilbert_elliot,pGG_0.95_pBB_0.85,clue_search,19,361,4,0.25,90,90,comm_g19_r4_ge_drop025_acbba_topk025,C:\Users\lottj\Desktop\research\decentralized benchmark\topk_filter_study\results\sensitivity_suite\scenarios\clue_g19_n50.csv,3905.5751,03,74,4,70,723.4549,9.776417567567567,10.3286,11.3678,11.7676,18.523645851797855,70,336.4742,4.806774285714286,6.7276,0.122,723.3329,18.523645851797855,completed
15,dcta_parity_v1,custom,5789862b56c579a63f65129a7c7ce0c99a25e7c55fba998a5a9699fc4a7df60b,03f32103aba060045f2661de3c031f6fbcbc73f46000a9666f166ad349c5805d,ACBBA,gilbert_elliot,pGG_0.95_pBB_0.85,clue_search,19,361,4,0.25,90,90,comm_g19_r4_ge_drop025_acbba_topk025,C:\Users\lottj\Desktop\research\decentralized benchmark\topk_filter_study\results\sensitivity_suite\scenarios\clue_g19_n50.csv,1802.2792,00,77,31,46,354.4944,4.603823376623376,6.2377,9.0287,9.4195,19.669227720100192,46,122.216,2.656869565217391,3.3468,0.7773,353.7171,19.669227720100192,completed
15,dcta_parity_v1,custom,5789862b56c579a63f65129a7c7ce0c99a25e7c55fba998a5a9699fc4a7df60b,03f32103aba060045f2661de3c031f6fbcbc73f46000a9666f166ad349c5805d,ACBBA,gilbert_elliot,pGG_0.95_pBB_0.85,clue_search,19,361,4,0.25,90,90,comm_g19_r4_ge_drop025_acbba_topk025,C:\Users\lottj\Desktop\research\decentralized benchmark\topk_filter_study\results\sensitivity_suite\scenarios\clue_g19_n50.csv,1802.2792,01,76,31,45,354.4324,4.663584210526316,6.03125,9.253,10.7609,19.66578763157229,45,132.4808,2.9440177777777774,3.853,0.8589,353.5735,19.66578763157229,completed
15,dcta_parity_v1,custom,5789862b56c579a63f65129a7c7ce0c99a25e7c55fba998a5a9699fc4a7df60b,03f32103aba060045f2661de3c031f6fbcbc73f46000a9666f166ad349c5805d,ACBBA,gilbert_elliot,pGG_0.95_pBB_0.85,clue_search,19,361,4,0.25,90,90,comm_g19_r4_ge_drop025_acbba_topk025,C:\Users\lottj\Desktop\research\decentralized benchmark\topk_filter_study\results\sensitivity_suite\scenarios\clue_g19_n50.csv,1802.2792,02,66,31,35,285.4497,4.324995454545455,4.8219,9.4441,9.7828,15.838261907478044,35,112.4831,3.213802857142857,4.2501,0.8414,284.6083,15.838261907478044,completed
15,dcta_parity_v1,custom,5789862b56c579a63f65129a7c7ce0c99a25e7c55fba998a5a9699fc4a7df60b,03f32103aba060045f2661de3c031f6fbcbc73f46000a9666f166ad349c5805d,ACBBA,gilbert_elliot,pGG_0.95_pBB_0.85,clue_search,19,361,4,0.25,90,90,comm_g19_r4_ge_drop025_acbba_topk025,C:\Users\lottj\Desktop\research\decentralized benchmark\topk_filter_study\results\sensitivity_suite\scenarios\clue_g19_n50.csv,1802.2792,03,65,29,36,287.6738,4.42575076923077,5.672,9.2059,9.8055,15.961666760621776,36,109.2963,3.036008333333333,3.7322,0.7353999999999999,286.9384,15.961666760621776,completed
16,dcta_parity_v1,custom,5789862b56c579a63f65129a7c7ce0c99a25e7c55fba998a5a9699fc4a7df60b,03f32103aba060045f2661de3c031f6fbcbc73f46000a9666f166ad349c5805d,ACBBA,gilbert_elliot,pGG_0.95_pBB_0.85,clue_search,19,361,4,0.25,90,90,comm_g19_r4_ge_drop025_acbba_topk025,C:\Users\lottj\Desktop\research\decentralized benchmark\topk_filter_study\results\sensitivity_suite\scenarios\clue_g19_n50.csv,3526.0666,00,68,7,61,605.9633,8.911225,9.59685,11.9351,12.6364,17.185248287709598,61,238.4742,3.9094131147540985,6.2049,0.1876,605.7757,17.185248287709598,completed
16,dcta_parity_v1,custom,5789862b56c579a63f65129a7c7ce0c99a25e7c55fba998a5a9699fc4a7df60b,03f32103aba060045f2661de3c031f6fbcbc73f46000a9666f166ad349c5805d,ACBBA,gilbert_elliot,pGG_0.95_pBB_0.85,clue_search,19,361,4,0.25,90,90,comm_g19_r4_ge_drop025_acbba_topk025,C:\Users\lottj\Desktop\research\decentralized benchmark\topk_filter_study\results\sensitivity_suite\scenarios\clue_g19_n50.csv,3526.0666,01,67,6,61,610.2503,9.108213432835822,9.7331,11.7523,13.2551,17.30682852104949,61,250.9865,4.114532786885246,6.7566,0.1932,610.0571,17.30682852104949,completed
16,dcta_parity_v1,custom,5789862b56c579a63f65129a7c7ce0c99a25e7c55fba998a5a9699fc4a7df60b,03f32103aba060045f2661de3c031f6fbcbc73f46000a9666f166ad349c5805d,ACBBA,gilbert_elliot,pGG_0.95_pBB_0.85,clue_search,19,361,4,0.25,90,90,comm_g19_r4_ge_drop025_acbba_topk025,C:\Users\lottj\Desktop\research\decentralized benchmark\topk_filter_study\results\sensitivity_suite\scenarios\clue_g19_n50.csv,3526.0666,02,84,7,77,760.584,9.054571428571428,9.50155,11.9763,15.2132,21.570324281452876,77,291.247,3.7824285714285715,9.0965,0.27040000000000003,760.3136,21.570324281452876,completed
16,dcta_parity_v1,custom,5789862b56c579a63f65129a7c7ce0c99a25e7c55fba998a5a9699fc4a7df60b,03f32103aba060045f2661de3c031f6fbcbc73f46000a9666f166ad349c5805d,ACBBA,gilbert_elliot,pGG_0.95_pBB_0.85,clue_search,19,361,4,0.25,90,90,comm_g19_r4_ge_drop025_acbba_topk025,C:\Users\lottj\Desktop\research\decentralized benchmark\topk_filter_study\results\sensitivity_suite\scenarios\clue_g19_n50.csv,3526.0666,03,66,4,62,633.108,9.592545454545453,10.137699999999999,12.3107,13.0561,17.95507776285337,62,257.4887,4.153043548387097,6.9152,0.1326,632.9754,17.95507776285337,completed
17,dcta_parity_v1,custom,5789862b56c579a63f65129a7c7ce0c99a25e7c55fba998a5a9699fc4a7df60b,03f32103aba060045f2661de3c031f6fbcbc73f46000a9666f166ad349c5805d,ACBBA,gilbert_elliot,pGG_0.95_pBB_0.85,clue_search,19,361,4,0.25,90,90,comm_g19_r4_ge_drop025_acbba_topk025,C:\Users\lottj\Desktop\research\decentralized benchmark\topk_filter_study\results\sensitivity_suite\scenarios\clue_g19_n50.csv,3.1773,00,1,1,0,0.0326,0.0326,0.0326,0.0326,0.0326,1.0260283888836434,0,0.0,0.0,0.0,0.0326,0.0,1.0260283888836434,completed
17,dcta_parity_v1,custom,5789862b56c579a63f65129a7c7ce0c99a25e7c55fba998a5a9699fc4a7df60b,03f32103aba060045f2661de3c031f6fbcbc73f46000a9666f166ad349c5805d,ACBBA,gilbert_elliot,pGG_0.95_pBB_0.85,clue_search,19,361,4,0.25,90,90,comm_g19_r4_ge_drop025_acbba_topk025,C:\Users\lottj\Desktop\research\decentralized benchmark\topk_filter_study\results\sensitivity_suite\scenarios\clue_g19_n50.csv,3.1773,01,1,1,0,0.0318,0.0318,0.0318,0.0318,0.0318,1.0008497781134926,0,0.0,0.0,0.0,0.0318,0.0,1.0008497781134926,completed
17,dcta_parity_v1,custom,5789862b56c579a63f65129a7c7ce0c99a25e7c55fba998a5a9699fc4a7df60b,03f32103aba060045f2661de3c031f6fbcbc73f46000a9666f166ad349c5805d,ACBBA,gilbert_elliot,pGG_0.95_pBB_0.85,clue_search,19,361,4,0.25,90,90,comm_g19_r4_ge_drop025_acbba_topk025,C:\Users\lottj\Desktop\research\decentralized benchmark\topk_filter_study\results\sensitivity_suite\scenarios\clue_g19_n50.csv,3.1773,02,1,1,0,0.0331,0.0331,0.0331,0.0331,0.0331,1.0417650206149875,0,0.0,0.0,0.0,0.0331,0.0,1.0417650206149875,completed
17,dcta_parity_v1,custom,5789862b56c579a63f65129a7c7ce0c99a25e7c55fba998a5a9699fc4a7df60b,03f32103aba060045f2661de3c031f6fbcbc73f46000a9666f166ad349c5805d,ACBBA,gilbert_elliot,pGG_0.95_pBB_0.85,clue_search,19,361,4,0.25,90,90,comm_g19_r4_ge_drop025_acbba_topk025,C:\Users\lottj\Desktop\research\decentralized benchmark\topk_filter_study\results\sensitivity_suite\scenarios\clue_g19_n50.csv,3.1773,03,1,1,0,0.0634,0.0634,0.0634,0.0634,0.0634,1.9954049035344477,0,0.0,0.0,0.0,0.0634,0.0,1.9954049035344477,completed
18,dcta_parity_v1,custom,5789862b56c579a63f65129a7c7ce0c99a25e7c55fba998a5a9699fc4a7df60b,03f32103aba060045f2661de3c031f6fbcbc73f46000a9666f166ad349c5805d,ACBBA,gilbert_elliot,pGG_0.95_pBB_0.85,clue_search,19,361,4,0.25,90,90,comm_g19_r4_ge_drop025_acbba_topk025,C:\Users\lottj\Desktop\research\decentralized benchmark\topk_filter_study\results\sensitivity_suite\scenarios\clue_g19_n50.csv,543.4822,00,77,66,11,85.8033,1.1143285714285713,0.0265,7.4683,9.7305,15.787692770802796,11,30.2815,2.7528636363636365,3.3712,1.7581,84.0452,15.787692770802796,completed
18,dcta_parity_v1,custom,5789862b56c579a63f65129a7c7ce0c99a25e7c55fba998a5a9699fc4a7df60b,03f32103aba060045f2661de3c031f6fbcbc73f46000a9666f166ad349c5805d,ACBBA,gilbert_elliot,pGG_0.95_pBB_0.85,clue_search,19,361,4,0.25,90,90,comm_g19_r4_ge_drop025_acbba_topk025,C:\Users\lottj\Desktop\research\decentralized benchmark\topk_filter_study\results\sensitivity_suite\scenarios\clue_g19_n50.csv,543.4822,01,68,58,10,69.4718,1.0216441176470588,0.028650000000000002,6.9694,8.0048,12.782718550855943,10,22.185,2.2184999999999997,2.8633,1.6515,67.8203,12.782718550855943,completed
18,dcta_parity_v1,custom,5789862b56c579a63f65129a7c7ce0c99a25e7c55fba998a5a9699fc4a7df60b,03f32103aba060045f2661de3c031f6fbcbc73f46000a9666f166ad349c5805d,ACBBA,gilbert_elliot,pGG_0.95_pBB_0.85,clue_search,19,361,4,0.25,90,90,comm_g19_r4_ge_drop025_acbba_topk025,C:\Users\lottj\Desktop\research\decentralized benchmark\topk_filter_study\results\sensitivity_suite\scenarios\clue_g19_n50.csv,543.4822,02,64,57,7,58.1023,0.9078484375,0.0293,7.8421,8.9217,10.690745713475067,7,22.5895,3.2270714285714286,3.6822,1.725,56.3773,10.690745713475067,completed
18,dcta_parity_v1,custom,5789862b56c579a63f65129a7c7ce0c99a25e7c55fba998a5a9699fc4a7df60b,03f32103aba060045f2661de3c031f6fbcbc73f46000a9666f166ad349c5805d,ACBBA,gilbert_elliot,pGG_0.95_pBB_0.85,clue_search,19,361,4,0.25,90,90,comm_g19_r4_ge_drop025_acbba_topk025,C:\Users\lottj\Desktop\research\decentralized benchmark\topk_filter_study\results\sensitivity_suite\scenarios\clue_g19_n50.csv,543.4822,03,74,64,10,76.6262,1.035489189189189,0.028249999999999997,8.0185,8.3582,14.099118609588317,10,28.994999999999997,2.8994999999999997,3.6104,1.8426,74.7836,14.099118609588317,completed
19,dcta_parity_v1,custom,5789862b56c579a63f65129a7c7ce0c99a25e7c55fba998a5a9699fc4a7df60b,03f32103aba060045f2661de3c031f6fbcbc73f46000a9666f166ad349c5805d,ACBBA,gilbert_elliot,pGG_0.95_pBB_0.85,clue_search,19,361,4,0.25,90,90,comm_g19_r4_ge_drop025_acbba_topk025,C:\Users\lottj\Desktop\research\decentralized benchmark\topk_filter_study\results\sensitivity_suite\scenarios\clue_g19_n50.csv,1994.6845,00,69,20,49,353.6218,5.124953623188406,5.9266,9.8282,10.1948,17.728207142533066,49,122.9961,2.5101244897959183,4.3247,0.5209,353.1009,17.728207142533066,completed
19,dcta_parity_v1,custom,5789862b56c579a63f65129a7c7ce0c99a25e7c55fba998a5a9699fc4a7df60b,03f32103aba060045f2661de3c031f6fbcbc73f46000a9666f166ad349c5805d,ACBBA,gilbert_elliot,pGG_0.95_pBB_0.85,clue_search,19,361,4,0.25,90,90,comm_g19_r4_ge_drop025_acbba_topk025,C:\Users\lottj\Desktop\research\decentralized benchmark\topk_filter_study\results\sensitivity_suite\scenarios\clue_g19_n50.csv,1994.6845,01,71,20,51,375.6552,5.290918309859155,5.8005,9.9024,10.3718,18.832812908507584,51,137.6123,2.698280392156863,4.7108,0.5707,375.0845,18.832812908507584,completed
19,dcta_parity_v1,custom,5789862b56c579a63f65129a7c7ce0c99a25e7c55fba998a5a9699fc4a7df60b,03f32103aba060045f2661de3c031f6fbcbc73f46000a9666f166ad349c5805d,ACBBA,gilbert_elliot,pGG_0.95_pBB_0.85,clue_search,19,361,4,0.25,90,90,comm_g19_r4_ge_drop025_acbba_topk025,C:\Users\lottj\Desktop\research\decentralized benchmark\topk_filter_study\results\sensitivity_suite\scenarios\clue_g19_n50.csv,1994.6845,02,73,20,53,405.716,5.557753424657534,5.8504,10.2332,10.3849,20.339858258285958,53,147.6763,2.7863452830188677,4.7266,0.5682,405.1478,20.339858258285958,completed
19,dcta_parity_v1,custom,5789862b56c579a63f65129a7c7ce0c99a25e7c55fba998a5a9699fc4a7df60b,03f32103aba060045f2661de3c031f6fbcbc73f46000a9666f166ad349c5805d,ACBBA,gilbert_elliot,pGG_0.95_pBB_0.85,clue_search,19,361,4,0.25,90,90,comm_g19_r4_ge_drop025_acbba_topk025,C:\Users\lottj\Desktop\research\decentralized benchmark\topk_filter_study\results\sensitivity_suite\scenarios\clue_g19_n50.csv,1994.6845,03,59,18,41,300.6006,5.094925423728814,5.615,10.014,10.4465,15.070082511795723,41,103.9174,2.534570731707317,4.7754,0.4506,300.15,15.070082511795723,completed
20,dcta_parity_v1,custom,5789862b56c579a63f65129a7c7ce0c99a25e7c55fba998a5a9699fc4a7df60b,03f32103aba060045f2661de3c031f6fbcbc73f46000a9666f166ad349c5805d,ACBBA,gilbert_elliot,pGG_0.95_pBB_0.85,clue_search,19,361,4,0.25,90,90,comm_g19_r4_ge_drop025_acbba_topk025,C:\Users\lottj\Desktop\research\decentralized benchmark\topk_filter_study\results\sensitivity_suite\scenarios\clue_g19_n50.csv,1033.1986,00,26,2,24,207.4422,7.978546153846154,8.6094,9.8168,9.9004,20.07766948193697,24,88.7739,3.6989125,4.6658,0.0697,207.3725,20.07766948193697,completed
20,dcta_parity_v1,custom,5789862b56c579a63f65129a7c7ce0c99a25e7c55fba998a5a9699fc4a7df60b,03f32103aba060045f2661de3c031f6fbcbc73f46000a9666f166ad349c5805d,ACBBA,gilbert_elliot,pGG_0.95_pBB_0.85,clue_search,19,361,4,0.25,90,90,comm_g19_r4_ge_drop025_acbba_topk025,C:\Users\lottj\Desktop\research\decentralized benchmark\topk_filter_study\results\sensitivity_suite\scenarios\clue_g19_n50.csv,1033.1986,01,21,2,19,170.196,8.104571428571429,8.4945,9.9242,10.0317,16.472728476403276,19,71.996,3.7892631578947364,4.7131,0.11989999999999999,170.0761,16.472728476403276,completed
20,dcta_parity_v1,custom,5789862b56c579a63f65129a7c7ce0c99a25e7c55fba998a5a9699fc4a7df60b,03f32103aba060045f2661de3c031f6fbcbc73f46000a9666f166ad349c5805d,ACBBA,gilbert_elliot,pGG_0.95_pBB_0.85,clue_search,19,361,4,0.25,90,90,comm_g19_r4_ge_drop025_acbba_topk025,C:\Users\lottj\Desktop\research\decentralized benchmark\topk_filter_study\results\sensitivity_suite\scenarios\clue_g19_n50.csv,1033.1986,02,22,2,20,172.873,7.857863636363636,8.514050000000001,9.3338,9.7618,16.731826775607324,20,73.439,3.67195,4.7715,0.10339999999999999,172.7696,16.731826775607324,completed
20,dcta_parity_v1,custom,5789862b56c579a63f65129a7c7ce0c99a25e7c55fba998a5a9699fc4a7df60b,03f32103aba060045f2661de3c031f6fbcbc73f46000a9666f166ad349c5805d,ACBBA,gilbert_elliot,pGG_0.95_pBB_0.85,clue_search,19,361,4,0.25,90,90,comm_g19_r4_ge_drop025_acbba_topk025,C:\Users\lottj\Desktop\research\decentralized benchmark\topk_filter_study\results\sensitivity_suite\scenarios\clue_g19_n50.csv,1033.1986,03,22,1,21,174.8442,7.947463636363636,8.5518,9.6303,10.0305,16.92261294198424,21,74.2003,3.533347619047619,4.5325,0.0533,174.7909,16.92261294198424,completed
21,dcta_parity_v1,custom,5789862b56c579a63f65129a7c7ce0c99a25e7c55fba998a5a9699fc4a7df60b,03f32103aba060045f2661de3c031f6fbcbc73f46000a9666f166ad349c5805d,ACBBA,gilbert_elliot,pGG_0.95_pBB_0.85,clue_search,19,361,4,0.25,90,90,comm_g19_r4_ge_drop025_acbba_topk025,C:\Users\lottj\Desktop\research\decentralized benchmark\topk_filter_study\results\sensitivity_suite\scenarios\clue_g19_n50.csv,120.1122,00,38,37,1,0.8279,0.021786842105263157,0.0213,0.0241,0.0417,0.6892721971623198,0,0.0,0.0,0.0,0.8059999999999999,0.0219,0.6892721971623198,completed
21,dcta_parity_v1,custom,5789862b56c579a63f65129a7c7ce0c99a25e7c55fba998a5a9699fc4a7df60b,03f32103aba060045f2661de3c031f6fbcbc73f46000a9666f166ad349c5805d,ACBBA,gilbert_elliot,pGG_0.95_pBB_0.85,clue_search,19,361,4,0.25,90,90,comm_g19_r4_ge_drop025_acbba_topk025,C:\Users\lottj\Desktop\research\decentralized benchmark\topk_filter_study\results\sensitivity_suite\scenarios\clue_g19_n50.csv,120.1122,01,38,37,1,9.642499999999998,0.25375,0.0235,0.0426,8.7519,8.02791057028345,1,4.4841,4.4841,4.4841,0.8906,8.7519,8.02791057028345,completed
21,dcta_parity_v1,custom,5789862b56c579a63f65129a7c7ce0c99a25e7c55fba998a5a9699fc4a7df60b,03f32103aba060045f2661de3c031f6fbcbc73f46000a9666f166ad349c5805d,ACBBA,gilbert_elliot,pGG_0.95_pBB_0.85,clue_search,19,361,4,0.25,90,90,comm_g19_r4_ge_drop025_acbba_topk025,C:\Users\lottj\Desktop\research\decentralized benchmark\topk_filter_study\results\sensitivity_suite\scenarios\clue_g19_n50.csv,120.1122,02,39,38,1,9.2729,0.23776666666666665,0.0243,0.0761,8.2996,7.720198281273675,1,4.0255,4.0255,4.0255,0.9733,8.2996,7.720198281273675,completed
21,dcta_parity_v1,custom,5789862b56c579a63f65129a7c7ce0c99a25e7c55fba998a5a9699fc4a7df60b,03f32103aba060045f2661de3c031f6fbcbc73f46000a9666f166ad349c5805d,ACBBA,gilbert_elliot,pGG_0.95_pBB_0.85,clue_search,19,361,4,0.25,90,90,comm_g19_r4_ge_drop025_acbba_topk025,C:\Users\lottj\Desktop\research\decentralized benchmark\topk_filter_study\results\sensitivity_suite\scenarios\clue_g19_n50.csv,120.1122,03,37,36,1,9.8409,0.26597027027027026,0.0214,0.0486,9.0354,8.193089461353633,1,4.6679,4.6679,4.6679,0.8055,9.0354,8.193089461353633,completed
22,dcta_parity_v1,custom,5789862b56c579a63f65129a7c7ce0c99a25e7c55fba998a5a9699fc4a7df60b,03f32103aba060045f2661de3c031f6fbcbc73f46000a9666f166ad349c5805d,ACBBA,gilbert_elliot,pGG_0.95_pBB_0.85,clue_search,19,361,4,0.25,90,90,comm_g19_r4_ge_drop025_acbba_topk025,C:\Users\lottj\Desktop\research\decentralized benchmark\topk_filter_study\results\sensitivity_suite\scenarios\clue_g19_n50.csv,2496.293,00,44,14,30,304.8987,6.9295159090909095,9.5158,11.5969,11.9442,12.214059006695129,30,144.5602,4.818673333333334,7.0583,0.314,304.5847,12.214059006695129,completed
22,dcta_parity_v1,custom,5789862b56c579a63f65129a7c7ce0c99a25e7c55fba998a5a9699fc4a7df60b,03f32103aba060045f2661de3c031f6fbcbc73f46000a9666f166ad349c5805d,ACBBA,gilbert_elliot,pGG_0.95_pBB_0.85,clue_search,19,361,4,0.25,90,90,comm_g19_r4_ge_drop025_acbba_topk025,C:\Users\lottj\Desktop\research\decentralized benchmark\topk_filter_study\results\sensitivity_suite\scenarios\clue_g19_n50.csv,2496.293,01,64,13,51,523.1757,8.1746203125,9.96585,11.9865,12.9855,20.958104677615967,51,253.5484,4.9715372549019605,7.1364,0.328,522.8477,20.958104677615967,completed
22,dcta_parity_v1,custom,5789862b56c579a63f65129a7c7ce0c99a25e7c55fba998a5a9699fc4a7df60b,03f32103aba060045f2661de3c031f6fbcbc73f46000a9666f166ad349c5805d,ACBBA,gilbert_elliot,pGG_0.95_pBB_0.85,clue_search,19,361,4,0.25,90,90,comm_g19_r4_ge_drop025_acbba_topk025,C:\Users\lottj\Desktop\research\decentralized benchmark\topk_filter_study\results\sensitivity_suite\scenarios\clue_g19_n50.csv,2496.293,02,70,14,56,569.5527,8.136467142857143,9.7317,12.0057,12.3718,22.815939475053607,56,274.3679,4.899426785714286,7.1232,0.3943,569.1584,22.815939475053607,completed
22,dcta_parity_v1,custom,5789862b56c579a63f65129a7c7ce0c99a25e7c55fba998a5a9699fc4a7df60b,03f32103aba060045f2661de3c031f6fbcbc73f46000a9666f166ad349c5805d,ACBBA,gilbert_elliot,pGG_0.95_pBB_0.85,clue_search,19,361,4,0.25,90,90,comm_g19_r4_ge_drop025_acbba_topk025,C:\Users\lottj\Desktop\research\decentralized benchmark\topk_filter_study\results\sensitivity_suite\scenarios\clue_g19_n50.csv,2496.293,03,53,12,41,443.9571,8.376549056603775,10.2039,12.5876,13.3251,17.784655086562353,41,234.8935,5.729109756097561,7.8119,0.2964,443.6607,17.784655086562353,completed
23,dcta_parity_v1,custom,5789862b56c579a63f65129a7c7ce0c99a25e7c55fba998a5a9699fc4a7df60b,03f32103aba060045f2661de3c031f6fbcbc73f46000a9666f166ad349c5805d,ACBBA,gilbert_elliot,pGG_0.95_pBB_0.85,clue_search,19,361,4,0.25,90,90,comm_g19_r4_ge_drop025_acbba_topk025,C:\Users\lottj\Desktop\research\decentralized benchmark\topk_filter_study\results\sensitivity_suite\scenarios\clue_g19_n50.csv,131.1479,00,36,35,1,8.4859,0.23571944444444448,0.024849999999999997,0.0858,7.5034,6.470481037058162,1,3.4478,3.4478,3.4478,0.9825,7.5034,6.470481037058162,completed
23,dcta_parity_v1,custom,5789862b56c579a63f65129a7c7ce0c99a25e7c55fba998a5a9699fc4a7df60b,03f32103aba060045f2661de3c031f6fbcbc73f46000a9666f166ad349c5805d,ACBBA,gilbert_elliot,pGG_0.95_pBB_0.85,clue_search,19,361,4,0.25,90,90,comm_g19_r4_ge_drop025_acbba_topk025,C:\Users\lottj\Desktop\research\decentralized benchmark\topk_filter_study\results\sensitivity_suite\scenarios\clue_g19_n50.csv,131.1479,01,36,35,1,9.888,0.27466666666666667,0.02525,0.0441,8.9378,7.539579360401501,1,5.4895,5.4895,5.4895,0.9502,8.9378,7.539579360401501,completed
23,dcta_parity_v1,custom,5789862b56c579a63f65129a7c7ce0c99a25e7c55fba998a5a9699fc4a7df60b,03f32103aba060045f2661de3c031f6fbcbc73f46000a9666f166ad349c5805d,ACBBA,gilbert_elliot,pGG_0.95_pBB_0.85,clue_search,19,361,4,0.25,90,90,comm_g19_r4_ge_drop025_acbba_topk025,C:\Users\lottj\Desktop\research\decentralized benchmark\topk_filter_study\results\sensitivity_suite\scenarios\clue_g19_n50.csv,131.1479,02,36,35,1,9.933,0.27591666666666664,0.02695,0.0439,8.9461,7.57389176647129,1,4.4207,4.4207,4.4207,0.9869,8.9461,7.57389176647129,completed
23,dcta_parity_v1,custom,5789862b56c579a63f65129a7c7ce0c99a25e7c55fba998a5a9699fc4a7df60b,03f32103aba060045f2661de3c031f6fbcbc73f46000a9666f166ad349c5805d,ACBBA,gilbert_elliot,pGG_0.95_pBB_0.85,clue_search,19,361,4,0.25,90,90,comm_g19_r4_ge_drop025_acbba_topk025,C:\Users\lottj\Desktop\research\decentralized benchmark\topk_filter_study\results\sensitivity_suite\scenarios\clue_g19_n50.csv,131.1479,03,34,33,1,10.0288,0.29496470588235296,0.0228,0.0496,9.1943,7.646939066504306,1,4.7327,4.7327,4.7327,0.8345,9.1943,7.646939066504306,completed
24,dcta_parity_v1,custom,5789862b56c579a63f65129a7c7ce0c99a25e7c55fba998a5a9699fc4a7df60b,03f32103aba060045f2661de3c031f6fbcbc73f46000a9666f166ad349c5805d,ACBBA,gilbert_elliot,pGG_0.95_pBB_0.85,clue_search,19,361,4,0.25,90,90,comm_g19_r4_ge_drop025_acbba_topk025,C:\Users\lottj\Desktop\research\decentralized benchmark\topk_filter_study\results\sensitivity_suite\scenarios\clue_g19_n50.csv,4497.193,00,99,9,90,821.6536,8.299531313131313,8.9196,11.2409,12.1965,18.270365536902684,90,269.0692,2.989657777777778,7.0664,0.2271,821.4265,18.270365536902684,completed
24,dcta_parity_v1,custom,5789862b56c579a63f65129a7c7ce0c99a25e7c55fba998a5a9699fc4a7df60b,03f32103aba060045f2661de3c031f6fbcbc73f46000a9666f166ad349c5805d,ACBBA,gilbert_elliot,pGG_0.95_pBB_0.85,clue_search,19,361,4,0.25,90,90,comm_g19_r4_ge_drop025_acbba_topk025,C:\Users\lottj\Desktop\research\decentralized benchmark\topk_filter_study\results\sensitivity_suite\scenarios\clue_g19_n50.csv,4497.193,01,80,8,72,674.7262,8.434077499999999,9.52945,11.6419,14.5003,15.003274264635738,71,266.2813,3.7504408450704223,10.0496,0.2746,674.4516,15.003274264635738,completed
24,dcta_parity_v1,custom,5789862b56c579a63f65129a7c7ce0c99a25e7c55fba998a5a9699fc4a7df60b,03f32103aba060045f2661de3c031f6fbcbc73f46000a9666f166ad349c5805d,ACBBA,gilbert_elliot,pGG_0.95_pBB_0.85,clue_search,19,361,4,0.25,90,90,comm_g19_r4_ge_drop025_acbba_topk025,C:\Users\lottj\Desktop\research\decentralized benchmark\topk_filter_study\results\sensitivity_suite\scenarios\clue_g19_n50.csv,4497.193,02,86,9,77,729.4582,8.482072093023255,9.734549999999999,11.4863,11.836,16.220300084964112,77,269.43330000000003,3.4991337662337667,6.6702,0.24509999999999998,729.2130999999999,16.220300084964112,completed
24,dcta_parity_v1,custom,5789862b56c579a63f65129a7c7ce0c99a25e7c55fba998a5a9699fc4a7df60b,03f32103aba060045f2661de3c031f6fbcbc73f46000a9666f166ad349c5805d,ACBBA,gilbert_elliot,pGG_0.95_pBB_0.85,clue_search,19,361,4,0.25,90,90,comm_g19_r4_ge_drop025_acbba_topk025,C:\Users\lottj\Desktop\research\decentralized benchmark\topk_filter_study\results\sensitivity_suite\scenarios\clue_g19_n50.csv,4497.193,03,124,7,117,1083.8142,8.740437096774194,9.4513,11.2547,11.9274,24.09979291526959,117,389.7277,3.331005982905983,6.593,0.1829,1083.6313,24.09979291526959,completed
25,dcta_parity_v1,custom,5789862b56c579a63f65129a7c7ce0c99a25e7c55fba998a5a9699fc4a7df60b,03f32103aba060045f2661de3c031f6fbcbc73f46000a9666f166ad349c5805d,ACBBA,gilbert_elliot,pGG_0.95_pBB_0.85,clue_search,19,361,4,0.25,90,90,comm_g19_r4_ge_drop025_acbba_topk025,C:\Users\lottj\Desktop\research\decentralized benchmark\topk_filter_study\results\sensitivity_suite\scenarios\clue_g19_n50.csv,5161.5892,00,134,6,128,1073.8025,8.013451492537314,8.42485,10.1274,10.9243,20.803718746156704,128,286.1839,2.23581171875,4.2647,0.177,1073.6255,20.803718746156704,completed
25,dcta_parity_v1,custom,5789862b56c579a63f65129a7c7ce0c99a25e7c55fba998a5a9699fc4a7df60b,03f32103aba060045f2661de3c031f6fbcbc73f46000a9666f166ad349c5805d,ACBBA,gilbert_elliot,pGG_0.95_pBB_0.85,clue_search,19,361,4,0.25,90,90,comm_g19_r4_ge_drop025_acbba_topk025,C:\Users\lottj\Desktop\research\decentralized benchmark\topk_filter_study\results\sensitivity_suite\scenarios\clue_g19_n50.csv,5161.5892,01,111,6,105,889.0522,8.00947927927928,8.4001,10.2659,10.8903,17.224388953696664,105,205.4669,1.956827619047619,4.6785,0.1799,888.8723,17.224388953696664,completed
25,dcta_parity_v1,custom,5789862b56c579a63f65129a7c7ce0c99a25e7c55fba998a5a9699fc4a7df60b,03f32103aba060045f2661de3c031f6fbcbc73f46000a9666f166ad349c5805d,ACBBA,gilbert_elliot,pGG_0.95_pBB_0.85,clue_search,19,361,4,0.25,90,90,comm_g19_r4_ge_drop025_acbba_topk025,C:\Users\lottj\Desktop\research\decentralized benchmark\topk_filter_study\results\sensitivity_suite\scenarios\clue_g19_n50.csv,5161.5892,02,112,6,106,909.0213,8.116261607142857,8.4916,10.4184,11.0885,17.611267863006223,106,231.1915,2.181051886792453,4.0771,0.212,908.8093,17.611267863006223,completed
25,dcta_parity_v1,custom,5789862b56c579a63f65129a7c7ce0c99a25e7c55fba998a5a9699fc4a7df60b,03f32103aba060045f2661de3c031f6fbcbc73f46000a9666f166ad349c5805d,ACBBA,gilbert_elliot,pGG_0.95_pBB_0.85,clue_search,19,361,4,0.25,90,90,comm_g19_r4_ge_drop025_acbba_topk025,C:\Users\lottj\Desktop\research\decentralized benchmark\topk_filter_study\results\sensitivity_suite\scenarios\clue_g19_n50.csv,5161.5892,03,99,4,95,779.8258,7.877028282828283,8.3996,10.1672,10.6057,15.108249994013471,95,192.9015,2.030542105263158,4.5216,0.1593,779.6665,15.108249994013471,completed
26,dcta_parity_v1,custom,5789862b56c579a63f65129a7c7ce0c99a25e7c55fba998a5a9699fc4a7df60b,03f32103aba060045f2661de3c031f6fbcbc73f46000a9666f166ad349c5805d,ACBBA,gilbert_elliot,pGG_0.95_pBB_0.85,clue_search,19,361,4,0.25,90,90,comm_g19_r4_ge_drop025_acbba_topk025,C:\Users\lottj\Desktop\research\decentralized benchmark\topk_filter_study\results\sensitivity_suite\scenarios\clue_g19_n50.csv,206.8869,00,57,54,3,23.247600000000002,0.4078526315789474,0.0221,7.2394,7.3627,11.236864199714917,3,8.6776,2.892533333333333,2.9422,1.3091,21.9385,11.236864199714917,completed
26,dcta_parity_v1,custom,5789862b56c579a63f65129a7c7ce0c99a25e7c55fba998a5a9699fc4a7df60b,03f32103aba060045f2661de3c031f6fbcbc73f46000a9666f166ad349c5805d,ACBBA,gilbert_elliot,pGG_0.95_pBB_0.85,clue_search,19,361,4,0.25,90,90,comm_g19_r4_ge_drop025_acbba_topk025,C:\Users\lottj\Desktop\research\decentralized benchmark\topk_filter_study\results\sensitivity_suite\scenarios\clue_g19_n50.csv,206.8869,01,55,54,1,9.4144,0.1711709090909091,0.0234,0.0361,8.0946,4.5505056144202465,1,3.7313,3.7313,3.7313,1.3198,8.0946,4.5505056144202465,completed
26,dcta_parity_v1,custom,5789862b56c579a63f65129a7c7ce0c99a25e7c55fba998a5a9699fc4a7df60b,03f32103aba060045f2661de3c031f6fbcbc73f46000a9666f166ad349c5805d,ACBBA,gilbert_elliot,pGG_0.95_pBB_0.85,clue_search,19,361,4,0.25,90,90,comm_g19_r4_ge_drop025_acbba_topk025,C:\Users\lottj\Desktop\research\decentralized benchmark\topk_filter_study\results\sensitivity_suite\scenarios\clue_g19_n50.csv,206.8869,02,57,54,3,23.8089,0.4177,0.0237,7.4036,7.6167,11.508171856217094,3,9.494399999999999,3.1647999999999996,3.2941,1.3393,22.4696,11.508171856217094,completed
26,dcta_parity_v1,custom,5789862b56c579a63f65129a7c7ce0c99a25e7c55fba998a5a9699fc4a7df60b,03f32103aba060045f2661de3c031f6fbcbc73f46000a9666f166ad349c5805d,ACBBA,gilbert_elliot,pGG_0.95_pBB_0.85,clue_search,19,361,4,0.25,90,90,comm_g19_r4_ge_drop025_acbba_topk025,C:\Users\lottj\Desktop\research\decentralized benchmark\topk_filter_study\results\sensitivity_suite\scenarios\clue_g19_n50.csv,206.8869,03,54,52,2,17.2529,0.31949814814814814,0.0216,0.0528,8.0521,8.339290694577569,2,7.2293,3.61465,3.6267,1.1639,16.089,8.339290694577569,completed
27,dcta_parity_v1,custom,5789862b56c579a63f65129a7c7ce0c99a25e7c55fba998a5a9699fc4a7df60b,03f32103aba060045f2661de3c031f6fbcbc73f46000a9666f166ad349c5805d,ACBBA,gilbert_elliot,pGG_0.95_pBB_0.85,clue_search,19,361,4,0.25,90,90,comm_g19_r4_ge_drop025_acbba_topk025,C:\Users\lottj\Desktop\research\decentralized benchmark\topk_filter_study\results\sensitivity_suite\scenarios\clue_g19_n50.csv,3089.101,00,58,10,48,476.3435,8.212818965517242,9.78035,11.3143,11.5681,15.420133559893314,48,216.27,4.505625,6.1016,0.21639999999999998,476.1271,15.420133559893314,completed
27,dcta_parity_v1,custom,5789862b56c579a63f65129a7c7ce0c99a25e7c55fba998a5a9699fc4a7df60b,03f32103aba060045f2661de3c031f6fbcbc73f46000a9666f166ad349c5805d,ACBBA,gilbert_elliot,pGG_0.95_pBB_0.85,clue_search,19,361,4,0.25,90,90,comm_g19_r4_ge_drop025_acbba_topk025,C:\Users\lottj\Desktop\research\decentralized benchmark\topk_filter_study\results\sensitivity_suite\scenarios\clue_g19_n50.csv,3089.101,01,64,9,55,565.6243,8.8378796875,10.093900000000001,11.299,12.9251,18.310320704955906,55,259.6534,4.720970909090909,6.2139,0.2814,565.3429,18.310320704955906,completed
27,dcta_parity_v1,custom,5789862b56c579a63f65129a7c7ce0c99a25e7c55fba998a5a9699fc4a7df60b,03f32103aba060045f2661de3c031f6fbcbc73f46000a9666f166ad349c5805d,ACBBA,gilbert_elliot,pGG_0.95_pBB_0.85,clue_search,19,361,4,0.25,90,90,comm_g19_r4_ge_drop025_acbba_topk025,C:\Users\lottj\Desktop\research\decentralized benchmark\topk_filter_study\results\sensitivity_suite\scenarios\clue_g19_n50.csv,3089.101,02,68,10,58,595.7128,8.760482352941176,10.0168,11.9288,12.9479,19.284341949324414,58,280.5292,4.836710344827586,7.6373,0.3288,595.384,19.284341949324414,completed
27,dcta_parity_v1,custom,5789862b56c579a63f65129a7c7ce0c99a25e7c55fba998a5a9699fc4a7df60b,03f32103aba060045f2661de3c031f6fbcbc73f46000a9666f166ad349c5805d,ACBBA,gilbert_elliot,pGG_0.95_pBB_0.85,clue_search,19,361,4,0.25,90,90,comm_g19_r4_ge_drop025_acbba_topk025,C:\Users\lottj\Desktop\research\decentralized benchmark\topk_filter_study\results\sensitivity_suite\scenarios\clue_g19_n50.csv,3089.101,03,74,7,67,701.2967,9.476982432432433,10.24285,12.222,12.8729,22.70229105490562,67,325.6029,4.859744776119403,7.0802,0.1605,701.1362,22.70229105490562,completed
28,dcta_parity_v1,custom,5789862b56c579a63f65129a7c7ce0c99a25e7c55fba998a5a9699fc4a7df60b,03f32103aba060045f2661de3c031f6fbcbc73f46000a9666f166ad349c5805d,ACBBA,gilbert_elliot,pGG_0.95_pBB_0.85,clue_search,19,361,4,0.25,90,90,comm_g19_r4_ge_drop025_acbba_topk025,C:\Users\lottj\Desktop\research\decentralized benchmark\topk_filter_study\results\sensitivity_suite\scenarios\clue_g19_n50.csv,303.2146,00,22,17,5,47.0137,2.1369863636363635,0.022850000000000002,9.4268,10.3926,15.505091113686477,5,21.5853,4.31706,5.4357,0.394,46.6197,15.505091113686477,completed
28,dcta_parity_v1,custom,5789862b56c579a63f65129a7c7ce0c99a25e7c55fba998a5a9699fc4a7df60b,03f32103aba060045f2661de3c031f6fbcbc73f46000a9666f166ad349c5805d,ACBBA,gilbert_elliot,pGG_0.95_pBB_0.85,clue_search,19,361,4,0.25,90,90,comm_g19_r4_ge_drop025_acbba_topk025,C:\Users\lottj\Desktop\research\decentralized benchmark\topk_filter_study\results\sensitivity_suite\scenarios\clue_g19_n50.csv,303.2146,01,20,17,3,29.9022,1.49511,0.025500000000000002,9.6641,11.0135,9.861728294086102,3,14.0901,4.6967,5.4038,0.5172,29.384999999999998,9.861728294086102,completed
28,dcta_parity_v1,custom,5789862b56c579a63f65129a7c7ce0c99a25e7c55fba998a5a9699fc4a7df60b,03f32103aba060045f2661de3c031f6fbcbc73f46000a9666f166ad349c5805d,ACBBA,gilbert_elliot,pGG_0.95_pBB_0.85,clue_search,19,361,4,0.25,90,90,comm_g19_r4_ge_drop025_acbba_topk025,C:\Users\lottj\Desktop\research\decentralized benchmark\topk_filter_study\results\sensitivity_suite\scenarios\clue_g19_n50.csv,303.2146,02,24,18,6,60.960100000000004,2.540004166666667,0.0267,11.0222,11.0446,20.104605780856197,6,28.6208,4.770133333333333,5.7287,0.5058,60.4543,20.104605780856197,completed
28,dcta_parity_v1,custom,5789862b56c579a63f65129a7c7ce0c99a25e7c55fba998a5a9699fc4a7df60b,03f32103aba060045f2661de3c031f6fbcbc73f46000a9666f166ad349c5805d,ACBBA,gilbert_elliot,pGG_0.95_pBB_0.85,clue_search,19,361,4,0.25,90,90,comm_g19_r4_ge_drop025_acbba_topk025,C:\Users\lottj\Desktop\research\decentralized benchmark\topk_filter_study\results\sensitivity_suite\scenarios\clue_g19_n50.csv,303.2146,03,20,15,5,48.7549,2.437745,0.02325,10.379,10.9081,16.07933786829526,5,23.377,4.6754,5.7935,0.36669999999999997,48.3882,16.07933786829526,completed
29,dcta_parity_v1,custom,5789862b56c579a63f65129a7c7ce0c99a25e7c55fba998a5a9699fc4a7df60b,03f32103aba060045f2661de3c031f6fbcbc73f46000a9666f166ad349c5805d,ACBBA,gilbert_elliot,pGG_0.95_pBB_0.85,clue_search,19,361,4,0.25,90,90,comm_g19_r4_ge_drop025_acbba_topk025,C:\Users\lottj\Desktop\research\decentralized benchmark\topk_filter_study\results\sensitivity_suite\scenarios\clue_g19_n50.csv,701.04,00,53,42,11,84.9469,1.6027716981132076,0.0218,7.7094,8.4678,12.117268629464796,11,30.728,2.7934545454545456,3.2854,0.9563,83.9906,12.117268629464796,completed
29,dcta_parity_v1,custom,5789862b56c579a63f65129a7c7ce0c99a25e7c55fba998a5a9699fc4a7df60b,03f32103aba060045f2661de3c031f6fbcbc73f46000a9666f166ad349c5805d,ACBBA,gilbert_elliot,pGG_0.95_pBB_0.85,clue_search,19,361,4,0.25,90,90,comm_g19_r4_ge_drop025_acbba_topk025,C:\Users\lottj\Desktop\research\decentralized benchmark\topk_filter_study\results\sensitivity_suite\scenarios\clue_g19_n50.csv,701.04,01,57,42,15,121.1089,2.1247175438596493,0.0246,8.2191,8.6958,17.275604815702387,15,47.2217,3.1481133333333333,3.8106,1.0443,120.0646,17.275604815702387,completed
29,dcta_parity_v1,custom,5789862b56c579a63f65129a7c7ce0c99a25e7c55fba998a5a9699fc4a7df60b,03f32103aba060045f2661de3c031f6fbcbc73f46000a9666f166ad349c5805d,ACBBA,gilbert_elliot,pGG_0.95_pBB_0.85,clue_search,19,361,4,0.25,90,90,comm_g19_r4_ge_drop025_acbba_topk025,C:\Users\lottj\Desktop\research\decentralized benchmark\topk_filter_study\results\sensitivity_suite\scenarios\clue_g19_n50.csv,701.04,02,57,42,15,120.5236,2.1144491228070175,0.0252,8.4505,8.6079,17.192114572634946,15,45.0587,3.0039133333333337,3.484,1.1047,119.41890000000001,17.192114572634946,completed
29,dcta_parity_v1,custom,5789862b56c579a63f65129a7c7ce0c99a25e7c55fba998a5a9699fc4a7df60b,03f32103aba060045f2661de3c031f6fbcbc73f46000a9666f166ad349c5805d,ACBBA,gilbert_elliot,pGG_0.95_pBB_0.85,clue_search,19,361,4,0.25,90,90,comm_g19_r4_ge_drop025_acbba_topk025,C:\Users\lottj\Desktop\research\decentralized benchmark\topk_filter_study\results\sensitivity_suite\scenarios\clue_g19_n50.csv,701.04,03,55,40,15,123.365,2.243,0.0226,8.6839,9.5709,17.59742668036061,15,48.054,3.2036000000000002,4.1603,0.9909,122.3741,17.59742668036061,completed
30,dcta_parity_v1,custom,5789862b56c579a63f65129a7c7ce0c99a25e7c55fba998a5a9699fc4a7df60b,03f32103aba060045f2661de3c031f6fbcbc73f46000a9666f166ad349c5805d,ACBBA,gilbert_elliot,pGG_0.95_pBB_0.85,clue_search,19,361,4,0.25,90,90,comm_g19_r4_ge_drop025_acbba_topk025,C:\Users\lottj\Desktop\research\decentralized benchmark\topk_filter_study\results\sensitivity_suite\scenarios\clue_g19_n50.csv,37.9838,00,18,18,0,0.4617,0.02565,0.02085,0.1,0.1,1.2155181945987499,0,0.0,0.0,0.0,0.4617,0.0,1.2155181945987499,completed
30,dcta_parity_v1,custom,5789862b56c579a63f65129a7c7ce0c99a25e7c55fba998a5a9699fc4a7df60b,03f32103aba060045f2661de3c031f6fbcbc73f46000a9666f166ad349c5805d,ACBBA,gilbert_elliot,pGG_0.95_pBB_0.85,clue_search,19,361,4,0.25,90,90,comm_g19_r4_ge_drop025_acbba_topk025,C:\Users\lottj\Desktop\research\decentralized benchmark\topk_filter_study\results\sensitivity_suite\scenarios\clue_g19_n50.csv,37.9838,01,18,18,0,0.4441,0.02467222222222222,0.0228,0.0499,0.0499,1.1691826515514507,0,0.0,0.0,0.0,0.4441,0.0,1.1691826515514507,completed
30,dcta_parity_v1,custom,5789862b56c579a63f65129a7c7ce0c99a25e7c55fba998a5a9699fc4a7df60b,03f32103aba060045f2661de3c031f6fbcbc73f46000a9666f166ad349c5805d,ACBBA,gilbert_elliot,pGG_0.95_pBB_0.85,clue_search,19,361,4,0.25,90,90,comm_g19_r4_ge_drop025_acbba_topk025,C:\Users\lottj\Desktop\research\decentralized benchmark\topk_filter_study\results\sensitivity_suite\scenarios\clue_g19_n50.csv,37.9838,02,18,18,0,0.4637,0.02576111111111111,0.0229,0.0534,0.0534,1.2207835972177612,0,0.0,0.0,0.0,0.4637,0.0,1.2207835972177612,completed
30,dcta_parity_v1,custom,5789862b56c579a63f65129a7c7ce0c99a25e7c55fba998a5a9699fc4a7df60b,03f32103aba060045f2661de3c031f6fbcbc73f46000a9666f166ad349c5805d,ACBBA,gilbert_elliot,pGG_0.95_pBB_0.85,clue_search,19,361,4,0.25,90,90,comm_g19_r4_ge_drop025_acbba_topk025,C:\Users\lottj\Desktop\research\decentralized benchmark\topk_filter_study\results\sensitivity_suite\scenarios\clue_g19_n50.csv,37.9838,03,16,16,0,0.3574,0.0223375,0.0202,0.0517,0.0517,0.9409274480173127,0,0.0,0.0,0.0,0.3574,0.0,0.9409274480173127,completed
31,dcta_parity_v1,custom,5789862b56c579a63f65129a7c7ce0c99a25e7c55fba998a5a9699fc4a7df60b,03f32103aba060045f2661de3c031f6fbcbc73f46000a9666f166ad349c5805d,ACBBA,gilbert_elliot,pGG_0.95_pBB_0.85,clue_search,19,361,4,0.25,90,90,comm_g19_r4_ge_drop025_acbba_topk025,C:\Users\lottj\Desktop\research\decentralized benchmark\topk_filter_study\results\sensitivity_suite\scenarios\clue_g19_n50.csv,3640.7112,00,82,4,78,638.5843,7.787613414634146,8.31595,9.3878,9.8301,17.54009766003961,78,212.8478,2.728817948717949,3.7403,0.1137,638.4706,17.54009766003961,completed
31,dcta_parity_v1,custom,5789862b56c579a63f65129a7c7ce0c99a25e7c55fba998a5a9699fc4a7df60b,03f32103aba060045f2661de3c031f6fbcbc73f46000a9666f166ad349c5805d,ACBBA,gilbert_elliot,pGG_0.95_pBB_0.85,clue_search,19,361,4,0.25,90,90,comm_g19_r4_ge_drop025_acbba_topk025,C:\Users\lottj\Desktop\research\decentralized benchmark\topk_filter_study\results\sensitivity_suite\scenarios\clue_g19_n50.csv,3640.7112,01,80,4,76,614.7298,7.684122499999999,8.0322,8.9538,10.294,16.8848822724527,76,181.0061,2.381659210526316,3.6222,0.18109999999999998,614.5487,16.8848822724527,completed
31,dcta_parity_v1,custom,5789862b56c579a63f65129a7c7ce0c99a25e7c55fba998a5a9699fc4a7df60b,03f32103aba060045f2661de3c031f6fbcbc73f46000a9666f166ad349c5805d,ACBBA,gilbert_elliot,pGG_0.95_pBB_0.85,clue_search,19,361,4,0.25,90,90,comm_g19_r4_ge_drop025_acbba_topk025,C:\Users\lottj\Desktop\research\decentralized benchmark\topk_filter_study\results\sensitivity_suite\scenarios\clue_g19_n50.csv,3640.7112,02,79,4,75,598.4542,7.575369620253165,8.0745,9.2699,9.6032,16.437837749942922,75,167.1157,2.2282093333333335,3.6899,0.1322,598.322,16.437837749942922,completed
31,dcta_parity_v1,custom,5789862b56c579a63f65129a7c7ce0c99a25e7c55fba998a5a9699fc4a7df60b,03f32103aba060045f2661de3c031f6fbcbc73f46000a9666f166ad349c5805d,ACBBA,gilbert_elliot,pGG_0.95_pBB_0.85,clue_search,19,361,4,0.25,90,90,comm_g19_r4_ge_drop025_acbba_topk025,C:\Users\lottj\Desktop\research\decentralized benchmark\topk_filter_study\results\sensitivity_suite\scenarios\clue_g19_n50.csv,3640.7112,03,96,2,94,744.5454,7.755681249999999,8.00265,9.1657,9.8902,20.45054823354294,94,200.3875,2.131781914893617,3.7334,0.0776,744.4678,20.45054823354294,completed
32,dcta_parity_v1,custom,5789862b56c579a63f65129a7c7ce0c99a25e7c55fba998a5a9699fc4a7df60b,03f32103aba060045f2661de3c031f6fbcbc73f46000a9666f166ad349c5805d,ACBBA,gilbert_elliot,pGG_0.95_pBB_0.85,clue_search,19,361,4,0.25,90,90,comm_g19_r4_ge_drop025_acbba_topk025,C:\Users\lottj\Desktop\research\decentralized benchmark\topk_filter_study\results\sensitivity_suite\scenarios\clue_g19_n50.csv,48.3914,00,22,22,0,0.4776,0.02170909090909091,0.0211,0.0234,0.04,0.986952227048608,0,0.0,0.0,0.0,0.4776,0.0,0.986952227048608,completed
32,dcta_parity_v1,custom,5789862b56c579a63f65129a7c7ce0c99a25e7c55fba998a5a9699fc4a7df60b,03f32103aba060045f2661de3c031f6fbcbc73f46000a9666f166ad349c5805d,ACBBA,gilbert_elliot,pGG_0.95_pBB_0.85,clue_search,19,361,4,0.25,90,90,comm_g19_r4_ge_drop025_acbba_topk025,C:\Users\lottj\Desktop\research\decentralized benchmark\topk_filter_study\results\sensitivity_suite\scenarios\clue_g19_n50.csv,48.3914,01,22,22,0,0.5477,0.024895454545454544,0.0238,0.0279,0.0482,1.1318126774592179,0,0.0,0.0,0.0,0.5477,0.0,1.1318126774592179,completed
32,dcta_parity_v1,custom,5789862b56c579a63f65129a7c7ce0c99a25e7c55fba998a5a9699fc4a7df60b,03f32103aba060045f2661de3c031f6fbcbc73f46000a9666f166ad349c5805d,ACBBA,gilbert_elliot,pGG_0.95_pBB_0.85,clue_search,19,361,4,0.25,90,90,comm_g19_r4_ge_drop025_acbba_topk025,C:\Users\lottj\Desktop\research\decentralized benchmark\topk_filter_study\results\sensitivity_suite\scenarios\clue_g19_n50.csv,48.3914,02,22,22,0,0.5559000000000001,0.02526818181818182,0.0245,0.0291,0.0428,1.1487578371363507,0,0.0,0.0,0.0,0.5559000000000001,0.0,1.1487578371363507,completed
32,dcta_parity_v1,custom,5789862b56c579a63f65129a7c7ce0c99a25e7c55fba998a5a9699fc4a7df60b,03f32103aba060045f2661de3c031f6fbcbc73f46000a9666f166ad349c5805d,ACBBA,gilbert_elliot,pGG_0.95_pBB_0.85,clue_search,19,361,4,0.25,90,90,comm_g19_r4_ge_drop025_acbba_topk025,C:\Users\lottj\Desktop\research\decentralized benchmark\topk_filter_study\results\sensitivity_suite\scenarios\clue_g19_n50.csv,48.3914,03,19,19,0,0.4803,0.025278947368421054,0.0218,0.0883,0.0883,0.992531730844737,0,0.0,0.0,0.0,0.4803,0.0,0.992531730844737,completed
33,dcta_parity_v1,custom,5789862b56c579a63f65129a7c7ce0c99a25e7c55fba998a5a9699fc4a7df60b,03f32103aba060045f2661de3c031f6fbcbc73f46000a9666f166ad349c5805d,ACBBA,gilbert_elliot,pGG_0.95_pBB_0.85,clue_search,19,361,4,0.25,90,90,comm_g19_r4_ge_drop025_acbba_topk025,C:\Users\lottj\Desktop\research\decentralized benchmark\topk_filter_study\results\sensitivity_suite\scenarios\clue_g19_n50.csv,7.5061,00,3,3,0,0.1565,0.05216666666666667,0.0238,0.1104,0.1104,2.0849708903425213,0,0.0,0.0,0.0,0.1565,0.0,2.0849708903425213,completed
33,dcta_parity_v1,custom,5789862b56c579a63f65129a7c7ce0c99a25e7c55fba998a5a9699fc4a7df60b,03f32103aba060045f2661de3c031f6fbcbc73f46000a9666f166ad349c5805d,ACBBA,gilbert_elliot,pGG_0.95_pBB_0.85,clue_search,19,361,4,0.25,90,90,comm_g19_r4_ge_drop025_acbba_topk025,C:\Users\lottj\Desktop\research\decentralized benchmark\topk_filter_study\results\sensitivity_suite\scenarios\clue_g19_n50.csv,7.5061,01,2,2,0,0.0782,0.0391,0.0391,0.0524,0.0524,1.0418193202861672,0,0.0,0.0,0.0,0.0782,0.0,1.0418193202861672,completed
33,dcta_parity_v1,custom,5789862b56c579a63f65129a7c7ce0c99a25e7c55fba998a5a9699fc4a7df60b,03f32103aba060045f2661de3c031f6fbcbc73f46000a9666f166ad349c5805d,ACBBA,gilbert_elliot,pGG_0.95_pBB_0.85,clue_search,19,361,4,0.25,90,90,comm_g19_r4_ge_drop025_acbba_topk025,C:\Users\lottj\Desktop\research\decentralized benchmark\topk_filter_study\results\sensitivity_suite\scenarios\clue_g19_n50.csv,7.5061,02,3,3,0,0.135,0.045000000000000005,0.0284,0.0815,0.0815,1.7985371897523348,0,0.0,0.0,0.0,0.135,0.0,1.7985371897523348,completed
33,dcta_parity_v1,custom,5789862b56c579a63f65129a7c7ce0c99a25e7c55fba998a5a9699fc4a7df60b,03f32103aba060045f2661de3c031f6fbcbc73f46000a9666f166ad349c5805d,ACBBA,gilbert_elliot,pGG_0.95_pBB_0.85,clue_search,19,361,4,0.25,90,90,comm_g19_r4_ge_drop025_acbba_topk025,C:\Users\lottj\Desktop\research\decentralized benchmark\topk_filter_study\results\sensitivity_suite\scenarios\clue_g19_n50.csv,7.5061,03,1,1,0,0.0574,0.0574,0.0574,0.0574,0.0574,0.764711368087289,0,0.0,0.0,0.0,0.0574,0.0,0.764711368087289,completed
34,dcta_parity_v1,custom,5789862b56c579a63f65129a7c7ce0c99a25e7c55fba998a5a9699fc4a7df60b,03f32103aba060045f2661de3c031f6fbcbc73f46000a9666f166ad349c5805d,ACBBA,gilbert_elliot,pGG_0.95_pBB_0.85,clue_search,19,361,4,0.25,90,90,comm_g19_r4_ge_drop025_acbba_topk025,C:\Users\lottj\Desktop\research\decentralized benchmark\topk_filter_study\results\sensitivity_suite\scenarios\clue_g19_n50.csv,2172.7021,00,60,25,35,327.5909,5.4598483333333325,8.456199999999999,10.7393,11.304,15.077580124767218,35,141.1972,4.034205714285714,5.6911,0.6028,326.9881,15.077580124767218,completed
34,dcta_parity_v1,custom,5789862b56c579a63f65129a7c7ce0c99a25e7c55fba998a5a9699fc4a7df60b,03f32103aba060045f2661de3c031f6fbcbc73f46000a9666f166ad349c5805d,ACBBA,gilbert_elliot,pGG_0.95_pBB_0.85,clue_search,19,361,4,0.25,90,90,comm_g19_r4_ge_drop025_acbba_topk025,C:\Users\lottj\Desktop\research\decentralized benchmark\topk_filter_study\results\sensitivity_suite\scenarios\clue_g19_n50.csv,2172.7021,01,62,25,37,336.1194,5.42128064516129,7.08395,10.9405,12.2932,15.470109777129592,37,149.3985,4.037797297297297,6.0509,0.6382,335.4812,15.470109777129592,completed
34,dcta_parity_v1,custom,5789862b56c579a63f65129a7c7ce0c99a25e7c55fba998a5a9699fc4a7df60b,03f32103aba060045f2661de3c031f6fbcbc73f46000a9666f166ad349c5805d,ACBBA,gilbert_elliot,pGG_0.95_pBB_0.85,clue_search,19,361,4,0.25,90,90,comm_g19_r4_ge_drop025_acbba_topk025,C:\Users\lottj\Desktop\research\decentralized benchmark\topk_filter_study\results\sensitivity_suite\scenarios\clue_g19_n50.csv,2172.7021,02,79,26,53,493.64820000000003,6.248711392405064,8.5207,11.5168,12.362,22.720473276110884,53,220.16740000000001,4.1541018867924535,6.7666,0.7271,492.9211,22.720473276110884,completed
34,dcta_parity_v1,custom,5789862b56c579a63f65129a7c7ce0c99a25e7c55fba998a5a9699fc4a7df60b,03f32103aba060045f2661de3c031f6fbcbc73f46000a9666f166ad349c5805d,ACBBA,gilbert_elliot,pGG_0.95_pBB_0.85,clue_search,19,361,4,0.25,90,90,comm_g19_r4_ge_drop025_acbba_topk025,C:\Users\lottj\Desktop\research\decentralized benchmark\topk_filter_study\results\sensitivity_suite\scenarios\clue_g19_n50.csv,2172.7021,03,69,23,46,432.9204,6.274208695652174,8.6302,10.9481,11.1297,19.925437546178095,46,199.02179999999998,4.326560869565217,5.8047,0.6416,432.2788,19.925437546178095,completed
35,dcta_parity_v1,custom,5789862b56c579a63f65129a7c7ce0c99a25e7c55fba998a5a9699fc4a7df60b,03f32103aba060045f2661de3c031f6fbcbc73f46000a9666f166ad349c5805d,ACBBA,gilbert_elliot,pGG_0.95_pBB_0.85,clue_search,19,361,4,0.25,90,90,comm_g19_r4_ge_drop025_acbba_topk025,C:\Users\lottj\Desktop\research\decentralized benchmark\topk_filter_study\results\sensitivity_suite\scenarios\clue_g19_n50.csv,2542.6324,00,43,9,34,354.3505,8.240709302325582,10.1983,12.4154,13.3771,13.93636374648573,34,169.8881,4.996708823529412,7.5562,0.21839999999999998,354.1321,13.93636374648573,completed
35,dcta_parity_v1,custom,5789862b56c579a63f65129a7c7ce0c99a25e7c55fba998a5a9699fc4a7df60b,03f32103aba060045f2661de3c031f6fbcbc73f46000a9666f166ad349c5805d,ACBBA,gilbert_elliot,pGG_0.95_pBB_0.85,clue_search,19,361,4,0.25,90,90,comm_g19_r4_ge_drop025_acbba_topk025,C:\Users\lottj\Desktop\research\decentralized benchmark\topk_filter_study\results\sensitivity_suite\scenarios\clue_g19_n50.csv,2542.6324,01,51,8,43,457.5133,8.970849019607844,10.5005,12.1391,12.3901,17.993686385810236,43,230.3702,5.3574465116279075,6.6709,0.2174,457.2959,17.993686385810236,completed
35,dcta_parity_v1,custom,5789862b56c579a63f65129a7c7ce0c99a25e7c55fba998a5a9699fc4a7df60b,03f32103aba060045f2661de3c031f6fbcbc73f46000a9666f166ad349c5805d,ACBBA,gilbert_elliot,pGG_0.95_pBB_0.85,clue_search,19,361,4,0.25,90,90,comm_g19_r4_ge_drop025_acbba_topk025,C:\Users\lottj\Desktop\research\decentralized benchmark\topk_filter_study\results\sensitivity_suite\scenarios\clue_g19_n50.csv,2542.6324,02,61,9,52,551.196,9.036,10.3031,11.7665,16.2845,21.678163150913992,52,270.0114,5.192526923076922,6.9201,0.2587,550.9373,21.678163150913992,completed
35,dcta_parity_v1,custom,5789862b56c579a63f65129a7c7ce0c99a25e7c55fba998a5a9699fc4a7df60b,03f32103aba060045f2661de3c031f6fbcbc73f46000a9666f166ad349c5805d,ACBBA,gilbert_elliot,pGG_0.95_pBB_0.85,clue_search,19,361,4,0.25,90,90,comm_g19_r4_ge_drop025_acbba_topk025,C:\Users\lottj\Desktop\research\decentralized benchmark\topk_filter_study\results\sensitivity_suite\scenarios\clue_g19_n50.csv,2542.6324,03,56,7,49,518.8116,9.264492857142857,10.5354,12.6764,14.5437,20.404506762361716,49,266.7437,5.443748979591836,7.704,0.2096,518.602,20.404506762361716,completed
36,dcta_parity_v1,custom,5789862b56c579a63f65129a7c7ce0c99a25e7c55fba998a5a9699fc4a7df60b,03f32103aba060045f2661de3c031f6fbcbc73f46000a9666f166ad349c5805d,ACBBA,gilbert_elliot,pGG_0.95_pBB_0.85,clue_search,19,361,4,0.25,90,90,comm_g19_r4_ge_drop025_acbba_topk025,C:\Users\lottj\Desktop\research\decentralized benchmark\topk_filter_study\results\sensitivity_suite\scenarios\clue_g19_n50.csv,17.7161,00,7,7,0,0.1805,0.025785714285714283,0.0222,0.0477,0.0477,1.0188472632238472,0,0.0,0.0,0.0,0.1805,0.0,1.0188472632238472,completed
36,dcta_parity_v1,custom,5789862b56c579a63f65129a7c7ce0c99a25e7c55fba998a5a9699fc4a7df60b,03f32103aba060045f2661de3c031f6fbcbc73f46000a9666f166ad349c5805d,ACBBA,gilbert_elliot,pGG_0.95_pBB_0.85,clue_search,19,361,4,0.25,90,90,comm_g19_r4_ge_drop025_acbba_topk025,C:\Users\lottj\Desktop\research\decentralized benchmark\topk_filter_study\results\sensitivity_suite\scenarios\clue_g19_n50.csv,17.7161,01,6,6,0,0.1883,0.03138333333333333,0.0276,0.052,0.052,1.062875011994739,0,0.0,0.0,0.0,0.1883,0.0,1.062875011994739,completed
36,dcta_parity_v1,custom,5789862b56c579a63f65129a7c7ce0c99a25e7c55fba998a5a9699fc4a7df60b,03f32103aba060045f2661de3c031f6fbcbc73f46000a9666f166ad349c5805d,ACBBA,gilbert_elliot,pGG_0.95_pBB_0.85,clue_search,19,361,4,0.25,90,90,comm_g19_r4_ge_drop025_acbba_topk025,C:\Users\lottj\Desktop\research\decentralized benchmark\topk_filter_study\results\sensitivity_suite\scenarios\clue_g19_n50.csv,17.7161,02,7,7,0,0.2146,0.03065714285714286,0.0258,0.0501,0.0501,1.2113275495171059,0,0.0,0.0,0.0,0.2146,0.0,1.2113275495171059,completed
36,dcta_parity_v1,custom,5789862b56c579a63f65129a7c7ce0c99a25e7c55fba998a5a9699fc4a7df60b,03f32103aba060045f2661de3c031f6fbcbc73f46000a9666f166ad349c5805d,ACBBA,gilbert_elliot,pGG_0.95_pBB_0.85,clue_search,19,361,4,0.25,90,90,comm_g19_r4_ge_drop025_acbba_topk025,C:\Users\lottj\Desktop\research\decentralized benchmark\topk_filter_study\results\sensitivity_suite\scenarios\clue_g19_n50.csv,17.7161,03,5,5,0,0.2139,0.04278,0.0235,0.1248,0.1248,1.207376341294077,0,0.0,0.0,0.0,0.2139,0.0,1.207376341294077,completed
37,dcta_parity_v1,custom,5789862b56c579a63f65129a7c7ce0c99a25e7c55fba998a5a9699fc4a7df60b,03f32103aba060045f2661de3c031f6fbcbc73f46000a9666f166ad349c5805d,ACBBA,gilbert_elliot,pGG_0.95_pBB_0.85,clue_search,19,361,4,0.25,90,90,comm_g19_r4_ge_drop025_acbba_topk025,C:\Users\lottj\Desktop\research\decentralized benchmark\topk_filter_study\results\sensitivity_suite\scenarios\clue_g19_n50.csv,3212.1567,00,55,1,54,403.4921,7.33622,7.4876,8.9426,9.8759,12.561407729579319,54,101.2902,1.8757444444444444,3.0242,0.0385,403.4536,12.561407729579319,completed
37,dcta_parity_v1,custom,5789862b56c579a63f65129a7c7ce0c99a25e7c55fba998a5a9699fc4a7df60b,03f32103aba060045f2661de3c031f6fbcbc73f46000a9666f166ad349c5805d,ACBBA,gilbert_elliot,pGG_0.95_pBB_0.85,clue_search,19,361,4,0.25,90,90,comm_g19_r4_ge_drop025_acbba_topk025,C:\Users\lottj\Desktop\research\decentralized benchmark\topk_filter_study\results\sensitivity_suite\scenarios\clue_g19_n50.csv,3212.1567,01,75,1,74,527.1545,7.028726666666667,7.2641,8.9187,9.5261,16.411232366092225,74,126.8269,1.713877027027027,2.6209,0.0854,527.0691,16.411232366092225,completed
37,dcta_parity_v1,custom,5789862b56c579a63f65129a7c7ce0c99a25e7c55fba998a5a9699fc4a7df60b,03f32103aba060045f2661de3c031f6fbcbc73f46000a9666f166ad349c5805d,ACBBA,gilbert_elliot,pGG_0.95_pBB_0.85,clue_search,19,361,4,0.25,90,90,comm_g19_r4_ge_drop025_acbba_topk025,C:\Users\lottj\Desktop\research\decentralized benchmark\topk_filter_study\results\sensitivity_suite\scenarios\clue_g19_n50.csv,3212.1567,02,101,1,100,765.4627,7.578838613861387,7.7564,9.2212,11.2518,23.830179268651495,100,198.4055,1.984055,3.0034,0.0433,765.4194,23.830179268651495,completed
37,dcta_parity_v1,custom,5789862b56c579a63f65129a7c7ce0c99a25e7c55fba998a5a9699fc4a7df60b,03f32103aba060045f2661de3c031f6fbcbc73f46000a9666f166ad349c5805d,ACBBA,gilbert_elliot,pGG_0.95_pBB_0.85,clue_search,19,361,4,0.25,90,90,comm_g19_r4_ge_drop025_acbba_topk025,C:\Users\lottj\Desktop\research\decentralized benchmark\topk_filter_study\results\sensitivity_suite\scenarios\clue_g19_n50.csv,3212.1567,03,78,1,77,549.5528,7.045548717948718,7.29885,8.887,9.5186,17.108530228304243,77,136.8113,1.7767701298701297,2.9018,0.0527,549.5001,17.108530228304243,completed
38,dcta_parity_v1,custom,5789862b56c579a63f65129a7c7ce0c99a25e7c55fba998a5a9699fc4a7df60b,03f32103aba060045f2661de3c031f6fbcbc73f46000a9666f166ad349c5805d,ACBBA,gilbert_elliot,pGG_0.95_pBB_0.85,clue_search,19,361,4,0.25,90,90,comm_g19_r4_ge_drop025_acbba_topk025,C:\Users\lottj\Desktop\research\decentralized benchmark\topk_filter_study\results\sensitivity_suite\scenarios\clue_g19_n50.csv,795.2877,00,62,42,20,147.5954,2.3805709677419356,0.02355,8.2576,9.5704,18.558742955536722,20,52.696,2.6348,3.8455,1.0326,146.5628,18.558742955536722,completed
38,dcta_parity_v1,custom,5789862b56c579a63f65129a7c7ce0c99a25e7c55fba998a5a9699fc4a7df60b,03f32103aba060045f2661de3c031f6fbcbc73f46000a9666f166ad349c5805d,ACBBA,gilbert_elliot,pGG_0.95_pBB_0.85,clue_search,19,361,4,0.25,90,90,comm_g19_r4_ge_drop025_acbba_topk025,C:\Users\lottj\Desktop\research\decentralized benchmark\topk_filter_study\results\sensitivity_suite\scenarios\clue_g19_n50.csv,795.2877,01,61,42,19,135.6305,2.223450819672131,0.0263,7.4626,9.7142,17.05426853703383,19,47.0937,2.478615789473684,4.3874,1.1214,134.5091,17.05426853703383,completed
38,dcta_parity_v1,custom,5789862b56c579a63f65129a7c7ce0c99a25e7c55fba998a5a9699fc4a7df60b,03f32103aba060045f2661de3c031f6fbcbc73f46000a9666f166ad349c5805d,ACBBA,gilbert_elliot,pGG_0.95_pBB_0.85,clue_search,19,361,4,0.25,90,90,comm_g19_r4_ge_drop025_acbba_topk025,C:\Users\lottj\Desktop\research\decentralized benchmark\topk_filter_study\results\sensitivity_suite\scenarios\clue_g19_n50.csv,795.2877,02,61,43,18,140.2735,2.299565573770492,0.0267,8.5167,9.4512,17.638082419733138,18,56.7006,3.1500333333333335,4.1753,1.1795,139.094,17.638082419733138,completed
38,dcta_parity_v1,custom,5789862b56c579a63f65129a7c7ce0c99a25e7c55fba998a5a9699fc4a7df60b,03f32103aba060045f2661de3c031f6fbcbc73f46000a9666f166ad349c5805d,ACBBA,gilbert_elliot,pGG_0.95_pBB_0.85,clue_search,19,361,4,0.25,90,90,comm_g19_r4_ge_drop025_acbba_topk025,C:\Users\lottj\Desktop\research\decentralized benchmark\topk_filter_study\results\sensitivity_suite\scenarios\clue_g19_n50.csv,795.2877,03,52,40,12,88.8241,1.7081557692307692,0.02305,8.284,8.7863,11.168800925753033,12,32.9212,2.7434333333333334,3.8572,0.9398,87.8843,11.168800925753033,completed
39,dcta_parity_v1,custom,5789862b56c579a63f65129a7c7ce0c99a25e7c55fba998a5a9699fc4a7df60b,03f32103aba060045f2661de3c031f6fbcbc73f46000a9666f166ad349c5805d,ACBBA,gilbert_elliot,pGG_0.95_pBB_0.85,clue_search,19,361,4,0.25,90,90,comm_g19_r4_ge_drop025_acbba_topk025,C:\Users\lottj\Desktop\research\decentralized benchmark\topk_filter_study\results\sensitivity_suite\scenarios\clue_g19_n50.csv,3450.3439,00,74,20,54,501.0401,6.770812162162162,8.568750000000001,10.6911,11.5268,14.521453933910763,54,186.7092,3.457577777777778,5.3667,0.4701,500.57,14.521453933910763,completed
39,dcta_parity_v1,custom,5789862b56c579a63f65129a7c7ce0c99a25e7c55fba998a5a9699fc4a7df60b,03f32103aba060045f2661de3c031f6fbcbc73f46000a9666f166ad349c5805d,ACBBA,gilbert_elliot,pGG_0.95_pBB_0.85,clue_search,19,361,4,0.25,90,90,comm_g19_r4_ge_drop025_acbba_topk025,C:\Users\lottj\Desktop\research\decentralized benchmark\topk_filter_study\results\sensitivity_suite\scenarios\clue_g19_n50.csv,3450.3439,01,97,20,77,746.501,7.695886597938144,9.4779,11.5449,12.5634,21.635553487871164,77,299.8325,3.8939285714285714,5.8529,0.5048,745.9962,21.635553487871164,completed
39,dcta_parity_v1,custom,5789862b56c579a63f65129a7c7ce0c99a25e7c55fba998a5a9699fc4a7df60b,03f32103aba060045f2661de3c031f6fbcbc73f46000a9666f166ad349c5805d,ACBBA,gilbert_elliot,pGG_0.95_pBB_0.85,clue_search,19,361,4,0.25,90,90,comm_g19_r4_ge_drop025_acbba_topk025,C:\Users\lottj\Desktop\research\decentralized benchmark\topk_filter_study\results\sensitivity_suite\scenarios\clue_g19_n50.csv,3450.3439,02,80,20,60,566.4317,7.08039625,9.092749999999999,10.9268,11.4496,16.416673711858113,60,229.7533,3.8292216666666667,5.5904,0.5397,565.892,16.416673711858113,completed
39,dcta_parity_v1,custom,5789862b56c579a63f65129a7c7ce0c99a25e7c55fba998a5a9699fc4a7df60b,03f32103aba060045f2661de3c031f6fbcbc73f46000a9666f166ad349c5805d,ACBBA,gilbert_elliot,pGG_0.95_pBB_0.85,clue_search,19,361,4,0.25,90,90,comm_g19_r4_ge_drop025_acbba_topk025,C:\Users\lottj\Desktop\research\decentralized benchmark\topk_filter_study\results\sensitivity_suite\scenarios\clue_g19_n50.csv,3450.3439,03,88,17,71,665.5584,7.563163636363637,9.2756,11.2025,11.9837,19.28962501390079,71,258.9106,3.6466281690140843,5.6171,0.4037,665.1547,19.28962501390079,completed
40,dcta_parity_v1,custom,5789862b56c579a63f65129a7c7ce0c99a25e7c55fba998a5a9699fc4a7df60b,03f32103aba060045f2661de3c031f6fbcbc73f46000a9666f166ad349c5805d,ACBBA,gilbert_elliot,pGG_0.95_pBB_0.85,clue_search,19,361,4,0.25,90,90,comm_g19_r4_ge_drop025_acbba_topk025,C:\Users\lottj\Desktop\research\decentralized benchmark\topk_filter_study\results\sensitivity_suite\scenarios\clue_g19_n50.csv,5148.3718,00,109,2,107,1073.55,9.849082568807338,10.1922,12.1889,25.2816,20.85222360980223,107,418.8613,3.914591588785047,17.6942,0.0828,1073.4672,20.85222360980223,completed
40,dcta_parity_v1,custom,5789862b56c579a63f65129a7c7ce0c99a25e7c55fba998a5a9699fc4a7df60b,03f32103aba060045f2661de3c031f6fbcbc73f46000a9666f166ad349c5805d,ACBBA,gilbert_elliot,pGG_0.95_pBB_0.85,clue_search,19,361,4,0.25,90,90,comm_g19_r4_ge_drop025_acbba_topk025,C:\Users\lottj\Desktop\research\decentralized benchmark\topk_filter_study\results\sensitivity_suite\scenarios\clue_g19_n50.csv,5148.3718,01,107,2,105,1012.271,9.460476635514018,10.0487,11.6683,13.5175,19.661963807664396,105,338.48539999999997,3.2236704761904758,6.5882,0.0812,1012.1898,19.661963807664396,completed
40,dcta_parity_v1,custom,5789862b56c579a63f65129a7c7ce0c99a25e7c55fba998a5a9699fc4a7df60b,03f32103aba060045f2661de3c031f6fbcbc73f46000a9666f166ad349c5805d,ACBBA,gilbert_elliot,pGG_0.95_pBB_0.85,clue_search,19,361,4,0.25,90,90,comm_g19_r4_ge_drop025_acbba_topk025,C:\Users\lottj\Desktop\research\decentralized benchmark\topk_filter_study\results\sensitivity_suite\scenarios\clue_g19_n50.csv,5148.3718,02,83,2,81,795.415,9.583313253012047,9.9117,11.9456,12.9917,15.449836004462615,81,301.7422,3.7252123456790125,6.8989,0.11349999999999999,795.3015,15.449836004462615,completed
40,dcta_parity_v1,custom,5789862b56c579a63f65129a7c7ce0c99a25e7c55fba998a5a9699fc4a7df60b,03f32103aba060045f2661de3c031f6fbcbc73f46000a9666f166ad349c5805d,ACBBA,gilbert_elliot,pGG_0.95_pBB_0.85,clue_search,19,361,4,0.25,90,90,comm_g19_r4_ge_drop025_acbba_topk025,C:\Users\lottj\Desktop\research\decentralized benchmark\topk_filter_study\results\sensitivity_suite\scenarios\clue_g19_n50.csv,5148.3718,03,90,1,89,864.523,9.60581111111111,10.0124,11.933,12.4574,16.79216330102655,89,297.5903,3.3437112359550563,7.0855,0.0558,864.4672,16.79216330102655,completed
41,dcta_parity_v1,custom,5789862b56c579a63f65129a7c7ce0c99a25e7c55fba998a5a9699fc4a7df60b,03f32103aba060045f2661de3c031f6fbcbc73f46000a9666f166ad349c5805d,ACBBA,gilbert_elliot,pGG_0.95_pBB_0.85,clue_search,19,361,4,0.25,90,90,comm_g19_r4_ge_drop025_acbba_topk025,C:\Users\lottj\Desktop\research\decentralized benchmark\topk_filter_study\results\sensitivity_suite\scenarios\clue_g19_n50.csv,3246.478,00,87,7,80,634.6955,7.295350574712644,7.7271,9.6906,10.364,19.550278794435076,80,206.8557,2.5856962500000003,4.0865,0.2022,634.4933,19.550278794435076,completed
41,dcta_parity_v1,custom,5789862b56c579a63f65129a7c7ce0c99a25e7c55fba998a5a9699fc4a7df60b,03f32103aba060045f2661de3c031f6fbcbc73f46000a9666f166ad349c5805d,ACBBA,gilbert_elliot,pGG_0.95_pBB_0.85,clue_search,19,361,4,0.25,90,90,comm_g19_r4_ge_drop025_acbba_topk025,C:\Users\lottj\Desktop\research\decentralized benchmark\topk_filter_study\results\sensitivity_suite\scenarios\clue_g19_n50.csv,3246.478,01,85,7,78,629.534,7.406282352941177,7.8147,9.9839,10.5482,19.39129111609566,78,206.1578,2.643048717948718,4.6245,0.2527,629.2813,19.39129111609566,completed
41,dcta_parity_v1,custom,5789862b56c579a63f65129a7c7ce0c99a25e7c55fba998a5a9699fc4a7df60b,03f32103aba060045f2661de3c031f6fbcbc73f46000a9666f166ad349c5805d,ACBBA,gilbert_elliot,pGG_0.95_pBB_0.85,clue_search,19,361,4,0.25,90,90,comm_g19_r4_ge_drop025_acbba_topk025,C:\Users\lottj\Desktop\research\decentralized benchmark\topk_filter_study\results\sensitivity_suite\scenarios\clue_g19_n50.csv,3246.478,02,74,7,67,537.8582,7.268354054054054,7.63325,9.6613,9.8593,16.56743708104598,67,170.8734,2.5503492537313432,4.5867,0.2409,537.6173,16.56743708104598,completed
41,dcta_parity_v1,custom,5789862b56c579a63f65129a7c7ce0c99a25e7c55fba998a5a9699fc4a7df60b,03f32103aba060045f2661de3c031f6fbcbc73f46000a9666f166ad349c5805d,ACBBA,gilbert_elliot,pGG_0.95_pBB_0.85,clue_search,19,361,4,0.25,90,90,comm_g19_r4_ge_drop025_acbba_topk025,C:\Users\lottj\Desktop\research\decentralized benchmark\topk_filter_study\results\sensitivity_suite\scenarios\clue_g19_n50.csv,3246.478,03,68,4,64,520.8881,7.660119117647059,7.8594,10.1774,10.6877,16.044713686647498,64,157.102,2.45471875,4.6975,0.1332,520.7549,16.044713686647498,completed
42,dcta_parity_v1,custom,5789862b56c579a63f65129a7c7ce0c99a25e7c55fba998a5a9699fc4a7df60b,03f32103aba060045f2661de3c031f6fbcbc73f46000a9666f166ad349c5805d,ACBBA,gilbert_elliot,pGG_0.95_pBB_0.85,clue_search,19,361,4,0.25,90,90,comm_g19_r4_ge_drop025_acbba_topk025,C:\Users\lottj\Desktop\research\decentralized benchmark\topk_filter_study\results\sensitivity_suite\scenarios\clue_g19_n50.csv,2892.4972,00,80,9,71,512.7573,6.4094662499999995,7.11135,7.8845,8.337,17.727149398796307,71,124.7286,1.7567408450704225,2.2201,0.2326,512.5247,17.727149398796307,completed
42,dcta_parity_v1,custom,5789862b56c579a63f65129a7c7ce0c99a25e7c55fba998a5a9699fc4a7df60b,03f32103aba060045f2661de3c031f6fbcbc73f46000a9666f166ad349c5805d,ACBBA,gilbert_elliot,pGG_0.95_pBB_0.85,clue_search,19,361,4,0.25,90,90,comm_g19_r4_ge_drop025_acbba_topk025,C:\Users\lottj\Desktop\research\decentralized benchmark\topk_filter_study\results\sensitivity_suite\scenarios\clue_g19_n50.csv,2892.4972,01,73,8,65,455.7817,6.24358493150685,7.0964,7.9259,7.9985,15.757377396942683,65,111.9808,1.7227815384615386,2.2608,0.2208,455.5609,15.757377396942683,completed
42,dcta_parity_v1,custom,5789862b56c579a63f65129a7c7ce0c99a25e7c55fba998a5a9699fc4a7df60b,03f32103aba060045f2661de3c031f6fbcbc73f46000a9666f166ad349c5805d,ACBBA,gilbert_elliot,pGG_0.95_pBB_0.85,clue_search,19,361,4,0.25,90,90,comm_g19_r4_ge_drop025_acbba_topk025,C:\Users\lottj\Desktop\research\decentralized benchmark\topk_filter_study\results\sensitivity_suite\scenarios\clue_g19_n50.csv,2892.4972,02,86,9,77,547.9274,6.371248837209302,7.10975,8.1464,8.556,18.943057230962925,77,132.9989,1.7272584415584415,2.321,0.2972,547.6302,18.943057230962925,completed
42,dcta_parity_v1,custom,5789862b56c579a63f65129a7c7ce0c99a25e7c55fba998a5a9699fc4a7df60b,03f32103aba060045f2661de3c031f6fbcbc73f46000a9666f166ad349c5805d,ACBBA,gilbert_elliot,pGG_0.95_pBB_0.85,clue_search,19,361,4,0.25,90,90,comm_g19_r4_ge_drop025_acbba_topk025,C:\Users\lottj\Desktop\research\decentralized benchmark\topk_filter_study\results\sensitivity_suite\scenarios\clue_g19_n50.csv,2892.4972,03,68,6,62,447.5223,6.581210294117646,7.18035,8.0451,8.6657,15.471831744556226,62,107.6428,1.736174193548387,2.3773,0.2232,447.2991,15.471831744556226,completed
43,dcta_parity_v1,custom,5789862b56c579a63f65129a7c7ce0c99a25e7c55fba998a5a9699fc4a7df60b,03f32103aba060045f2661de3c031f6fbcbc73f46000a9666f166ad349c5805d,ACBBA,gilbert_elliot,pGG_0.95_pBB_0.85,clue_search,19,361,4,0.25,90,90,comm_g19_r4_ge_drop025_acbba_topk025,C:\Users\lottj\Desktop\research\decentralized benchmark\topk_filter_study\results\sensitivity_suite\scenarios\clue_g19_n50.csv,212.8869,00,16,7,9,60.3866,3.7741625,4.8362,7.8235,7.8235,28.36557815440969,9,25.466,2.829555555555556,3.4173,0.2028,60.1838,28.36557815440969,completed
43,dcta_parity_v1,custom,5789862b56c579a63f65129a7c7ce0c99a25e7c55fba998a5a9699fc4a7df60b,03f32103aba060045f2661de3c031f6fbcbc73f46000a9666f166ad349c5805d,ACBBA,gilbert_elliot,pGG_0.95_pBB_0.85,clue_search,19,361,4,0.25,90,90,comm_g19_r4_ge_drop025_acbba_topk025,C:\Users\lottj\Desktop\research\decentralized benchmark\topk_filter_study\results\sensitivity_suite\scenarios\clue_g19_n50.csv,212.8869,01,13,7,6,44.1049,3.3926846153846153,0.0499,7.8016,7.8016,20.717526536390917,6,18.0446,3.007433333333333,3.5386,0.1921,43.9128,20.717526536390917,completed
43,dcta_parity_v1,custom,5789862b56c579a63f65129a7c7ce0c99a25e7c55fba998a5a9699fc4a7df60b,03f32103aba060045f2661de3c031f6fbcbc73f46000a9666f166ad349c5805d,ACBBA,gilbert_elliot,pGG_0.95_pBB_0.85,clue_search,19,361,4,0.25,90,90,comm_g19_r4_ge_drop025_acbba_topk025,C:\Users\lottj\Desktop\research\decentralized benchmark\topk_filter_study\results\sensitivity_suite\scenarios\clue_g19_n50.csv,212.8869,02,11,7,4,5.892099999999999,0.5356454545454544,0.0301,5.5482,5.5482,2.7677137484739545,1,2.3095,2.3095,2.3095,0.2005,5.691599999999999,2.7677137484739545,completed
43,dcta_parity_v1,custom,5789862b56c579a63f65129a7c7ce0c99a25e7c55fba998a5a9699fc4a7df60b,03f32103aba060045f2661de3c031f6fbcbc73f46000a9666f166ad349c5805d,ACBBA,gilbert_elliot,pGG_0.95_pBB_0.85,clue_search,19,361,4,0.25,90,90,comm_g19_r4_ge_drop025_acbba_topk025,C:\Users\lottj\Desktop\research\decentralized benchmark\topk_filter_study\results\sensitivity_suite\scenarios\clue_g19_n50.csv,212.8869,03,7,4,3,21.834400000000002,3.1192,0.0988,7.8997,7.8997,10.25633798979646,3,8.953199999999999,2.9843999999999995,3.5989,0.1655,21.6689,10.25633798979646,completed
44,dcta_parity_v1,custom,5789862b56c579a63f65129a7c7ce0c99a25e7c55fba998a5a9699fc4a7df60b,03f32103aba060045f2661de3c031f6fbcbc73f46000a9666f166ad349c5805d,ACBBA,gilbert_elliot,pGG_0.95_pBB_0.85,clue_search,19,361,4,0.25,90,90,comm_g19_r4_ge_drop025_acbba_topk025,C:\Users\lottj\Desktop\research\decentralized benchmark\topk_filter_study\results\sensitivity_suite\scenarios\clue_g19_n50.csv,4201.3676,00,115,2,113,847.7342,7.371601739130434,8.5392,10.0855,11.2193,20.177577415506324,112,448.1765,4.001575892857143,5.2373,0.09169999999999999,847.6425,20.177577415506324,completed
44,dcta_parity_v1,custom,5789862b56c579a63f65129a7c7ce0c99a25e7c55fba998a5a9699fc4a7df60b,03f32103aba060045f2661de3c031f6fbcbc73f46000a9666f166ad349c5805d,ACBBA,gilbert_elliot,pGG_0.95_pBB_0.85,clue_search,19,361,4,0.25,90,90,comm_g19_r4_ge_drop025_acbba_topk025,C:\Users\lottj\Desktop\research\decentralized benchmark\topk_filter_study\results\sensitivity_suite\scenarios\clue_g19_n50.csv,4201.3676,01,121,2,119,896.6955,7.410706611570248,8.4574,9.8771,11.5755,21.342943188308496,119,468.293,3.935235294117647,4.9878,0.0759,896.6196,21.342943188308496,completed
44,dcta_parity_v1,custom,5789862b56c579a63f65129a7c7ce0c99a25e7c55fba998a5a9699fc4a7df60b,03f32103aba060045f2661de3c031f6fbcbc73f46000a9666f166ad349c5805d,ACBBA,gilbert_elliot,pGG_0.95_pBB_0.85,clue_search,19,361,4,0.25,90,90,comm_g19_r4_ge_drop025_acbba_topk025,C:\Users\lottj\Desktop\research\decentralized benchmark\topk_filter_study\results\sensitivity_suite\scenarios\clue_g19_n50.csv,4201.3676,02,86,3,83,773.6033,8.995387209302326,9.121400000000001,10.3224,11.2088,18.413130524451137,83,341.8726,4.118946987951807,5.3531,0.10969999999999999,773.4936,18.413130524451137,completed
44,dcta_parity_v1,custom,5789862b56c579a63f65129a7c7ce0c99a25e7c55fba998a5a9699fc4a7df60b,03f32103aba060045f2661de3c031f6fbcbc73f46000a9666f166ad349c5805d,ACBBA,gilbert_elliot,pGG_0.95_pBB_0.85,clue_search,19,361,4,0.25,90,90,comm_g19_r4_ge_drop025_acbba_topk025,C:\Users\lottj\Desktop\research\decentralized benchmark\topk_filter_study\results\sensitivity_suite\scenarios\clue_g19_n50.csv,4201.3676,03,94,1,93,841.0663000000001,8.947513829787235,9.0077,10.3031,11.458,20.018869569994308,93,350.0257,3.763717204301075,5.3196,0.0469,841.0194,20.018869569994308,completed
45,dcta_parity_v1,custom,5789862b56c579a63f65129a7c7ce0c99a25e7c55fba998a5a9699fc4a7df60b,03f32103aba060045f2661de3c031f6fbcbc73f46000a9666f166ad349c5805d,ACBBA,gilbert_elliot,pGG_0.95_pBB_0.85,clue_search,19,361,4,0.25,90,90,comm_g19_r4_ge_drop025_acbba_topk025,C:\Users\lottj\Desktop\research\decentralized benchmark\topk_filter_study\results\sensitivity_suite\scenarios\clue_g19_n50.csv,163.1279,00,41,39,2,14.8738,0.3627756097560975,0.0212,0.0509,8.1566,9.117876218599024,2,6.0661000000000005,3.0330500000000002,3.6499,0.8959,13.977899999999998,9.117876218599024,completed
45,dcta_parity_v1,custom,5789862b56c579a63f65129a7c7ce0c99a25e7c55fba998a5a9699fc4a7df60b,03f32103aba060045f2661de3c031f6fbcbc73f46000a9666f166ad349c5805d,ACBBA,gilbert_elliot,pGG_0.95_pBB_0.85,clue_search,19,361,4,0.25,90,90,comm_g19_r4_ge_drop025_acbba_topk025,C:\Users\lottj\Desktop\research\decentralized benchmark\topk_filter_study\results\sensitivity_suite\scenarios\clue_g19_n50.csv,163.1279,01,41,39,2,17.9586,0.43801463414634145,0.0235,0.1134,8.6686,11.008907734360585,2,7.733499999999999,3.8667499999999997,3.9549,1.0459,16.9127,11.008907734360585,completed
45,dcta_parity_v1,custom,5789862b56c579a63f65129a7c7ce0c99a25e7c55fba998a5a9699fc4a7df60b,03f32103aba060045f2661de3c031f6fbcbc73f46000a9666f166ad349c5805d,ACBBA,gilbert_elliot,pGG_0.95_pBB_0.85,clue_search,19,361,4,0.25,90,90,comm_g19_r4_ge_drop025_acbba_topk025,C:\Users\lottj\Desktop\research\decentralized benchmark\topk_filter_study\results\sensitivity_suite\scenarios\clue_g19_n50.csv,163.1279,02,42,40,2,17.3218,0.4124238095238095,0.0236,0.0516,8.4804,10.618539195318519,2,7.0969999999999995,3.5484999999999998,3.6871,0.9964,16.3254,10.618539195318519,completed
45,dcta_parity_v1,custom,5789862b56c579a63f65129a7c7ce0c99a25e7c55fba998a5a9699fc4a7df60b,03f32103aba060045f2661de3c031f6fbcbc73f46000a9666f166ad349c5805d,ACBBA,gilbert_elliot,pGG_0.95_pBB_0.85,clue_search,19,361,4,0.25,90,90,comm_g19_r4_ge_drop025_acbba_topk025,C:\Users\lottj\Desktop\research\decentralized benchmark\topk_filter_study\results\sensitivity_suite\scenarios\clue_g19_n50.csv,163.1279,03,38,37,1,7.944999999999999,0.20907894736842103,0.021449999999999997,0.0525,7.1099,4.870411499197868,1,3.9265,3.9265,3.9265,0.8351,7.1099,4.870411499197868,completed
46,dcta_parity_v1,custom,5789862b56c579a63f65129a7c7ce0c99a25e7c55fba998a5a9699fc4a7df60b,03f32103aba060045f2661de3c031f6fbcbc73f46000a9666f166ad349c5805d,ACBBA,gilbert_elliot,pGG_0.95_pBB_0.85,clue_search,19,361,4,0.25,90,90,comm_g19_r4_ge_drop025_acbba_topk025,C:\Users\lottj\Desktop\research\decentralized benchmark\topk_filter_study\results\sensitivity_suite\scenarios\clue_g19_n50.csv,2854.0019,00,48,9,39,383.73629999999997,7.99450625,9.74235,11.019,12.151,13.445551665540235,39,170.4212,4.369774358974359,6.4415,0.2004,383.5359,13.445551665540235,completed
46,dcta_parity_v1,custom,5789862b56c579a63f65129a7c7ce0c99a25e7c55fba998a5a9699fc4a7df60b,03f32103aba060045f2661de3c031f6fbcbc73f46000a9666f166ad349c5805d,ACBBA,gilbert_elliot,pGG_0.95_pBB_0.85,clue_search,19,361,4,0.25,90,90,comm_g19_r4_ge_drop025_acbba_topk025,C:\Users\lottj\Desktop\research\decentralized benchmark\topk_filter_study\results\sensitivity_suite\scenarios\clue_g19_n50.csv,2854.0019,01,75,9,66,657.414,8.76552,10.0246,11.3608,11.5068,23.034812976123103,66,291.3051,4.413713636363636,6.1236,0.2784,657.1356,23.034812976123103,completed
46,dcta_parity_v1,custom,5789862b56c579a63f65129a7c7ce0c99a25e7c55fba998a5a9699fc4a7df60b,03f32103aba060045f2661de3c031f6fbcbc73f46000a9666f166ad349c5805d,ACBBA,gilbert_elliot,pGG_0.95_pBB_0.85,clue_search,19,361,4,0.25,90,90,comm_g19_r4_ge_drop025_acbba_topk025,C:\Users\lottj\Desktop\research\decentralized benchmark\topk_filter_study\results\sensitivity_suite\scenarios\clue_g19_n50.csv,2854.0019,02,65,9,56,554.8194,8.535683076923076,9.964,11.2346,11.7688,19.440050127506918,56,253.2392,4.5221285714285715,6.1341,0.2604,554.559,19.440050127506918,completed
46,dcta_parity_v1,custom,5789862b56c579a63f65129a7c7ce0c99a25e7c55fba998a5a9699fc4a7df60b,03f32103aba060045f2661de3c031f6fbcbc73f46000a9666f166ad349c5805d,ACBBA,gilbert_elliot,pGG_0.95_pBB_0.85,clue_search,19,361,4,0.25,90,90,comm_g19_r4_ge_drop025_acbba_topk025,C:\Users\lottj\Desktop\research\decentralized benchmark\topk_filter_study\results\sensitivity_suite\scenarios\clue_g19_n50.csv,2854.0019,03,60,7,53,519.8661,8.664435,9.7807,11.5426,11.6518,18.215338258884827,53,237.4128,4.47948679245283,6.4596,0.1762,519.6899,18.215338258884827,completed
47,dcta_parity_v1,custom,5789862b56c579a63f65129a7c7ce0c99a25e7c55fba998a5a9699fc4a7df60b,03f32103aba060045f2661de3c031f6fbcbc73f46000a9666f166ad349c5805d,ACBBA,gilbert_elliot,pGG_0.95_pBB_0.85,clue_search,19,361,4,0.25,90,90,comm_g19_r4_ge_drop025_acbba_topk025,C:\Users\lottj\Desktop\research\decentralized benchmark\topk_filter_study\results\sensitivity_suite\scenarios\clue_g19_n50.csv,1179.6854,00,33,5,28,199.5645,6.047409090909091,7.2452,8.6696,8.8154,16.916755941880776,28,62.0485,2.216017857142857,2.6506,0.1424,199.4221,16.916755941880776,completed
47,dcta_parity_v1,custom,5789862b56c579a63f65129a7c7ce0c99a25e7c55fba998a5a9699fc4a7df60b,03f32103aba060045f2661de3c031f6fbcbc73f46000a9666f166ad349c5805d,ACBBA,gilbert_elliot,pGG_0.95_pBB_0.85,clue_search,19,361,4,0.25,90,90,comm_g19_r4_ge_drop025_acbba_topk025,C:\Users\lottj\Desktop\research\decentralized benchmark\topk_filter_study\results\sensitivity_suite\scenarios\clue_g19_n50.csv,1179.6854,01,38,4,34,235.4105,6.195013157894738,7.20195,8.0126,8.1214,19.95536267550654,34,70.061,2.0606176470588236,2.6432,0.1387,235.2718,19.95536267550654,completed
47,dcta_parity_v1,custom,5789862b56c579a63f65129a7c7ce0c99a25e7c55fba998a5a9699fc4a7df60b,03f32103aba060045f2661de3c031f6fbcbc73f46000a9666f166ad349c5805d,ACBBA,gilbert_elliot,pGG_0.95_pBB_0.85,clue_search,19,361,4,0.25,90,90,comm_g19_r4_ge_drop025_acbba_topk025,C:\Users\lottj\Desktop\research\decentralized benchmark\topk_filter_study\results\sensitivity_suite\scenarios\clue_g19_n50.csv,1179.6854,02,32,5,27,193.50730000000001,6.0471031250000005,7.1541,8.5198,9.2306,16.403297014610846,27,59.9966,2.2220962962962965,2.6951,0.2111,193.2962,16.403297014610846,completed
47,dcta_parity_v1,custom,5789862b56c579a63f65129a7c7ce0c99a25e7c55fba998a5a9699fc4a7df60b,03f32103aba060045f2661de3c031f6fbcbc73f46000a9666f166ad349c5805d,ACBBA,gilbert_elliot,pGG_0.95_pBB_0.85,clue_search,19,361,4,0.25,90,90,comm_g19_r4_ge_drop025_acbba_topk025,C:\Users\lottj\Desktop\research\decentralized benchmark\topk_filter_study\results\sensitivity_suite\scenarios\clue_g19_n50.csv,1179.6854,03,25,2,23,161.7614,6.470456,7.1813,8.6778,8.7566,13.712249045381082,23,48.2726,2.0988086956521737,2.6746,0.0857,161.6757,13.712249045381082,completed
48,dcta_parity_v1,custom,5789862b56c579a63f65129a7c7ce0c99a25e7c55fba998a5a9699fc4a7df60b,03f32103aba060045f2661de3c031f6fbcbc73f46000a9666f166ad349c5805d,ACBBA,gilbert_elliot,pGG_0.95_pBB_0.85,clue_search,19,361,4,0.25,90,90,comm_g19_r4_ge_drop025_acbba_topk025,C:\Users\lottj\Desktop\research\decentralized benchmark\topk_filter_study\results\sensitivity_suite\scenarios\clue_g19_n50.csv,3654.3787,00,85,3,82,633.4952,7.452884705882353,7.8526,9.4363,9.8856,17.3352367667861,82,185.552,2.2628292682926827,3.4995,0.1084,633.3868,17.3352367667861,completed
48,dcta_parity_v1,custom,5789862b56c579a63f65129a7c7ce0c99a25e7c55fba998a5a9699fc4a7df60b,03f32103aba060045f2661de3c031f6fbcbc73f46000a9666f166ad349c5805d,ACBBA,gilbert_elliot,pGG_0.95_pBB_0.85,clue_search,19,361,4,0.25,90,90,comm_g19_r4_ge_drop025_acbba_topk025,C:\Users\lottj\Desktop\research\decentralized benchmark\topk_filter_study\results\sensitivity_suite\scenarios\clue_g19_n50.csv,3654.3787,01,73,2,71,571.7736,7.832515068493151,8.1897,9.6509,10.6896,15.64626019739005,71,162.0752,2.282749295774648,3.4095,0.0802,571.6934,15.64626019739005,completed
48,dcta_parity_v1,custom,5789862b56c579a63f65129a7c7ce0c99a25e7c55fba998a5a9699fc4a7df60b,03f32103aba060045f2661de3c031f6fbcbc73f46000a9666f166ad349c5805d,ACBBA,gilbert_elliot,pGG_0.95_pBB_0.85,clue_search,19,361,4,0.25,90,90,comm_g19_r4_ge_drop025_acbba_topk025,C:\Users\lottj\Desktop\research\decentralized benchmark\topk_filter_study\results\sensitivity_suite\scenarios\clue_g19_n50.csv,3654.3787,02,99,3,96,726.6377,7.339774747474747,7.5744,9.5134,10.2551,19.88402843963599,96,223.561,2.328760416666667,4.0327,0.2304,726.4073,19.88402843963599,completed
48,dcta_parity_v1,custom,5789862b56c579a63f65129a7c7ce0c99a25e7c55fba998a5a9699fc4a7df60b,03f32103aba060045f2661de3c031f6fbcbc73f46000a9666f166ad349c5805d,ACBBA,gilbert_elliot,pGG_0.95_pBB_0.85,clue_search,19,361,4,0.25,90,90,comm_g19_r4_ge_drop025_acbba_topk025,C:\Users\lottj\Desktop\research\decentralized benchmark\topk_filter_study\results\sensitivity_suite\scenarios\clue_g19_n50.csv,3654.3787,03,91,1,90,670.3208,7.3661626373626365,7.5065,9.6164,10.8568,18.34294841965886,90,211.4434,2.349371111111111,4.1321,0.0934,670.2274,18.34294841965886,completed
49,dcta_parity_v1,custom,5789862b56c579a63f65129a7c7ce0c99a25e7c55fba998a5a9699fc4a7df60b,03f32103aba060045f2661de3c031f6fbcbc73f46000a9666f166ad349c5805d,ACBBA,gilbert_elliot,pGG_0.95_pBB_0.85,clue_search,19,361,4,0.25,90,90,comm_g19_r4_ge_drop025_acbba_topk025,C:\Users\lottj\Desktop\research\decentralized benchmark\topk_filter_study\results\sensitivity_suite\scenarios\clue_g19_n50.csv,414.0418,00,33,25,8,76.9512,2.3318545454545454,0.0236,10.3607,10.8272,18.585369882944185,8,40.1791,5.0223875,5.7598,0.6077,76.3435,18.585369882944185,completed
49,dcta_parity_v1,custom,5789862b56c579a63f65129a7c7ce0c99a25e7c55fba998a5a9699fc4a7df60b,03f32103aba060045f2661de3c031f6fbcbc73f46000a9666f166ad349c5805d,ACBBA,gilbert_elliot,pGG_0.95_pBB_0.85,clue_search,19,361,4,0.25,90,90,comm_g19_r4_ge_drop025_acbba_topk025,C:\Users\lottj\Desktop\research\decentralized benchmark\topk_filter_study\results\sensitivity_suite\scenarios\clue_g19_n50.csv,414.0418,01,31,25,6,62.1378,2.0044451612903225,0.0264,10.8116,11.121,15.007615173154013,6,33.233,5.538833333333333,6.118,0.7452,61.3926,15.007615173154013,completed
49,dcta_parity_v1,custom,5789862b56c579a63f65129a7c7ce0c99a25e7c55fba998a5a9699fc4a7df60b,03f32103aba060045f2661de3c031f6fbcbc73f46000a9666f166ad349c5805d,ACBBA,gilbert_elliot,pGG_0.95_pBB_0.85,clue_search,19,361,4,0.25,90,90,comm_g19_r4_ge_drop025_acbba_topk025,C:\Users\lottj\Desktop\research\decentralized benchmark\topk_filter_study\results\sensitivity_suite\scenarios\clue_g19_n50.csv,414.0418,02,34,26,8,82.4231,2.424208823529412,0.0269,10.43,11.4386,19.90695142374514,8,43.1911,5.3988875,5.9704,0.7096,81.7135,19.90695142374514,completed
49,dcta_parity_v1,custom,5789862b56c579a63f65129a7c7ce0c99a25e7c55fba998a5a9699fc4a7df60b,03f32103aba060045f2661de3c031f6fbcbc73f46000a9666f166ad349c5805d,ACBBA,gilbert_elliot,pGG_0.95_pBB_0.85,clue_search,19,361,4,0.25,90,90,comm_g19_r4_ge_drop025_acbba_topk025,C:\Users\lottj\Desktop\research\decentralized benchmark\topk_filter_study\results\sensitivity_suite\scenarios\clue_g19_n50.csv,414.0418,03,28,23,5,51.9701,1.8560750000000001,0.02355,10.6607,11.6856,12.55189693407767,5,26.901600000000002,5.38032,6.1505,0.5749,51.3952,12.55189693407767,completed
