trial_id,logic_revision,study_profile,scenario_file_sha256,scenario_selection_sha256,algorithm,comm_model,comm_level,grid_size,grid_cells,robot_count,top_k_rate,top_k_max_cells,target_cells_per_robot,actual_cells_per_robot,condition_id,scenario_file,trial_mode,robot_id,steps_total,steps_after_first_clue,unique_cells_contributed,system_revisits_by_robot,task_cell_replans,path_replans,collision_prevention_events,messages_sent,protected_messages_sent,unprotected_messages_sent,core_messages_sent,allocation_messages_sent,post_clue_messages_sent,messages_sent_by_topic,messages_delivered_to_robot,messages_dropped_to_robot,trial_status
0,dcta_parity_v1,custom,5789862b56c579a63f65129a7c7ce0c99a25e7c55fba998a5a9699fc4a7df60b,03f32103aba060045f2661de3c031f6fbcbc73f46000a9666f166ad349c5805d,DGA,rayleigh_style,sens_-50.63,19,361,4,0.75,271,90.25,90.25,comm_g19_r4_rayleigh_drop025_dga_topk075,C:\Users\lottj\Desktop\research\decentralized benchmark\topk_filter_study\results\sensitivity_suite\scenarios\clue_g19_n50.csv,clue_search,00,26,16,27,0,0,0,0,105,26,79,56,49,85,clue:4;collision_intent:26;dga_entry:49;state:26,263,14,completed
0,dcta_parity_v1,custom,5789862b56c579a63f65129a7c7ce0c99a25e7c55fba998a5a9699fc4a7df60b,03f32103aba060045f2661de3c031f6fbcbc73f46000a9666f166ad349c5805d,DGA,rayleigh_style,sens_-50.63,19,361,4,0.75,271,90.25,90.25,comm_g19_r4_rayleigh_drop025_dga_topk075,C:\Users\lottj\Desktop\research\decentralized benchmark\topk_filter_study\results\sensitivity_suite\scenarios\clue_g19_n50.csv,clue_search,01,26,17,25,2,1,0,0,89,27,62,57,32,71,clue:4;collision_intent:26;dga_entry:32;state:26;target:1,293,2,completed
0,dcta_parity_v1,custom,5789862b56c579a63f65129a7c7ce0c99a25e7c55fba998a5a9699fc4a7df60b,03f32103aba060045f2661de3c031f6fbcbc73f46000a9666f166ad349c5805d,DGA,rayleigh_style,sens_-50.63,19,361,4,0.75,271,90.25,90.25,comm_g19_r4_rayleigh_drop025_dga_topk075,C:\Users\lottj\Desktop\research\decentralized benchmark\topk_filter_study\results\sensitivity_suite\scenarios\clue_g19_n50.csv,clue_search,02,25,15,22,4,0,2,2,105,27,78,56,49,85,clue:4;collision_intent:27;dga_entry:49;state:25,273,4,completed
0,dcta_parity_v1,custom,5789862b56c579a63f65129a7c7ce0c99a25e7c55fba998a5a9699fc4a7df60b,03f32103aba060045f2661de3c031f6fbcbc73f46000a9666f166ad349c5805d,DGA,rayleigh_style,sens_-50.63,19,361,4,0.75,271,90.25,90.25,comm_g19_r4_rayleigh_drop025_dga_topk075,C:\Users\lottj\Desktop\research\decentralized benchmark\topk_filter_study\results\sensitivity_suite\scenarios\clue_g19_n50.csv,clue_search,03,25,16,23,3,0,1,1,85,27,58,56,29,67,clue:4;collision_intent:27;dga_entry:29;state:25,282,16,completed
1,dcta_parity_v1,custom,5789862b56c579a63f65129a7c7ce0c99a25e7c55fba998a5a9699fc4a7df60b,03f32103aba060045f2661de3c031f6fbcbc73f46000a9666f166ad349c5805d,DGA,rayleigh_style,sens_-50.63,19,361,4,0.75,271,90.25,90.25,comm_g19_r4_rayleigh_drop025_dga_topk075,C:\Users\lottj\Desktop\research\decentralized benchmark\topk_filter_study\results\sensitivity_suite\scenarios\clue_g19_n50.csv,clue_search,00,45,20,45,1,1,0,0,122,45,77,93,29,72,clue:3;collision_intent:45;dga_entry:29;state:45,366,26,completed
1,dcta_parity_v1,custom,5789862b56c579a63f65129a7c7ce0c99a25e7c55fba998a5a9699fc4a7df60b,03f32103aba060045f2661de3c031f6fbcbc73f46000a9666f166ad349c5805d,DGA,rayleigh_style,sens_-50.63,19,361,4,0.75,271,90.25,90.25,comm_g19_r4_rayleigh_drop025_dga_topk075,C:\Users\lottj\Desktop\research\decentralized benchmark\topk_filter_study\results\sensitivity_suite\scenarios\clue_g19_n50.csv,clue_search,01,44,19,40,5,1,1,1,129,46,83,93,36,79,clue:3;collision_intent:45;dga_entry:36;state:44;target:1,384,2,completed
1,dcta_parity_v1,custom,5789862b56c579a63f65129a7c7ce0c99a25e7c55fba998a5a9699fc4a7df60b,03f32103aba060045f2661de3c031f6fbcbc73f46000a9666f166ad349c5805d,DGA,rayleigh_style,sens_-50.63,19,361,4,0.75,271,90.25,90.25,comm_g19_r4_rayleigh_drop025_dga_topk075,C:\Users\lottj\Desktop\research\decentralized benchmark\topk_filter_study\results\sensitivity_suite\scenarios\clue_g19_n50.csv,clue_search,02,45,20,40,6,1,0,0,136,46,90,94,42,86,clue:3;collision_intent:46;dga_entry:42;state:45,366,12,completed
1,dcta_parity_v1,custom,5789862b56c579a63f65129a7c7ce0c99a25e7c55fba998a5a9699fc4a7df60b,03f32103aba060045f2661de3c031f6fbcbc73f46000a9666f166ad349c5805d,DGA,rayleigh_style,sens_-50.63,19,361,4,0.75,271,90.25,90.25,comm_g19_r4_rayleigh_drop025_dga_topk075,C:\Users\lottj\Desktop\research\decentralized benchmark\topk_filter_study\results\sensitivity_suite\scenarios\clue_g19_n50.csv,clue_search,03,46,21,42,5,0,0,0,128,46,82,95,33,78,clue:3;collision_intent:46;dga_entry:33;state:46,368,18,completed
2,dcta_parity_v1,custom,5789862b56c579a63f65129a7c7ce0c99a25e7c55fba998a5a9699fc4a7df60b,03f32103aba060045f2661de3c031f6fbcbc73f46000a9666f166ad349c5805d,DGA,rayleigh_style,sens_-50.63,19,361,4,0.75,271,90.25,90.25,comm_g19_r4_rayleigh_drop025_dga_topk075,C:\Users\lottj\Desktop\research\decentralized benchmark\topk_filter_study\results\sensitivity_suite\scenarios\clue_g19_n50.csv,clue_search,00,3,0,4,0,0,0,0,6,3,3,6,0,0,collision_intent:3;state:3,16,2,completed
2,dcta_parity_v1,custom,5789862b56c579a63f65129a7c7ce0c99a25e7c55fba998a5a9699fc4a7df60b,03f32103aba060045f2661de3c031f6fbcbc73f46000a9666f166ad349c5805d,DGA,rayleigh_style,sens_-50.63,19,361,4,0.75,271,90.25,90.25,comm_g19_r4_rayleigh_drop025_dga_topk075,C:\Users\lottj\Desktop\research\decentralized benchmark\topk_filter_study\results\sensitivity_suite\scenarios\clue_g19_n50.csv,clue_search,01,3,0,4,0,0,0,0,7,4,3,7,0,0,collision_intent:3;state:3;target:1,18,0,completed
2,dcta_parity_v1,custom,5789862b56c579a63f65129a7c7ce0c99a25e7c55fba998a5a9699fc4a7df60b,03f32103aba060045f2661de3c031f6fbcbc73f46000a9666f166ad349c5805d,DGA,rayleigh_style,sens_-50.63,19,361,4,0.75,271,90.25,90.25,comm_g19_r4_rayleigh_drop025_dga_topk075,C:\Users\lottj\Desktop\research\decentralized benchmark\topk_filter_study\results\sensitivity_suite\scenarios\clue_g19_n50.csv,clue_search,02,3,0,4,0,0,0,0,6,3,3,6,0,0,collision_intent:3;state:3,16,1,completed
2,dcta_parity_v1,custom,5789862b56c579a63f65129a7c7ce0c99a25e7c55fba998a5a9699fc4a7df60b,03f32103aba060045f2661de3c031f6fbcbc73f46000a9666f166ad349c5805d,DGA,rayleigh_style,sens_-50.63,19,361,4,0.75,271,90.25,90.25,comm_g19_r4_rayleigh_drop025_dga_topk075,C:\Users\lottj\Desktop\research\decentralized benchmark\topk_filter_study\results\sensitivity_suite\scenarios\clue_g19_n50.csv,clue_search,03,3,0,4,0,0,0,0,6,3,3,6,0,0,collision_intent:3;state:3,19,0,completed
3,dcta_parity_v1,custom,5789862b56c579a63f65129a7c7ce0c99a25e7c55fba998a5a9699fc4a7df60b,03f32103aba060045f2661de3c031f6fbcbc73f46000a9666f166ad349c5805d,DGA,rayleigh_style,sens_-50.63,19,361,4,0.75,271,90.25,90.25,comm_g19_r4_rayleigh_drop025_dga_topk075,C:\Users\lottj\Desktop\research\decentralized benchmark\topk_filter_study\results\sensitivity_suite\scenarios\clue_g19_n50.csv,clue_search,00,95,76,80,16,6,1,1,291,97,194,195,96,253,clue:3;collision_intent:97;dga_entry:96;state:95,870,44,completed
3,dcta_parity_v1,custom,5789862b56c579a63f65129a7c7ce0c99a25e7c55fba998a5a9699fc4a7df60b,03f32103aba060045f2661de3c031f6fbcbc73f46000a9666f166ad349c5805d,DGA,rayleigh_style,sens_-50.63,19,361,4,0.75,271,90.25,90.25,comm_g19_r4_rayleigh_drop025_dga_topk075,C:\Users\lottj\Desktop\research\decentralized benchmark\topk_filter_study\results\sensitivity_suite\scenarios\clue_g19_n50.csv,clue_search,01,94,75,69,26,1,12,9,277,108,169,205,72,239,clue:3;collision_intent:107;dga_entry:72;state:94;target:1,885,44,completed
3,dcta_parity_v1,custom,5789862b56c579a63f65129a7c7ce0c99a25e7c55fba998a5a9699fc4a7df60b,03f32103aba060045f2661de3c031f6fbcbc73f46000a9666f166ad349c5805d,DGA,rayleigh_style,sens_-50.63,19,361,4,0.75,271,90.25,90.25,comm_g19_r4_rayleigh_drop025_dga_topk075,C:\Users\lottj\Desktop\research\decentralized benchmark\topk_filter_study\results\sensitivity_suite\scenarios\clue_g19_n50.csv,clue_search,02,95,76,74,22,3,2,2,303,97,206,195,108,265,clue:3;collision_intent:97;dga_entry:108;state:95,851,51,completed
3,dcta_parity_v1,custom,5789862b56c579a63f65129a7c7ce0c99a25e7c55fba998a5a9699fc4a7df60b,03f32103aba060045f2661de3c031f6fbcbc73f46000a9666f166ad349c5805d,DGA,rayleigh_style,sens_-50.63,19,361,4,0.75,271,90.25,90.25,comm_g19_r4_rayleigh_drop025_dga_topk075,C:\Users\lottj\Desktop\research\decentralized benchmark\topk_filter_study\results\sensitivity_suite\scenarios\clue_g19_n50.csv,clue_search,03,97,79,91,7,0,0,0,335,97,238,197,138,298,clue:3;collision_intent:97;dga_entry:138;state:97,785,85,completed
4,dcta_parity_v1,custom,5789862b56c579a63f65129a7c7ce0c99a25e7c55fba998a5a9699fc4a7df60b,03f32103aba060045f2661de3c031f6fbcbc73f46000a9666f166ad349c5805d,DGA,rayleigh_style,sens_-50.63,19,361,4,0.75,271,90.25,90.25,comm_g19_r4_rayleigh_drop025_dga_topk075,C:\Users\lottj\Desktop\research\decentralized benchmark\topk_filter_study\results\sensitivity_suite\scenarios\clue_g19_n50.csv,clue_search,00,36,26,35,2,0,1,1,108,37,71,75,33,88,clue:2;collision_intent:37;dga_entry:33;state:36,360,20,completed
4,dcta_parity_v1,custom,5789862b56c579a63f65129a7c7ce0c99a25e7c55fba998a5a9699fc4a7df60b,03f32103aba060045f2661de3c031f6fbcbc73f46000a9666f166ad349c5805d,DGA,rayleigh_style,sens_-50.63,19,361,4,0.75,271,90.25,90.25,comm_g19_r4_rayleigh_drop025_dga_topk075,C:\Users\lottj\Desktop\research\decentralized benchmark\topk_filter_study\results\sensitivity_suite\scenarios\clue_g19_n50.csv,clue_search,01,36,26,35,2,1,0,0,135,36,99,74,61,115,clue:2;collision_intent:36;dga_entry:61;state:36,338,14,completed
4,dcta_parity_v1,custom,5789862b56c579a63f65129a7c7ce0c99a25e7c55fba998a5a9699fc4a7df60b,03f32103aba060045f2661de3c031f6fbcbc73f46000a9666f166ad349c5805d,DGA,rayleigh_style,sens_-50.63,19,361,4,0.75,271,90.25,90.25,comm_g19_r4_rayleigh_drop025_dga_topk075,C:\Users\lottj\Desktop\research\decentralized benchmark\topk_filter_study\results\sensitivity_suite\scenarios\clue_g19_n50.csv,clue_search,02,37,27,34,4,1,0,0,125,38,87,77,48,105,clue:2;collision_intent:37;dga_entry:48;state:37;target:1,354,9,completed
4,dcta_parity_v1,custom,5789862b56c579a63f65129a7c7ce0c99a25e7c55fba998a5a9699fc4a7df60b,03f32103aba060045f2661de3c031f6fbcbc73f46000a9666f166ad349c5805d,DGA,rayleigh_style,sens_-50.63,19,361,4,0.75,271,90.25,90.25,comm_g19_r4_rayleigh_drop025_dga_topk075,C:\Users\lottj\Desktop\research\decentralized benchmark\topk_filter_study\results\sensitivity_suite\scenarios\clue_g19_n50.csv,clue_search,03,36,26,37,0,1,0,0,120,37,83,75,45,100,clue:2;collision_intent:37;dga_entry:45;state:36,328,39,completed
5,dcta_parity_v1,custom,5789862b56c579a63f65129a7c7ce0c99a25e7c55fba998a5a9699fc4a7df60b,03f32103aba060045f2661de3c031f6fbcbc73f46000a9666f166ad349c5805d,DGA,rayleigh_style,sens_-50.63,19,361,4,0.75,271,90.25,90.25,comm_g19_r4_rayleigh_drop025_dga_topk075,C:\Users\lottj\Desktop\research\decentralized benchmark\topk_filter_study\results\sensitivity_suite\scenarios\clue_g19_n50.csv,clue_search,00,60,49,49,12,4,0,0,229,60,169,124,105,207,clue:4;collision_intent:60;dga_entry:105;state:60,554,43,completed
5,dcta_parity_v1,custom,5789862b56c579a63f65129a7c7ce0c99a25e7c55fba998a5a9699fc4a7df60b,03f32103aba060045f2661de3c031f6fbcbc73f46000a9666f166ad349c5805d,DGA,rayleigh_style,sens_-50.63,19,361,4,0.75,271,90.25,90.25,comm_g19_r4_rayleigh_drop025_dga_topk075,C:\Users\lottj\Desktop\research\decentralized benchmark\topk_filter_study\results\sensitivity_suite\scenarios\clue_g19_n50.csv,clue_search,01,59,48,57,3,1,3,3,207,63,144,126,81,185,clue:4;collision_intent:62;dga_entry:81;state:59;target:1,599,21,completed
5,dcta_parity_v1,custom,5789862b56c579a63f65129a7c7ce0c99a25e7c55fba998a5a9699fc4a7df60b,03f32103aba060045f2661de3c031f6fbcbc73f46000a9666f166ad349c5805d,DGA,rayleigh_style,sens_-50.63,19,361,4,0.75,271,90.25,90.25,comm_g19_r4_rayleigh_drop025_dga_topk075,C:\Users\lottj\Desktop\research\decentralized benchmark\topk_filter_study\results\sensitivity_suite\scenarios\clue_g19_n50.csv,clue_search,02,58,47,51,8,2,0,0,198,58,140,120,78,176,clue:4;collision_intent:58;dga_entry:78;state:58,593,36,completed
5,dcta_parity_v1,custom,5789862b56c579a63f65129a7c7ce0c99a25e7c55fba998a5a9699fc4a7df60b,03f32103aba060045f2661de3c031f6fbcbc73f46000a9666f166ad349c5805d,DGA,rayleigh_style,sens_-50.63,19,361,4,0.75,271,90.25,90.25,comm_g19_r4_rayleigh_drop025_dga_topk075,C:\Users\lottj\Desktop\research\decentralized benchmark\topk_filter_study\results\sensitivity_suite\scenarios\clue_g19_n50.csv,clue_search,03,56,45,47,10,0,1,1,193,58,135,118,75,171,clue:4;collision_intent:58;dga_entry:75;state:56,610,22,completed
6,dcta_parity_v1,custom,5789862b56c579a63f65129a7c7ce0c99a25e7c55fba998a5a9699fc4a7df60b,03f32103aba060045f2661de3c031f6fbcbc73f46000a9666f166ad349c5805d,DGA,rayleigh_style,sens_-50.63,19,361,4,0.75,271,90.25,90.25,comm_g19_r4_rayleigh_drop025_dga_topk075,C:\Users\lottj\Desktop\research\decentralized benchmark\topk_filter_study\results\sensitivity_suite\scenarios\clue_g19_n50.csv,clue_search,00,75,73,42,34,3,0,0,257,75,182,152,105,253,clue:2;collision_intent:75;dga_entry:105;state:75,730,33,completed
6,dcta_parity_v1,custom,5789862b56c579a63f65129a7c7ce0c99a25e7c55fba998a5a9699fc4a7df60b,03f32103aba060045f2661de3c031f6fbcbc73f46000a9666f166ad349c5805d,DGA,rayleigh_style,sens_-50.63,19,361,4,0.75,271,90.25,90.25,comm_g19_r4_rayleigh_drop025_dga_topk075,C:\Users\lottj\Desktop\research\decentralized benchmark\topk_filter_study\results\sensitivity_suite\scenarios\clue_g19_n50.csv,clue_search,01,72,71,63,10,3,3,1,261,76,185,150,111,259,clue:2;collision_intent:76;dga_entry:111;state:72,703,56,completed
6,dcta_parity_v1,custom,5789862b56c579a63f65129a7c7ce0c99a25e7c55fba998a5a9699fc4a7df60b,03f32103aba060045f2661de3c031f6fbcbc73f46000a9666f166ad349c5805d,DGA,rayleigh_style,sens_-50.63,19,361,4,0.75,271,90.25,90.25,comm_g19_r4_rayleigh_drop025_dga_topk075,C:\Users\lottj\Desktop\research\decentralized benchmark\topk_filter_study\results\sensitivity_suite\scenarios\clue_g19_n50.csv,clue_search,02,75,73,62,14,0,0,0,246,76,170,153,93,242,clue:2;collision_intent:75;dga_entry:93;state:75;target:1,732,43,completed
6,dcta_parity_v1,custom,5789862b56c579a63f65129a7c7ce0c99a25e7c55fba998a5a9699fc4a7df60b,03f32103aba060045f2661de3c031f6fbcbc73f46000a9666f166ad349c5805d,DGA,rayleigh_style,sens_-50.63,19,361,4,0.75,271,90.25,90.25,comm_g19_r4_rayleigh_drop025_dga_topk075,C:\Users\lottj\Desktop\research\decentralized benchmark\topk_filter_study\results\sensitivity_suite\scenarios\clue_g19_n50.csv,clue_search,03,75,74,47,29,2,0,0,257,75,182,152,105,255,clue:2;collision_intent:75;dga_entry:105;state:75,726,36,completed
7,dcta_parity_v1,custom,5789862b56c579a63f65129a7c7ce0c99a25e7c55fba998a5a9699fc4a7df60b,03f32103aba060045f2661de3c031f6fbcbc73f46000a9666f166ad349c5805d,DGA,rayleigh_style,sens_-50.63,19,361,4,0.75,271,90.25,90.25,comm_g19_r4_rayleigh_drop025_dga_topk075,C:\Users\lottj\Desktop\research\decentralized benchmark\topk_filter_study\results\sensitivity_suite\scenarios\clue_g19_n50.csv,clue_search,00,18,6,19,0,0,0,0,61,18,43,37,24,36,clue:1;collision_intent:18;dga_entry:24;state:18,151,19,completed
7,dcta_parity_v1,custom,5789862b56c579a63f65129a7c7ce0c99a25e7c55fba998a5a9699fc4a7df60b,03f32103aba060045f2661de3c031f6fbcbc73f46000a9666f166ad349c5805d,DGA,rayleigh_style,sens_-50.63,19,361,4,0.75,271,90.25,90.25,comm_g19_r4_rayleigh_drop025_dga_topk075,C:\Users\lottj\Desktop\research\decentralized benchmark\topk_filter_study\results\sensitivity_suite\scenarios\clue_g19_n50.csv,clue_search,01,17,5,18,0,0,0,0,57,18,39,36,21,33,clue:1;collision_intent:18;dga_entry:21;state:17,167,7,completed
7,dcta_parity_v1,custom,5789862b56c579a63f65129a7c7ce0c99a25e7c55fba998a5a9699fc4a7df60b,03f32103aba060045f2661de3c031f6fbcbc73f46000a9666f166ad349c5805d,DGA,rayleigh_style,sens_-50.63,19,361,4,0.75,271,90.25,90.25,comm_g19_r4_rayleigh_drop025_dga_topk075,C:\Users\lottj\Desktop\research\decentralized benchmark\topk_filter_study\results\sensitivity_suite\scenarios\clue_g19_n50.csv,clue_search,02,18,5,19,0,0,0,0,58,18,40,37,21,32,clue:1;collision_intent:18;dga_entry:21;state:18,171,2,completed
7,dcta_parity_v1,custom,5789862b56c579a63f65129a7c7ce0c99a25e7c55fba998a5a9699fc4a7df60b,03f32103aba060045f2661de3c031f6fbcbc73f46000a9666f166ad349c5805d,DGA,rayleigh_style,sens_-50.63,19,361,4,0.75,271,90.25,90.25,comm_g19_r4_rayleigh_drop025_dga_topk075,C:\Users\lottj\Desktop\research\decentralized benchmark\topk_filter_study\results\sensitivity_suite\scenarios\clue_g19_n50.csv,clue_search,03,18,6,19,0,0,0,0,56,19,37,38,18,32,clue:1;collision_intent:18;dga_entry:18;state:18;target:1,162,14,completed
8,dcta_parity_v1,custom,5789862b56c579a63f65129a7c7ce0c99a25e7c55fba998a5a9699fc4a7df60b,03f32103aba060045f2661de3c031f6fbcbc73f46000a9666f166ad349c5805d,DGA,rayleigh_style,sens_-50.63,19,361,4,0.75,271,90.25,90.25,comm_g19_r4_rayleigh_drop025_dga_topk075,C:\Users\lottj\Desktop\research\decentralized benchmark\topk_filter_study\results\sensitivity_suite\scenarios\clue_g19_n50.csv,clue_search,00,68,55,65,4,0,0,0,220,69,151,139,81,194,clue:2;collision_intent:68;dga_entry:81;state:68;target:1,576,49,completed
8,dcta_parity_v1,custom,5789862b56c579a63f65129a7c7ce0c99a25e7c55fba998a5a9699fc4a7df60b,03f32103aba060045f2661de3c031f6fbcbc73f46000a9666f166ad349c5805d,DGA,rayleigh_style,sens_-50.63,19,361,4,0.75,271,90.25,90.25,comm_g19_r4_rayleigh_drop025_dga_topk075,C:\Users\lottj\Desktop\research\decentralized benchmark\topk_filter_study\results\sensitivity_suite\scenarios\clue_g19_n50.csv,clue_search,01,67,55,55,13,0,0,0,214,67,147,136,78,190,clue:2;collision_intent:67;dga_entry:78;state:67,596,35,completed
8,dcta_parity_v1,custom,5789862b56c579a63f65129a7c7ce0c99a25e7c55fba998a5a9699fc4a7df60b,03f32103aba060045f2661de3c031f6fbcbc73f46000a9666f166ad349c5805d,DGA,rayleigh_style,sens_-50.63,19,361,4,0.75,271,90.25,90.25,comm_g19_r4_rayleigh_drop025_dga_topk075,C:\Users\lottj\Desktop\research\decentralized benchmark\topk_filter_study\results\sensitivity_suite\scenarios\clue_g19_n50.csv,clue_search,02,66,54,53,14,2,1,1,207,67,140,135,72,183,clue:2;collision_intent:67;dga_entry:72;state:66,601,36,completed
8,dcta_parity_v1,custom,5789862b56c579a63f65129a7c7ce0c99a25e7c55fba998a5a9699fc4a7df60b,03f32103aba060045f2661de3c031f6fbcbc73f46000a9666f166ad349c5805d,DGA,rayleigh_style,sens_-50.63,19,361,4,0.75,271,90.25,90.25,comm_g19_r4_rayleigh_drop025_dga_topk075,C:\Users\lottj\Desktop\research\decentralized benchmark\topk_filter_study\results\sensitivity_suite\scenarios\clue_g19_n50.csv,clue_search,03,65,53,43,23,0,3,3,204,68,136,135,69,180,clue:2;collision_intent:68;dga_entry:69;state:65,604,37,completed
9,dcta_parity_v1,custom,5789862b56c579a63f65129a7c7ce0c99a25e7c55fba998a5a9699fc4a7df60b,03f32103aba060045f2661de3c031f6fbcbc73f46000a9666f166ad349c5805d,DGA,rayleigh_style,sens_-50.63,19,361,4,0.75,271,90.25,90.25,comm_g19_r4_rayleigh_drop025_dga_topk075,C:\Users\lottj\Desktop\research\decentralized benchmark\topk_filter_study\results\sensitivity_suite\scenarios\clue_g19_n50.csv,clue_search,00,81,74,69,13,1,2,2,274,84,190,169,105,260,clue:4;collision_intent:84;dga_entry:105;state:81,760,64,completed
9,dcta_parity_v1,custom,5789862b56c579a63f65129a7c7ce0c99a25e7c55fba998a5a9699fc4a7df60b,03f32103aba060045f2661de3c031f6fbcbc73f46000a9666f166ad349c5805d,DGA,rayleigh_style,sens_-50.63,19,361,4,0.75,271,90.25,90.25,comm_g19_r4_rayleigh_drop025_dga_topk075,C:\Users\lottj\Desktop\research\decentralized benchmark\topk_filter_study\results\sensitivity_suite\scenarios\clue_g19_n50.csv,clue_search,01,81,74,52,30,1,7,7,285,89,196,174,111,271,clue:4;collision_intent:88;dga_entry:111;state:81;target:1,774,40,completed
9,dcta_parity_v1,custom,5789862b56c579a63f65129a7c7ce0c99a25e7c55fba998a5a9699fc4a7df60b,03f32103aba060045f2661de3c031f6fbcbc73f46000a9666f166ad349c5805d,DGA,rayleigh_style,sens_-50.63,19,361,4,0.75,271,90.25,90.25,comm_g19_r4_rayleigh_drop025_dga_topk075,C:\Users\lottj\Desktop\research\decentralized benchmark\topk_filter_study\results\sensitivity_suite\scenarios\clue_g19_n50.csv,clue_search,02,81,74,67,15,1,2,2,260,83,177,167,93,246,clue:3;collision_intent:83;dga_entry:93;state:81,782,56,completed
9,dcta_parity_v1,custom,5789862b56c579a63f65129a7c7ce0c99a25e7c55fba998a5a9699fc4a7df60b,03f32103aba060045f2661de3c031f6fbcbc73f46000a9666f166ad349c5805d,DGA,rayleigh_style,sens_-50.63,19,361,4,0.75,271,90.25,90.25,comm_g19_r4_rayleigh_drop025_dga_topk075,C:\Users\lottj\Desktop\research\decentralized benchmark\topk_filter_study\results\sensitivity_suite\scenarios\clue_g19_n50.csv,clue_search,03,82,76,65,18,1,1,1,280,83,197,169,111,268,clue:4;collision_intent:83;dga_entry:111;state:82,764,54,completed
10,dcta_parity_v1,custom,5789862b56c579a63f65129a7c7ce0c99a25e7c55fba998a5a9699fc4a7df60b,03f32103aba060045f2661de3c031f6fbcbc73f46000a9666f166ad349c5805d,DGA,rayleigh_style,sens_-50.63,19,361,4,0.75,271,90.25,90.25,comm_g19_r4_rayleigh_drop025_dga_topk075,C:\Users\lottj\Desktop\research\decentralized benchmark\topk_filter_study\results\sensitivity_suite\scenarios\clue_g19_n50.csv,clue_search,00,52,41,49,4,0,2,2,161,55,106,110,51,139,clue:3;collision_intent:54;dga_entry:51;state:52;target:1,453,37,completed
10,dcta_parity_v1,custom,5789862b56c579a63f65129a7c7ce0c99a25e7c55fba998a5a9699fc4a7df60b,03f32103aba060045f2661de3c031f6fbcbc73f46000a9666f166ad349c5805d,DGA,rayleigh_style,sens_-50.63,19,361,4,0.75,271,90.25,90.25,comm_g19_r4_rayleigh_drop025_dga_topk075,C:\Users\lottj\Desktop\research\decentralized benchmark\topk_filter_study\results\sensitivity_suite\scenarios\clue_g19_n50.csv,clue_search,01,52,42,45,8,0,0,0,164,52,112,107,57,144,clue:3;collision_intent:52;dga_entry:57;state:52,463,23,completed
10,dcta_parity_v1,custom,5789862b56c579a63f65129a7c7ce0c99a25e7c55fba998a5a9699fc4a7df60b,03f32103aba060045f2661de3c031f6fbcbc73f46000a9666f166ad349c5805d,DGA,rayleigh_style,sens_-50.63,19,361,4,0.75,271,90.25,90.25,comm_g19_r4_rayleigh_drop025_dga_topk075,C:\Users\lottj\Desktop\research\decentralized benchmark\topk_filter_study\results\sensitivity_suite\scenarios\clue_g19_n50.csv,clue_search,02,52,41,50,3,1,0,0,164,52,112,107,57,142,clue:3;collision_intent:52;dga_entry:57;state:52,455,31,completed
10,dcta_parity_v1,custom,5789862b56c579a63f65129a7c7ce0c99a25e7c55fba998a5a9699fc4a7df60b,03f32103aba060045f2661de3c031f6fbcbc73f46000a9666f166ad349c5805d,DGA,rayleigh_style,sens_-50.63,19,361,4,0.75,271,90.25,90.25,comm_g19_r4_rayleigh_drop025_dga_topk075,C:\Users\lottj\Desktop\research\decentralized benchmark\topk_filter_study\results\sensitivity_suite\scenarios\clue_g19_n50.csv,clue_search,03,51,40,49,3,2,2,1,162,54,108,108,54,140,clue:3;collision_intent:54;dga_entry:54;state:51,460,27,completed
11,dcta_parity_v1,custom,5789862b56c579a63f65129a7c7ce0c99a25e7c55fba998a5a9699fc4a7df60b,03f32103aba060045f2661de3c031f6fbcbc73f46000a9666f166ad349c5805d,DGA,rayleigh_style,sens_-50.63,19,361,4,0.75,271,90.25,90.25,comm_g19_r4_rayleigh_drop025_dga_topk075,C:\Users\lottj\Desktop\research\decentralized benchmark\topk_filter_study\results\sensitivity_suite\scenarios\clue_g19_n50.csv,clue_search,00,127,76,80,48,4,1,1,340,129,211,259,81,238,clue:3;collision_intent:128;dga_entry:81;state:127;target:1,910,90,completed
11,dcta_parity_v1,custom,5789862b56c579a63f65129a7c7ce0c99a25e7c55fba998a5a9699fc4a7df60b,03f32103aba060045f2661de3c031f6fbcbc73f46000a9666f166ad349c5805d,DGA,rayleigh_style,sens_-50.63,19,361,4,0.75,271,90.25,90.25,comm_g19_r4_rayleigh_drop025_dga_topk075,C:\Users\lottj\Desktop\research\decentralized benchmark\topk_filter_study\results\sensitivity_suite\scenarios\clue_g19_n50.csv,clue_search,01,126,76,80,47,0,0,0,321,126,195,255,66,221,clue:3;collision_intent:126;dga_entry:66;state:126,944,75,completed
11,dcta_parity_v1,custom,5789862b56c579a63f65129a7c7ce0c99a25e7c55fba998a5a9699fc4a7df60b,03f32103aba060045f2661de3c031f6fbcbc73f46000a9666f166ad349c5805d,DGA,rayleigh_style,sens_-50.63,19,361,4,0.75,271,90.25,90.25,comm_g19_r4_rayleigh_drop025_dga_topk075,C:\Users\lottj\Desktop\research\decentralized benchmark\topk_filter_study\results\sensitivity_suite\scenarios\clue_g19_n50.csv,clue_search,02,127,76,100,28,1,0,0,335,127,208,257,78,233,clue:3;collision_intent:127;dga_entry:78;state:127,933,72,completed
11,dcta_parity_v1,custom,5789862b56c579a63f65129a7c7ce0c99a25e7c55fba998a5a9699fc4a7df60b,03f32103aba060045f2661de3c031f6fbcbc73f46000a9666f166ad349c5805d,DGA,rayleigh_style,sens_-50.63,19,361,4,0.75,271,90.25,90.25,comm_g19_r4_rayleigh_drop025_dga_topk075,C:\Users\lottj\Desktop\research\decentralized benchmark\topk_filter_study\results\sensitivity_suite\scenarios\clue_g19_n50.csv,clue_search,03,125,75,96,30,0,0,0,344,126,218,254,90,244,clue:3;collision_intent:126;dga_entry:90;state:125,920,74,completed
12,dcta_parity_v1,custom,5789862b56c579a63f65129a7c7ce0c99a25e7c55fba998a5a9699fc4a7df60b,03f32103aba060045f2661de3c031f6fbcbc73f46000a9666f166ad349c5805d,DGA,rayleigh_style,sens_-50.63,19,361,4,0.75,271,90.25,90.25,comm_g19_r4_rayleigh_drop025_dga_topk075,C:\Users\lottj\Desktop\research\decentralized benchmark\topk_filter_study\results\sensitivity_suite\scenarios\clue_g19_n50.csv,clue_search,00,29,9,30,0,0,0,0,79,29,50,59,20,39,clue:1;collision_intent:29;dga_entry:20;state:29,260,20,completed
12,dcta_parity_v1,custom,5789862b56c579a63f65129a7c7ce0c99a25e7c55fba998a5a9699fc4a7df60b,03f32103aba060045f2661de3c031f6fbcbc73f46000a9666f166ad349c5805d,DGA,rayleigh_style,sens_-50.63,19,361,4,0.75,271,90.25,90.25,comm_g19_r4_rayleigh_drop025_dga_topk075,C:\Users\lottj\Desktop\research\decentralized benchmark\topk_filter_study\results\sensitivity_suite\scenarios\clue_g19_n50.csv,clue_search,01,29,9,29,1,1,0,0,100,30,70,60,40,60,clue:1;collision_intent:30;dga_entry:40;state:29,253,5,completed
12,dcta_parity_v1,custom,5789862b56c579a63f65129a7c7ce0c99a25e7c55fba998a5a9699fc4a7df60b,03f32103aba060045f2661de3c031f6fbcbc73f46000a9666f166ad349c5805d,DGA,rayleigh_style,sens_-50.63,19,361,4,0.75,271,90.25,90.25,comm_g19_r4_rayleigh_drop025_dga_topk075,C:\Users\lottj\Desktop\research\decentralized benchmark\topk_filter_study\results\sensitivity_suite\scenarios\clue_g19_n50.csv,clue_search,02,29,9,29,1,0,0,0,83,29,54,59,24,43,clue:1;collision_intent:29;dga_entry:24;state:29,268,7,completed
12,dcta_parity_v1,custom,5789862b56c579a63f65129a7c7ce0c99a25e7c55fba998a5a9699fc4a7df60b,03f32103aba060045f2661de3c031f6fbcbc73f46000a9666f166ad349c5805d,DGA,rayleigh_style,sens_-50.63,19,361,4,0.75,271,90.25,90.25,comm_g19_r4_rayleigh_drop025_dga_topk075,C:\Users\lottj\Desktop\research\decentralized benchmark\topk_filter_study\results\sensitivity_suite\scenarios\clue_g19_n50.csv,clue_search,03,29,10,27,3,0,1,1,98,31,67,61,37,60,clue:1;collision_intent:30;dga_entry:37;state:29;target:1,255,7,completed
13,dcta_parity_v1,custom,5789862b56c579a63f65129a7c7ce0c99a25e7c55fba998a5a9699fc4a7df60b,03f32103aba060045f2661de3c031f6fbcbc73f46000a9666f166ad349c5805d,DGA,rayleigh_style,sens_-50.63,19,361,4,0.75,271,90.25,90.25,comm_g19_r4_rayleigh_drop025_dga_topk075,C:\Users\lottj\Desktop\research\decentralized benchmark\topk_filter_study\results\sensitivity_suite\scenarios\clue_g19_n50.csv,clue_search,00,7,0,8,0,0,0,0,14,7,7,14,0,0,collision_intent:7;state:7,38,3,completed
13,dcta_parity_v1,custom,5789862b56c579a63f65129a7c7ce0c99a25e7c55fba998a5a9699fc4a7df60b,03f32103aba060045f2661de3c031f6fbcbc73f46000a9666f166ad349c5805d,DGA,rayleigh_style,sens_-50.63,19,361,4,0.75,271,90.25,90.25,comm_g19_r4_rayleigh_drop025_dga_topk075,C:\Users\lottj\Desktop\research\decentralized benchmark\topk_filter_study\results\sensitivity_suite\scenarios\clue_g19_n50.csv,clue_search,01,6,0,7,0,0,0,0,12,6,6,12,0,0,collision_intent:6;state:6,41,1,completed
13,dcta_parity_v1,custom,5789862b56c579a63f65129a7c7ce0c99a25e7c55fba998a5a9699fc4a7df60b,03f32103aba060045f2661de3c031f6fbcbc73f46000a9666f166ad349c5805d,DGA,rayleigh_style,sens_-50.63,19,361,4,0.75,271,90.25,90.25,comm_g19_r4_rayleigh_drop025_dga_topk075,C:\Users\lottj\Desktop\research\decentralized benchmark\topk_filter_study\results\sensitivity_suite\scenarios\clue_g19_n50.csv,clue_search,02,7,0,8,0,0,0,0,14,7,7,14,0,0,collision_intent:7;state:7,39,0,completed
13,dcta_parity_v1,custom,5789862b56c579a63f65129a7c7ce0c99a25e7c55fba998a5a9699fc4a7df60b,03f32103aba060045f2661de3c031f6fbcbc73f46000a9666f166ad349c5805d,DGA,rayleigh_style,sens_-50.63,19,361,4,0.75,271,90.25,90.25,comm_g19_r4_rayleigh_drop025_dga_topk075,C:\Users\lottj\Desktop\research\decentralized benchmark\topk_filter_study\results\sensitivity_suite\scenarios\clue_g19_n50.csv,clue_search,03,7,0,8,0,0,0,0,15,8,7,15,0,0,collision_intent:7;state:7;target:1,36,4,completed
14,dcta_parity_v1,custom,5789862b56c579a63f65129a7c7ce0c99a25e7c55fba998a5a9699fc4a7df60b,03f32103aba060045f2661de3c031f6fbcbc73f46000a9666f166ad349c5805d,DGA,rayleigh_style,sens_-50.63,19,361,4,0.75,271,90.25,90.25,comm_g19_r4_rayleigh_drop025_dga_topk075,C:\Users\lottj\Desktop\research\decentralized benchmark\topk_filter_study\results\sensitivity_suite\scenarios\clue_g19_n50.csv,clue_search,00,42,36,29,14,0,0,0,146,42,104,86,60,133,clue:2;collision_intent:42;dga_entry:60;state:42,406,36,completed
14,dcta_parity_v1,custom,5789862b56c579a63f65129a7c7ce0c99a25e7c55fba998a5a9699fc4a7df60b,03f32103aba060045f2661de3c031f6fbcbc73f46000a9666f166ad349c5805d,DGA,rayleigh_style,sens_-50.63,19,361,4,0.75,271,90.25,90.25,comm_g19_r4_rayleigh_drop025_dga_topk075,C:\Users\lottj\Desktop\research\decentralized benchmark\topk_filter_study\results\sensitivity_suite\scenarios\clue_g19_n50.csv,clue_search,01,42,36,40,3,0,0,0,138,43,95,87,51,126,clue:2;collision_intent:42;dga_entry:51;state:42;target:1,441,11,completed
14,dcta_parity_v1,custom,5789862b56c579a63f65129a7c7ce0c99a25e7c55fba998a5a9699fc4a7df60b,03f32103aba060045f2661de3c031f6fbcbc73f46000a9666f166ad349c5805d,DGA,rayleigh_style,sens_-50.63,19,361,4,0.75,271,90.25,90.25,comm_g19_r4_rayleigh_drop025_dga_topk075,C:\Users\lottj\Desktop\research\decentralized benchmark\topk_filter_study\results\sensitivity_suite\scenarios\clue_g19_n50.csv,clue_search,02,40,33,38,3,2,1,1,152,41,111,83,69,138,clue:2;collision_intent:41;dga_entry:69;state:40,425,11,completed
14,dcta_parity_v1,custom,5789862b56c579a63f65129a7c7ce0c99a25e7c55fba998a5a9699fc4a7df60b,03f32103aba060045f2661de3c031f6fbcbc73f46000a9666f166ad349c5805d,DGA,rayleigh_style,sens_-50.63,19,361,4,0.75,271,90.25,90.25,comm_g19_r4_rayleigh_drop025_dga_topk075,C:\Users\lottj\Desktop\research\decentralized benchmark\topk_filter_study\results\sensitivity_suite\scenarios\clue_g19_n50.csv,clue_search,03,40,34,37,4,3,0,0,154,40,114,82,72,142,clue:2;collision_intent:40;dga_entry:72;state:40,413,23,completed
15,dcta_parity_v1,custom,5789862b56c579a63f65129a7c7ce0c99a25e7c55fba998a5a9699fc4a7df60b,03f32103aba060045f2661de3c031f6fbcbc73f46000a9666f166ad349c5805d,DGA,rayleigh_style,sens_-50.63,19,361,4,0.75,271,90.25,90.25,comm_g19_r4_rayleigh_drop025_dga_topk075,C:\Users\lottj\Desktop\research\decentralized benchmark\topk_filter_study\results\sensitivity_suite\scenarios\clue_g19_n50.csv,clue_search,00,61,30,57,5,1,0,0,211,61,150,124,87,149,clue:2;collision_intent:61;dga_entry:87;state:61,578,35,completed
15,dcta_parity_v1,custom,5789862b56c579a63f65129a7c7ce0c99a25e7c55fba998a5a9699fc4a7df60b,03f32103aba060045f2661de3c031f6fbcbc73f46000a9666f166ad349c5805d,DGA,rayleigh_style,sens_-50.63,19,361,4,0.75,271,90.25,90.25,comm_g19_r4_rayleigh_drop025_dga_topk075,C:\Users\lottj\Desktop\research\decentralized benchmark\topk_filter_study\results\sensitivity_suite\scenarios\clue_g19_n50.csv,clue_search,01,61,30,58,4,0,1,1,188,62,126,125,63,126,clue:2;collision_intent:62;dga_entry:63;state:61,613,21,completed
15,dcta_parity_v1,custom,5789862b56c579a63f65129a7c7ce0c99a25e7c55fba998a5a9699fc4a7df60b,03f32103aba060045f2661de3c031f6fbcbc73f46000a9666f166ad349c5805d,DGA,rayleigh_style,sens_-50.63,19,361,4,0.75,271,90.25,90.25,comm_g19_r4_rayleigh_drop025_dga_topk075,C:\Users\lottj\Desktop\research\decentralized benchmark\topk_filter_study\results\sensitivity_suite\scenarios\clue_g19_n50.csv,clue_search,02,61,30,60,2,0,0,0,202,61,141,124,78,140,clue:2;collision_intent:61;dga_entry:78;state:61,595,25,completed
15,dcta_parity_v1,custom,5789862b56c579a63f65129a7c7ce0c99a25e7c55fba998a5a9699fc4a7df60b,03f32103aba060045f2661de3c031f6fbcbc73f46000a9666f166ad349c5805d,DGA,rayleigh_style,sens_-50.63,19,361,4,0.75,271,90.25,90.25,comm_g19_r4_rayleigh_drop025_dga_topk075,C:\Users\lottj\Desktop\research\decentralized benchmark\topk_filter_study\results\sensitivity_suite\scenarios\clue_g19_n50.csv,clue_search,03,62,32,60,3,0,0,0,223,63,160,127,96,162,clue:2;collision_intent:62;dga_entry:96;state:62;target:1,568,33,completed
16,dcta_parity_v1,custom,5789862b56c579a63f65129a7c7ce0c99a25e7c55fba998a5a9699fc4a7df60b,03f32103aba060045f2661de3c031f6fbcbc73f46000a9666f166ad349c5805d,DGA,rayleigh_style,sens_-50.63,19,361,4,0.75,271,90.25,90.25,comm_g19_r4_rayleigh_drop025_dga_topk075,C:\Users\lottj\Desktop\research\decentralized benchmark\topk_filter_study\results\sensitivity_suite\scenarios\clue_g19_n50.csv,clue_search,00,90,84,65,26,1,5,4,330,95,235,189,141,318,clue:4;collision_intent:95;dga_entry:141;state:90,869,58,completed
16,dcta_parity_v1,custom,5789862b56c579a63f65129a7c7ce0c99a25e7c55fba998a5a9699fc4a7df60b,03f32103aba060045f2661de3c031f6fbcbc73f46000a9666f166ad349c5805d,DGA,rayleigh_style,sens_-50.63,19,361,4,0.75,271,90.25,90.25,comm_g19_r4_rayleigh_drop025_dga_topk075,C:\Users\lottj\Desktop\research\decentralized benchmark\topk_filter_study\results\sensitivity_suite\scenarios\clue_g19_n50.csv,clue_search,01,93,87,69,25,1,2,2,313,96,217,193,120,301,clue:4;collision_intent:95;dga_entry:120;state:93;target:1,907,37,completed
16,dcta_parity_v1,custom,5789862b56c579a63f65129a7c7ce0c99a25e7c55fba998a5a9699fc4a7df60b,03f32103aba060045f2661de3c031f6fbcbc73f46000a9666f166ad349c5805d,DGA,rayleigh_style,sens_-50.63,19,361,4,0.75,271,90.25,90.25,comm_g19_r4_rayleigh_drop025_dga_topk075,C:\Users\lottj\Desktop\research\decentralized benchmark\topk_filter_study\results\sensitivity_suite\scenarios\clue_g19_n50.csv,clue_search,02,91,84,82,10,2,2,1,317,93,224,188,129,303,clue:4;collision_intent:93;dga_entry:129;state:91,891,48,completed
16,dcta_parity_v1,custom,5789862b56c579a63f65129a7c7ce0c99a25e7c55fba998a5a9699fc4a7df60b,03f32103aba060045f2661de3c031f6fbcbc73f46000a9666f166ad349c5805d,DGA,rayleigh_style,sens_-50.63,19,361,4,0.75,271,90.25,90.25,comm_g19_r4_rayleigh_drop025_dga_topk075,C:\Users\lottj\Desktop\research\decentralized benchmark\topk_filter_study\results\sensitivity_suite\scenarios\clue_g19_n50.csv,clue_search,03,90,84,57,34,2,7,4,297,98,199,192,105,285,clue:4;collision_intent:98;dga_entry:105;state:90,894,66,completed
17,dcta_parity_v1,custom,5789862b56c579a63f65129a7c7ce0c99a25e7c55fba998a5a9699fc4a7df60b,03f32103aba060045f2661de3c031f6fbcbc73f46000a9666f166ad349c5805d,DGA,rayleigh_style,sens_-50.63,19,361,4,0.75,271,90.25,90.25,comm_g19_r4_rayleigh_drop025_dga_topk075,C:\Users\lottj\Desktop\research\decentralized benchmark\topk_filter_study\results\sensitivity_suite\scenarios\clue_g19_n50.csv,clue_search,00,1,0,2,0,0,0,0,2,1,1,2,0,0,collision_intent:1;state:1,5,0,completed
17,dcta_parity_v1,custom,5789862b56c579a63f65129a7c7ce0c99a25e7c55fba998a5a9699fc4a7df60b,03f32103aba060045f2661de3c031f6fbcbc73f46000a9666f166ad349c5805d,DGA,rayleigh_style,sens_-50.63,19,361,4,0.75,271,90.25,90.25,comm_g19_r4_rayleigh_drop025_dga_topk075,C:\Users\lottj\Desktop\research\decentralized benchmark\topk_filter_study\results\sensitivity_suite\scenarios\clue_g19_n50.csv,clue_search,01,0,0,1,0,0,0,0,1,1,0,1,0,0,collision_intent:1,5,0,completed
17,dcta_parity_v1,custom,5789862b56c579a63f65129a7c7ce0c99a25e7c55fba998a5a9699fc4a7df60b,03f32103aba060045f2661de3c031f6fbcbc73f46000a9666f166ad349c5805d,DGA,rayleigh_style,sens_-50.63,19,361,4,0.75,271,90.25,90.25,comm_g19_r4_rayleigh_drop025_dga_topk075,C:\Users\lottj\Desktop\research\decentralized benchmark\topk_filter_study\results\sensitivity_suite\scenarios\clue_g19_n50.csv,clue_search,02,1,0,2,0,0,0,0,3,2,1,3,0,0,collision_intent:1;state:1;target:1,4,0,completed
17,dcta_parity_v1,custom,5789862b56c579a63f65129a7c7ce0c99a25e7c55fba998a5a9699fc4a7df60b,03f32103aba060045f2661de3c031f6fbcbc73f46000a9666f166ad349c5805d,DGA,rayleigh_style,sens_-50.63,19,361,4,0.75,271,90.25,90.25,comm_g19_r4_rayleigh_drop025_dga_topk075,C:\Users\lottj\Desktop\research\decentralized benchmark\topk_filter_study\results\sensitivity_suite\scenarios\clue_g19_n50.csv,clue_search,03,0,0,1,0,0,0,0,1,1,0,1,0,0,collision_intent:1,5,0,completed
18,dcta_parity_v1,custom,5789862b56c579a63f65129a7c7ce0c99a25e7c55fba998a5a9699fc4a7df60b,03f32103aba060045f2661de3c031f6fbcbc73f46000a9666f166ad349c5805d,DGA,rayleigh_style,sens_-50.63,19,361,4,0.75,271,90.25,90.25,comm_g19_r4_rayleigh_drop025_dga_topk075,C:\Users\lottj\Desktop\research\decentralized benchmark\topk_filter_study\results\sensitivity_suite\scenarios\clue_g19_n50.csv,clue_search,00,106,40,91,16,0,0,0,291,106,185,216,75,159,clue:4;collision_intent:106;dga_entry:75;state:106,745,71,completed
18,dcta_parity_v1,custom,5789862b56c579a63f65129a7c7ce0c99a25e7c55fba998a5a9699fc4a7df60b,03f32103aba060045f2661de3c031f6fbcbc73f46000a9666f166ad349c5805d,DGA,rayleigh_style,sens_-50.63,19,361,4,0.75,271,90.25,90.25,comm_g19_r4_rayleigh_drop025_dga_topk075,C:\Users\lottj\Desktop\research\decentralized benchmark\topk_filter_study\results\sensitivity_suite\scenarios\clue_g19_n50.csv,clue_search,01,105,39,96,10,3,1,1,267,107,160,216,51,134,clue:4;collision_intent:106;dga_entry:51;state:105;target:1,797,44,completed
18,dcta_parity_v1,custom,5789862b56c579a63f65129a7c7ce0c99a25e7c55fba998a5a9699fc4a7df60b,03f32103aba060045f2661de3c031f6fbcbc73f46000a9666f166ad349c5805d,DGA,rayleigh_style,sens_-50.63,19,361,4,0.75,271,90.25,90.25,comm_g19_r4_rayleigh_drop025_dga_topk075,C:\Users\lottj\Desktop\research\decentralized benchmark\topk_filter_study\results\sensitivity_suite\scenarios\clue_g19_n50.csv,clue_search,02,106,40,84,23,2,1,1,265,107,158,217,48,133,clue:4;collision_intent:107;dga_entry:48;state:106,801,41,completed
18,dcta_parity_v1,custom,5789862b56c579a63f65129a7c7ce0c99a25e7c55fba998a5a9699fc4a7df60b,03f32103aba060045f2661de3c031f6fbcbc73f46000a9666f166ad349c5805d,DGA,rayleigh_style,sens_-50.63,19,361,4,0.75,271,90.25,90.25,comm_g19_r4_rayleigh_drop025_dga_topk075,C:\Users\lottj\Desktop\research\decentralized benchmark\topk_filter_study\results\sensitivity_suite\scenarios\clue_g19_n50.csv,clue_search,03,106,40,84,23,2,0,0,285,106,179,216,69,153,clue:4;collision_intent:106;dga_entry:69;state:106,765,57,completed
19,dcta_parity_v1,custom,5789862b56c579a63f65129a7c7ce0c99a25e7c55fba998a5a9699fc4a7df60b,03f32103aba060045f2661de3c031f6fbcbc73f46000a9666f166ad349c5805d,DGA,rayleigh_style,sens_-50.63,19,361,4,0.75,271,90.25,90.25,comm_g19_r4_rayleigh_drop025_dga_topk075,C:\Users\lottj\Desktop\research\decentralized benchmark\topk_filter_study\results\sensitivity_suite\scenarios\clue_g19_n50.csv,clue_search,00,38,18,38,1,3,0,0,115,38,77,77,38,75,clue:1;collision_intent:38;dga_entry:38;state:38,300,26,completed
19,dcta_parity_v1,custom,5789862b56c579a63f65129a7c7ce0c99a25e7c55fba998a5a9699fc4a7df60b,03f32103aba060045f2661de3c031f6fbcbc73f46000a9666f166ad349c5805d,DGA,rayleigh_style,sens_-50.63,19,361,4,0.75,271,90.25,90.25,comm_g19_r4_rayleigh_drop025_dga_topk075,C:\Users\lottj\Desktop\research\decentralized benchmark\topk_filter_study\results\sensitivity_suite\scenarios\clue_g19_n50.csv,clue_search,01,37,17,35,3,0,0,0,107,38,69,76,31,67,clue:1;collision_intent:37;dga_entry:31;state:37;target:1,325,10,completed
19,dcta_parity_v1,custom,5789862b56c579a63f65129a7c7ce0c99a25e7c55fba998a5a9699fc4a7df60b,03f32103aba060045f2661de3c031f6fbcbc73f46000a9666f166ad349c5805d,DGA,rayleigh_style,sens_-50.63,19,361,4,0.75,271,90.25,90.25,comm_g19_r4_rayleigh_drop025_dga_topk075,C:\Users\lottj\Desktop\research\decentralized benchmark\topk_filter_study\results\sensitivity_suite\scenarios\clue_g19_n50.csv,clue_search,02,37,17,37,1,1,0,0,111,37,74,75,36,71,clue:1;collision_intent:37;dga_entry:36;state:37,320,10,completed
19,dcta_parity_v1,custom,5789862b56c579a63f65129a7c7ce0c99a25e7c55fba998a5a9699fc4a7df60b,03f32103aba060045f2661de3c031f6fbcbc73f46000a9666f166ad349c5805d,DGA,rayleigh_style,sens_-50.63,19,361,4,0.75,271,90.25,90.25,comm_g19_r4_rayleigh_drop025_dga_topk075,C:\Users\lottj\Desktop\research\decentralized benchmark\topk_filter_study\results\sensitivity_suite\scenarios\clue_g19_n50.csv,clue_search,03,36,17,33,4,0,0,0,109,36,73,73,36,71,clue:1;collision_intent:36;dga_entry:36;state:36,317,14,completed
20,dcta_parity_v1,custom,5789862b56c579a63f65129a7c7ce0c99a25e7c55fba998a5a9699fc4a7df60b,03f32103aba060045f2661de3c031f6fbcbc73f46000a9666f166ad349c5805d,DGA,rayleigh_style,sens_-50.63,19,361,4,0.75,271,90.25,90.25,comm_g19_r4_rayleigh_drop025_dga_topk075,C:\Users\lottj\Desktop\research\decentralized benchmark\topk_filter_study\results\sensitivity_suite\scenarios\clue_g19_n50.csv,clue_search,00,56,54,40,17,3,0,0,199,56,143,115,84,195,clue:3;collision_intent:56;dga_entry:84;state:56,529,29,completed
20,dcta_parity_v1,custom,5789862b56c579a63f65129a7c7ce0c99a25e7c55fba998a5a9699fc4a7df60b,03f32103aba060045f2661de3c031f6fbcbc73f46000a9666f166ad349c5805d,DGA,rayleigh_style,sens_-50.63,19,361,4,0.75,271,90.25,90.25,comm_g19_r4_rayleigh_drop025_dga_topk075,C:\Users\lottj\Desktop\research\decentralized benchmark\topk_filter_study\results\sensitivity_suite\scenarios\clue_g19_n50.csv,clue_search,01,55,54,46,10,1,1,1,171,56,115,114,57,168,clue:3;collision_intent:56;dga_entry:57;state:55,560,25,completed
20,dcta_parity_v1,custom,5789862b56c579a63f65129a7c7ce0c99a25e7c55fba998a5a9699fc4a7df60b,03f32103aba060045f2661de3c031f6fbcbc73f46000a9666f166ad349c5805d,DGA,rayleigh_style,sens_-50.63,19,361,4,0.75,271,90.25,90.25,comm_g19_r4_rayleigh_drop025_dga_topk075,C:\Users\lottj\Desktop\research\decentralized benchmark\topk_filter_study\results\sensitivity_suite\scenarios\clue_g19_n50.csv,clue_search,02,55,53,40,16,2,2,2,209,58,151,116,93,205,clue:3;collision_intent:57;dga_entry:93;state:55;target:1,526,22,completed
20,dcta_parity_v1,custom,5789862b56c579a63f65129a7c7ce0c99a25e7c55fba998a5a9699fc4a7df60b,03f32103aba060045f2661de3c031f6fbcbc73f46000a9666f166ad349c5805d,DGA,rayleigh_style,sens_-50.63,19,361,4,0.75,271,90.25,90.25,comm_g19_r4_rayleigh_drop025_dga_topk075,C:\Users\lottj\Desktop\research\decentralized benchmark\topk_filter_study\results\sensitivity_suite\scenarios\clue_g19_n50.csv,clue_search,03,56,54,50,7,0,0,0,178,56,122,115,63,174,clue:3;collision_intent:56;dga_entry:63;state:56,531,47,completed
21,dcta_parity_v1,custom,5789862b56c579a63f65129a7c7ce0c99a25e7c55fba998a5a9699fc4a7df60b,03f32103aba060045f2661de3c031f6fbcbc73f46000a9666f166ad349c5805d,DGA,rayleigh_style,sens_-50.63,19,361,4,0.75,271,90.25,90.25,comm_g19_r4_rayleigh_drop025_dga_topk075,C:\Users\lottj\Desktop\research\decentralized benchmark\topk_filter_study\results\sensitivity_suite\scenarios\clue_g19_n50.csv,clue_search,00,47,9,48,0,0,0,0,133,47,86,96,37,57,clue:2;collision_intent:47;dga_entry:37;state:47,328,22,completed
21,dcta_parity_v1,custom,5789862b56c579a63f65129a7c7ce0c99a25e7c55fba998a5a9699fc4a7df60b,03f32103aba060045f2661de3c031f6fbcbc73f46000a9666f166ad349c5805d,DGA,rayleigh_style,sens_-50.63,19,361,4,0.75,271,90.25,90.25,comm_g19_r4_rayleigh_drop025_dga_topk075,C:\Users\lottj\Desktop\research\decentralized benchmark\topk_filter_study\results\sensitivity_suite\scenarios\clue_g19_n50.csv,clue_search,01,47,10,46,2,0,0,0,117,47,70,96,21,43,clue:2;collision_intent:47;dga_entry:21;state:47,356,10,completed
21,dcta_parity_v1,custom,5789862b56c579a63f65129a7c7ce0c99a25e7c55fba998a5a9699fc4a7df60b,03f32103aba060045f2661de3c031f6fbcbc73f46000a9666f166ad349c5805d,DGA,rayleigh_style,sens_-50.63,19,361,4,0.75,271,90.25,90.25,comm_g19_r4_rayleigh_drop025_dga_topk075,C:\Users\lottj\Desktop\research\decentralized benchmark\topk_filter_study\results\sensitivity_suite\scenarios\clue_g19_n50.csv,clue_search,02,47,9,45,3,0,2,2,117,50,67,99,18,41,clue:2;collision_intent:49;dga_entry:18;state:47;target:1,352,15,completed
21,dcta_parity_v1,custom,5789862b56c579a63f65129a7c7ce0c99a25e7c55fba998a5a9699fc4a7df60b,03f32103aba060045f2661de3c031f6fbcbc73f46000a9666f166ad349c5805d,DGA,rayleigh_style,sens_-50.63,19,361,4,0.75,271,90.25,90.25,comm_g19_r4_rayleigh_drop025_dga_topk075,C:\Users\lottj\Desktop\research\decentralized benchmark\topk_filter_study\results\sensitivity_suite\scenarios\clue_g19_n50.csv,clue_search,03,47,9,44,4,0,0,0,117,47,70,96,21,41,clue:2;collision_intent:47;dga_entry:21;state:47,347,19,completed
22,dcta_parity_v1,custom,5789862b56c579a63f65129a7c7ce0c99a25e7c55fba998a5a9699fc4a7df60b,03f32103aba060045f2661de3c031f6fbcbc73f46000a9666f166ad349c5805d,DGA,rayleigh_style,sens_-50.63,19,361,4,0.75,271,90.25,90.25,comm_g19_r4_rayleigh_drop025_dga_topk075,C:\Users\lottj\Desktop\research\decentralized benchmark\topk_filter_study\results\sensitivity_suite\scenarios\clue_g19_n50.csv,clue_search,00,99,85,79,21,5,2,2,331,102,229,205,126,303,clue:4;collision_intent:101;dga_entry:126;state:99;target:1,875,72,completed
22,dcta_parity_v1,custom,5789862b56c579a63f65129a7c7ce0c99a25e7c55fba998a5a9699fc4a7df60b,03f32103aba060045f2661de3c031f6fbcbc73f46000a9666f166ad349c5805d,DGA,rayleigh_style,sens_-50.63,19,361,4,0.75,271,90.25,90.25,comm_g19_r4_rayleigh_drop025_dga_topk075,C:\Users\lottj\Desktop\research\decentralized benchmark\topk_filter_study\results\sensitivity_suite\scenarios\clue_g19_n50.csv,clue_search,01,100,87,73,28,2,3,3,321,103,218,207,114,295,clue:4;collision_intent:103;dga_entry:114;state:100,874,81,completed
22,dcta_parity_v1,custom,5789862b56c579a63f65129a7c7ce0c99a25e7c55fba998a5a9699fc4a7df60b,03f32103aba060045f2661de3c031f6fbcbc73f46000a9666f166ad349c5805d,DGA,rayleigh_style,sens_-50.63,19,361,4,0.75,271,90.25,90.25,comm_g19_r4_rayleigh_drop025_dga_topk075,C:\Users\lottj\Desktop\research\decentralized benchmark\topk_filter_study\results\sensitivity_suite\scenarios\clue_g19_n50.csv,clue_search,02,100,86,88,13,3,0,0,294,100,194,204,90,266,clue:4;collision_intent:100;dga_entry:90;state:100,909,75,completed
22,dcta_parity_v1,custom,5789862b56c579a63f65129a7c7ce0c99a25e7c55fba998a5a9699fc4a7df60b,03f32103aba060045f2661de3c031f6fbcbc73f46000a9666f166ad349c5805d,DGA,rayleigh_style,sens_-50.63,19,361,4,0.75,271,90.25,90.25,comm_g19_r4_rayleigh_drop025_dga_topk075,C:\Users\lottj\Desktop\research\decentralized benchmark\topk_filter_study\results\sensitivity_suite\scenarios\clue_g19_n50.csv,clue_search,03,99,85,61,39,3,4,4,332,103,229,206,126,304,clue:4;collision_intent:103;dga_entry:126;state:99,879,67,completed
23,dcta_parity_v1,custom,5789862b56c579a63f65129a7c7ce0c99a25e7c55fba998a5a9699fc4a7df60b,03f32103aba060045f2661de3c031f6fbcbc73f46000a9666f166ad349c5805d,DGA,rayleigh_style,sens_-50.63,19,361,4,0.75,271,90.25,90.25,comm_g19_r4_rayleigh_drop025_dga_topk075,C:\Users\lottj\Desktop\research\decentralized benchmark\topk_filter_study\results\sensitivity_suite\scenarios\clue_g19_n50.csv,clue_search,00,55,20,54,2,2,0,0,170,56,114,113,57,100,clue:2;collision_intent:56;dga_entry:57;state:55,431,34,completed
23,dcta_parity_v1,custom,5789862b56c579a63f65129a7c7ce0c99a25e7c55fba998a5a9699fc4a7df60b,03f32103aba060045f2661de3c031f6fbcbc73f46000a9666f166ad349c5805d,DGA,rayleigh_style,sens_-50.63,19,361,4,0.75,271,90.25,90.25,comm_g19_r4_rayleigh_drop025_dga_topk075,C:\Users\lottj\Desktop\research\decentralized benchmark\topk_filter_study\results\sensitivity_suite\scenarios\clue_g19_n50.csv,clue_search,01,55,20,55,1,2,0,0,148,55,93,112,36,78,clue:2;collision_intent:55;dga_entry:36;state:55,469,17,completed
23,dcta_parity_v1,custom,5789862b56c579a63f65129a7c7ce0c99a25e7c55fba998a5a9699fc4a7df60b,03f32103aba060045f2661de3c031f6fbcbc73f46000a9666f166ad349c5805d,DGA,rayleigh_style,sens_-50.63,19,361,4,0.75,271,90.25,90.25,comm_g19_r4_rayleigh_drop025_dga_topk075,C:\Users\lottj\Desktop\research\decentralized benchmark\topk_filter_study\results\sensitivity_suite\scenarios\clue_g19_n50.csv,clue_search,02,56,21,55,2,1,0,0,163,57,106,115,48,93,clue:2;collision_intent:56;dga_entry:48;state:56;target:1,448,25,completed
23,dcta_parity_v1,custom,5789862b56c579a63f65129a7c7ce0c99a25e7c55fba998a5a9699fc4a7df60b,03f32103aba060045f2661de3c031f6fbcbc73f46000a9666f166ad349c5805d,DGA,rayleigh_style,sens_-50.63,19,361,4,0.75,271,90.25,90.25,comm_g19_r4_rayleigh_drop025_dga_topk075,C:\Users\lottj\Desktop\research\decentralized benchmark\topk_filter_study\results\sensitivity_suite\scenarios\clue_g19_n50.csv,clue_search,03,54,19,52,3,1,0,0,155,54,101,110,45,85,clue:2;collision_intent:54;dga_entry:45;state:54,463,16,completed
24,dcta_parity_v1,custom,5789862b56c579a63f65129a7c7ce0c99a25e7c55fba998a5a9699fc4a7df60b,03f32103aba060045f2661de3c031f6fbcbc73f46000a9666f166ad349c5805d,DGA,rayleigh_style,sens_-50.63,19,361,4,0.75,271,90.25,90.25,comm_g19_r4_rayleigh_drop025_dga_topk075,C:\Users\lottj\Desktop\research\decentralized benchmark\topk_filter_study\results\sensitivity_suite\scenarios\clue_g19_n50.csv,clue_search,00,139,130,85,55,2,4,4,467,144,323,287,180,449,clue:4;collision_intent:143;dga_entry:180;state:139;target:1,1326,61,completed
24,dcta_parity_v1,custom,5789862b56c579a63f65129a7c7ce0c99a25e7c55fba998a5a9699fc4a7df60b,03f32103aba060045f2661de3c031f6fbcbc73f46000a9666f166ad349c5805d,DGA,rayleigh_style,sens_-50.63,19,361,4,0.75,271,90.25,90.25,comm_g19_r4_rayleigh_drop025_dga_topk075,C:\Users\lottj\Desktop\research\decentralized benchmark\topk_filter_study\results\sensitivity_suite\scenarios\clue_g19_n50.csv,clue_search,01,138,130,79,60,2,0,0,454,138,316,280,174,437,clue:4;collision_intent:138;dga_entry:174;state:138,1348,52,completed
24,dcta_parity_v1,custom,5789862b56c579a63f65129a7c7ce0c99a25e7c55fba998a5a9699fc4a7df60b,03f32103aba060045f2661de3c031f6fbcbc73f46000a9666f166ad349c5805d,DGA,rayleigh_style,sens_-50.63,19,361,4,0.75,271,90.25,90.25,comm_g19_r4_rayleigh_drop025_dga_topk075,C:\Users\lottj\Desktop\research\decentralized benchmark\topk_filter_study\results\sensitivity_suite\scenarios\clue_g19_n50.csv,clue_search,02,137,128,107,31,4,0,0,492,138,354,279,213,474,clue:4;collision_intent:138;dga_entry:213;state:137,1295,66,completed
24,dcta_parity_v1,custom,5789862b56c579a63f65129a7c7ce0c99a25e7c55fba998a5a9699fc4a7df60b,03f32103aba060045f2661de3c031f6fbcbc73f46000a9666f166ad349c5805d,DGA,rayleigh_style,sens_-50.63,19,361,4,0.75,271,90.25,90.25,comm_g19_r4_rayleigh_drop025_dga_topk075,C:\Users\lottj\Desktop\research\decentralized benchmark\topk_filter_study\results\sensitivity_suite\scenarios\clue_g19_n50.csv,clue_search,03,133,124,79,55,0,8,5,441,142,299,279,162,423,clue:4;collision_intent:142;dga_entry:162;state:133,1357,55,completed
25,dcta_parity_v1,custom,5789862b56c579a63f65129a7c7ce0c99a25e7c55fba998a5a9699fc4a7df60b,03f32103aba060045f2661de3c031f6fbcbc73f46000a9666f166ad349c5805d,DGA,rayleigh_style,sens_-50.63,19,361,4,0.75,271,90.25,90.25,comm_g19_r4_rayleigh_drop025_dga_topk075,C:\Users\lottj\Desktop\research\decentralized benchmark\topk_filter_study\results\sensitivity_suite\scenarios\clue_g19_n50.csv,clue_search,00,106,100,87,20,1,3,3,338,109,229,218,120,326,clue:3;collision_intent:109;dga_entry:120;state:106,1044,43,completed
25,dcta_parity_v1,custom,5789862b56c579a63f65129a7c7ce0c99a25e7c55fba998a5a9699fc4a7df60b,03f32103aba060045f2661de3c031f6fbcbc73f46000a9666f166ad349c5805d,DGA,rayleigh_style,sens_-50.63,19,361,4,0.75,271,90.25,90.25,comm_g19_r4_rayleigh_drop025_dga_topk075,C:\Users\lottj\Desktop\research\decentralized benchmark\topk_filter_study\results\sensitivity_suite\scenarios\clue_g19_n50.csv,clue_search,01,105,99,90,16,1,0,0,381,105,276,213,168,369,clue:3;collision_intent:105;dga_entry:168;state:105,970,74,completed
25,dcta_parity_v1,custom,5789862b56c579a63f65129a7c7ce0c99a25e7c55fba998a5a9699fc4a7df60b,03f32103aba060045f2661de3c031f6fbcbc73f46000a9666f166ad349c5805d,DGA,rayleigh_style,sens_-50.63,19,361,4,0.75,271,90.25,90.25,comm_g19_r4_rayleigh_drop025_dga_topk075,C:\Users\lottj\Desktop\research\decentralized benchmark\topk_filter_study\results\sensitivity_suite\scenarios\clue_g19_n50.csv,clue_search,02,104,98,90,15,1,0,0,383,105,278,212,171,371,clue:3;collision_intent:104;dga_entry:171;state:104;target:1,985,58,completed
25,dcta_parity_v1,custom,5789862b56c579a63f65129a7c7ce0c99a25e7c55fba998a5a9699fc4a7df60b,03f32103aba060045f2661de3c031f6fbcbc73f46000a9666f166ad349c5805d,DGA,rayleigh_style,sens_-50.63,19,361,4,0.75,271,90.25,90.25,comm_g19_r4_rayleigh_drop025_dga_topk075,C:\Users\lottj\Desktop\research\decentralized benchmark\topk_filter_study\results\sensitivity_suite\scenarios\clue_g19_n50.csv,clue_search,03,107,102,71,37,1,2,2,324,109,215,219,105,313,clue:3;collision_intent:109;dga_entry:105;state:107,1041,60,completed
26,dcta_parity_v1,custom,5789862b56c579a63f65129a7c7ce0c99a25e7c55fba998a5a9699fc4a7df60b,03f32103aba060045f2661de3c031f6fbcbc73f46000a9666f166ad349c5805d,DGA,rayleigh_style,sens_-50.63,19,361,4,0.75,271,90.25,90.25,comm_g19_r4_rayleigh_drop025_dga_topk075,C:\Users\lottj\Desktop\research\decentralized benchmark\topk_filter_study\results\sensitivity_suite\scenarios\clue_g19_n50.csv,clue_search,00,61,7,62,0,0,0,0,139,62,77,124,15,31,clue:1;collision_intent:61;dga_entry:15;state:61;target:1,367,32,completed
26,dcta_parity_v1,custom,5789862b56c579a63f65129a7c7ce0c99a25e7c55fba998a5a9699fc4a7df60b,03f32103aba060045f2661de3c031f6fbcbc73f46000a9666f166ad349c5805d,DGA,rayleigh_style,sens_-50.63,19,361,4,0.75,271,90.25,90.25,comm_g19_r4_rayleigh_drop025_dga_topk075,C:\Users\lottj\Desktop\research\decentralized benchmark\topk_filter_study\results\sensitivity_suite\scenarios\clue_g19_n50.csv,clue_search,01,60,7,59,2,0,0,0,133,60,73,121,12,27,clue:1;collision_intent:60;dga_entry:12;state:60,400,3,completed
26,dcta_parity_v1,custom,5789862b56c579a63f65129a7c7ce0c99a25e7c55fba998a5a9699fc4a7df60b,03f32103aba060045f2661de3c031f6fbcbc73f46000a9666f166ad349c5805d,DGA,rayleigh_style,sens_-50.63,19,361,4,0.75,271,90.25,90.25,comm_g19_r4_rayleigh_drop025_dga_topk075,C:\Users\lottj\Desktop\research\decentralized benchmark\topk_filter_study\results\sensitivity_suite\scenarios\clue_g19_n50.csv,clue_search,02,60,6,56,5,0,0,0,133,60,73,121,12,25,clue:1;collision_intent:60;dga_entry:12;state:60,384,21,completed
26,dcta_parity_v1,custom,5789862b56c579a63f65129a7c7ce0c99a25e7c55fba998a5a9699fc4a7df60b,03f32103aba060045f2661de3c031f6fbcbc73f46000a9666f166ad349c5805d,DGA,rayleigh_style,sens_-50.63,19,361,4,0.75,271,90.25,90.25,comm_g19_r4_rayleigh_drop025_dga_topk075,C:\Users\lottj\Desktop\research\decentralized benchmark\topk_filter_study\results\sensitivity_suite\scenarios\clue_g19_n50.csv,clue_search,03,60,7,59,2,0,0,0,133,60,73,121,12,27,clue:1;collision_intent:60;dga_entry:12;state:60,377,27,completed
27,dcta_parity_v1,custom,5789862b56c579a63f65129a7c7ce0c99a25e7c55fba998a5a9699fc4a7df60b,03f32103aba060045f2661de3c031f6fbcbc73f46000a9666f166ad349c5805d,DGA,rayleigh_style,sens_-50.63,19,361,4,0.75,271,90.25,90.25,comm_g19_r4_rayleigh_drop025_dga_topk075,C:\Users\lottj\Desktop\research\decentralized benchmark\topk_filter_study\results\sensitivity_suite\scenarios\clue_g19_n50.csv,clue_search,00,65,56,47,19,2,7,4,238,72,166,139,99,220,clue:2;collision_intent:72;dga_entry:99;state:65,701,38,completed
27,dcta_parity_v1,custom,5789862b56c579a63f65129a7c7ce0c99a25e7c55fba998a5a9699fc4a7df60b,03f32103aba060045f2661de3c031f6fbcbc73f46000a9666f166ad349c5805d,DGA,rayleigh_style,sens_-50.63,19,361,4,0.75,271,90.25,90.25,comm_g19_r4_rayleigh_drop025_dga_topk075,C:\Users\lottj\Desktop\research\decentralized benchmark\topk_filter_study\results\sensitivity_suite\scenarios\clue_g19_n50.csv,clue_search,01,66,57,49,18,0,4,3,219,70,149,138,81,201,clue:2;collision_intent:70;dga_entry:81;state:66,722,38,completed
27,dcta_parity_v1,custom,5789862b56c579a63f65129a7c7ce0c99a25e7c55fba998a5a9699fc4a7df60b,03f32103aba060045f2661de3c031f6fbcbc73f46000a9666f166ad349c5805d,DGA,rayleigh_style,sens_-50.63,19,361,4,0.75,271,90.25,90.25,comm_g19_r4_rayleigh_drop025_dga_topk075,C:\Users\lottj\Desktop\research\decentralized benchmark\topk_filter_study\results\sensitivity_suite\scenarios\clue_g19_n50.csv,clue_search,02,67,57,63,5,1,4,3,279,72,207,141,138,259,clue:2;collision_intent:71;dga_entry:138;state:67;target:1,648,52,completed
27,dcta_parity_v1,custom,5789862b56c579a63f65129a7c7ce0c99a25e7c55fba998a5a9699fc4a7df60b,03f32103aba060045f2661de3c031f6fbcbc73f46000a9666f166ad349c5805d,DGA,rayleigh_style,sens_-50.63,19,361,4,0.75,271,90.25,90.25,comm_g19_r4_rayleigh_drop025_dga_topk075,C:\Users\lottj\Desktop\research\decentralized benchmark\topk_filter_study\results\sensitivity_suite\scenarios\clue_g19_n50.csv,clue_search,03,66,57,67,0,1,3,1,243,70,173,138,105,225,clue:2;collision_intent:70;dga_entry:105;state:66,690,45,completed
28,dcta_parity_v1,custom,5789862b56c579a63f65129a7c7ce0c99a25e7c55fba998a5a9699fc4a7df60b,03f32103aba060045f2661de3c031f6fbcbc73f46000a9666f166ad349c5805d,DGA,rayleigh_style,sens_-50.63,19,361,4,0.75,271,90.25,90.25,comm_g19_r4_rayleigh_drop025_dga_topk075,C:\Users\lottj\Desktop\research\decentralized benchmark\topk_filter_study\results\sensitivity_suite\scenarios\clue_g19_n50.csv,clue_search,00,26,9,27,0,0,0,0,78,27,51,54,24,44,clue:1;collision_intent:26;dga_entry:24;state:26;target:1,221,14,completed
28,dcta_parity_v1,custom,5789862b56c579a63f65129a7c7ce0c99a25e7c55fba998a5a9699fc4a7df60b,03f32103aba060045f2661de3c031f6fbcbc73f46000a9666f166ad349c5805d,DGA,rayleigh_style,sens_-50.63,19,361,4,0.75,271,90.25,90.25,comm_g19_r4_rayleigh_drop025_dga_topk075,C:\Users\lottj\Desktop\research\decentralized benchmark\topk_filter_study\results\sensitivity_suite\scenarios\clue_g19_n50.csv,clue_search,01,25,8,26,0,0,0,0,75,25,50,51,24,41,clue:1;collision_intent:25;dga_entry:24;state:25,235,2,completed
28,dcta_parity_v1,custom,5789862b56c579a63f65129a7c7ce0c99a25e7c55fba998a5a9699fc4a7df60b,03f32103aba060045f2661de3c031f6fbcbc73f46000a9666f166ad349c5805d,DGA,rayleigh_style,sens_-50.63,19,361,4,0.75,271,90.25,90.25,comm_g19_r4_rayleigh_drop025_dga_topk075,C:\Users\lottj\Desktop\research\decentralized benchmark\topk_filter_study\results\sensitivity_suite\scenarios\clue_g19_n50.csv,clue_search,02,26,8,27,0,0,0,0,83,26,57,53,30,47,clue:1;collision_intent:26;dga_entry:30;state:26,228,2,completed
28,dcta_parity_v1,custom,5789862b56c579a63f65129a7c7ce0c99a25e7c55fba998a5a9699fc4a7df60b,03f32103aba060045f2661de3c031f6fbcbc73f46000a9666f166ad349c5805d,DGA,rayleigh_style,sens_-50.63,19,361,4,0.75,271,90.25,90.25,comm_g19_r4_rayleigh_drop025_dga_topk075,C:\Users\lottj\Desktop\research\decentralized benchmark\topk_filter_study\results\sensitivity_suite\scenarios\clue_g19_n50.csv,clue_search,03,26,9,27,0,1,0,0,77,26,51,53,24,43,clue:1;collision_intent:26;dga_entry:24;state:26,222,13,completed
29,dcta_parity_v1,custom,5789862b56c579a63f65129a7c7ce0c99a25e7c55fba998a5a9699fc4a7df60b,03f32103aba060045f2661de3c031f6fbcbc73f46000a9666f166ad349c5805d,DGA,rayleigh_style,sens_-50.63,19,361,4,0.75,271,90.25,90.25,comm_g19_r4_rayleigh_drop025_dga_topk075,C:\Users\lottj\Desktop\research\decentralized benchmark\topk_filter_study\results\sensitivity_suite\scenarios\clue_g19_n50.csv,clue_search,00,55,13,53,3,0,0,0,145,55,90,112,33,61,clue:2;collision_intent:55;dga_entry:33;state:55,387,32,completed
29,dcta_parity_v1,custom,5789862b56c579a63f65129a7c7ce0c99a25e7c55fba998a5a9699fc4a7df60b,03f32103aba060045f2661de3c031f6fbcbc73f46000a9666f166ad349c5805d,DGA,rayleigh_style,sens_-50.63,19,361,4,0.75,271,90.25,90.25,comm_g19_r4_rayleigh_drop025_dga_topk075,C:\Users\lottj\Desktop\research\decentralized benchmark\topk_filter_study\results\sensitivity_suite\scenarios\clue_g19_n50.csv,clue_search,01,53,11,49,5,0,1,1,127,54,73,109,18,43,clue:2;collision_intent:54;dga_entry:18;state:53,433,5,completed
29,dcta_parity_v1,custom,5789862b56c579a63f65129a7c7ce0c99a25e7c55fba998a5a9699fc4a7df60b,03f32103aba060045f2661de3c031f6fbcbc73f46000a9666f166ad349c5805d,DGA,rayleigh_style,sens_-50.63,19,361,4,0.75,271,90.25,90.25,comm_g19_r4_rayleigh_drop025_dga_topk075,C:\Users\lottj\Desktop\research\decentralized benchmark\topk_filter_study\results\sensitivity_suite\scenarios\clue_g19_n50.csv,clue_search,02,55,13,48,8,1,1,1,143,57,86,114,29,59,clue:2;collision_intent:56;dga_entry:29;state:55;target:1,416,7,completed
29,dcta_parity_v1,custom,5789862b56c579a63f65129a7c7ce0c99a25e7c55fba998a5a9699fc4a7df60b,03f32103aba060045f2661de3c031f6fbcbc73f46000a9666f166ad349c5805d,DGA,rayleigh_style,sens_-50.63,19,361,4,0.75,271,90.25,90.25,comm_g19_r4_rayleigh_drop025_dga_topk075,C:\Users\lottj\Desktop\research\decentralized benchmark\topk_filter_study\results\sensitivity_suite\scenarios\clue_g19_n50.csv,clue_search,03,54,12,49,6,0,0,0,151,55,96,111,40,67,clue:2;collision_intent:55;dga_entry:40;state:54,397,18,completed
30,dcta_parity_v1,custom,5789862b56c579a63f65129a7c7ce0c99a25e7c55fba998a5a9699fc4a7df60b,03f32103aba060045f2661de3c031f6fbcbc73f46000a9666f166ad349c5805d,DGA,rayleigh_style,sens_-50.63,19,361,4,0.75,271,90.25,90.25,comm_g19_r4_rayleigh_drop025_dga_topk075,C:\Users\lottj\Desktop\research\decentralized benchmark\topk_filter_study\results\sensitivity_suite\scenarios\clue_g19_n50.csv,clue_search,00,18,0,19,0,0,0,0,36,18,18,36,0,0,collision_intent:18;state:18,98,11,completed
30,dcta_parity_v1,custom,5789862b56c579a63f65129a7c7ce0c99a25e7c55fba998a5a9699fc4a7df60b,03f32103aba060045f2661de3c031f6fbcbc73f46000a9666f166ad349c5805d,DGA,rayleigh_style,sens_-50.63,19,361,4,0.75,271,90.25,90.25,comm_g19_r4_rayleigh_drop025_dga_topk075,C:\Users\lottj\Desktop\research\decentralized benchmark\topk_filter_study\results\sensitivity_suite\scenarios\clue_g19_n50.csv,clue_search,01,18,0,19,0,0,0,0,37,19,18,37,0,0,collision_intent:18;state:18;target:1,108,0,completed
30,dcta_parity_v1,custom,5789862b56c579a63f65129a7c7ce0c99a25e7c55fba998a5a9699fc4a7df60b,03f32103aba060045f2661de3c031f6fbcbc73f46000a9666f166ad349c5805d,DGA,rayleigh_style,sens_-50.63,19,361,4,0.75,271,90.25,90.25,comm_g19_r4_rayleigh_drop025_dga_topk075,C:\Users\lottj\Desktop\research\decentralized benchmark\topk_filter_study\results\sensitivity_suite\scenarios\clue_g19_n50.csv,clue_search,02,18,0,19,0,0,0,0,36,18,18,36,0,0,collision_intent:18;state:18,104,4,completed
30,dcta_parity_v1,custom,5789862b56c579a63f65129a7c7ce0c99a25e7c55fba998a5a9699fc4a7df60b,03f32103aba060045f2661de3c031f6fbcbc73f46000a9666f166ad349c5805d,DGA,rayleigh_style,sens_-50.63,19,361,4,0.75,271,90.25,90.25,comm_g19_r4_rayleigh_drop025_dga_topk075,C:\Users\lottj\Desktop\research\decentralized benchmark\topk_filter_study\results\sensitivity_suite\scenarios\clue_g19_n50.csv,clue_search,03,18,0,19,0,0,0,0,36,18,18,36,0,0,collision_intent:18;state:18,99,9,completed
31,dcta_parity_v1,custom,5789862b56c579a63f65129a7c7ce0c99a25e7c55fba998a5a9699fc4a7df60b,03f32103aba060045f2661de3c031f6fbcbc73f46000a9666f166ad349c5805d,DGA,rayleigh_style,sens_-50.63,19,361,4,0.75,271,90.25,90.25,comm_g19_r4_rayleigh_drop025_dga_topk075,C:\Users\lottj\Desktop\research\decentralized benchmark\topk_filter_study\results\sensitivity_suite\scenarios\clue_g19_n50.csv,clue_search,00,69,65,48,22,1,1,1,239,70,169,140,99,231,clue:1;collision_intent:70;dga_entry:99;state:69,587,41,completed
31,dcta_parity_v1,custom,5789862b56c579a63f65129a7c7ce0c99a25e7c55fba998a5a9699fc4a7df60b,03f32103aba060045f2661de3c031f6fbcbc73f46000a9666f166ad349c5805d,DGA,rayleigh_style,sens_-50.63,19,361,4,0.75,271,90.25,90.25,comm_g19_r4_rayleigh_drop025_dga_topk075,C:\Users\lottj\Desktop\research\decentralized benchmark\topk_filter_study\results\sensitivity_suite\scenarios\clue_g19_n50.csv,clue_search,01,69,65,47,23,1,0,0,203,70,133,140,63,195,clue:1;collision_intent:69;dga_entry:63;state:69;target:1,642,23,completed
31,dcta_parity_v1,custom,5789862b56c579a63f65129a7c7ce0c99a25e7c55fba998a5a9699fc4a7df60b,03f32103aba060045f2661de3c031f6fbcbc73f46000a9666f166ad349c5805d,DGA,rayleigh_style,sens_-50.63,19,361,4,0.75,271,90.25,90.25,comm_g19_r4_rayleigh_drop025_dga_topk075,C:\Users\lottj\Desktop\research\decentralized benchmark\topk_filter_study\results\sensitivity_suite\scenarios\clue_g19_n50.csv,clue_search,02,68,64,48,21,0,1,1,204,69,135,138,66,196,clue:1;collision_intent:69;dga_entry:66;state:68,637,27,completed
31,dcta_parity_v1,custom,5789862b56c579a63f65129a7c7ce0c99a25e7c55fba998a5a9699fc4a7df60b,03f32103aba060045f2661de3c031f6fbcbc73f46000a9666f166ad349c5805d,DGA,rayleigh_style,sens_-50.63,19,361,4,0.75,271,90.25,90.25,comm_g19_r4_rayleigh_drop025_dga_topk075,C:\Users\lottj\Desktop\research\decentralized benchmark\topk_filter_study\results\sensitivity_suite\scenarios\clue_g19_n50.csv,clue_search,03,67,63,48,20,0,0,0,222,67,155,135,87,214,clue:1;collision_intent:67;dga_entry:87;state:67,596,48,completed
32,dcta_parity_v1,custom,5789862b56c579a63f65129a7c7ce0c99a25e7c55fba998a5a9699fc4a7df60b,03f32103aba060045f2661de3c031f6fbcbc73f46000a9666f166ad349c5805d,DGA,rayleigh_style,sens_-50.63,19,361,4,0.75,271,90.25,90.25,comm_g19_r4_rayleigh_drop025_dga_topk075,C:\Users\lottj\Desktop\research\decentralized benchmark\topk_filter_study\results\sensitivity_suite\scenarios\clue_g19_n50.csv,clue_search,00,21,0,22,0,0,0,0,42,21,21,42,0,0,collision_intent:21;state:21,122,10,completed
32,dcta_parity_v1,custom,5789862b56c579a63f65129a7c7ce0c99a25e7c55fba998a5a9699fc4a7df60b,03f32103aba060045f2661de3c031f6fbcbc73f46000a9666f166ad349c5805d,DGA,rayleigh_style,sens_-50.63,19,361,4,0.75,271,90.25,90.25,comm_g19_r4_rayleigh_drop025_dga_topk075,C:\Users\lottj\Desktop\research\decentralized benchmark\topk_filter_study\results\sensitivity_suite\scenarios\clue_g19_n50.csv,clue_search,01,22,0,23,0,0,0,0,45,23,22,45,0,0,collision_intent:22;state:22;target:1,128,1,completed
32,dcta_parity_v1,custom,5789862b56c579a63f65129a7c7ce0c99a25e7c55fba998a5a9699fc4a7df60b,03f32103aba060045f2661de3c031f6fbcbc73f46000a9666f166ad349c5805d,DGA,rayleigh_style,sens_-50.63,19,361,4,0.75,271,90.25,90.25,comm_g19_r4_rayleigh_drop025_dga_topk075,C:\Users\lottj\Desktop\research\decentralized benchmark\topk_filter_study\results\sensitivity_suite\scenarios\clue_g19_n50.csv,clue_search,02,22,0,23,0,0,0,0,44,22,22,44,0,0,collision_intent:22;state:22,124,5,completed
32,dcta_parity_v1,custom,5789862b56c579a63f65129a7c7ce0c99a25e7c55fba998a5a9699fc4a7df60b,03f32103aba060045f2661de3c031f6fbcbc73f46000a9666f166ad349c5805d,DGA,rayleigh_style,sens_-50.63,19,361,4,0.75,271,90.25,90.25,comm_g19_r4_rayleigh_drop025_dga_topk075,C:\Users\lottj\Desktop\research\decentralized benchmark\topk_filter_study\results\sensitivity_suite\scenarios\clue_g19_n50.csv,clue_search,03,21,0,22,0,0,0,0,43,22,21,43,0,0,collision_intent:22;state:21,125,4,completed
33,dcta_parity_v1,custom,5789862b56c579a63f65129a7c7ce0c99a25e7c55fba998a5a9699fc4a7df60b,03f32103aba060045f2661de3c031f6fbcbc73f46000a9666f166ad349c5805d,DGA,rayleigh_style,sens_-50.63,19,361,4,0.75,271,90.25,90.25,comm_g19_r4_rayleigh_drop025_dga_topk075,C:\Users\lottj\Desktop\research\decentralized benchmark\topk_filter_study\results\sensitivity_suite\scenarios\clue_g19_n50.csv,clue_search,00,3,0,4,0,0,0,0,6,3,3,6,0,0,collision_intent:3;state:3,12,1,completed
33,dcta_parity_v1,custom,5789862b56c579a63f65129a7c7ce0c99a25e7c55fba998a5a9699fc4a7df60b,03f32103aba060045f2661de3c031f6fbcbc73f46000a9666f166ad349c5805d,DGA,rayleigh_style,sens_-50.63,19,361,4,0.75,271,90.25,90.25,comm_g19_r4_rayleigh_drop025_dga_topk075,C:\Users\lottj\Desktop\research\decentralized benchmark\topk_filter_study\results\sensitivity_suite\scenarios\clue_g19_n50.csv,clue_search,01,2,0,3,0,0,0,0,4,2,2,4,0,0,collision_intent:2;state:2,15,1,completed
33,dcta_parity_v1,custom,5789862b56c579a63f65129a7c7ce0c99a25e7c55fba998a5a9699fc4a7df60b,03f32103aba060045f2661de3c031f6fbcbc73f46000a9666f166ad349c5805d,DGA,rayleigh_style,sens_-50.63,19,361,4,0.75,271,90.25,90.25,comm_g19_r4_rayleigh_drop025_dga_topk075,C:\Users\lottj\Desktop\research\decentralized benchmark\topk_filter_study\results\sensitivity_suite\scenarios\clue_g19_n50.csv,clue_search,02,3,0,4,0,0,0,0,7,4,3,7,0,0,collision_intent:3;state:3;target:1,14,0,completed
33,dcta_parity_v1,custom,5789862b56c579a63f65129a7c7ce0c99a25e7c55fba998a5a9699fc4a7df60b,03f32103aba060045f2661de3c031f6fbcbc73f46000a9666f166ad349c5805d,DGA,rayleigh_style,sens_-50.63,19,361,4,0.75,271,90.25,90.25,comm_g19_r4_rayleigh_drop025_dga_topk075,C:\Users\lottj\Desktop\research\decentralized benchmark\topk_filter_study\results\sensitivity_suite\scenarios\clue_g19_n50.csv,clue_search,03,2,0,3,0,0,0,0,4,2,2,4,0,0,collision_intent:2;state:2,14,2,completed
34,dcta_parity_v1,custom,5789862b56c579a63f65129a7c7ce0c99a25e7c55fba998a5a9699fc4a7df60b,03f32103aba060045f2661de3c031f6fbcbc73f46000a9666f166ad349c5805d,DGA,rayleigh_style,sens_-50.63,19,361,4,0.75,271,90.25,90.25,comm_g19_r4_rayleigh_drop025_dga_topk075,C:\Users\lottj\Desktop\research\decentralized benchmark\topk_filter_study\results\sensitivity_suite\scenarios\clue_g19_n50.csv,clue_search,00,93,67,71,23,0,0,0,330,93,237,189,141,278,clue:3;collision_intent:93;dga_entry:141;state:93,850,79,completed
34,dcta_parity_v1,custom,5789862b56c579a63f65129a7c7ce0c99a25e7c55fba998a5a9699fc4a7df60b,03f32103aba060045f2661de3c031f6fbcbc73f46000a9666f166ad349c5805d,DGA,rayleigh_style,sens_-50.63,19,361,4,0.75,271,90.25,90.25,comm_g19_r4_rayleigh_drop025_dga_topk075,C:\Users\lottj\Desktop\research\decentralized benchmark\topk_filter_study\results\sensitivity_suite\scenarios\clue_g19_n50.csv,clue_search,01,92,67,75,18,2,5,3,293,99,194,194,99,243,clue:3;collision_intent:98;dga_entry:99;state:92;target:1,922,44,completed
34,dcta_parity_v1,custom,5789862b56c579a63f65129a7c7ce0c99a25e7c55fba998a5a9699fc4a7df60b,03f32103aba060045f2661de3c031f6fbcbc73f46000a9666f166ad349c5805d,DGA,rayleigh_style,sens_-50.63,19,361,4,0.75,271,90.25,90.25,comm_g19_r4_rayleigh_drop025_dga_topk075,C:\Users\lottj\Desktop\research\decentralized benchmark\topk_filter_study\results\sensitivity_suite\scenarios\clue_g19_n50.csv,clue_search,02,92,66,64,29,1,2,1,300,94,206,189,111,248,clue:3;collision_intent:94;dga_entry:111;state:92,896,62,completed
34,dcta_parity_v1,custom,5789862b56c579a63f65129a7c7ce0c99a25e7c55fba998a5a9699fc4a7df60b,03f32103aba060045f2661de3c031f6fbcbc73f46000a9666f166ad349c5805d,DGA,rayleigh_style,sens_-50.63,19,361,4,0.75,271,90.25,90.25,comm_g19_r4_rayleigh_drop025_dga_topk075,C:\Users\lottj\Desktop\research\decentralized benchmark\topk_filter_study\results\sensitivity_suite\scenarios\clue_g19_n50.csv,clue_search,03,92,67,82,11,3,2,2,336,94,242,189,147,286,clue:3;collision_intent:94;dga_entry:147;state:92,857,64,completed
35,dcta_parity_v1,custom,5789862b56c579a63f65129a7c7ce0c99a25e7c55fba998a5a9699fc4a7df60b,03f32103aba060045f2661de3c031f6fbcbc73f46000a9666f166ad349c5805d,DGA,rayleigh_style,sens_-50.63,19,361,4,0.75,271,90.25,90.25,comm_g19_r4_rayleigh_drop025_dga_topk075,C:\Users\lottj\Desktop\research\decentralized benchmark\topk_filter_study\results\sensitivity_suite\scenarios\clue_g19_n50.csv,clue_search,00,29,20,29,1,0,0,0,106,29,77,59,47,88,clue:1;collision_intent:29;dga_entry:47;state:29,260,21,completed
35,dcta_parity_v1,custom,5789862b56c579a63f65129a7c7ce0c99a25e7c55fba998a5a9699fc4a7df60b,03f32103aba060045f2661de3c031f6fbcbc73f46000a9666f166ad349c5805d,DGA,rayleigh_style,sens_-50.63,19,361,4,0.75,271,90.25,90.25,comm_g19_r4_rayleigh_drop025_dga_topk075,C:\Users\lottj\Desktop\research\decentralized benchmark\topk_filter_study\results\sensitivity_suite\scenarios\clue_g19_n50.csv,clue_search,01,28,20,23,6,2,0,0,96,29,67,58,38,80,clue:1;collision_intent:29;dga_entry:38;state:28,288,5,completed
35,dcta_parity_v1,custom,5789862b56c579a63f65129a7c7ce0c99a25e7c55fba998a5a9699fc4a7df60b,03f32103aba060045f2661de3c031f6fbcbc73f46000a9666f166ad349c5805d,DGA,rayleigh_style,sens_-50.63,19,361,4,0.75,271,90.25,90.25,comm_g19_r4_rayleigh_drop025_dga_topk075,C:\Users\lottj\Desktop\research\decentralized benchmark\topk_filter_study\results\sensitivity_suite\scenarios\clue_g19_n50.csv,clue_search,02,29,20,29,1,1,0,0,89,29,60,59,30,71,clue:1;collision_intent:29;dga_entry:30;state:29,291,9,completed
35,dcta_parity_v1,custom,5789862b56c579a63f65129a7c7ce0c99a25e7c55fba998a5a9699fc4a7df60b,03f32103aba060045f2661de3c031f6fbcbc73f46000a9666f166ad349c5805d,DGA,rayleigh_style,sens_-50.63,19,361,4,0.75,271,90.25,90.25,comm_g19_r4_rayleigh_drop025_dga_topk075,C:\Users\lottj\Desktop\research\decentralized benchmark\topk_filter_study\results\sensitivity_suite\scenarios\clue_g19_n50.csv,clue_search,03,30,21,30,1,0,0,0,98,31,67,62,36,80,clue:1;collision_intent:30;dga_entry:36;state:30;target:1,280,11,completed
36,dcta_parity_v1,custom,5789862b56c579a63f65129a7c7ce0c99a25e7c55fba998a5a9699fc4a7df60b,03f32103aba060045f2661de3c031f6fbcbc73f46000a9666f166ad349c5805d,DGA,rayleigh_style,sens_-50.63,19,361,4,0.75,271,90.25,90.25,comm_g19_r4_rayleigh_drop025_dga_topk075,C:\Users\lottj\Desktop\research\decentralized benchmark\topk_filter_study\results\sensitivity_suite\scenarios\clue_g19_n50.csv,clue_search,00,7,0,8,0,0,0,0,14,7,7,14,0,0,collision_intent:7;state:7,40,1,completed
36,dcta_parity_v1,custom,5789862b56c579a63f65129a7c7ce0c99a25e7c55fba998a5a9699fc4a7df60b,03f32103aba060045f2661de3c031f6fbcbc73f46000a9666f166ad349c5805d,DGA,rayleigh_style,sens_-50.63,19,361,4,0.75,271,90.25,90.25,comm_g19_r4_rayleigh_drop025_dga_topk075,C:\Users\lottj\Desktop\research\decentralized benchmark\topk_filter_study\results\sensitivity_suite\scenarios\clue_g19_n50.csv,clue_search,01,6,0,7,0,0,0,0,12,6,6,12,0,0,collision_intent:6;state:6,41,0,completed
36,dcta_parity_v1,custom,5789862b56c579a63f65129a7c7ce0c99a25e7c55fba998a5a9699fc4a7df60b,03f32103aba060045f2661de3c031f6fbcbc73f46000a9666f166ad349c5805d,DGA,rayleigh_style,sens_-50.63,19,361,4,0.75,271,90.25,90.25,comm_g19_r4_rayleigh_drop025_dga_topk075,C:\Users\lottj\Desktop\research\decentralized benchmark\topk_filter_study\results\sensitivity_suite\scenarios\clue_g19_n50.csv,clue_search,02,7,0,8,0,0,0,0,14,7,7,14,0,0,collision_intent:7;state:7,40,1,completed
36,dcta_parity_v1,custom,5789862b56c579a63f65129a7c7ce0c99a25e7c55fba998a5a9699fc4a7df60b,03f32103aba060045f2661de3c031f6fbcbc73f46000a9666f166ad349c5805d,DGA,rayleigh_style,sens_-50.63,19,361,4,0.75,271,90.25,90.25,comm_g19_r4_rayleigh_drop025_dga_topk075,C:\Users\lottj\Desktop\research\decentralized benchmark\topk_filter_study\results\sensitivity_suite\scenarios\clue_g19_n50.csv,clue_search,03,7,0,8,0,0,0,0,15,8,7,15,0,0,collision_intent:7;state:7;target:1,35,5,completed
37,dcta_parity_v1,custom,5789862b56c579a63f65129a7c7ce0c99a25e7c55fba998a5a9699fc4a7df60b,03f32103aba060045f2661de3c031f6fbcbc73f46000a9666f166ad349c5805d,DGA,rayleigh_style,sens_-50.63,19,361,4,0.75,271,90.25,90.25,comm_g19_r4_rayleigh_drop025_dga_topk075,C:\Users\lottj\Desktop\research\decentralized benchmark\topk_filter_study\results\sensitivity_suite\scenarios\clue_g19_n50.csv,clue_search,00,133,132,78,56,6,0,0,444,133,311,270,174,442,clue:4;collision_intent:133;dga_entry:174;state:133,1230,49,completed
37,dcta_parity_v1,custom,5789862b56c579a63f65129a7c7ce0c99a25e7c55fba998a5a9699fc4a7df60b,03f32103aba060045f2661de3c031f6fbcbc73f46000a9666f166ad349c5805d,DGA,rayleigh_style,sens_-50.63,19,361,4,0.75,271,90.25,90.25,comm_g19_r4_rayleigh_drop025_dga_topk075,C:\Users\lottj\Desktop\research\decentralized benchmark\topk_filter_study\results\sensitivity_suite\scenarios\clue_g19_n50.csv,clue_search,01,133,133,80,54,5,3,3,429,136,293,273,156,428,clue:4;collision_intent:136;dga_entry:156;state:133,1238,56,completed
37,dcta_parity_v1,custom,5789862b56c579a63f65129a7c7ce0c99a25e7c55fba998a5a9699fc4a7df60b,03f32103aba060045f2661de3c031f6fbcbc73f46000a9666f166ad349c5805d,DGA,rayleigh_style,sens_-50.63,19,361,4,0.75,271,90.25,90.25,comm_g19_r4_rayleigh_drop025_dga_topk075,C:\Users\lottj\Desktop\research\decentralized benchmark\topk_filter_study\results\sensitivity_suite\scenarios\clue_g19_n50.csv,clue_search,02,132,131,90,43,4,3,3,446,136,310,272,174,444,clue:4;collision_intent:135;dga_entry:174;state:132;target:1,1232,46,completed
37,dcta_parity_v1,custom,5789862b56c579a63f65129a7c7ce0c99a25e7c55fba998a5a9699fc4a7df60b,03f32103aba060045f2661de3c031f6fbcbc73f46000a9666f166ad349c5805d,DGA,rayleigh_style,sens_-50.63,19,361,4,0.75,271,90.25,90.25,comm_g19_r4_rayleigh_drop025_dga_topk075,C:\Users\lottj\Desktop\research\decentralized benchmark\topk_filter_study\results\sensitivity_suite\scenarios\clue_g19_n50.csv,clue_search,03,131,131,78,54,1,7,6,405,138,267,273,132,404,clue:4;collision_intent:138;dga_entry:132;state:131,1280,38,completed
38,dcta_parity_v1,custom,5789862b56c579a63f65129a7c7ce0c99a25e7c55fba998a5a9699fc4a7df60b,03f32103aba060045f2661de3c031f6fbcbc73f46000a9666f166ad349c5805d,DGA,rayleigh_style,sens_-50.63,19,361,4,0.75,271,90.25,90.25,comm_g19_r4_rayleigh_drop025_dga_topk075,C:\Users\lottj\Desktop\research\decentralized benchmark\topk_filter_study\results\sensitivity_suite\scenarios\clue_g19_n50.csv,clue_search,00,45,3,46,0,0,0,0,112,45,67,91,21,28,clue:1;collision_intent:45;dga_entry:21;state:45,319,33,completed
38,dcta_parity_v1,custom,5789862b56c579a63f65129a7c7ce0c99a25e7c55fba998a5a9699fc4a7df60b,03f32103aba060045f2661de3c031f6fbcbc73f46000a9666f166ad349c5805d,DGA,rayleigh_style,sens_-50.63,19,361,4,0.75,271,90.25,90.25,comm_g19_r4_rayleigh_drop025_dga_topk075,C:\Users\lottj\Desktop\research\decentralized benchmark\topk_filter_study\results\sensitivity_suite\scenarios\clue_g19_n50.csv,clue_search,01,45,3,46,0,0,0,0,118,45,73,91,27,34,clue:1;collision_intent:45;dga_entry:27;state:45,331,16,completed
38,dcta_parity_v1,custom,5789862b56c579a63f65129a7c7ce0c99a25e7c55fba998a5a9699fc4a7df60b,03f32103aba060045f2661de3c031f6fbcbc73f46000a9666f166ad349c5805d,DGA,rayleigh_style,sens_-50.63,19,361,4,0.75,271,90.25,90.25,comm_g19_r4_rayleigh_drop025_dga_topk075,C:\Users\lottj\Desktop\research\decentralized benchmark\topk_filter_study\results\sensitivity_suite\scenarios\clue_g19_n50.csv,clue_search,02,46,3,47,0,0,0,0,117,46,71,93,24,31,clue:1;collision_intent:46;dga_entry:24;state:46,337,11,completed
38,dcta_parity_v1,custom,5789862b56c579a63f65129a7c7ce0c99a25e7c55fba998a5a9699fc4a7df60b,03f32103aba060045f2661de3c031f6fbcbc73f46000a9666f166ad349c5805d,DGA,rayleigh_style,sens_-50.63,19,361,4,0.75,271,90.25,90.25,comm_g19_r4_rayleigh_drop025_dga_topk075,C:\Users\lottj\Desktop\research\decentralized benchmark\topk_filter_study\results\sensitivity_suite\scenarios\clue_g19_n50.csv,clue_search,03,46,3,47,0,0,0,0,118,47,71,94,24,32,clue:1;collision_intent:46;dga_entry:24;state:46;target:1,321,26,completed
39,dcta_parity_v1,custom,5789862b56c579a63f65129a7c7ce0c99a25e7c55fba998a5a9699fc4a7df60b,03f32103aba060045f2661de3c031f6fbcbc73f46000a9666f166ad349c5805d,DGA,rayleigh_style,sens_-50.63,19,361,4,0.75,271,90.25,90.25,comm_g19_r4_rayleigh_drop025_dga_topk075,C:\Users\lottj\Desktop\research\decentralized benchmark\topk_filter_study\results\sensitivity_suite\scenarios\clue_g19_n50.csv,clue_search,00,115,96,85,31,1,0,0,369,115,254,234,135,330,clue:4;collision_intent:115;dga_entry:135;state:115,1019,91,completed
39,dcta_parity_v1,custom,5789862b56c579a63f65129a7c7ce0c99a25e7c55fba998a5a9699fc4a7df60b,03f32103aba060045f2661de3c031f6fbcbc73f46000a9666f166ad349c5805d,DGA,rayleigh_style,sens_-50.63,19,361,4,0.75,271,90.25,90.25,comm_g19_r4_rayleigh_drop025_dga_topk075,C:\Users\lottj\Desktop\research\decentralized benchmark\topk_filter_study\results\sensitivity_suite\scenarios\clue_g19_n50.csv,clue_search,01,115,96,97,19,2,3,3,376,119,257,238,138,338,clue:4;collision_intent:118;dga_entry:138;state:115;target:1,1039,65,completed
39,dcta_parity_v1,custom,5789862b56c579a63f65129a7c7ce0c99a25e7c55fba998a5a9699fc4a7df60b,03f32103aba060045f2661de3c031f6fbcbc73f46000a9666f166ad349c5805d,DGA,rayleigh_style,sens_-50.63,19,361,4,0.75,271,90.25,90.25,comm_g19_r4_rayleigh_drop025_dga_topk075,C:\Users\lottj\Desktop\research\decentralized benchmark\topk_filter_study\results\sensitivity_suite\scenarios\clue_g19_n50.csv,clue_search,02,116,96,90,27,1,1,1,369,117,252,237,132,329,clue:4;collision_intent:117;dga_entry:132;state:116,1049,61,completed
39,dcta_parity_v1,custom,5789862b56c579a63f65129a7c7ce0c99a25e7c55fba998a5a9699fc4a7df60b,03f32103aba060045f2661de3c031f6fbcbc73f46000a9666f166ad349c5805d,DGA,rayleigh_style,sens_-50.63,19,361,4,0.75,271,90.25,90.25,comm_g19_r4_rayleigh_drop025_dga_topk075,C:\Users\lottj\Desktop\research\decentralized benchmark\topk_filter_study\results\sensitivity_suite\scenarios\clue_g19_n50.csv,clue_search,03,112,93,70,43,4,2,2,366,115,251,231,135,328,clue:4;collision_intent:115;dga_entry:135;state:112,1037,77,completed
40,dcta_parity_v1,custom,5789862b56c579a63f65129a7c7ce0c99a25e7c55fba998a5a9699fc4a7df60b,03f32103aba060045f2661de3c031f6fbcbc73f46000a9666f166ad349c5805d,DGA,rayleigh_style,sens_-50.63,19,361,4,0.75,271,90.25,90.25,comm_g19_r4_rayleigh_drop025_dga_topk075,C:\Users\lottj\Desktop\research\decentralized benchmark\topk_filter_study\results\sensitivity_suite\scenarios\clue_g19_n50.csv,clue_search,00,94,92,76,19,4,0,0,330,94,236,192,138,326,clue:4;collision_intent:94;dga_entry:138;state:94,869,39,completed
40,dcta_parity_v1,custom,5789862b56c579a63f65129a7c7ce0c99a25e7c55fba998a5a9699fc4a7df60b,03f32103aba060045f2661de3c031f6fbcbc73f46000a9666f166ad349c5805d,DGA,rayleigh_style,sens_-50.63,19,361,4,0.75,271,90.25,90.25,comm_g19_r4_rayleigh_drop025_dga_topk075,C:\Users\lottj\Desktop\research\decentralized benchmark\topk_filter_study\results\sensitivity_suite\scenarios\clue_g19_n50.csv,clue_search,01,92,91,74,19,0,1,1,282,93,189,189,93,279,clue:4;collision_intent:93;dga_entry:93;state:92,909,46,completed
40,dcta_parity_v1,custom,5789862b56c579a63f65129a7c7ce0c99a25e7c55fba998a5a9699fc4a7df60b,03f32103aba060045f2661de3c031f6fbcbc73f46000a9666f166ad349c5805d,DGA,rayleigh_style,sens_-50.63,19,361,4,0.75,271,90.25,90.25,comm_g19_r4_rayleigh_drop025_dga_topk075,C:\Users\lottj\Desktop\research\decentralized benchmark\topk_filter_study\results\sensitivity_suite\scenarios\clue_g19_n50.csv,clue_search,02,90,88,48,43,4,10,8,318,101,217,195,123,314,clue:4;collision_intent:101;dga_entry:123;state:90,881,38,completed
40,dcta_parity_v1,custom,5789862b56c579a63f65129a7c7ce0c99a25e7c55fba998a5a9699fc4a7df60b,03f32103aba060045f2661de3c031f6fbcbc73f46000a9666f166ad349c5805d,DGA,rayleigh_style,sens_-50.63,19,361,4,0.75,271,90.25,90.25,comm_g19_r4_rayleigh_drop025_dga_topk075,C:\Users\lottj\Desktop\research\decentralized benchmark\topk_filter_study\results\sensitivity_suite\scenarios\clue_g19_n50.csv,clue_search,03,96,94,85,12,3,0,0,308,97,211,197,111,304,clue:4;collision_intent:96;dga_entry:111;state:96;target:1,868,62,completed
41,dcta_parity_v1,custom,5789862b56c579a63f65129a7c7ce0c99a25e7c55fba998a5a9699fc4a7df60b,03f32103aba060045f2661de3c031f6fbcbc73f46000a9666f166ad349c5805d,DGA,rayleigh_style,sens_-50.63,19,361,4,0.75,271,90.25,90.25,comm_g19_r4_rayleigh_drop025_dga_topk075,C:\Users\lottj\Desktop\research\decentralized benchmark\topk_filter_study\results\sensitivity_suite\scenarios\clue_g19_n50.csv,clue_search,00,79,72,62,18,0,5,5,269,84,185,167,102,255,clue:4;collision_intent:84;dga_entry:102;state:79,759,50,completed
41,dcta_parity_v1,custom,5789862b56c579a63f65129a7c7ce0c99a25e7c55fba998a5a9699fc4a7df60b,03f32103aba060045f2661de3c031f6fbcbc73f46000a9666f166ad349c5805d,DGA,rayleigh_style,sens_-50.63,19,361,4,0.75,271,90.25,90.25,comm_g19_r4_rayleigh_drop025_dga_topk075,C:\Users\lottj\Desktop\research\decentralized benchmark\topk_filter_study\results\sensitivity_suite\scenarios\clue_g19_n50.csv,clue_search,01,80,73,43,38,2,3,3,281,83,198,167,114,267,clue:4;collision_intent:83;dga_entry:114;state:80,755,42,completed
41,dcta_parity_v1,custom,5789862b56c579a63f65129a7c7ce0c99a25e7c55fba998a5a9699fc4a7df60b,03f32103aba060045f2661de3c031f6fbcbc73f46000a9666f166ad349c5805d,DGA,rayleigh_style,sens_-50.63,19,361,4,0.75,271,90.25,90.25,comm_g19_r4_rayleigh_drop025_dga_topk075,C:\Users\lottj\Desktop\research\decentralized benchmark\topk_filter_study\results\sensitivity_suite\scenarios\clue_g19_n50.csv,clue_search,02,81,74,61,21,1,0,0,236,82,154,167,69,222,clue:4;collision_intent:82;dga_entry:69;state:81,807,33,completed
41,dcta_parity_v1,custom,5789862b56c579a63f65129a7c7ce0c99a25e7c55fba998a5a9699fc4a7df60b,03f32103aba060045f2661de3c031f6fbcbc73f46000a9666f166ad349c5805d,DGA,rayleigh_style,sens_-50.63,19,361,4,0.75,271,90.25,90.25,comm_g19_r4_rayleigh_drop025_dga_topk075,C:\Users\lottj\Desktop\research\decentralized benchmark\topk_filter_study\results\sensitivity_suite\scenarios\clue_g19_n50.csv,clue_search,03,79,73,61,19,1,3,3,292,83,209,166,126,280,clue:4;collision_intent:82;dga_entry:126;state:79;target:1,723,63,completed
42,dcta_parity_v1,custom,5789862b56c579a63f65129a7c7ce0c99a25e7c55fba998a5a9699fc4a7df60b,03f32103aba060045f2661de3c031f6fbcbc73f46000a9666f166ad349c5805d,DGA,rayleigh_style,sens_-50.63,19,361,4,0.75,271,90.25,90.25,comm_g19_r4_rayleigh_drop025_dga_topk075,C:\Users\lottj\Desktop\research\decentralized benchmark\topk_filter_study\results\sensitivity_suite\scenarios\clue_g19_n50.csv,clue_search,00,89,80,72,18,1,1,1,304,91,213,184,120,286,clue:4;collision_intent:91;dga_entry:120;state:89,863,71,completed
42,dcta_parity_v1,custom,5789862b56c579a63f65129a7c7ce0c99a25e7c55fba998a5a9699fc4a7df60b,03f32103aba060045f2661de3c031f6fbcbc73f46000a9666f166ad349c5805d,DGA,rayleigh_style,sens_-50.63,19,361,4,0.75,271,90.25,90.25,comm_g19_r4_rayleigh_drop025_dga_topk075,C:\Users\lottj\Desktop\research\decentralized benchmark\topk_filter_study\results\sensitivity_suite\scenarios\clue_g19_n50.csv,clue_search,01,87,79,64,24,0,4,3,299,91,208,182,117,283,clue:4;collision_intent:91;dga_entry:117;state:87,868,71,completed
42,dcta_parity_v1,custom,5789862b56c579a63f65129a7c7ce0c99a25e7c55fba998a5a9699fc4a7df60b,03f32103aba060045f2661de3c031f6fbcbc73f46000a9666f166ad349c5805d,DGA,rayleigh_style,sens_-50.63,19,361,4,0.75,271,90.25,90.25,comm_g19_r4_rayleigh_drop025_dga_topk075,C:\Users\lottj\Desktop\research\decentralized benchmark\topk_filter_study\results\sensitivity_suite\scenarios\clue_g19_n50.csv,clue_search,02,90,81,68,23,1,0,0,298,90,208,184,114,280,clue:4;collision_intent:90;dga_entry:114;state:90,863,76,completed
42,dcta_parity_v1,custom,5789862b56c579a63f65129a7c7ce0c99a25e7c55fba998a5a9699fc4a7df60b,03f32103aba060045f2661de3c031f6fbcbc73f46000a9666f166ad349c5805d,DGA,rayleigh_style,sens_-50.63,19,361,4,0.75,271,90.25,90.25,comm_g19_r4_rayleigh_drop025_dga_topk075,C:\Users\lottj\Desktop\research\decentralized benchmark\topk_filter_study\results\sensitivity_suite\scenarios\clue_g19_n50.csv,clue_search,03,90,82,88,3,2,0,0,338,91,247,185,153,322,clue:4;collision_intent:90;dga_entry:153;state:90;target:1,807,94,completed
43,dcta_parity_v1,custom,5789862b56c579a63f65129a7c7ce0c99a25e7c55fba998a5a9699fc4a7df60b,03f32103aba060045f2661de3c031f6fbcbc73f46000a9666f166ad349c5805d,DGA,rayleigh_style,sens_-50.63,19,361,4,0.75,271,90.25,90.25,comm_g19_r4_rayleigh_drop025_dga_topk075,C:\Users\lottj\Desktop\research\decentralized benchmark\topk_filter_study\results\sensitivity_suite\scenarios\clue_g19_n50.csv,clue_search,00,12,5,13,0,0,0,0,37,12,25,25,12,23,clue:1;collision_intent:12;dga_entry:12;state:12,122,11,completed
43,dcta_parity_v1,custom,5789862b56c579a63f65129a7c7ce0c99a25e7c55fba998a5a9699fc4a7df60b,03f32103aba060045f2661de3c031f6fbcbc73f46000a9666f166ad349c5805d,DGA,rayleigh_style,sens_-50.63,19,361,4,0.75,271,90.25,90.25,comm_g19_r4_rayleigh_drop025_dga_topk075,C:\Users\lottj\Desktop\research\decentralized benchmark\topk_filter_study\results\sensitivity_suite\scenarios\clue_g19_n50.csv,clue_search,01,12,5,13,0,0,0,0,44,13,31,26,18,30,clue:1;collision_intent:12;dga_entry:18;state:12;target:1,124,3,completed
43,dcta_parity_v1,custom,5789862b56c579a63f65129a7c7ce0c99a25e7c55fba998a5a9699fc4a7df60b,03f32103aba060045f2661de3c031f6fbcbc73f46000a9666f166ad349c5805d,DGA,rayleigh_style,sens_-50.63,19,361,4,0.75,271,90.25,90.25,comm_g19_r4_rayleigh_drop025_dga_topk075,C:\Users\lottj\Desktop\research\decentralized benchmark\topk_filter_study\results\sensitivity_suite\scenarios\clue_g19_n50.csv,clue_search,02,12,5,13,0,1,0,0,49,12,37,25,24,35,clue:1;collision_intent:12;dga_entry:24;state:12,120,1,completed
43,dcta_parity_v1,custom,5789862b56c579a63f65129a7c7ce0c99a25e7c55fba998a5a9699fc4a7df60b,03f32103aba060045f2661de3c031f6fbcbc73f46000a9666f166ad349c5805d,DGA,rayleigh_style,sens_-50.63,19,361,4,0.75,271,90.25,90.25,comm_g19_r4_rayleigh_drop025_dga_topk075,C:\Users\lottj\Desktop\research\decentralized benchmark\topk_filter_study\results\sensitivity_suite\scenarios\clue_g19_n50.csv,clue_search,03,11,5,11,1,0,0,0,41,11,30,23,18,29,clue:1;collision_intent:11;dga_entry:18;state:11,126,4,completed
44,dcta_parity_v1,custom,5789862b56c579a63f65129a7c7ce0c99a25e7c55fba998a5a9699fc4a7df60b,03f32103aba060045f2661de3c031f6fbcbc73f46000a9666f166ad349c5805d,DGA,rayleigh_style,sens_-50.63,19,361,4,0.75,271,90.25,90.25,comm_g19_r4_rayleigh_drop025_dga_topk075,C:\Users\lottj\Desktop\research\decentralized benchmark\topk_filter_study\results\sensitivity_suite\scenarios\clue_g19_n50.csv,clue_search,00,100,97,89,12,1,2,2,328,102,226,205,123,322,clue:3;collision_intent:102;dga_entry:123;state:100,939,28,completed
44,dcta_parity_v1,custom,5789862b56c579a63f65129a7c7ce0c99a25e7c55fba998a5a9699fc4a7df60b,03f32103aba060045f2661de3c031f6fbcbc73f46000a9666f166ad349c5805d,DGA,rayleigh_style,sens_-50.63,19,361,4,0.75,271,90.25,90.25,comm_g19_r4_rayleigh_drop025_dga_topk075,C:\Users\lottj\Desktop\research\decentralized benchmark\topk_filter_study\results\sensitivity_suite\scenarios\clue_g19_n50.csv,clue_search,01,98,96,57,42,5,6,5,313,104,209,205,108,309,clue:3;collision_intent:104;dga_entry:108;state:98,962,20,completed
44,dcta_parity_v1,custom,5789862b56c579a63f65129a7c7ce0c99a25e7c55fba998a5a9699fc4a7df60b,03f32103aba060045f2661de3c031f6fbcbc73f46000a9666f166ad349c5805d,DGA,rayleigh_style,sens_-50.63,19,361,4,0.75,271,90.25,90.25,comm_g19_r4_rayleigh_drop025_dga_topk075,C:\Users\lottj\Desktop\research\decentralized benchmark\topk_filter_study\results\sensitivity_suite\scenarios\clue_g19_n50.csv,clue_search,02,100,97,67,34,3,3,2,317,103,214,206,111,311,clue:3;collision_intent:103;dga_entry:111;state:100,954,24,completed
44,dcta_parity_v1,custom,5789862b56c579a63f65129a7c7ce0c99a25e7c55fba998a5a9699fc4a7df60b,03f32103aba060045f2661de3c031f6fbcbc73f46000a9666f166ad349c5805d,DGA,rayleigh_style,sens_-50.63,19,361,4,0.75,271,90.25,90.25,comm_g19_r4_rayleigh_drop025_dga_topk075,C:\Users\lottj\Desktop\research\decentralized benchmark\topk_filter_study\results\sensitivity_suite\scenarios\clue_g19_n50.csv,clue_search,03,99,97,77,23,3,1,1,338,101,237,203,135,334,clue:3;collision_intent:100;dga_entry:135;state:99;target:1,925,33,completed
45,dcta_parity_v1,custom,5789862b56c579a63f65129a7c7ce0c99a25e7c55fba998a5a9699fc4a7df60b,03f32103aba060045f2661de3c031f6fbcbc73f46000a9666f166ad349c5805d,DGA,rayleigh_style,sens_-50.63,19,361,4,0.75,271,90.25,90.25,comm_g19_r4_rayleigh_drop025_dga_topk075,C:\Users\lottj\Desktop\research\decentralized benchmark\topk_filter_study\results\sensitivity_suite\scenarios\clue_g19_n50.csv,clue_search,00,41,2,42,0,0,0,0,98,41,57,83,15,20,clue:1;collision_intent:41;dga_entry:15;state:41,268,22,completed
45,dcta_parity_v1,custom,5789862b56c579a63f65129a7c7ce0c99a25e7c55fba998a5a9699fc4a7df60b,03f32103aba060045f2661de3c031f6fbcbc73f46000a9666f166ad349c5805d,DGA,rayleigh_style,sens_-50.63,19,361,4,0.75,271,90.25,90.25,comm_g19_r4_rayleigh_drop025_dga_topk075,C:\Users\lottj\Desktop\research\decentralized benchmark\topk_filter_study\results\sensitivity_suite\scenarios\clue_g19_n50.csv,clue_search,01,41,2,42,0,0,0,0,95,41,54,83,12,17,clue:1;collision_intent:41;dga_entry:12;state:41,289,3,completed
45,dcta_parity_v1,custom,5789862b56c579a63f65129a7c7ce0c99a25e7c55fba998a5a9699fc4a7df60b,03f32103aba060045f2661de3c031f6fbcbc73f46000a9666f166ad349c5805d,DGA,rayleigh_style,sens_-50.63,19,361,4,0.75,271,90.25,90.25,comm_g19_r4_rayleigh_drop025_dga_topk075,C:\Users\lottj\Desktop\research\decentralized benchmark\topk_filter_study\results\sensitivity_suite\scenarios\clue_g19_n50.csv,clue_search,02,42,2,43,0,0,0,0,98,43,55,86,12,18,clue:1;collision_intent:42;dga_entry:12;state:42;target:1,281,10,completed
45,dcta_parity_v1,custom,5789862b56c579a63f65129a7c7ce0c99a25e7c55fba998a5a9699fc4a7df60b,03f32103aba060045f2661de3c031f6fbcbc73f46000a9666f166ad349c5805d,DGA,rayleigh_style,sens_-50.63,19,361,4,0.75,271,90.25,90.25,comm_g19_r4_rayleigh_drop025_dga_topk075,C:\Users\lottj\Desktop\research\decentralized benchmark\topk_filter_study\results\sensitivity_suite\scenarios\clue_g19_n50.csv,clue_search,03,41,2,42,0,0,0,0,98,41,57,83,15,20,clue:1;collision_intent:41;dga_entry:15;state:41,273,17,completed
46,dcta_parity_v1,custom,5789862b56c579a63f65129a7c7ce0c99a25e7c55fba998a5a9699fc4a7df60b,03f32103aba060045f2661de3c031f6fbcbc73f46000a9666f166ad349c5805d,DGA,rayleigh_style,sens_-50.63,19,361,4,0.75,271,90.25,90.25,comm_g19_r4_rayleigh_drop025_dga_topk075,C:\Users\lottj\Desktop\research\decentralized benchmark\topk_filter_study\results\sensitivity_suite\scenarios\clue_g19_n50.csv,clue_search,00,59,50,41,19,0,0,0,190,60,130,121,69,172,clue:2;collision_intent:59;dga_entry:69;state:59;target:1,524,30,completed
46,dcta_parity_v1,custom,5789862b56c579a63f65129a7c7ce0c99a25e7c55fba998a5a9699fc4a7df60b,03f32103aba060045f2661de3c031f6fbcbc73f46000a9666f166ad349c5805d,DGA,rayleigh_style,sens_-50.63,19,361,4,0.75,271,90.25,90.25,comm_g19_r4_rayleigh_drop025_dga_topk075,C:\Users\lottj\Desktop\research\decentralized benchmark\topk_filter_study\results\sensitivity_suite\scenarios\clue_g19_n50.csv,clue_search,01,60,51,52,9,2,0,0,179,60,119,122,57,161,clue:2;collision_intent:60;dga_entry:57;state:60,550,15,completed
46,dcta_parity_v1,custom,5789862b56c579a63f65129a7c7ce0c99a25e7c55fba998a5a9699fc4a7df60b,03f32103aba060045f2661de3c031f6fbcbc73f46000a9666f166ad349c5805d,DGA,rayleigh_style,sens_-50.63,19,361,4,0.75,271,90.25,90.25,comm_g19_r4_rayleigh_drop025_dga_topk075,C:\Users\lottj\Desktop\research\decentralized benchmark\topk_filter_study\results\sensitivity_suite\scenarios\clue_g19_n50.csv,clue_search,02,58,49,48,11,1,0,0,178,58,120,118,60,160,clue:2;collision_intent:58;dga_entry:60;state:58,554,11,completed
46,dcta_parity_v1,custom,5789862b56c579a63f65129a7c7ce0c99a25e7c55fba998a5a9699fc4a7df60b,03f32103aba060045f2661de3c031f6fbcbc73f46000a9666f166ad349c5805d,DGA,rayleigh_style,sens_-50.63,19,361,4,0.75,271,90.25,90.25,comm_g19_r4_rayleigh_drop025_dga_topk075,C:\Users\lottj\Desktop\research\decentralized benchmark\topk_filter_study\results\sensitivity_suite\scenarios\clue_g19_n50.csv,clue_search,03,58,49,47,12,3,1,1,197,59,138,119,78,179,clue:2;collision_intent:59;dga_entry:78;state:58,509,38,completed
47,dcta_parity_v1,custom,5789862b56c579a63f65129a7c7ce0c99a25e7c55fba998a5a9699fc4a7df60b,03f32103aba060045f2661de3c031f6fbcbc73f46000a9666f166ad349c5805d,DGA,rayleigh_style,sens_-50.63,19,361,4,0.75,271,90.25,90.25,comm_g19_r4_rayleigh_drop025_dga_topk075,C:\Users\lottj\Desktop\research\decentralized benchmark\topk_filter_study\results\sensitivity_suite\scenarios\clue_g19_n50.csv,clue_search,00,68,63,55,14,1,0,0,189,68,121,138,51,179,clue:2;collision_intent:68;dga_entry:51;state:68,579,36,completed
47,dcta_parity_v1,custom,5789862b56c579a63f65129a7c7ce0c99a25e7c55fba998a5a9699fc4a7df60b,03f32103aba060045f2661de3c031f6fbcbc73f46000a9666f166ad349c5805d,DGA,rayleigh_style,sens_-50.63,19,361,4,0.75,271,90.25,90.25,comm_g19_r4_rayleigh_drop025_dga_topk075,C:\Users\lottj\Desktop\research\decentralized benchmark\topk_filter_study\results\sensitivity_suite\scenarios\clue_g19_n50.csv,clue_search,01,68,64,50,19,0,0,0,196,69,127,139,57,188,clue:2;collision_intent:68;dga_entry:57;state:68;target:1,582,26,completed
47,dcta_parity_v1,custom,5789862b56c579a63f65129a7c7ce0c99a25e7c55fba998a5a9699fc4a7df60b,03f32103aba060045f2661de3c031f6fbcbc73f46000a9666f166ad349c5805d,DGA,rayleigh_style,sens_-50.63,19,361,4,0.75,271,90.25,90.25,comm_g19_r4_rayleigh_drop025_dga_topk075,C:\Users\lottj\Desktop\research\decentralized benchmark\topk_filter_study\results\sensitivity_suite\scenarios\clue_g19_n50.csv,clue_search,02,68,63,45,24,0,1,1,202,69,133,139,63,192,clue:2;collision_intent:69;dga_entry:63;state:68,565,35,completed
47,dcta_parity_v1,custom,5789862b56c579a63f65129a7c7ce0c99a25e7c55fba998a5a9699fc4a7df60b,03f32103aba060045f2661de3c031f6fbcbc73f46000a9666f166ad349c5805d,DGA,rayleigh_style,sens_-50.63,19,361,4,0.75,271,90.25,90.25,comm_g19_r4_rayleigh_drop025_dga_topk075,C:\Users\lottj\Desktop\research\decentralized benchmark\topk_filter_study\results\sensitivity_suite\scenarios\clue_g19_n50.csv,clue_search,03,67,63,56,12,1,0,0,217,67,150,136,81,209,clue:2;collision_intent:67;dga_entry:81;state:67,541,44,completed
48,dcta_parity_v1,custom,5789862b56c579a63f65129a7c7ce0c99a25e7c55fba998a5a9699fc4a7df60b,03f32103aba060045f2661de3c031f6fbcbc73f46000a9666f166ad349c5805d,DGA,rayleigh_style,sens_-50.63,19,361,4,0.75,271,90.25,90.25,comm_g19_r4_rayleigh_drop025_dga_topk075,C:\Users\lottj\Desktop\research\decentralized benchmark\topk_filter_study\results\sensitivity_suite\scenarios\clue_g19_n50.csv,clue_search,00,59,56,57,3,2,6,1,197,66,131,128,69,191,clue:3;collision_intent:65;dga_entry:69;state:59;target:1,544,36,completed
48,dcta_parity_v1,custom,5789862b56c579a63f65129a7c7ce0c99a25e7c55fba998a5a9699fc4a7df60b,03f32103aba060045f2661de3c031f6fbcbc73f46000a9666f166ad349c5805d,DGA,rayleigh_style,sens_-50.63,19,361,4,0.75,271,90.25,90.25,comm_g19_r4_rayleigh_drop025_dga_topk075,C:\Users\lottj\Desktop\research\decentralized benchmark\topk_filter_study\results\sensitivity_suite\scenarios\clue_g19_n50.csv,clue_search,01,57,55,49,9,2,0,0,204,57,147,117,87,200,clue:3;collision_intent:57;dga_entry:87;state:57,552,19,completed
48,dcta_parity_v1,custom,5789862b56c579a63f65129a7c7ce0c99a25e7c55fba998a5a9699fc4a7df60b,03f32103aba060045f2661de3c031f6fbcbc73f46000a9666f166ad349c5805d,DGA,rayleigh_style,sens_-50.63,19,361,4,0.75,271,90.25,90.25,comm_g19_r4_rayleigh_drop025_dga_topk075,C:\Users\lottj\Desktop\research\decentralized benchmark\topk_filter_study\results\sensitivity_suite\scenarios\clue_g19_n50.csv,clue_search,02,59,57,38,22,1,5,1,193,65,128,127,66,188,clue:3;collision_intent:65;dga_entry:66;state:59,560,24,completed
48,dcta_parity_v1,custom,5789862b56c579a63f65129a7c7ce0c99a25e7c55fba998a5a9699fc4a7df60b,03f32103aba060045f2661de3c031f6fbcbc73f46000a9666f166ad349c5805d,DGA,rayleigh_style,sens_-50.63,19,361,4,0.75,271,90.25,90.25,comm_g19_r4_rayleigh_drop025_dga_topk075,C:\Users\lottj\Desktop\research\decentralized benchmark\topk_filter_study\results\sensitivity_suite\scenarios\clue_g19_n50.csv,clue_search,03,60,58,50,11,0,0,0,183,60,123,123,60,179,clue:3;collision_intent:60;dga_entry:60;state:60,563,31,completed
49,dcta_parity_v1,custom,5789862b56c579a63f65129a7c7ce0c99a25e7c55fba998a5a9699fc4a7df60b,03f32103aba060045f2661de3c031f6fbcbc73f46000a9666f166ad349c5805d,DGA,rayleigh_style,sens_-50.63,19,361,4,0.75,271,90.25,90.25,comm_g19_r4_rayleigh_drop025_dga_topk075,C:\Users\lottj\Desktop\research\decentralized benchmark\topk_filter_study\results\sensitivity_suite\scenarios\clue_g19_n50.csv,clue_search,00,42,17,42,1,1,0,0,121,42,79,87,34,71,clue:3;collision_intent:42;dga_entry:34;state:42,325,29,completed
49,dcta_parity_v1,custom,5789862b56c579a63f65129a7c7ce0c99a25e7c55fba998a5a9699fc4a7df60b,03f32103aba060045f2661de3c031f6fbcbc73f46000a9666f166ad349c5805d,DGA,rayleigh_style,sens_-50.63,19,361,4,0.75,271,90.25,90.25,comm_g19_r4_rayleigh_drop025_dga_topk075,C:\Users\lottj\Desktop\research\decentralized benchmark\topk_filter_study\results\sensitivity_suite\scenarios\clue_g19_n50.csv,clue_search,01,42,17,40,3,1,0,0,121,43,78,88,33,71,clue:3;collision_intent:42;dga_entry:33;state:42;target:1,348,7,completed
49,dcta_parity_v1,custom,5789862b56c579a63f65129a7c7ce0c99a25e7c55fba998a5a9699fc4a7df60b,03f32103aba060045f2661de3c031f6fbcbc73f46000a9666f166ad349c5805d,DGA,rayleigh_style,sens_-50.63,19,361,4,0.75,271,90.25,90.25,comm_g19_r4_rayleigh_drop025_dga_topk075,C:\Users\lottj\Desktop\research\decentralized benchmark\topk_filter_study\results\sensitivity_suite\scenarios\clue_g19_n50.csv,clue_search,02,42,16,37,6,0,0,0,116,42,74,87,29,64,clue:3;collision_intent:42;dga_entry:29;state:42,349,11,completed
49,dcta_parity_v1,custom,5789862b56c579a63f65129a7c7ce0c99a25e7c55fba998a5a9699fc4a7df60b,03f32103aba060045f2661de3c031f6fbcbc73f46000a9666f166ad349c5805d,DGA,rayleigh_style,sens_-50.63,19,361,4,0.75,271,90.25,90.25,comm_g19_r4_rayleigh_drop025_dga_topk075,C:\Users\lottj\Desktop\research\decentralized benchmark\topk_filter_study\results\sensitivity_suite\scenarios\clue_g19_n50.csv,clue_search,03,41,16,41,1,0,0,0,118,41,77,85,33,68,clue:3;collision_intent:41;dga_entry:33;state:41,342,15,completed
