trial_id,logic_revision,study_profile,scenario_file_sha256,scenario_selection_sha256,algorithm,comm_model,comm_level,grid_size,grid_cells,robot_count,top_k_rate,top_k_max_cells,target_cells_per_robot,actual_cells_per_robot,condition_id,scenario_file,trial_mode,robot_id,steps_total,steps_after_first_clue,unique_cells_contributed,system_revisits_by_robot,task_cell_replans,path_replans,collision_prevention_events,messages_sent,protected_messages_sent,unprotected_messages_sent,core_messages_sent,allocation_messages_sent,post_clue_messages_sent,messages_sent_by_topic,messages_delivered_to_robot,messages_dropped_to_robot,trial_status
0,dcta_parity_v1,custom,5789862b56c579a63f65129a7c7ce0c99a25e7c55fba998a5a9699fc4a7df60b,03f32103aba060045f2661de3c031f6fbcbc73f46000a9666f166ad349c5805d,HIPC,gilbert_elliot,pGG_0.95_pBB_0.85,19,361,4,0.05,18,90.25,90.25,comm_g19_r4_ge_drop025_hipc_topk005,C:\Users\lottj\Desktop\research\decentralized benchmark\topk_filter_study\results\sensitivity_suite\scenarios\clue_g19_n50.csv,clue_search,00,30,21,28,3,0,0,0,90,31,59,64,26,72,clue:3;collision_intent:30;hipc_entry:26;state:30;target:1,238,47,completed
0,dcta_parity_v1,custom,5789862b56c579a63f65129a7c7ce0c99a25e7c55fba998a5a9699fc4a7df60b,03f32103aba060045f2661de3c031f6fbcbc73f46000a9666f166ad349c5805d,HIPC,gilbert_elliot,pGG_0.95_pBB_0.85,19,361,4,0.05,18,90.25,90.25,comm_g19_r4_ge_drop025_hipc_topk005,C:\Users\lottj\Desktop\research\decentralized benchmark\topk_filter_study\results\sensitivity_suite\scenarios\clue_g19_n50.csv,clue_search,01,29,20,20,10,0,0,0,91,29,62,61,30,73,clue:3;collision_intent:29;hipc_entry:30;state:29,240,44,completed
0,dcta_parity_v1,custom,5789862b56c579a63f65129a7c7ce0c99a25e7c55fba998a5a9699fc4a7df60b,03f32103aba060045f2661de3c031f6fbcbc73f46000a9666f166ad349c5805d,HIPC,gilbert_elliot,pGG_0.95_pBB_0.85,19,361,4,0.05,18,90.25,90.25,comm_g19_r4_ge_drop025_hipc_topk005,C:\Users\lottj\Desktop\research\decentralized benchmark\topk_filter_study\results\sensitivity_suite\scenarios\clue_g19_n50.csv,clue_search,02,27,17,24,4,0,4,1,95,31,64,61,34,75,clue:3;collision_intent:31;hipc_entry:34;state:27,220,59,completed
0,dcta_parity_v1,custom,5789862b56c579a63f65129a7c7ce0c99a25e7c55fba998a5a9699fc4a7df60b,03f32103aba060045f2661de3c031f6fbcbc73f46000a9666f166ad349c5805d,HIPC,gilbert_elliot,pGG_0.95_pBB_0.85,19,361,4,0.05,18,90.25,90.25,comm_g19_r4_ge_drop025_hipc_topk005,C:\Users\lottj\Desktop\research\decentralized benchmark\topk_filter_study\results\sensitivity_suite\scenarios\clue_g19_n50.csv,clue_search,03,29,20,29,1,0,2,1,99,31,68,63,36,81,clue:3;collision_intent:31;hipc_entry:36;state:29,244,32,completed
1,dcta_parity_v1,custom,5789862b56c579a63f65129a7c7ce0c99a25e7c55fba998a5a9699fc4a7df60b,03f32103aba060045f2661de3c031f6fbcbc73f46000a9666f166ad349c5805d,HIPC,gilbert_elliot,pGG_0.95_pBB_0.85,19,361,4,0.05,18,90.25,90.25,comm_g19_r4_ge_drop025_hipc_topk005,C:\Users\lottj\Desktop\research\decentralized benchmark\topk_filter_study\results\sensitivity_suite\scenarios\clue_g19_n50.csv,clue_search,00,40,15,35,6,0,0,0,104,40,64,83,21,54,clue:3;collision_intent:40;hipc_entry:21;state:40,274,55,completed
1,dcta_parity_v1,custom,5789862b56c579a63f65129a7c7ce0c99a25e7c55fba998a5a9699fc4a7df60b,03f32103aba060045f2661de3c031f6fbcbc73f46000a9666f166ad349c5805d,HIPC,gilbert_elliot,pGG_0.95_pBB_0.85,19,361,4,0.05,18,90.25,90.25,comm_g19_r4_ge_drop025_hipc_topk005,C:\Users\lottj\Desktop\research\decentralized benchmark\topk_filter_study\results\sensitivity_suite\scenarios\clue_g19_n50.csv,clue_search,01,39,14,33,7,0,2,2,112,41,71,83,29,62,clue:3;collision_intent:41;hipc_entry:29;state:39,294,27,completed
1,dcta_parity_v1,custom,5789862b56c579a63f65129a7c7ce0c99a25e7c55fba998a5a9699fc4a7df60b,03f32103aba060045f2661de3c031f6fbcbc73f46000a9666f166ad349c5805d,HIPC,gilbert_elliot,pGG_0.95_pBB_0.85,19,361,4,0.05,18,90.25,90.25,comm_g19_r4_ge_drop025_hipc_topk005,C:\Users\lottj\Desktop\research\decentralized benchmark\topk_filter_study\results\sensitivity_suite\scenarios\clue_g19_n50.csv,clue_search,02,40,15,38,3,0,0,0,105,41,64,84,21,55,clue:3;collision_intent:40;hipc_entry:21;state:40;target:1,269,60,completed
1,dcta_parity_v1,custom,5789862b56c579a63f65129a7c7ce0c99a25e7c55fba998a5a9699fc4a7df60b,03f32103aba060045f2661de3c031f6fbcbc73f46000a9666f166ad349c5805d,HIPC,gilbert_elliot,pGG_0.95_pBB_0.85,19,361,4,0.05,18,90.25,90.25,comm_g19_r4_ge_drop025_hipc_topk005,C:\Users\lottj\Desktop\research\decentralized benchmark\topk_filter_study\results\sensitivity_suite\scenarios\clue_g19_n50.csv,clue_search,03,38,13,36,3,0,4,1,113,42,71,83,30,63,clue:3;collision_intent:42;hipc_entry:30;state:38,273,46,completed
2,dcta_parity_v1,custom,5789862b56c579a63f65129a7c7ce0c99a25e7c55fba998a5a9699fc4a7df60b,03f32103aba060045f2661de3c031f6fbcbc73f46000a9666f166ad349c5805d,HIPC,gilbert_elliot,pGG_0.95_pBB_0.85,19,361,4,0.05,18,90.25,90.25,comm_g19_r4_ge_drop025_hipc_topk005,C:\Users\lottj\Desktop\research\decentralized benchmark\topk_filter_study\results\sensitivity_suite\scenarios\clue_g19_n50.csv,clue_search,00,3,0,4,0,0,0,0,6,3,3,6,0,0,collision_intent:3;state:3,16,3,completed
2,dcta_parity_v1,custom,5789862b56c579a63f65129a7c7ce0c99a25e7c55fba998a5a9699fc4a7df60b,03f32103aba060045f2661de3c031f6fbcbc73f46000a9666f166ad349c5805d,HIPC,gilbert_elliot,pGG_0.95_pBB_0.85,19,361,4,0.05,18,90.25,90.25,comm_g19_r4_ge_drop025_hipc_topk005,C:\Users\lottj\Desktop\research\decentralized benchmark\topk_filter_study\results\sensitivity_suite\scenarios\clue_g19_n50.csv,clue_search,01,3,0,4,0,0,0,0,7,4,3,7,0,0,collision_intent:3;state:3;target:1,18,0,completed
2,dcta_parity_v1,custom,5789862b56c579a63f65129a7c7ce0c99a25e7c55fba998a5a9699fc4a7df60b,03f32103aba060045f2661de3c031f6fbcbc73f46000a9666f166ad349c5805d,HIPC,gilbert_elliot,pGG_0.95_pBB_0.85,19,361,4,0.05,18,90.25,90.25,comm_g19_r4_ge_drop025_hipc_topk005,C:\Users\lottj\Desktop\research\decentralized benchmark\topk_filter_study\results\sensitivity_suite\scenarios\clue_g19_n50.csv,clue_search,02,3,0,4,0,0,0,0,6,3,3,6,0,0,collision_intent:3;state:3,18,1,completed
2,dcta_parity_v1,custom,5789862b56c579a63f65129a7c7ce0c99a25e7c55fba998a5a9699fc4a7df60b,03f32103aba060045f2661de3c031f6fbcbc73f46000a9666f166ad349c5805d,HIPC,gilbert_elliot,pGG_0.95_pBB_0.85,19,361,4,0.05,18,90.25,90.25,comm_g19_r4_ge_drop025_hipc_topk005,C:\Users\lottj\Desktop\research\decentralized benchmark\topk_filter_study\results\sensitivity_suite\scenarios\clue_g19_n50.csv,clue_search,03,3,0,4,0,0,0,0,6,3,3,6,0,0,collision_intent:3;state:3,17,0,completed
3,dcta_parity_v1,custom,5789862b56c579a63f65129a7c7ce0c99a25e7c55fba998a5a9699fc4a7df60b,03f32103aba060045f2661de3c031f6fbcbc73f46000a9666f166ad349c5805d,HIPC,gilbert_elliot,pGG_0.95_pBB_0.85,19,361,4,0.05,18,90.25,90.25,comm_g19_r4_ge_drop025_hipc_topk005,C:\Users\lottj\Desktop\research\decentralized benchmark\topk_filter_study\results\sensitivity_suite\scenarios\clue_g19_n50.csv,clue_search,00,32,13,30,3,0,0,0,88,32,56,65,23,50,clue:1;collision_intent:32;hipc_entry:23;state:32,220,52,completed
3,dcta_parity_v1,custom,5789862b56c579a63f65129a7c7ce0c99a25e7c55fba998a5a9699fc4a7df60b,03f32103aba060045f2661de3c031f6fbcbc73f46000a9666f166ad349c5805d,HIPC,gilbert_elliot,pGG_0.95_pBB_0.85,19,361,4,0.05,18,90.25,90.25,comm_g19_r4_ge_drop025_hipc_topk005,C:\Users\lottj\Desktop\research\decentralized benchmark\topk_filter_study\results\sensitivity_suite\scenarios\clue_g19_n50.csv,clue_search,01,31,12,29,3,0,0,0,94,32,62,64,30,56,clue:1;collision_intent:32;hipc_entry:30;state:31,252,15,completed
3,dcta_parity_v1,custom,5789862b56c579a63f65129a7c7ce0c99a25e7c55fba998a5a9699fc4a7df60b,03f32103aba060045f2661de3c031f6fbcbc73f46000a9666f166ad349c5805d,HIPC,gilbert_elliot,pGG_0.95_pBB_0.85,19,361,4,0.05,18,90.25,90.25,comm_g19_r4_ge_drop025_hipc_topk005,C:\Users\lottj\Desktop\research\decentralized benchmark\topk_filter_study\results\sensitivity_suite\scenarios\clue_g19_n50.csv,clue_search,02,31,13,26,6,0,0,0,88,31,57,63,25,51,clue:1;collision_intent:31;hipc_entry:25;state:31,229,43,completed
3,dcta_parity_v1,custom,5789862b56c579a63f65129a7c7ce0c99a25e7c55fba998a5a9699fc4a7df60b,03f32103aba060045f2661de3c031f6fbcbc73f46000a9666f166ad349c5805d,HIPC,gilbert_elliot,pGG_0.95_pBB_0.85,19,361,4,0.05,18,90.25,90.25,comm_g19_r4_ge_drop025_hipc_topk005,C:\Users\lottj\Desktop\research\decentralized benchmark\topk_filter_study\results\sensitivity_suite\scenarios\clue_g19_n50.csv,clue_search,03,32,14,31,2,1,0,0,91,33,58,66,25,55,clue:1;collision_intent:32;hipc_clear_bundle:1;hipc_entry:24;state:32;target:1,231,39,completed
4,dcta_parity_v1,custom,5789862b56c579a63f65129a7c7ce0c99a25e7c55fba998a5a9699fc4a7df60b,03f32103aba060045f2661de3c031f6fbcbc73f46000a9666f166ad349c5805d,HIPC,gilbert_elliot,pGG_0.95_pBB_0.85,19,361,4,0.05,18,90.25,90.25,comm_g19_r4_ge_drop025_hipc_topk005,C:\Users\lottj\Desktop\research\decentralized benchmark\topk_filter_study\results\sensitivity_suite\scenarios\clue_g19_n50.csv,clue_search,00,33,23,27,7,0,0,0,108,33,75,67,41,88,clue:1;collision_intent:33;hipc_entry:41;state:33,248,37,completed
4,dcta_parity_v1,custom,5789862b56c579a63f65129a7c7ce0c99a25e7c55fba998a5a9699fc4a7df60b,03f32103aba060045f2661de3c031f6fbcbc73f46000a9666f166ad349c5805d,HIPC,gilbert_elliot,pGG_0.95_pBB_0.85,19,361,4,0.05,18,90.25,90.25,comm_g19_r4_ge_drop025_hipc_topk005,C:\Users\lottj\Desktop\research\decentralized benchmark\topk_filter_study\results\sensitivity_suite\scenarios\clue_g19_n50.csv,clue_search,01,30,20,28,3,0,4,1,104,34,70,65,39,84,clue:1;collision_intent:34;hipc_entry:39;state:30,268,20,completed
4,dcta_parity_v1,custom,5789862b56c579a63f65129a7c7ce0c99a25e7c55fba998a5a9699fc4a7df60b,03f32103aba060045f2661de3c031f6fbcbc73f46000a9666f166ad349c5805d,HIPC,gilbert_elliot,pGG_0.95_pBB_0.85,19,361,4,0.05,18,90.25,90.25,comm_g19_r4_ge_drop025_hipc_topk005,C:\Users\lottj\Desktop\research\decentralized benchmark\topk_filter_study\results\sensitivity_suite\scenarios\clue_g19_n50.csv,clue_search,02,33,23,32,2,0,1,1,94,35,59,69,25,74,clue:1;collision_intent:34;hipc_entry:25;state:33;target:1,278,21,completed
4,dcta_parity_v1,custom,5789862b56c579a63f65129a7c7ce0c99a25e7c55fba998a5a9699fc4a7df60b,03f32103aba060045f2661de3c031f6fbcbc73f46000a9666f166ad349c5805d,HIPC,gilbert_elliot,pGG_0.95_pBB_0.85,19,361,4,0.05,18,90.25,90.25,comm_g19_r4_ge_drop025_hipc_topk005,C:\Users\lottj\Desktop\research\decentralized benchmark\topk_filter_study\results\sensitivity_suite\scenarios\clue_g19_n50.csv,clue_search,03,32,23,18,15,2,3,3,87,35,52,68,19,68,clue:1;collision_intent:35;hipc_entry:19;state:32,252,53,completed
5,dcta_parity_v1,custom,5789862b56c579a63f65129a7c7ce0c99a25e7c55fba998a5a9699fc4a7df60b,03f32103aba060045f2661de3c031f6fbcbc73f46000a9666f166ad349c5805d,HIPC,gilbert_elliot,pGG_0.95_pBB_0.85,19,361,4,0.05,18,90.25,90.25,comm_g19_r4_ge_drop025_hipc_topk005,C:\Users\lottj\Desktop\research\decentralized benchmark\topk_filter_study\results\sensitivity_suite\scenarios\clue_g19_n50.csv,clue_search,00,75,64,50,26,1,1,1,245,77,168,156,89,223,clue:4;collision_intent:77;hipc_clear_bundle:1;hipc_entry:88;state:75,614,112,completed
5,dcta_parity_v1,custom,5789862b56c579a63f65129a7c7ce0c99a25e7c55fba998a5a9699fc4a7df60b,03f32103aba060045f2661de3c031f6fbcbc73f46000a9666f166ad349c5805d,HIPC,gilbert_elliot,pGG_0.95_pBB_0.85,19,361,4,0.05,18,90.25,90.25,comm_g19_r4_ge_drop025_hipc_topk005,C:\Users\lottj\Desktop\research\decentralized benchmark\topk_filter_study\results\sensitivity_suite\scenarios\clue_g19_n50.csv,clue_search,01,73,63,45,29,3,6,3,254,79,175,156,98,234,clue:4;collision_intent:79;hipc_clear_bundle:2;hipc_entry:96;state:73,602,114,completed
5,dcta_parity_v1,custom,5789862b56c579a63f65129a7c7ce0c99a25e7c55fba998a5a9699fc4a7df60b,03f32103aba060045f2661de3c031f6fbcbc73f46000a9666f166ad349c5805d,HIPC,gilbert_elliot,pGG_0.95_pBB_0.85,19,361,4,0.05,18,90.25,90.25,comm_g19_r4_ge_drop025_hipc_topk005,C:\Users\lottj\Desktop\research\decentralized benchmark\topk_filter_study\results\sensitivity_suite\scenarios\clue_g19_n50.csv,clue_search,02,76,65,45,32,0,4,4,249,80,169,160,89,227,clue:4;collision_intent:80;hipc_entry:89;state:76,613,108,completed
5,dcta_parity_v1,custom,5789862b56c579a63f65129a7c7ce0c99a25e7c55fba998a5a9699fc4a7df60b,03f32103aba060045f2661de3c031f6fbcbc73f46000a9666f166ad349c5805d,HIPC,gilbert_elliot,pGG_0.95_pBB_0.85,19,361,4,0.05,18,90.25,90.25,comm_g19_r4_ge_drop025_hipc_topk005,C:\Users\lottj\Desktop\research\decentralized benchmark\topk_filter_study\results\sensitivity_suite\scenarios\clue_g19_n50.csv,clue_search,03,75,64,50,26,1,5,5,223,81,142,160,63,201,clue:4;collision_intent:80;hipc_clear_bundle:1;hipc_entry:62;state:75;target:1,609,139,completed
6,dcta_parity_v1,custom,5789862b56c579a63f65129a7c7ce0c99a25e7c55fba998a5a9699fc4a7df60b,03f32103aba060045f2661de3c031f6fbcbc73f46000a9666f166ad349c5805d,HIPC,gilbert_elliot,pGG_0.95_pBB_0.85,19,361,4,0.05,18,90.25,90.25,comm_g19_r4_ge_drop025_hipc_topk005,C:\Users\lottj\Desktop\research\decentralized benchmark\topk_filter_study\results\sensitivity_suite\scenarios\clue_g19_n50.csv,clue_search,00,98,96,64,35,0,6,3,298,104,194,203,95,294,clue:1;collision_intent:104;hipc_entry:95;state:98,768,247,completed
6,dcta_parity_v1,custom,5789862b56c579a63f65129a7c7ce0c99a25e7c55fba998a5a9699fc4a7df60b,03f32103aba060045f2661de3c031f6fbcbc73f46000a9666f166ad349c5805d,HIPC,gilbert_elliot,pGG_0.95_pBB_0.85,19,361,4,0.05,18,90.25,90.25,comm_g19_r4_ge_drop025_hipc_topk005,C:\Users\lottj\Desktop\research\decentralized benchmark\topk_filter_study\results\sensitivity_suite\scenarios\clue_g19_n50.csv,clue_search,01,97,96,69,29,1,7,3,321,105,216,203,118,319,clue:1;collision_intent:104;hipc_entry:118;state:97;target:1,848,145,completed
6,dcta_parity_v1,custom,5789862b56c579a63f65129a7c7ce0c99a25e7c55fba998a5a9699fc4a7df60b,03f32103aba060045f2661de3c031f6fbcbc73f46000a9666f166ad349c5805d,HIPC,gilbert_elliot,pGG_0.95_pBB_0.85,19,361,4,0.05,18,90.25,90.25,comm_g19_r4_ge_drop025_hipc_topk005,C:\Users\lottj\Desktop\research\decentralized benchmark\topk_filter_study\results\sensitivity_suite\scenarios\clue_g19_n50.csv,clue_search,02,95,93,44,52,0,6,3,352,102,250,199,153,348,clue:2;collision_intent:102;hipc_entry:153;state:95,733,229,completed
6,dcta_parity_v1,custom,5789862b56c579a63f65129a7c7ce0c99a25e7c55fba998a5a9699fc4a7df60b,03f32103aba060045f2661de3c031f6fbcbc73f46000a9666f166ad349c5805d,HIPC,gilbert_elliot,pGG_0.95_pBB_0.85,19,361,4,0.05,18,90.25,90.25,comm_g19_r4_ge_drop025_hipc_topk005,C:\Users\lottj\Desktop\research\decentralized benchmark\topk_filter_study\results\sensitivity_suite\scenarios\clue_g19_n50.csv,clue_search,03,96,95,51,46,4,10,2,343,106,237,204,139,341,clue:2;collision_intent:106;hipc_clear_bundle:2;hipc_entry:137;state:96,800,171,completed
7,dcta_parity_v1,custom,5789862b56c579a63f65129a7c7ce0c99a25e7c55fba998a5a9699fc4a7df60b,03f32103aba060045f2661de3c031f6fbcbc73f46000a9666f166ad349c5805d,HIPC,gilbert_elliot,pGG_0.95_pBB_0.85,19,361,4,0.05,18,90.25,90.25,comm_g19_r4_ge_drop025_hipc_topk005,C:\Users\lottj\Desktop\research\decentralized benchmark\topk_filter_study\results\sensitivity_suite\scenarios\clue_g19_n50.csv,clue_search,00,16,4,17,0,0,0,0,36,16,20,33,3,11,clue:1;collision_intent:16;hipc_entry:3;state:16,82,28,completed
7,dcta_parity_v1,custom,5789862b56c579a63f65129a7c7ce0c99a25e7c55fba998a5a9699fc4a7df60b,03f32103aba060045f2661de3c031f6fbcbc73f46000a9666f166ad349c5805d,HIPC,gilbert_elliot,pGG_0.95_pBB_0.85,19,361,4,0.05,18,90.25,90.25,comm_g19_r4_ge_drop025_hipc_topk005,C:\Users\lottj\Desktop\research\decentralized benchmark\topk_filter_study\results\sensitivity_suite\scenarios\clue_g19_n50.csv,clue_search,01,15,3,16,0,0,0,0,35,16,19,32,3,11,clue:1;collision_intent:16;hipc_entry:3;state:15,98,12,completed
7,dcta_parity_v1,custom,5789862b56c579a63f65129a7c7ce0c99a25e7c55fba998a5a9699fc4a7df60b,03f32103aba060045f2661de3c031f6fbcbc73f46000a9666f166ad349c5805d,HIPC,gilbert_elliot,pGG_0.95_pBB_0.85,19,361,4,0.05,18,90.25,90.25,comm_g19_r4_ge_drop025_hipc_topk005,C:\Users\lottj\Desktop\research\decentralized benchmark\topk_filter_study\results\sensitivity_suite\scenarios\clue_g19_n50.csv,clue_search,02,15,2,16,0,0,0,0,38,16,22,32,6,12,clue:1;collision_intent:16;hipc_entry:6;state:15,100,8,completed
7,dcta_parity_v1,custom,5789862b56c579a63f65129a7c7ce0c99a25e7c55fba998a5a9699fc4a7df60b,03f32103aba060045f2661de3c031f6fbcbc73f46000a9666f166ad349c5805d,HIPC,gilbert_elliot,pGG_0.95_pBB_0.85,19,361,4,0.05,18,90.25,90.25,comm_g19_r4_ge_drop025_hipc_topk005,C:\Users\lottj\Desktop\research\decentralized benchmark\topk_filter_study\results\sensitivity_suite\scenarios\clue_g19_n50.csv,clue_search,03,16,4,17,0,0,0,0,37,17,20,34,3,13,clue:1;collision_intent:16;hipc_entry:3;state:16;target:1,86,23,completed
8,dcta_parity_v1,custom,5789862b56c579a63f65129a7c7ce0c99a25e7c55fba998a5a9699fc4a7df60b,03f32103aba060045f2661de3c031f6fbcbc73f46000a9666f166ad349c5805d,HIPC,gilbert_elliot,pGG_0.95_pBB_0.85,19,361,4,0.05,18,90.25,90.25,comm_g19_r4_ge_drop025_hipc_topk005,C:\Users\lottj\Desktop\research\decentralized benchmark\topk_filter_study\results\sensitivity_suite\scenarios\clue_g19_n50.csv,clue_search,00,152,139,84,69,2,11,5,538,164,374,318,220,512,clue:2;collision_intent:164;hipc_entry:220;state:152,1310,301,completed
8,dcta_parity_v1,custom,5789862b56c579a63f65129a7c7ce0c99a25e7c55fba998a5a9699fc4a7df60b,03f32103aba060045f2661de3c031f6fbcbc73f46000a9666f166ad349c5805d,HIPC,gilbert_elliot,pGG_0.95_pBB_0.85,19,361,4,0.05,18,90.25,90.25,comm_g19_r4_ge_drop025_hipc_topk005,C:\Users\lottj\Desktop\research\decentralized benchmark\topk_filter_study\results\sensitivity_suite\scenarios\clue_g19_n50.csv,clue_search,01,156,144,63,94,1,8,5,547,164,383,322,225,523,clue:2;collision_intent:164;hipc_entry:225;state:156,1314,290,completed
8,dcta_parity_v1,custom,5789862b56c579a63f65129a7c7ce0c99a25e7c55fba998a5a9699fc4a7df60b,03f32103aba060045f2661de3c031f6fbcbc73f46000a9666f166ad349c5805d,HIPC,gilbert_elliot,pGG_0.95_pBB_0.85,19,361,4,0.05,18,90.25,90.25,comm_g19_r4_ge_drop025_hipc_topk005,C:\Users\lottj\Desktop\research\decentralized benchmark\topk_filter_study\results\sensitivity_suite\scenarios\clue_g19_n50.csv,clue_search,02,156,144,113,44,2,4,3,562,161,401,319,243,538,clue:2;collision_intent:160;hipc_entry:243;state:156;target:1,1347,242,completed
8,dcta_parity_v1,custom,5789862b56c579a63f65129a7c7ce0c99a25e7c55fba998a5a9699fc4a7df60b,03f32103aba060045f2661de3c031f6fbcbc73f46000a9666f166ad349c5805d,HIPC,gilbert_elliot,pGG_0.95_pBB_0.85,19,361,4,0.05,18,90.25,90.25,comm_g19_r4_ge_drop025_hipc_topk005,C:\Users\lottj\Desktop\research\decentralized benchmark\topk_filter_study\results\sensitivity_suite\scenarios\clue_g19_n50.csv,clue_search,03,159,147,75,85,3,4,4,504,163,341,324,180,480,clue:2;collision_intent:163;hipc_clear_bundle:1;hipc_entry:179;state:159,1402,243,completed
9,dcta_parity_v1,custom,5789862b56c579a63f65129a7c7ce0c99a25e7c55fba998a5a9699fc4a7df60b,03f32103aba060045f2661de3c031f6fbcbc73f46000a9666f166ad349c5805d,HIPC,gilbert_elliot,pGG_0.95_pBB_0.85,19,361,4,0.05,18,90.25,90.25,comm_g19_r4_ge_drop025_hipc_topk005,C:\Users\lottj\Desktop\research\decentralized benchmark\topk_filter_study\results\sensitivity_suite\scenarios\clue_g19_n50.csv,clue_search,00,125,118,74,52,0,0,0,429,125,304,253,176,415,clue:3;collision_intent:125;hipc_entry:176;state:125,1042,195,completed
9,dcta_parity_v1,custom,5789862b56c579a63f65129a7c7ce0c99a25e7c55fba998a5a9699fc4a7df60b,03f32103aba060045f2661de3c031f6fbcbc73f46000a9666f166ad349c5805d,HIPC,gilbert_elliot,pGG_0.95_pBB_0.85,19,361,4,0.05,18,90.25,90.25,comm_g19_r4_ge_drop025_hipc_topk005,C:\Users\lottj\Desktop\research\decentralized benchmark\topk_filter_study\results\sensitivity_suite\scenarios\clue_g19_n50.csv,clue_search,01,119,112,50,70,0,9,3,398,128,270,249,149,384,clue:2;collision_intent:128;hipc_entry:149;state:119,1019,249,completed
9,dcta_parity_v1,custom,5789862b56c579a63f65129a7c7ce0c99a25e7c55fba998a5a9699fc4a7df60b,03f32103aba060045f2661de3c031f6fbcbc73f46000a9666f166ad349c5805d,HIPC,gilbert_elliot,pGG_0.95_pBB_0.85,19,361,4,0.05,18,90.25,90.25,comm_g19_r4_ge_drop025_hipc_topk005,C:\Users\lottj\Desktop\research\decentralized benchmark\topk_filter_study\results\sensitivity_suite\scenarios\clue_g19_n50.csv,clue_search,02,124,117,75,50,1,4,4,424,128,296,254,170,410,clue:2;collision_intent:128;hipc_entry:170;state:124,1013,229,completed
9,dcta_parity_v1,custom,5789862b56c579a63f65129a7c7ce0c99a25e7c55fba998a5a9699fc4a7df60b,03f32103aba060045f2661de3c031f6fbcbc73f46000a9666f166ad349c5805d,HIPC,gilbert_elliot,pGG_0.95_pBB_0.85,19,361,4,0.05,18,90.25,90.25,comm_g19_r4_ge_drop025_hipc_topk005,C:\Users\lottj\Desktop\research\decentralized benchmark\topk_filter_study\results\sensitivity_suite\scenarios\clue_g19_n50.csv,clue_search,03,125,119,92,34,0,5,4,416,131,285,259,157,404,clue:3;collision_intent:130;hipc_entry:157;state:125;target:1,1112,139,completed
10,dcta_parity_v1,custom,5789862b56c579a63f65129a7c7ce0c99a25e7c55fba998a5a9699fc4a7df60b,03f32103aba060045f2661de3c031f6fbcbc73f46000a9666f166ad349c5805d,HIPC,gilbert_elliot,pGG_0.95_pBB_0.85,19,361,4,0.05,18,90.25,90.25,comm_g19_r4_ge_drop025_hipc_topk005,C:\Users\lottj\Desktop\research\decentralized benchmark\topk_filter_study\results\sensitivity_suite\scenarios\clue_g19_n50.csv,clue_search,00,72,61,51,22,1,1,1,215,73,142,148,67,193,clue:3;collision_intent:73;hipc_entry:67;state:72,571,143,completed
10,dcta_parity_v1,custom,5789862b56c579a63f65129a7c7ce0c99a25e7c55fba998a5a9699fc4a7df60b,03f32103aba060045f2661de3c031f6fbcbc73f46000a9666f166ad349c5805d,HIPC,gilbert_elliot,pGG_0.95_pBB_0.85,19,361,4,0.05,18,90.25,90.25,comm_g19_r4_ge_drop025_hipc_topk005,C:\Users\lottj\Desktop\research\decentralized benchmark\topk_filter_study\results\sensitivity_suite\scenarios\clue_g19_n50.csv,clue_search,01,70,59,45,26,0,1,1,249,71,178,144,105,227,clue:3;collision_intent:71;hipc_entry:105;state:70,550,130,completed
10,dcta_parity_v1,custom,5789862b56c579a63f65129a7c7ce0c99a25e7c55fba998a5a9699fc4a7df60b,03f32103aba060045f2661de3c031f6fbcbc73f46000a9666f166ad349c5805d,HIPC,gilbert_elliot,pGG_0.95_pBB_0.85,19,361,4,0.05,18,90.25,90.25,comm_g19_r4_ge_drop025_hipc_topk005,C:\Users\lottj\Desktop\research\decentralized benchmark\topk_filter_study\results\sensitivity_suite\scenarios\clue_g19_n50.csv,clue_search,02,72,61,43,30,0,1,1,241,73,168,148,93,219,clue:3;collision_intent:73;hipc_entry:93;state:72,604,84,completed
10,dcta_parity_v1,custom,5789862b56c579a63f65129a7c7ce0c99a25e7c55fba998a5a9699fc4a7df60b,03f32103aba060045f2661de3c031f6fbcbc73f46000a9666f166ad349c5805d,HIPC,gilbert_elliot,pGG_0.95_pBB_0.85,19,361,4,0.05,18,90.25,90.25,comm_g19_r4_ge_drop025_hipc_topk005,C:\Users\lottj\Desktop\research\decentralized benchmark\topk_filter_study\results\sensitivity_suite\scenarios\clue_g19_n50.csv,clue_search,03,70,59,62,9,1,0,0,225,71,154,144,81,203,clue:3;collision_intent:70;hipc_entry:81;state:70;target:1,619,86,completed
11,dcta_parity_v1,custom,5789862b56c579a63f65129a7c7ce0c99a25e7c55fba998a5a9699fc4a7df60b,03f32103aba060045f2661de3c031f6fbcbc73f46000a9666f166ad349c5805d,HIPC,gilbert_elliot,pGG_0.95_pBB_0.85,19,361,4,0.05,18,90.25,90.25,comm_g19_r4_ge_drop025_hipc_topk005,C:\Users\lottj\Desktop\research\decentralized benchmark\topk_filter_study\results\sensitivity_suite\scenarios\clue_g19_n50.csv,clue_search,00,133,83,72,62,0,0,0,368,133,235,269,99,268,clue:3;collision_intent:133;hipc_entry:99;state:133,950,175,completed
11,dcta_parity_v1,custom,5789862b56c579a63f65129a7c7ce0c99a25e7c55fba998a5a9699fc4a7df60b,03f32103aba060045f2661de3c031f6fbcbc73f46000a9666f166ad349c5805d,HIPC,gilbert_elliot,pGG_0.95_pBB_0.85,19,361,4,0.05,18,90.25,90.25,comm_g19_r4_ge_drop025_hipc_topk005,C:\Users\lottj\Desktop\research\decentralized benchmark\topk_filter_study\results\sensitivity_suite\scenarios\clue_g19_n50.csv,clue_search,01,132,82,80,53,0,1,1,359,133,226,268,91,259,clue:3;collision_intent:133;hipc_entry:91;state:132,959,175,completed
11,dcta_parity_v1,custom,5789862b56c579a63f65129a7c7ce0c99a25e7c55fba998a5a9699fc4a7df60b,03f32103aba060045f2661de3c031f6fbcbc73f46000a9666f166ad349c5805d,HIPC,gilbert_elliot,pGG_0.95_pBB_0.85,19,361,4,0.05,18,90.25,90.25,comm_g19_r4_ge_drop025_hipc_topk005,C:\Users\lottj\Desktop\research\decentralized benchmark\topk_filter_study\results\sensitivity_suite\scenarios\clue_g19_n50.csv,clue_search,02,131,80,95,37,0,1,1,397,132,265,266,131,295,clue:3;collision_intent:132;hipc_entry:131;state:131,929,167,completed
11,dcta_parity_v1,custom,5789862b56c579a63f65129a7c7ce0c99a25e7c55fba998a5a9699fc4a7df60b,03f32103aba060045f2661de3c031f6fbcbc73f46000a9666f166ad349c5805d,HIPC,gilbert_elliot,pGG_0.95_pBB_0.85,19,361,4,0.05,18,90.25,90.25,comm_g19_r4_ge_drop025_hipc_topk005,C:\Users\lottj\Desktop\research\decentralized benchmark\topk_filter_study\results\sensitivity_suite\scenarios\clue_g19_n50.csv,clue_search,03,133,83,82,52,0,1,1,370,135,235,271,99,270,clue:3;collision_intent:134;hipc_entry:99;state:133;target:1,984,140,completed
12,dcta_parity_v1,custom,5789862b56c579a63f65129a7c7ce0c99a25e7c55fba998a5a9699fc4a7df60b,03f32103aba060045f2661de3c031f6fbcbc73f46000a9666f166ad349c5805d,HIPC,gilbert_elliot,pGG_0.95_pBB_0.85,19,361,4,0.05,18,90.25,90.25,comm_g19_r4_ge_drop025_hipc_topk005,C:\Users\lottj\Desktop\research\decentralized benchmark\topk_filter_study\results\sensitivity_suite\scenarios\clue_g19_n50.csv,clue_search,00,31,11,31,1,0,0,0,74,32,42,65,9,34,clue:2;collision_intent:31;hipc_entry:9;state:31;target:1,211,40,completed
12,dcta_parity_v1,custom,5789862b56c579a63f65129a7c7ce0c99a25e7c55fba998a5a9699fc4a7df60b,03f32103aba060045f2661de3c031f6fbcbc73f46000a9666f166ad349c5805d,HIPC,gilbert_elliot,pGG_0.95_pBB_0.85,19,361,4,0.05,18,90.25,90.25,comm_g19_r4_ge_drop025_hipc_topk005,C:\Users\lottj\Desktop\research\decentralized benchmark\topk_filter_study\results\sensitivity_suite\scenarios\clue_g19_n50.csv,clue_search,01,30,11,31,0,0,0,0,85,30,55,62,23,46,clue:2;collision_intent:30;hipc_entry:23;state:30,216,24,completed
12,dcta_parity_v1,custom,5789862b56c579a63f65129a7c7ce0c99a25e7c55fba998a5a9699fc4a7df60b,03f32103aba060045f2661de3c031f6fbcbc73f46000a9666f166ad349c5805d,HIPC,gilbert_elliot,pGG_0.95_pBB_0.85,19,361,4,0.05,18,90.25,90.25,comm_g19_r4_ge_drop025_hipc_topk005,C:\Users\lottj\Desktop\research\decentralized benchmark\topk_filter_study\results\sensitivity_suite\scenarios\clue_g19_n50.csv,clue_search,02,30,10,30,1,0,0,0,89,30,59,62,27,49,clue:2;collision_intent:30;hipc_entry:27;state:30,200,34,completed
12,dcta_parity_v1,custom,5789862b56c579a63f65129a7c7ce0c99a25e7c55fba998a5a9699fc4a7df60b,03f32103aba060045f2661de3c031f6fbcbc73f46000a9666f166ad349c5805d,HIPC,gilbert_elliot,pGG_0.95_pBB_0.85,19,361,4,0.05,18,90.25,90.25,comm_g19_r4_ge_drop025_hipc_topk005,C:\Users\lottj\Desktop\research\decentralized benchmark\topk_filter_study\results\sensitivity_suite\scenarios\clue_g19_n50.csv,clue_search,03,30,10,25,6,0,1,1,77,31,46,63,14,37,clue:2;collision_intent:31;hipc_entry:14;state:30,217,29,completed
13,dcta_parity_v1,custom,5789862b56c579a63f65129a7c7ce0c99a25e7c55fba998a5a9699fc4a7df60b,03f32103aba060045f2661de3c031f6fbcbc73f46000a9666f166ad349c5805d,HIPC,gilbert_elliot,pGG_0.95_pBB_0.85,19,361,4,0.05,18,90.25,90.25,comm_g19_r4_ge_drop025_hipc_topk005,C:\Users\lottj\Desktop\research\decentralized benchmark\topk_filter_study\results\sensitivity_suite\scenarios\clue_g19_n50.csv,clue_search,00,7,0,8,0,0,0,0,14,7,7,14,0,0,collision_intent:7;state:7,42,0,completed
13,dcta_parity_v1,custom,5789862b56c579a63f65129a7c7ce0c99a25e7c55fba998a5a9699fc4a7df60b,03f32103aba060045f2661de3c031f6fbcbc73f46000a9666f166ad349c5805d,HIPC,gilbert_elliot,pGG_0.95_pBB_0.85,19,361,4,0.05,18,90.25,90.25,comm_g19_r4_ge_drop025_hipc_topk005,C:\Users\lottj\Desktop\research\decentralized benchmark\topk_filter_study\results\sensitivity_suite\scenarios\clue_g19_n50.csv,clue_search,01,7,0,8,0,0,0,0,14,7,7,14,0,0,collision_intent:7;state:7,35,7,completed
13,dcta_parity_v1,custom,5789862b56c579a63f65129a7c7ce0c99a25e7c55fba998a5a9699fc4a7df60b,03f32103aba060045f2661de3c031f6fbcbc73f46000a9666f166ad349c5805d,HIPC,gilbert_elliot,pGG_0.95_pBB_0.85,19,361,4,0.05,18,90.25,90.25,comm_g19_r4_ge_drop025_hipc_topk005,C:\Users\lottj\Desktop\research\decentralized benchmark\topk_filter_study\results\sensitivity_suite\scenarios\clue_g19_n50.csv,clue_search,02,7,0,8,0,0,0,0,14,7,7,14,0,0,collision_intent:7;state:7,37,4,completed
13,dcta_parity_v1,custom,5789862b56c579a63f65129a7c7ce0c99a25e7c55fba998a5a9699fc4a7df60b,03f32103aba060045f2661de3c031f6fbcbc73f46000a9666f166ad349c5805d,HIPC,gilbert_elliot,pGG_0.95_pBB_0.85,19,361,4,0.05,18,90.25,90.25,comm_g19_r4_ge_drop025_hipc_topk005,C:\Users\lottj\Desktop\research\decentralized benchmark\topk_filter_study\results\sensitivity_suite\scenarios\clue_g19_n50.csv,clue_search,03,7,0,8,0,0,0,0,15,8,7,15,0,0,collision_intent:7;state:7;target:1,42,0,completed
14,dcta_parity_v1,custom,5789862b56c579a63f65129a7c7ce0c99a25e7c55fba998a5a9699fc4a7df60b,03f32103aba060045f2661de3c031f6fbcbc73f46000a9666f166ad349c5805d,HIPC,gilbert_elliot,pGG_0.95_pBB_0.85,19,361,4,0.05,18,90.25,90.25,comm_g19_r4_ge_drop025_hipc_topk005,C:\Users\lottj\Desktop\research\decentralized benchmark\topk_filter_study\results\sensitivity_suite\scenarios\clue_g19_n50.csv,clue_search,00,86,79,57,30,1,2,2,307,89,218,179,128,293,clue:4;collision_intent:88;hipc_clear_bundle:1;hipc_entry:127;state:86;target:1,722,160,completed
14,dcta_parity_v1,custom,5789862b56c579a63f65129a7c7ce0c99a25e7c55fba998a5a9699fc4a7df60b,03f32103aba060045f2661de3c031f6fbcbc73f46000a9666f166ad349c5805d,HIPC,gilbert_elliot,pGG_0.95_pBB_0.85,19,361,4,0.05,18,90.25,90.25,comm_g19_r4_ge_drop025_hipc_topk005,C:\Users\lottj\Desktop\research\decentralized benchmark\topk_filter_study\results\sensitivity_suite\scenarios\clue_g19_n50.csv,clue_search,01,87,81,54,34,0,2,1,273,89,184,180,93,261,clue:4;collision_intent:89;hipc_entry:93;state:87,772,144,completed
14,dcta_parity_v1,custom,5789862b56c579a63f65129a7c7ce0c99a25e7c55fba998a5a9699fc4a7df60b,03f32103aba060045f2661de3c031f6fbcbc73f46000a9666f166ad349c5805d,HIPC,gilbert_elliot,pGG_0.95_pBB_0.85,19,361,4,0.05,18,90.25,90.25,comm_g19_r4_ge_drop025_hipc_topk005,C:\Users\lottj\Desktop\research\decentralized benchmark\topk_filter_study\results\sensitivity_suite\scenarios\clue_g19_n50.csv,clue_search,02,82,75,60,23,0,6,3,291,88,203,174,117,277,clue:4;collision_intent:88;hipc_entry:117;state:82,797,99,completed
14,dcta_parity_v1,custom,5789862b56c579a63f65129a7c7ce0c99a25e7c55fba998a5a9699fc4a7df60b,03f32103aba060045f2661de3c031f6fbcbc73f46000a9666f166ad349c5805d,HIPC,gilbert_elliot,pGG_0.95_pBB_0.85,19,361,4,0.05,18,90.25,90.25,comm_g19_r4_ge_drop025_hipc_topk005,C:\Users\lottj\Desktop\research\decentralized benchmark\topk_filter_study\results\sensitivity_suite\scenarios\clue_g19_n50.csv,clue_search,03,83,77,56,28,1,6,3,318,90,228,177,141,306,clue:4;collision_intent:90;hipc_clear_bundle:1;hipc_entry:140;state:83,694,176,completed
15,dcta_parity_v1,custom,5789862b56c579a63f65129a7c7ce0c99a25e7c55fba998a5a9699fc4a7df60b,03f32103aba060045f2661de3c031f6fbcbc73f46000a9666f166ad349c5805d,HIPC,gilbert_elliot,pGG_0.95_pBB_0.85,19,361,4,0.05,18,90.25,90.25,comm_g19_r4_ge_drop025_hipc_topk005,C:\Users\lottj\Desktop\research\decentralized benchmark\topk_filter_study\results\sensitivity_suite\scenarios\clue_g19_n50.csv,clue_search,00,100,69,60,41,0,0,0,292,100,192,202,90,230,clue:2;collision_intent:100;hipc_entry:90;state:100,744,149,completed
15,dcta_parity_v1,custom,5789862b56c579a63f65129a7c7ce0c99a25e7c55fba998a5a9699fc4a7df60b,03f32103aba060045f2661de3c031f6fbcbc73f46000a9666f166ad349c5805d,HIPC,gilbert_elliot,pGG_0.95_pBB_0.85,19,361,4,0.05,18,90.25,90.25,comm_g19_r4_ge_drop025_hipc_topk005,C:\Users\lottj\Desktop\research\decentralized benchmark\topk_filter_study\results\sensitivity_suite\scenarios\clue_g19_n50.csv,clue_search,01,98,67,73,26,2,4,2,303,102,201,202,101,241,clue:2;collision_intent:102;hipc_entry:101;state:98,759,124,completed
15,dcta_parity_v1,custom,5789862b56c579a63f65129a7c7ce0c99a25e7c55fba998a5a9699fc4a7df60b,03f32103aba060045f2661de3c031f6fbcbc73f46000a9666f166ad349c5805d,HIPC,gilbert_elliot,pGG_0.95_pBB_0.85,19,361,4,0.05,18,90.25,90.25,comm_g19_r4_ge_drop025_hipc_topk005,C:\Users\lottj\Desktop\research\decentralized benchmark\topk_filter_study\results\sensitivity_suite\scenarios\clue_g19_n50.csv,clue_search,02,100,69,70,31,2,0,0,287,100,187,202,85,225,clue:2;collision_intent:100;hipc_entry:85;state:100,778,122,completed
15,dcta_parity_v1,custom,5789862b56c579a63f65129a7c7ce0c99a25e7c55fba998a5a9699fc4a7df60b,03f32103aba060045f2661de3c031f6fbcbc73f46000a9666f166ad349c5805d,HIPC,gilbert_elliot,pGG_0.95_pBB_0.85,19,361,4,0.05,18,90.25,90.25,comm_g19_r4_ge_drop025_hipc_topk005,C:\Users\lottj\Desktop\research\decentralized benchmark\topk_filter_study\results\sensitivity_suite\scenarios\clue_g19_n50.csv,clue_search,03,98,68,57,42,2,2,2,305,101,204,201,104,245,clue:2;collision_intent:100;hipc_entry:104;state:98;target:1,626,256,completed
16,dcta_parity_v1,custom,5789862b56c579a63f65129a7c7ce0c99a25e7c55fba998a5a9699fc4a7df60b,03f32103aba060045f2661de3c031f6fbcbc73f46000a9666f166ad349c5805d,HIPC,gilbert_elliot,pGG_0.95_pBB_0.85,19,361,4,0.05,18,90.25,90.25,comm_g19_r4_ge_drop025_hipc_topk005,C:\Users\lottj\Desktop\research\decentralized benchmark\topk_filter_study\results\sensitivity_suite\scenarios\clue_g19_n50.csv,clue_search,00,137,131,71,67,2,12,6,419,149,270,289,130,407,clue:3;collision_intent:149;hipc_entry:130;state:137,1123,293,completed
16,dcta_parity_v1,custom,5789862b56c579a63f65129a7c7ce0c99a25e7c55fba998a5a9699fc4a7df60b,03f32103aba060045f2661de3c031f6fbcbc73f46000a9666f166ad349c5805d,HIPC,gilbert_elliot,pGG_0.95_pBB_0.85,19,361,4,0.05,18,90.25,90.25,comm_g19_r4_ge_drop025_hipc_topk005,C:\Users\lottj\Desktop\research\decentralized benchmark\topk_filter_study\results\sensitivity_suite\scenarios\clue_g19_n50.csv,clue_search,01,141,135,68,74,0,5,5,433,146,287,290,143,421,clue:3;collision_intent:146;hipc_entry:143;state:141,1144,259,completed
16,dcta_parity_v1,custom,5789862b56c579a63f65129a7c7ce0c99a25e7c55fba998a5a9699fc4a7df60b,03f32103aba060045f2661de3c031f6fbcbc73f46000a9666f166ad349c5805d,HIPC,gilbert_elliot,pGG_0.95_pBB_0.85,19,361,4,0.05,18,90.25,90.25,comm_g19_r4_ge_drop025_hipc_topk005,C:\Users\lottj\Desktop\research\decentralized benchmark\topk_filter_study\results\sensitivity_suite\scenarios\clue_g19_n50.csv,clue_search,02,139,132,84,56,1,5,2,528,145,383,288,240,514,clue:4;collision_intent:144;hipc_entry:240;state:139;target:1,1064,244,completed
16,dcta_parity_v1,custom,5789862b56c579a63f65129a7c7ce0c99a25e7c55fba998a5a9699fc4a7df60b,03f32103aba060045f2661de3c031f6fbcbc73f46000a9666f166ad349c5805d,HIPC,gilbert_elliot,pGG_0.95_pBB_0.85,19,361,4,0.05,18,90.25,90.25,comm_g19_r4_ge_drop025_hipc_topk005,C:\Users\lottj\Desktop\research\decentralized benchmark\topk_filter_study\results\sensitivity_suite\scenarios\clue_g19_n50.csv,clue_search,03,138,132,83,56,3,6,3,456,146,310,288,168,444,clue:4;collision_intent:146;hipc_entry:168;state:138,1213,166,completed
17,dcta_parity_v1,custom,5789862b56c579a63f65129a7c7ce0c99a25e7c55fba998a5a9699fc4a7df60b,03f32103aba060045f2661de3c031f6fbcbc73f46000a9666f166ad349c5805d,HIPC,gilbert_elliot,pGG_0.95_pBB_0.85,19,361,4,0.05,18,90.25,90.25,comm_g19_r4_ge_drop025_hipc_topk005,C:\Users\lottj\Desktop\research\decentralized benchmark\topk_filter_study\results\sensitivity_suite\scenarios\clue_g19_n50.csv,clue_search,00,1,0,2,0,0,0,0,2,1,1,2,0,0,collision_intent:1;state:1,3,1,completed
17,dcta_parity_v1,custom,5789862b56c579a63f65129a7c7ce0c99a25e7c55fba998a5a9699fc4a7df60b,03f32103aba060045f2661de3c031f6fbcbc73f46000a9666f166ad349c5805d,HIPC,gilbert_elliot,pGG_0.95_pBB_0.85,19,361,4,0.05,18,90.25,90.25,comm_g19_r4_ge_drop025_hipc_topk005,C:\Users\lottj\Desktop\research\decentralized benchmark\topk_filter_study\results\sensitivity_suite\scenarios\clue_g19_n50.csv,clue_search,01,0,0,1,0,0,0,0,1,1,0,1,0,0,collision_intent:1,5,0,completed
17,dcta_parity_v1,custom,5789862b56c579a63f65129a7c7ce0c99a25e7c55fba998a5a9699fc4a7df60b,03f32103aba060045f2661de3c031f6fbcbc73f46000a9666f166ad349c5805d,HIPC,gilbert_elliot,pGG_0.95_pBB_0.85,19,361,4,0.05,18,90.25,90.25,comm_g19_r4_ge_drop025_hipc_topk005,C:\Users\lottj\Desktop\research\decentralized benchmark\topk_filter_study\results\sensitivity_suite\scenarios\clue_g19_n50.csv,clue_search,02,1,0,2,0,0,0,0,3,2,1,3,0,0,collision_intent:1;state:1;target:1,4,0,completed
17,dcta_parity_v1,custom,5789862b56c579a63f65129a7c7ce0c99a25e7c55fba998a5a9699fc4a7df60b,03f32103aba060045f2661de3c031f6fbcbc73f46000a9666f166ad349c5805d,HIPC,gilbert_elliot,pGG_0.95_pBB_0.85,19,361,4,0.05,18,90.25,90.25,comm_g19_r4_ge_drop025_hipc_topk005,C:\Users\lottj\Desktop\research\decentralized benchmark\topk_filter_study\results\sensitivity_suite\scenarios\clue_g19_n50.csv,clue_search,03,0,0,1,0,0,0,0,1,1,0,1,0,0,collision_intent:1,6,0,completed
18,dcta_parity_v1,custom,5789862b56c579a63f65129a7c7ce0c99a25e7c55fba998a5a9699fc4a7df60b,03f32103aba060045f2661de3c031f6fbcbc73f46000a9666f166ad349c5805d,HIPC,gilbert_elliot,pGG_0.95_pBB_0.85,19,361,4,0.05,18,90.25,90.25,comm_g19_r4_ge_drop025_hipc_topk005,C:\Users\lottj\Desktop\research\decentralized benchmark\topk_filter_study\results\sensitivity_suite\scenarios\clue_g19_n50.csv,clue_search,00,71,5,72,0,0,0,0,148,72,76,144,4,16,clue:1;collision_intent:71;hipc_entry:4;state:71;target:1,421,34,completed
18,dcta_parity_v1,custom,5789862b56c579a63f65129a7c7ce0c99a25e7c55fba998a5a9699fc4a7df60b,03f32103aba060045f2661de3c031f6fbcbc73f46000a9666f166ad349c5805d,HIPC,gilbert_elliot,pGG_0.95_pBB_0.85,19,361,4,0.05,18,90.25,90.25,comm_g19_r4_ge_drop025_hipc_topk005,C:\Users\lottj\Desktop\research\decentralized benchmark\topk_filter_study\results\sensitivity_suite\scenarios\clue_g19_n50.csv,clue_search,01,70,5,67,4,1,0,0,144,70,74,141,3,14,clue:1;collision_intent:70;hipc_entry:3;state:70,408,51,completed
18,dcta_parity_v1,custom,5789862b56c579a63f65129a7c7ce0c99a25e7c55fba998a5a9699fc4a7df60b,03f32103aba060045f2661de3c031f6fbcbc73f46000a9666f166ad349c5805d,HIPC,gilbert_elliot,pGG_0.95_pBB_0.85,19,361,4,0.05,18,90.25,90.25,comm_g19_r4_ge_drop025_hipc_topk005,C:\Users\lottj\Desktop\research\decentralized benchmark\topk_filter_study\results\sensitivity_suite\scenarios\clue_g19_n50.csv,clue_search,02,70,4,69,2,1,0,0,154,71,83,142,12,22,clue:1;collision_intent:71;hipc_entry:12;state:70,406,43,completed
18,dcta_parity_v1,custom,5789862b56c579a63f65129a7c7ce0c99a25e7c55fba998a5a9699fc4a7df60b,03f32103aba060045f2661de3c031f6fbcbc73f46000a9666f166ad349c5805d,HIPC,gilbert_elliot,pGG_0.95_pBB_0.85,19,361,4,0.05,18,90.25,90.25,comm_g19_r4_ge_drop025_hipc_topk005,C:\Users\lottj\Desktop\research\decentralized benchmark\topk_filter_study\results\sensitivity_suite\scenarios\clue_g19_n50.csv,clue_search,03,71,5,72,0,0,0,0,158,71,87,143,15,26,clue:1;collision_intent:71;hipc_entry:15;state:71,394,52,completed
19,dcta_parity_v1,custom,5789862b56c579a63f65129a7c7ce0c99a25e7c55fba998a5a9699fc4a7df60b,03f32103aba060045f2661de3c031f6fbcbc73f46000a9666f166ad349c5805d,HIPC,gilbert_elliot,pGG_0.95_pBB_0.85,19,361,4,0.05,18,90.25,90.25,comm_g19_r4_ge_drop025_hipc_topk005,C:\Users\lottj\Desktop\research\decentralized benchmark\topk_filter_study\results\sensitivity_suite\scenarios\clue_g19_n50.csv,clue_search,00,87,67,58,30,0,4,1,279,91,188,179,100,239,clue:1;collision_intent:91;hipc_entry:100;state:87,703,122,completed
19,dcta_parity_v1,custom,5789862b56c579a63f65129a7c7ce0c99a25e7c55fba998a5a9699fc4a7df60b,03f32103aba060045f2661de3c031f6fbcbc73f46000a9666f166ad349c5805d,HIPC,gilbert_elliot,pGG_0.95_pBB_0.85,19,361,4,0.05,18,90.25,90.25,comm_g19_r4_ge_drop025_hipc_topk005,C:\Users\lottj\Desktop\research\decentralized benchmark\topk_filter_study\results\sensitivity_suite\scenarios\clue_g19_n50.csv,clue_search,01,86,66,71,16,0,8,3,284,94,190,181,103,244,clue:1;collision_intent:94;hipc_entry:103;state:86,700,118,completed
19,dcta_parity_v1,custom,5789862b56c579a63f65129a7c7ce0c99a25e7c55fba998a5a9699fc4a7df60b,03f32103aba060045f2661de3c031f6fbcbc73f46000a9666f166ad349c5805d,HIPC,gilbert_elliot,pGG_0.95_pBB_0.85,19,361,4,0.05,18,90.25,90.25,comm_g19_r4_ge_drop025_hipc_topk005,C:\Users\lottj\Desktop\research\decentralized benchmark\topk_filter_study\results\sensitivity_suite\scenarios\clue_g19_n50.csv,clue_search,02,87,67,47,41,0,9,7,274,98,176,186,88,234,clue:1;collision_intent:97;hipc_entry:88;state:87;target:1,691,139,completed
19,dcta_parity_v1,custom,5789862b56c579a63f65129a7c7ce0c99a25e7c55fba998a5a9699fc4a7df60b,03f32103aba060045f2661de3c031f6fbcbc73f46000a9666f166ad349c5805d,HIPC,gilbert_elliot,pGG_0.95_pBB_0.85,19,361,4,0.05,18,90.25,90.25,comm_g19_r4_ge_drop025_hipc_topk005,C:\Users\lottj\Desktop\research\decentralized benchmark\topk_filter_study\results\sensitivity_suite\scenarios\clue_g19_n50.csv,clue_search,03,86,67,48,39,2,6,3,267,92,175,179,88,229,clue:1;collision_intent:92;hipc_clear_bundle:1;hipc_entry:87;state:86,710,126,completed
20,dcta_parity_v1,custom,5789862b56c579a63f65129a7c7ce0c99a25e7c55fba998a5a9699fc4a7df60b,03f32103aba060045f2661de3c031f6fbcbc73f46000a9666f166ad349c5805d,HIPC,gilbert_elliot,pGG_0.95_pBB_0.85,19,361,4,0.05,18,90.25,90.25,comm_g19_r4_ge_drop025_hipc_topk005,C:\Users\lottj\Desktop\research\decentralized benchmark\topk_filter_study\results\sensitivity_suite\scenarios\clue_g19_n50.csv,clue_search,00,39,37,23,17,0,10,3,160,49,111,91,69,156,clue:3;collision_intent:49;hipc_entry:69;state:39,367,113,completed
20,dcta_parity_v1,custom,5789862b56c579a63f65129a7c7ce0c99a25e7c55fba998a5a9699fc4a7df60b,03f32103aba060045f2661de3c031f6fbcbc73f46000a9666f166ad349c5805d,HIPC,gilbert_elliot,pGG_0.95_pBB_0.85,19,361,4,0.05,18,90.25,90.25,comm_g19_r4_ge_drop025_hipc_topk005,C:\Users\lottj\Desktop\research\decentralized benchmark\topk_filter_study\results\sensitivity_suite\scenarios\clue_g19_n50.csv,clue_search,01,42,41,23,20,0,4,1,160,46,114,91,69,157,clue:3;collision_intent:46;hipc_entry:69;state:42,406,74,completed
20,dcta_parity_v1,custom,5789862b56c579a63f65129a7c7ce0c99a25e7c55fba998a5a9699fc4a7df60b,03f32103aba060045f2661de3c031f6fbcbc73f46000a9666f166ad349c5805d,HIPC,gilbert_elliot,pGG_0.95_pBB_0.85,19,361,4,0.05,18,90.25,90.25,comm_g19_r4_ge_drop025_hipc_topk005,C:\Users\lottj\Desktop\research\decentralized benchmark\topk_filter_study\results\sensitivity_suite\scenarios\clue_g19_n50.csv,clue_search,02,41,39,27,15,1,7,2,160,48,112,92,68,156,clue:3;collision_intent:48;hipc_clear_bundle:1;hipc_entry:67;state:41,332,149,completed
20,dcta_parity_v1,custom,5789862b56c579a63f65129a7c7ce0c99a25e7c55fba998a5a9699fc4a7df60b,03f32103aba060045f2661de3c031f6fbcbc73f46000a9666f166ad349c5805d,HIPC,gilbert_elliot,pGG_0.95_pBB_0.85,19,361,4,0.05,18,90.25,90.25,comm_g19_r4_ge_drop025_hipc_topk005,C:\Users\lottj\Desktop\research\decentralized benchmark\topk_filter_study\results\sensitivity_suite\scenarios\clue_g19_n50.csv,clue_search,03,45,43,33,13,1,0,0,161,46,115,94,67,157,clue:3;collision_intent:45;hipc_entry:67;state:45;target:1,411,69,completed
21,dcta_parity_v1,custom,5789862b56c579a63f65129a7c7ce0c99a25e7c55fba998a5a9699fc4a7df60b,03f32103aba060045f2661de3c031f6fbcbc73f46000a9666f166ad349c5805d,HIPC,gilbert_elliot,pGG_0.95_pBB_0.85,19,361,4,0.05,18,90.25,90.25,comm_g19_r4_ge_drop025_hipc_topk005,C:\Users\lottj\Desktop\research\decentralized benchmark\topk_filter_study\results\sensitivity_suite\scenarios\clue_g19_n50.csv,clue_search,00,41,3,42,0,0,0,0,86,41,45,83,3,10,clue:1;collision_intent:41;hipc_entry:3;state:41,241,26,completed
21,dcta_parity_v1,custom,5789862b56c579a63f65129a7c7ce0c99a25e7c55fba998a5a9699fc4a7df60b,03f32103aba060045f2661de3c031f6fbcbc73f46000a9666f166ad349c5805d,HIPC,gilbert_elliot,pGG_0.95_pBB_0.85,19,361,4,0.05,18,90.25,90.25,comm_g19_r4_ge_drop025_hipc_topk005,C:\Users\lottj\Desktop\research\decentralized benchmark\topk_filter_study\results\sensitivity_suite\scenarios\clue_g19_n50.csv,clue_search,01,41,4,42,0,0,0,0,86,41,45,83,3,11,clue:1;collision_intent:41;hipc_entry:3;state:41,229,38,completed
21,dcta_parity_v1,custom,5789862b56c579a63f65129a7c7ce0c99a25e7c55fba998a5a9699fc4a7df60b,03f32103aba060045f2661de3c031f6fbcbc73f46000a9666f166ad349c5805d,HIPC,gilbert_elliot,pGG_0.95_pBB_0.85,19,361,4,0.05,18,90.25,90.25,comm_g19_r4_ge_drop025_hipc_topk005,C:\Users\lottj\Desktop\research\decentralized benchmark\topk_filter_study\results\sensitivity_suite\scenarios\clue_g19_n50.csv,clue_search,02,41,3,39,3,0,0,0,91,41,50,83,8,15,clue:1;collision_intent:41;hipc_entry:8;state:41,225,35,completed
21,dcta_parity_v1,custom,5789862b56c579a63f65129a7c7ce0c99a25e7c55fba998a5a9699fc4a7df60b,03f32103aba060045f2661de3c031f6fbcbc73f46000a9666f166ad349c5805d,HIPC,gilbert_elliot,pGG_0.95_pBB_0.85,19,361,4,0.05,18,90.25,90.25,comm_g19_r4_ge_drop025_hipc_topk005,C:\Users\lottj\Desktop\research\decentralized benchmark\topk_filter_study\results\sensitivity_suite\scenarios\clue_g19_n50.csv,clue_search,03,41,3,42,0,0,0,0,90,42,48,84,6,14,clue:1;collision_intent:41;hipc_entry:6;state:41;target:1,241,22,completed
22,dcta_parity_v1,custom,5789862b56c579a63f65129a7c7ce0c99a25e7c55fba998a5a9699fc4a7df60b,03f32103aba060045f2661de3c031f6fbcbc73f46000a9666f166ad349c5805d,HIPC,gilbert_elliot,pGG_0.95_pBB_0.85,19,361,4,0.05,18,90.25,90.25,comm_g19_r4_ge_drop025_hipc_topk005,C:\Users\lottj\Desktop\research\decentralized benchmark\topk_filter_study\results\sensitivity_suite\scenarios\clue_g19_n50.csv,clue_search,00,46,32,34,13,3,0,0,127,46,81,94,33,99,clue:2;collision_intent:46;hipc_entry:33;state:46,373,79,completed
22,dcta_parity_v1,custom,5789862b56c579a63f65129a7c7ce0c99a25e7c55fba998a5a9699fc4a7df60b,03f32103aba060045f2661de3c031f6fbcbc73f46000a9666f166ad349c5805d,HIPC,gilbert_elliot,pGG_0.95_pBB_0.85,19,361,4,0.05,18,90.25,90.25,comm_g19_r4_ge_drop025_hipc_topk005,C:\Users\lottj\Desktop\research\decentralized benchmark\topk_filter_study\results\sensitivity_suite\scenarios\clue_g19_n50.csv,clue_search,01,44,31,37,8,2,1,1,154,46,108,92,62,128,clue:2;collision_intent:46;hipc_clear_bundle:1;hipc_entry:61;state:44,383,42,completed
22,dcta_parity_v1,custom,5789862b56c579a63f65129a7c7ce0c99a25e7c55fba998a5a9699fc4a7df60b,03f32103aba060045f2661de3c031f6fbcbc73f46000a9666f166ad349c5805d,HIPC,gilbert_elliot,pGG_0.95_pBB_0.85,19,361,4,0.05,18,90.25,90.25,comm_g19_r4_ge_drop025_hipc_topk005,C:\Users\lottj\Desktop\research\decentralized benchmark\topk_filter_study\results\sensitivity_suite\scenarios\clue_g19_n50.csv,clue_search,02,45,31,42,4,2,0,0,156,46,110,93,63,128,clue:2;collision_intent:45;hipc_entry:63;state:45;target:1,348,76,completed
22,dcta_parity_v1,custom,5789862b56c579a63f65129a7c7ce0c99a25e7c55fba998a5a9699fc4a7df60b,03f32103aba060045f2661de3c031f6fbcbc73f46000a9666f166ad349c5805d,HIPC,gilbert_elliot,pGG_0.95_pBB_0.85,19,361,4,0.05,18,90.25,90.25,comm_g19_r4_ge_drop025_hipc_topk005,C:\Users\lottj\Desktop\research\decentralized benchmark\topk_filter_study\results\sensitivity_suite\scenarios\clue_g19_n50.csv,clue_search,03,44,30,41,4,0,0,0,143,44,99,90,53,115,clue:2;collision_intent:44;hipc_entry:53;state:44,352,84,completed
23,dcta_parity_v1,custom,5789862b56c579a63f65129a7c7ce0c99a25e7c55fba998a5a9699fc4a7df60b,03f32103aba060045f2661de3c031f6fbcbc73f46000a9666f166ad349c5805d,HIPC,gilbert_elliot,pGG_0.95_pBB_0.85,19,361,4,0.05,18,90.25,90.25,comm_g19_r4_ge_drop025_hipc_topk005,C:\Users\lottj\Desktop\research\decentralized benchmark\topk_filter_study\results\sensitivity_suite\scenarios\clue_g19_n50.csv,clue_search,00,38,4,39,0,0,0,0,83,38,45,77,6,14,clue:1;collision_intent:38;hipc_entry:6;state:38,199,41,completed
23,dcta_parity_v1,custom,5789862b56c579a63f65129a7c7ce0c99a25e7c55fba998a5a9699fc4a7df60b,03f32103aba060045f2661de3c031f6fbcbc73f46000a9666f166ad349c5805d,HIPC,gilbert_elliot,pGG_0.95_pBB_0.85,19,361,4,0.05,18,90.25,90.25,comm_g19_r4_ge_drop025_hipc_topk005,C:\Users\lottj\Desktop\research\decentralized benchmark\topk_filter_study\results\sensitivity_suite\scenarios\clue_g19_n50.csv,clue_search,01,37,3,38,0,0,0,0,78,37,41,75,3,10,clue:1;collision_intent:37;hipc_entry:3;state:37,218,29,completed
23,dcta_parity_v1,custom,5789862b56c579a63f65129a7c7ce0c99a25e7c55fba998a5a9699fc4a7df60b,03f32103aba060045f2661de3c031f6fbcbc73f46000a9666f166ad349c5805d,HIPC,gilbert_elliot,pGG_0.95_pBB_0.85,19,361,4,0.05,18,90.25,90.25,comm_g19_r4_ge_drop025_hipc_topk005,C:\Users\lottj\Desktop\research\decentralized benchmark\topk_filter_study\results\sensitivity_suite\scenarios\clue_g19_n50.csv,clue_search,02,38,3,38,1,0,0,0,80,38,42,77,3,10,clue:1;collision_intent:38;hipc_entry:3;state:38,194,51,completed
23,dcta_parity_v1,custom,5789862b56c579a63f65129a7c7ce0c99a25e7c55fba998a5a9699fc4a7df60b,03f32103aba060045f2661de3c031f6fbcbc73f46000a9666f166ad349c5805d,HIPC,gilbert_elliot,pGG_0.95_pBB_0.85,19,361,4,0.05,18,90.25,90.25,comm_g19_r4_ge_drop025_hipc_topk005,C:\Users\lottj\Desktop\research\decentralized benchmark\topk_filter_study\results\sensitivity_suite\scenarios\clue_g19_n50.csv,clue_search,03,38,3,39,0,0,0,0,84,39,45,78,6,14,clue:1;collision_intent:38;hipc_entry:6;state:38;target:1,219,22,completed
24,dcta_parity_v1,custom,5789862b56c579a63f65129a7c7ce0c99a25e7c55fba998a5a9699fc4a7df60b,03f32103aba060045f2661de3c031f6fbcbc73f46000a9666f166ad349c5805d,HIPC,gilbert_elliot,pGG_0.95_pBB_0.85,19,361,4,0.05,18,90.25,90.25,comm_g19_r4_ge_drop025_hipc_topk005,C:\Users\lottj\Desktop\research\decentralized benchmark\topk_filter_study\results\sensitivity_suite\scenarios\clue_g19_n50.csv,clue_search,00,88,79,65,24,2,2,1,278,90,188,181,97,260,clue:3;collision_intent:90;hipc_entry:97;state:88,768,101,completed
24,dcta_parity_v1,custom,5789862b56c579a63f65129a7c7ce0c99a25e7c55fba998a5a9699fc4a7df60b,03f32103aba060045f2661de3c031f6fbcbc73f46000a9666f166ad349c5805d,HIPC,gilbert_elliot,pGG_0.95_pBB_0.85,19,361,4,0.05,18,90.25,90.25,comm_g19_r4_ge_drop025_hipc_topk005,C:\Users\lottj\Desktop\research\decentralized benchmark\topk_filter_study\results\sensitivity_suite\scenarios\clue_g19_n50.csv,clue_search,01,87,78,62,26,1,1,1,285,89,196,179,106,267,clue:3;collision_intent:88;hipc_entry:106;state:87;target:1,745,117,completed
24,dcta_parity_v1,custom,5789862b56c579a63f65129a7c7ce0c99a25e7c55fba998a5a9699fc4a7df60b,03f32103aba060045f2661de3c031f6fbcbc73f46000a9666f166ad349c5805d,HIPC,gilbert_elliot,pGG_0.95_pBB_0.85,19,361,4,0.05,18,90.25,90.25,comm_g19_r4_ge_drop025_hipc_topk005,C:\Users\lottj\Desktop\research\decentralized benchmark\topk_filter_study\results\sensitivity_suite\scenarios\clue_g19_n50.csv,clue_search,02,87,78,61,27,0,0,0,288,87,201,177,111,270,clue:3;collision_intent:87;hipc_entry:111;state:87,743,115,completed
24,dcta_parity_v1,custom,5789862b56c579a63f65129a7c7ce0c99a25e7c55fba998a5a9699fc4a7df60b,03f32103aba060045f2661de3c031f6fbcbc73f46000a9666f166ad349c5805d,HIPC,gilbert_elliot,pGG_0.95_pBB_0.85,19,361,4,0.05,18,90.25,90.25,comm_g19_r4_ge_drop025_hipc_topk005,C:\Users\lottj\Desktop\research\decentralized benchmark\topk_filter_study\results\sensitivity_suite\scenarios\clue_g19_n50.csv,clue_search,03,86,77,40,47,0,2,2,296,88,208,177,119,278,clue:3;collision_intent:88;hipc_entry:119;state:86,731,120,completed
25,dcta_parity_v1,custom,5789862b56c579a63f65129a7c7ce0c99a25e7c55fba998a5a9699fc4a7df60b,03f32103aba060045f2661de3c031f6fbcbc73f46000a9666f166ad349c5805d,HIPC,gilbert_elliot,pGG_0.95_pBB_0.85,19,361,4,0.05,18,90.25,90.25,comm_g19_r4_ge_drop025_hipc_topk005,C:\Users\lottj\Desktop\research\decentralized benchmark\topk_filter_study\results\sensitivity_suite\scenarios\clue_g19_n50.csv,clue_search,00,170,164,58,113,2,6,3,557,177,380,350,207,545,clue:3;collision_intent:177;hipc_entry:207;state:170,1346,315,completed
25,dcta_parity_v1,custom,5789862b56c579a63f65129a7c7ce0c99a25e7c55fba998a5a9699fc4a7df60b,03f32103aba060045f2661de3c031f6fbcbc73f46000a9666f166ad349c5805d,HIPC,gilbert_elliot,pGG_0.95_pBB_0.85,19,361,4,0.05,18,90.25,90.25,comm_g19_r4_ge_drop025_hipc_topk005,C:\Users\lottj\Desktop\research\decentralized benchmark\topk_filter_study\results\sensitivity_suite\scenarios\clue_g19_n50.csv,clue_search,01,172,166,115,58,0,6,6,586,179,407,354,232,574,clue:3;collision_intent:178;hipc_entry:232;state:172;target:1,1366,267,completed
25,dcta_parity_v1,custom,5789862b56c579a63f65129a7c7ce0c99a25e7c55fba998a5a9699fc4a7df60b,03f32103aba060045f2661de3c031f6fbcbc73f46000a9666f166ad349c5805d,HIPC,gilbert_elliot,pGG_0.95_pBB_0.85,19,361,4,0.05,18,90.25,90.25,comm_g19_r4_ge_drop025_hipc_topk005,C:\Users\lottj\Desktop\research\decentralized benchmark\topk_filter_study\results\sensitivity_suite\scenarios\clue_g19_n50.csv,clue_search,02,175,169,105,71,1,0,0,535,175,360,353,182,523,clue:3;collision_intent:175;hipc_entry:182;state:175,1494,189,completed
25,dcta_parity_v1,custom,5789862b56c579a63f65129a7c7ce0c99a25e7c55fba998a5a9699fc4a7df60b,03f32103aba060045f2661de3c031f6fbcbc73f46000a9666f166ad349c5805d,HIPC,gilbert_elliot,pGG_0.95_pBB_0.85,19,361,4,0.05,18,90.25,90.25,comm_g19_r4_ge_drop025_hipc_topk005,C:\Users\lottj\Desktop\research\decentralized benchmark\topk_filter_study\results\sensitivity_suite\scenarios\clue_g19_n50.csv,clue_search,03,173,167,71,103,0,4,1,541,177,364,353,188,529,clue:3;collision_intent:177;hipc_entry:188;state:173,1391,287,completed
26,dcta_parity_v1,custom,5789862b56c579a63f65129a7c7ce0c99a25e7c55fba998a5a9699fc4a7df60b,03f32103aba060045f2661de3c031f6fbcbc73f46000a9666f166ad349c5805d,HIPC,gilbert_elliot,pGG_0.95_pBB_0.85,19,361,4,0.05,18,90.25,90.25,comm_g19_r4_ge_drop025_hipc_topk005,C:\Users\lottj\Desktop\research\decentralized benchmark\topk_filter_study\results\sensitivity_suite\scenarios\clue_g19_n50.csv,clue_search,00,57,3,58,0,0,0,0,119,58,61,116,3,11,clue:1;collision_intent:57;hipc_entry:3;state:57;target:1,279,79,completed
26,dcta_parity_v1,custom,5789862b56c579a63f65129a7c7ce0c99a25e7c55fba998a5a9699fc4a7df60b,03f32103aba060045f2661de3c031f6fbcbc73f46000a9666f166ad349c5805d,HIPC,gilbert_elliot,pGG_0.95_pBB_0.85,19,361,4,0.05,18,90.25,90.25,comm_g19_r4_ge_drop025_hipc_topk005,C:\Users\lottj\Desktop\research\decentralized benchmark\topk_filter_study\results\sensitivity_suite\scenarios\clue_g19_n50.csv,clue_search,01,55,2,56,0,0,0,0,117,56,61,112,5,11,clue:1;collision_intent:56;hipc_entry:5;state:55,327,31,completed
26,dcta_parity_v1,custom,5789862b56c579a63f65129a7c7ce0c99a25e7c55fba998a5a9699fc4a7df60b,03f32103aba060045f2661de3c031f6fbcbc73f46000a9666f166ad349c5805d,HIPC,gilbert_elliot,pGG_0.95_pBB_0.85,19,361,4,0.05,18,90.25,90.25,comm_g19_r4_ge_drop025_hipc_topk005,C:\Users\lottj\Desktop\research\decentralized benchmark\topk_filter_study\results\sensitivity_suite\scenarios\clue_g19_n50.csv,clue_search,02,56,2,55,2,0,0,0,119,56,63,113,6,11,clue:1;collision_intent:56;hipc_entry:6;state:56,296,60,completed
26,dcta_parity_v1,custom,5789862b56c579a63f65129a7c7ce0c99a25e7c55fba998a5a9699fc4a7df60b,03f32103aba060045f2661de3c031f6fbcbc73f46000a9666f166ad349c5805d,HIPC,gilbert_elliot,pGG_0.95_pBB_0.85,19,361,4,0.05,18,90.25,90.25,comm_g19_r4_ge_drop025_hipc_topk005,C:\Users\lottj\Desktop\research\decentralized benchmark\topk_filter_study\results\sensitivity_suite\scenarios\clue_g19_n50.csv,clue_search,03,56,3,57,0,0,0,0,122,56,66,113,9,16,clue:1;collision_intent:56;hipc_entry:9;state:56,322,32,completed
27,dcta_parity_v1,custom,5789862b56c579a63f65129a7c7ce0c99a25e7c55fba998a5a9699fc4a7df60b,03f32103aba060045f2661de3c031f6fbcbc73f46000a9666f166ad349c5805d,HIPC,gilbert_elliot,pGG_0.95_pBB_0.85,19,361,4,0.05,18,90.25,90.25,comm_g19_r4_ge_drop025_hipc_topk005,C:\Users\lottj\Desktop\research\decentralized benchmark\topk_filter_study\results\sensitivity_suite\scenarios\clue_g19_n50.csv,clue_search,00,78,68,54,25,2,6,1,256,84,172,165,91,236,clue:3;collision_intent:84;hipc_entry:91;state:78,660,104,completed
27,dcta_parity_v1,custom,5789862b56c579a63f65129a7c7ce0c99a25e7c55fba998a5a9699fc4a7df60b,03f32103aba060045f2661de3c031f6fbcbc73f46000a9666f166ad349c5805d,HIPC,gilbert_elliot,pGG_0.95_pBB_0.85,19,361,4,0.05,18,90.25,90.25,comm_g19_r4_ge_drop025_hipc_topk005,C:\Users\lottj\Desktop\research\decentralized benchmark\topk_filter_study\results\sensitivity_suite\scenarios\clue_g19_n50.csv,clue_search,01,78,69,51,28,2,0,0,246,78,168,159,87,228,clue:3;collision_intent:78;hipc_clear_bundle:2;hipc_entry:85;state:78,666,109,completed
27,dcta_parity_v1,custom,5789862b56c579a63f65129a7c7ce0c99a25e7c55fba998a5a9699fc4a7df60b,03f32103aba060045f2661de3c031f6fbcbc73f46000a9666f166ad349c5805d,HIPC,gilbert_elliot,pGG_0.95_pBB_0.85,19,361,4,0.05,18,90.25,90.25,comm_g19_r4_ge_drop025_hipc_topk005,C:\Users\lottj\Desktop\research\decentralized benchmark\topk_filter_study\results\sensitivity_suite\scenarios\clue_g19_n50.csv,clue_search,02,77,67,50,28,0,2,2,263,80,183,160,103,243,clue:3;collision_intent:79;hipc_entry:103;state:77;target:1,657,101,completed
27,dcta_parity_v1,custom,5789862b56c579a63f65129a7c7ce0c99a25e7c55fba998a5a9699fc4a7df60b,03f32103aba060045f2661de3c031f6fbcbc73f46000a9666f166ad349c5805d,HIPC,gilbert_elliot,pGG_0.95_pBB_0.85,19,361,4,0.05,18,90.25,90.25,comm_g19_r4_ge_drop025_hipc_topk005,C:\Users\lottj\Desktop\research\decentralized benchmark\topk_filter_study\results\sensitivity_suite\scenarios\clue_g19_n50.csv,clue_search,03,77,68,54,24,2,0,0,256,77,179,157,99,238,clue:3;collision_intent:77;hipc_clear_bundle:1;hipc_entry:98;state:77,642,123,completed
28,dcta_parity_v1,custom,5789862b56c579a63f65129a7c7ce0c99a25e7c55fba998a5a9699fc4a7df60b,03f32103aba060045f2661de3c031f6fbcbc73f46000a9666f166ad349c5805d,HIPC,gilbert_elliot,pGG_0.95_pBB_0.85,19,361,4,0.05,18,90.25,90.25,comm_g19_r4_ge_drop025_hipc_topk005,C:\Users\lottj\Desktop\research\decentralized benchmark\topk_filter_study\results\sensitivity_suite\scenarios\clue_g19_n50.csv,clue_search,00,22,5,23,0,0,0,0,50,23,27,47,3,16,clue:2;collision_intent:22;hipc_entry:3;state:22;target:1,138,22,completed
28,dcta_parity_v1,custom,5789862b56c579a63f65129a7c7ce0c99a25e7c55fba998a5a9699fc4a7df60b,03f32103aba060045f2661de3c031f6fbcbc73f46000a9666f166ad349c5805d,HIPC,gilbert_elliot,pGG_0.95_pBB_0.85,19,361,4,0.05,18,90.25,90.25,comm_g19_r4_ge_drop025_hipc_topk005,C:\Users\lottj\Desktop\research\decentralized benchmark\topk_filter_study\results\sensitivity_suite\scenarios\clue_g19_n50.csv,clue_search,01,21,4,22,0,1,0,0,51,21,30,44,7,17,clue:2;collision_intent:21;hipc_entry:7;state:21,143,15,completed
28,dcta_parity_v1,custom,5789862b56c579a63f65129a7c7ce0c99a25e7c55fba998a5a9699fc4a7df60b,03f32103aba060045f2661de3c031f6fbcbc73f46000a9666f166ad349c5805d,HIPC,gilbert_elliot,pGG_0.95_pBB_0.85,19,361,4,0.05,18,90.25,90.25,comm_g19_r4_ge_drop025_hipc_topk005,C:\Users\lottj\Desktop\research\decentralized benchmark\topk_filter_study\results\sensitivity_suite\scenarios\clue_g19_n50.csv,clue_search,02,21,3,21,1,0,0,0,56,22,34,45,11,20,clue:2;collision_intent:22;hipc_entry:11;state:21,131,22,completed
28,dcta_parity_v1,custom,5789862b56c579a63f65129a7c7ce0c99a25e7c55fba998a5a9699fc4a7df60b,03f32103aba060045f2661de3c031f6fbcbc73f46000a9666f166ad349c5805d,HIPC,gilbert_elliot,pGG_0.95_pBB_0.85,19,361,4,0.05,18,90.25,90.25,comm_g19_r4_ge_drop025_hipc_topk005,C:\Users\lottj\Desktop\research\decentralized benchmark\topk_filter_study\results\sensitivity_suite\scenarios\clue_g19_n50.csv,clue_search,03,21,4,22,0,1,0,0,53,21,32,44,9,19,clue:2;collision_intent:21;hipc_entry:9;state:21,146,11,completed
29,dcta_parity_v1,custom,5789862b56c579a63f65129a7c7ce0c99a25e7c55fba998a5a9699fc4a7df60b,03f32103aba060045f2661de3c031f6fbcbc73f46000a9666f166ad349c5805d,HIPC,gilbert_elliot,pGG_0.95_pBB_0.85,19,361,4,0.05,18,90.25,90.25,comm_g19_r4_ge_drop025_hipc_topk005,C:\Users\lottj\Desktop\research\decentralized benchmark\topk_filter_study\results\sensitivity_suite\scenarios\clue_g19_n50.csv,clue_search,00,55,13,54,2,0,0,0,141,56,85,113,28,57,clue:2;collision_intent:56;hipc_entry:28;state:55,359,55,completed
29,dcta_parity_v1,custom,5789862b56c579a63f65129a7c7ce0c99a25e7c55fba998a5a9699fc4a7df60b,03f32103aba060045f2661de3c031f6fbcbc73f46000a9666f166ad349c5805d,HIPC,gilbert_elliot,pGG_0.95_pBB_0.85,19,361,4,0.05,18,90.25,90.25,comm_g19_r4_ge_drop025_hipc_topk005,C:\Users\lottj\Desktop\research\decentralized benchmark\topk_filter_study\results\sensitivity_suite\scenarios\clue_g19_n50.csv,clue_search,01,56,14,55,2,1,0,0,145,56,89,114,31,61,clue:2;collision_intent:56;hipc_entry:31;state:56,329,80,completed
29,dcta_parity_v1,custom,5789862b56c579a63f65129a7c7ce0c99a25e7c55fba998a5a9699fc4a7df60b,03f32103aba060045f2661de3c031f6fbcbc73f46000a9666f166ad349c5805d,HIPC,gilbert_elliot,pGG_0.95_pBB_0.85,19,361,4,0.05,18,90.25,90.25,comm_g19_r4_ge_drop025_hipc_topk005,C:\Users\lottj\Desktop\research\decentralized benchmark\topk_filter_study\results\sensitivity_suite\scenarios\clue_g19_n50.csv,clue_search,02,57,15,52,6,0,0,0,141,58,83,117,24,57,clue:2;collision_intent:57;hipc_entry:24;state:57;target:1,357,58,completed
29,dcta_parity_v1,custom,5789862b56c579a63f65129a7c7ce0c99a25e7c55fba998a5a9699fc4a7df60b,03f32103aba060045f2661de3c031f6fbcbc73f46000a9666f166ad349c5805d,HIPC,gilbert_elliot,pGG_0.95_pBB_0.85,19,361,4,0.05,18,90.25,90.25,comm_g19_r4_ge_drop025_hipc_topk005,C:\Users\lottj\Desktop\research\decentralized benchmark\topk_filter_study\results\sensitivity_suite\scenarios\clue_g19_n50.csv,clue_search,03,55,14,44,12,0,1,1,129,56,73,113,16,47,clue:2;collision_intent:56;hipc_entry:16;state:55,378,48,completed
30,dcta_parity_v1,custom,5789862b56c579a63f65129a7c7ce0c99a25e7c55fba998a5a9699fc4a7df60b,03f32103aba060045f2661de3c031f6fbcbc73f46000a9666f166ad349c5805d,HIPC,gilbert_elliot,pGG_0.95_pBB_0.85,19,361,4,0.05,18,90.25,90.25,comm_g19_r4_ge_drop025_hipc_topk005,C:\Users\lottj\Desktop\research\decentralized benchmark\topk_filter_study\results\sensitivity_suite\scenarios\clue_g19_n50.csv,clue_search,00,18,0,19,0,0,0,0,36,18,18,36,0,0,collision_intent:18;state:18,92,16,completed
30,dcta_parity_v1,custom,5789862b56c579a63f65129a7c7ce0c99a25e7c55fba998a5a9699fc4a7df60b,03f32103aba060045f2661de3c031f6fbcbc73f46000a9666f166ad349c5805d,HIPC,gilbert_elliot,pGG_0.95_pBB_0.85,19,361,4,0.05,18,90.25,90.25,comm_g19_r4_ge_drop025_hipc_topk005,C:\Users\lottj\Desktop\research\decentralized benchmark\topk_filter_study\results\sensitivity_suite\scenarios\clue_g19_n50.csv,clue_search,01,18,0,19,0,0,0,0,37,19,18,37,0,0,collision_intent:18;state:18;target:1,80,28,completed
30,dcta_parity_v1,custom,5789862b56c579a63f65129a7c7ce0c99a25e7c55fba998a5a9699fc4a7df60b,03f32103aba060045f2661de3c031f6fbcbc73f46000a9666f166ad349c5805d,HIPC,gilbert_elliot,pGG_0.95_pBB_0.85,19,361,4,0.05,18,90.25,90.25,comm_g19_r4_ge_drop025_hipc_topk005,C:\Users\lottj\Desktop\research\decentralized benchmark\topk_filter_study\results\sensitivity_suite\scenarios\clue_g19_n50.csv,clue_search,02,18,0,19,0,0,0,0,36,18,18,36,0,0,collision_intent:18;state:18,81,26,completed
30,dcta_parity_v1,custom,5789862b56c579a63f65129a7c7ce0c99a25e7c55fba998a5a9699fc4a7df60b,03f32103aba060045f2661de3c031f6fbcbc73f46000a9666f166ad349c5805d,HIPC,gilbert_elliot,pGG_0.95_pBB_0.85,19,361,4,0.05,18,90.25,90.25,comm_g19_r4_ge_drop025_hipc_topk005,C:\Users\lottj\Desktop\research\decentralized benchmark\topk_filter_study\results\sensitivity_suite\scenarios\clue_g19_n50.csv,clue_search,03,18,0,19,0,0,0,0,36,18,18,36,0,0,collision_intent:18;state:18,88,20,completed
31,dcta_parity_v1,custom,5789862b56c579a63f65129a7c7ce0c99a25e7c55fba998a5a9699fc4a7df60b,03f32103aba060045f2661de3c031f6fbcbc73f46000a9666f166ad349c5805d,HIPC,gilbert_elliot,pGG_0.95_pBB_0.85,19,361,4,0.05,18,90.25,90.25,comm_g19_r4_ge_drop025_hipc_topk005,C:\Users\lottj\Desktop\research\decentralized benchmark\topk_filter_study\results\sensitivity_suite\scenarios\clue_g19_n50.csv,clue_search,00,97,93,51,47,0,0,0,320,98,222,196,124,312,clue:1;collision_intent:97;hipc_entry:124;state:97;target:1,855,150,completed
31,dcta_parity_v1,custom,5789862b56c579a63f65129a7c7ce0c99a25e7c55fba998a5a9699fc4a7df60b,03f32103aba060045f2661de3c031f6fbcbc73f46000a9666f166ad349c5805d,HIPC,gilbert_elliot,pGG_0.95_pBB_0.85,19,361,4,0.05,18,90.25,90.25,comm_g19_r4_ge_drop025_hipc_topk005,C:\Users\lottj\Desktop\research\decentralized benchmark\topk_filter_study\results\sensitivity_suite\scenarios\clue_g19_n50.csv,clue_search,01,93,89,55,39,0,4,2,311,98,213,192,119,303,clue:1;collision_intent:98;hipc_entry:119;state:93,863,149,completed
31,dcta_parity_v1,custom,5789862b56c579a63f65129a7c7ce0c99a25e7c55fba998a5a9699fc4a7df60b,03f32103aba060045f2661de3c031f6fbcbc73f46000a9666f166ad349c5805d,HIPC,gilbert_elliot,pGG_0.95_pBB_0.85,19,361,4,0.05,18,90.25,90.25,comm_g19_r4_ge_drop025_hipc_topk005,C:\Users\lottj\Desktop\research\decentralized benchmark\topk_filter_study\results\sensitivity_suite\scenarios\clue_g19_n50.csv,clue_search,02,93,89,62,32,0,4,1,346,97,249,191,155,338,clue:1;collision_intent:97;hipc_entry:155;state:93,801,177,completed
31,dcta_parity_v1,custom,5789862b56c579a63f65129a7c7ce0c99a25e7c55fba998a5a9699fc4a7df60b,03f32103aba060045f2661de3c031f6fbcbc73f46000a9666f166ad349c5805d,HIPC,gilbert_elliot,pGG_0.95_pBB_0.85,19,361,4,0.05,18,90.25,90.25,comm_g19_r4_ge_drop025_hipc_topk005,C:\Users\lottj\Desktop\research\decentralized benchmark\topk_filter_study\results\sensitivity_suite\scenarios\clue_g19_n50.csv,clue_search,03,94,90,45,50,1,1,1,348,95,253,190,158,340,clue:1;collision_intent:95;hipc_entry:158;state:94,750,227,completed
32,dcta_parity_v1,custom,5789862b56c579a63f65129a7c7ce0c99a25e7c55fba998a5a9699fc4a7df60b,03f32103aba060045f2661de3c031f6fbcbc73f46000a9666f166ad349c5805d,HIPC,gilbert_elliot,pGG_0.95_pBB_0.85,19,361,4,0.05,18,90.25,90.25,comm_g19_r4_ge_drop025_hipc_topk005,C:\Users\lottj\Desktop\research\decentralized benchmark\topk_filter_study\results\sensitivity_suite\scenarios\clue_g19_n50.csv,clue_search,00,22,0,23,0,0,0,0,44,22,22,44,0,0,collision_intent:22;state:22,117,15,completed
32,dcta_parity_v1,custom,5789862b56c579a63f65129a7c7ce0c99a25e7c55fba998a5a9699fc4a7df60b,03f32103aba060045f2661de3c031f6fbcbc73f46000a9666f166ad349c5805d,HIPC,gilbert_elliot,pGG_0.95_pBB_0.85,19,361,4,0.05,18,90.25,90.25,comm_g19_r4_ge_drop025_hipc_topk005,C:\Users\lottj\Desktop\research\decentralized benchmark\topk_filter_study\results\sensitivity_suite\scenarios\clue_g19_n50.csv,clue_search,01,22,0,23,0,0,0,0,45,23,22,45,0,0,collision_intent:22;state:22;target:1,124,8,completed
32,dcta_parity_v1,custom,5789862b56c579a63f65129a7c7ce0c99a25e7c55fba998a5a9699fc4a7df60b,03f32103aba060045f2661de3c031f6fbcbc73f46000a9666f166ad349c5805d,HIPC,gilbert_elliot,pGG_0.95_pBB_0.85,19,361,4,0.05,18,90.25,90.25,comm_g19_r4_ge_drop025_hipc_topk005,C:\Users\lottj\Desktop\research\decentralized benchmark\topk_filter_study\results\sensitivity_suite\scenarios\clue_g19_n50.csv,clue_search,02,22,0,23,0,0,0,0,44,22,22,44,0,0,collision_intent:22;state:22,113,20,completed
32,dcta_parity_v1,custom,5789862b56c579a63f65129a7c7ce0c99a25e7c55fba998a5a9699fc4a7df60b,03f32103aba060045f2661de3c031f6fbcbc73f46000a9666f166ad349c5805d,HIPC,gilbert_elliot,pGG_0.95_pBB_0.85,19,361,4,0.05,18,90.25,90.25,comm_g19_r4_ge_drop025_hipc_topk005,C:\Users\lottj\Desktop\research\decentralized benchmark\topk_filter_study\results\sensitivity_suite\scenarios\clue_g19_n50.csv,clue_search,03,22,0,23,0,0,0,0,44,22,22,44,0,0,collision_intent:22;state:22,107,26,completed
33,dcta_parity_v1,custom,5789862b56c579a63f65129a7c7ce0c99a25e7c55fba998a5a9699fc4a7df60b,03f32103aba060045f2661de3c031f6fbcbc73f46000a9666f166ad349c5805d,HIPC,gilbert_elliot,pGG_0.95_pBB_0.85,19,361,4,0.05,18,90.25,90.25,comm_g19_r4_ge_drop025_hipc_topk005,C:\Users\lottj\Desktop\research\decentralized benchmark\topk_filter_study\results\sensitivity_suite\scenarios\clue_g19_n50.csv,clue_search,00,3,0,4,0,0,0,0,6,3,3,6,0,0,collision_intent:3;state:3,12,1,completed
33,dcta_parity_v1,custom,5789862b56c579a63f65129a7c7ce0c99a25e7c55fba998a5a9699fc4a7df60b,03f32103aba060045f2661de3c031f6fbcbc73f46000a9666f166ad349c5805d,HIPC,gilbert_elliot,pGG_0.95_pBB_0.85,19,361,4,0.05,18,90.25,90.25,comm_g19_r4_ge_drop025_hipc_topk005,C:\Users\lottj\Desktop\research\decentralized benchmark\topk_filter_study\results\sensitivity_suite\scenarios\clue_g19_n50.csv,clue_search,01,2,0,3,0,0,0,0,4,2,2,4,0,0,collision_intent:2;state:2,14,2,completed
33,dcta_parity_v1,custom,5789862b56c579a63f65129a7c7ce0c99a25e7c55fba998a5a9699fc4a7df60b,03f32103aba060045f2661de3c031f6fbcbc73f46000a9666f166ad349c5805d,HIPC,gilbert_elliot,pGG_0.95_pBB_0.85,19,361,4,0.05,18,90.25,90.25,comm_g19_r4_ge_drop025_hipc_topk005,C:\Users\lottj\Desktop\research\decentralized benchmark\topk_filter_study\results\sensitivity_suite\scenarios\clue_g19_n50.csv,clue_search,02,3,0,4,0,0,0,0,7,4,3,7,0,0,collision_intent:3;state:3;target:1,13,1,completed
33,dcta_parity_v1,custom,5789862b56c579a63f65129a7c7ce0c99a25e7c55fba998a5a9699fc4a7df60b,03f32103aba060045f2661de3c031f6fbcbc73f46000a9666f166ad349c5805d,HIPC,gilbert_elliot,pGG_0.95_pBB_0.85,19,361,4,0.05,18,90.25,90.25,comm_g19_r4_ge_drop025_hipc_topk005,C:\Users\lottj\Desktop\research\decentralized benchmark\topk_filter_study\results\sensitivity_suite\scenarios\clue_g19_n50.csv,clue_search,03,2,0,3,0,0,0,0,4,2,2,4,0,0,collision_intent:2;state:2,16,0,completed
34,dcta_parity_v1,custom,5789862b56c579a63f65129a7c7ce0c99a25e7c55fba998a5a9699fc4a7df60b,03f32103aba060045f2661de3c031f6fbcbc73f46000a9666f166ad349c5805d,HIPC,gilbert_elliot,pGG_0.95_pBB_0.85,19,361,4,0.05,18,90.25,90.25,comm_g19_r4_ge_drop025_hipc_topk005,C:\Users\lottj\Desktop\research\decentralized benchmark\topk_filter_study\results\sensitivity_suite\scenarios\clue_g19_n50.csv,clue_search,00,103,77,73,31,0,3,2,315,107,208,213,102,263,clue:3;collision_intent:107;hipc_entry:102;state:103,765,186,completed
34,dcta_parity_v1,custom,5789862b56c579a63f65129a7c7ce0c99a25e7c55fba998a5a9699fc4a7df60b,03f32103aba060045f2661de3c031f6fbcbc73f46000a9666f166ad349c5805d,HIPC,gilbert_elliot,pGG_0.95_pBB_0.85,19,361,4,0.05,18,90.25,90.25,comm_g19_r4_ge_drop025_hipc_topk005,C:\Users\lottj\Desktop\research\decentralized benchmark\topk_filter_study\results\sensitivity_suite\scenarios\clue_g19_n50.csv,clue_search,01,100,75,69,32,2,9,2,349,110,239,214,135,299,clue:4;collision_intent:110;hipc_clear_bundle:1;hipc_entry:134;state:100,795,122,completed
34,dcta_parity_v1,custom,5789862b56c579a63f65129a7c7ce0c99a25e7c55fba998a5a9699fc4a7df60b,03f32103aba060045f2661de3c031f6fbcbc73f46000a9666f166ad349c5805d,HIPC,gilbert_elliot,pGG_0.95_pBB_0.85,19,361,4,0.05,18,90.25,90.25,comm_g19_r4_ge_drop025_hipc_topk005,C:\Users\lottj\Desktop\research\decentralized benchmark\topk_filter_study\results\sensitivity_suite\scenarios\clue_g19_n50.csv,clue_search,02,100,74,64,37,1,3,1,317,105,212,209,108,265,clue:4;collision_intent:104;hipc_entry:108;state:100;target:1,810,139,completed
34,dcta_parity_v1,custom,5789862b56c579a63f65129a7c7ce0c99a25e7c55fba998a5a9699fc4a7df60b,03f32103aba060045f2661de3c031f6fbcbc73f46000a9666f166ad349c5805d,HIPC,gilbert_elliot,pGG_0.95_pBB_0.85,19,361,4,0.05,18,90.25,90.25,comm_g19_r4_ge_drop025_hipc_topk005,C:\Users\lottj\Desktop\research\decentralized benchmark\topk_filter_study\results\sensitivity_suite\scenarios\clue_g19_n50.csv,clue_search,03,104,79,74,31,1,1,1,285,105,180,213,72,234,clue:4;collision_intent:105;hipc_entry:72;state:104,834,147,completed
35,dcta_parity_v1,custom,5789862b56c579a63f65129a7c7ce0c99a25e7c55fba998a5a9699fc4a7df60b,03f32103aba060045f2661de3c031f6fbcbc73f46000a9666f166ad349c5805d,HIPC,gilbert_elliot,pGG_0.95_pBB_0.85,19,361,4,0.05,18,90.25,90.25,comm_g19_r4_ge_drop025_hipc_topk005,C:\Users\lottj\Desktop\research\decentralized benchmark\topk_filter_study\results\sensitivity_suite\scenarios\clue_g19_n50.csv,clue_search,00,101,92,45,57,2,5,3,296,107,189,212,84,278,clue:4;collision_intent:107;hipc_entry:84;state:101,809,236,completed
35,dcta_parity_v1,custom,5789862b56c579a63f65129a7c7ce0c99a25e7c55fba998a5a9699fc4a7df60b,03f32103aba060045f2661de3c031f6fbcbc73f46000a9666f166ad349c5805d,HIPC,gilbert_elliot,pGG_0.95_pBB_0.85,19,361,4,0.05,18,90.25,90.25,comm_g19_r4_ge_drop025_hipc_topk005,C:\Users\lottj\Desktop\research\decentralized benchmark\topk_filter_study\results\sensitivity_suite\scenarios\clue_g19_n50.csv,clue_search,01,104,96,60,45,2,4,3,311,108,203,216,95,295,clue:4;collision_intent:108;hipc_clear_bundle:1;hipc_entry:94;state:104,893,136,completed
35,dcta_parity_v1,custom,5789862b56c579a63f65129a7c7ce0c99a25e7c55fba998a5a9699fc4a7df60b,03f32103aba060045f2661de3c031f6fbcbc73f46000a9666f166ad349c5805d,HIPC,gilbert_elliot,pGG_0.95_pBB_0.85,19,361,4,0.05,18,90.25,90.25,comm_g19_r4_ge_drop025_hipc_topk005,C:\Users\lottj\Desktop\research\decentralized benchmark\topk_filter_study\results\sensitivity_suite\scenarios\clue_g19_n50.csv,clue_search,02,104,95,57,48,1,2,2,356,107,249,215,141,338,clue:4;collision_intent:106;hipc_entry:141;state:104;target:1,797,188,completed
35,dcta_parity_v1,custom,5789862b56c579a63f65129a7c7ce0c99a25e7c55fba998a5a9699fc4a7df60b,03f32103aba060045f2661de3c031f6fbcbc73f46000a9666f166ad349c5805d,HIPC,gilbert_elliot,pGG_0.95_pBB_0.85,19,361,4,0.05,18,90.25,90.25,comm_g19_r4_ge_drop025_hipc_topk005,C:\Users\lottj\Desktop\research\decentralized benchmark\topk_filter_study\results\sensitivity_suite\scenarios\clue_g19_n50.csv,clue_search,03,101,92,67,35,0,1,1,378,102,276,207,171,360,clue:4;collision_intent:102;hipc_entry:171;state:101,826,136,completed
36,dcta_parity_v1,custom,5789862b56c579a63f65129a7c7ce0c99a25e7c55fba998a5a9699fc4a7df60b,03f32103aba060045f2661de3c031f6fbcbc73f46000a9666f166ad349c5805d,HIPC,gilbert_elliot,pGG_0.95_pBB_0.85,19,361,4,0.05,18,90.25,90.25,comm_g19_r4_ge_drop025_hipc_topk005,C:\Users\lottj\Desktop\research\decentralized benchmark\topk_filter_study\results\sensitivity_suite\scenarios\clue_g19_n50.csv,clue_search,00,7,0,8,0,0,0,0,14,7,7,14,0,0,collision_intent:7;state:7,35,5,completed
36,dcta_parity_v1,custom,5789862b56c579a63f65129a7c7ce0c99a25e7c55fba998a5a9699fc4a7df60b,03f32103aba060045f2661de3c031f6fbcbc73f46000a9666f166ad349c5805d,HIPC,gilbert_elliot,pGG_0.95_pBB_0.85,19,361,4,0.05,18,90.25,90.25,comm_g19_r4_ge_drop025_hipc_topk005,C:\Users\lottj\Desktop\research\decentralized benchmark\topk_filter_study\results\sensitivity_suite\scenarios\clue_g19_n50.csv,clue_search,01,6,0,7,0,0,0,0,13,7,6,13,0,0,collision_intent:7;state:6,26,16,completed
36,dcta_parity_v1,custom,5789862b56c579a63f65129a7c7ce0c99a25e7c55fba998a5a9699fc4a7df60b,03f32103aba060045f2661de3c031f6fbcbc73f46000a9666f166ad349c5805d,HIPC,gilbert_elliot,pGG_0.95_pBB_0.85,19,361,4,0.05,18,90.25,90.25,comm_g19_r4_ge_drop025_hipc_topk005,C:\Users\lottj\Desktop\research\decentralized benchmark\topk_filter_study\results\sensitivity_suite\scenarios\clue_g19_n50.csv,clue_search,02,7,0,8,0,0,0,0,14,7,7,14,0,0,collision_intent:7;state:7,41,1,completed
36,dcta_parity_v1,custom,5789862b56c579a63f65129a7c7ce0c99a25e7c55fba998a5a9699fc4a7df60b,03f32103aba060045f2661de3c031f6fbcbc73f46000a9666f166ad349c5805d,HIPC,gilbert_elliot,pGG_0.95_pBB_0.85,19,361,4,0.05,18,90.25,90.25,comm_g19_r4_ge_drop025_hipc_topk005,C:\Users\lottj\Desktop\research\decentralized benchmark\topk_filter_study\results\sensitivity_suite\scenarios\clue_g19_n50.csv,clue_search,03,7,0,8,0,0,0,0,15,8,7,15,0,0,collision_intent:7;state:7;target:1,34,7,completed
37,dcta_parity_v1,custom,5789862b56c579a63f65129a7c7ce0c99a25e7c55fba998a5a9699fc4a7df60b,03f32103aba060045f2661de3c031f6fbcbc73f46000a9666f166ad349c5805d,HIPC,gilbert_elliot,pGG_0.95_pBB_0.85,19,361,4,0.05,18,90.25,90.25,comm_g19_r4_ge_drop025_hipc_topk005,C:\Users\lottj\Desktop\research\decentralized benchmark\topk_filter_study\results\sensitivity_suite\scenarios\clue_g19_n50.csv,clue_search,00,106,105,69,38,2,1,1,378,108,270,217,161,376,clue:3;collision_intent:107;hipc_entry:161;state:106;target:1,942,127,completed
37,dcta_parity_v1,custom,5789862b56c579a63f65129a7c7ce0c99a25e7c55fba998a5a9699fc4a7df60b,03f32103aba060045f2661de3c031f6fbcbc73f46000a9666f166ad349c5805d,HIPC,gilbert_elliot,pGG_0.95_pBB_0.85,19,361,4,0.05,18,90.25,90.25,comm_g19_r4_ge_drop025_hipc_topk005,C:\Users\lottj\Desktop\research\decentralized benchmark\topk_filter_study\results\sensitivity_suite\scenarios\clue_g19_n50.csv,clue_search,01,106,106,68,39,2,0,0,361,106,255,215,146,360,clue:3;collision_intent:106;hipc_entry:146;state:106,890,194,completed
37,dcta_parity_v1,custom,5789862b56c579a63f65129a7c7ce0c99a25e7c55fba998a5a9699fc4a7df60b,03f32103aba060045f2661de3c031f6fbcbc73f46000a9666f166ad349c5805d,HIPC,gilbert_elliot,pGG_0.95_pBB_0.85,19,361,4,0.05,18,90.25,90.25,comm_g19_r4_ge_drop025_hipc_topk005,C:\Users\lottj\Desktop\research\decentralized benchmark\topk_filter_study\results\sensitivity_suite\scenarios\clue_g19_n50.csv,clue_search,02,104,103,38,67,0,3,2,365,108,257,215,150,363,clue:3;collision_intent:108;hipc_clear_bundle:1;hipc_entry:149;state:104,828,253,completed
37,dcta_parity_v1,custom,5789862b56c579a63f65129a7c7ce0c99a25e7c55fba998a5a9699fc4a7df60b,03f32103aba060045f2661de3c031f6fbcbc73f46000a9666f166ad349c5805d,HIPC,gilbert_elliot,pGG_0.95_pBB_0.85,19,361,4,0.05,18,90.25,90.25,comm_g19_r4_ge_drop025_hipc_topk005,C:\Users\lottj\Desktop\research\decentralized benchmark\topk_filter_study\results\sensitivity_suite\scenarios\clue_g19_n50.csv,clue_search,03,107,107,64,44,3,1,1,343,109,234,219,124,342,clue:3;collision_intent:109;hipc_clear_bundle:1;hipc_entry:123;state:107,887,216,completed
38,dcta_parity_v1,custom,5789862b56c579a63f65129a7c7ce0c99a25e7c55fba998a5a9699fc4a7df60b,03f32103aba060045f2661de3c031f6fbcbc73f46000a9666f166ad349c5805d,HIPC,gilbert_elliot,pGG_0.95_pBB_0.85,19,361,4,0.05,18,90.25,90.25,comm_g19_r4_ge_drop025_hipc_topk005,C:\Users\lottj\Desktop\research\decentralized benchmark\topk_filter_study\results\sensitivity_suite\scenarios\clue_g19_n50.csv,clue_search,00,50,7,51,0,0,0,0,106,50,56,101,5,20,clue:1;collision_intent:50;hipc_entry:5;state:50,306,53,completed
38,dcta_parity_v1,custom,5789862b56c579a63f65129a7c7ce0c99a25e7c55fba998a5a9699fc4a7df60b,03f32103aba060045f2661de3c031f6fbcbc73f46000a9666f166ad349c5805d,HIPC,gilbert_elliot,pGG_0.95_pBB_0.85,19,361,4,0.05,18,90.25,90.25,comm_g19_r4_ge_drop025_hipc_topk005,C:\Users\lottj\Desktop\research\decentralized benchmark\topk_filter_study\results\sensitivity_suite\scenarios\clue_g19_n50.csv,clue_search,01,50,7,47,4,0,0,0,118,50,68,101,17,32,clue:1;collision_intent:50;hipc_entry:17;state:50,300,47,completed
38,dcta_parity_v1,custom,5789862b56c579a63f65129a7c7ce0c99a25e7c55fba998a5a9699fc4a7df60b,03f32103aba060045f2661de3c031f6fbcbc73f46000a9666f166ad349c5805d,HIPC,gilbert_elliot,pGG_0.95_pBB_0.85,19,361,4,0.05,18,90.25,90.25,comm_g19_r4_ge_drop025_hipc_topk005,C:\Users\lottj\Desktop\research\decentralized benchmark\topk_filter_study\results\sensitivity_suite\scenarios\clue_g19_n50.csv,clue_search,02,50,7,51,0,0,0,0,122,50,72,101,21,36,clue:1;collision_intent:50;hipc_entry:21;state:50,302,41,completed
38,dcta_parity_v1,custom,5789862b56c579a63f65129a7c7ce0c99a25e7c55fba998a5a9699fc4a7df60b,03f32103aba060045f2661de3c031f6fbcbc73f46000a9666f166ad349c5805d,HIPC,gilbert_elliot,pGG_0.95_pBB_0.85,19,361,4,0.05,18,90.25,90.25,comm_g19_r4_ge_drop025_hipc_topk005,C:\Users\lottj\Desktop\research\decentralized benchmark\topk_filter_study\results\sensitivity_suite\scenarios\clue_g19_n50.csv,clue_search,03,50,8,49,2,0,0,0,120,51,69,102,18,36,clue:1;collision_intent:50;hipc_entry:18;state:50;target:1,297,49,completed
39,dcta_parity_v1,custom,5789862b56c579a63f65129a7c7ce0c99a25e7c55fba998a5a9699fc4a7df60b,03f32103aba060045f2661de3c031f6fbcbc73f46000a9666f166ad349c5805d,HIPC,gilbert_elliot,pGG_0.95_pBB_0.85,19,361,4,0.05,18,90.25,90.25,comm_g19_r4_ge_drop025_hipc_topk005,C:\Users\lottj\Desktop\research\decentralized benchmark\topk_filter_study\results\sensitivity_suite\scenarios\clue_g19_n50.csv,clue_search,00,93,74,66,28,1,4,1,295,97,198,191,104,256,clue:1;collision_intent:97;hipc_entry:104;state:93,793,137,completed
39,dcta_parity_v1,custom,5789862b56c579a63f65129a7c7ce0c99a25e7c55fba998a5a9699fc4a7df60b,03f32103aba060045f2661de3c031f6fbcbc73f46000a9666f166ad349c5805d,HIPC,gilbert_elliot,pGG_0.95_pBB_0.85,19,361,4,0.05,18,90.25,90.25,comm_g19_r4_ge_drop025_hipc_topk005,C:\Users\lottj\Desktop\research\decentralized benchmark\topk_filter_study\results\sensitivity_suite\scenarios\clue_g19_n50.csv,clue_search,01,92,73,42,51,0,6,3,298,98,200,191,107,259,clue:1;collision_intent:98;hipc_entry:107;state:92,723,204,completed
39,dcta_parity_v1,custom,5789862b56c579a63f65129a7c7ce0c99a25e7c55fba998a5a9699fc4a7df60b,03f32103aba060045f2661de3c031f6fbcbc73f46000a9666f166ad349c5805d,HIPC,gilbert_elliot,pGG_0.95_pBB_0.85,19,361,4,0.05,18,90.25,90.25,comm_g19_r4_ge_drop025_hipc_topk005,C:\Users\lottj\Desktop\research\decentralized benchmark\topk_filter_study\results\sensitivity_suite\scenarios\clue_g19_n50.csv,clue_search,02,93,73,61,33,0,5,2,317,99,218,193,124,277,clue:1;collision_intent:98;hipc_entry:124;state:93;target:1,801,108,completed
39,dcta_parity_v1,custom,5789862b56c579a63f65129a7c7ce0c99a25e7c55fba998a5a9699fc4a7df60b,03f32103aba060045f2661de3c031f6fbcbc73f46000a9666f166ad349c5805d,HIPC,gilbert_elliot,pGG_0.95_pBB_0.85,19,361,4,0.05,18,90.25,90.25,comm_g19_r4_ge_drop025_hipc_topk005,C:\Users\lottj\Desktop\research\decentralized benchmark\topk_filter_study\results\sensitivity_suite\scenarios\clue_g19_n50.csv,clue_search,03,92,73,52,41,1,5,2,316,97,219,190,126,278,clue:1;collision_intent:97;hipc_clear_bundle:1;hipc_entry:125;state:92,749,161,completed
40,dcta_parity_v1,custom,5789862b56c579a63f65129a7c7ce0c99a25e7c55fba998a5a9699fc4a7df60b,03f32103aba060045f2661de3c031f6fbcbc73f46000a9666f166ad349c5805d,HIPC,gilbert_elliot,pGG_0.95_pBB_0.85,19,361,4,0.05,18,90.25,90.25,comm_g19_r4_ge_drop025_hipc_topk005,C:\Users\lottj\Desktop\research\decentralized benchmark\topk_filter_study\results\sensitivity_suite\scenarios\clue_g19_n50.csv,clue_search,00,117,115,81,37,4,8,2,424,125,299,246,178,420,clue:4;collision_intent:125;hipc_entry:178;state:117,1033,170,completed
40,dcta_parity_v1,custom,5789862b56c579a63f65129a7c7ce0c99a25e7c55fba998a5a9699fc4a7df60b,03f32103aba060045f2661de3c031f6fbcbc73f46000a9666f166ad349c5805d,HIPC,gilbert_elliot,pGG_0.95_pBB_0.85,19,361,4,0.05,18,90.25,90.25,comm_g19_r4_ge_drop025_hipc_topk005,C:\Users\lottj\Desktop\research\decentralized benchmark\topk_filter_study\results\sensitivity_suite\scenarios\clue_g19_n50.csv,clue_search,01,118,117,55,64,1,7,4,406,126,280,248,158,403,clue:4;collision_intent:125;hipc_entry:158;state:118;target:1,952,269,completed
40,dcta_parity_v1,custom,5789862b56c579a63f65129a7c7ce0c99a25e7c55fba998a5a9699fc4a7df60b,03f32103aba060045f2661de3c031f6fbcbc73f46000a9666f166ad349c5805d,HIPC,gilbert_elliot,pGG_0.95_pBB_0.85,19,361,4,0.05,18,90.25,90.25,comm_g19_r4_ge_drop025_hipc_topk005,C:\Users\lottj\Desktop\research\decentralized benchmark\topk_filter_study\results\sensitivity_suite\scenarios\clue_g19_n50.csv,clue_search,02,119,117,84,36,2,0,0,435,119,316,242,193,431,clue:4;collision_intent:119;hipc_entry:193;state:119,1020,171,completed
40,dcta_parity_v1,custom,5789862b56c579a63f65129a7c7ce0c99a25e7c55fba998a5a9699fc4a7df60b,03f32103aba060045f2661de3c031f6fbcbc73f46000a9666f166ad349c5805d,HIPC,gilbert_elliot,pGG_0.95_pBB_0.85,19,361,4,0.05,18,90.25,90.25,comm_g19_r4_ge_drop025_hipc_topk005,C:\Users\lottj\Desktop\research\decentralized benchmark\topk_filter_study\results\sensitivity_suite\scenarios\clue_g19_n50.csv,clue_search,03,120,118,53,68,1,1,1,362,121,241,245,117,358,clue:4;collision_intent:121;hipc_clear_bundle:1;hipc_entry:116;state:120,982,282,completed
41,dcta_parity_v1,custom,5789862b56c579a63f65129a7c7ce0c99a25e7c55fba998a5a9699fc4a7df60b,03f32103aba060045f2661de3c031f6fbcbc73f46000a9666f166ad349c5805d,HIPC,gilbert_elliot,pGG_0.95_pBB_0.85,19,361,4,0.05,18,90.25,90.25,comm_g19_r4_ge_drop025_hipc_topk005,C:\Users\lottj\Desktop\research\decentralized benchmark\topk_filter_study\results\sensitivity_suite\scenarios\clue_g19_n50.csv,clue_search,00,92,85,61,32,0,11,5,299,103,196,199,100,285,clue:4;collision_intent:103;hipc_entry:100;state:92,786,193,completed
41,dcta_parity_v1,custom,5789862b56c579a63f65129a7c7ce0c99a25e7c55fba998a5a9699fc4a7df60b,03f32103aba060045f2661de3c031f6fbcbc73f46000a9666f166ad349c5805d,HIPC,gilbert_elliot,pGG_0.95_pBB_0.85,19,361,4,0.05,18,90.25,90.25,comm_g19_r4_ge_drop025_hipc_topk005,C:\Users\lottj\Desktop\research\decentralized benchmark\topk_filter_study\results\sensitivity_suite\scenarios\clue_g19_n50.csv,clue_search,01,91,84,40,52,1,8,4,341,100,241,195,146,327,clue:4;collision_intent:100;hipc_entry:146;state:91,773,163,completed
41,dcta_parity_v1,custom,5789862b56c579a63f65129a7c7ce0c99a25e7c55fba998a5a9699fc4a7df60b,03f32103aba060045f2661de3c031f6fbcbc73f46000a9666f166ad349c5805d,HIPC,gilbert_elliot,pGG_0.95_pBB_0.85,19,361,4,0.05,18,90.25,90.25,comm_g19_r4_ge_drop025_hipc_topk005,C:\Users\lottj\Desktop\research\decentralized benchmark\topk_filter_study\results\sensitivity_suite\scenarios\clue_g19_n50.csv,clue_search,02,94,87,68,27,1,6,5,308,101,207,199,109,294,clue:4;collision_intent:101;hipc_entry:109;state:94,814,156,completed
41,dcta_parity_v1,custom,5789862b56c579a63f65129a7c7ce0c99a25e7c55fba998a5a9699fc4a7df60b,03f32103aba060045f2661de3c031f6fbcbc73f46000a9666f166ad349c5805d,HIPC,gilbert_elliot,pGG_0.95_pBB_0.85,19,361,4,0.05,18,90.25,90.25,comm_g19_r4_ge_drop025_hipc_topk005,C:\Users\lottj\Desktop\research\decentralized benchmark\topk_filter_study\results\sensitivity_suite\scenarios\clue_g19_n50.csv,clue_search,03,93,87,49,45,1,6,2,331,100,231,197,134,319,clue:4;collision_intent:99;hipc_entry:134;state:93;target:1,812,136,completed
42,dcta_parity_v1,custom,5789862b56c579a63f65129a7c7ce0c99a25e7c55fba998a5a9699fc4a7df60b,03f32103aba060045f2661de3c031f6fbcbc73f46000a9666f166ad349c5805d,HIPC,gilbert_elliot,pGG_0.95_pBB_0.85,19,361,4,0.05,18,90.25,90.25,comm_g19_r4_ge_drop025_hipc_topk005,C:\Users\lottj\Desktop\research\decentralized benchmark\topk_filter_study\results\sensitivity_suite\scenarios\clue_g19_n50.csv,clue_search,00,63,54,43,21,0,2,2,230,65,165,131,99,212,clue:3;collision_intent:65;hipc_entry:99;state:63,494,123,completed
42,dcta_parity_v1,custom,5789862b56c579a63f65129a7c7ce0c99a25e7c55fba998a5a9699fc4a7df60b,03f32103aba060045f2661de3c031f6fbcbc73f46000a9666f166ad349c5805d,HIPC,gilbert_elliot,pGG_0.95_pBB_0.85,19,361,4,0.05,18,90.25,90.25,comm_g19_r4_ge_drop025_hipc_topk005,C:\Users\lottj\Desktop\research\decentralized benchmark\topk_filter_study\results\sensitivity_suite\scenarios\clue_g19_n50.csv,clue_search,01,64,56,48,17,1,1,1,193,65,128,132,61,177,clue:3;collision_intent:65;hipc_entry:61;state:64,547,106,completed
42,dcta_parity_v1,custom,5789862b56c579a63f65129a7c7ce0c99a25e7c55fba998a5a9699fc4a7df60b,03f32103aba060045f2661de3c031f6fbcbc73f46000a9666f166ad349c5805d,HIPC,gilbert_elliot,pGG_0.95_pBB_0.85,19,361,4,0.05,18,90.25,90.25,comm_g19_r4_ge_drop025_hipc_topk005,C:\Users\lottj\Desktop\research\decentralized benchmark\topk_filter_study\results\sensitivity_suite\scenarios\clue_g19_n50.csv,clue_search,02,64,56,33,32,0,4,1,217,68,149,135,82,201,clue:3;collision_intent:68;hipc_entry:82;state:64,500,131,completed
42,dcta_parity_v1,custom,5789862b56c579a63f65129a7c7ce0c99a25e7c55fba998a5a9699fc4a7df60b,03f32103aba060045f2661de3c031f6fbcbc73f46000a9666f166ad349c5805d,HIPC,gilbert_elliot,pGG_0.95_pBB_0.85,19,361,4,0.05,18,90.25,90.25,comm_g19_r4_ge_drop025_hipc_topk005,C:\Users\lottj\Desktop\research\decentralized benchmark\topk_filter_study\results\sensitivity_suite\scenarios\clue_g19_n50.csv,clue_search,03,64,56,38,27,2,1,1,208,66,142,133,75,192,clue:3;collision_intent:65;hipc_entry:75;state:64;target:1,565,75,completed
43,dcta_parity_v1,custom,5789862b56c579a63f65129a7c7ce0c99a25e7c55fba998a5a9699fc4a7df60b,03f32103aba060045f2661de3c031f6fbcbc73f46000a9666f166ad349c5805d,HIPC,gilbert_elliot,pGG_0.95_pBB_0.85,19,361,4,0.05,18,90.25,90.25,comm_g19_r4_ge_drop025_hipc_topk005,C:\Users\lottj\Desktop\research\decentralized benchmark\topk_filter_study\results\sensitivity_suite\scenarios\clue_g19_n50.csv,clue_search,00,26,19,27,0,0,0,0,92,27,65,54,38,78,clue:1;collision_intent:26;hipc_entry:38;state:26;target:1,188,24,completed
43,dcta_parity_v1,custom,5789862b56c579a63f65129a7c7ce0c99a25e7c55fba998a5a9699fc4a7df60b,03f32103aba060045f2661de3c031f6fbcbc73f46000a9666f166ad349c5805d,HIPC,gilbert_elliot,pGG_0.95_pBB_0.85,19,361,4,0.05,18,90.25,90.25,comm_g19_r4_ge_drop025_hipc_topk005,C:\Users\lottj\Desktop\research\decentralized benchmark\topk_filter_study\results\sensitivity_suite\scenarios\clue_g19_n50.csv,clue_search,01,25,18,25,1,0,1,1,87,26,61,52,35,73,clue:1;collision_intent:26;hipc_entry:35;state:25,203,13,completed
43,dcta_parity_v1,custom,5789862b56c579a63f65129a7c7ce0c99a25e7c55fba998a5a9699fc4a7df60b,03f32103aba060045f2661de3c031f6fbcbc73f46000a9666f166ad349c5805d,HIPC,gilbert_elliot,pGG_0.95_pBB_0.85,19,361,4,0.05,18,90.25,90.25,comm_g19_r4_ge_drop025_hipc_topk005,C:\Users\lottj\Desktop\research\decentralized benchmark\topk_filter_study\results\sensitivity_suite\scenarios\clue_g19_n50.csv,clue_search,02,27,20,28,0,0,0,0,54,27,27,54,0,40,collision_intent:27;state:27,210,39,completed
43,dcta_parity_v1,custom,5789862b56c579a63f65129a7c7ce0c99a25e7c55fba998a5a9699fc4a7df60b,03f32103aba060045f2661de3c031f6fbcbc73f46000a9666f166ad349c5805d,HIPC,gilbert_elliot,pGG_0.95_pBB_0.85,19,361,4,0.05,18,90.25,90.25,comm_g19_r4_ge_drop025_hipc_topk005,C:\Users\lottj\Desktop\research\decentralized benchmark\topk_filter_study\results\sensitivity_suite\scenarios\clue_g19_n50.csv,clue_search,03,26,20,16,11,0,0,0,71,26,45,53,18,59,clue:1;collision_intent:26;hipc_entry:18;state:26,181,50,completed
44,dcta_parity_v1,custom,5789862b56c579a63f65129a7c7ce0c99a25e7c55fba998a5a9699fc4a7df60b,03f32103aba060045f2661de3c031f6fbcbc73f46000a9666f166ad349c5805d,HIPC,gilbert_elliot,pGG_0.95_pBB_0.85,19,361,4,0.05,18,90.25,90.25,comm_g19_r4_ge_drop025_hipc_topk005,C:\Users\lottj\Desktop\research\decentralized benchmark\topk_filter_study\results\sensitivity_suite\scenarios\clue_g19_n50.csv,clue_search,00,75,72,41,35,1,6,1,250,81,169,159,91,244,clue:3;collision_intent:81;hipc_entry:91;state:75,636,187,completed
44,dcta_parity_v1,custom,5789862b56c579a63f65129a7c7ce0c99a25e7c55fba998a5a9699fc4a7df60b,03f32103aba060045f2661de3c031f6fbcbc73f46000a9666f166ad349c5805d,HIPC,gilbert_elliot,pGG_0.95_pBB_0.85,19,361,4,0.05,18,90.25,90.25,comm_g19_r4_ge_drop025_hipc_topk005,C:\Users\lottj\Desktop\research\decentralized benchmark\topk_filter_study\results\sensitivity_suite\scenarios\clue_g19_n50.csv,clue_search,01,73,71,38,36,1,9,5,269,84,185,160,109,265,clue:3;collision_intent:83;hipc_entry:109;state:73;target:1,618,187,completed
44,dcta_parity_v1,custom,5789862b56c579a63f65129a7c7ce0c99a25e7c55fba998a5a9699fc4a7df60b,03f32103aba060045f2661de3c031f6fbcbc73f46000a9666f166ad349c5805d,HIPC,gilbert_elliot,pGG_0.95_pBB_0.85,19,361,4,0.05,18,90.25,90.25,comm_g19_r4_ge_drop025_hipc_topk005,C:\Users\lottj\Desktop\research\decentralized benchmark\topk_filter_study\results\sensitivity_suite\scenarios\clue_g19_n50.csv,clue_search,02,76,73,54,23,1,2,1,277,79,198,158,119,271,clue:3;collision_intent:79;hipc_clear_bundle:1;hipc_entry:118;state:76,650,146,completed
44,dcta_parity_v1,custom,5789862b56c579a63f65129a7c7ce0c99a25e7c55fba998a5a9699fc4a7df60b,03f32103aba060045f2661de3c031f6fbcbc73f46000a9666f166ad349c5805d,HIPC,gilbert_elliot,pGG_0.95_pBB_0.85,19,361,4,0.05,18,90.25,90.25,comm_g19_r4_ge_drop025_hipc_topk005,C:\Users\lottj\Desktop\research\decentralized benchmark\topk_filter_study\results\sensitivity_suite\scenarios\clue_g19_n50.csv,clue_search,03,76,74,43,34,0,2,2,278,78,200,157,121,274,clue:3;collision_intent:78;hipc_entry:121;state:76,636,158,completed
45,dcta_parity_v1,custom,5789862b56c579a63f65129a7c7ce0c99a25e7c55fba998a5a9699fc4a7df60b,03f32103aba060045f2661de3c031f6fbcbc73f46000a9666f166ad349c5805d,HIPC,gilbert_elliot,pGG_0.95_pBB_0.85,19,361,4,0.05,18,90.25,90.25,comm_g19_r4_ge_drop025_hipc_topk005,C:\Users\lottj\Desktop\research\decentralized benchmark\topk_filter_study\results\sensitivity_suite\scenarios\clue_g19_n50.csv,clue_search,00,44,4,45,0,0,0,0,96,45,51,90,6,16,clue:1;collision_intent:45;hipc_entry:6;state:44,262,33,completed
45,dcta_parity_v1,custom,5789862b56c579a63f65129a7c7ce0c99a25e7c55fba998a5a9699fc4a7df60b,03f32103aba060045f2661de3c031f6fbcbc73f46000a9666f166ad349c5805d,HIPC,gilbert_elliot,pGG_0.95_pBB_0.85,19,361,4,0.05,18,90.25,90.25,comm_g19_r4_ge_drop025_hipc_topk005,C:\Users\lottj\Desktop\research\decentralized benchmark\topk_filter_study\results\sensitivity_suite\scenarios\clue_g19_n50.csv,clue_search,01,44,5,44,1,0,0,0,94,44,50,89,5,15,clue:1;collision_intent:44;hipc_entry:5;state:44,226,71,completed
45,dcta_parity_v1,custom,5789862b56c579a63f65129a7c7ce0c99a25e7c55fba998a5a9699fc4a7df60b,03f32103aba060045f2661de3c031f6fbcbc73f46000a9666f166ad349c5805d,HIPC,gilbert_elliot,pGG_0.95_pBB_0.85,19,361,4,0.05,18,90.25,90.25,comm_g19_r4_ge_drop025_hipc_topk005,C:\Users\lottj\Desktop\research\decentralized benchmark\topk_filter_study\results\sensitivity_suite\scenarios\clue_g19_n50.csv,clue_search,02,44,4,43,2,0,0,0,99,45,54,90,9,19,clue:1;collision_intent:44;hipc_entry:9;state:44;target:1,259,34,completed
45,dcta_parity_v1,custom,5789862b56c579a63f65129a7c7ce0c99a25e7c55fba998a5a9699fc4a7df60b,03f32103aba060045f2661de3c031f6fbcbc73f46000a9666f166ad349c5805d,HIPC,gilbert_elliot,pGG_0.95_pBB_0.85,19,361,4,0.05,18,90.25,90.25,comm_g19_r4_ge_drop025_hipc_topk005,C:\Users\lottj\Desktop\research\decentralized benchmark\topk_filter_study\results\sensitivity_suite\scenarios\clue_g19_n50.csv,clue_search,03,43,4,44,0,0,0,0,103,44,59,88,15,25,clue:1;collision_intent:44;hipc_entry:15;state:43,248,40,completed
46,dcta_parity_v1,custom,5789862b56c579a63f65129a7c7ce0c99a25e7c55fba998a5a9699fc4a7df60b,03f32103aba060045f2661de3c031f6fbcbc73f46000a9666f166ad349c5805d,HIPC,gilbert_elliot,pGG_0.95_pBB_0.85,19,361,4,0.05,18,90.25,90.25,comm_g19_r4_ge_drop025_hipc_topk005,C:\Users\lottj\Desktop\research\decentralized benchmark\topk_filter_study\results\sensitivity_suite\scenarios\clue_g19_n50.csv,clue_search,00,79,70,56,24,0,0,0,241,80,161,160,81,223,clue:1;collision_intent:79;hipc_entry:81;state:79;target:1,650,139,completed
46,dcta_parity_v1,custom,5789862b56c579a63f65129a7c7ce0c99a25e7c55fba998a5a9699fc4a7df60b,03f32103aba060045f2661de3c031f6fbcbc73f46000a9666f166ad349c5805d,HIPC,gilbert_elliot,pGG_0.95_pBB_0.85,19,361,4,0.05,18,90.25,90.25,comm_g19_r4_ge_drop025_hipc_topk005,C:\Users\lottj\Desktop\research\decentralized benchmark\topk_filter_study\results\sensitivity_suite\scenarios\clue_g19_n50.csv,clue_search,01,75,67,42,34,1,6,1,257,81,176,157,100,241,clue:1;collision_intent:81;hipc_entry:100;state:75,658,114,completed
46,dcta_parity_v1,custom,5789862b56c579a63f65129a7c7ce0c99a25e7c55fba998a5a9699fc4a7df60b,03f32103aba060045f2661de3c031f6fbcbc73f46000a9666f166ad349c5805d,HIPC,gilbert_elliot,pGG_0.95_pBB_0.85,19,361,4,0.05,18,90.25,90.25,comm_g19_r4_ge_drop025_hipc_topk005,C:\Users\lottj\Desktop\research\decentralized benchmark\topk_filter_study\results\sensitivity_suite\scenarios\clue_g19_n50.csv,clue_search,02,75,66,39,37,0,6,3,260,81,179,157,103,242,clue:1;collision_intent:81;hipc_entry:103;state:75,580,188,completed
46,dcta_parity_v1,custom,5789862b56c579a63f65129a7c7ce0c99a25e7c55fba998a5a9699fc4a7df60b,03f32103aba060045f2661de3c031f6fbcbc73f46000a9666f166ad349c5805d,HIPC,gilbert_elliot,pGG_0.95_pBB_0.85,19,361,4,0.05,18,90.25,90.25,comm_g19_r4_ge_drop025_hipc_topk005,C:\Users\lottj\Desktop\research\decentralized benchmark\topk_filter_study\results\sensitivity_suite\scenarios\clue_g19_n50.csv,clue_search,03,76,67,43,34,1,0,0,272,76,196,153,119,254,clue:1;collision_intent:76;hipc_entry:119;state:76,628,128,completed
47,dcta_parity_v1,custom,5789862b56c579a63f65129a7c7ce0c99a25e7c55fba998a5a9699fc4a7df60b,03f32103aba060045f2661de3c031f6fbcbc73f46000a9666f166ad349c5805d,HIPC,gilbert_elliot,pGG_0.95_pBB_0.85,19,361,4,0.05,18,90.25,90.25,comm_g19_r4_ge_drop025_hipc_topk005,C:\Users\lottj\Desktop\research\decentralized benchmark\topk_filter_study\results\sensitivity_suite\scenarios\clue_g19_n50.csv,clue_search,00,48,43,43,6,0,2,1,198,50,148,100,98,188,clue:2;collision_intent:50;hipc_entry:98;state:48,420,60,completed
47,dcta_parity_v1,custom,5789862b56c579a63f65129a7c7ce0c99a25e7c55fba998a5a9699fc4a7df60b,03f32103aba060045f2661de3c031f6fbcbc73f46000a9666f166ad349c5805d,HIPC,gilbert_elliot,pGG_0.95_pBB_0.85,19,361,4,0.05,18,90.25,90.25,comm_g19_r4_ge_drop025_hipc_topk005,C:\Users\lottj\Desktop\research\decentralized benchmark\topk_filter_study\results\sensitivity_suite\scenarios\clue_g19_n50.csv,clue_search,01,46,42,25,22,0,8,5,181,55,126,103,78,173,clue:2;collision_intent:55;hipc_entry:78;state:46,430,67,completed
47,dcta_parity_v1,custom,5789862b56c579a63f65129a7c7ce0c99a25e7c55fba998a5a9699fc4a7df60b,03f32103aba060045f2661de3c031f6fbcbc73f46000a9666f166ad349c5805d,HIPC,gilbert_elliot,pGG_0.95_pBB_0.85,19,361,4,0.05,18,90.25,90.25,comm_g19_r4_ge_drop025_hipc_topk005,C:\Users\lottj\Desktop\research\decentralized benchmark\topk_filter_study\results\sensitivity_suite\scenarios\clue_g19_n50.csv,clue_search,02,49,44,26,24,0,1,1,158,50,108,101,57,148,clue:2;collision_intent:50;hipc_entry:57;state:49,431,89,completed
47,dcta_parity_v1,custom,5789862b56c579a63f65129a7c7ce0c99a25e7c55fba998a5a9699fc4a7df60b,03f32103aba060045f2661de3c031f6fbcbc73f46000a9666f166ad349c5805d,HIPC,gilbert_elliot,pGG_0.95_pBB_0.85,19,361,4,0.05,18,90.25,90.25,comm_g19_r4_ge_drop025_hipc_topk005,C:\Users\lottj\Desktop\research\decentralized benchmark\topk_filter_study\results\sensitivity_suite\scenarios\clue_g19_n50.csv,clue_search,03,50,46,33,18,0,1,1,142,52,90,104,38,134,clue:2;collision_intent:51;hipc_entry:38;state:50;target:1,438,99,completed
48,dcta_parity_v1,custom,5789862b56c579a63f65129a7c7ce0c99a25e7c55fba998a5a9699fc4a7df60b,03f32103aba060045f2661de3c031f6fbcbc73f46000a9666f166ad349c5805d,HIPC,gilbert_elliot,pGG_0.95_pBB_0.85,19,361,4,0.05,18,90.25,90.25,comm_g19_r4_ge_drop025_hipc_topk005,C:\Users\lottj\Desktop\research\decentralized benchmark\topk_filter_study\results\sensitivity_suite\scenarios\clue_g19_n50.csv,clue_search,00,91,88,34,58,0,0,0,299,91,208,184,115,293,clue:2;collision_intent:91;hipc_entry:115;state:91,680,195,completed
48,dcta_parity_v1,custom,5789862b56c579a63f65129a7c7ce0c99a25e7c55fba998a5a9699fc4a7df60b,03f32103aba060045f2661de3c031f6fbcbc73f46000a9666f166ad349c5805d,HIPC,gilbert_elliot,pGG_0.95_pBB_0.85,19,361,4,0.05,18,90.25,90.25,comm_g19_r4_ge_drop025_hipc_topk005,C:\Users\lottj\Desktop\research\decentralized benchmark\topk_filter_study\results\sensitivity_suite\scenarios\clue_g19_n50.csv,clue_search,01,91,89,56,36,0,8,4,276,100,176,193,83,272,clue:2;collision_intent:99;hipc_entry:83;state:91;target:1,732,167,completed
48,dcta_parity_v1,custom,5789862b56c579a63f65129a7c7ce0c99a25e7c55fba998a5a9699fc4a7df60b,03f32103aba060045f2661de3c031f6fbcbc73f46000a9666f166ad349c5805d,HIPC,gilbert_elliot,pGG_0.95_pBB_0.85,19,361,4,0.05,18,90.25,90.25,comm_g19_r4_ge_drop025_hipc_topk005,C:\Users\lottj\Desktop\research\decentralized benchmark\topk_filter_study\results\sensitivity_suite\scenarios\clue_g19_n50.csv,clue_search,02,91,89,71,21,1,2,2,344,93,251,186,158,340,clue:2;collision_intent:93;hipc_entry:158;state:91,675,155,completed
48,dcta_parity_v1,custom,5789862b56c579a63f65129a7c7ce0c99a25e7c55fba998a5a9699fc4a7df60b,03f32103aba060045f2661de3c031f6fbcbc73f46000a9666f166ad349c5805d,HIPC,gilbert_elliot,pGG_0.95_pBB_0.85,19,361,4,0.05,18,90.25,90.25,comm_g19_r4_ge_drop025_hipc_topk005,C:\Users\lottj\Desktop\research\decentralized benchmark\topk_filter_study\results\sensitivity_suite\scenarios\clue_g19_n50.csv,clue_search,03,92,90,41,52,1,10,7,256,102,154,196,60,252,clue:2;collision_intent:102;hipc_entry:60;state:92,737,180,completed
49,dcta_parity_v1,custom,5789862b56c579a63f65129a7c7ce0c99a25e7c55fba998a5a9699fc4a7df60b,03f32103aba060045f2661de3c031f6fbcbc73f46000a9666f166ad349c5805d,HIPC,gilbert_elliot,pGG_0.95_pBB_0.85,19,361,4,0.05,18,90.25,90.25,comm_g19_r4_ge_drop025_hipc_topk005,C:\Users\lottj\Desktop\research\decentralized benchmark\topk_filter_study\results\sensitivity_suite\scenarios\clue_g19_n50.csv,clue_search,00,52,27,41,12,0,0,0,144,53,91,108,36,94,clue:3;collision_intent:52;hipc_entry:36;state:52;target:1,389,65,completed
49,dcta_parity_v1,custom,5789862b56c579a63f65129a7c7ce0c99a25e7c55fba998a5a9699fc4a7df60b,03f32103aba060045f2661de3c031f6fbcbc73f46000a9666f166ad349c5805d,HIPC,gilbert_elliot,pGG_0.95_pBB_0.85,19,361,4,0.05,18,90.25,90.25,comm_g19_r4_ge_drop025_hipc_topk005,C:\Users\lottj\Desktop\research\decentralized benchmark\topk_filter_study\results\sensitivity_suite\scenarios\clue_g19_n50.csv,clue_search,01,51,26,40,12,0,0,0,159,52,107,106,53,109,clue:3;collision_intent:52;hipc_entry:53;state:51,376,63,completed
49,dcta_parity_v1,custom,5789862b56c579a63f65129a7c7ce0c99a25e7c55fba998a5a9699fc4a7df60b,03f32103aba060045f2661de3c031f6fbcbc73f46000a9666f166ad349c5805d,HIPC,gilbert_elliot,pGG_0.95_pBB_0.85,19,361,4,0.05,18,90.25,90.25,comm_g19_r4_ge_drop025_hipc_topk005,C:\Users\lottj\Desktop\research\decentralized benchmark\topk_filter_study\results\sensitivity_suite\scenarios\clue_g19_n50.csv,clue_search,02,52,26,45,8,0,0,0,159,52,107,107,52,107,clue:3;collision_intent:52;hipc_entry:52;state:52,360,78,completed
49,dcta_parity_v1,custom,5789862b56c579a63f65129a7c7ce0c99a25e7c55fba998a5a9699fc4a7df60b,03f32103aba060045f2661de3c031f6fbcbc73f46000a9666f166ad349c5805d,HIPC,gilbert_elliot,pGG_0.95_pBB_0.85,19,361,4,0.05,18,90.25,90.25,comm_g19_r4_ge_drop025_hipc_topk005,C:\Users\lottj\Desktop\research\decentralized benchmark\topk_filter_study\results\sensitivity_suite\scenarios\clue_g19_n50.csv,clue_search,03,50,25,30,21,1,2,2,136,52,84,105,31,86,clue:3;collision_intent:52;hipc_entry:31;state:50,363,98,completed
