trial_id,logic_revision,study_profile,scenario_file_sha256,scenario_selection_sha256,algorithm,comm_model,comm_level,grid_size,grid_cells,top_k_rate,top_k_max_cells,robot_count,target_cells_per_robot,actual_cells_per_robot,condition_id,scenario_file,trial_mode,trial_status,failure_type,failure_message,total_team_steps,steps_before_first_clue,post_clue_steps_to_find,unique_cells_searched,system_revisits,task_cell_replans_total,path_replans_total,collision_prevention_events,messages_sent_total,messages_delivered_total,messages_dropped_total,debug_max_events,protected_messages_sent_total,unprotected_messages_sent_total,core_messages_sent_total,allocation_messages_sent_total,post_clue_messages_sent_total,post_clue_allocation_messages_sent_total,message_drop_fraction,messages_per_unique_cell,messages_per_post_clue_step,allocation_messages_per_step,allocation_messages_per_post_clue_step,allocation_messages_per_unique_cell,messages_sent_by_topic,max_steps_any_robot,max_messages_any_robot,workload_gini_unique_cells_contributed,allocator_calls_total,allocator_time_ms_team_total,allocator_time_ms_team_max,allocator_solve_time_ms_team_total,allocator_solve_time_ms_team_max,candidate_filter_calls_total,candidate_filter_time_ms_team_total,candidate_filter_time_ms_team_max
1,dcta_parity_v1,custom,aa0724188407797eae5187348bee11ee9f51317c4e8a201863b052786aa2f1df,823213c90703fd83224ad7122ee730ba64af3769ea517af252103bddd907f681,ACBBA,ideal,1.0,19,361,0.01,4,4,,,bayesian_acbba_topk_001_k4,/home/agxorin/topk_filter_study/simulator/scenarios/final_trial_500.csv,clue_search,completed,,,96,53,43,98,2,4,0,0,356,1064,0,,98,258,198,158,250,158,0.0,3.63265306122449,5.813953488372093,1.6458333333333333,3.6744186046511627,1.6122448979591837,acbba_entry:158;clue:4;collision_intent:97;state:96;target:1,24,92,0.015306122448979664,76,51.228042,2.220912,16.384212,0.737862,24,34.843830000000004,1.543272
2,dcta_parity_v1,custom,aa0724188407797eae5187348bee11ee9f51317c4e8a201863b052786aa2f1df,823213c90703fd83224ad7122ee730ba64af3769ea517af252103bddd907f681,ACBBA,ideal,1.0,19,361,0.01,4,4,,,bayesian_acbba_topk_001_k4,/home/agxorin/topk_filter_study/simulator/scenarios/final_trial_500.csv,clue_search,completed,,,235,98,137,191,48,18,7,4,1079,3234,0,,254,825,497,582,883,582,0.0,5.649214659685864,6.445255474452555,2.476595744680851,4.248175182481752,3.0471204188481678,acbba_entry:582;clue:8;collision_intent:253;state:235;target:1,61,285,0.03795811518324599,205,328.41258000000005,25.697122,115.53452,16.598345,108,212.87806,24.747268
3,dcta_parity_v1,custom,aa0724188407797eae5187348bee11ee9f51317c4e8a201863b052786aa2f1df,823213c90703fd83224ad7122ee730ba64af3769ea517af252103bddd907f681,ACBBA,ideal,1.0,19,361,0.01,4,4,,,bayesian_acbba_topk_001_k4,/home/agxorin/topk_filter_study/simulator/scenarios/final_trial_500.csv,clue_search,completed,,,378,67,311,294,88,41,6,6,1985,5952,0,,408,1577,802,1183,1850,1183,0.0,6.7517006802721085,5.948553054662379,3.1296296296296298,3.8038585209003215,4.023809523809524,acbba_entry:1183;clue:16;collision_intent:407;state:378;target:1,100,503,0.00340136054421758,344,654.9532049999999,18.682239,332.39571100000006,17.363375,278,322.557494,17.163477
4,dcta_parity_v1,custom,aa0724188407797eae5187348bee11ee9f51317c4e8a201863b052786aa2f1df,823213c90703fd83224ad7122ee730ba64af3769ea517af252103bddd907f681,ACBBA,ideal,1.0,19,361,0.01,4,4,,,bayesian_acbba_topk_001_k4,/home/agxorin/topk_filter_study/simulator/scenarios/final_trial_500.csv,clue_search,completed,,,55,24,31,57,2,3,0,0,261,781,0,,58,203,121,140,213,140,0.0,4.578947368421052,6.870967741935484,2.5454545454545454,4.516129032258065,2.456140350877193,acbba_entry:140;clue:8;collision_intent:57;state:55;target:1,14,67,0.030701754385964897,44,76.58600799999999,18.444263,13.815374,0.760997,22,62.770634,17.683266
5,dcta_parity_v1,custom,aa0724188407797eae5187348bee11ee9f51317c4e8a201863b052786aa2f1df,823213c90703fd83224ad7122ee730ba64af3769ea517af252103bddd907f681,ACBBA,ideal,1.0,19,361,0.01,4,4,,,bayesian_acbba_topk_001_k4,/home/agxorin/topk_filter_study/simulator/scenarios/final_trial_500.csv,clue_search,completed,,,373,122,251,284,93,26,2,2,1837,5508,0,,397,1440,786,1051,1593,1051,0.0,6.46830985915493,6.346613545816733,2.8176943699731902,4.187250996015936,3.7007042253521125,acbba_entry:1051;clue:16;collision_intent:396;state:373;target:1,100,476,0.1161971830985915,374,535.350694,17.443212,287.71782599999995,16.684232,254,247.63286799999995,1.480618
6,dcta_parity_v1,custom,aa0724188407797eae5187348bee11ee9f51317c4e8a201863b052786aa2f1df,823213c90703fd83224ad7122ee730ba64af3769ea517af252103bddd907f681,ACBBA,ideal,1.0,19,361,0.01,4,4,,,bayesian_acbba_topk_001_k4,/home/agxorin/topk_filter_study/simulator/scenarios/final_trial_500.csv,clue_search,completed,,,68,21,47,70,2,4,0,0,400,1195,0,,72,328,144,256,358,256,0.0,5.714285714285714,7.617021276595745,3.764705882352941,5.446808510638298,3.657142857142857,acbba_entry:256;clue:4;collision_intent:71;state:68;target:1,19,105,0.06428571428571428,60,93.268795,2.750876,25.704542,0.962686,41,67.56425300000001,1.831742
7,dcta_parity_v1,custom,aa0724188407797eae5187348bee11ee9f51317c4e8a201863b052786aa2f1df,823213c90703fd83224ad7122ee730ba64af3769ea517af252103bddd907f681,ACBBA,ideal,1.0,19,361,0.01,4,4,,,bayesian_acbba_topk_001_k4,/home/agxorin/topk_filter_study/simulator/scenarios/final_trial_500.csv,clue_search,completed,,,38,5,33,38,4,4,3,2,243,727,0,,44,199,90,153,232,153,0.0,6.394736842105263,7.03030303030303,4.026315789473684,4.636363636363637,4.026315789473684,acbba_entry:153;clue:8;collision_intent:43;state:38;target:1,10,63,0.07894736842105265,26,66.286477,18.60013,13.041710000000002,0.749669,20,53.244767,17.878844
8,dcta_parity_v1,custom,aa0724188407797eae5187348bee11ee9f51317c4e8a201863b052786aa2f1df,823213c90703fd83224ad7122ee730ba64af3769ea517af252103bddd907f681,ACBBA,ideal,1.0,19,361,0.01,4,4,,,bayesian_acbba_topk_001_k4,/home/agxorin/topk_filter_study/simulator/scenarios/final_trial_500.csv,clue_search,completed,,,310,34,276,247,67,22,4,4,1678,5031,0,,338,1340,664,1014,1610,1014,0.0,6.793522267206478,5.833333333333333,3.270967741935484,3.6739130434782608,4.105263157894737,acbba_entry:1014;clue:16;collision_intent:337;state:310;target:1,82,433,0.053643724696356365,295,632.8804450000001,17.65002,313.825222,16.315637,263,319.05522299999996,1.705026
9,dcta_parity_v1,custom,aa0724188407797eae5187348bee11ee9f51317c4e8a201863b052786aa2f1df,823213c90703fd83224ad7122ee730ba64af3769ea517af252103bddd907f681,ACBBA,ideal,1.0,19,361,0.01,4,4,,,bayesian_acbba_topk_001_k4,/home/agxorin/topk_filter_study/simulator/scenarios/final_trial_500.csv,clue_search,completed,,,1,0,1,5,0,0,0,0,22,64,0,,5,17,10,12,22,12,0.0,4.4,22.0,12.0,12.0,2.4,acbba_entry:12;clue:4;collision_intent:4;state:1;target:1,1,7,0.1499999999999999,4,9.675108,2.534181,2.535942,0.743878,4,7.1391659999999995,1.803647
10,dcta_parity_v1,custom,aa0724188407797eae5187348bee11ee9f51317c4e8a201863b052786aa2f1df,823213c90703fd83224ad7122ee730ba64af3769ea517af252103bddd907f681,ACBBA,ideal,1.0,19,361,0.01,4,4,,,bayesian_acbba_topk_001_k4,/home/agxorin/topk_filter_study/simulator/scenarios/final_trial_500.csv,clue_search,completed,,,277,29,248,236,45,36,0,0,1685,5050,0,,291,1394,580,1105,1627,1105,0.0,7.139830508474576,6.560483870967742,3.9891696750902526,4.455645161290323,4.682203389830509,acbba_entry:1105;clue:12;collision_intent:290;state:277;target:1,73,428,0.02754237288135597,235,573.554482,18.552484,227.79035900000002,16.852353,208,345.7641230000001,17.73661
11,dcta_parity_v1,custom,aa0724188407797eae5187348bee11ee9f51317c4e8a201863b052786aa2f1df,823213c90703fd83224ad7122ee730ba64af3769ea517af252103bddd907f681,ACBBA,ideal,1.0,19,361,0.01,4,4,,,bayesian_acbba_topk_001_k4,/home/agxorin/topk_filter_study/simulator/scenarios/final_trial_500.csv,clue_search,completed,,,316,82,234,248,72,22,4,4,1634,4900,0,,341,1293,665,969,1469,969,0.0,6.588709677419355,6.277777777777778,3.0664556962025316,4.141025641025641,3.907258064516129,acbba_entry:969;clue:8;collision_intent:340;state:316;target:1,84,413,0.056451612903225756,265,433.3995060000001,18.402409,182.017358,17.02089,184,251.38214800000003,17.367087
12,dcta_parity_v1,custom,aa0724188407797eae5187348bee11ee9f51317c4e8a201863b052786aa2f1df,823213c90703fd83224ad7122ee730ba64af3769ea517af252103bddd907f681,ACBBA,ideal,1.0,19,361,0.01,4,4,,,bayesian_acbba_topk_001_k4,/home/agxorin/topk_filter_study/simulator/scenarios/final_trial_500.csv,clue_search,completed,,,155,137,18,157,2,4,0,0,400,1197,0,,160,240,319,81,126,81,0.0,2.5477707006369426,7.0,0.5225806451612903,4.5,0.5159235668789809,acbba_entry:81;clue:4;collision_intent:159;state:155;target:1,40,107,0.011146496815286566,161,45.445308,1.889788,14.93284,0.663688,26,30.512468000000005,1.2261
13,dcta_parity_v1,custom,aa0724188407797eae5187348bee11ee9f51317c4e8a201863b052786aa2f1df,823213c90703fd83224ad7122ee730ba64af3769ea517af252103bddd907f681,ACBBA,ideal,1.0,19,361,0.01,4,4,,,bayesian_acbba_topk_001_k4,/home/agxorin/topk_filter_study/simulator/scenarios/final_trial_500.csv,clue_search,completed,,,74,7,67,70,8,13,0,0,480,1435,0,,79,401,161,319,465,319,0.0,6.857142857142857,6.940298507462686,4.3108108108108105,4.7611940298507465,4.557142857142857,acbba_entry:319;clue:8;collision_intent:78;state:74;target:1,19,124,0.021428571428571352,58,118.421137,2.499846,34.782869000000005,0.870688,51,83.63826800000001,1.797471
14,dcta_parity_v1,custom,aa0724188407797eae5187348bee11ee9f51317c4e8a201863b052786aa2f1df,823213c90703fd83224ad7122ee730ba64af3769ea517af252103bddd907f681,ACBBA,ideal,1.0,19,361,0.01,4,4,,,bayesian_acbba_topk_001_k4,/home/agxorin/topk_filter_study/simulator/scenarios/final_trial_500.csv,clue_search,completed,,,141,94,47,137,8,5,0,0,511,1529,0,,147,364,300,211,323,211,0.0,3.72992700729927,6.872340425531915,1.49645390070922,4.48936170212766,1.5401459854014599,acbba_entry:211;clue:12;collision_intent:146;state:141;target:1,36,137,0.02372262773722622,140,92.523004,2.105076,27.845619999999997,0.743556,48,64.677384,1.445196
15,dcta_parity_v1,custom,aa0724188407797eae5187348bee11ee9f51317c4e8a201863b052786aa2f1df,823213c90703fd83224ad7122ee730ba64af3769ea517af252103bddd907f681,ACBBA,ideal,1.0,19,361,0.01,4,4,,,bayesian_acbba_topk_001_k4,/home/agxorin/topk_filter_study/simulator/scenarios/final_trial_500.csv,clue_search,completed,,,44,29,15,48,0,3,0,0,150,449,0,,48,102,96,54,92,54,0.0,3.125,6.133333333333334,1.2272727272727273,3.6,1.125,acbba_entry:54;clue:4;collision_intent:47;state:44;target:1,12,39,0.03125,40,28.475841,2.335244,7.556981,0.690952,13,20.918860000000002,1.644292
16,dcta_parity_v1,custom,aa0724188407797eae5187348bee11ee9f51317c4e8a201863b052786aa2f1df,823213c90703fd83224ad7122ee730ba64af3769ea517af252103bddd907f681,ACBBA,ideal,1.0,19,361,0.01,4,4,,,bayesian_acbba_topk_001_k4,/home/agxorin/topk_filter_study/simulator/scenarios/final_trial_500.csv,clue_search,completed,,,424,41,383,298,130,44,2,2,2221,6659,0,,455,1766,895,1326,2139,1326,0.0,7.453020134228188,5.584856396866841,3.1273584905660377,3.462140992167102,4.449664429530201,acbba_entry:1326;clue:16;collision_intent:454;state:424;target:1,115,568,0.06208053691275173,402,817.779873,2.620065,453.830292,1.968281,363,363.94958099999997,1.593671
17,dcta_parity_v1,custom,aa0724188407797eae5187348bee11ee9f51317c4e8a201863b052786aa2f1df,823213c90703fd83224ad7122ee730ba64af3769ea517af252103bddd907f681,ACBBA,ideal,1.0,19,361,0.01,4,4,,,bayesian_acbba_topk_001_k4,/home/agxorin/topk_filter_study/simulator/scenarios/final_trial_500.csv,clue_search,completed,,,51,11,40,54,1,6,0,0,322,963,0,,57,265,116,206,300,206,0.0,5.962962962962963,7.5,4.03921568627451,5.15,3.814814814814815,acbba_entry:206;clue:8;collision_intent:56;state:51;target:1,14,87,0.06481481481481488,48,111.980097,18.221936,30.717259999999996,8.242423,39,81.26283699999999,17.699939
18,dcta_parity_v1,custom,aa0724188407797eae5187348bee11ee9f51317c4e8a201863b052786aa2f1df,823213c90703fd83224ad7122ee730ba64af3769ea517af252103bddd907f681,ACBBA,ideal,1.0,19,361,0.01,4,4,,,bayesian_acbba_topk_001_k4,/home/agxorin/topk_filter_study/simulator/scenarios/final_trial_500.csv,clue_search,completed,,,144,49,95,136,12,17,4,4,778,2330,0,,160,618,312,466,680,466,0.0,5.720588235294118,7.157894736842105,3.236111111111111,4.905263157894737,3.426470588235294,acbba_entry:466;clue:8;collision_intent:159;state:144;target:1,39,197,0.09558823529411775,136,190.55679199999997,2.393866,64.58936399999999,1.038459,89,125.967428,1.605574
19,dcta_parity_v1,custom,aa0724188407797eae5187348bee11ee9f51317c4e8a201863b052786aa2f1df,823213c90703fd83224ad7122ee730ba64af3769ea517af252103bddd907f681,ACBBA,ideal,1.0,19,361,0.01,4,4,,,bayesian_acbba_topk_001_k4,/home/agxorin/topk_filter_study/simulator/scenarios/final_trial_500.csv,clue_search,completed,,,109,22,87,103,10,17,1,1,658,1971,0,,121,537,246,412,614,412,0.0,6.388349514563107,7.057471264367816,3.779816513761468,4.735632183908046,4.0,acbba_entry:412;clue:16;collision_intent:120;state:109;target:1,28,168,0.06067961165048552,102,180.712702,2.519718,57.691238,1.027963,82,123.021464,1.733186
20,dcta_parity_v1,custom,aa0724188407797eae5187348bee11ee9f51317c4e8a201863b052786aa2f1df,823213c90703fd83224ad7122ee730ba64af3769ea517af252103bddd907f681,ACBBA,ideal,1.0,19,361,0.01,4,4,,,bayesian_acbba_topk_001_k4,/home/agxorin/topk_filter_study/simulator/scenarios/final_trial_500.csv,clue_search,completed,,,40,40,0,44,0,0,0,0,81,239,0,,41,40,81,0,0,0,0.0,1.8409090909090908,0.0,0.0,0.0,0.0,collision_intent:40;state:40;target:1,10,21,0.0,38,1.3895520000000001,0.109084,1.3895520000000001,0.109084,0,0.0,0.0
21,dcta_parity_v1,custom,aa0724188407797eae5187348bee11ee9f51317c4e8a201863b052786aa2f1df,823213c90703fd83224ad7122ee730ba64af3769ea517af252103bddd907f681,ACBBA,ideal,1.0,19,361,0.01,4,4,,,bayesian_acbba_topk_001_k4,/home/agxorin/topk_filter_study/simulator/scenarios/final_trial_500.csv,clue_search,completed,,,65,4,61,59,10,5,0,0,483,1446,0,,74,409,147,336,475,336,0.0,8.186440677966102,7.786885245901639,5.1692307692307695,5.508196721311475,5.694915254237288,acbba_entry:336;clue:8;collision_intent:73;state:65;target:1,17,129,0.03813559322033888,62,163.141717,17.716387,64.799465,16.058591,58,98.342252,3.95285
22,dcta_parity_v1,custom,aa0724188407797eae5187348bee11ee9f51317c4e8a201863b052786aa2f1df,823213c90703fd83224ad7122ee730ba64af3769ea517af252103bddd907f681,ACBBA,ideal,1.0,19,361,0.01,4,4,,,bayesian_acbba_topk_001_k4,/home/agxorin/topk_filter_study/simulator/scenarios/final_trial_500.csv,clue_search,completed,,,239,5,234,197,46,18,3,2,1481,4442,0,,255,1226,502,979,1470,979,0.0,7.517766497461929,6.282051282051282,4.096234309623431,4.183760683760684,4.969543147208122,acbba_entry:979;clue:8;collision_intent:254;state:239;target:1,66,381,0.10786802030456855,183,428.8190399999999,2.816891,184.707927,1.752194,177,244.11111299999993,1.980889
23,dcta_parity_v1,custom,aa0724188407797eae5187348bee11ee9f51317c4e8a201863b052786aa2f1df,823213c90703fd83224ad7122ee730ba64af3769ea517af252103bddd907f681,ACBBA,ideal,1.0,19,361,0.01,4,4,,,bayesian_acbba_topk_001_k4,/home/agxorin/topk_filter_study/simulator/scenarios/final_trial_500.csv,clue_search,completed,,,49,20,29,52,1,3,0,0,244,730,0,,52,192,105,139,204,139,0.0,4.6923076923076925,7.0344827586206895,2.836734693877551,4.793103448275862,2.673076923076923,acbba_entry:139;clue:4;collision_intent:51;state:49;target:1,13,64,0.0,39,117.566169,26.512262,13.483225000000001,0.806147,21,104.08294400000001,25.821279
24,dcta_parity_v1,custom,aa0724188407797eae5187348bee11ee9f51317c4e8a201863b052786aa2f1df,823213c90703fd83224ad7122ee730ba64af3769ea517af252103bddd907f681,ACBBA,ideal,1.0,19,361,0.01,4,4,,,bayesian_acbba_topk_001_k4,/home/agxorin/topk_filter_study/simulator/scenarios/final_trial_500.csv,clue_search,completed,,,123,31,92,110,17,11,0,0,749,2244,0,,131,618,262,487,686,487,0.0,6.8090909090909095,7.456521739130435,3.959349593495935,5.293478260869565,4.427272727272728,acbba_entry:487;clue:8;collision_intent:130;state:123;target:1,33,191,0.06818181818181812,130,322.963678,26.761661,120.64094,25.270259,100,202.32273799999996,17.579271
25,dcta_parity_v1,custom,aa0724188407797eae5187348bee11ee9f51317c4e8a201863b052786aa2f1df,823213c90703fd83224ad7122ee730ba64af3769ea517af252103bddd907f681,ACBBA,ideal,1.0,19,361,0.01,4,4,,,bayesian_acbba_topk_001_k4,/home/agxorin/topk_filter_study/simulator/scenarios/final_trial_500.csv,clue_search,completed,,,55,55,0,59,0,0,0,0,111,330,0,,56,55,111,0,0,0,0.0,1.88135593220339,0.0,0.0,0.0,0.0,collision_intent:55;state:55;target:1,14,29,0.012711864406779627,53,1.653317,0.095773,1.653317,0.095773,0,0.0,0.0
26,dcta_parity_v1,custom,aa0724188407797eae5187348bee11ee9f51317c4e8a201863b052786aa2f1df,823213c90703fd83224ad7122ee730ba64af3769ea517af252103bddd907f681,ACBBA,ideal,1.0,19,361,0.01,4,4,,,bayesian_acbba_topk_001_k4,/home/agxorin/topk_filter_study/simulator/scenarios/final_trial_500.csv,clue_search,completed,,,57,57,0,61,0,0,0,0,115,343,0,,58,57,115,0,0,0,0.0,1.8852459016393444,0.0,0.0,0.0,0.0,collision_intent:57;state:57;target:1,15,31,0.012295081967213184,55,1.685408,0.100509,1.685408,0.100509,0,0.0,0.0
27,dcta_parity_v1,custom,aa0724188407797eae5187348bee11ee9f51317c4e8a201863b052786aa2f1df,823213c90703fd83224ad7122ee730ba64af3769ea517af252103bddd907f681,ACBBA,ideal,1.0,19,361,0.01,4,4,,,bayesian_acbba_topk_001_k4,/home/agxorin/topk_filter_study/simulator/scenarios/final_trial_500.csv,clue_search,completed,,,96,96,0,100,0,0,0,0,193,577,0,,97,96,193,0,0,0,0.0,1.93,0.0,0.0,0.0,0.0,collision_intent:96;state:96;target:1,24,49,0.0,94,2.7823969999999996,0.098973,2.7823969999999996,0.098973,0,0.0,0.0
28,dcta_parity_v1,custom,aa0724188407797eae5187348bee11ee9f51317c4e8a201863b052786aa2f1df,823213c90703fd83224ad7122ee730ba64af3769ea517af252103bddd907f681,ACBBA,ideal,1.0,19,361,0.01,4,4,,,bayesian_acbba_topk_001_k4,/home/agxorin/topk_filter_study/simulator/scenarios/final_trial_500.csv,clue_search,completed,,,16,16,0,20,0,0,0,0,33,95,0,,17,16,33,0,0,0,0.0,1.65,0.0,0.0,0.0,0.0,collision_intent:16;state:16;target:1,4,9,0.0,14,0.603019,0.089693,0.603019,0.089693,0,0.0,0.0
29,dcta_parity_v1,custom,aa0724188407797eae5187348bee11ee9f51317c4e8a201863b052786aa2f1df,823213c90703fd83224ad7122ee730ba64af3769ea517af252103bddd907f681,ACBBA,ideal,1.0,19,361,0.01,4,4,,,bayesian_acbba_topk_001_k4,/home/agxorin/topk_filter_study/simulator/scenarios/final_trial_500.csv,clue_search,completed,,,226,62,164,188,42,16,2,2,1098,3290,0,,241,857,475,623,973,623,0.0,5.840425531914893,5.932926829268292,2.756637168141593,3.798780487804878,3.3138297872340425,acbba_entry:623;clue:8;collision_intent:240;state:226;target:1,60,283,0.07446808510638303,207,309.400932,2.391754,124.26785599999998,1.247059,146,185.133076,1.7704
30,dcta_parity_v1,custom,aa0724188407797eae5187348bee11ee9f51317c4e8a201863b052786aa2f1df,823213c90703fd83224ad7122ee730ba64af3769ea517af252103bddd907f681,ACBBA,ideal,1.0,19,361,0.01,4,4,,,bayesian_acbba_topk_001_k4,/home/agxorin/topk_filter_study/simulator/scenarios/final_trial_500.csv,clue_search,completed,,,371,252,119,327,48,12,1,1,1370,4106,0,,382,988,761,609,866,609,0.0,4.18960244648318,7.277310924369748,1.6415094339622642,5.117647058823529,1.8623853211009174,acbba_entry:609;clue:8;collision_intent:381;state:371;target:1,93,346,0.05428134556574915,344,160.422072,1.746913,88.056829,1.196468,105,72.36524299999999,0.84317
31,dcta_parity_v1,custom,aa0724188407797eae5187348bee11ee9f51317c4e8a201863b052786aa2f1df,823213c90703fd83224ad7122ee730ba64af3769ea517af252103bddd907f681,ACBBA,ideal,1.0,19,361,0.01,4,4,,,bayesian_acbba_topk_001_k4,/home/agxorin/topk_filter_study/simulator/scenarios/final_trial_500.csv,clue_search,completed,,,221,28,193,178,47,11,1,1,1288,3861,0,,235,1053,460,828,1232,828,0.0,7.235955056179775,6.383419689119171,3.746606334841629,4.290155440414508,4.651685393258427,acbba_entry:828;clue:4;collision_intent:234;state:221;target:1,56,327,0.0898876404494382,153,318.91185099999996,15.353207,127.28297599999999,1.638789,127,191.62887500000002,13.982249
32,dcta_parity_v1,custom,aa0724188407797eae5187348bee11ee9f51317c4e8a201863b052786aa2f1df,823213c90703fd83224ad7122ee730ba64af3769ea517af252103bddd907f681,ACBBA,ideal,1.0,19,361,0.01,4,4,,,bayesian_acbba_topk_001_k4,/home/agxorin/topk_filter_study/simulator/scenarios/final_trial_500.csv,clue_search,completed,,,169,133,36,166,7,8,3,2,525,1571,0,,177,348,350,175,259,175,0.0,3.1626506024096384,7.194444444444445,1.0355029585798816,4.861111111111111,1.0542168674698795,acbba_entry:175;clue:4;collision_intent:176;state:169;target:1,43,134,0.027108433734939652,176,79.89744499999999,2.002392,26.136213,0.74535,45,53.76123199999999,1.31928
33,dcta_parity_v1,custom,aa0724188407797eae5187348bee11ee9f51317c4e8a201863b052786aa2f1df,823213c90703fd83224ad7122ee730ba64af3769ea517af252103bddd907f681,ACBBA,ideal,1.0,19,361,0.01,4,4,,,bayesian_acbba_topk_001_k4,/home/agxorin/topk_filter_study/simulator/scenarios/final_trial_500.csv,clue_search,completed,,,17,0,17,21,0,2,0,0,137,407,0,,21,116,46,91,137,91,0.0,6.523809523809524,8.058823529411764,5.352941176470588,5.352941176470588,4.333333333333333,acbba_entry:91;clue:8;collision_intent:20;state:17;target:1,5,37,0.08333333333333326,18,40.5196,2.50023,9.159348999999999,0.678599,18,31.360250999999998,1.947194
34,dcta_parity_v1,custom,aa0724188407797eae5187348bee11ee9f51317c4e8a201863b052786aa2f1df,823213c90703fd83224ad7122ee730ba64af3769ea517af252103bddd907f681,ACBBA,ideal,1.0,19,361,0.01,4,4,,,bayesian_acbba_topk_001_k4,/home/agxorin/topk_filter_study/simulator/scenarios/final_trial_500.csv,clue_search,completed,,,208,97,111,181,31,20,5,4,968,2903,0,,231,737,447,521,774,521,0.0,5.348066298342541,6.972972972972973,2.5048076923076925,4.693693693693693,2.8784530386740332,acbba_entry:521;clue:8;collision_intent:230;state:208;target:1,53,245,0.012430939226519389,197,240.370015,18.14626,98.98403199999998,15.301401,101,141.38598299999998,17.416525
35,dcta_parity_v1,custom,aa0724188407797eae5187348bee11ee9f51317c4e8a201863b052786aa2f1df,823213c90703fd83224ad7122ee730ba64af3769ea517af252103bddd907f681,ACBBA,ideal,1.0,19,361,0.01,4,4,,,bayesian_acbba_topk_001_k4,/home/agxorin/topk_filter_study/simulator/scenarios/final_trial_500.csv,clue_search,completed,,,62,39,23,66,0,5,0,0,284,851,0,,65,219,135,149,205,149,0.0,4.303030303030303,8.91304347826087,2.403225806451613,6.478260869565218,2.257575757575758,acbba_entry:149;clue:8;collision_intent:64;state:62;target:1,16,77,0.015151515151515138,59,47.748941,2.349707,13.940748000000001,0.775204,21,33.808193,1.662596
36,dcta_parity_v1,custom,aa0724188407797eae5187348bee11ee9f51317c4e8a201863b052786aa2f1df,823213c90703fd83224ad7122ee730ba64af3769ea517af252103bddd907f681,ACBBA,ideal,1.0,19,361,0.01,4,4,,,bayesian_acbba_topk_001_k4,/home/agxorin/topk_filter_study/simulator/scenarios/final_trial_500.csv,clue_search,completed,,,6,6,0,10,0,0,0,0,13,35,0,,7,6,13,0,0,0,0.0,1.3,0.0,0.0,0.0,0.0,collision_intent:6;state:6;target:1,2,5,0.10000000000000009,6,0.348339,0.103996,0.348339,0.103996,0,0.0,0.0
37,dcta_parity_v1,custom,aa0724188407797eae5187348bee11ee9f51317c4e8a201863b052786aa2f1df,823213c90703fd83224ad7122ee730ba64af3769ea517af252103bddd907f681,ACBBA,ideal,1.0,19,361,0.01,4,4,,,bayesian_acbba_topk_001_k4,/home/agxorin/topk_filter_study/simulator/scenarios/final_trial_500.csv,clue_search,completed,,,364,78,286,284,84,39,3,3,2038,6110,0,,390,1648,770,1268,1881,1268,0.0,7.176056338028169,6.576923076923077,3.4835164835164836,4.433566433566433,4.464788732394366,acbba_entry:1268;clue:16;collision_intent:389;state:364;target:1,94,514,0.09330985915492951,320,598.615812,18.414826,297.470134,1.899036,243,301.145678,17.510282
38,dcta_parity_v1,custom,aa0724188407797eae5187348bee11ee9f51317c4e8a201863b052786aa2f1df,823213c90703fd83224ad7122ee730ba64af3769ea517af252103bddd907f681,ACBBA,ideal,1.0,19,361,0.01,4,4,,,bayesian_acbba_topk_001_k4,/home/agxorin/topk_filter_study/simulator/scenarios/final_trial_500.csv,clue_search,completed,,,268,6,262,213,59,30,6,6,1532,4595,0,,289,1243,569,963,1520,963,0.0,7.192488262910798,5.801526717557252,3.593283582089552,3.6755725190839694,4.52112676056338,acbba_entry:963;clue:12;collision_intent:288;state:268;target:1,70,398,0.102112676056338,194,501.8131589999999,18.798428,196.861469,1.581191,188,304.95169000000004,17.300946
39,dcta_parity_v1,custom,aa0724188407797eae5187348bee11ee9f51317c4e8a201863b052786aa2f1df,823213c90703fd83224ad7122ee730ba64af3769ea517af252103bddd907f681,ACBBA,ideal,1.0,19,361,0.01,4,4,,,bayesian_acbba_topk_001_k4,/home/agxorin/topk_filter_study/simulator/scenarios/final_trial_500.csv,clue_search,completed,,,177,68,109,144,37,14,1,1,900,2698,0,,186,714,371,529,764,529,0.0,6.25,7.009174311926605,2.9887005649717513,4.853211009174312,3.673611111111111,acbba_entry:529;clue:8;collision_intent:185;state:177;target:1,46,230,0.03125,158,202.19788000000003,2.4354,72.519858,1.153686,92,129.678022,1.600295
40,dcta_parity_v1,custom,aa0724188407797eae5187348bee11ee9f51317c4e8a201863b052786aa2f1df,823213c90703fd83224ad7122ee730ba64af3769ea517af252103bddd907f681,ACBBA,ideal,1.0,19,361,0.01,4,4,,,bayesian_acbba_topk_001_k4,/home/agxorin/topk_filter_study/simulator/scenarios/final_trial_500.csv,clue_search,completed,,,414,126,288,315,103,28,2,2,1892,5673,0,,434,1458,860,1032,1640,1032,0.0,6.006349206349206,5.694444444444445,2.4927536231884058,3.5833333333333335,3.276190476190476,acbba_entry:1032;clue:12;collision_intent:433;state:414;target:1,108,477,0.03888888888888897,357,519.686624,34.088054,248.38115100000002,17.163287,233,271.305473,33.393199
41,dcta_parity_v1,custom,aa0724188407797eae5187348bee11ee9f51317c4e8a201863b052786aa2f1df,823213c90703fd83224ad7122ee730ba64af3769ea517af252103bddd907f681,ACBBA,ideal,1.0,19,361,0.01,4,4,,,bayesian_acbba_topk_001_k4,/home/agxorin/topk_filter_study/simulator/scenarios/final_trial_500.csv,clue_search,completed,,,36,6,30,36,4,7,1,1,247,738,0,,39,208,83,164,235,164,0.0,6.861111111111111,7.833333333333333,4.555555555555555,5.466666666666667,4.555555555555555,acbba_entry:164;clue:8;collision_intent:38;state:36;target:1,10,65,0.09722222222222232,28,51.811958000000004,2.628161,14.292411000000001,0.793251,22,37.519546999999996,1.929595
42,dcta_parity_v1,custom,aa0724188407797eae5187348bee11ee9f51317c4e8a201863b052786aa2f1df,823213c90703fd83224ad7122ee730ba64af3769ea517af252103bddd907f681,ACBBA,ideal,1.0,19,361,0.01,4,4,,,bayesian_acbba_topk_001_k4,/home/agxorin/topk_filter_study/simulator/scenarios/final_trial_500.csv,clue_search,completed,,,73,33,40,75,2,4,0,0,370,1108,0,,77,293,154,216,304,216,0.0,4.933333333333334,7.6,2.958904109589041,5.4,2.88,acbba_entry:216;clue:4;collision_intent:76;state:73;target:1,19,98,0.043333333333333224,69,86.60302899999999,3.93781,23.575818999999996,0.851297,38,63.027210000000004,3.595839
43,dcta_parity_v1,custom,aa0724188407797eae5187348bee11ee9f51317c4e8a201863b052786aa2f1df,823213c90703fd83224ad7122ee730ba64af3769ea517af252103bddd907f681,ACBBA,ideal,1.0,19,361,0.01,4,4,,,bayesian_acbba_topk_001_k4,/home/agxorin/topk_filter_study/simulator/scenarios/final_trial_500.csv,clue_search,completed,,,16,16,0,20,0,0,0,0,33,95,0,,17,16,33,0,0,0,0.0,1.65,0.0,0.0,0.0,0.0,collision_intent:16;state:16;target:1,4,9,0.0,14,0.564044,0.096476,0.564044,0.096476,0,0.0,0.0
44,dcta_parity_v1,custom,aa0724188407797eae5187348bee11ee9f51317c4e8a201863b052786aa2f1df,823213c90703fd83224ad7122ee730ba64af3769ea517af252103bddd907f681,ACBBA,ideal,1.0,19,361,0.01,4,4,,,bayesian_acbba_topk_001_k4,/home/agxorin/topk_filter_study/simulator/scenarios/final_trial_500.csv,clue_search,completed,,,116,116,0,120,0,0,0,0,233,697,0,,117,116,233,0,0,0,0.0,1.9416666666666667,0.0,0.0,0.0,0.0,collision_intent:116;state:116;target:1,29,59,0.0,114,3.528738,0.093629,3.528738,0.093629,0,0.0,0.0
45,dcta_parity_v1,custom,aa0724188407797eae5187348bee11ee9f51317c4e8a201863b052786aa2f1df,823213c90703fd83224ad7122ee730ba64af3769ea517af252103bddd907f681,ACBBA,ideal,1.0,19,361,0.01,4,4,,,bayesian_acbba_topk_001_k4,/home/agxorin/topk_filter_study/simulator/scenarios/final_trial_500.csv,clue_search,completed,,,268,139,129,227,45,12,4,3,1206,3618,0,,285,921,565,641,928,641,0.0,5.312775330396476,7.1937984496124034,2.3917910447761193,4.9689922480620154,2.8237885462555066,acbba_entry:641;clue:12;collision_intent:284;state:268;target:1,71,311,0.029735682819383324,267,287.123034,21.923372,124.69873199999999,20.728535,130,162.424302,17.384655
46,dcta_parity_v1,custom,aa0724188407797eae5187348bee11ee9f51317c4e8a201863b052786aa2f1df,823213c90703fd83224ad7122ee730ba64af3769ea517af252103bddd907f681,ACBBA,ideal,1.0,19,361,0.01,4,4,,,bayesian_acbba_topk_001_k4,/home/agxorin/topk_filter_study/simulator/scenarios/final_trial_500.csv,clue_search,completed,,,245,31,214,181,68,17,2,2,1468,4401,0,,268,1200,529,939,1405,939,0.0,8.11049723756906,6.565420560747664,3.83265306122449,4.38785046728972,5.1878453038674035,acbba_entry:939;clue:16;collision_intent:267;state:245;target:1,65,377,0.09254143646408841,237,521.724066,16.958334,210.9824,14.555189,207,310.741666,16.150588
47,dcta_parity_v1,custom,aa0724188407797eae5187348bee11ee9f51317c4e8a201863b052786aa2f1df,823213c90703fd83224ad7122ee730ba64af3769ea517af252103bddd907f681,ACBBA,ideal,1.0,19,361,0.01,4,4,,,bayesian_acbba_topk_001_k4,/home/agxorin/topk_filter_study/simulator/scenarios/final_trial_500.csv,clue_search,completed,,,384,31,353,305,83,39,8,8,2533,7597,0,,407,2126,807,1726,2471,1726,0.0,8.304918032786885,7.0,4.494791666666667,4.889518413597734,5.659016393442623,acbba_entry:1726;clue:16;collision_intent:406;state:384;target:1,102,649,0.06639344262295088,338,909.2610240000001,19.462309,508.28285200000016,18.703456,308,400.978172,17.059003
48,dcta_parity_v1,custom,aa0724188407797eae5187348bee11ee9f51317c4e8a201863b052786aa2f1df,823213c90703fd83224ad7122ee730ba64af3769ea517af252103bddd907f681,ACBBA,ideal,1.0,19,361,0.01,4,4,,,bayesian_acbba_topk_001_k4,/home/agxorin/topk_filter_study/simulator/scenarios/final_trial_500.csv,clue_search,completed,,,44,44,0,48,0,0,0,0,89,263,0,,45,44,89,0,0,0,0.0,1.8541666666666667,0.0,0.0,0.0,0.0,collision_intent:44;state:44;target:1,11,23,0.0,42,1.3308289999999998,0.104316,1.3308289999999998,0.104316,0,0.0,0.0
49,dcta_parity_v1,custom,aa0724188407797eae5187348bee11ee9f51317c4e8a201863b052786aa2f1df,823213c90703fd83224ad7122ee730ba64af3769ea517af252103bddd907f681,ACBBA,ideal,1.0,19,361,0.01,4,4,,,bayesian_acbba_topk_001_k4,/home/agxorin/topk_filter_study/simulator/scenarios/final_trial_500.csv,clue_search,completed,,,317,4,313,271,50,21,3,3,1800,5397,0,,338,1462,671,1129,1792,1129,0.0,6.642066420664206,5.725239616613418,3.5615141955835963,3.6070287539936103,4.166051660516605,acbba_entry:1129;clue:16;collision_intent:337;state:317;target:1,85,460,0.026752767527675303,232,578.9670410000001,18.57594,260.807163,17.521482,228,318.159878,17.417902
50,dcta_parity_v1,custom,aa0724188407797eae5187348bee11ee9f51317c4e8a201863b052786aa2f1df,823213c90703fd83224ad7122ee730ba64af3769ea517af252103bddd907f681,ACBBA,ideal,1.0,19,361,0.01,4,4,,,bayesian_acbba_topk_001_k4,/home/agxorin/topk_filter_study/simulator/scenarios/final_trial_500.csv,clue_search,completed,,,515,0,515,343,176,54,20,18,3173,9518,0,,578,2595,1109,2064,3173,2064,0.0,9.25072886297376,6.1611650485436895,4.0077669902912625,4.0077669902912625,6.017492711370262,acbba_entry:2064;clue:16;collision_intent:577;state:515;target:1,139,798,0.10131195335276977,468,1300.4912109999998,19.242029,817.0490920000001,18.725344,468,483.44211899999993,14.220705
51,dcta_parity_v1,custom,aa0724188407797eae5187348bee11ee9f51317c4e8a201863b052786aa2f1df,823213c90703fd83224ad7122ee730ba64af3769ea517af252103bddd907f681,ACBBA,ideal,1.0,19,361,0.01,4,4,,,bayesian_acbba_topk_001_k4,/home/agxorin/topk_filter_study/simulator/scenarios/final_trial_500.csv,clue_search,completed,,,43,43,0,47,0,0,0,0,88,261,0,,45,43,88,0,0,0,0.0,1.872340425531915,0.0,0.0,0.0,0.0,collision_intent:44;state:43;target:1,11,23,0.015957446808510634,42,1.3801430000000001,0.099548,1.3801430000000001,0.099548,0,0.0,0.0
52,dcta_parity_v1,custom,aa0724188407797eae5187348bee11ee9f51317c4e8a201863b052786aa2f1df,823213c90703fd83224ad7122ee730ba64af3769ea517af252103bddd907f681,ACBBA,ideal,1.0,19,361,0.01,4,4,,,bayesian_acbba_topk_001_k4,/home/agxorin/topk_filter_study/simulator/scenarios/final_trial_500.csv,clue_search,completed,,,166,55,111,155,15,9,0,0,881,2639,0,,175,706,353,528,771,528,0.0,5.683870967741935,6.945945945945946,3.180722891566265,4.756756756756757,3.4064516129032256,acbba_entry:528;clue:12;collision_intent:174;state:166;target:1,44,227,0.03387096774193554,147,229.54382299999997,18.394507,99.46212700000001,16.884225,94,130.081696,1.599815
53,dcta_parity_v1,custom,aa0724188407797eae5187348bee11ee9f51317c4e8a201863b052786aa2f1df,823213c90703fd83224ad7122ee730ba64af3769ea517af252103bddd907f681,ACBBA,ideal,1.0,19,361,0.01,4,4,,,bayesian_acbba_topk_001_k4,/home/agxorin/topk_filter_study/simulator/scenarios/final_trial_500.csv,clue_search,completed,,,43,22,21,47,0,3,0,0,165,491,0,,46,119,93,72,120,72,0.0,3.5106382978723403,5.714285714285714,1.6744186046511629,3.4285714285714284,1.5319148936170213,acbba_entry:72;clue:4;collision_intent:45;state:43;target:1,11,44,0.015957446808510634,34,26.662945,2.346379,7.245625,0.667591,12,19.41732,1.688259
54,dcta_parity_v1,custom,aa0724188407797eae5187348bee11ee9f51317c4e8a201863b052786aa2f1df,823213c90703fd83224ad7122ee730ba64af3769ea517af252103bddd907f681,ACBBA,ideal,1.0,19,361,0.01,4,4,,,bayesian_acbba_topk_001_k4,/home/agxorin/topk_filter_study/simulator/scenarios/final_trial_500.csv,clue_search,completed,,,62,51,11,66,0,1,0,0,187,559,0,,63,124,129,58,85,58,0.0,2.8333333333333335,7.7272727272727275,0.9354838709677419,5.2727272727272725,0.8787878787878788,acbba_entry:58;clue:4;collision_intent:62;state:62;target:1,16,55,0.015151515151515138,58,21.104936000000002,2.242704,6.952292,0.655529,9,14.152644,1.624582
55,dcta_parity_v1,custom,aa0724188407797eae5187348bee11ee9f51317c4e8a201863b052786aa2f1df,823213c90703fd83224ad7122ee730ba64af3769ea517af252103bddd907f681,ACBBA,ideal,1.0,19,361,0.01,4,4,,,bayesian_acbba_topk_001_k4,/home/agxorin/topk_filter_study/simulator/scenarios/final_trial_500.csv,clue_search,completed,,,289,47,242,225,68,22,2,2,1474,4420,0,,311,1163,612,862,1379,862,0.0,6.551111111111111,5.698347107438017,2.982698961937716,3.56198347107438,3.831111111111111,acbba_entry:862;clue:12;collision_intent:310;state:289;target:1,78,380,0.05888888888888899,246,430.437596,3.473411,176.65605299999999,2.156914,200,253.781543,1.613798
56,dcta_parity_v1,custom,aa0724188407797eae5187348bee11ee9f51317c4e8a201863b052786aa2f1df,823213c90703fd83224ad7122ee730ba64af3769ea517af252103bddd907f681,ACBBA,ideal,1.0,19,361,0.01,4,4,,,bayesian_acbba_topk_001_k4,/home/agxorin/topk_filter_study/simulator/scenarios/final_trial_500.csv,clue_search,completed,,,343,171,172,271,76,14,0,0,1368,4101,0,,355,1013,702,666,1025,666,0.0,5.047970479704797,5.959302325581396,1.9416909620991254,3.872093023255814,2.4575645756457565,acbba_entry:666;clue:4;collision_intent:354;state:343;target:1,88,352,0.07841328413284132,311,253.57038700000004,2.164115,122.98787200000001,1.372751,141,130.58251499999997,1.164182
57,dcta_parity_v1,custom,aa0724188407797eae5187348bee11ee9f51317c4e8a201863b052786aa2f1df,823213c90703fd83224ad7122ee730ba64af3769ea517af252103bddd907f681,ACBBA,ideal,1.0,19,361,0.01,4,4,,,bayesian_acbba_topk_001_k4,/home/agxorin/topk_filter_study/simulator/scenarios/final_trial_500.csv,clue_search,completed,,,127,1,126,114,17,19,6,6,953,2856,0,,145,808,280,673,948,673,0.0,8.359649122807017,7.523809523809524,5.299212598425197,5.341269841269841,5.9035087719298245,acbba_entry:673;clue:8;collision_intent:144;state:127;target:1,34,243,0.04824561403508776,135,394.759716,22.619092,172.38859599999998,21.178472,131,222.37112,15.9329
58,dcta_parity_v1,custom,aa0724188407797eae5187348bee11ee9f51317c4e8a201863b052786aa2f1df,823213c90703fd83224ad7122ee730ba64af3769ea517af252103bddd907f681,ACBBA,ideal,1.0,19,361,0.01,4,4,,,bayesian_acbba_topk_001_k4,/home/agxorin/topk_filter_study/simulator/scenarios/final_trial_500.csv,clue_search,completed,,,95,90,5,98,1,0,0,0,215,641,0,,96,119,195,20,35,20,0.0,2.193877551020408,7.0,0.21052631578947367,4.0,0.20408163265306123,acbba_entry:20;clue:4;collision_intent:95;state:95;target:1,24,56,0.010204081632652962,92,11.013553000000002,2.15349,5.134500000000001,0.690119,4,5.879053,1.490091
59,dcta_parity_v1,custom,aa0724188407797eae5187348bee11ee9f51317c4e8a201863b052786aa2f1df,823213c90703fd83224ad7122ee730ba64af3769ea517af252103bddd907f681,ACBBA,ideal,1.0,19,361,0.01,4,4,,,bayesian_acbba_topk_001_k4,/home/agxorin/topk_filter_study/simulator/scenarios/final_trial_500.csv,clue_search,completed,,,161,104,57,156,9,6,0,0,611,1828,0,,165,446,334,277,403,277,0.0,3.9166666666666665,7.0701754385964914,1.720496894409938,4.859649122807017,1.7756410256410255,acbba_entry:277;clue:8;collision_intent:164;state:161;target:1,41,156,0.03205128205128216,140,78.190923,2.104565,29.204778,0.904064,38,48.98614500000001,1.40923
60,dcta_parity_v1,custom,aa0724188407797eae5187348bee11ee9f51317c4e8a201863b052786aa2f1df,823213c90703fd83224ad7122ee730ba64af3769ea517af252103bddd907f681,ACBBA,ideal,1.0,19,361,0.01,4,4,,,bayesian_acbba_topk_001_k4,/home/agxorin/topk_filter_study/simulator/scenarios/final_trial_500.csv,clue_search,completed,,,207,207,0,211,0,0,0,0,415,1243,0,,208,207,415,0,0,0,0.0,1.966824644549763,0.0,0.0,0.0,0.0,collision_intent:207;state:207;target:1,52,105,0.0035545023696681444,205,6.110598000000001,0.124444,6.110598000000001,0.124444,0,0.0,0.0
61,dcta_parity_v1,custom,aa0724188407797eae5187348bee11ee9f51317c4e8a201863b052786aa2f1df,823213c90703fd83224ad7122ee730ba64af3769ea517af252103bddd907f681,ACBBA,ideal,1.0,19,361,0.01,4,4,,,bayesian_acbba_topk_001_k4,/home/agxorin/topk_filter_study/simulator/scenarios/final_trial_500.csv,clue_search,completed,,,191,191,0,195,0,0,0,0,383,1146,0,,192,191,383,0,0,0,0.0,1.964102564102564,0.0,0.0,0.0,0.0,collision_intent:191;state:191;target:1,48,97,0.0038461538461538325,189,5.735889,0.104509,5.735889,0.104509,0,0.0,0.0
62,dcta_parity_v1,custom,aa0724188407797eae5187348bee11ee9f51317c4e8a201863b052786aa2f1df,823213c90703fd83224ad7122ee730ba64af3769ea517af252103bddd907f681,ACBBA,ideal,1.0,19,361,0.01,4,4,,,bayesian_acbba_topk_001_k4,/home/agxorin/topk_filter_study/simulator/scenarios/final_trial_500.csv,clue_search,completed,,,191,144,47,184,11,7,1,1,616,1845,0,,198,418,397,219,328,219,0.0,3.347826086956522,6.9787234042553195,1.1465968586387434,4.659574468085107,1.190217391304348,acbba_entry:219;clue:8;collision_intent:197;state:191;target:1,49,162,0.013586956521739024,193,92.247123,1.955962,32.186209,0.849634,51,60.060914000000004,1.276498
63,dcta_parity_v1,custom,aa0724188407797eae5187348bee11ee9f51317c4e8a201863b052786aa2f1df,823213c90703fd83224ad7122ee730ba64af3769ea517af252103bddd907f681,ACBBA,ideal,1.0,19,361,0.01,4,4,,,bayesian_acbba_topk_001_k4,/home/agxorin/topk_filter_study/simulator/scenarios/final_trial_500.csv,clue_search,completed,,,136,122,14,139,1,1,0,0,359,1072,0,,139,220,279,80,115,80,0.0,2.58273381294964,8.214285714285714,0.5882352941176471,5.714285714285714,0.5755395683453237,acbba_entry:80;clue:4;collision_intent:138;state:136;target:1,35,94,0.012589928057553879,137,34.562501,2.05567,12.193544,0.691207,17,22.368957,1.364463
64,dcta_parity_v1,custom,aa0724188407797eae5187348bee11ee9f51317c4e8a201863b052786aa2f1df,823213c90703fd83224ad7122ee730ba64af3769ea517af252103bddd907f681,ACBBA,ideal,1.0,19,361,0.01,4,4,,,bayesian_acbba_topk_001_k4,/home/agxorin/topk_filter_study/simulator/scenarios/final_trial_500.csv,clue_search,completed,,,390,194,196,306,88,30,6,4,1688,5062,0,,409,1279,815,873,1300,873,0.0,5.516339869281046,6.63265306122449,2.2384615384615385,4.454081632653061,2.8529411764705883,acbba_entry:873;clue:16;collision_intent:408;state:390;target:1,101,434,0.05555555555555558,346,387.72173,54.015661,171.43561,21.215206,154,216.28611999999998,52.965651
65,dcta_parity_v1,custom,aa0724188407797eae5187348bee11ee9f51317c4e8a201863b052786aa2f1df,823213c90703fd83224ad7122ee730ba64af3769ea517af252103bddd907f681,ACBBA,ideal,1.0,19,361,0.01,4,4,,,bayesian_acbba_topk_001_k4,/home/agxorin/topk_filter_study/simulator/scenarios/final_trial_500.csv,clue_search,completed,,,265,99,166,221,48,12,0,0,1291,3869,0,,279,1012,552,739,1093,739,0.0,5.841628959276018,6.5843373493975905,2.788679245283019,4.451807228915663,3.3438914027149322,acbba_entry:739;clue:8;collision_intent:278;state:265;target:1,69,327,0.03733031674208154,236,287.094333,2.381675,127.78100200000002,1.421005,139,159.313331,1.457036
66,dcta_parity_v1,custom,aa0724188407797eae5187348bee11ee9f51317c4e8a201863b052786aa2f1df,823213c90703fd83224ad7122ee730ba64af3769ea517af252103bddd907f681,ACBBA,ideal,1.0,19,361,0.01,4,4,,,bayesian_acbba_topk_001_k4,/home/agxorin/topk_filter_study/simulator/scenarios/final_trial_500.csv,clue_search,completed,,,151,38,113,145,10,15,2,2,987,2957,0,,163,824,322,665,911,665,0.0,6.8068965517241375,8.061946902654867,4.403973509933775,5.884955752212389,4.586206896551724,acbba_entry:665;clue:8;collision_intent:162;state:151;target:1,39,252,0.018965517241379404,134,218.171624,2.490087,83.65203199999999,1.247507,98,134.51959199999996,1.609638
67,dcta_parity_v1,custom,aa0724188407797eae5187348bee11ee9f51317c4e8a201863b052786aa2f1df,823213c90703fd83224ad7122ee730ba64af3769ea517af252103bddd907f681,ACBBA,ideal,1.0,19,361,0.01,4,4,,,bayesian_acbba_topk_001_k4,/home/agxorin/topk_filter_study/simulator/scenarios/final_trial_500.csv,clue_search,completed,,,300,50,250,244,60,31,0,0,1696,5085,0,,315,1381,623,1073,1595,1073,0.0,6.950819672131147,6.38,3.5766666666666667,4.292,4.397540983606557,acbba_entry:1073;clue:8;collision_intent:314;state:300;target:1,77,431,0.04713114754098369,223,404.47931399999993,2.901944,189.11270199999998,1.740449,174,215.36661200000003,1.619365
68,dcta_parity_v1,custom,aa0724188407797eae5187348bee11ee9f51317c4e8a201863b052786aa2f1df,823213c90703fd83224ad7122ee730ba64af3769ea517af252103bddd907f681,ACBBA,ideal,1.0,19,361,0.01,4,4,,,bayesian_acbba_topk_001_k4,/home/agxorin/topk_filter_study/simulator/scenarios/final_trial_500.csv,clue_search,completed,,,213,0,213,200,17,19,2,2,1508,4520,0,,235,1273,464,1044,1508,1044,0.0,7.54,7.07981220657277,4.901408450704225,4.901408450704225,5.22,acbba_entry:1044;clue:16;collision_intent:234;state:213;target:1,57,386,0.020000000000000018,199,489.142932,2.892536,221.43077300000002,1.796192,198,267.71215900000004,1.943611
69,dcta_parity_v1,custom,aa0724188407797eae5187348bee11ee9f51317c4e8a201863b052786aa2f1df,823213c90703fd83224ad7122ee730ba64af3769ea517af252103bddd907f681,ACBBA,ideal,1.0,19,361,0.01,4,4,,,bayesian_acbba_topk_001_k4,/home/agxorin/topk_filter_study/simulator/scenarios/final_trial_500.csv,clue_search,completed,,,344,46,298,275,73,42,7,7,2017,6048,0,,371,1646,731,1286,1925,1286,0.0,7.334545454545455,6.459731543624161,3.738372093023256,4.315436241610739,4.676363636363637,acbba_entry:1286;clue:16;collision_intent:370;state:344;target:1,90,510,0.06272727272727274,306,626.0499459999999,18.610219,321.724106,17.7922,262,304.3258400000001,1.607943
70,dcta_parity_v1,custom,aa0724188407797eae5187348bee11ee9f51317c4e8a201863b052786aa2f1df,823213c90703fd83224ad7122ee730ba64af3769ea517af252103bddd907f681,ACBBA,ideal,1.0,19,361,0.01,4,4,,,bayesian_acbba_topk_001_k4,/home/agxorin/topk_filter_study/simulator/scenarios/final_trial_500.csv,clue_search,completed,,,142,142,0,146,0,0,0,0,285,852,0,,143,142,285,0,0,0,0.0,1.952054794520548,0.0,0.0,0.0,0.0,collision_intent:142;state:142;target:1,36,73,0.006849315068493178,140,4.124685,0.103561,4.124685,0.103561,0,0.0,0.0
71,dcta_parity_v1,custom,aa0724188407797eae5187348bee11ee9f51317c4e8a201863b052786aa2f1df,823213c90703fd83224ad7122ee730ba64af3769ea517af252103bddd907f681,ACBBA,ideal,1.0,19,361,0.01,4,4,,,bayesian_acbba_topk_001_k4,/home/agxorin/topk_filter_study/simulator/scenarios/final_trial_500.csv,clue_search,completed,,,168,8,160,146,26,19,3,3,1196,3585,0,,185,1011,365,831,1180,831,0.0,8.191780821917808,7.375,4.946428571428571,5.19375,5.691780821917808,acbba_entry:831;clue:12;collision_intent:184;state:168;target:1,43,318,0.06849315068493156,145,335.00556500000005,2.751391,134.970261,1.520251,138,200.03530399999997,1.780465
72,dcta_parity_v1,custom,aa0724188407797eae5187348bee11ee9f51317c4e8a201863b052786aa2f1df,823213c90703fd83224ad7122ee730ba64af3769ea517af252103bddd907f681,ACBBA,ideal,1.0,19,361,0.01,4,4,,,bayesian_acbba_topk_001_k4,/home/agxorin/topk_filter_study/simulator/scenarios/final_trial_500.csv,clue_search,completed,,,220,137,83,199,25,13,2,1,819,2453,0,,233,586,465,354,545,354,0.0,4.115577889447236,6.566265060240964,1.6090909090909091,4.265060240963855,1.778894472361809,acbba_entry:354;clue:12;collision_intent:232;state:220;target:1,57,207,0.051507537688442184,221,150.541437,1.985218,54.67903000000001,0.948014,86,95.86240699999999,1.263526
73,dcta_parity_v1,custom,aa0724188407797eae5187348bee11ee9f51317c4e8a201863b052786aa2f1df,823213c90703fd83224ad7122ee730ba64af3769ea517af252103bddd907f681,ACBBA,ideal,1.0,19,361,0.01,4,4,,,bayesian_acbba_topk_001_k4,/home/agxorin/topk_filter_study/simulator/scenarios/final_trial_500.csv,clue_search,completed,,,170,95,75,159,15,6,0,0,719,2153,0,,176,543,350,369,529,369,0.0,4.522012578616352,7.053333333333334,2.1705882352941175,4.92,2.3207547169811322,acbba_entry:369;clue:4;collision_intent:175;state:170;target:1,44,183,0.036163522012578664,160,133.522787,2.294074,46.136409,1.057078,67,87.386378,1.577312
74,dcta_parity_v1,custom,aa0724188407797eae5187348bee11ee9f51317c4e8a201863b052786aa2f1df,823213c90703fd83224ad7122ee730ba64af3769ea517af252103bddd907f681,ACBBA,ideal,1.0,19,361,0.01,4,4,,,bayesian_acbba_topk_001_k4,/home/agxorin/topk_filter_study/simulator/scenarios/final_trial_500.csv,clue_search,completed,,,34,34,0,38,0,0,0,0,69,206,0,,35,34,69,0,0,0,0.0,1.8157894736842106,0.0,0.0,0.0,0.0,collision_intent:34;state:34;target:1,9,19,0.026315789473684292,32,1.0733700000000002,0.102152,1.0733700000000002,0.102152,0,0.0,0.0
75,dcta_parity_v1,custom,aa0724188407797eae5187348bee11ee9f51317c4e8a201863b052786aa2f1df,823213c90703fd83224ad7122ee730ba64af3769ea517af252103bddd907f681,ACBBA,ideal,1.0,19,361,0.01,4,4,,,bayesian_acbba_topk_001_k4,/home/agxorin/topk_filter_study/simulator/scenarios/final_trial_500.csv,clue_search,completed,,,72,43,29,74,2,3,0,0,316,945,0,,75,241,151,165,230,165,0.0,4.27027027027027,7.931034482758621,2.2916666666666665,5.689655172413793,2.22972972972973,acbba_entry:165;clue:4;collision_intent:74;state:72;target:1,18,81,0.013513513513513598,66,55.483919,2.321724,16.126589,0.77011,25,39.35733,1.656134
76,dcta_parity_v1,custom,aa0724188407797eae5187348bee11ee9f51317c4e8a201863b052786aa2f1df,823213c90703fd83224ad7122ee730ba64af3769ea517af252103bddd907f681,ACBBA,ideal,1.0,19,361,0.01,4,4,,,bayesian_acbba_topk_001_k4,/home/agxorin/topk_filter_study/simulator/scenarios/final_trial_500.csv,clue_search,completed,,,488,51,437,337,155,45,3,2,2472,7413,0,,526,1946,1022,1450,2369,1450,0.0,7.335311572700297,5.421052631578948,2.971311475409836,3.3180778032036615,4.3026706231454,acbba_entry:1450;clue:8;collision_intent:525;state:488;target:1,127,639,0.09421364985163194,451,1059.1482870000002,30.518619,614.0837800000002,29.934092,401,445.0645069999999,17.577072
77,dcta_parity_v1,custom,aa0724188407797eae5187348bee11ee9f51317c4e8a201863b052786aa2f1df,823213c90703fd83224ad7122ee730ba64af3769ea517af252103bddd907f681,ACBBA,ideal,1.0,19,361,0.01,4,4,,,bayesian_acbba_topk_001_k4,/home/agxorin/topk_filter_study/simulator/scenarios/final_trial_500.csv,clue_search,completed,,,1,1,0,5,0,0,0,0,6,14,0,,5,1,6,0,0,0,0.0,1.2,0.0,0.0,0.0,0.0,collision_intent:4;state:1;target:1,1,3,0.1499999999999999,4,0.287254,0.108232,0.287254,0.108232,0,0.0,0.0
78,dcta_parity_v1,custom,aa0724188407797eae5187348bee11ee9f51317c4e8a201863b052786aa2f1df,823213c90703fd83224ad7122ee730ba64af3769ea517af252103bddd907f681,ACBBA,ideal,1.0,19,361,0.01,4,4,,,bayesian_acbba_topk_001_k4,/home/agxorin/topk_filter_study/simulator/scenarios/final_trial_500.csv,clue_search,completed,,,131,107,24,131,4,3,0,0,391,1168,0,,133,258,276,115,177,115,0.0,2.984732824427481,7.375,0.8778625954198473,4.791666666666667,0.8778625954198473,acbba_entry:115;clue:12;collision_intent:132;state:131;target:1,33,103,0.013358778625954137,121,34.906489,2.244533,12.835271,0.807617,16,22.071218,1.436916
79,dcta_parity_v1,custom,aa0724188407797eae5187348bee11ee9f51317c4e8a201863b052786aa2f1df,823213c90703fd83224ad7122ee730ba64af3769ea517af252103bddd907f681,ACBBA,ideal,1.0,19,361,0.01,4,4,,,bayesian_acbba_topk_001_k4,/home/agxorin/topk_filter_study/simulator/scenarios/final_trial_500.csv,clue_search,completed,,,85,85,0,89,0,0,0,0,171,510,0,,86,85,171,0,0,0,0.0,1.9213483146067416,0.0,0.0,0.0,0.0,collision_intent:85;state:85;target:1,22,45,0.008426966292134797,83,2.7027089999999996,0.109608,2.7027089999999996,0.109608,0,0.0,0.0
80,dcta_parity_v1,custom,aa0724188407797eae5187348bee11ee9f51317c4e8a201863b052786aa2f1df,823213c90703fd83224ad7122ee730ba64af3769ea517af252103bddd907f681,ACBBA,ideal,1.0,19,361,0.01,4,4,,,bayesian_acbba_topk_001_k4,/home/agxorin/topk_filter_study/simulator/scenarios/final_trial_500.csv,clue_search,completed,,,351,24,327,266,89,28,11,6,2136,6408,0,,387,1749,750,1386,2088,1386,0.0,8.030075187969924,6.385321100917431,3.948717948717949,4.238532110091743,5.2105263157894735,acbba_entry:1386;clue:12;collision_intent:386;state:351;target:1,95,549,0.13533834586466176,338,840.129171,18.810344,387.16775900000005,2.07047,316,452.96141200000005,17.768692
81,dcta_parity_v1,custom,aa0724188407797eae5187348bee11ee9f51317c4e8a201863b052786aa2f1df,823213c90703fd83224ad7122ee730ba64af3769ea517af252103bddd907f681,ACBBA,ideal,1.0,19,361,0.01,4,4,,,bayesian_acbba_topk_001_k4,/home/agxorin/topk_filter_study/simulator/scenarios/final_trial_500.csv,clue_search,completed,,,446,77,369,327,123,34,7,7,2176,6524,0,,483,1693,941,1235,2020,1235,0.0,6.654434250764526,5.4742547425474255,2.7690582959641254,3.3468834688346885,3.776758409785933,acbba_entry:1235;clue:12;collision_intent:482;state:446;target:1,120,563,0.06345565749235482,399,733.0105790000001,3.265093,418.9404230000001,2.566573,322,314.070156,1.610913
82,dcta_parity_v1,custom,aa0724188407797eae5187348bee11ee9f51317c4e8a201863b052786aa2f1df,823213c90703fd83224ad7122ee730ba64af3769ea517af252103bddd907f681,ACBBA,ideal,1.0,19,361,0.01,4,4,,,bayesian_acbba_topk_001_k4,/home/agxorin/topk_filter_study/simulator/scenarios/final_trial_500.csv,clue_search,completed,,,539,39,500,350,193,48,7,7,3025,9071,0,,588,2437,1143,1882,2947,1882,0.0,8.642857142857142,5.894,3.49165120593692,3.764,5.377142857142857,acbba_entry:1882;clue:16;collision_intent:587;state:539;target:1,141,769,0.07000000000000006,462,1032.3116429999998,3.075763,592.898812,2.410142,425,439.412831,2.03405
83,dcta_parity_v1,custom,aa0724188407797eae5187348bee11ee9f51317c4e8a201863b052786aa2f1df,823213c90703fd83224ad7122ee730ba64af3769ea517af252103bddd907f681,ACBBA,ideal,1.0,19,361,0.01,4,4,,,bayesian_acbba_topk_001_k4,/home/agxorin/topk_filter_study/simulator/scenarios/final_trial_500.csv,clue_search,completed,,,119,76,43,119,4,0,0,0,481,1442,0,,124,357,247,234,329,234,0.0,4.042016806722689,7.651162790697675,1.9663865546218486,5.441860465116279,1.9663865546218486,acbba_entry:234;clue:4;collision_intent:123;state:119;target:1,31,126,0.014705882352941124,117,89.764133,2.219536,28.842193,0.866693,43,60.92193999999999,1.54473
84,dcta_parity_v1,custom,aa0724188407797eae5187348bee11ee9f51317c4e8a201863b052786aa2f1df,823213c90703fd83224ad7122ee730ba64af3769ea517af252103bddd907f681,ACBBA,ideal,1.0,19,361,0.01,4,4,,,bayesian_acbba_topk_001_k4,/home/agxorin/topk_filter_study/simulator/scenarios/final_trial_500.csv,clue_search,completed,,,170,55,115,142,32,6,1,1,893,2677,0,,177,716,359,534,782,534,0.0,6.288732394366197,6.8,3.1411764705882352,4.643478260869565,3.76056338028169,acbba_entry:534;clue:12;collision_intent:176;state:170;target:1,45,228,0.028169014084507005,148,210.01924699999998,2.551369,71.39185599999999,1.22816,94,138.62739100000002,1.648867
85,dcta_parity_v1,custom,aa0724188407797eae5187348bee11ee9f51317c4e8a201863b052786aa2f1df,823213c90703fd83224ad7122ee730ba64af3769ea517af252103bddd907f681,ACBBA,ideal,1.0,19,361,0.01,4,4,,,bayesian_acbba_topk_001_k4,/home/agxorin/topk_filter_study/simulator/scenarios/final_trial_500.csv,clue_search,completed,,,36,22,14,40,0,5,1,1,170,507,0,,41,129,81,89,126,89,0.0,4.25,9.0,2.4722222222222223,6.357142857142857,2.225,acbba_entry:89;clue:4;collision_intent:40;state:36;target:1,10,47,0.03750000000000009,39,42.747282,2.443969,10.654215,0.717177,19,32.093067000000005,1.801038
86,dcta_parity_v1,custom,aa0724188407797eae5187348bee11ee9f51317c4e8a201863b052786aa2f1df,823213c90703fd83224ad7122ee730ba64af3769ea517af252103bddd907f681,ACBBA,ideal,1.0,19,361,0.01,4,4,,,bayesian_acbba_topk_001_k4,/home/agxorin/topk_filter_study/simulator/scenarios/final_trial_500.csv,clue_search,completed,,,7,0,7,11,0,0,0,0,68,200,0,,11,57,26,42,68,42,0.0,6.181818181818182,9.714285714285714,6.0,6.0,3.8181818181818183,acbba_entry:42;clue:8;collision_intent:10;state:7;target:1,3,22,0.15909090909090917,16,34.44688,2.647697,6.466175,0.664309,16,27.980705,2.055266
87,dcta_parity_v1,custom,aa0724188407797eae5187348bee11ee9f51317c4e8a201863b052786aa2f1df,823213c90703fd83224ad7122ee730ba64af3769ea517af252103bddd907f681,ACBBA,ideal,1.0,19,361,0.01,4,4,,,bayesian_acbba_topk_001_k4,/home/agxorin/topk_filter_study/simulator/scenarios/final_trial_500.csv,clue_search,completed,,,47,3,44,43,8,5,0,0,313,935,0,,50,263,101,212,306,212,0.0,7.27906976744186,6.954545454545454,4.51063829787234,4.818181818181818,4.930232558139535,acbba_entry:212;clue:4;collision_intent:49;state:47;target:1,12,80,0.04069767441860472,40,97.79604900000001,18.19667,38.127012,16.549756,36,59.669037,1.965531
88,dcta_parity_v1,custom,aa0724188407797eae5187348bee11ee9f51317c4e8a201863b052786aa2f1df,823213c90703fd83224ad7122ee730ba64af3769ea517af252103bddd907f681,ACBBA,ideal,1.0,19,361,0.01,4,4,,,bayesian_acbba_topk_001_k4,/home/agxorin/topk_filter_study/simulator/scenarios/final_trial_500.csv,clue_search,completed,,,29,17,12,33,0,3,0,0,114,340,0,,31,83,64,50,80,50,0.0,3.4545454545454546,6.666666666666667,1.7241379310344827,4.166666666666667,1.5151515151515151,acbba_entry:50;clue:4;collision_intent:30;state:29;target:1,8,31,0.022727272727272707,27,26.854089000000002,2.410718,7.041804,0.677813,12,19.812285,1.732905
89,dcta_parity_v1,custom,aa0724188407797eae5187348bee11ee9f51317c4e8a201863b052786aa2f1df,823213c90703fd83224ad7122ee730ba64af3769ea517af252103bddd907f681,ACBBA,ideal,1.0,19,361,0.01,4,4,,,bayesian_acbba_topk_001_k4,/home/agxorin/topk_filter_study/simulator/scenarios/final_trial_500.csv,clue_search,completed,,,176,25,151,155,25,23,1,1,1003,3005,0,,192,811,384,619,952,619,0.0,6.470967741935484,6.304635761589404,3.5170454545454546,4.099337748344371,3.9935483870967743,acbba_entry:619;clue:16;collision_intent:191;state:176;target:1,49,276,0.014516129032257963,177,324.81370599999997,2.420287,113.37905099999999,1.117112,153,211.43465500000002,1.669412
90,dcta_parity_v1,custom,aa0724188407797eae5187348bee11ee9f51317c4e8a201863b052786aa2f1df,823213c90703fd83224ad7122ee730ba64af3769ea517af252103bddd907f681,ACBBA,ideal,1.0,19,361,0.01,4,4,,,bayesian_acbba_topk_001_k4,/home/agxorin/topk_filter_study/simulator/scenarios/final_trial_500.csv,clue_search,completed,,,20,12,8,24,0,1,0,0,91,272,0,,21,70,45,46,67,46,0.0,3.7916666666666665,8.375,2.3,5.75,1.9166666666666667,acbba_entry:46;clue:4;collision_intent:20;state:20;target:1,5,25,0.0,18,19.029757000000004,2.433984,5.181016,0.674742,8,13.848741,1.790414
91,dcta_parity_v1,custom,aa0724188407797eae5187348bee11ee9f51317c4e8a201863b052786aa2f1df,823213c90703fd83224ad7122ee730ba64af3769ea517af252103bddd907f681,ACBBA,ideal,1.0,19,361,0.01,4,4,,,bayesian_acbba_topk_001_k4,/home/agxorin/topk_filter_study/simulator/scenarios/final_trial_500.csv,clue_search,completed,,,5,5,0,9,0,0,0,0,12,32,0,,7,5,12,0,0,0,0.0,1.3333333333333333,0.0,0.0,0.0,0.0,collision_intent:6;state:5;target:1,2,5,0.08333333333333326,6,0.355292,0.108936,0.355292,0.108936,0,0.0,0.0
92,dcta_parity_v1,custom,aa0724188407797eae5187348bee11ee9f51317c4e8a201863b052786aa2f1df,823213c90703fd83224ad7122ee730ba64af3769ea517af252103bddd907f681,ACBBA,ideal,1.0,19,361,0.01,4,4,,,bayesian_acbba_topk_001_k4,/home/agxorin/topk_filter_study/simulator/scenarios/final_trial_500.csv,clue_search,completed,,,220,0,220,191,33,31,4,4,1556,4663,0,,237,1319,469,1087,1556,1087,0.0,8.146596858638743,7.072727272727272,4.9409090909090905,4.9409090909090905,5.69109947643979,acbba_entry:1087;clue:12;collision_intent:236;state:220;target:1,57,396,0.05890052356020936,166,411.77485,2.847168,175.873853,1.74385,166,235.90099700000002,1.821232
93,dcta_parity_v1,custom,aa0724188407797eae5187348bee11ee9f51317c4e8a201863b052786aa2f1df,823213c90703fd83224ad7122ee730ba64af3769ea517af252103bddd907f681,ACBBA,ideal,1.0,19,361,0.01,4,4,,,bayesian_acbba_topk_001_k4,/home/agxorin/topk_filter_study/simulator/scenarios/final_trial_500.csv,clue_search,completed,,,145,145,0,149,0,0,0,0,291,871,0,,146,145,291,0,0,0,0.0,1.9530201342281879,0.0,0.0,0.0,0.0,collision_intent:145;state:145;target:1,37,75,0.005033557046979942,143,4.104514999999999,0.105064,4.104514999999999,0.105064,0,0.0,0.0
94,dcta_parity_v1,custom,aa0724188407797eae5187348bee11ee9f51317c4e8a201863b052786aa2f1df,823213c90703fd83224ad7122ee730ba64af3769ea517af252103bddd907f681,ACBBA,ideal,1.0,19,361,0.01,4,4,,,bayesian_acbba_topk_001_k4,/home/agxorin/topk_filter_study/simulator/scenarios/final_trial_500.csv,clue_search,completed,,,511,41,470,351,164,44,4,4,2679,8033,0,,543,2136,1070,1609,2596,1609,0.0,7.632478632478633,5.523404255319149,3.148727984344423,3.423404255319149,4.584045584045584,acbba_entry:1609;clue:16;collision_intent:542;state:511;target:1,134,674,0.04202279202279202,388,833.723469,18.552271,505.64642599999996,17.42399,348,328.07704300000006,17.150049
95,dcta_parity_v1,custom,aa0724188407797eae5187348bee11ee9f51317c4e8a201863b052786aa2f1df,823213c90703fd83224ad7122ee730ba64af3769ea517af252103bddd907f681,ACBBA,ideal,1.0,19,361,0.01,4,4,,,bayesian_acbba_topk_001_k4,/home/agxorin/topk_filter_study/simulator/scenarios/final_trial_500.csv,clue_search,completed,,,234,145,89,201,37,19,3,3,788,2363,0,,242,546,488,300,498,300,0.0,3.9203980099502487,5.595505617977528,1.2820512820512822,3.3707865168539324,1.492537313432836,acbba_entry:300;clue:12;collision_intent:241;state:234;target:1,59,201,0.023631840796019876,191,89.114849,2.049184,35.176941,0.985709,48,53.93790799999999,1.215423
96,dcta_parity_v1,custom,aa0724188407797eae5187348bee11ee9f51317c4e8a201863b052786aa2f1df,823213c90703fd83224ad7122ee730ba64af3769ea517af252103bddd907f681,ACBBA,ideal,1.0,19,361,0.01,4,4,,,bayesian_acbba_topk_001_k4,/home/agxorin/topk_filter_study/simulator/scenarios/final_trial_500.csv,clue_search,completed,,,344,14,330,236,112,35,8,8,1947,5837,0,,368,1579,724,1223,1919,1223,0.0,8.25,5.815151515151515,3.5552325581395348,3.706060606060606,5.182203389830509,acbba_entry:1223;clue:12;collision_intent:367;state:344;target:1,89,501,0.10593220338983045,223,657.378667,22.497948,295.29968099999996,17.377513,211,362.078986,21.569044
97,dcta_parity_v1,custom,aa0724188407797eae5187348bee11ee9f51317c4e8a201863b052786aa2f1df,823213c90703fd83224ad7122ee730ba64af3769ea517af252103bddd907f681,ACBBA,ideal,1.0,19,361,0.01,4,4,,,bayesian_acbba_topk_001_k4,/home/agxorin/topk_filter_study/simulator/scenarios/final_trial_500.csv,clue_search,completed,,,73,73,0,77,0,0,0,0,147,438,0,,74,73,147,0,0,0,0.0,1.9090909090909092,0.0,0.0,0.0,0.0,collision_intent:73;state:73;target:1,19,39,0.009740259740259827,71,2.2095130000000003,0.110633,2.2095130000000003,0.110633,0,0.0,0.0
98,dcta_parity_v1,custom,aa0724188407797eae5187348bee11ee9f51317c4e8a201863b052786aa2f1df,823213c90703fd83224ad7122ee730ba64af3769ea517af252103bddd907f681,ACBBA,ideal,1.0,19,361,0.01,4,4,,,bayesian_acbba_topk_001_k4,/home/agxorin/topk_filter_study/simulator/scenarios/final_trial_500.csv,clue_search,completed,,,108,60,48,106,6,3,0,0,454,1358,0,,110,344,222,232,334,232,0.0,4.283018867924528,6.958333333333333,2.1481481481481484,4.833333333333333,2.188679245283019,acbba_entry:232;clue:4;collision_intent:109;state:108;target:1,27,117,0.02358490566037741,89,68.134095,2.298034,21.887209000000002,0.868579,31,46.246885999999996,1.629823
99,dcta_parity_v1,custom,aa0724188407797eae5187348bee11ee9f51317c4e8a201863b052786aa2f1df,823213c90703fd83224ad7122ee730ba64af3769ea517af252103bddd907f681,ACBBA,ideal,1.0,19,361,0.01,4,4,,,bayesian_acbba_topk_001_k4,/home/agxorin/topk_filter_study/simulator/scenarios/final_trial_500.csv,clue_search,completed,,,43,43,0,47,0,0,0,0,88,263,0,,45,43,88,0,0,0,0.0,1.872340425531915,0.0,0.0,0.0,0.0,collision_intent:44;state:43;target:1,11,23,0.015957446808510634,42,1.5012059999999998,0.152332,1.5012059999999998,0.152332,0,0.0,0.0
100,dcta_parity_v1,custom,aa0724188407797eae5187348bee11ee9f51317c4e8a201863b052786aa2f1df,823213c90703fd83224ad7122ee730ba64af3769ea517af252103bddd907f681,ACBBA,ideal,1.0,19,361,0.01,4,4,,,bayesian_acbba_topk_001_k4,/home/agxorin/topk_filter_study/simulator/scenarios/final_trial_500.csv,clue_search,completed,,,21,13,8,25,0,2,0,0,93,276,0,,24,69,49,44,66,44,0.0,3.72,8.25,2.0952380952380953,5.5,1.76,acbba_entry:44;clue:4;collision_intent:23;state:21;target:1,6,26,0.030000000000000027,20,19.076714,2.470208,5.173619,0.686806,8,13.903094999999999,1.801068
101,dcta_parity_v1,custom,aa0724188407797eae5187348bee11ee9f51317c4e8a201863b052786aa2f1df,823213c90703fd83224ad7122ee730ba64af3769ea517af252103bddd907f681,ACBBA,ideal,1.0,19,361,0.01,4,4,,,bayesian_acbba_topk_001_k4,/home/agxorin/topk_filter_study/simulator/scenarios/final_trial_500.csv,clue_search,completed,,,448,104,344,343,109,49,6,4,2478,7430,0,,480,1998,944,1534,2270,1534,0.0,7.224489795918367,6.598837209302325,3.424107142857143,4.459302325581396,4.4723032069970845,acbba_entry:1534;clue:16;collision_intent:479;state:448;target:1,114,625,0.022594752186589018,382,691.456606,30.739047,392.95067300000005,29.991501,280,298.50593299999997,17.422501
102,dcta_parity_v1,custom,aa0724188407797eae5187348bee11ee9f51317c4e8a201863b052786aa2f1df,823213c90703fd83224ad7122ee730ba64af3769ea517af252103bddd907f681,ACBBA,ideal,1.0,19,361,0.01,4,4,,,bayesian_acbba_topk_001_k4,/home/agxorin/topk_filter_study/simulator/scenarios/final_trial_500.csv,clue_search,completed,,,45,45,0,49,0,0,0,0,91,270,0,,46,45,91,0,0,0,0.0,1.8571428571428572,0.0,0.0,0.0,0.0,collision_intent:45;state:45;target:1,12,25,0.015306122448979664,43,1.583867,0.112617,1.583867,0.112617,0,0.0,0.0
103,dcta_parity_v1,custom,aa0724188407797eae5187348bee11ee9f51317c4e8a201863b052786aa2f1df,823213c90703fd83224ad7122ee730ba64af3769ea517af252103bddd907f681,ACBBA,ideal,1.0,19,361,0.01,4,4,,,bayesian_acbba_topk_001_k4,/home/agxorin/topk_filter_study/simulator/scenarios/final_trial_500.csv,clue_search,completed,,,138,61,77,127,15,10,1,1,701,2100,0,,145,556,291,410,578,410,0.0,5.519685039370079,7.5064935064935066,2.971014492753623,5.324675324675325,3.2283464566929134,acbba_entry:410;clue:8;collision_intent:144;state:138;target:1,36,185,0.04527559055118102,124,142.214509,2.424635,47.817652,1.015598,64,94.396857,1.663745
104,dcta_parity_v1,custom,aa0724188407797eae5187348bee11ee9f51317c4e8a201863b052786aa2f1df,823213c90703fd83224ad7122ee730ba64af3769ea517af252103bddd907f681,ACBBA,ideal,1.0,19,361,0.01,4,4,,,bayesian_acbba_topk_001_k4,/home/agxorin/topk_filter_study/simulator/scenarios/final_trial_500.csv,clue_search,completed,,,125,123,2,129,0,0,0,0,265,790,0,,127,138,256,9,19,9,0.0,2.054263565891473,9.5,0.072,4.5,0.06976744186046512,acbba_entry:9;clue:4;collision_intent:126;state:125;target:1,32,69,0.005813953488372103,124,9.754456000000001,2.05555,5.614169,0.676852,3,4.140287,1.473681
105,dcta_parity_v1,custom,aa0724188407797eae5187348bee11ee9f51317c4e8a201863b052786aa2f1df,823213c90703fd83224ad7122ee730ba64af3769ea517af252103bddd907f681,ACBBA,ideal,1.0,19,361,0.01,4,4,,,bayesian_acbba_topk_001_k4,/home/agxorin/topk_filter_study/simulator/scenarios/final_trial_500.csv,clue_search,completed,,,9,9,0,13,0,0,0,0,19,55,0,,10,9,19,0,0,0,0.0,1.4615384615384615,0.0,0.0,0.0,0.0,collision_intent:9;state:9;target:1,3,7,0.05769230769230771,8,0.412701,0.117577,0.412701,0.117577,0,0.0,0.0
106,dcta_parity_v1,custom,aa0724188407797eae5187348bee11ee9f51317c4e8a201863b052786aa2f1df,823213c90703fd83224ad7122ee730ba64af3769ea517af252103bddd907f681,ACBBA,ideal,1.0,19,361,0.01,4,4,,,bayesian_acbba_topk_001_k4,/home/agxorin/topk_filter_study/simulator/scenarios/final_trial_500.csv,clue_search,completed,,,190,0,190,168,26,22,2,2,1427,4279,0,,212,1215,414,1013,1427,1013,0.0,8.494047619047619,7.510526315789473,5.331578947368421,5.331578947368421,6.029761904761905,acbba_entry:1013;clue:12;collision_intent:211;state:190;target:1,51,379,0.06547619047619047,223,583.3729149999999,6.618333,248.413878,3.342241,222,334.959037,5.252084
107,dcta_parity_v1,custom,aa0724188407797eae5187348bee11ee9f51317c4e8a201863b052786aa2f1df,823213c90703fd83224ad7122ee730ba64af3769ea517af252103bddd907f681,ACBBA,ideal,1.0,19,361,0.01,4,4,,,bayesian_acbba_topk_001_k4,/home/agxorin/topk_filter_study/simulator/scenarios/final_trial_500.csv,clue_search,completed,,,54,46,8,58,0,2,0,0,162,482,0,,56,106,114,48,70,48,0.0,2.793103448275862,8.75,0.8888888888888888,6.0,0.8275862068965517,acbba_entry:48;clue:4;collision_intent:55;state:54;target:1,14,42,0.01724137931034475,53,24.765651,3.507661,9.884669,1.91634,9,14.880982,1.904786
108,dcta_parity_v1,custom,aa0724188407797eae5187348bee11ee9f51317c4e8a201863b052786aa2f1df,823213c90703fd83224ad7122ee730ba64af3769ea517af252103bddd907f681,ACBBA,ideal,1.0,19,361,0.01,4,4,,,bayesian_acbba_topk_001_k4,/home/agxorin/topk_filter_study/simulator/scenarios/final_trial_500.csv,clue_search,completed,,,229,189,40,221,12,6,0,0,639,1913,0,,232,407,465,174,261,174,0.0,2.8914027149321266,6.525,0.759825327510917,4.35,0.7873303167420814,acbba_entry:174;clue:4;collision_intent:231;state:229;target:1,58,166,0.012443438914027105,214,67.50467599999999,14.331406,27.062688,1.037104,27,40.441988,13.614519
109,dcta_parity_v1,custom,aa0724188407797eae5187348bee11ee9f51317c4e8a201863b052786aa2f1df,823213c90703fd83224ad7122ee730ba64af3769ea517af252103bddd907f681,ACBBA,ideal,1.0,19,361,0.01,4,4,,,bayesian_acbba_topk_001_k4,/home/agxorin/topk_filter_study/simulator/scenarios/final_trial_500.csv,clue_search,completed,,,57,57,0,61,0,0,0,0,115,342,0,,58,57,115,0,0,0,0.0,1.8852459016393444,0.0,0.0,0.0,0.0,collision_intent:57;state:57;target:1,15,31,0.012295081967213184,55,2.4577869999999997,0.395455,2.4577869999999997,0.395455,0,0.0,0.0
110,dcta_parity_v1,custom,aa0724188407797eae5187348bee11ee9f51317c4e8a201863b052786aa2f1df,823213c90703fd83224ad7122ee730ba64af3769ea517af252103bddd907f681,ACBBA,ideal,1.0,19,361,0.01,4,4,,,bayesian_acbba_topk_001_k4,/home/agxorin/topk_filter_study/simulator/scenarios/final_trial_500.csv,clue_search,completed,,,153,46,107,134,23,10,3,3,825,2471,0,,159,666,320,505,733,505,0.0,6.156716417910448,6.850467289719626,3.3006535947712417,4.719626168224299,3.7686567164179103,acbba_entry:505;clue:8;collision_intent:158;state:153;target:1,39,220,0.09328358208955234,118,168.710506,2.976676,63.246258999999995,1.675008,74,105.464247,1.804266
111,dcta_parity_v1,custom,aa0724188407797eae5187348bee11ee9f51317c4e8a201863b052786aa2f1df,823213c90703fd83224ad7122ee730ba64af3769ea517af252103bddd907f681,ACBBA,ideal,1.0,19,361,0.01,4,4,,,bayesian_acbba_topk_001_k4,/home/agxorin/topk_filter_study/simulator/scenarios/final_trial_500.csv,clue_search,completed,,,154,5,149,133,25,12,1,1,909,2722,0,,167,742,329,580,897,580,0.0,6.834586466165414,6.02013422818792,3.7662337662337664,3.8926174496644297,4.360902255639098,acbba_entry:580;clue:8;collision_intent:166;state:154;target:1,45,236,0.03947368421052633,170,370.626134,2.543395,131.485166,1.167513,164,239.140968,1.826636
112,dcta_parity_v1,custom,aa0724188407797eae5187348bee11ee9f51317c4e8a201863b052786aa2f1df,823213c90703fd83224ad7122ee730ba64af3769ea517af252103bddd907f681,ACBBA,ideal,1.0,19,361,0.01,4,4,,,bayesian_acbba_topk_001_k4,/home/agxorin/topk_filter_study/simulator/scenarios/final_trial_500.csv,clue_search,completed,,,27,0,27,29,2,1,0,0,199,592,0,,28,171,59,140,199,140,0.0,6.862068965517241,7.37037037037037,5.185185185185185,5.185185185185185,4.827586206896552,acbba_entry:140;clue:4;collision_intent:27;state:27;target:1,7,55,0.07758620689655182,20,42.213052000000005,2.48003,11.426987,0.773307,18,30.786065,1.794185
113,dcta_parity_v1,custom,aa0724188407797eae5187348bee11ee9f51317c4e8a201863b052786aa2f1df,823213c90703fd83224ad7122ee730ba64af3769ea517af252103bddd907f681,ACBBA,ideal,1.0,19,361,0.01,4,4,,,bayesian_acbba_topk_001_k4,/home/agxorin/topk_filter_study/simulator/scenarios/final_trial_500.csv,clue_search,completed,,,20,8,12,24,0,3,0,0,120,358,0,,22,98,46,74,104,74,0.0,5.0,8.666666666666666,3.7,6.166666666666667,3.0833333333333335,acbba_entry:74;clue:4;collision_intent:21;state:20;target:1,5,37,0.0,20,30.350961000000005,2.49107,7.8484110000000005,0.693045,13,22.50255,1.798025
114,dcta_parity_v1,custom,aa0724188407797eae5187348bee11ee9f51317c4e8a201863b052786aa2f1df,823213c90703fd83224ad7122ee730ba64af3769ea517af252103bddd907f681,ACBBA,ideal,1.0,19,361,0.01,4,4,,,bayesian_acbba_topk_001_k4,/home/agxorin/topk_filter_study/simulator/scenarios/final_trial_500.csv,clue_search,completed,,,360,168,192,283,81,18,2,2,1593,4777,0,,375,1218,743,850,1257,850,0.0,5.628975265017668,6.546875,2.361111111111111,4.427083333333333,3.0035335689045937,acbba_entry:850;clue:8;collision_intent:374;state:360;target:1,92,403,0.046819787985865835,299,279.07540900000004,18.486946,152.364648,17.660227,133,126.71076099999999,1.223741
115,dcta_parity_v1,custom,aa0724188407797eae5187348bee11ee9f51317c4e8a201863b052786aa2f1df,823213c90703fd83224ad7122ee730ba64af3769ea517af252103bddd907f681,ACBBA,ideal,1.0,19,361,0.01,4,4,,,bayesian_acbba_topk_001_k4,/home/agxorin/topk_filter_study/simulator/scenarios/final_trial_500.csv,clue_search,completed,,,174,23,151,153,25,7,2,2,1036,3106,0,,184,852,366,670,990,670,0.0,6.771241830065359,6.556291390728477,3.8505747126436782,4.437086092715232,4.379084967320262,acbba_entry:670;clue:8;collision_intent:183;state:174;target:1,46,262,0.0702614379084967,124,274.105179,26.583629,92.30796099999998,1.334789,103,181.79721800000002,25.864822
116,dcta_parity_v1,custom,aa0724188407797eae5187348bee11ee9f51317c4e8a201863b052786aa2f1df,823213c90703fd83224ad7122ee730ba64af3769ea517af252103bddd907f681,ACBBA,ideal,1.0,19,361,0.01,4,4,,,bayesian_acbba_topk_001_k4,/home/agxorin/topk_filter_study/simulator/scenarios/final_trial_500.csv,clue_search,completed,,,278,187,91,257,25,5,0,0,976,2926,0,,285,691,571,405,602,405,0.0,3.7976653696498053,6.615384615384615,1.4568345323741008,4.450549450549451,1.575875486381323,acbba_entry:405;clue:8;collision_intent:284;state:278;target:1,70,247,0.04571984435797671,252,194.12620500000003,21.916324,74.74543700000001,17.15433,67,119.38076800000002,21.022272
117,dcta_parity_v1,custom,aa0724188407797eae5187348bee11ee9f51317c4e8a201863b052786aa2f1df,823213c90703fd83224ad7122ee730ba64af3769ea517af252103bddd907f681,ACBBA,ideal,1.0,19,361,0.01,4,4,,,bayesian_acbba_topk_001_k4,/home/agxorin/topk_filter_study/simulator/scenarios/final_trial_500.csv,clue_search,completed,,,186,131,55,183,7,7,0,0,641,1920,0,,192,449,386,255,379,255,0.0,3.5027322404371586,6.890909090909091,1.3709677419354838,4.636363636363637,1.3934426229508197,acbba_entry:255;clue:8;collision_intent:191;state:186;target:1,47,168,0.0095628415300546,179,91.38575300000001,1.934259,33.806762,0.81315,50,57.578990999999995,1.263456
118,dcta_parity_v1,custom,aa0724188407797eae5187348bee11ee9f51317c4e8a201863b052786aa2f1df,823213c90703fd83224ad7122ee730ba64af3769ea517af252103bddd907f681,ACBBA,ideal,1.0,19,361,0.01,4,4,,,bayesian_acbba_topk_001_k4,/home/agxorin/topk_filter_study/simulator/scenarios/final_trial_500.csv,clue_search,completed,,,290,27,263,226,68,26,0,0,1507,4518,0,,316,1191,622,885,1453,885,0.0,6.668141592920354,5.524714828897339,3.0517241379310347,3.365019011406844,3.915929203539823,acbba_entry:885;clue:16;collision_intent:315;state:290;target:1,84,395,0.04424778761061954,326,780.0970070000002,18.201286,288.16201,15.708358,301,491.934997,17.56879
119,dcta_parity_v1,custom,aa0724188407797eae5187348bee11ee9f51317c4e8a201863b052786aa2f1df,823213c90703fd83224ad7122ee730ba64af3769ea517af252103bddd907f681,ACBBA,ideal,1.0,19,361,0.01,4,4,,,bayesian_acbba_topk_001_k4,/home/agxorin/topk_filter_study/simulator/scenarios/final_trial_500.csv,clue_search,completed,,,396,37,359,314,86,27,2,2,2344,7028,0,,416,1928,824,1520,2270,1520,0.0,7.464968152866242,6.323119777158774,3.8383838383838382,4.233983286908078,4.840764331210191,acbba_entry:1520;clue:12;collision_intent:415;state:396;target:1,105,605,0.10350318471337583,321,711.101073,4.166171,391.65581899999995,2.408919,286,319.445254,2.001592
120,dcta_parity_v1,custom,aa0724188407797eae5187348bee11ee9f51317c4e8a201863b052786aa2f1df,823213c90703fd83224ad7122ee730ba64af3769ea517af252103bddd907f681,ACBBA,ideal,1.0,19,361,0.01,4,4,,,bayesian_acbba_topk_001_k4,/home/agxorin/topk_filter_study/simulator/scenarios/final_trial_500.csv,clue_search,completed,,,4,4,0,8,0,0,0,0,9,24,0,,5,4,9,0,0,0,0.0,1.125,0.0,0.0,0.0,0.0,collision_intent:4;state:4;target:1,1,3,0.0,4,0.278516,0.11476,0.278516,0.11476,0,0.0,0.0
121,dcta_parity_v1,custom,aa0724188407797eae5187348bee11ee9f51317c4e8a201863b052786aa2f1df,823213c90703fd83224ad7122ee730ba64af3769ea517af252103bddd907f681,ACBBA,ideal,1.0,19,361,0.01,4,4,,,bayesian_acbba_topk_001_k4,/home/agxorin/topk_filter_study/simulator/scenarios/final_trial_500.csv,clue_search,completed,,,37,37,0,41,0,0,0,0,75,222,0,,38,37,75,0,0,0,0.0,1.829268292682927,0.0,0.0,0.0,0.0,collision_intent:37;state:37;target:1,10,21,0.018292682926829285,35,1.1711300000000002,0.111273,1.1711300000000002,0.111273,0,0.0,0.0
122,dcta_parity_v1,custom,aa0724188407797eae5187348bee11ee9f51317c4e8a201863b052786aa2f1df,823213c90703fd83224ad7122ee730ba64af3769ea517af252103bddd907f681,ACBBA,ideal,1.0,19,361,0.01,4,4,,,bayesian_acbba_topk_001_k4,/home/agxorin/topk_filter_study/simulator/scenarios/final_trial_500.csv,clue_search,completed,,,275,128,147,242,37,18,0,0,1328,3981,0,,288,1040,575,753,1071,753,0.0,5.487603305785124,7.285714285714286,2.7381818181818183,5.122448979591836,3.1115702479338845,acbba_entry:753;clue:12;collision_intent:287;state:275;target:1,70,338,0.037190082644628086,262,279.3286810000001,18.044333,118.355011,1.725794,135,160.97367,17.360665
123,dcta_parity_v1,custom,aa0724188407797eae5187348bee11ee9f51317c4e8a201863b052786aa2f1df,823213c90703fd83224ad7122ee730ba64af3769ea517af252103bddd907f681,ACBBA,ideal,1.0,19,361,0.01,4,4,,,bayesian_acbba_topk_001_k4,/home/agxorin/topk_filter_study/simulator/scenarios/final_trial_500.csv,clue_search,completed,,,201,117,84,188,17,5,0,0,811,2430,0,,208,603,417,394,577,394,0.0,4.3138297872340425,6.869047619047619,1.9601990049751243,4.690476190476191,2.095744680851064,acbba_entry:394;clue:8;collision_intent:207;state:201;target:1,52,206,0.042553191489361764,201,170.548772,2.625157,62.089788,1.527091,86,108.45898400000002,1.732962
124,dcta_parity_v1,custom,aa0724188407797eae5187348bee11ee9f51317c4e8a201863b052786aa2f1df,823213c90703fd83224ad7122ee730ba64af3769ea517af252103bddd907f681,ACBBA,ideal,1.0,19,361,0.01,4,4,,,bayesian_acbba_topk_001_k4,/home/agxorin/topk_filter_study/simulator/scenarios/final_trial_500.csv,clue_search,completed,,,160,16,144,122,42,13,3,3,943,2826,0,,174,769,342,601,911,601,0.0,7.729508196721311,6.326388888888889,3.75625,4.173611111111111,4.926229508196721,acbba_entry:601;clue:8;collision_intent:173;state:160;target:1,42,242,0.13114754098360648,127,318.78565199999997,18.618132,108.75347199999999,17.038814,113,210.03218,17.613353
125,dcta_parity_v1,custom,aa0724188407797eae5187348bee11ee9f51317c4e8a201863b052786aa2f1df,823213c90703fd83224ad7122ee730ba64af3769ea517af252103bddd907f681,ACBBA,ideal,1.0,19,361,0.01,4,4,,,bayesian_acbba_topk_001_k4,/home/agxorin/topk_filter_study/simulator/scenarios/final_trial_500.csv,clue_search,completed,,,29,1,28,29,4,6,2,2,197,588,0,,33,164,66,131,192,131,0.0,6.793103448275862,6.857142857142857,4.517241379310345,4.678571428571429,4.517241379310345,acbba_entry:131;clue:4;collision_intent:32;state:29;target:1,8,51,0.09482758620689657,22,43.003948,2.514684,11.773837,0.726838,18,31.230111,1.809255
126,dcta_parity_v1,custom,aa0724188407797eae5187348bee11ee9f51317c4e8a201863b052786aa2f1df,823213c90703fd83224ad7122ee730ba64af3769ea517af252103bddd907f681,ACBBA,ideal,1.0,19,361,0.01,4,4,,,bayesian_acbba_topk_001_k4,/home/agxorin/topk_filter_study/simulator/scenarios/final_trial_500.csv,clue_search,completed,,,350,127,223,276,78,25,5,4,1640,4917,0,,371,1269,737,903,1386,903,0.0,5.942028985507246,6.2152466367713,2.58,4.04932735426009,3.2717391304347827,acbba_entry:903;clue:16;collision_intent:370;state:350;target:1,89,415,0.04347826086956519,280,356.569548,18.158123,196.20837800000004,17.163425,155,160.36117000000002,1.379527
127,dcta_parity_v1,custom,aa0724188407797eae5187348bee11ee9f51317c4e8a201863b052786aa2f1df,823213c90703fd83224ad7122ee730ba64af3769ea517af252103bddd907f681,ACBBA,ideal,1.0,19,361,0.01,4,4,,,bayesian_acbba_topk_001_k4,/home/agxorin/topk_filter_study/simulator/scenarios/final_trial_500.csv,clue_search,completed,,,148,144,4,152,0,0,0,0,320,957,0,,149,171,301,19,32,19,0.0,2.1052631578947367,8.0,0.12837837837837837,4.75,0.125,acbba_entry:19;clue:4;collision_intent:148;state:148;target:1,37,82,0.0,146,24.288149,12.468802,19.328644,12.468802,4,4.959505,1.289664
128,dcta_parity_v1,custom,aa0724188407797eae5187348bee11ee9f51317c4e8a201863b052786aa2f1df,823213c90703fd83224ad7122ee730ba64af3769ea517af252103bddd907f681,ACBBA,ideal,1.0,19,361,0.01,4,4,,,bayesian_acbba_topk_001_k4,/home/agxorin/topk_filter_study/simulator/scenarios/final_trial_500.csv,clue_search,completed,,,17,17,0,21,0,0,0,0,35,102,0,,18,17,35,0,0,0,0.0,1.6666666666666667,0.0,0.0,0.0,0.0,collision_intent:17;state:17;target:1,5,11,0.03571428571428581,15,0.6317269999999999,0.120137,0.6317269999999999,0.120137,0,0.0,0.0
129,dcta_parity_v1,custom,aa0724188407797eae5187348bee11ee9f51317c4e8a201863b052786aa2f1df,823213c90703fd83224ad7122ee730ba64af3769ea517af252103bddd907f681,ACBBA,ideal,1.0,19,361,0.01,4,4,,,bayesian_acbba_topk_001_k4,/home/agxorin/topk_filter_study/simulator/scenarios/final_trial_500.csv,clue_search,completed,,,180,134,46,175,9,10,0,0,640,1918,0,,187,453,379,261,371,261,0.0,3.657142857142857,8.065217391304348,1.45,5.673913043478261,1.4914285714285713,acbba_entry:261;clue:12;collision_intent:186;state:180;target:1,46,165,0.030000000000000027,181,87.506077,1.96341,31.607667999999997,0.801851,48,55.898409,1.270847
130,dcta_parity_v1,custom,aa0724188407797eae5187348bee11ee9f51317c4e8a201863b052786aa2f1df,823213c90703fd83224ad7122ee730ba64af3769ea517af252103bddd907f681,ACBBA,ideal,1.0,19,361,0.01,4,4,,,bayesian_acbba_topk_001_k4,/home/agxorin/topk_filter_study/simulator/scenarios/final_trial_500.csv,clue_search,completed,,,138,35,103,125,17,14,1,1,844,2529,0,,152,692,302,542,774,542,0.0,6.752,7.514563106796117,3.927536231884058,5.262135922330097,4.336,acbba_entry:542;clue:12;collision_intent:151;state:138;target:1,36,226,0.026000000000000023,140,241.361541,2.474424,81.210112,1.095954,107,160.15142899999998,1.708223
131,dcta_parity_v1,custom,aa0724188407797eae5187348bee11ee9f51317c4e8a201863b052786aa2f1df,823213c90703fd83224ad7122ee730ba64af3769ea517af252103bddd907f681,ACBBA,ideal,1.0,19,361,0.01,4,4,,,bayesian_acbba_topk_001_k4,/home/agxorin/topk_filter_study/simulator/scenarios/final_trial_500.csv,clue_search,completed,,,129,75,54,122,11,5,0,0,517,1546,0,,135,382,272,245,367,245,0.0,4.237704918032787,6.796296296296297,1.8992248062015504,4.537037037037037,2.0081967213114753,acbba_entry:245;clue:8;collision_intent:134;state:129;target:1,34,134,0.024590163934426146,118,95.23243300000001,2.260329,29.185377,0.846368,45,66.047056,1.58143
132,dcta_parity_v1,custom,aa0724188407797eae5187348bee11ee9f51317c4e8a201863b052786aa2f1df,823213c90703fd83224ad7122ee730ba64af3769ea517af252103bddd907f681,ACBBA,ideal,1.0,19,361,0.01,4,4,,,bayesian_acbba_topk_001_k4,/home/agxorin/topk_filter_study/simulator/scenarios/final_trial_500.csv,clue_search,completed,,,210,120,90,189,25,7,0,0,791,2369,0,,217,574,435,356,551,356,0.0,4.185185185185185,6.122222222222222,1.6952380952380952,3.9555555555555557,1.8835978835978835,acbba_entry:356;clue:8;collision_intent:216;state:210;target:1,54,207,0.022486772486772555,170,104.378566,2.17965,40.467139,1.007372,52,63.911427,1.397896
133,dcta_parity_v1,custom,aa0724188407797eae5187348bee11ee9f51317c4e8a201863b052786aa2f1df,823213c90703fd83224ad7122ee730ba64af3769ea517af252103bddd907f681,ACBBA,ideal,1.0,19,361,0.01,4,4,,,bayesian_acbba_topk_001_k4,/home/agxorin/topk_filter_study/simulator/scenarios/final_trial_500.csv,clue_search,completed,,,213,38,175,185,32,23,2,2,1222,3664,0,,230,992,455,767,1146,767,0.0,6.605405405405405,6.548571428571429,3.60093896713615,4.382857142857143,4.145945945945946,acbba_entry:767;clue:12;collision_intent:229;state:213;target:1,56,310,0.07162162162162167,188,326.64275000000004,2.438677,129.407586,1.331906,152,197.235164,1.656507
134,dcta_parity_v1,custom,aa0724188407797eae5187348bee11ee9f51317c4e8a201863b052786aa2f1df,823213c90703fd83224ad7122ee730ba64af3769ea517af252103bddd907f681,ACBBA,ideal,1.0,19,361,0.01,4,4,,,bayesian_acbba_topk_001_k4,/home/agxorin/topk_filter_study/simulator/scenarios/final_trial_500.csv,clue_search,completed,,,15,15,0,19,0,0,0,0,32,94,0,,17,15,32,0,0,0,0.0,1.6842105263157894,0.0,0.0,0.0,0.0,collision_intent:16;state:15;target:1,4,9,0.03947368421052633,14,0.592557,0.118377,0.592557,0.118377,0,0.0,0.0
135,dcta_parity_v1,custom,aa0724188407797eae5187348bee11ee9f51317c4e8a201863b052786aa2f1df,823213c90703fd83224ad7122ee730ba64af3769ea517af252103bddd907f681,ACBBA,ideal,1.0,19,361,0.01,4,4,,,bayesian_acbba_topk_001_k4,/home/agxorin/topk_filter_study/simulator/scenarios/final_trial_500.csv,clue_search,completed,,,205,143,62,195,14,6,1,1,801,2398,0,,211,590,420,381,515,381,0.0,4.107692307692307,8.306451612903226,1.8585365853658538,6.145161290322581,1.9538461538461538,acbba_entry:381;clue:4;collision_intent:210;state:205;target:1,53,204,0.026923076923076827,202,113.013389,2.003892,44.770351000000005,0.972104,61,68.243038,1.249437
136,dcta_parity_v1,custom,aa0724188407797eae5187348bee11ee9f51317c4e8a201863b052786aa2f1df,823213c90703fd83224ad7122ee730ba64af3769ea517af252103bddd907f681,ACBBA,ideal,1.0,19,361,0.01,4,4,,,bayesian_acbba_topk_001_k4,/home/agxorin/topk_filter_study/simulator/scenarios/final_trial_500.csv,clue_search,completed,,,180,74,106,166,18,14,0,0,962,2882,0,,188,774,372,590,813,590,0.0,5.795180722891566,7.669811320754717,3.2777777777777777,5.566037735849057,3.5542168674698793,acbba_entry:590;clue:4;collision_intent:187;state:180;target:1,47,246,0.054216867469879526,178,236.72453099999998,2.933145,93.185743,1.311457,105,143.53878799999995,1.811654
137,dcta_parity_v1,custom,aa0724188407797eae5187348bee11ee9f51317c4e8a201863b052786aa2f1df,823213c90703fd83224ad7122ee730ba64af3769ea517af252103bddd907f681,ACBBA,ideal,1.0,19,361,0.01,4,4,,,bayesian_acbba_topk_001_k4,/home/agxorin/topk_filter_study/simulator/scenarios/final_trial_500.csv,clue_search,completed,,,66,6,60,61,9,6,2,2,461,1382,0,,72,389,142,319,449,319,0.0,7.557377049180328,7.483333333333333,4.833333333333333,5.316666666666666,5.229508196721311,acbba_entry:319;clue:4;collision_intent:71;state:66;target:1,17,118,0.061475409836065475,51,106.30708,2.572926,31.740612,0.987657,45,74.566468,1.795972
138,dcta_parity_v1,custom,aa0724188407797eae5187348bee11ee9f51317c4e8a201863b052786aa2f1df,823213c90703fd83224ad7122ee730ba64af3769ea517af252103bddd907f681,ACBBA,ideal,1.0,19,361,0.01,4,4,,,bayesian_acbba_topk_001_k4,/home/agxorin/topk_filter_study/simulator/scenarios/final_trial_500.csv,clue_search,completed,,,57,25,32,59,2,6,0,0,299,893,0,,60,239,121,178,248,178,0.0,5.067796610169491,7.75,3.1228070175438596,5.5625,3.016949152542373,acbba_entry:178;clue:4;collision_intent:59;state:57;target:1,15,82,0.03813559322033888,51,60.926576999999995,2.365871,16.734321,0.713013,27,44.19225599999999,1.752898
139,dcta_parity_v1,custom,aa0724188407797eae5187348bee11ee9f51317c4e8a201863b052786aa2f1df,823213c90703fd83224ad7122ee730ba64af3769ea517af252103bddd907f681,ACBBA,ideal,1.0,19,361,0.01,4,4,,,bayesian_acbba_topk_001_k4,/home/agxorin/topk_filter_study/simulator/scenarios/final_trial_500.csv,clue_search,completed,,,82,46,36,85,1,2,0,0,307,920,0,,84,223,170,137,214,137,0.0,3.611764705882353,5.944444444444445,1.670731707317073,3.8055555555555554,1.611764705882353,acbba_entry:137;clue:4;collision_intent:83;state:82;target:1,21,79,0.020588235294117574,66,45.608387,2.280232,14.138319999999998,0.752214,21,31.470067,1.619191
140,dcta_parity_v1,custom,aa0724188407797eae5187348bee11ee9f51317c4e8a201863b052786aa2f1df,823213c90703fd83224ad7122ee730ba64af3769ea517af252103bddd907f681,ACBBA,ideal,1.0,19,361,0.01,4,4,,,bayesian_acbba_topk_001_k4,/home/agxorin/topk_filter_study/simulator/scenarios/final_trial_500.csv,clue_search,completed,,,171,171,0,175,0,0,0,0,343,1027,0,,172,171,343,0,0,0,0.0,1.96,0.0,0.0,0.0,0.0,collision_intent:171;state:171;target:1,43,87,0.004285714285714226,169,5.197015,0.116776,5.197015,0.116776,0,0.0,0.0
141,dcta_parity_v1,custom,aa0724188407797eae5187348bee11ee9f51317c4e8a201863b052786aa2f1df,823213c90703fd83224ad7122ee730ba64af3769ea517af252103bddd907f681,ACBBA,ideal,1.0,19,361,0.01,4,4,,,bayesian_acbba_topk_001_k4,/home/agxorin/topk_filter_study/simulator/scenarios/final_trial_500.csv,clue_search,completed,,,87,87,0,91,0,0,0,0,175,522,0,,88,87,175,0,0,0,0.0,1.9230769230769231,0.0,0.0,0.0,0.0,collision_intent:87;state:87;target:1,22,45,0.008241758241758212,85,2.6263989999999997,0.112425,2.6263989999999997,0.112425,0,0.0,0.0
142,dcta_parity_v1,custom,aa0724188407797eae5187348bee11ee9f51317c4e8a201863b052786aa2f1df,823213c90703fd83224ad7122ee730ba64af3769ea517af252103bddd907f681,ACBBA,ideal,1.0,19,361,0.01,4,4,,,bayesian_acbba_topk_001_k4,/home/agxorin/topk_filter_study/simulator/scenarios/final_trial_500.csv,clue_search,completed,,,315,113,202,252,67,20,2,2,1416,4244,0,,332,1084,659,757,1190,757,0.0,5.619047619047619,5.891089108910891,2.403174603174603,3.7475247524752477,3.003968253968254,acbba_entry:757;clue:12;collision_intent:331;state:315;target:1,84,361,0.017857142857142794,289,374.83494799999994,18.314818,170.82880799999998,17.312697,178,204.00613999999996,16.208455
143,dcta_parity_v1,custom,aa0724188407797eae5187348bee11ee9f51317c4e8a201863b052786aa2f1df,823213c90703fd83224ad7122ee730ba64af3769ea517af252103bddd907f681,ACBBA,ideal,1.0,19,361,0.01,4,4,,,bayesian_acbba_topk_001_k4,/home/agxorin/topk_filter_study/simulator/scenarios/final_trial_500.csv,clue_search,completed,,,385,31,354,293,96,29,2,2,2113,6338,0,,411,1702,812,1301,2050,1301,0.0,7.21160409556314,5.790960451977401,3.379220779220779,3.675141242937853,4.440273037542662,acbba_entry:1301;clue:16;collision_intent:410;state:385;target:1,101,543,0.08105802047781574,325,685.1445929999999,18.700219,340.8592030000001,17.377338,295,344.28539,2.351309
144,dcta_parity_v1,custom,aa0724188407797eae5187348bee11ee9f51317c4e8a201863b052786aa2f1df,823213c90703fd83224ad7122ee730ba64af3769ea517af252103bddd907f681,ACBBA,ideal,1.0,19,361,0.01,4,4,,,bayesian_acbba_topk_001_k4,/home/agxorin/topk_filter_study/simulator/scenarios/final_trial_500.csv,clue_search,completed,,,113,97,16,117,0,2,0,0,293,875,0,,115,178,232,61,99,61,0.0,2.5042735042735043,6.1875,0.5398230088495575,3.8125,0.5213675213675214,acbba_entry:61;clue:4;collision_intent:114;state:113;target:1,29,77,0.014957264957264904,113,37.531188,2.177631,11.541703,0.690994,18,25.989485000000002,1.527472
145,dcta_parity_v1,custom,aa0724188407797eae5187348bee11ee9f51317c4e8a201863b052786aa2f1df,823213c90703fd83224ad7122ee730ba64af3769ea517af252103bddd907f681,ACBBA,ideal,1.0,19,361,0.01,4,4,,,bayesian_acbba_topk_001_k4,/home/agxorin/topk_filter_study/simulator/scenarios/final_trial_500.csv,clue_search,completed,,,47,47,0,51,0,0,0,0,95,281,0,,48,47,95,0,0,0,0.0,1.8627450980392157,0.0,0.0,0.0,0.0,collision_intent:47;state:47;target:1,12,25,0.014705882352941124,45,1.6106429999999998,0.1154,1.6106429999999998,0.1154,0,0.0,0.0
146,dcta_parity_v1,custom,aa0724188407797eae5187348bee11ee9f51317c4e8a201863b052786aa2f1df,823213c90703fd83224ad7122ee730ba64af3769ea517af252103bddd907f681,ACBBA,ideal,1.0,19,361,0.01,4,4,,,bayesian_acbba_topk_001_k4,/home/agxorin/topk_filter_study/simulator/scenarios/final_trial_500.csv,clue_search,completed,,,120,82,38,115,9,7,0,0,375,1121,0,,124,251,252,123,210,123,0.0,3.260869565217391,5.526315789473684,1.025,3.236842105263158,1.0695652173913044,acbba_entry:123;clue:8;collision_intent:123;state:120;target:1,34,100,0.05434782608695654,140,152.18789500000003,37.99785,29.588056,0.758808,59,122.59983899999999,37.514551
147,dcta_parity_v1,custom,aa0724188407797eae5187348bee11ee9f51317c4e8a201863b052786aa2f1df,823213c90703fd83224ad7122ee730ba64af3769ea517af252103bddd907f681,ACBBA,ideal,1.0,19,361,0.01,4,4,,,bayesian_acbba_topk_001_k4,/home/agxorin/topk_filter_study/simulator/scenarios/final_trial_500.csv,clue_search,completed,,,130,63,67,120,14,5,0,0,578,1730,0,,134,444,268,310,452,310,0.0,4.816666666666666,6.746268656716418,2.3846153846153846,4.626865671641791,2.5833333333333335,acbba_entry:310;clue:4;collision_intent:133;state:130;target:1,33,148,0.029166666666666563,113,210.498616,58.505323,37.02714900000001,0.904418,52,173.471467,57.779734
148,dcta_parity_v1,custom,aa0724188407797eae5187348bee11ee9f51317c4e8a201863b052786aa2f1df,823213c90703fd83224ad7122ee730ba64af3769ea517af252103bddd907f681,ACBBA,ideal,1.0,19,361,0.01,4,4,,,bayesian_acbba_topk_001_k4,/home/agxorin/topk_filter_study/simulator/scenarios/final_trial_500.csv,clue_search,completed,,,50,48,2,54,0,0,0,0,117,349,0,,52,65,106,11,21,11,0.0,2.1666666666666665,10.5,0.22,5.5,0.2037037037037037,acbba_entry:11;clue:4;collision_intent:51;state:50;target:1,13,32,0.0185185185185186,49,8.195892,2.353291,3.237194,0.673489,3,4.958698,1.679802
149,dcta_parity_v1,custom,aa0724188407797eae5187348bee11ee9f51317c4e8a201863b052786aa2f1df,823213c90703fd83224ad7122ee730ba64af3769ea517af252103bddd907f681,ACBBA,ideal,1.0,19,361,0.01,4,4,,,bayesian_acbba_topk_001_k4,/home/agxorin/topk_filter_study/simulator/scenarios/final_trial_500.csv,clue_search,completed,,,229,0,229,181,52,15,7,6,1212,3634,0,,247,965,484,728,1212,728,0.0,6.696132596685083,5.292576419213974,3.1790393013100435,3.1790393013100435,4.0220994475138125,acbba_entry:728;clue:8;collision_intent:246;state:229;target:1,62,314,0.056629834254143585,156,409.918109,18.416796,167.513542,17.10102,155,242.40456700000001,17.339373
150,dcta_parity_v1,custom,aa0724188407797eae5187348bee11ee9f51317c4e8a201863b052786aa2f1df,823213c90703fd83224ad7122ee730ba64af3769ea517af252103bddd907f681,ACBBA,ideal,1.0,19,361,0.01,4,4,,,bayesian_acbba_topk_001_k4,/home/agxorin/topk_filter_study/simulator/scenarios/final_trial_500.csv,clue_search,completed,,,1,1,0,5,0,0,0,0,5,11,0,,4,1,5,0,0,0,0.0,1.0,0.0,0.0,0.0,0.0,collision_intent:3;state:1;target:1,1,3,0.1499999999999999,3,0.231153,0.105064,0.231153,0.105064,0,0.0,0.0
151,dcta_parity_v1,custom,aa0724188407797eae5187348bee11ee9f51317c4e8a201863b052786aa2f1df,823213c90703fd83224ad7122ee730ba64af3769ea517af252103bddd907f681,ACBBA,ideal,1.0,19,361,0.01,4,4,,,bayesian_acbba_topk_001_k4,/home/agxorin/topk_filter_study/simulator/scenarios/final_trial_500.csv,clue_search,completed,,,78,40,38,77,5,6,1,1,397,1189,0,,85,312,175,222,317,222,0.0,5.1558441558441555,8.342105263157896,2.8461538461538463,5.842105263157895,2.883116883116883,acbba_entry:222;clue:12;collision_intent:84;state:78;target:1,21,104,0.06168831168831179,79,92.52060200000001,2.744999,26.433472000000002,1.149908,41,66.08713,1.788098
152,dcta_parity_v1,custom,aa0724188407797eae5187348bee11ee9f51317c4e8a201863b052786aa2f1df,823213c90703fd83224ad7122ee730ba64af3769ea517af252103bddd907f681,ACBBA,ideal,1.0,19,361,0.01,4,4,,,bayesian_acbba_topk_001_k4,/home/agxorin/topk_filter_study/simulator/scenarios/final_trial_500.csv,clue_search,completed,,,99,99,0,103,0,0,0,0,199,595,0,,100,99,199,0,0,0,0.0,1.9320388349514563,0.0,0.0,0.0,0.0,collision_intent:99;state:99;target:1,25,51,0.00728155339805836,97,2.9021609999999995,0.109352,2.9021609999999995,0.109352,0,0.0,0.0
153,dcta_parity_v1,custom,aa0724188407797eae5187348bee11ee9f51317c4e8a201863b052786aa2f1df,823213c90703fd83224ad7122ee730ba64af3769ea517af252103bddd907f681,ACBBA,ideal,1.0,19,361,0.01,4,4,,,bayesian_acbba_topk_001_k4,/home/agxorin/topk_filter_study/simulator/scenarios/final_trial_500.csv,clue_search,completed,,,385,138,247,274,115,27,2,2,1709,5123,0,,398,1311,795,914,1432,914,0.0,6.237226277372263,5.797570850202429,2.374025974025974,3.700404858299595,3.335766423357664,acbba_entry:914;clue:12;collision_intent:397;state:385;target:1,98,430,0.02372262773722622,295,346.74123099999997,18.217318,163.37617899999998,16.096656,158,183.36505200000002,17.025904
154,dcta_parity_v1,custom,aa0724188407797eae5187348bee11ee9f51317c4e8a201863b052786aa2f1df,823213c90703fd83224ad7122ee730ba64af3769ea517af252103bddd907f681,ACBBA,ideal,1.0,19,361,0.01,4,4,,,bayesian_acbba_topk_001_k4,/home/agxorin/topk_filter_study/simulator/scenarios/final_trial_500.csv,clue_search,completed,,,133,120,13,134,3,1,0,0,337,1006,0,,134,203,271,66,97,66,0.0,2.514925373134328,7.461538461538462,0.49624060150375937,5.076923076923077,0.4925373134328358,acbba_entry:66;clue:4;collision_intent:133;state:133;target:1,34,90,0.00746268656716409,128,23.579056,2.341834,9.906098,0.693139,10,13.672958,1.672762
155,dcta_parity_v1,custom,aa0724188407797eae5187348bee11ee9f51317c4e8a201863b052786aa2f1df,823213c90703fd83224ad7122ee730ba64af3769ea517af252103bddd907f681,ACBBA,ideal,1.0,19,361,0.01,4,4,,,bayesian_acbba_topk_001_k4,/home/agxorin/topk_filter_study/simulator/scenarios/final_trial_500.csv,clue_search,completed,,,7,7,0,11,0,0,0,0,16,45,0,,9,7,16,0,0,0,0.0,1.4545454545454546,0.0,0.0,0.0,0.0,collision_intent:8;state:7;target:1,2,5,0.06818181818181812,7,0.379547,0.113416,0.379547,0.113416,0,0.0,0.0
156,dcta_parity_v1,custom,aa0724188407797eae5187348bee11ee9f51317c4e8a201863b052786aa2f1df,823213c90703fd83224ad7122ee730ba64af3769ea517af252103bddd907f681,ACBBA,ideal,1.0,19,361,0.01,4,4,,,bayesian_acbba_topk_001_k4,/home/agxorin/topk_filter_study/simulator/scenarios/final_trial_500.csv,clue_search,completed,,,297,69,228,258,43,16,3,3,1732,5193,0,,317,1415,622,1110,1593,1110,0.0,6.713178294573644,6.9868421052631575,3.7373737373737375,4.868421052631579,4.3023255813953485,acbba_entry:1110;clue:8;collision_intent:316;state:297;target:1,80,451,0.04651162790697683,286,544.912113,18.618945,275.753682,17.439916,218,269.158431,17.319298
157,dcta_parity_v1,custom,aa0724188407797eae5187348bee11ee9f51317c4e8a201863b052786aa2f1df,823213c90703fd83224ad7122ee730ba64af3769ea517af252103bddd907f681,ACBBA,ideal,1.0,19,361,0.01,4,4,,,bayesian_acbba_topk_001_k4,/home/agxorin/topk_filter_study/simulator/scenarios/final_trial_500.csv,clue_search,completed,,,19,0,19,22,1,6,2,1,181,541,0,,24,157,51,130,181,130,0.0,8.227272727272727,9.526315789473685,6.842105263157895,6.842105263157895,5.909090909090909,acbba_entry:130;clue:8;collision_intent:23;state:19;target:1,5,49,0.045454545454545414,19,67.24858900000001,25.737694,10.62192,0.680818,19,56.626669,25.171541
158,dcta_parity_v1,custom,aa0724188407797eae5187348bee11ee9f51317c4e8a201863b052786aa2f1df,823213c90703fd83224ad7122ee730ba64af3769ea517af252103bddd907f681,ACBBA,ideal,1.0,19,361,0.01,4,4,,,bayesian_acbba_topk_001_k4,/home/agxorin/topk_filter_study/simulator/scenarios/final_trial_500.csv,clue_search,completed,,,95,3,92,83,16,8,0,0,666,1996,0,,99,567,198,468,659,468,0.0,8.024096385542169,7.163043478260869,4.926315789473684,5.086956521739131,5.63855421686747,acbba_entry:468;clue:4;collision_intent:98;state:95;target:1,24,168,0.10542168674698793,66,148.074189,2.6119,47.822491,1.11688,62,100.251698,1.826019
159,dcta_parity_v1,custom,aa0724188407797eae5187348bee11ee9f51317c4e8a201863b052786aa2f1df,823213c90703fd83224ad7122ee730ba64af3769ea517af252103bddd907f681,ACBBA,ideal,1.0,19,361,0.01,4,4,,,bayesian_acbba_topk_001_k4,/home/agxorin/topk_filter_study/simulator/scenarios/final_trial_500.csv,clue_search,completed,,,36,36,0,40,0,0,0,0,73,216,0,,37,36,73,0,0,0,0.0,1.825,0.0,0.0,0.0,0.0,collision_intent:36;state:36;target:1,9,19,0.0,34,1.214551,0.174125,1.214551,0.174125,0,0.0,0.0
160,dcta_parity_v1,custom,aa0724188407797eae5187348bee11ee9f51317c4e8a201863b052786aa2f1df,823213c90703fd83224ad7122ee730ba64af3769ea517af252103bddd907f681,ACBBA,ideal,1.0,19,361,0.01,4,4,,,bayesian_acbba_topk_001_k4,/home/agxorin/topk_filter_study/simulator/scenarios/final_trial_500.csv,clue_search,completed,,,418,108,310,317,105,59,6,4,2300,6896,0,,449,1851,883,1417,2084,1417,0.0,7.255520504731861,6.72258064516129,3.389952153110048,4.570967741935484,4.470031545741325,acbba_entry:1417;clue:16;collision_intent:448;state:418;target:1,107,592,0.03391167192429023,386,633.5532780000001,18.157752,339.40713999999997,1.913353,280,294.14613799999995,17.278041
161,dcta_parity_v1,custom,aa0724188407797eae5187348bee11ee9f51317c4e8a201863b052786aa2f1df,823213c90703fd83224ad7122ee730ba64af3769ea517af252103bddd907f681,ACBBA,ideal,1.0,19,361,0.01,4,4,,,bayesian_acbba_topk_001_k4,/home/agxorin/topk_filter_study/simulator/scenarios/final_trial_500.csv,clue_search,completed,,,24,24,0,28,0,0,0,0,49,142,0,,25,24,49,0,0,0,0.0,1.75,0.0,0.0,0.0,0.0,collision_intent:24;state:24;target:1,6,13,0.0,22,0.8871,0.121705,0.8871,0.121705,0,0.0,0.0
162,dcta_parity_v1,custom,aa0724188407797eae5187348bee11ee9f51317c4e8a201863b052786aa2f1df,823213c90703fd83224ad7122ee730ba64af3769ea517af252103bddd907f681,ACBBA,ideal,1.0,19,361,0.01,4,4,,,bayesian_acbba_topk_001_k4,/home/agxorin/topk_filter_study/simulator/scenarios/final_trial_500.csv,clue_search,completed,,,66,7,59,59,11,8,1,1,419,1254,0,,73,346,147,272,404,272,0.0,7.101694915254237,6.8474576271186445,4.121212121212121,4.610169491525424,4.610169491525424,acbba_entry:272;clue:8;collision_intent:72;state:66;target:1,17,108,0.10593220338983045,59,118.61739100000001,2.477201,33.300976,0.880991,52,85.316415,1.768383
163,dcta_parity_v1,custom,aa0724188407797eae5187348bee11ee9f51317c4e8a201863b052786aa2f1df,823213c90703fd83224ad7122ee730ba64af3769ea517af252103bddd907f681,ACBBA,ideal,1.0,19,361,0.01,4,4,,,bayesian_acbba_topk_001_k4,/home/agxorin/topk_filter_study/simulator/scenarios/final_trial_500.csv,clue_search,completed,,,392,151,241,296,100,30,7,6,1809,5423,0,,413,1396,813,996,1507,996,0.0,6.111486486486487,6.253112033195021,2.5408163265306123,4.132780082987552,3.364864864864865,acbba_entry:996;clue:8;collision_intent:412;state:392;target:1,101,456,0.11993243243243246,321,338.74555599999997,2.52354,184.108967,1.769054,172,154.63658900000001,1.208182
164,dcta_parity_v1,custom,aa0724188407797eae5187348bee11ee9f51317c4e8a201863b052786aa2f1df,823213c90703fd83224ad7122ee730ba64af3769ea517af252103bddd907f681,ACBBA,ideal,1.0,19,361,0.01,4,4,,,bayesian_acbba_topk_001_k4,/home/agxorin/topk_filter_study/simulator/scenarios/final_trial_500.csv,clue_search,completed,,,419,86,333,302,121,36,4,4,2094,6278,0,,458,1636,889,1205,1921,1205,0.0,6.933774834437086,5.768768768768769,2.875894988066826,3.6186186186186187,3.9900662251655628,acbba_entry:1205;clue:12;collision_intent:457;state:419;target:1,112,548,0.07450331125827825,418,843.7358600000002,29.93647,421.59547999999995,21.422676,333,422.14038000000005,29.53737
165,dcta_parity_v1,custom,aa0724188407797eae5187348bee11ee9f51317c4e8a201863b052786aa2f1df,823213c90703fd83224ad7122ee730ba64af3769ea517af252103bddd907f681,ACBBA,ideal,1.0,19,361,0.01,4,4,,,bayesian_acbba_topk_001_k4,/home/agxorin/topk_filter_study/simulator/scenarios/final_trial_500.csv,clue_search,completed,,,291,96,195,219,76,17,5,4,1375,4120,0,,308,1067,607,768,1183,768,0.0,6.2785388127853885,6.066666666666666,2.6391752577319587,3.9384615384615387,3.506849315068493,acbba_entry:768;clue:8;collision_intent:307;state:291;target:1,78,355,0.04908675799086759,269,408.72638000000006,18.323156,182.70914800000003,16.087253,175,226.01723199999998,17.5992
166,dcta_parity_v1,custom,aa0724188407797eae5187348bee11ee9f51317c4e8a201863b052786aa2f1df,823213c90703fd83224ad7122ee730ba64af3769ea517af252103bddd907f681,ACBBA,ideal,1.0,19,361,0.01,4,4,,,bayesian_acbba_topk_001_k4,/home/agxorin/topk_filter_study/simulator/scenarios/final_trial_500.csv,clue_search,completed,,,380,26,354,299,85,45,3,3,2129,6384,0,,407,1722,803,1326,2077,1326,0.0,7.120401337792642,5.867231638418079,3.4894736842105263,3.7457627118644066,4.434782608695652,acbba_entry:1326;clue:16;collision_intent:406;state:380;target:1,100,545,0.056020066889632014,290,811.704747,46.521564,369.72551000000004,20.860004,266,441.979237,45.748037
167,dcta_parity_v1,custom,aa0724188407797eae5187348bee11ee9f51317c4e8a201863b052786aa2f1df,823213c90703fd83224ad7122ee730ba64af3769ea517af252103bddd907f681,ACBBA,ideal,1.0,19,361,0.01,4,4,,,bayesian_acbba_topk_001_k4,/home/agxorin/topk_filter_study/simulator/scenarios/final_trial_500.csv,clue_search,completed,,,159,26,133,135,28,21,5,5,891,2670,0,,176,715,343,548,839,548,0.0,6.6,6.30827067669173,3.4465408805031448,4.120300751879699,4.059259259259259,acbba_entry:548;clue:8;collision_intent:175;state:159;target:1,42,235,0.03518518518518521,128,299.275133,18.519032,106.52964,17.0941,104,192.74549299999998,17.521969
168,dcta_parity_v1,custom,aa0724188407797eae5187348bee11ee9f51317c4e8a201863b052786aa2f1df,823213c90703fd83224ad7122ee730ba64af3769ea517af252103bddd907f681,ACBBA,ideal,1.0,19,361,0.01,4,4,,,bayesian_acbba_topk_001_k4,/home/agxorin/topk_filter_study/simulator/scenarios/final_trial_500.csv,clue_search,completed,,,106,9,97,86,24,16,2,2,721,2159,0,,114,607,224,497,702,497,0.0,8.383720930232558,7.237113402061856,4.688679245283019,5.123711340206185,5.77906976744186,acbba_entry:497;clue:4;collision_intent:113;state:106;target:1,28,184,0.08720930232558133,79,165.676016,2.688028,53.499888,1.128622,70,112.17612799999999,1.780765
169,dcta_parity_v1,custom,aa0724188407797eae5187348bee11ee9f51317c4e8a201863b052786aa2f1df,823213c90703fd83224ad7122ee730ba64af3769ea517af252103bddd907f681,ACBBA,ideal,1.0,19,361,0.01,4,4,,,bayesian_acbba_topk_001_k4,/home/agxorin/topk_filter_study/simulator/scenarios/final_trial_500.csv,clue_search,completed,,,171,0,171,151,24,28,2,2,1076,3224,0,,190,886,369,707,1076,707,0.0,7.125827814569536,6.292397660818714,4.1345029239766085,4.1345029239766085,4.682119205298013,acbba_entry:707;clue:8;collision_intent:189;state:171;target:1,49,281,0.038079470198675525,170,403.67682700000006,18.752804,143.498335,12.70681,169,260.17849199999995,18.071989
170,dcta_parity_v1,custom,aa0724188407797eae5187348bee11ee9f51317c4e8a201863b052786aa2f1df,823213c90703fd83224ad7122ee730ba64af3769ea517af252103bddd907f681,ACBBA,ideal,1.0,19,361,0.01,4,4,,,bayesian_acbba_topk_001_k4,/home/agxorin/topk_filter_study/simulator/scenarios/final_trial_500.csv,clue_search,completed,,,93,86,7,97,0,0,0,0,230,688,0,,96,134,193,37,58,37,0.0,2.3711340206185567,8.285714285714286,0.3978494623655914,5.285714285714286,0.38144329896907214,acbba_entry:37;clue:4;collision_intent:95;state:93;target:1,24,63,0.0077319587628865705,91,14.950674,2.19529,6.007806,0.675983,6,8.942867999999999,1.519307
171,dcta_parity_v1,custom,aa0724188407797eae5187348bee11ee9f51317c4e8a201863b052786aa2f1df,823213c90703fd83224ad7122ee730ba64af3769ea517af252103bddd907f681,ACBBA,ideal,1.0,19,361,0.01,4,4,,,bayesian_acbba_topk_001_k4,/home/agxorin/topk_filter_study/simulator/scenarios/final_trial_500.csv,clue_search,completed,,,156,44,112,134,26,16,2,1,955,2862,0,,170,785,338,617,867,617,0.0,7.126865671641791,7.741071428571429,3.9551282051282053,5.508928571428571,4.604477611940299,acbba_entry:617;clue:12;collision_intent:169;state:156;target:1,40,246,0.04104477611940305,143,247.46826999999996,15.403316,84.931215,1.126222,101,162.537055,14.676321
172,dcta_parity_v1,custom,aa0724188407797eae5187348bee11ee9f51317c4e8a201863b052786aa2f1df,823213c90703fd83224ad7122ee730ba64af3769ea517af252103bddd907f681,ACBBA,ideal,1.0,19,361,0.01,4,4,,,bayesian_acbba_topk_001_k4,/home/agxorin/topk_filter_study/simulator/scenarios/final_trial_500.csv,clue_search,completed,,,82,9,73,76,10,5,0,0,490,1465,0,,90,400,176,314,471,314,0.0,6.447368421052632,6.4520547945205475,3.8292682926829267,4.301369863013699,4.131578947368421,acbba_entry:314;clue:4;collision_intent:89;state:82;target:1,22,127,0.10526315789473695,79,152.234496,2.514064,43.043769999999995,0.976293,70,109.190726,1.736922
173,dcta_parity_v1,custom,aa0724188407797eae5187348bee11ee9f51317c4e8a201863b052786aa2f1df,823213c90703fd83224ad7122ee730ba64af3769ea517af252103bddd907f681,ACBBA,ideal,1.0,19,361,0.01,4,4,,,bayesian_acbba_topk_001_k4,/home/agxorin/topk_filter_study/simulator/scenarios/final_trial_500.csv,clue_search,completed,,,148,148,0,152,0,0,0,0,298,890,0,,150,148,298,0,0,0,0.0,1.9605263157894737,0.0,0.0,0.0,0.0,collision_intent:149;state:148;target:1,37,75,0.0,147,4.614565,0.262546,4.614565,0.262546,0,0.0,0.0
174,dcta_parity_v1,custom,aa0724188407797eae5187348bee11ee9f51317c4e8a201863b052786aa2f1df,823213c90703fd83224ad7122ee730ba64af3769ea517af252103bddd907f681,ACBBA,ideal,1.0,19,361,0.01,4,4,,,bayesian_acbba_topk_001_k4,/home/agxorin/topk_filter_study/simulator/scenarios/final_trial_500.csv,clue_search,completed,,,151,33,118,144,11,13,0,0,796,2386,0,,163,633,322,474,730,474,0.0,5.527777777777778,6.186440677966102,3.1390728476821192,4.016949152542373,3.2916666666666665,acbba_entry:474;clue:8;collision_intent:162;state:151;target:1,39,210,0.02777777777777768,128,268.638616,18.47812,99.01566,17.044803,97,169.62295600000002,17.544742
175,dcta_parity_v1,custom,aa0724188407797eae5187348bee11ee9f51317c4e8a201863b052786aa2f1df,823213c90703fd83224ad7122ee730ba64af3769ea517af252103bddd907f681,ACBBA,ideal,1.0,19,361,0.01,4,4,,,bayesian_acbba_topk_001_k4,/home/agxorin/topk_filter_study/simulator/scenarios/final_trial_500.csv,clue_search,completed,,,111,34,77,112,3,9,0,0,519,1554,0,,114,405,233,286,451,286,0.0,4.633928571428571,5.857142857142857,2.5765765765765765,3.7142857142857144,2.5535714285714284,acbba_entry:286;clue:8;collision_intent:113;state:111;target:1,29,131,0.017857142857142794,71,85.88465599999999,2.337859,27.716036000000003,0.95085,39,58.16862,1.657427
176,dcta_parity_v1,custom,aa0724188407797eae5187348bee11ee9f51317c4e8a201863b052786aa2f1df,823213c90703fd83224ad7122ee730ba64af3769ea517af252103bddd907f681,ACBBA,ideal,1.0,19,361,0.01,4,4,,,bayesian_acbba_topk_001_k4,/home/agxorin/topk_filter_study/simulator/scenarios/final_trial_500.csv,clue_search,completed,,,113,113,0,117,0,0,0,0,227,678,0,,114,113,227,0,0,0,0.0,1.9401709401709402,0.0,0.0,0.0,0.0,collision_intent:113;state:113;target:1,29,59,0.0064102564102563875,111,3.5315730000000003,0.127177,3.5315730000000003,0.127177,0,0.0,0.0
177,dcta_parity_v1,custom,aa0724188407797eae5187348bee11ee9f51317c4e8a201863b052786aa2f1df,823213c90703fd83224ad7122ee730ba64af3769ea517af252103bddd907f681,ACBBA,ideal,1.0,19,361,0.01,4,4,,,bayesian_acbba_topk_001_k4,/home/agxorin/topk_filter_study/simulator/scenarios/final_trial_500.csv,clue_search,completed,,,104,79,25,102,6,3,2,1,317,949,0,,109,208,217,100,158,100,0.0,3.107843137254902,6.32,0.9615384615384616,4.0,0.9803921568627451,acbba_entry:100;clue:4;collision_intent:108;state:104;target:1,26,86,0.009803921568627416,97,40.983295999999996,2.197369,12.479460000000001,0.675375,19,28.503836,1.61608
178,dcta_parity_v1,custom,aa0724188407797eae5187348bee11ee9f51317c4e8a201863b052786aa2f1df,823213c90703fd83224ad7122ee730ba64af3769ea517af252103bddd907f681,ACBBA,ideal,1.0,19,361,0.01,4,4,,,bayesian_acbba_topk_001_k4,/home/agxorin/topk_filter_study/simulator/scenarios/final_trial_500.csv,clue_search,completed,,,66,39,27,69,1,3,0,0,284,849,0,,67,217,141,143,205,143,0.0,4.115942028985507,7.592592592592593,2.1666666666666665,5.296296296296297,2.072463768115942,acbba_entry:143;clue:8;collision_intent:66;state:66;target:1,17,77,0.0253623188405796,56,41.653837,2.364805,12.608683000000001,0.701937,18,29.045153999999997,1.687958
179,dcta_parity_v1,custom,aa0724188407797eae5187348bee11ee9f51317c4e8a201863b052786aa2f1df,823213c90703fd83224ad7122ee730ba64af3769ea517af252103bddd907f681,ACBBA,ideal,1.0,19,361,0.01,4,4,,,bayesian_acbba_topk_001_k4,/home/agxorin/topk_filter_study/simulator/scenarios/final_trial_500.csv,clue_search,completed,,,42,20,22,46,0,2,0,0,208,623,0,,46,162,92,116,168,116,0.0,4.521739130434782,7.636363636363637,2.761904761904762,5.2727272727272725,2.5217391304347827,acbba_entry:116;clue:4;collision_intent:45;state:42;target:1,12,58,0.05434782608695654,50,69.993087,2.436426,15.785672000000002,0.70853,32,54.207415,1.763579
180,dcta_parity_v1,custom,aa0724188407797eae5187348bee11ee9f51317c4e8a201863b052786aa2f1df,823213c90703fd83224ad7122ee730ba64af3769ea517af252103bddd907f681,ACBBA,ideal,1.0,19,361,0.01,4,4,,,bayesian_acbba_topk_001_k4,/home/agxorin/topk_filter_study/simulator/scenarios/final_trial_500.csv,clue_search,completed,,,336,182,154,269,71,18,11,11,1303,3907,0,,358,945,698,605,939,605,0.0,4.843866171003717,6.097402597402597,1.8005952380952381,3.9285714285714284,2.2490706319702602,acbba_entry:605;clue:4;collision_intent:357;state:336;target:1,88,339,0.03438661710037172,339,276.794843,2.071791,132.36736500000004,1.269912,159,144.427478,1.1556
181,dcta_parity_v1,custom,aa0724188407797eae5187348bee11ee9f51317c4e8a201863b052786aa2f1df,823213c90703fd83224ad7122ee730ba64af3769ea517af252103bddd907f681,ACBBA,ideal,1.0,19,361,0.01,4,4,,,bayesian_acbba_topk_001_k4,/home/agxorin/topk_filter_study/simulator/scenarios/final_trial_500.csv,clue_search,completed,,,70,16,54,63,11,6,3,2,504,1509,0,,77,427,163,341,472,341,0.0,8.0,8.74074074074074,4.871428571428571,6.314814814814815,5.412698412698413,acbba_entry:341;clue:16;collision_intent:76;state:70;target:1,18,132,0.06746031746031744,55,95.373352,2.473099,29.183017,0.958402,41,66.190335,1.763995
182,dcta_parity_v1,custom,aa0724188407797eae5187348bee11ee9f51317c4e8a201863b052786aa2f1df,823213c90703fd83224ad7122ee730ba64af3769ea517af252103bddd907f681,ACBBA,ideal,1.0,19,361,0.01,4,4,,,bayesian_acbba_topk_001_k4,/home/agxorin/topk_filter_study/simulator/scenarios/final_trial_500.csv,clue_search,completed,,,176,149,27,172,8,8,0,0,492,1474,0,,179,313,363,129,194,129,0.0,2.86046511627907,7.185185185185185,0.7329545454545454,4.777777777777778,0.75,acbba_entry:129;clue:8;collision_intent:178;state:176;target:1,44,131,0.008720930232558155,176,51.76201399999999,1.888898,19.493732,0.707985,28,32.268282,1.219381
183,dcta_parity_v1,custom,aa0724188407797eae5187348bee11ee9f51317c4e8a201863b052786aa2f1df,823213c90703fd83224ad7122ee730ba64af3769ea517af252103bddd907f681,ACBBA,ideal,1.0,19,361,0.01,4,4,,,bayesian_acbba_topk_001_k4,/home/agxorin/topk_filter_study/simulator/scenarios/final_trial_500.csv,clue_search,completed,,,207,126,81,192,19,10,0,0,734,2199,0,,219,515,430,304,482,304,0.0,3.8229166666666665,5.950617283950617,1.4685990338164252,3.753086419753086,1.5833333333333333,acbba_entry:304;clue:4;collision_intent:218;state:207;target:1,54,185,0.01302083333333326,203,137.192814,1.966824,46.54994099999999,0.911327,78,90.64287300000001,1.321403
184,dcta_parity_v1,custom,aa0724188407797eae5187348bee11ee9f51317c4e8a201863b052786aa2f1df,823213c90703fd83224ad7122ee730ba64af3769ea517af252103bddd907f681,ACBBA,ideal,1.0,19,361,0.01,4,4,,,bayesian_acbba_topk_001_k4,/home/agxorin/topk_filter_study/simulator/scenarios/final_trial_500.csv,clue_search,completed,,,254,16,238,204,54,26,1,1,1588,4763,0,,273,1315,539,1049,1556,1049,0.0,7.784313725490196,6.53781512605042,4.1299212598425195,4.407563025210084,5.142156862745098,acbba_entry:1049;clue:12;collision_intent:272;state:254;target:1,67,416,0.05147058823529416,228,643.386255,18.59517,235.63682,16.84897,214,407.749435,17.788651
185,dcta_parity_v1,custom,aa0724188407797eae5187348bee11ee9f51317c4e8a201863b052786aa2f1df,823213c90703fd83224ad7122ee730ba64af3769ea517af252103bddd907f681,ACBBA,ideal,1.0,19,361,0.01,4,4,,,bayesian_acbba_topk_001_k4,/home/agxorin/topk_filter_study/simulator/scenarios/final_trial_500.csv,clue_search,completed,,,409,19,390,301,112,45,4,4,2465,7394,0,,438,2027,863,1602,2426,1602,0.0,8.18936877076412,6.220512820512821,3.9168704156479217,4.107692307692307,5.322259136212624,acbba_entry:1602;clue:16;collision_intent:437;state:409;target:1,110,627,0.09219269102990024,371,899.1354099999999,18.438994,514.1784500000001,17.034065,353,384.95696,3.652474
186,dcta_parity_v1,custom,aa0724188407797eae5187348bee11ee9f51317c4e8a201863b052786aa2f1df,823213c90703fd83224ad7122ee730ba64af3769ea517af252103bddd907f681,ACBBA,ideal,1.0,19,361,0.01,4,4,,,bayesian_acbba_topk_001_k4,/home/agxorin/topk_filter_study/simulator/scenarios/final_trial_500.csv,clue_search,completed,,,357,16,341,248,113,37,4,4,1886,5658,0,,376,1510,745,1141,1854,1141,0.0,7.604838709677419,5.436950146627566,3.196078431372549,3.346041055718475,4.600806451612903,acbba_entry:1141;clue:12;collision_intent:375;state:357;target:1,92,485,0.08467741935483875,186,413.91416100000004,10.497388,172.642339,3.251326,172,241.271822,9.059882
187,dcta_parity_v1,custom,aa0724188407797eae5187348bee11ee9f51317c4e8a201863b052786aa2f1df,823213c90703fd83224ad7122ee730ba64af3769ea517af252103bddd907f681,ACBBA,ideal,1.0,19,361,0.01,4,4,,,bayesian_acbba_topk_001_k4,/home/agxorin/topk_filter_study/simulator/scenarios/final_trial_500.csv,clue_search,completed,,,89,89,0,93,0,0,0,0,179,532,0,,90,89,179,0,0,0,0.0,1.924731182795699,0.0,0.0,0.0,0.0,collision_intent:89;state:89;target:1,23,47,0.008064516129032251,87,2.8233179999999996,0.164107,2.8233179999999996,0.164107,0,0.0,0.0
188,dcta_parity_v1,custom,aa0724188407797eae5187348bee11ee9f51317c4e8a201863b052786aa2f1df,823213c90703fd83224ad7122ee730ba64af3769ea517af252103bddd907f681,ACBBA,ideal,1.0,19,361,0.01,4,4,,,bayesian_acbba_topk_001_k4,/home/agxorin/topk_filter_study/simulator/scenarios/final_trial_500.csv,clue_search,completed,,,416,7,409,318,102,37,0,0,2207,6618,0,,433,1774,861,1346,2192,1346,0.0,6.940251572327044,5.359413202933985,3.235576923076923,3.290953545232274,4.232704402515723,acbba_entry:1346;clue:12;collision_intent:432;state:416;target:1,110,556,0.06289308176100628,278,652.6781400000001,2.830048,344.087168,2.11912,271,308.590972,1.836765
189,dcta_parity_v1,custom,aa0724188407797eae5187348bee11ee9f51317c4e8a201863b052786aa2f1df,823213c90703fd83224ad7122ee730ba64af3769ea517af252103bddd907f681,ACBBA,ideal,1.0,19,361,0.01,4,4,,,bayesian_acbba_topk_001_k4,/home/agxorin/topk_filter_study/simulator/scenarios/final_trial_500.csv,clue_search,completed,,,213,141,72,194,23,9,0,0,820,2455,0,,223,597,440,380,538,380,0.0,4.22680412371134,7.472222222222222,1.784037558685446,5.277777777777778,1.958762886597938,acbba_entry:380;clue:4;collision_intent:222;state:213;target:1,55,208,0.05154639175257736,224,149.755756,2.045195,53.652341,1.01831,85,96.103415,1.348604
190,dcta_parity_v1,custom,aa0724188407797eae5187348bee11ee9f51317c4e8a201863b052786aa2f1df,823213c90703fd83224ad7122ee730ba64af3769ea517af252103bddd907f681,ACBBA,ideal,1.0,19,361,0.01,4,4,,,bayesian_acbba_topk_001_k4,/home/agxorin/topk_filter_study/simulator/scenarios/final_trial_500.csv,clue_search,completed,,,99,50,49,98,5,6,0,0,456,1365,0,,102,354,213,243,356,243,0.0,4.653061224489796,7.26530612244898,2.4545454545454546,4.959183673469388,2.479591836734694,acbba_entry:243;clue:12;collision_intent:101;state:99;target:1,26,119,0.015306122448979664,94,97.44519299999999,2.30934,28.869444,0.841432,46,68.575749,1.674418
191,dcta_parity_v1,custom,aa0724188407797eae5187348bee11ee9f51317c4e8a201863b052786aa2f1df,823213c90703fd83224ad7122ee730ba64af3769ea517af252103bddd907f681,ACBBA,ideal,1.0,19,361,0.01,4,4,,,bayesian_acbba_topk_001_k4,/home/agxorin/topk_filter_study/simulator/scenarios/final_trial_500.csv,clue_search,completed,,,239,21,218,190,53,24,5,5,1433,4297,0,,257,1176,504,929,1391,929,0.0,7.542105263157895,6.3807339449541285,3.8870292887029287,4.261467889908257,4.889473684210526,acbba_entry:929;clue:8;collision_intent:256;state:239;target:1,63,363,0.0552631578947369,204,463.21238600000004,22.445613,170.243805,1.488196,185,292.96858100000003,21.700379
192,dcta_parity_v1,custom,aa0724188407797eae5187348bee11ee9f51317c4e8a201863b052786aa2f1df,823213c90703fd83224ad7122ee730ba64af3769ea517af252103bddd907f681,ACBBA,ideal,1.0,19,361,0.01,4,4,,,bayesian_acbba_topk_001_k4,/home/agxorin/topk_filter_study/simulator/scenarios/final_trial_500.csv,clue_search,completed,,,126,126,0,130,0,0,0,0,253,757,0,,127,126,253,0,0,0,0.0,1.9461538461538461,0.0,0.0,0.0,0.0,collision_intent:126;state:126;target:1,32,65,0.007692307692307665,124,3.811813,0.105383,3.811813,0.105383,0,0.0,0.0
193,dcta_parity_v1,custom,aa0724188407797eae5187348bee11ee9f51317c4e8a201863b052786aa2f1df,823213c90703fd83224ad7122ee730ba64af3769ea517af252103bddd907f681,ACBBA,ideal,1.0,19,361,0.01,4,4,,,bayesian_acbba_topk_001_k4,/home/agxorin/topk_filter_study/simulator/scenarios/final_trial_500.csv,clue_search,completed,,,288,133,155,238,54,21,4,3,1253,3756,0,,301,952,601,652,987,652,0.0,5.264705882352941,6.367741935483871,2.263888888888889,4.2064516129032254,2.7394957983193278,acbba_entry:652;clue:12;collision_intent:300;state:288;target:1,76,319,0.07352941176470584,266,254.895288,2.234967,106.475655,1.286006,135,148.419633,1.332378
194,dcta_parity_v1,custom,aa0724188407797eae5187348bee11ee9f51317c4e8a201863b052786aa2f1df,823213c90703fd83224ad7122ee730ba64af3769ea517af252103bddd907f681,ACBBA,ideal,1.0,19,361,0.01,4,4,,,bayesian_acbba_topk_001_k4,/home/agxorin/topk_filter_study/simulator/scenarios/final_trial_500.csv,clue_search,completed,,,7,7,0,11,0,0,0,0,16,46,0,,9,7,16,0,0,0,0.0,1.4545454545454546,0.0,0.0,0.0,0.0,collision_intent:8;state:7;target:1,2,5,0.06818181818181812,7,0.47334599999999993,0.129129,0.47334599999999993,0.129129,0,0.0,0.0
195,dcta_parity_v1,custom,aa0724188407797eae5187348bee11ee9f51317c4e8a201863b052786aa2f1df,823213c90703fd83224ad7122ee730ba64af3769ea517af252103bddd907f681,ACBBA,ideal,1.0,19,361,0.01,4,4,,,bayesian_acbba_topk_001_k4,/home/agxorin/topk_filter_study/simulator/scenarios/final_trial_500.csv,clue_search,completed,,,99,34,65,97,6,4,0,0,531,1591,0,,101,430,204,327,463,327,0.0,5.474226804123711,7.123076923076923,3.303030303030303,5.030769230769231,3.3711340206185567,acbba_entry:327;clue:4;collision_intent:100;state:99;target:1,25,143,0.02319587628865971,79,123.237838,22.456938,34.304036999999994,1.10305,47,88.93380100000002,21.56795
196,dcta_parity_v1,custom,aa0724188407797eae5187348bee11ee9f51317c4e8a201863b052786aa2f1df,823213c90703fd83224ad7122ee730ba64af3769ea517af252103bddd907f681,ACBBA,ideal,1.0,19,361,0.01,4,4,,,bayesian_acbba_topk_001_k4,/home/agxorin/topk_filter_study/simulator/scenarios/final_trial_500.csv,clue_search,completed,,,213,55,158,174,43,16,1,1,1222,3662,0,,227,995,456,766,1112,766,0.0,7.022988505747127,7.037974683544304,3.596244131455399,4.848101265822785,4.402298850574713,acbba_entry:766;clue:16;collision_intent:226;state:213;target:1,56,316,0.04885057471264376,190,348.18958699999996,18.657446,122.666424,8.243147,137,225.52316299999998,17.428243
197,dcta_parity_v1,custom,aa0724188407797eae5187348bee11ee9f51317c4e8a201863b052786aa2f1df,823213c90703fd83224ad7122ee730ba64af3769ea517af252103bddd907f681,ACBBA,ideal,1.0,19,361,0.01,4,4,,,bayesian_acbba_topk_001_k4,/home/agxorin/topk_filter_study/simulator/scenarios/final_trial_500.csv,clue_search,completed,,,20,20,0,24,0,0,0,0,41,121,0,,21,20,41,0,0,0,0.0,1.7083333333333333,0.0,0.0,0.0,0.0,collision_intent:20;state:20;target:1,5,11,0.0,18,0.689998,0.112455,0.689998,0.112455,0,0.0,0.0
198,dcta_parity_v1,custom,aa0724188407797eae5187348bee11ee9f51317c4e8a201863b052786aa2f1df,823213c90703fd83224ad7122ee730ba64af3769ea517af252103bddd907f681,ACBBA,ideal,1.0,19,361,0.01,4,4,,,bayesian_acbba_topk_001_k4,/home/agxorin/topk_filter_study/simulator/scenarios/final_trial_500.csv,clue_search,completed,,,45,45,0,49,0,0,0,0,91,270,0,,46,45,91,0,0,0,0.0,1.8571428571428572,0.0,0.0,0.0,0.0,collision_intent:45;state:45;target:1,12,25,0.015306122448979664,43,1.46393,0.123272,1.46393,0.123272,0,0.0,0.0
199,dcta_parity_v1,custom,aa0724188407797eae5187348bee11ee9f51317c4e8a201863b052786aa2f1df,823213c90703fd83224ad7122ee730ba64af3769ea517af252103bddd907f681,ACBBA,ideal,1.0,19,361,0.01,4,4,,,bayesian_acbba_topk_001_k4,/home/agxorin/topk_filter_study/simulator/scenarios/final_trial_500.csv,clue_search,completed,,,179,21,158,152,31,13,1,1,1015,3043,0,,191,824,382,633,972,633,0.0,6.677631578947368,6.151898734177215,3.536312849162011,4.006329113924051,4.1644736842105265,acbba_entry:633;clue:12;collision_intent:190;state:179;target:1,48,257,0.07565789473684204,157,298.744472,2.668275,109.75385500000002,1.182544,137,188.99061700000001,1.78732
200,dcta_parity_v1,custom,aa0724188407797eae5187348bee11ee9f51317c4e8a201863b052786aa2f1df,823213c90703fd83224ad7122ee730ba64af3769ea517af252103bddd907f681,ACBBA,ideal,1.0,19,361,0.01,4,4,,,bayesian_acbba_topk_001_k4,/home/agxorin/topk_filter_study/simulator/scenarios/final_trial_500.csv,clue_search,completed,,,78,29,49,80,2,7,1,1,409,1224,0,,83,326,169,240,351,240,0.0,5.1125,7.163265306122449,3.076923076923077,4.8979591836734695,3.0,acbba_entry:240;clue:8;collision_intent:82;state:78;target:1,20,108,0.018750000000000044,69,91.92493400000001,2.389984,26.684250000000002,0.766099,42,65.240684,1.701937
201,dcta_parity_v1,custom,aa0724188407797eae5187348bee11ee9f51317c4e8a201863b052786aa2f1df,823213c90703fd83224ad7122ee730ba64af3769ea517af252103bddd907f681,ACBBA,ideal,1.0,19,361,0.01,4,4,,,bayesian_acbba_topk_001_k4,/home/agxorin/topk_filter_study/simulator/scenarios/final_trial_500.csv,clue_search,completed,,,158,91,67,152,10,4,1,1,670,2008,0,,163,507,325,345,488,345,0.0,4.407894736842105,7.2835820895522385,2.1835443037974684,5.149253731343284,2.2697368421052633,acbba_entry:345;clue:4;collision_intent:162;state:158;target:1,41,174,0.046052631578947345,148,120.09855,2.214516,41.608497,0.970688,59,78.490053,1.481891
202,dcta_parity_v1,custom,aa0724188407797eae5187348bee11ee9f51317c4e8a201863b052786aa2f1df,823213c90703fd83224ad7122ee730ba64af3769ea517af252103bddd907f681,ACBBA,ideal,1.0,19,361,0.01,4,4,,,bayesian_acbba_topk_001_k4,/home/agxorin/topk_filter_study/simulator/scenarios/final_trial_500.csv,clue_search,completed,,,136,136,0,140,0,0,0,0,273,816,0,,137,136,273,0,0,0,0.0,1.95,0.0,0.0,0.0,0.0,collision_intent:136;state:136;target:1,34,69,0.0,134,4.49643,0.108039,4.49643,0.108039,0,0.0,0.0
203,dcta_parity_v1,custom,aa0724188407797eae5187348bee11ee9f51317c4e8a201863b052786aa2f1df,823213c90703fd83224ad7122ee730ba64af3769ea517af252103bddd907f681,ACBBA,ideal,1.0,19,361,0.01,4,4,,,bayesian_acbba_topk_001_k4,/home/agxorin/topk_filter_study/simulator/scenarios/final_trial_500.csv,clue_search,completed,,,111,10,101,104,11,12,4,2,821,2458,0,,124,697,243,578,801,578,0.0,7.894230769230769,7.930693069306931,5.207207207207207,5.7227722772277225,5.5576923076923075,acbba_entry:578;clue:8;collision_intent:123;state:111;target:1,29,215,0.08173076923076916,100,272.514632,18.86961,114.304496,17.414121,91,158.210136,17.56722
204,dcta_parity_v1,custom,aa0724188407797eae5187348bee11ee9f51317c4e8a201863b052786aa2f1df,823213c90703fd83224ad7122ee730ba64af3769ea517af252103bddd907f681,ACBBA,ideal,1.0,19,361,0.01,4,4,,,bayesian_acbba_topk_001_k4,/home/agxorin/topk_filter_study/simulator/scenarios/final_trial_500.csv,clue_search,completed,,,228,73,155,209,23,20,1,1,1298,3890,0,,243,1055,479,819,1151,819,0.0,6.2105263157894735,7.425806451612903,3.5921052631578947,5.283870967741936,3.9186602870813396,acbba_entry:819;clue:8;collision_intent:242;state:228;target:1,61,330,0.0514354066985645,218,374.34286,19.005297,191.47596399999998,17.78464,146,182.866896,1.623501
205,dcta_parity_v1,custom,aa0724188407797eae5187348bee11ee9f51317c4e8a201863b052786aa2f1df,823213c90703fd83224ad7122ee730ba64af3769ea517af252103bddd907f681,ACBBA,ideal,1.0,19,361,0.01,4,4,,,bayesian_acbba_topk_001_k4,/home/agxorin/topk_filter_study/simulator/scenarios/final_trial_500.csv,clue_search,completed,,,7,0,7,11,0,2,0,0,66,196,0,,9,57,20,46,66,46,0.0,6.0,9.428571428571429,6.571428571428571,6.571428571428571,4.181818181818182,acbba_entry:46;clue:4;collision_intent:8;state:7;target:1,2,19,0.06818181818181812,8,16.64133,2.460259,4.183862,0.667852,7,12.457467999999999,1.829338
206,dcta_parity_v1,custom,aa0724188407797eae5187348bee11ee9f51317c4e8a201863b052786aa2f1df,823213c90703fd83224ad7122ee730ba64af3769ea517af252103bddd907f681,ACBBA,ideal,1.0,19,361,0.01,4,4,,,bayesian_acbba_topk_001_k4,/home/agxorin/topk_filter_study/simulator/scenarios/final_trial_500.csv,clue_search,completed,,,46,46,0,50,0,0,0,0,93,277,0,,47,46,93,0,0,0,0.0,1.86,0.0,0.0,0.0,0.0,collision_intent:46;state:46;target:1,12,25,0.020000000000000018,44,1.473859,0.108551,1.473859,0.108551,0,0.0,0.0
207,dcta_parity_v1,custom,aa0724188407797eae5187348bee11ee9f51317c4e8a201863b052786aa2f1df,823213c90703fd83224ad7122ee730ba64af3769ea517af252103bddd907f681,ACBBA,ideal,1.0,19,361,0.01,4,4,,,bayesian_acbba_topk_001_k4,/home/agxorin/topk_filter_study/simulator/scenarios/final_trial_500.csv,clue_search,completed,,,267,94,173,224,47,17,0,0,1229,3677,0,,281,948,556,673,1041,673,0.0,5.486607142857143,6.017341040462428,2.5205992509363297,3.8901734104046244,3.0044642857142856,acbba_entry:673;clue:8;collision_intent:280;state:267;target:1,71,333,0.05133928571428581,270,376.2161440000001,17.998507,141.87810000000002,1.517573,178,234.33804399999997,17.101743
208,dcta_parity_v1,custom,aa0724188407797eae5187348bee11ee9f51317c4e8a201863b052786aa2f1df,823213c90703fd83224ad7122ee730ba64af3769ea517af252103bddd907f681,ACBBA,ideal,1.0,19,361,0.01,4,4,,,bayesian_acbba_topk_001_k4,/home/agxorin/topk_filter_study/simulator/scenarios/final_trial_500.csv,clue_search,completed,,,268,32,236,202,70,31,5,5,1441,4320,0,,286,1155,562,879,1377,879,0.0,7.133663366336633,5.834745762711864,3.279850746268657,3.7245762711864407,4.351485148514851,acbba_entry:879;clue:8;collision_intent:285;state:268;target:1,75,377,0.07425742574257432,261,555.5559539999999,22.071893,208.82275599999997,16.943809,231,346.733198,21.440043
209,dcta_parity_v1,custom,aa0724188407797eae5187348bee11ee9f51317c4e8a201863b052786aa2f1df,823213c90703fd83224ad7122ee730ba64af3769ea517af252103bddd907f681,ACBBA,ideal,1.0,19,361,0.01,4,4,,,bayesian_acbba_topk_001_k4,/home/agxorin/topk_filter_study/simulator/scenarios/final_trial_500.csv,clue_search,completed,,,59,59,0,63,0,0,0,0,120,355,0,,61,59,120,0,0,0,0.0,1.9047619047619047,0.0,0.0,0.0,0.0,collision_intent:60;state:59;target:1,15,31,0.011904761904761862,58,1.819959,0.145674,1.819959,0.145674,0,0.0,0.0
210,dcta_parity_v1,custom,aa0724188407797eae5187348bee11ee9f51317c4e8a201863b052786aa2f1df,823213c90703fd83224ad7122ee730ba64af3769ea517af252103bddd907f681,ACBBA,ideal,1.0,19,361,0.01,4,4,,,bayesian_acbba_topk_001_k4,/home/agxorin/topk_filter_study/simulator/scenarios/final_trial_500.csv,clue_search,completed,,,81,81,0,85,0,0,0,0,163,486,0,,82,81,163,0,0,0,0.0,1.9176470588235295,0.0,0.0,0.0,0.0,collision_intent:81;state:81;target:1,21,43,0.008823529411764675,79,2.39478,0.11588,2.39478,0.11588,0,0.0,0.0
211,dcta_parity_v1,custom,aa0724188407797eae5187348bee11ee9f51317c4e8a201863b052786aa2f1df,823213c90703fd83224ad7122ee730ba64af3769ea517af252103bddd907f681,ACBBA,ideal,1.0,19,361,0.01,4,4,,,bayesian_acbba_topk_001_k4,/home/agxorin/topk_filter_study/simulator/scenarios/final_trial_500.csv,clue_search,completed,,,148,9,139,118,34,10,0,0,879,2635,0,,159,720,319,560,860,560,0.0,7.4491525423728815,6.18705035971223,3.7837837837837838,4.028776978417266,4.745762711864407,acbba_entry:560;clue:12;collision_intent:158;state:148;target:1,41,234,0.08898305084745761,124,258.54360099999997,2.534247,86.489972,1.189422,115,172.053629,1.75442
212,dcta_parity_v1,custom,aa0724188407797eae5187348bee11ee9f51317c4e8a201863b052786aa2f1df,823213c90703fd83224ad7122ee730ba64af3769ea517af252103bddd907f681,ACBBA,ideal,1.0,19,361,0.01,4,4,,,bayesian_acbba_topk_001_k4,/home/agxorin/topk_filter_study/simulator/scenarios/final_trial_500.csv,clue_search,completed,,,448,54,394,299,153,51,2,2,2336,7007,0,,479,1857,939,1397,2228,1397,0.0,7.812709030100335,5.654822335025381,3.1183035714285716,3.545685279187817,4.672240802675585,acbba_entry:1397;clue:12;collision_intent:478;state:448;target:1,118,606,0.06939799331103669,426,813.9518370000001,18.481054,394.48366699999997,1.964993,374,419.4681700000001,17.140774
213,dcta_parity_v1,custom,aa0724188407797eae5187348bee11ee9f51317c4e8a201863b052786aa2f1df,823213c90703fd83224ad7122ee730ba64af3769ea517af252103bddd907f681,ACBBA,ideal,1.0,19,361,0.01,4,4,,,bayesian_acbba_topk_001_k4,/home/agxorin/topk_filter_study/simulator/scenarios/final_trial_500.csv,clue_search,completed,,,288,258,30,273,19,3,0,0,683,2047,0,,291,392,587,96,166,96,0.0,2.501831501831502,5.533333333333333,0.3333333333333333,3.2,0.3516483516483517,acbba_entry:96;clue:8;collision_intent:290;state:288;target:1,73,173,0.017399267399267337,265,56.92034100000001,21.317013,38.57427200000001,20.466877,23,18.346069,0.895899
214,dcta_parity_v1,custom,aa0724188407797eae5187348bee11ee9f51317c4e8a201863b052786aa2f1df,823213c90703fd83224ad7122ee730ba64af3769ea517af252103bddd907f681,ACBBA,ideal,1.0,19,361,0.01,4,4,,,bayesian_acbba_topk_001_k4,/home/agxorin/topk_filter_study/simulator/scenarios/final_trial_500.csv,clue_search,completed,,,280,78,202,216,68,25,3,3,1502,4502,0,,301,1201,593,909,1346,909,0.0,6.953703703703703,6.663366336633663,3.2464285714285714,4.5,4.208333333333333,acbba_entry:909;clue:12;collision_intent:300;state:280;target:1,75,382,0.0532407407407407,242,389.765946,18.677444,178.28066900000002,17.60387,166,211.48527700000002,1.560326
215,dcta_parity_v1,custom,aa0724188407797eae5187348bee11ee9f51317c4e8a201863b052786aa2f1df,823213c90703fd83224ad7122ee730ba64af3769ea517af252103bddd907f681,ACBBA,ideal,1.0,19,361,0.01,4,4,,,bayesian_acbba_topk_001_k4,/home/agxorin/topk_filter_study/simulator/scenarios/final_trial_500.csv,clue_search,completed,,,115,95,20,116,3,3,0,0,330,988,0,,119,211,242,88,139,88,0.0,2.8448275862068964,6.95,0.7652173913043478,4.4,0.7586206896551724,acbba_entry:88;clue:8;collision_intent:118;state:115;target:1,29,85,0.012931034482758674,111,37.037366,3.131724,12.005136,1.272531,17,25.032230000000002,1.996259
216,dcta_parity_v1,custom,aa0724188407797eae5187348bee11ee9f51317c4e8a201863b052786aa2f1df,823213c90703fd83224ad7122ee730ba64af3769ea517af252103bddd907f681,ACBBA,ideal,1.0,19,361,0.01,4,4,,,bayesian_acbba_topk_001_k4,/home/agxorin/topk_filter_study/simulator/scenarios/final_trial_500.csv,clue_search,completed,,,53,22,31,54,3,6,4,2,284,849,0,,59,225,116,168,240,168,0.0,5.2592592592592595,7.741935483870968,3.169811320754717,5.419354838709677,3.111111111111111,acbba_entry:168;clue:4;collision_intent:58;state:53;target:1,14,74,0.05555555555555558,49,64.779516,2.422303,16.641719,0.678988,29,48.13779699999999,1.746578
217,dcta_parity_v1,custom,aa0724188407797eae5187348bee11ee9f51317c4e8a201863b052786aa2f1df,823213c90703fd83224ad7122ee730ba64af3769ea517af252103bddd907f681,ACBBA,ideal,1.0,19,361,0.01,4,4,,,bayesian_acbba_topk_001_k4,/home/agxorin/topk_filter_study/simulator/scenarios/final_trial_500.csv,clue_search,completed,,,338,16,322,283,59,20,7,7,2058,6172,0,,364,1694,718,1340,2026,1340,0.0,7.27208480565371,6.291925465838509,3.964497041420118,4.161490683229814,4.734982332155477,acbba_entry:1340;clue:16;collision_intent:363;state:338;target:1,92,525,0.05035335689045928,271,860.8281519999999,27.309039,447.2779720000001,17.934062,257,413.55018000000007,25.320846
218,dcta_parity_v1,custom,aa0724188407797eae5187348bee11ee9f51317c4e8a201863b052786aa2f1df,823213c90703fd83224ad7122ee730ba64af3769ea517af252103bddd907f681,ACBBA,ideal,1.0,19,361,0.01,4,4,,,bayesian_acbba_topk_001_k4,/home/agxorin/topk_filter_study/simulator/scenarios/final_trial_500.csv,clue_search,completed,,,8,8,0,12,0,0,0,0,17,49,0,,9,8,17,0,0,0,0.0,1.4166666666666667,0.0,0.0,0.0,0.0,collision_intent:8;state:8;target:1,2,5,0.0,7,0.470271,0.126088,0.470271,0.126088,0,0.0,0.0
219,dcta_parity_v1,custom,aa0724188407797eae5187348bee11ee9f51317c4e8a201863b052786aa2f1df,823213c90703fd83224ad7122ee730ba64af3769ea517af252103bddd907f681,ACBBA,ideal,1.0,19,361,0.01,4,4,,,bayesian_acbba_topk_001_k4,/home/agxorin/topk_filter_study/simulator/scenarios/final_trial_500.csv,clue_search,completed,,,127,99,28,127,4,1,0,0,386,1153,0,,131,255,266,120,187,120,0.0,3.0393700787401574,6.678571428571429,0.9448818897637795,4.285714285714286,0.9448818897637795,acbba_entry:120;clue:8;collision_intent:130;state:127;target:1,33,100,0.029527559055118058,129,59.99281499999999,2.098696,18.529806,0.714638,31,41.463009,1.441469
220,dcta_parity_v1,custom,aa0724188407797eae5187348bee11ee9f51317c4e8a201863b052786aa2f1df,823213c90703fd83224ad7122ee730ba64af3769ea517af252103bddd907f681,ACBBA,ideal,1.0,19,361,0.01,4,4,,,bayesian_acbba_topk_001_k4,/home/agxorin/topk_filter_study/simulator/scenarios/final_trial_500.csv,clue_search,completed,,,195,120,75,180,19,6,0,0,639,1914,0,,201,438,404,235,399,235,0.0,3.55,5.32,1.205128205128205,3.1333333333333333,1.3055555555555556,acbba_entry:235;clue:8;collision_intent:200;state:195;target:1,50,169,0.02777777777777768,161,101.278988,18.003695,31.900733000000002,0.861687,43,69.378255,17.466349
221,dcta_parity_v1,custom,aa0724188407797eae5187348bee11ee9f51317c4e8a201863b052786aa2f1df,823213c90703fd83224ad7122ee730ba64af3769ea517af252103bddd907f681,ACBBA,ideal,1.0,19,361,0.01,4,4,,,bayesian_acbba_topk_001_k4,/home/agxorin/topk_filter_study/simulator/scenarios/final_trial_500.csv,clue_search,completed,,,48,48,0,52,0,0,0,0,97,287,0,,49,48,97,0,0,0,0.0,1.8653846153846154,0.0,0.0,0.0,0.0,collision_intent:48;state:48;target:1,12,25,0.0,46,1.536133,0.11748,1.536133,0.11748,0,0.0,0.0
222,dcta_parity_v1,custom,aa0724188407797eae5187348bee11ee9f51317c4e8a201863b052786aa2f1df,823213c90703fd83224ad7122ee730ba64af3769ea517af252103bddd907f681,ACBBA,ideal,1.0,19,361,0.01,4,4,,,bayesian_acbba_topk_001_k4,/home/agxorin/topk_filter_study/simulator/scenarios/final_trial_500.csv,clue_search,completed,,,244,16,228,207,41,29,1,1,1481,4439,0,,266,1215,518,963,1449,963,0.0,7.154589371980676,6.355263157894737,3.94672131147541,4.223684210526316,4.6521739130434785,acbba_entry:963;clue:8;collision_intent:265;state:244;target:1,67,384,0.047101449275362306,242,551.177058,18.358432,235.185217,7.413342,228,315.99184099999997,17.173555
223,dcta_parity_v1,custom,aa0724188407797eae5187348bee11ee9f51317c4e8a201863b052786aa2f1df,823213c90703fd83224ad7122ee730ba64af3769ea517af252103bddd907f681,ACBBA,ideal,1.0,19,361,0.01,4,4,,,bayesian_acbba_topk_001_k4,/home/agxorin/topk_filter_study/simulator/scenarios/final_trial_500.csv,clue_search,completed,,,150,136,14,153,1,3,0,0,377,1128,0,,152,225,310,67,105,67,0.0,2.4640522875816995,7.5,0.44666666666666666,4.785714285714286,0.43790849673202614,acbba_entry:67;clue:8;collision_intent:151;state:150;target:1,38,96,0.004901960784313708,145,24.110737,1.982528,10.090216,0.675691,11,14.020520999999999,1.309588
224,dcta_parity_v1,custom,aa0724188407797eae5187348bee11ee9f51317c4e8a201863b052786aa2f1df,823213c90703fd83224ad7122ee730ba64af3769ea517af252103bddd907f681,ACBBA,ideal,1.0,19,361,0.01,4,4,,,bayesian_acbba_topk_001_k4,/home/agxorin/topk_filter_study/simulator/scenarios/final_trial_500.csv,clue_search,completed,,,267,36,231,222,49,23,2,2,1599,4795,0,,284,1315,567,1032,1527,1032,0.0,7.202702702702703,6.6103896103896105,3.865168539325843,4.467532467532467,4.648648648648648,acbba_entry:1032;clue:16;collision_intent:283;state:267;target:1,70,405,0.06306306306306309,243,519.266429,18.446051,211.97038200000003,1.714351,209,307.29604699999993,17.25839
225,dcta_parity_v1,custom,aa0724188407797eae5187348bee11ee9f51317c4e8a201863b052786aa2f1df,823213c90703fd83224ad7122ee730ba64af3769ea517af252103bddd907f681,ACBBA,ideal,1.0,19,361,0.01,4,4,,,bayesian_acbba_topk_001_k4,/home/agxorin/topk_filter_study/simulator/scenarios/final_trial_500.csv,clue_search,completed,,,135,135,0,139,0,0,0,0,272,814,0,,137,135,272,0,0,0,0.0,1.9568345323741008,0.0,0.0,0.0,0.0,collision_intent:136;state:135;target:1,35,71,0.012589928057553879,134,3.9957429999999996,0.119176,3.9957429999999996,0.119176,0,0.0,0.0
226,dcta_parity_v1,custom,aa0724188407797eae5187348bee11ee9f51317c4e8a201863b052786aa2f1df,823213c90703fd83224ad7122ee730ba64af3769ea517af252103bddd907f681,ACBBA,ideal,1.0,19,361,0.01,4,4,,,bayesian_acbba_topk_001_k4,/home/agxorin/topk_filter_study/simulator/scenarios/final_trial_500.csv,clue_search,completed,,,193,30,163,166,31,21,1,1,947,2839,0,,205,742,410,537,887,537,0.0,5.704819277108434,5.441717791411043,2.7823834196891193,3.294478527607362,3.2349397590361444,acbba_entry:537;clue:12;collision_intent:204;state:193;target:1,50,241,0.03614457831325302,130,225.66795000000002,2.536547,75.54065600000001,1.235119,102,150.127294,1.838166
227,dcta_parity_v1,custom,aa0724188407797eae5187348bee11ee9f51317c4e8a201863b052786aa2f1df,823213c90703fd83224ad7122ee730ba64af3769ea517af252103bddd907f681,ACBBA,ideal,1.0,19,361,0.01,4,4,,,bayesian_acbba_topk_001_k4,/home/agxorin/topk_filter_study/simulator/scenarios/final_trial_500.csv,clue_search,completed,,,211,64,147,182,33,9,0,0,1191,3572,0,,222,969,437,754,1063,754,0.0,6.543956043956044,7.2312925170068025,3.5734597156398102,5.129251700680272,4.142857142857143,acbba_entry:754;clue:4;collision_intent:221;state:211;target:1,56,313,0.04395604395604402,190,323.227737,18.482303,135.994055,16.915739,128,187.23368200000004,17.344758
228,dcta_parity_v1,custom,aa0724188407797eae5187348bee11ee9f51317c4e8a201863b052786aa2f1df,823213c90703fd83224ad7122ee730ba64af3769ea517af252103bddd907f681,ACBBA,ideal,1.0,19,361,0.01,4,4,,,bayesian_acbba_topk_001_k4,/home/agxorin/topk_filter_study/simulator/scenarios/final_trial_500.csv,clue_search,completed,,,58,44,14,62,0,2,0,0,197,587,0,,60,137,122,75,109,75,0.0,3.1774193548387095,7.785714285714286,1.293103448275862,5.357142857142857,1.2096774193548387,acbba_entry:75;clue:4;collision_intent:59;state:58;target:1,15,51,0.016129032258064502,55,30.21128,2.481503,8.600870999999998,0.688076,13,21.610408999999997,1.892185
229,dcta_parity_v1,custom,aa0724188407797eae5187348bee11ee9f51317c4e8a201863b052786aa2f1df,823213c90703fd83224ad7122ee730ba64af3769ea517af252103bddd907f681,ACBBA,ideal,1.0,19,361,0.01,4,4,,,bayesian_acbba_topk_001_k4,/home/agxorin/topk_filter_study/simulator/scenarios/final_trial_500.csv,clue_search,completed,,,189,64,125,155,38,12,6,6,995,2983,0,,209,786,406,589,867,589,0.0,6.419354838709677,6.936,3.1164021164021163,4.712,3.8,acbba_entry:589;clue:8;collision_intent:208;state:189;target:1,50,253,0.06290322580645169,180,256.650051,2.713325,97.54760499999999,1.231471,118,159.10244600000001,1.837493
230,dcta_parity_v1,custom,aa0724188407797eae5187348bee11ee9f51317c4e8a201863b052786aa2f1df,823213c90703fd83224ad7122ee730ba64af3769ea517af252103bddd907f681,ACBBA,ideal,1.0,19,361,0.01,4,4,,,bayesian_acbba_topk_001_k4,/home/agxorin/topk_filter_study/simulator/scenarios/final_trial_500.csv,clue_search,completed,,,68,65,3,72,0,0,0,0,153,457,0,,69,84,141,12,23,12,0.0,2.125,7.666666666666667,0.17647058823529413,4.0,0.16666666666666666,acbba_entry:12;clue:4;collision_intent:68;state:68;target:1,17,41,0.0,66,9.281844,2.917211,3.8730840000000004,0.689101,3,5.40876,2.22811
231,dcta_parity_v1,custom,aa0724188407797eae5187348bee11ee9f51317c4e8a201863b052786aa2f1df,823213c90703fd83224ad7122ee730ba64af3769ea517af252103bddd907f681,ACBBA,ideal,1.0,19,361,0.01,4,4,,,bayesian_acbba_topk_001_k4,/home/agxorin/topk_filter_study/simulator/scenarios/final_trial_500.csv,clue_search,completed,,,54,54,0,58,0,0,0,0,109,322,0,,55,54,109,0,0,0,0.0,1.8793103448275863,0.0,0.0,0.0,0.0,collision_intent:54;state:54;target:1,14,29,0.01724137931034475,52,1.66801,0.108583,1.66801,0.108583,0,0.0,0.0
232,dcta_parity_v1,custom,aa0724188407797eae5187348bee11ee9f51317c4e8a201863b052786aa2f1df,823213c90703fd83224ad7122ee730ba64af3769ea517af252103bddd907f681,ACBBA,ideal,1.0,19,361,0.01,4,4,,,bayesian_acbba_topk_001_k4,/home/agxorin/topk_filter_study/simulator/scenarios/final_trial_500.csv,clue_search,completed,,,30,14,16,34,0,2,0,0,134,401,0,,32,102,66,68,105,68,0.0,3.9411764705882355,6.5625,2.2666666666666666,4.25,2.0,acbba_entry:68;clue:4;collision_intent:31;state:30;target:1,8,36,0.02941176470588225,22,21.313489,2.449276,5.864152,0.678443,9,15.449337,1.771217
233,dcta_parity_v1,custom,aa0724188407797eae5187348bee11ee9f51317c4e8a201863b052786aa2f1df,823213c90703fd83224ad7122ee730ba64af3769ea517af252103bddd907f681,ACBBA,ideal,1.0,19,361,0.01,4,4,,,bayesian_acbba_topk_001_k4,/home/agxorin/topk_filter_study/simulator/scenarios/final_trial_500.csv,clue_search,completed,,,60,10,50,57,7,4,0,0,318,951,0,,66,252,130,188,298,188,0.0,5.578947368421052,5.96,3.1333333333333333,3.76,3.2982456140350878,acbba_entry:188;clue:4;collision_intent:65;state:60;target:1,15,83,0.06578947368421062,40,108.38581300000001,25.218246,19.678147000000003,0.852598,31,88.707666,24.45823
234,dcta_parity_v1,custom,aa0724188407797eae5187348bee11ee9f51317c4e8a201863b052786aa2f1df,823213c90703fd83224ad7122ee730ba64af3769ea517af252103bddd907f681,ACBBA,ideal,1.0,19,361,0.01,4,4,,,bayesian_acbba_topk_001_k4,/home/agxorin/topk_filter_study/simulator/scenarios/final_trial_500.csv,clue_search,completed,,,381,46,335,280,105,44,8,6,2145,6433,0,,414,1731,803,1342,2053,1342,0.0,7.660714285714286,6.128358208955224,3.522309711286089,4.005970149253732,4.792857142857143,acbba_entry:1342;clue:8;collision_intent:413;state:381;target:1,101,542,0.06785714285714284,333,688.351104,18.698596,314.49747900000006,2.082948,289,373.853625,16.935731
235,dcta_parity_v1,custom,aa0724188407797eae5187348bee11ee9f51317c4e8a201863b052786aa2f1df,823213c90703fd83224ad7122ee730ba64af3769ea517af252103bddd907f681,ACBBA,ideal,1.0,19,361,0.01,4,4,,,bayesian_acbba_topk_001_k4,/home/agxorin/topk_filter_study/simulator/scenarios/final_trial_500.csv,clue_search,completed,,,290,112,178,240,54,16,1,1,1290,3866,0,,298,992,600,690,1066,690,0.0,5.375,5.98876404494382,2.3793103448275863,3.8764044943820224,2.875,acbba_entry:690;clue:12;collision_intent:297;state:290;target:1,74,326,0.054166666666666696,207,258.358092,22.383978,94.223508,1.515264,97,164.13458400000002,21.041333
236,dcta_parity_v1,custom,aa0724188407797eae5187348bee11ee9f51317c4e8a201863b052786aa2f1df,823213c90703fd83224ad7122ee730ba64af3769ea517af252103bddd907f681,ACBBA,ideal,1.0,19,361,0.01,4,4,,,bayesian_acbba_topk_001_k4,/home/agxorin/topk_filter_study/simulator/scenarios/final_trial_500.csv,clue_search,completed,,,162,27,135,149,17,13,0,0,1047,3136,0,,170,877,344,703,993,703,0.0,7.026845637583893,7.355555555555555,4.339506172839506,5.207407407407407,4.718120805369128,acbba_entry:703;clue:12;collision_intent:169;state:162;target:1,43,262,0.04194630872483218,134,303.79748599999994,18.526739,115.681512,16.942573,109,188.115974,17.58127
237,dcta_parity_v1,custom,aa0724188407797eae5187348bee11ee9f51317c4e8a201863b052786aa2f1df,823213c90703fd83224ad7122ee730ba64af3769ea517af252103bddd907f681,ACBBA,ideal,1.0,19,361,0.01,4,4,,,bayesian_acbba_topk_001_k4,/home/agxorin/topk_filter_study/simulator/scenarios/final_trial_500.csv,clue_search,completed,,,186,44,142,171,19,13,0,0,1035,3101,0,,193,842,391,644,947,644,0.0,6.052631578947368,6.669014084507042,3.4623655913978495,4.535211267605634,3.7660818713450293,acbba_entry:644;clue:12;collision_intent:192;state:186;target:1,48,264,0.004385964912280604,143,230.52357699999996,2.606052,90.956899,1.415769,101,139.566678,1.659368
238,dcta_parity_v1,custom,aa0724188407797eae5187348bee11ee9f51317c4e8a201863b052786aa2f1df,823213c90703fd83224ad7122ee730ba64af3769ea517af252103bddd907f681,ACBBA,ideal,1.0,19,361,0.01,4,4,,,bayesian_acbba_topk_001_k4,/home/agxorin/topk_filter_study/simulator/scenarios/final_trial_500.csv,clue_search,completed,,,399,51,348,304,99,29,2,2,2182,6540,0,,427,1755,842,1340,2080,1340,0.0,7.177631578947368,5.977011494252873,3.3583959899749374,3.8505747126436782,4.407894736842105,acbba_entry:1340;clue:16;collision_intent:426;state:399;target:1,103,554,0.05756578947368429,292,627.5010950000001,18.644915,345.18381899999997,17.560527,243,282.317276,9.695458
239,dcta_parity_v1,custom,aa0724188407797eae5187348bee11ee9f51317c4e8a201863b052786aa2f1df,823213c90703fd83224ad7122ee730ba64af3769ea517af252103bddd907f681,ACBBA,ideal,1.0,19,361,0.01,4,4,,,bayesian_acbba_topk_001_k4,/home/agxorin/topk_filter_study/simulator/scenarios/final_trial_500.csv,clue_search,completed,,,307,37,270,259,52,49,1,1,1675,5021,0,,321,1354,640,1035,1601,1035,0.0,6.467181467181467,5.92962962962963,3.3713355048859937,3.8333333333333335,3.996138996138996,acbba_entry:1035;clue:12;collision_intent:320;state:307;target:1,78,423,0.03571428571428581,205,411.73816200000005,22.469725,181.084438,16.955652,170,230.65372399999998,21.551843
240,dcta_parity_v1,custom,aa0724188407797eae5187348bee11ee9f51317c4e8a201863b052786aa2f1df,823213c90703fd83224ad7122ee730ba64af3769ea517af252103bddd907f681,ACBBA,ideal,1.0,19,361,0.01,4,4,,,bayesian_acbba_topk_001_k4,/home/agxorin/topk_filter_study/simulator/scenarios/final_trial_500.csv,clue_search,completed,,,221,101,120,197,28,16,3,3,897,2689,0,,232,665,465,432,695,432,0.0,4.553299492385787,5.791666666666667,1.9547511312217194,3.6,2.1928934010152283,acbba_entry:432;clue:12;collision_intent:231;state:221;target:1,57,236,0.008883248730964466,186,209.014186,18.046854,72.34777199999999,16.888542,87,136.666414,17.397629
241,dcta_parity_v1,custom,aa0724188407797eae5187348bee11ee9f51317c4e8a201863b052786aa2f1df,823213c90703fd83224ad7122ee730ba64af3769ea517af252103bddd907f681,ACBBA,ideal,1.0,19,361,0.01,4,4,,,bayesian_acbba_topk_001_k4,/home/agxorin/topk_filter_study/simulator/scenarios/final_trial_500.csv,clue_search,completed,,,375,3,372,288,91,48,0,0,2100,6299,0,,398,1702,785,1315,2093,1315,0.0,7.291666666666667,5.626344086021505,3.506666666666667,3.53494623655914,4.565972222222222,acbba_entry:1315;clue:12;collision_intent:397;state:375;target:1,104,544,0.03298611111111116,321,881.2160849999999,22.521757,450.0643700000001,16.712082,317,431.15171499999997,21.743884
242,dcta_parity_v1,custom,aa0724188407797eae5187348bee11ee9f51317c4e8a201863b052786aa2f1df,823213c90703fd83224ad7122ee730ba64af3769ea517af252103bddd907f681,ACBBA,ideal,1.0,19,361,0.01,4,4,,,bayesian_acbba_topk_001_k4,/home/agxorin/topk_filter_study/simulator/scenarios/final_trial_500.csv,clue_search,completed,,,6,6,0,10,0,0,0,0,13,37,0,,7,6,13,0,0,0,0.0,1.3,0.0,0.0,0.0,0.0,collision_intent:6;state:6;target:1,2,5,0.10000000000000009,6,0.357975,0.122152,0.357975,0.122152,0,0.0,0.0
243,dcta_parity_v1,custom,aa0724188407797eae5187348bee11ee9f51317c4e8a201863b052786aa2f1df,823213c90703fd83224ad7122ee730ba64af3769ea517af252103bddd907f681,ACBBA,ideal,1.0,19,361,0.01,4,4,,,bayesian_acbba_topk_001_k4,/home/agxorin/topk_filter_study/simulator/scenarios/final_trial_500.csv,clue_search,completed,,,118,15,103,106,16,4,1,1,799,2392,0,,127,672,249,550,768,550,0.0,7.537735849056604,7.456310679611651,4.661016949152542,5.339805825242719,5.188679245283019,acbba_entry:550;clue:4;collision_intent:126;state:118;target:1,31,208,0.070754716981132,116,242.46642899999998,4.334828,80.72208400000001,1.506269,102,161.74434499999998,3.323918
244,dcta_parity_v1,custom,aa0724188407797eae5187348bee11ee9f51317c4e8a201863b052786aa2f1df,823213c90703fd83224ad7122ee730ba64af3769ea517af252103bddd907f681,ACBBA,ideal,1.0,19,361,0.01,4,4,,,bayesian_acbba_topk_001_k4,/home/agxorin/topk_filter_study/simulator/scenarios/final_trial_500.csv,clue_search,completed,,,198,69,129,176,26,23,0,0,1020,3057,0,,207,813,409,611,882,611,0.0,5.795454545454546,6.837209302325581,3.085858585858586,4.736434108527132,3.471590909090909,acbba_entry:611;clue:4;collision_intent:206;state:198;target:1,51,262,0.042613636363636465,178,243.12517999999997,3.552284,96.658848,1.593826,111,146.46633200000005,2.728296
245,dcta_parity_v1,custom,aa0724188407797eae5187348bee11ee9f51317c4e8a201863b052786aa2f1df,823213c90703fd83224ad7122ee730ba64af3769ea517af252103bddd907f681,ACBBA,ideal,1.0,19,361,0.01,4,4,,,bayesian_acbba_topk_001_k4,/home/agxorin/topk_filter_study/simulator/scenarios/final_trial_500.csv,clue_search,completed,,,331,1,330,271,64,32,6,6,1850,5545,0,,356,1494,703,1147,1845,1147,0.0,6.826568265682657,5.590909090909091,3.4652567975830815,3.4757575757575756,4.232472324723247,acbba_entry:1147;clue:16;collision_intent:355;state:331;target:1,92,476,0.06549815498154987,276,701.982436,14.031042,346.017658,12.724146,272,355.96477799999997,2.102338
246,dcta_parity_v1,custom,aa0724188407797eae5187348bee11ee9f51317c4e8a201863b052786aa2f1df,823213c90703fd83224ad7122ee730ba64af3769ea517af252103bddd907f681,ACBBA,ideal,1.0,19,361,0.01,4,4,,,bayesian_acbba_topk_001_k4,/home/agxorin/topk_filter_study/simulator/scenarios/final_trial_500.csv,clue_search,completed,,,213,63,150,164,53,17,1,1,1094,3281,0,,226,868,451,643,968,643,0.0,6.670731707317073,6.453333333333333,3.0187793427230045,4.286666666666667,3.9207317073170733,acbba_entry:643;clue:12;collision_intent:225;state:213;target:1,54,285,0.07012195121951215,179,289.024538,12.874294,108.615788,8.170711,118,180.40875,11.795796
247,dcta_parity_v1,custom,aa0724188407797eae5187348bee11ee9f51317c4e8a201863b052786aa2f1df,823213c90703fd83224ad7122ee730ba64af3769ea517af252103bddd907f681,ACBBA,ideal,1.0,19,361,0.01,4,4,,,bayesian_acbba_topk_001_k4,/home/agxorin/topk_filter_study/simulator/scenarios/final_trial_500.csv,clue_search,completed,,,16,16,0,20,0,0,0,0,33,97,0,,17,16,33,0,0,0,0.0,1.65,0.0,0.0,0.0,0.0,collision_intent:16;state:16;target:1,4,9,0.0,14,0.579747,0.116903,0.579747,0.116903,0,0.0,0.0
248,dcta_parity_v1,custom,aa0724188407797eae5187348bee11ee9f51317c4e8a201863b052786aa2f1df,823213c90703fd83224ad7122ee730ba64af3769ea517af252103bddd907f681,ACBBA,ideal,1.0,19,361,0.01,4,4,,,bayesian_acbba_topk_001_k4,/home/agxorin/topk_filter_study/simulator/scenarios/final_trial_500.csv,clue_search,completed,,,61,61,0,65,0,0,0,0,124,368,0,,63,61,124,0,0,0,0.0,1.9076923076923078,0.0,0.0,0.0,0.0,collision_intent:62;state:61;target:1,16,33,0.011538461538461497,60,1.953367,0.115303,1.953367,0.115303,0,0.0,0.0
249,dcta_parity_v1,custom,aa0724188407797eae5187348bee11ee9f51317c4e8a201863b052786aa2f1df,823213c90703fd83224ad7122ee730ba64af3769ea517af252103bddd907f681,ACBBA,ideal,1.0,19,361,0.01,4,4,,,bayesian_acbba_topk_001_k4,/home/agxorin/topk_filter_study/simulator/scenarios/final_trial_500.csv,clue_search,completed,,,76,11,65,68,12,7,2,2,490,1467,0,,82,408,166,324,468,324,0.0,7.205882352941177,7.2,4.2631578947368425,4.984615384615385,4.764705882352941,acbba_entry:324;clue:8;collision_intent:81;state:76;target:1,20,129,0.044117647058823595,53,106.410263,4.431344,31.789275,0.988189,44,74.620988,3.443155
250,dcta_parity_v1,custom,aa0724188407797eae5187348bee11ee9f51317c4e8a201863b052786aa2f1df,823213c90703fd83224ad7122ee730ba64af3769ea517af252103bddd907f681,ACBBA,ideal,1.0,19,361,0.01,4,4,,,bayesian_acbba_topk_001_k4,/home/agxorin/topk_filter_study/simulator/scenarios/final_trial_500.csv,clue_search,completed,,,278,63,215,221,61,7,1,1,1419,4253,0,,294,1125,576,843,1293,843,0.0,6.420814479638009,6.013953488372093,3.0323741007194243,3.9209302325581397,3.81447963800905,acbba_entry:843;clue:4;collision_intent:293;state:278;target:1,74,368,0.044117647058823595,268,472.845012,3.63603,216.09545700000004,2.325038,207,256.749555,1.986074
251,dcta_parity_v1,custom,aa0724188407797eae5187348bee11ee9f51317c4e8a201863b052786aa2f1df,823213c90703fd83224ad7122ee730ba64af3769ea517af252103bddd907f681,ACBBA,ideal,1.0,19,361,0.01,4,4,,,bayesian_acbba_topk_001_k4,/home/agxorin/topk_filter_study/simulator/scenarios/final_trial_500.csv,clue_search,completed,,,70,70,0,74,0,0,0,0,141,420,0,,71,70,141,0,0,0,0.0,1.9054054054054055,0.0,0.0,0.0,0.0,collision_intent:70;state:70;target:1,18,37,0.013513513513513598,68,2.1915829999999996,0.116519,2.1915829999999996,0.116519,0,0.0,0.0
252,dcta_parity_v1,custom,aa0724188407797eae5187348bee11ee9f51317c4e8a201863b052786aa2f1df,823213c90703fd83224ad7122ee730ba64af3769ea517af252103bddd907f681,ACBBA,ideal,1.0,19,361,0.01,4,4,,,bayesian_acbba_topk_001_k4,/home/agxorin/topk_filter_study/simulator/scenarios/final_trial_500.csv,clue_search,completed,,,311,60,251,240,75,44,2,2,1739,5215,0,,333,1406,652,1087,1619,1087,0.0,7.245833333333334,6.450199203187251,3.495176848874598,4.330677290836653,4.529166666666667,acbba_entry:1087;clue:8;collision_intent:332;state:311;target:1,81,439,0.03750000000000009,267,527.0562489999999,18.358526,260.357782,17.265276,209,266.698467,2.982261
253,dcta_parity_v1,custom,aa0724188407797eae5187348bee11ee9f51317c4e8a201863b052786aa2f1df,823213c90703fd83224ad7122ee730ba64af3769ea517af252103bddd907f681,ACBBA,ideal,1.0,19,361,0.01,4,4,,,bayesian_acbba_topk_001_k4,/home/agxorin/topk_filter_study/simulator/scenarios/final_trial_500.csv,clue_search,completed,,,273,249,24,260,17,3,0,0,603,1807,0,,274,329,555,48,105,48,0.0,2.3192307692307694,4.375,0.17582417582417584,2.0,0.18461538461538463,acbba_entry:48;clue:8;collision_intent:273;state:273;target:1,69,154,0.01538461538461533,245,18.939935,1.87829,11.742858,0.722348,8,7.197077,1.193512
254,dcta_parity_v1,custom,aa0724188407797eae5187348bee11ee9f51317c4e8a201863b052786aa2f1df,823213c90703fd83224ad7122ee730ba64af3769ea517af252103bddd907f681,ACBBA,ideal,1.0,19,361,0.01,4,4,,,bayesian_acbba_topk_001_k4,/home/agxorin/topk_filter_study/simulator/scenarios/final_trial_500.csv,clue_search,completed,,,84,56,28,87,1,3,0,0,344,1030,0,,89,255,177,167,232,167,0.0,3.954022988505747,8.285714285714286,1.9880952380952381,5.964285714285714,1.9195402298850575,acbba_entry:167;clue:4;collision_intent:88;state:84;target:1,22,89,0.02586206896551735,91,81.470192,3.705025,21.334571,0.73134,37,60.13562100000001,3.35838
255,dcta_parity_v1,custom,aa0724188407797eae5187348bee11ee9f51317c4e8a201863b052786aa2f1df,823213c90703fd83224ad7122ee730ba64af3769ea517af252103bddd907f681,ACBBA,ideal,1.0,19,361,0.01,4,4,,,bayesian_acbba_topk_001_k4,/home/agxorin/topk_filter_study/simulator/scenarios/final_trial_500.csv,clue_search,completed,,,124,120,4,128,0,0,0,0,265,793,0,,125,140,253,12,25,12,0.0,2.0703125,6.25,0.0967741935483871,3.0,0.09375,acbba_entry:12;clue:4;collision_intent:124;state:124;target:1,31,67,0.0,122,11.886006,2.165347,6.165754,0.688873,4,5.720252,1.571808
256,dcta_parity_v1,custom,aa0724188407797eae5187348bee11ee9f51317c4e8a201863b052786aa2f1df,823213c90703fd83224ad7122ee730ba64af3769ea517af252103bddd907f681,ACBBA,ideal,1.0,19,361,0.01,4,4,,,bayesian_acbba_topk_001_k4,/home/agxorin/topk_filter_study/simulator/scenarios/final_trial_500.csv,clue_search,completed,,,227,27,200,175,56,22,4,4,1200,3598,0,,243,957,478,722,1146,722,0.0,6.857142857142857,5.73,3.1806167400881056,3.61,4.1257142857142854,acbba_entry:722;clue:8;collision_intent:242;state:227;target:1,62,304,0.09285714285714275,179,384.809743,22.633471,138.723725,21.147396,154,246.086018,17.571339
257,dcta_parity_v1,custom,aa0724188407797eae5187348bee11ee9f51317c4e8a201863b052786aa2f1df,823213c90703fd83224ad7122ee730ba64af3769ea517af252103bddd907f681,ACBBA,ideal,1.0,19,361,0.01,4,4,,,bayesian_acbba_topk_001_k4,/home/agxorin/topk_filter_study/simulator/scenarios/final_trial_500.csv,clue_search,completed,,,45,45,0,49,0,0,0,0,91,268,0,,46,45,91,0,0,0,0.0,1.8571428571428572,0.0,0.0,0.0,0.0,collision_intent:45;state:45;target:1,12,25,0.015306122448979664,43,1.472861,0.120903,1.472861,0.120903,0,0.0,0.0
258,dcta_parity_v1,custom,aa0724188407797eae5187348bee11ee9f51317c4e8a201863b052786aa2f1df,823213c90703fd83224ad7122ee730ba64af3769ea517af252103bddd907f681,ACBBA,ideal,1.0,19,361,0.01,4,4,,,bayesian_acbba_topk_001_k4,/home/agxorin/topk_filter_study/simulator/scenarios/final_trial_500.csv,clue_search,completed,,,240,113,127,206,38,19,4,3,1054,3156,0,,255,799,507,547,827,547,0.0,5.116504854368932,6.511811023622047,2.279166666666667,4.307086614173229,2.6553398058252426,acbba_entry:547;clue:12;collision_intent:254;state:240;target:1,63,267,0.04854368932038833,232,245.88799199999997,5.346435,101.878805,3.196289,120,144.009187,2.582844
259,dcta_parity_v1,custom,aa0724188407797eae5187348bee11ee9f51317c4e8a201863b052786aa2f1df,823213c90703fd83224ad7122ee730ba64af3769ea517af252103bddd907f681,ACBBA,ideal,1.0,19,361,0.01,4,4,,,bayesian_acbba_topk_001_k4,/home/agxorin/topk_filter_study/simulator/scenarios/final_trial_500.csv,clue_search,completed,,,92,47,45,92,4,6,1,1,465,1390,0,,97,368,197,268,370,268,0.0,5.054347826086956,8.222222222222221,2.9130434782608696,5.955555555555556,2.9130434782608696,acbba_entry:268;clue:8;collision_intent:96;state:92;target:1,24,119,0.016304347826086918,82,80.967838,2.503351,25.350815000000004,0.922296,36,55.617022999999996,1.876785
260,dcta_parity_v1,custom,aa0724188407797eae5187348bee11ee9f51317c4e8a201863b052786aa2f1df,823213c90703fd83224ad7122ee730ba64af3769ea517af252103bddd907f681,ACBBA,ideal,1.0,19,361,0.01,4,4,,,bayesian_acbba_topk_001_k4,/home/agxorin/topk_filter_study/simulator/scenarios/final_trial_500.csv,clue_search,completed,,,67,13,54,66,5,10,0,0,402,1204,0,,73,329,148,254,375,254,0.0,6.090909090909091,6.944444444444445,3.791044776119403,4.703703703703703,3.8484848484848486,acbba_entry:254;clue:8;collision_intent:72;state:67;target:1,18,105,0.06060606060606055,49,85.926884,3.123196,25.942300000000003,1.590463,37,59.984584,1.852848
261,dcta_parity_v1,custom,aa0724188407797eae5187348bee11ee9f51317c4e8a201863b052786aa2f1df,823213c90703fd83224ad7122ee730ba64af3769ea517af252103bddd907f681,ACBBA,ideal,1.0,19,361,0.01,4,4,,,bayesian_acbba_topk_001_k4,/home/agxorin/topk_filter_study/simulator/scenarios/final_trial_500.csv,clue_search,completed,,,347,0,347,286,65,46,10,8,2329,6982,0,,385,1944,744,1585,2329,1585,0.0,8.143356643356643,6.7118155619596545,4.567723342939481,4.567723342939481,5.541958041958042,acbba_entry:1585;clue:12;collision_intent:384;state:347;target:1,95,611,0.07692307692307687,353,903.829031,18.478038,441.21078800000004,16.061349,352,462.6182429999999,17.184393
262,dcta_parity_v1,custom,aa0724188407797eae5187348bee11ee9f51317c4e8a201863b052786aa2f1df,823213c90703fd83224ad7122ee730ba64af3769ea517af252103bddd907f681,ACBBA,ideal,1.0,19,361,0.01,4,4,,,bayesian_acbba_topk_001_k4,/home/agxorin/topk_filter_study/simulator/scenarios/final_trial_500.csv,clue_search,completed,,,127,86,41,124,7,1,5,3,475,1423,0,,136,339,267,208,302,208,0.0,3.8306451612903225,7.365853658536586,1.6377952755905512,5.073170731707317,1.6774193548387097,acbba_entry:208;clue:4;collision_intent:135;state:127;target:1,33,128,0.016129032258064502,130,95.21809299999998,4.106615,28.814307,2.631231,45,66.403786,2.128543
263,dcta_parity_v1,custom,aa0724188407797eae5187348bee11ee9f51317c4e8a201863b052786aa2f1df,823213c90703fd83224ad7122ee730ba64af3769ea517af252103bddd907f681,ACBBA,ideal,1.0,19,361,0.01,4,4,,,bayesian_acbba_topk_001_k4,/home/agxorin/topk_filter_study/simulator/scenarios/final_trial_500.csv,clue_search,completed,,,294,34,260,240,58,34,1,1,1387,4158,0,,317,1070,623,764,1319,764,0.0,5.779166666666667,5.073076923076923,2.598639455782313,2.9384615384615387,3.183333333333333,acbba_entry:764;clue:12;collision_intent:316;state:294;target:1,79,358,0.022916666666666696,226,433.39020400000004,18.4644,173.130655,17.152834,194,260.259549,17.484888
264,dcta_parity_v1,custom,aa0724188407797eae5187348bee11ee9f51317c4e8a201863b052786aa2f1df,823213c90703fd83224ad7122ee730ba64af3769ea517af252103bddd907f681,ACBBA,ideal,1.0,19,361,0.01,4,4,,,bayesian_acbba_topk_001_k4,/home/agxorin/topk_filter_study/simulator/scenarios/final_trial_500.csv,clue_search,completed,,,53,53,0,57,0,0,0,0,108,321,0,,55,53,108,0,0,0,0.0,1.894736842105263,0.0,0.0,0.0,0.0,collision_intent:54;state:53;target:1,14,29,0.013157894736842035,52,1.7958500000000002,0.171659,1.7958500000000002,0.171659,0,0.0,0.0
265,dcta_parity_v1,custom,aa0724188407797eae5187348bee11ee9f51317c4e8a201863b052786aa2f1df,823213c90703fd83224ad7122ee730ba64af3769ea517af252103bddd907f681,ACBBA,ideal,1.0,19,361,0.01,4,4,,,bayesian_acbba_topk_001_k4,/home/agxorin/topk_filter_study/simulator/scenarios/final_trial_500.csv,clue_search,completed,,,198,71,127,169,33,23,2,2,1117,3348,0,,210,907,412,705,975,705,0.0,6.609467455621302,7.677165354330708,3.5606060606060606,5.551181102362205,4.171597633136095,acbba_entry:705;clue:4;collision_intent:209;state:198;target:1,51,287,0.05769230769230771,190,264.21738200000004,2.464371,108.225902,1.320687,121,155.99148000000002,1.525788
266,dcta_parity_v1,custom,aa0724188407797eae5187348bee11ee9f51317c4e8a201863b052786aa2f1df,823213c90703fd83224ad7122ee730ba64af3769ea517af252103bddd907f681,ACBBA,ideal,1.0,19,361,0.01,4,4,,,bayesian_acbba_topk_001_k4,/home/agxorin/topk_filter_study/simulator/scenarios/final_trial_500.csv,clue_search,completed,,,41,41,0,45,0,0,0,0,83,247,0,,42,41,83,0,0,0,0.0,1.8444444444444446,0.0,0.0,0.0,0.0,collision_intent:41;state:41;target:1,11,23,0.016666666666666607,39,1.360243,0.111495,1.360243,0.111495,0,0.0,0.0
267,dcta_parity_v1,custom,aa0724188407797eae5187348bee11ee9f51317c4e8a201863b052786aa2f1df,823213c90703fd83224ad7122ee730ba64af3769ea517af252103bddd907f681,ACBBA,ideal,1.0,19,361,0.01,4,4,,,bayesian_acbba_topk_001_k4,/home/agxorin/topk_filter_study/simulator/scenarios/final_trial_500.csv,clue_search,completed,,,137,133,4,141,0,0,0,0,291,869,0,,138,153,279,12,25,12,0.0,2.0638297872340425,6.25,0.08759124087591241,3.0,0.0851063829787234,acbba_entry:12;clue:4;collision_intent:137;state:137;target:1,35,75,0.005319148936170137,135,27.728980999999997,18.054324,22.686984000000002,16.744646,4,5.041997,1.309678
268,dcta_parity_v1,custom,aa0724188407797eae5187348bee11ee9f51317c4e8a201863b052786aa2f1df,823213c90703fd83224ad7122ee730ba64af3769ea517af252103bddd907f681,ACBBA,ideal,1.0,19,361,0.01,4,4,,,bayesian_acbba_topk_001_k4,/home/agxorin/topk_filter_study/simulator/scenarios/final_trial_500.csv,clue_search,completed,,,267,91,176,224,47,21,6,4,1338,4012,0,,285,1053,564,774,1156,774,0.0,5.973214285714286,6.568181818181818,2.898876404494382,4.3977272727272725,3.455357142857143,acbba_entry:774;clue:12;collision_intent:284;state:267;target:1,69,353,0.05133928571428581,220,281.227986,2.644125,113.26520300000001,1.631168,131,167.96278299999997,1.54342
269,dcta_parity_v1,custom,aa0724188407797eae5187348bee11ee9f51317c4e8a201863b052786aa2f1df,823213c90703fd83224ad7122ee730ba64af3769ea517af252103bddd907f681,ACBBA,ideal,1.0,19,361,0.01,4,4,,,bayesian_acbba_topk_001_k4,/home/agxorin/topk_filter_study/simulator/scenarios/final_trial_500.csv,clue_search,completed,,,158,152,6,162,0,2,0,0,348,1043,0,,159,189,321,27,44,27,0.0,2.1481481481481484,7.333333333333333,0.17088607594936708,4.5,0.16666666666666666,acbba_entry:27;clue:4;collision_intent:158;state:158;target:1,40,93,0.006172839506172867,156,36.055825,18.085488,12.598980000000001,4.692919,6,23.456845,17.340292
270,dcta_parity_v1,custom,aa0724188407797eae5187348bee11ee9f51317c4e8a201863b052786aa2f1df,823213c90703fd83224ad7122ee730ba64af3769ea517af252103bddd907f681,ACBBA,ideal,1.0,19,361,0.01,4,4,,,bayesian_acbba_topk_001_k4,/home/agxorin/topk_filter_study/simulator/scenarios/final_trial_500.csv,clue_search,completed,,,69,69,0,73,0,0,0,0,139,414,0,,70,69,139,0,0,0,0.0,1.904109589041096,0.0,0.0,0.0,0.0,collision_intent:69;state:69;target:1,18,37,0.010273972602739656,67,2.149849,0.122439,2.149849,0.122439,0,0.0,0.0
271,dcta_parity_v1,custom,aa0724188407797eae5187348bee11ee9f51317c4e8a201863b052786aa2f1df,823213c90703fd83224ad7122ee730ba64af3769ea517af252103bddd907f681,ACBBA,ideal,1.0,19,361,0.01,4,4,,,bayesian_acbba_topk_001_k4,/home/agxorin/topk_filter_study/simulator/scenarios/final_trial_500.csv,clue_search,completed,,,255,1,254,224,35,32,3,3,1878,5630,0,,279,1599,546,1332,1873,1332,0.0,8.383928571428571,7.374015748031496,5.223529411764706,5.244094488188976,5.946428571428571,acbba_entry:1332;clue:12;collision_intent:278;state:255;target:1,67,475,0.029017857142857206,238,686.4971190000001,22.856299,371.670522,21.236779,234,314.8265970000001,1.851982
272,dcta_parity_v1,custom,aa0724188407797eae5187348bee11ee9f51317c4e8a201863b052786aa2f1df,823213c90703fd83224ad7122ee730ba64af3769ea517af252103bddd907f681,ACBBA,ideal,1.0,19,361,0.01,4,4,,,bayesian_acbba_topk_001_k4,/home/agxorin/topk_filter_study/simulator/scenarios/final_trial_500.csv,clue_search,completed,,,251,29,222,211,44,17,0,0,1263,3786,0,,263,1000,526,737,1204,737,0.0,5.985781990521327,5.423423423423423,2.9362549800796813,3.31981981981982,3.4928909952606637,acbba_entry:737;clue:12;collision_intent:262;state:251;target:1,67,324,0.020142180094786744,179,329.899682,4.683028,132.494859,3.044179,151,197.40482300000002,1.93029
273,dcta_parity_v1,custom,aa0724188407797eae5187348bee11ee9f51317c4e8a201863b052786aa2f1df,823213c90703fd83224ad7122ee730ba64af3769ea517af252103bddd907f681,ACBBA,ideal,1.0,19,361,0.01,4,4,,,bayesian_acbba_topk_001_k4,/home/agxorin/topk_filter_study/simulator/scenarios/final_trial_500.csv,clue_search,completed,,,196,159,37,189,11,7,0,0,602,1804,0,,200,402,404,198,283,198,0.0,3.185185185185185,7.648648648648648,1.010204081632653,5.351351351351352,1.0476190476190477,acbba_entry:198;clue:8;collision_intent:199;state:196;target:1,50,156,0.01984126984126977,199,73.781811,1.960436,27.363846000000002,0.841138,41,46.417965,1.263466
274,dcta_parity_v1,custom,aa0724188407797eae5187348bee11ee9f51317c4e8a201863b052786aa2f1df,823213c90703fd83224ad7122ee730ba64af3769ea517af252103bddd907f681,ACBBA,ideal,1.0,19,361,0.01,4,4,,,bayesian_acbba_topk_001_k4,/home/agxorin/topk_filter_study/simulator/scenarios/final_trial_500.csv,clue_search,completed,,,202,79,123,183,23,16,2,2,1108,3322,0,,223,885,429,679,949,679,0.0,6.054644808743169,7.715447154471545,3.3613861386138613,5.520325203252033,3.710382513661202,acbba_entry:679;clue:4;collision_intent:222;state:202;target:1,55,285,0.058743169398907114,223,302.869478,2.601944,116.274249,1.387505,145,186.59522900000005,1.608895
275,dcta_parity_v1,custom,aa0724188407797eae5187348bee11ee9f51317c4e8a201863b052786aa2f1df,823213c90703fd83224ad7122ee730ba64af3769ea517af252103bddd907f681,ACBBA,ideal,1.0,19,361,0.01,4,4,,,bayesian_acbba_topk_001_k4,/home/agxorin/topk_filter_study/simulator/scenarios/final_trial_500.csv,clue_search,completed,,,417,69,348,336,85,30,7,7,2393,7177,0,,448,1945,877,1516,2255,1516,0.0,7.122023809523809,6.4798850574712645,3.6354916067146283,4.35632183908046,4.511904761904762,acbba_entry:1516;clue:12;collision_intent:447;state:417;target:1,111,605,0.049107142857142794,372,787.1098960000002,18.991733,488.895917,14.987693,304,298.213979,16.611658
276,dcta_parity_v1,custom,aa0724188407797eae5187348bee11ee9f51317c4e8a201863b052786aa2f1df,823213c90703fd83224ad7122ee730ba64af3769ea517af252103bddd907f681,ACBBA,ideal,1.0,19,361,0.01,4,4,,,bayesian_acbba_topk_001_k4,/home/agxorin/topk_filter_study/simulator/scenarios/final_trial_500.csv,clue_search,completed,,,275,3,272,228,51,25,6,5,1542,4623,0,,300,1242,591,951,1535,951,0.0,6.7631578947368425,5.643382352941177,3.458181818181818,3.4963235294117645,4.171052631578948,acbba_entry:951;clue:16;collision_intent:299;state:275;target:1,75,397,0.037280701754385914,237,526.659729,2.722846,217.61009199999998,1.779015,233,309.0496370000001,1.89515
277,dcta_parity_v1,custom,aa0724188407797eae5187348bee11ee9f51317c4e8a201863b052786aa2f1df,823213c90703fd83224ad7122ee730ba64af3769ea517af252103bddd907f681,ACBBA,ideal,1.0,19,361,0.01,4,4,,,bayesian_acbba_topk_001_k4,/home/agxorin/topk_filter_study/simulator/scenarios/final_trial_500.csv,clue_search,completed,,,174,42,132,164,14,16,0,0,1128,3382,0,,187,941,377,751,1044,751,0.0,6.878048780487805,7.909090909090909,4.316091954022989,5.6893939393939394,4.579268292682927,acbba_entry:751;clue:16;collision_intent:186;state:174;target:1,45,284,0.024390243902439046,168,311.317259,18.339497,130.966298,17.076544,128,180.35096099999998,1.675393
278,dcta_parity_v1,custom,aa0724188407797eae5187348bee11ee9f51317c4e8a201863b052786aa2f1df,823213c90703fd83224ad7122ee730ba64af3769ea517af252103bddd907f681,ACBBA,ideal,1.0,19,361,0.01,4,4,,,bayesian_acbba_topk_001_k4,/home/agxorin/topk_filter_study/simulator/scenarios/final_trial_500.csv,clue_search,completed,,,106,23,83,100,10,11,0,0,599,1794,0,,113,486,231,368,553,368,0.0,5.99,6.662650602409639,3.4716981132075473,4.433734939759036,3.68,acbba_entry:368;clue:12;collision_intent:112;state:106;target:1,28,153,0.05499999999999994,97,186.54516700000002,18.22237,50.015007,0.984985,76,136.53016000000002,17.677282
279,dcta_parity_v1,custom,aa0724188407797eae5187348bee11ee9f51317c4e8a201863b052786aa2f1df,823213c90703fd83224ad7122ee730ba64af3769ea517af252103bddd907f681,ACBBA,ideal,1.0,19,361,0.01,4,4,,,bayesian_acbba_topk_001_k4,/home/agxorin/topk_filter_study/simulator/scenarios/final_trial_500.csv,clue_search,completed,,,122,44,78,119,7,6,1,1,724,2170,0,,129,595,259,465,636,465,0.0,6.084033613445378,8.153846153846153,3.8114754098360657,5.961538461538462,3.907563025210084,acbba_entry:465;clue:8;collision_intent:128;state:122;target:1,31,186,0.027310924369747802,104,151.285906,14.182901,47.371273,1.172612,62,103.91463300000001,13.635062
280,dcta_parity_v1,custom,aa0724188407797eae5187348bee11ee9f51317c4e8a201863b052786aa2f1df,823213c90703fd83224ad7122ee730ba64af3769ea517af252103bddd907f681,ACBBA,ideal,1.0,19,361,0.01,4,4,,,bayesian_acbba_topk_001_k4,/home/agxorin/topk_filter_study/simulator/scenarios/final_trial_500.csv,clue_search,completed,,,169,120,49,164,9,5,0,0,487,1458,0,,170,317,343,144,247,144,0.0,2.9695121951219514,5.040816326530612,0.8520710059171598,2.938775510204082,0.8780487804878049,acbba_entry:144;clue:4;collision_intent:169;state:169;target:1,43,128,0.021341463414634054,139,44.110617000000005,2.09945,16.843600000000002,0.807374,21,27.267017,1.410513
281,dcta_parity_v1,custom,aa0724188407797eae5187348bee11ee9f51317c4e8a201863b052786aa2f1df,823213c90703fd83224ad7122ee730ba64af3769ea517af252103bddd907f681,ACBBA,ideal,1.0,19,361,0.01,4,4,,,bayesian_acbba_topk_001_k4,/home/agxorin/topk_filter_study/simulator/scenarios/final_trial_500.csv,clue_search,completed,,,42,8,34,41,5,5,0,0,296,880,0,,45,251,95,201,280,201,0.0,7.219512195121951,8.235294117647058,4.785714285714286,5.911764705882353,4.902439024390244,acbba_entry:201;clue:8;collision_intent:44;state:42;target:1,11,77,0.054878048780487854,38,70.94464300000001,2.485104,19.205976,0.756459,31,51.738667,1.787848
282,dcta_parity_v1,custom,aa0724188407797eae5187348bee11ee9f51317c4e8a201863b052786aa2f1df,823213c90703fd83224ad7122ee730ba64af3769ea517af252103bddd907f681,ACBBA,ideal,1.0,19,361,0.01,4,4,,,bayesian_acbba_topk_001_k4,/home/agxorin/topk_filter_study/simulator/scenarios/final_trial_500.csv,clue_search,completed,,,91,76,15,94,1,2,0,0,276,824,0,,93,183,192,84,124,84,0.0,2.9361702127659575,8.266666666666667,0.9230769230769231,5.6,0.8936170212765957,acbba_entry:84;clue:8;collision_intent:92;state:91;target:1,23,72,0.010638297872340496,90,35.69547,2.240737,11.392819999999999,0.672391,16,24.30265,1.568346
283,dcta_parity_v1,custom,aa0724188407797eae5187348bee11ee9f51317c4e8a201863b052786aa2f1df,823213c90703fd83224ad7122ee730ba64af3769ea517af252103bddd907f681,ACBBA,ideal,1.0,19,361,0.01,4,4,,,bayesian_acbba_topk_001_k4,/home/agxorin/topk_filter_study/simulator/scenarios/final_trial_500.csv,clue_search,completed,,,177,7,170,143,38,24,4,4,1143,3424,0,,192,951,381,762,1128,762,0.0,7.993006993006993,6.635294117647059,4.305084745762712,4.482352941176471,5.328671328671328,acbba_entry:762;clue:12;collision_intent:191;state:177;target:1,47,295,0.09965034965034958,148,336.46216300000003,2.711452,127.78595900000002,1.461524,141,208.676204,1.847499
284,dcta_parity_v1,custom,aa0724188407797eae5187348bee11ee9f51317c4e8a201863b052786aa2f1df,823213c90703fd83224ad7122ee730ba64af3769ea517af252103bddd907f681,ACBBA,ideal,1.0,19,361,0.01,4,4,,,bayesian_acbba_topk_001_k4,/home/agxorin/topk_filter_study/simulator/scenarios/final_trial_500.csv,clue_search,completed,,,418,83,335,319,103,40,3,3,2250,6745,0,,445,1805,875,1375,2084,1375,0.0,7.053291536050157,6.2208955223880595,3.289473684210526,4.104477611940299,4.310344827586207,acbba_entry:1375;clue:12;collision_intent:444;state:418;target:1,109,570,0.06818181818181812,361,646.9864650000001,3.406692,368.379467,2.36388,280,278.60699800000003,1.523512
285,dcta_parity_v1,custom,aa0724188407797eae5187348bee11ee9f51317c4e8a201863b052786aa2f1df,823213c90703fd83224ad7122ee730ba64af3769ea517af252103bddd907f681,ACBBA,ideal,1.0,19,361,0.01,4,4,,,bayesian_acbba_topk_001_k4,/home/agxorin/topk_filter_study/simulator/scenarios/final_trial_500.csv,clue_search,completed,,,74,41,33,74,4,6,0,0,350,1045,0,,78,272,156,194,268,194,0.0,4.72972972972973,8.121212121212121,2.6216216216216215,5.878787878787879,2.6216216216216215,acbba_entry:194;clue:4;collision_intent:77;state:74;target:1,19,91,0.03378378378378377,68,63.939633,2.342887,17.850752,0.734474,29,46.088881,1.652703
286,dcta_parity_v1,custom,aa0724188407797eae5187348bee11ee9f51317c4e8a201863b052786aa2f1df,823213c90703fd83224ad7122ee730ba64af3769ea517af252103bddd907f681,ACBBA,ideal,1.0,19,361,0.01,4,4,,,bayesian_acbba_topk_001_k4,/home/agxorin/topk_filter_study/simulator/scenarios/final_trial_500.csv,clue_search,completed,,,79,40,39,81,2,2,0,0,359,1073,0,,83,276,166,193,279,193,0.0,4.432098765432099,7.153846153846154,2.4430379746835444,4.948717948717949,2.382716049382716,acbba_entry:193;clue:4;collision_intent:82;state:79;target:1,21,95,0.02777777777777768,78,85.966332,2.361576,21.596725000000003,0.809584,40,64.369607,1.700801
287,dcta_parity_v1,custom,aa0724188407797eae5187348bee11ee9f51317c4e8a201863b052786aa2f1df,823213c90703fd83224ad7122ee730ba64af3769ea517af252103bddd907f681,ACBBA,ideal,1.0,19,361,0.01,4,4,,,bayesian_acbba_topk_001_k4,/home/agxorin/topk_filter_study/simulator/scenarios/final_trial_500.csv,clue_search,completed,,,228,19,209,184,48,14,6,5,1383,4147,0,,250,1133,486,897,1345,897,0.0,7.516304347826087,6.435406698564593,3.9342105263157894,4.291866028708134,4.875,acbba_entry:897;clue:8;collision_intent:249;state:228;target:1,61,359,0.04347826086956519,178,398.516621,18.758896,173.33854100000002,17.488744,160,225.17808,1.883308
288,dcta_parity_v1,custom,aa0724188407797eae5187348bee11ee9f51317c4e8a201863b052786aa2f1df,823213c90703fd83224ad7122ee730ba64af3769ea517af252103bddd907f681,ACBBA,ideal,1.0,19,361,0.01,4,4,,,bayesian_acbba_topk_001_k4,/home/agxorin/topk_filter_study/simulator/scenarios/final_trial_500.csv,clue_search,completed,,,159,9,150,123,40,24,11,10,1156,3466,0,,182,974,357,799,1138,799,0.0,9.398373983739837,7.586666666666667,5.0251572327044025,5.326666666666667,6.495934959349594,acbba_entry:799;clue:16;collision_intent:181;state:159;target:1,42,297,0.11585365853658547,157,372.36689499999994,18.41622,126.54692399999999,1.838217,149,245.81997100000004,17.732405
289,dcta_parity_v1,custom,aa0724188407797eae5187348bee11ee9f51317c4e8a201863b052786aa2f1df,823213c90703fd83224ad7122ee730ba64af3769ea517af252103bddd907f681,ACBBA,ideal,1.0,19,361,0.01,4,4,,,bayesian_acbba_topk_001_k4,/home/agxorin/topk_filter_study/simulator/scenarios/final_trial_500.csv,clue_search,completed,,,12,0,12,16,0,2,0,0,78,230,0,,13,65,29,49,78,49,0.0,4.875,6.5,4.083333333333333,4.083333333333333,3.0625,acbba_entry:49;clue:4;collision_intent:12;state:12;target:1,3,22,0.0,8,18.265135,4.228145,4.283379,0.672038,7,13.981755999999999,3.582668
290,dcta_parity_v1,custom,aa0724188407797eae5187348bee11ee9f51317c4e8a201863b052786aa2f1df,823213c90703fd83224ad7122ee730ba64af3769ea517af252103bddd907f681,ACBBA,ideal,1.0,19,361,0.01,4,4,,,bayesian_acbba_topk_001_k4,/home/agxorin/topk_filter_study/simulator/scenarios/final_trial_500.csv,clue_search,completed,,,24,24,0,28,0,0,0,0,49,143,0,,25,24,49,0,0,0,0.0,1.75,0.0,0.0,0.0,0.0,collision_intent:24;state:24;target:1,6,13,0.0,22,0.864724,0.13652,0.864724,0.13652,0,0.0,0.0
291,dcta_parity_v1,custom,aa0724188407797eae5187348bee11ee9f51317c4e8a201863b052786aa2f1df,823213c90703fd83224ad7122ee730ba64af3769ea517af252103bddd907f681,ACBBA,ideal,1.0,19,361,0.01,4,4,,,bayesian_acbba_topk_001_k4,/home/agxorin/topk_filter_study/simulator/scenarios/final_trial_500.csv,clue_search,completed,,,269,81,188,215,58,29,4,3,1484,4449,0,,285,1199,562,922,1322,922,0.0,6.902325581395349,7.031914893617022,3.4275092936802976,4.904255319148936,4.288372093023256,acbba_entry:922;clue:8;collision_intent:284;state:269;target:1,69,380,0.03604651162790695,238,403.113754,18.485403,186.62228100000004,17.26367,159,216.491473,17.254612
292,dcta_parity_v1,custom,aa0724188407797eae5187348bee11ee9f51317c4e8a201863b052786aa2f1df,823213c90703fd83224ad7122ee730ba64af3769ea517af252103bddd907f681,ACBBA,ideal,1.0,19,361,0.01,4,4,,,bayesian_acbba_topk_001_k4,/home/agxorin/topk_filter_study/simulator/scenarios/final_trial_500.csv,clue_search,completed,,,42,42,0,46,0,0,0,0,85,250,0,,43,42,85,0,0,0,0.0,1.8478260869565217,0.0,0.0,0.0,0.0,collision_intent:42;state:42;target:1,11,23,0.021739130434782705,40,1.681186,0.17537,1.681186,0.17537,0,0.0,0.0
293,dcta_parity_v1,custom,aa0724188407797eae5187348bee11ee9f51317c4e8a201863b052786aa2f1df,823213c90703fd83224ad7122ee730ba64af3769ea517af252103bddd907f681,ACBBA,ideal,1.0,19,361,0.01,4,4,,,bayesian_acbba_topk_001_k4,/home/agxorin/topk_filter_study/simulator/scenarios/final_trial_500.csv,clue_search,completed,,,249,40,209,203,50,15,4,4,1294,3882,0,,268,1026,529,765,1214,765,0.0,6.374384236453202,5.8086124401913874,3.072289156626506,3.660287081339713,3.768472906403941,acbba_entry:765;clue:12;collision_intent:267;state:249;target:1,64,333,0.03817733990147776,196,425.8246469999999,26.663207,147.114394,17.120938,158,278.71025299999997,25.57681
294,dcta_parity_v1,custom,aa0724188407797eae5187348bee11ee9f51317c4e8a201863b052786aa2f1df,823213c90703fd83224ad7122ee730ba64af3769ea517af252103bddd907f681,ACBBA,ideal,1.0,19,361,0.01,4,4,,,bayesian_acbba_topk_001_k4,/home/agxorin/topk_filter_study/simulator/scenarios/final_trial_500.csv,clue_search,completed,,,243,241,2,243,4,0,0,0,495,1483,0,,245,250,492,3,12,3,0.0,2.037037037037037,6.0,0.012345679012345678,1.5,0.012345679012345678,acbba_entry:3;clue:4;collision_intent:244;state:243;target:1,61,125,0.007201646090535085,235,8.630832,1.577177,7.739326,0.685671,1,0.891506,0.891506
295,dcta_parity_v1,custom,aa0724188407797eae5187348bee11ee9f51317c4e8a201863b052786aa2f1df,823213c90703fd83224ad7122ee730ba64af3769ea517af252103bddd907f681,ACBBA,ideal,1.0,19,361,0.01,4,4,,,bayesian_acbba_topk_001_k4,/home/agxorin/topk_filter_study/simulator/scenarios/final_trial_500.csv,clue_search,completed,,,232,54,178,199,37,19,7,5,1330,3986,0,,250,1080,490,840,1222,840,0.0,6.683417085427136,6.865168539325842,3.6206896551724137,4.719101123595506,4.221105527638191,acbba_entry:840;clue:8;collision_intent:249;state:232;target:1,60,340,0.041457286432160734,191,330.72436099999993,18.488308,149.76396699999998,17.132295,139,180.96039399999998,1.626364
296,dcta_parity_v1,custom,aa0724188407797eae5187348bee11ee9f51317c4e8a201863b052786aa2f1df,823213c90703fd83224ad7122ee730ba64af3769ea517af252103bddd907f681,ACBBA,ideal,1.0,19,361,0.01,4,4,,,bayesian_acbba_topk_001_k4,/home/agxorin/topk_filter_study/simulator/scenarios/final_trial_500.csv,clue_search,completed,,,365,66,299,287,82,35,5,4,1919,5755,0,,389,1530,762,1157,1786,1157,0.0,6.686411149825784,5.973244147157191,3.16986301369863,3.869565217391304,4.031358885017422,acbba_entry:1157;clue:8;collision_intent:388;state:365;target:1,97,487,0.03222996515679433,338,608.660926,3.113935,299.455594,1.823303,273,309.205332,1.612443
297,dcta_parity_v1,custom,aa0724188407797eae5187348bee11ee9f51317c4e8a201863b052786aa2f1df,823213c90703fd83224ad7122ee730ba64af3769ea517af252103bddd907f681,ACBBA,ideal,1.0,19,361,0.01,4,4,,,bayesian_acbba_topk_001_k4,/home/agxorin/topk_filter_study/simulator/scenarios/final_trial_500.csv,clue_search,completed,,,293,0,293,240,57,47,12,9,2090,6266,0,,339,1751,648,1442,2090,1442,0.0,8.708333333333334,7.1331058020477816,4.921501706484642,4.921501706484642,6.008333333333334,acbba_entry:1442;clue:16;collision_intent:338;state:293;target:1,79,529,0.050000000000000044,311,947.938803,22.734871,477.87817299999995,17.769603,311,470.06063000000006,21.220134
298,dcta_parity_v1,custom,aa0724188407797eae5187348bee11ee9f51317c4e8a201863b052786aa2f1df,823213c90703fd83224ad7122ee730ba64af3769ea517af252103bddd907f681,ACBBA,ideal,1.0,19,361,0.01,4,4,,,bayesian_acbba_topk_001_k4,/home/agxorin/topk_filter_study/simulator/scenarios/final_trial_500.csv,clue_search,completed,,,186,29,157,168,22,21,3,3,1000,3000,0,,202,798,396,604,942,604,0.0,5.9523809523809526,6.0,3.247311827956989,3.8471337579617835,3.5952380952380953,acbba_entry:604;clue:8;collision_intent:201;state:186;target:1,51,259,0.0625,179,324.43966499999993,2.76313,115.801029,1.320521,152,208.63863600000002,1.967118
299,dcta_parity_v1,custom,aa0724188407797eae5187348bee11ee9f51317c4e8a201863b052786aa2f1df,823213c90703fd83224ad7122ee730ba64af3769ea517af252103bddd907f681,ACBBA,ideal,1.0,19,361,0.01,4,4,,,bayesian_acbba_topk_001_k4,/home/agxorin/topk_filter_study/simulator/scenarios/final_trial_500.csv,clue_search,completed,,,22,22,0,26,0,0,0,0,45,132,0,,23,22,45,0,0,0,0.0,1.7307692307692308,0.0,0.0,0.0,0.0,collision_intent:22;state:22;target:1,6,13,0.03846153846153855,20,0.7970029999999999,0.125543,0.7970029999999999,0.125543,0,0.0,0.0
300,dcta_parity_v1,custom,aa0724188407797eae5187348bee11ee9f51317c4e8a201863b052786aa2f1df,823213c90703fd83224ad7122ee730ba64af3769ea517af252103bddd907f681,ACBBA,ideal,1.0,19,361,0.01,4,4,,,bayesian_acbba_topk_001_k4,/home/agxorin/topk_filter_study/simulator/scenarios/final_trial_500.csv,clue_search,completed,,,45,45,0,49,0,0,0,0,92,275,0,,47,45,92,0,0,0,0.0,1.8775510204081634,0.0,0.0,0.0,0.0,collision_intent:46;state:45;target:1,12,25,0.015306122448979664,44,1.480365,0.118727,1.480365,0.118727,0,0.0,0.0
301,dcta_parity_v1,custom,aa0724188407797eae5187348bee11ee9f51317c4e8a201863b052786aa2f1df,823213c90703fd83224ad7122ee730ba64af3769ea517af252103bddd907f681,ACBBA,ideal,1.0,19,361,0.01,4,4,,,bayesian_acbba_topk_001_k4,/home/agxorin/topk_filter_study/simulator/scenarios/final_trial_500.csv,clue_search,completed,,,48,48,0,52,0,0,0,0,97,290,0,,49,48,97,0,0,0,0.0,1.8653846153846154,0.0,0.0,0.0,0.0,collision_intent:48;state:48;target:1,12,25,0.0,46,1.544308,0.113894,1.544308,0.113894,0,0.0,0.0
302,dcta_parity_v1,custom,aa0724188407797eae5187348bee11ee9f51317c4e8a201863b052786aa2f1df,823213c90703fd83224ad7122ee730ba64af3769ea517af252103bddd907f681,ACBBA,ideal,1.0,19,361,0.01,4,4,,,bayesian_acbba_topk_001_k4,/home/agxorin/topk_filter_study/simulator/scenarios/final_trial_500.csv,clue_search,completed,,,221,127,94,202,23,8,1,1,937,2809,0,,226,711,459,478,683,478,0.0,4.638613861386139,7.26595744680851,2.16289592760181,5.085106382978723,2.366336633663366,acbba_entry:478;clue:12;collision_intent:225;state:221;target:1,57,240,0.01980198019801982,194,136.43958700000002,2.241661,56.568391,1.107614,69,79.87119600000001,1.325641
303,dcta_parity_v1,custom,aa0724188407797eae5187348bee11ee9f51317c4e8a201863b052786aa2f1df,823213c90703fd83224ad7122ee730ba64af3769ea517af252103bddd907f681,ACBBA,ideal,1.0,19,361,0.01,4,4,,,bayesian_acbba_topk_001_k4,/home/agxorin/topk_filter_study/simulator/scenarios/final_trial_500.csv,clue_search,completed,,,150,78,72,137,17,7,2,2,678,2031,0,,160,518,318,360,520,360,0.0,4.9489051094890515,7.222222222222222,2.4,5.0,2.627737226277372,acbba_entry:360;clue:8;collision_intent:159;state:150;target:1,38,177,0.038321167883211604,142,130.741644,2.255837,43.247991999999996,0.947828,64,87.493652,1.5173
304,dcta_parity_v1,custom,aa0724188407797eae5187348bee11ee9f51317c4e8a201863b052786aa2f1df,823213c90703fd83224ad7122ee730ba64af3769ea517af252103bddd907f681,ACBBA,ideal,1.0,19,361,0.01,4,4,,,bayesian_acbba_topk_001_k4,/home/agxorin/topk_filter_study/simulator/scenarios/final_trial_500.csv,clue_search,completed,,,87,53,34,90,1,4,4,2,361,1081,0,,92,269,187,174,255,174,0.0,4.011111111111111,7.5,2.0,5.117647058823529,1.9333333333333333,acbba_entry:174;clue:8;collision_intent:91;state:87;target:1,22,98,0.011111111111111072,75,54.433581000000004,2.330817,17.521804,0.862767,24,36.911777,1.645915
305,dcta_parity_v1,custom,aa0724188407797eae5187348bee11ee9f51317c4e8a201863b052786aa2f1df,823213c90703fd83224ad7122ee730ba64af3769ea517af252103bddd907f681,ACBBA,ideal,1.0,19,361,0.01,4,4,,,bayesian_acbba_topk_001_k4,/home/agxorin/topk_filter_study/simulator/scenarios/final_trial_500.csv,clue_search,completed,,,344,200,144,282,66,26,1,1,1426,4275,0,,361,1065,717,709,1026,709,0.0,5.056737588652482,7.125,2.061046511627907,4.923611111111111,2.5141843971631204,acbba_entry:709;clue:12;collision_intent:360;state:344;target:1,88,358,0.04078014184397172,335,270.13975,17.697683,133.497314,12.10512,137,136.642436,17.132724
306,dcta_parity_v1,custom,aa0724188407797eae5187348bee11ee9f51317c4e8a201863b052786aa2f1df,823213c90703fd83224ad7122ee730ba64af3769ea517af252103bddd907f681,ACBBA,ideal,1.0,19,361,0.01,4,4,,,bayesian_acbba_topk_001_k4,/home/agxorin/topk_filter_study/simulator/scenarios/final_trial_500.csv,clue_search,completed,,,11,0,11,15,0,2,0,0,74,220,0,,13,61,28,46,74,46,0.0,4.933333333333334,6.7272727272727275,4.181818181818182,4.181818181818182,3.066666666666667,acbba_entry:46;clue:4;collision_intent:12;state:11;target:1,3,20,0.050000000000000044,9,20.693655999999997,2.473897,5.046228999999999,0.722409,9,15.647427,1.814148
307,dcta_parity_v1,custom,aa0724188407797eae5187348bee11ee9f51317c4e8a201863b052786aa2f1df,823213c90703fd83224ad7122ee730ba64af3769ea517af252103bddd907f681,ACBBA,ideal,1.0,19,361,0.01,4,4,,,bayesian_acbba_topk_001_k4,/home/agxorin/topk_filter_study/simulator/scenarios/final_trial_500.csv,clue_search,completed,,,132,132,0,136,0,0,0,0,266,796,0,,134,132,266,0,0,0,0.0,1.9558823529411764,0.0,0.0,0.0,0.0,collision_intent:133;state:132;target:1,33,67,0.0,131,4.141018,0.125383,4.141018,0.125383,0,0.0,0.0
308,dcta_parity_v1,custom,aa0724188407797eae5187348bee11ee9f51317c4e8a201863b052786aa2f1df,823213c90703fd83224ad7122ee730ba64af3769ea517af252103bddd907f681,ACBBA,ideal,1.0,19,361,0.01,4,4,,,bayesian_acbba_topk_001_k4,/home/agxorin/topk_filter_study/simulator/scenarios/final_trial_500.csv,clue_search,completed,,,413,85,328,296,121,44,1,1,1990,5965,0,,446,1544,871,1119,1820,1119,0.0,6.722972972972973,5.548780487804878,2.709443099273608,3.4115853658536586,3.7804054054054053,acbba_entry:1119;clue:12;collision_intent:445;state:413;target:1,113,515,0.042229729729729826,446,716.6290090000001,2.264957,356.50628500000005,1.562518,362,360.12272399999995,1.574839
309,dcta_parity_v1,custom,aa0724188407797eae5187348bee11ee9f51317c4e8a201863b052786aa2f1df,823213c90703fd83224ad7122ee730ba64af3769ea517af252103bddd907f681,ACBBA,ideal,1.0,19,361,0.01,4,4,,,bayesian_acbba_topk_001_k4,/home/agxorin/topk_filter_study/simulator/scenarios/final_trial_500.csv,clue_search,completed,,,207,37,170,193,18,22,1,1,1230,3687,0,,225,1005,436,794,1156,794,0.0,6.373056994818653,6.8,3.8357487922705316,4.670588235294118,4.1139896373057,acbba_entry:794;clue:4;collision_intent:224;state:207;target:1,58,322,0.060880829015544036,238,452.22370999999987,2.529579,197.56199500000002,1.482642,203,254.66171500000004,1.650267
310,dcta_parity_v1,custom,aa0724188407797eae5187348bee11ee9f51317c4e8a201863b052786aa2f1df,823213c90703fd83224ad7122ee730ba64af3769ea517af252103bddd907f681,ACBBA,ideal,1.0,19,361,0.01,4,4,,,bayesian_acbba_topk_001_k4,/home/agxorin/topk_filter_study/simulator/scenarios/final_trial_500.csv,clue_search,completed,,,321,70,251,252,73,30,10,9,1804,5410,0,,346,1458,675,1129,1664,1129,0.0,7.158730158730159,6.629482071713148,3.5171339563862927,4.49800796812749,4.48015873015873,acbba_entry:1129;clue:8;collision_intent:345;state:321;target:1,82,469,0.08134920634920628,254,531.6392960000001,26.846909,289.752553,25.732768,186,241.88674300000005,17.172588
311,dcta_parity_v1,custom,aa0724188407797eae5187348bee11ee9f51317c4e8a201863b052786aa2f1df,823213c90703fd83224ad7122ee730ba64af3769ea517af252103bddd907f681,ACBBA,ideal,1.0,19,361,0.01,4,4,,,bayesian_acbba_topk_001_k4,/home/agxorin/topk_filter_study/simulator/scenarios/final_trial_500.csv,clue_search,completed,,,537,20,517,345,196,44,4,3,2736,8205,0,,580,2156,1133,1603,2696,1603,0.0,7.930434782608696,5.214700193423598,2.985102420856611,3.1005802707930368,4.646376811594203,acbba_entry:1603;clue:16;collision_intent:579;state:537;target:1,141,695,0.09347826086956523,405,1077.1331420000001,21.180961,623.606779,19.907387,387,453.5263629999999,17.44092
312,dcta_parity_v1,custom,aa0724188407797eae5187348bee11ee9f51317c4e8a201863b052786aa2f1df,823213c90703fd83224ad7122ee730ba64af3769ea517af252103bddd907f681,ACBBA,ideal,1.0,19,361,0.01,4,4,,,bayesian_acbba_topk_001_k4,/home/agxorin/topk_filter_study/simulator/scenarios/final_trial_500.csv,clue_search,completed,,,40,14,26,43,1,1,0,0,142,423,0,,41,101,85,57,114,57,0.0,3.302325581395349,4.384615384615385,1.425,2.1923076923076925,1.3255813953488371,acbba_entry:57;clue:4;collision_intent:40;state:40;target:1,10,39,0.01744186046511631,21,21.012084,2.475878,6.112716000000001,0.82094,9,14.899367999999999,1.692348
313,dcta_parity_v1,custom,aa0724188407797eae5187348bee11ee9f51317c4e8a201863b052786aa2f1df,823213c90703fd83224ad7122ee730ba64af3769ea517af252103bddd907f681,ACBBA,ideal,1.0,19,361,0.01,4,4,,,bayesian_acbba_topk_001_k4,/home/agxorin/topk_filter_study/simulator/scenarios/final_trial_500.csv,clue_search,completed,,,181,68,113,158,27,10,5,3,912,2733,0,,193,719,386,526,776,526,0.0,5.772151898734177,6.867256637168142,2.9060773480662982,4.654867256637168,3.329113924050633,acbba_entry:526;clue:12;collision_intent:192;state:181;target:1,47,244,0.044303797468354444,176,239.649077,3.333364,85.83934499999998,1.420365,110,153.809732,2.533545
314,dcta_parity_v1,custom,aa0724188407797eae5187348bee11ee9f51317c4e8a201863b052786aa2f1df,823213c90703fd83224ad7122ee730ba64af3769ea517af252103bddd907f681,ACBBA,ideal,1.0,19,361,0.01,4,4,,,bayesian_acbba_topk_001_k4,/home/agxorin/topk_filter_study/simulator/scenarios/final_trial_500.csv,clue_search,completed,,,278,134,144,220,62,11,2,2,1291,3871,0,,292,999,586,705,1023,705,0.0,5.868181818181818,7.104166666666667,2.535971223021583,4.895833333333333,3.2045454545454546,acbba_entry:705;clue:16;collision_intent:291;state:278;target:1,72,330,0.06590909090909092,265,272.509824,9.270198,113.205062,1.917351,133,159.30476199999998,8.526734
315,dcta_parity_v1,custom,aa0724188407797eae5187348bee11ee9f51317c4e8a201863b052786aa2f1df,823213c90703fd83224ad7122ee730ba64af3769ea517af252103bddd907f681,ACBBA,ideal,1.0,19,361,0.01,4,4,,,bayesian_acbba_topk_001_k4,/home/agxorin/topk_filter_study/simulator/scenarios/final_trial_500.csv,clue_search,completed,,,64,64,0,68,0,0,0,0,129,385,0,,65,64,129,0,0,0,0.0,1.8970588235294117,0.0,0.0,0.0,0.0,collision_intent:64;state:64;target:1,16,33,0.0,62,2.038699,0.170057,2.038699,0.170057,0,0.0,0.0
316,dcta_parity_v1,custom,aa0724188407797eae5187348bee11ee9f51317c4e8a201863b052786aa2f1df,823213c90703fd83224ad7122ee730ba64af3769ea517af252103bddd907f681,ACBBA,ideal,1.0,19,361,0.01,4,4,,,bayesian_acbba_topk_001_k4,/home/agxorin/topk_filter_study/simulator/scenarios/final_trial_500.csv,clue_search,completed,,,352,8,344,262,94,48,7,7,2238,6711,0,,385,1853,749,1489,2222,1489,0.0,8.541984732824428,6.459302325581396,4.230113636363637,4.328488372093023,5.683206106870229,acbba_entry:1489;clue:12;collision_intent:384;state:352;target:1,96,577,0.03244274809160297,344,938.9330299999999,19.781131,496.30118499999986,2.559466,337,442.631845,18.87353
317,dcta_parity_v1,custom,aa0724188407797eae5187348bee11ee9f51317c4e8a201863b052786aa2f1df,823213c90703fd83224ad7122ee730ba64af3769ea517af252103bddd907f681,ACBBA,ideal,1.0,19,361,0.01,4,4,,,bayesian_acbba_topk_001_k4,/home/agxorin/topk_filter_study/simulator/scenarios/final_trial_500.csv,clue_search,completed,,,355,33,322,279,80,32,2,2,1994,5981,0,,379,1615,746,1248,1928,1248,0.0,7.146953405017921,5.987577639751553,3.515492957746479,3.875776397515528,4.473118279569892,acbba_entry:1248;clue:12;collision_intent:378;state:355;target:1,93,510,0.06899641577060933,281,616.078267,3.78161,315.5124140000001,3.042435,250,300.565853,1.992075
318,dcta_parity_v1,custom,aa0724188407797eae5187348bee11ee9f51317c4e8a201863b052786aa2f1df,823213c90703fd83224ad7122ee730ba64af3769ea517af252103bddd907f681,ACBBA,ideal,1.0,19,361,0.01,4,4,,,bayesian_acbba_topk_001_k4,/home/agxorin/topk_filter_study/simulator/scenarios/final_trial_500.csv,clue_search,completed,,,129,129,0,133,0,0,0,0,259,776,0,,130,129,259,0,0,0,0.0,1.9473684210526316,0.0,0.0,0.0,0.0,collision_intent:129;state:129;target:1,33,67,0.005639097744360999,127,4.207834,0.132263,4.207834,0.132263,0,0.0,0.0
319,dcta_parity_v1,custom,aa0724188407797eae5187348bee11ee9f51317c4e8a201863b052786aa2f1df,823213c90703fd83224ad7122ee730ba64af3769ea517af252103bddd907f681,ACBBA,ideal,1.0,19,361,0.01,4,4,,,bayesian_acbba_topk_001_k4,/home/agxorin/topk_filter_study/simulator/scenarios/final_trial_500.csv,clue_search,completed,,,343,125,218,276,71,14,0,0,1546,4636,0,,356,1190,703,843,1296,843,0.0,5.601449275362318,5.944954128440367,2.457725947521866,3.86697247706422,3.0543478260869565,acbba_entry:843;clue:4;collision_intent:355;state:343;target:1,92,402,0.05253623188405787,320,426.53165,2.957469,225.21256800000003,2.11128,197,201.31908200000004,1.849891
320,dcta_parity_v1,custom,aa0724188407797eae5187348bee11ee9f51317c4e8a201863b052786aa2f1df,823213c90703fd83224ad7122ee730ba64af3769ea517af252103bddd907f681,ACBBA,ideal,1.0,19,361,0.01,4,4,,,bayesian_acbba_topk_001_k4,/home/agxorin/topk_filter_study/simulator/scenarios/final_trial_500.csv,clue_search,completed,,,4,4,0,8,0,0,0,0,9,24,0,,5,4,9,0,0,0,0.0,1.125,0.0,0.0,0.0,0.0,collision_intent:4;state:4;target:1,1,3,0.0,4,0.281999,0.11511,0.281999,0.11511,0,0.0,0.0
321,dcta_parity_v1,custom,aa0724188407797eae5187348bee11ee9f51317c4e8a201863b052786aa2f1df,823213c90703fd83224ad7122ee730ba64af3769ea517af252103bddd907f681,ACBBA,ideal,1.0,19,361,0.01,4,4,,,bayesian_acbba_topk_001_k4,/home/agxorin/topk_filter_study/simulator/scenarios/final_trial_500.csv,clue_search,completed,,,431,109,322,352,83,30,1,1,2377,7127,0,,457,1920,900,1477,2159,1477,0.0,6.752840909090909,6.704968944099379,3.4269141531322505,4.586956521739131,4.1960227272727275,acbba_entry:1477;clue:12;collision_intent:456;state:431;target:1,111,620,0.02556818181818188,380,649.6390799999999,18.218696,354.48030700000004,16.942468,273,295.158773,17.182032
322,dcta_parity_v1,custom,aa0724188407797eae5187348bee11ee9f51317c4e8a201863b052786aa2f1df,823213c90703fd83224ad7122ee730ba64af3769ea517af252103bddd907f681,ACBBA,ideal,1.0,19,361,0.01,4,4,,,bayesian_acbba_topk_001_k4,/home/agxorin/topk_filter_study/simulator/scenarios/final_trial_500.csv,clue_search,completed,,,131,74,57,125,10,7,0,0,600,1797,0,,143,457,278,322,452,322,0.0,4.8,7.9298245614035086,2.4580152671755724,5.649122807017544,2.576,acbba_entry:322;clue:4;collision_intent:142;state:131;target:1,34,155,0.050000000000000044,139,135.304381,2.781299,42.54234700000001,0.840236,66,92.762034,2.020971
323,dcta_parity_v1,custom,aa0724188407797eae5187348bee11ee9f51317c4e8a201863b052786aa2f1df,823213c90703fd83224ad7122ee730ba64af3769ea517af252103bddd907f681,ACBBA,ideal,1.0,19,361,0.01,4,4,,,bayesian_acbba_topk_001_k4,/home/agxorin/topk_filter_study/simulator/scenarios/final_trial_500.csv,clue_search,completed,,,201,4,197,161,44,25,4,3,1244,3730,0,,215,1029,424,820,1236,820,0.0,7.726708074534161,6.274111675126903,4.079601990049751,4.16243654822335,5.093167701863354,acbba_entry:820;clue:8;collision_intent:214;state:201;target:1,53,320,0.079192546583851,138,350.48305100000005,18.742237,128.169419,9.272105,134,222.31363199999998,17.338068
324,dcta_parity_v1,custom,aa0724188407797eae5187348bee11ee9f51317c4e8a201863b052786aa2f1df,823213c90703fd83224ad7122ee730ba64af3769ea517af252103bddd907f681,ACBBA,ideal,1.0,19,361,0.01,4,4,,,bayesian_acbba_topk_001_k4,/home/agxorin/topk_filter_study/simulator/scenarios/final_trial_500.csv,clue_search,completed,,,168,164,4,171,1,0,0,0,353,1055,0,,169,184,341,12,25,12,0.0,2.064327485380117,6.25,0.07142857142857142,3.0,0.07017543859649122,acbba_entry:12;clue:4;collision_intent:168;state:168;target:1,42,89,0.004385964912280604,166,12.038045,1.892804,7.291171,0.712582,4,4.746874,1.20256
325,dcta_parity_v1,custom,aa0724188407797eae5187348bee11ee9f51317c4e8a201863b052786aa2f1df,823213c90703fd83224ad7122ee730ba64af3769ea517af252103bddd907f681,ACBBA,ideal,1.0,19,361,0.01,4,4,,,bayesian_acbba_topk_001_k4,/home/agxorin/topk_filter_study/simulator/scenarios/final_trial_500.csv,clue_search,completed,,,487,182,305,350,141,19,4,4,2048,6141,0,,505,1543,1004,1044,1684,1044,0.0,5.851428571428571,5.521311475409836,2.1437371663244353,3.422950819672131,2.9828571428571427,acbba_entry:1044;clue:12;collision_intent:504;state:487;target:1,125,524,0.0128571428571429,400,604.127491,30.313277,382.745186,17.845674,220,221.38230500000003,29.011
326,dcta_parity_v1,custom,aa0724188407797eae5187348bee11ee9f51317c4e8a201863b052786aa2f1df,823213c90703fd83224ad7122ee730ba64af3769ea517af252103bddd907f681,ACBBA,ideal,1.0,19,361,0.01,4,4,,,bayesian_acbba_topk_001_k4,/home/agxorin/topk_filter_study/simulator/scenarios/final_trial_500.csv,clue_search,completed,,,34,26,8,38,0,0,0,0,99,294,0,,35,64,73,26,47,26,0.0,2.6052631578947367,5.875,0.7647058823529411,3.25,0.6842105263157895,acbba_entry:26;clue:4;collision_intent:34;state:34;target:1,9,28,0.026315789473684292,29,12.037721000000001,2.348795,3.8736110000000004,0.694084,5,8.164109999999999,1.654711
327,dcta_parity_v1,custom,aa0724188407797eae5187348bee11ee9f51317c4e8a201863b052786aa2f1df,823213c90703fd83224ad7122ee730ba64af3769ea517af252103bddd907f681,ACBBA,ideal,1.0,19,361,0.01,4,4,,,bayesian_acbba_topk_001_k4,/home/agxorin/topk_filter_study/simulator/scenarios/final_trial_500.csv,clue_search,completed,,,106,49,57,107,3,6,0,0,513,1536,0,,111,402,221,292,415,292,0.0,4.794392523364486,7.280701754385965,2.7547169811320753,5.12280701754386,2.7289719626168223,acbba_entry:292;clue:4;collision_intent:110;state:106;target:1,28,134,0.030373831775700966,93,101.111827,2.362363,30.915026999999995,0.960914,46,70.1968,1.722043
328,dcta_parity_v1,custom,aa0724188407797eae5187348bee11ee9f51317c4e8a201863b052786aa2f1df,823213c90703fd83224ad7122ee730ba64af3769ea517af252103bddd907f681,ACBBA,ideal,1.0,19,361,0.01,4,4,,,bayesian_acbba_topk_001_k4,/home/agxorin/topk_filter_study/simulator/scenarios/final_trial_500.csv,clue_search,completed,,,65,62,3,69,0,0,0,0,148,441,0,,67,81,136,12,24,12,0.0,2.1449275362318843,8.0,0.18461538461538463,4.0,0.17391304347826086,acbba_entry:12;clue:4;collision_intent:66;state:65;target:1,17,39,0.010869565217391353,64,10.830231000000001,2.307033,4.322595,0.659683,4,6.507636000000001,1.700217
329,dcta_parity_v1,custom,aa0724188407797eae5187348bee11ee9f51317c4e8a201863b052786aa2f1df,823213c90703fd83224ad7122ee730ba64af3769ea517af252103bddd907f681,ACBBA,ideal,1.0,19,361,0.01,4,4,,,bayesian_acbba_topk_001_k4,/home/agxorin/topk_filter_study/simulator/scenarios/final_trial_500.csv,clue_search,completed,,,263,50,213,220,47,19,1,1,1393,4176,0,,282,1111,553,840,1293,840,0.0,6.331818181818182,6.070422535211268,3.193916349809886,3.943661971830986,3.8181818181818183,acbba_entry:840;clue:8;collision_intent:281;state:263;target:1,69,360,0.07272727272727275,225,376.781627,2.518948,165.048568,1.546929,177,211.73305900000003,1.580595
330,dcta_parity_v1,custom,aa0724188407797eae5187348bee11ee9f51317c4e8a201863b052786aa2f1df,823213c90703fd83224ad7122ee730ba64af3769ea517af252103bddd907f681,ACBBA,ideal,1.0,19,361,0.01,4,4,,,bayesian_acbba_topk_001_k4,/home/agxorin/topk_filter_study/simulator/scenarios/final_trial_500.csv,clue_search,completed,,,362,161,201,272,94,22,1,1,1474,4420,0,,374,1100,748,726,1151,726,0.0,5.419117647058823,5.72636815920398,2.005524861878453,3.611940298507463,2.6691176470588234,acbba_entry:726;clue:12;collision_intent:373;state:362;target:1,95,378,0.06801470588235303,308,262.56897699999996,2.129999,119.91423999999999,1.356391,148,142.65473699999995,1.287524
331,dcta_parity_v1,custom,aa0724188407797eae5187348bee11ee9f51317c4e8a201863b052786aa2f1df,823213c90703fd83224ad7122ee730ba64af3769ea517af252103bddd907f681,ACBBA,ideal,1.0,19,361,0.01,4,4,,,bayesian_acbba_topk_001_k4,/home/agxorin/topk_filter_study/simulator/scenarios/final_trial_500.csv,clue_search,completed,,,387,17,370,299,92,39,4,3,2359,7071,0,,421,1938,820,1539,2324,1539,0.0,7.889632107023411,6.281081081081081,3.9767441860465116,4.15945945945946,5.147157190635451,acbba_entry:1539;clue:12;collision_intent:420;state:387;target:1,101,597,0.01755852842809369,303,748.6087960000001,18.64084,386.3318509999999,2.284117,287,362.276945,17.479244
332,dcta_parity_v1,custom,aa0724188407797eae5187348bee11ee9f51317c4e8a201863b052786aa2f1df,823213c90703fd83224ad7122ee730ba64af3769ea517af252103bddd907f681,ACBBA,ideal,1.0,19,361,0.01,4,4,,,bayesian_acbba_topk_001_k4,/home/agxorin/topk_filter_study/simulator/scenarios/final_trial_500.csv,clue_search,completed,,,52,40,12,56,0,1,0,0,181,542,0,,57,124,113,68,101,68,0.0,3.232142857142857,8.416666666666666,1.3076923076923077,5.666666666666667,1.2142857142857142,acbba_entry:68;clue:4;collision_intent:56;state:52;target:1,14,47,0.02678571428571419,55,37.071071,2.320184,9.202526,0.669123,17,27.868544999999997,1.77174
333,dcta_parity_v1,custom,aa0724188407797eae5187348bee11ee9f51317c4e8a201863b052786aa2f1df,823213c90703fd83224ad7122ee730ba64af3769ea517af252103bddd907f681,ACBBA,ideal,1.0,19,361,0.01,4,4,,,bayesian_acbba_topk_001_k4,/home/agxorin/topk_filter_study/simulator/scenarios/final_trial_500.csv,clue_search,completed,,,124,14,110,112,16,13,2,2,706,2114,0,,132,574,268,438,678,438,0.0,6.303571428571429,6.163636363636364,3.532258064516129,3.981818181818182,3.9107142857142856,acbba_entry:438;clue:12;collision_intent:131;state:124;target:1,32,183,0.03125,86,173.204982,4.070675,50.921459999999996,1.072215,74,122.283522,3.507926
334,dcta_parity_v1,custom,aa0724188407797eae5187348bee11ee9f51317c4e8a201863b052786aa2f1df,823213c90703fd83224ad7122ee730ba64af3769ea517af252103bddd907f681,ACBBA,ideal,1.0,19,361,0.01,4,4,,,bayesian_acbba_topk_001_k4,/home/agxorin/topk_filter_study/simulator/scenarios/final_trial_500.csv,clue_search,completed,,,24,24,0,28,0,0,0,0,49,145,0,,25,24,49,0,0,0,0.0,1.75,0.0,0.0,0.0,0.0,collision_intent:24;state:24;target:1,6,13,0.0,22,0.823566,0.110757,0.823566,0.110757,0,0.0,0.0
335,dcta_parity_v1,custom,aa0724188407797eae5187348bee11ee9f51317c4e8a201863b052786aa2f1df,823213c90703fd83224ad7122ee730ba64af3769ea517af252103bddd907f681,ACBBA,ideal,1.0,19,361,0.01,4,4,,,bayesian_acbba_topk_001_k4,/home/agxorin/topk_filter_study/simulator/scenarios/final_trial_500.csv,clue_search,completed,,,106,55,51,106,4,8,0,0,533,1595,0,,111,422,225,308,423,308,0.0,5.028301886792453,8.294117647058824,2.9056603773584904,6.03921568627451,2.9056603773584904,acbba_entry:308;clue:8;collision_intent:110;state:106;target:1,28,138,0.037735849056603765,109,262.459645,26.399092,73.59632400000001,16.815397,56,188.863321,25.690351
336,dcta_parity_v1,custom,aa0724188407797eae5187348bee11ee9f51317c4e8a201863b052786aa2f1df,823213c90703fd83224ad7122ee730ba64af3769ea517af252103bddd907f681,ACBBA,ideal,1.0,19,361,0.01,4,4,,,bayesian_acbba_topk_001_k4,/home/agxorin/topk_filter_study/simulator/scenarios/final_trial_500.csv,clue_search,completed,,,83,35,48,86,1,3,0,0,456,1365,0,,86,370,173,283,386,283,0.0,5.3023255813953485,8.041666666666666,3.4096385542168677,5.895833333333333,3.2906976744186047,acbba_entry:283;clue:4;collision_intent:85;state:83;target:1,21,118,0.01744186046511631,70,99.621167,18.426264,23.884972,0.896015,37,75.73619500000001,17.764726
337,dcta_parity_v1,custom,aa0724188407797eae5187348bee11ee9f51317c4e8a201863b052786aa2f1df,823213c90703fd83224ad7122ee730ba64af3769ea517af252103bddd907f681,ACBBA,ideal,1.0,19,361,0.01,4,4,,,bayesian_acbba_topk_001_k4,/home/agxorin/topk_filter_study/simulator/scenarios/final_trial_500.csv,clue_search,completed,,,513,31,482,356,161,51,12,10,3173,9516,0,,562,2611,1091,2082,3111,2082,0.0,8.912921348314606,6.454356846473029,4.058479532163743,4.319502074688796,5.848314606741573,acbba_entry:2082;clue:16;collision_intent:561;state:513;target:1,138,801,0.1053370786516854,463,1285.7577999999996,18.714946,806.258947,17.414753,434,479.49885300000005,17.299705
338,dcta_parity_v1,custom,aa0724188407797eae5187348bee11ee9f51317c4e8a201863b052786aa2f1df,823213c90703fd83224ad7122ee730ba64af3769ea517af252103bddd907f681,ACBBA,ideal,1.0,19,361,0.01,4,4,,,bayesian_acbba_topk_001_k4,/home/agxorin/topk_filter_study/simulator/scenarios/final_trial_500.csv,clue_search,completed,,,446,52,394,325,125,44,6,6,2521,7560,0,,476,2045,934,1587,2417,1587,0.0,7.756923076923077,6.134517766497462,3.5582959641255605,4.027918781725888,4.883076923076923,acbba_entry:1587;clue:12;collision_intent:475;state:446;target:1,116,655,0.00846153846153852,421,899.752329,18.28679,524.3338230000002,16.727734,371,375.4185059999999,17.513951
339,dcta_parity_v1,custom,aa0724188407797eae5187348bee11ee9f51317c4e8a201863b052786aa2f1df,823213c90703fd83224ad7122ee730ba64af3769ea517af252103bddd907f681,ACBBA,ideal,1.0,19,361,0.01,4,4,,,bayesian_acbba_topk_001_k4,/home/agxorin/topk_filter_study/simulator/scenarios/final_trial_500.csv,clue_search,completed,,,66,0,66,61,9,9,1,1,477,1429,0,,70,407,140,337,477,337,0.0,7.819672131147541,7.2272727272727275,5.106060606060606,5.106060606060606,5.524590163934426,acbba_entry:337;clue:4;collision_intent:69;state:66;target:1,17,121,0.09426229508196715,44,106.68788799999999,3.456272,32.25716,1.255168,44,74.430728,2.611653
340,dcta_parity_v1,custom,aa0724188407797eae5187348bee11ee9f51317c4e8a201863b052786aa2f1df,823213c90703fd83224ad7122ee730ba64af3769ea517af252103bddd907f681,ACBBA,ideal,1.0,19,361,0.01,4,4,,,bayesian_acbba_topk_001_k4,/home/agxorin/topk_filter_study/simulator/scenarios/final_trial_500.csv,clue_search,completed,,,54,34,20,58,0,1,0,0,161,477,0,,57,104,115,46,93,46,0.0,2.7758620689655173,4.65,0.8518518518518519,2.3,0.7931034482758621,acbba_entry:46;clue:4;collision_intent:56;state:54;target:1,14,42,0.01724137931034475,40,18.585104,2.317974,5.777124000000001,0.674435,8,12.80798,1.643539
341,dcta_parity_v1,custom,aa0724188407797eae5187348bee11ee9f51317c4e8a201863b052786aa2f1df,823213c90703fd83224ad7122ee730ba64af3769ea517af252103bddd907f681,ACBBA,ideal,1.0,19,361,0.01,4,4,,,bayesian_acbba_topk_001_k4,/home/agxorin/topk_filter_study/simulator/scenarios/final_trial_500.csv,clue_search,completed,,,7,7,0,11,0,0,0,0,16,45,0,,9,7,16,0,0,0,0.0,1.4545454545454546,0.0,0.0,0.0,0.0,collision_intent:8;state:7;target:1,2,5,0.06818181818181812,7,0.420565,0.119302,0.420565,0.119302,0,0.0,0.0
342,dcta_parity_v1,custom,aa0724188407797eae5187348bee11ee9f51317c4e8a201863b052786aa2f1df,823213c90703fd83224ad7122ee730ba64af3769ea517af252103bddd907f681,ACBBA,ideal,1.0,19,361,0.01,4,4,,,bayesian_acbba_topk_001_k4,/home/agxorin/topk_filter_study/simulator/scenarios/final_trial_500.csv,clue_search,completed,,,35,35,0,39,0,0,0,0,71,211,0,,36,35,71,0,0,0,0.0,1.8205128205128205,0.0,0.0,0.0,0.0,collision_intent:35;state:35;target:1,9,19,0.019230769230769162,33,1.184094,0.122662,1.184094,0.122662,0,0.0,0.0
343,dcta_parity_v1,custom,aa0724188407797eae5187348bee11ee9f51317c4e8a201863b052786aa2f1df,823213c90703fd83224ad7122ee730ba64af3769ea517af252103bddd907f681,ACBBA,ideal,1.0,19,361,0.01,4,4,,,bayesian_acbba_topk_001_k4,/home/agxorin/topk_filter_study/simulator/scenarios/final_trial_500.csv,clue_search,completed,,,69,14,55,69,4,3,0,0,347,1039,0,,73,274,146,201,319,201,0.0,5.028985507246377,5.8,2.9130434782608696,3.6545454545454548,2.9130434782608696,acbba_entry:201;clue:4;collision_intent:72;state:69;target:1,19,89,0.07608695652173902,57,155.43866500000001,18.274142,29.324846,1.031573,45,126.11381899999999,17.673728
344,dcta_parity_v1,custom,aa0724188407797eae5187348bee11ee9f51317c4e8a201863b052786aa2f1df,823213c90703fd83224ad7122ee730ba64af3769ea517af252103bddd907f681,ACBBA,ideal,1.0,19,361,0.01,4,4,,,bayesian_acbba_topk_001_k4,/home/agxorin/topk_filter_study/simulator/scenarios/final_trial_500.csv,clue_search,completed,,,58,58,0,62,0,0,0,0,117,349,0,,59,58,117,0,0,0,0.0,1.8870967741935485,0.0,0.0,0.0,0.0,collision_intent:58;state:58;target:1,15,31,0.016129032258064502,56,1.8521960000000002,0.114342,1.8521960000000002,0.114342,0,0.0,0.0
345,dcta_parity_v1,custom,aa0724188407797eae5187348bee11ee9f51317c4e8a201863b052786aa2f1df,823213c90703fd83224ad7122ee730ba64af3769ea517af252103bddd907f681,ACBBA,ideal,1.0,19,361,0.01,4,4,,,bayesian_acbba_topk_001_k4,/home/agxorin/topk_filter_study/simulator/scenarios/final_trial_500.csv,clue_search,completed,,,134,134,0,138,0,0,0,0,269,802,0,,135,134,269,0,0,0,0.0,1.9492753623188406,0.0,0.0,0.0,0.0,collision_intent:134;state:134;target:1,34,69,0.007246376811594235,132,4.087343,0.117894,4.087343,0.117894,0,0.0,0.0
346,dcta_parity_v1,custom,aa0724188407797eae5187348bee11ee9f51317c4e8a201863b052786aa2f1df,823213c90703fd83224ad7122ee730ba64af3769ea517af252103bddd907f681,ACBBA,ideal,1.0,19,361,0.01,4,4,,,bayesian_acbba_topk_001_k4,/home/agxorin/topk_filter_study/simulator/scenarios/final_trial_500.csv,clue_search,completed,,,165,34,131,152,17,12,1,1,935,2803,0,,179,756,356,579,867,579,0.0,6.151315789473684,6.6183206106870225,3.5090909090909093,4.419847328244275,3.8092105263157894,acbba_entry:579;clue:12;collision_intent:178;state:165;target:1,45,248,0.046052631578947345,166,298.19157899999993,2.907155,105.441067,1.61109,134,192.750512,1.739768
347,dcta_parity_v1,custom,aa0724188407797eae5187348bee11ee9f51317c4e8a201863b052786aa2f1df,823213c90703fd83224ad7122ee730ba64af3769ea517af252103bddd907f681,ACBBA,ideal,1.0,19,361,0.01,4,4,,,bayesian_acbba_topk_001_k4,/home/agxorin/topk_filter_study/simulator/scenarios/final_trial_500.csv,clue_search,completed,,,203,29,174,178,29,8,1,1,1180,3537,0,,217,963,424,756,1121,756,0.0,6.629213483146067,6.442528735632184,3.7241379310344827,4.344827586206897,4.247191011235955,acbba_entry:756;clue:4;collision_intent:216;state:203;target:1,55,302,0.05337078651685401,172,344.532985,18.628203,145.624077,17.303688,144,198.90890799999997,1.718967
348,dcta_parity_v1,custom,aa0724188407797eae5187348bee11ee9f51317c4e8a201863b052786aa2f1df,823213c90703fd83224ad7122ee730ba64af3769ea517af252103bddd907f681,ACBBA,ideal,1.0,19,361,0.01,4,4,,,bayesian_acbba_topk_001_k4,/home/agxorin/topk_filter_study/simulator/scenarios/final_trial_500.csv,clue_search,completed,,,493,26,467,341,156,55,6,5,2496,7486,0,,534,1962,1043,1453,2444,1453,0.0,7.319648093841642,5.233404710920771,2.947261663286004,3.1113490364025695,4.26099706744868,acbba_entry:1453;clue:16;collision_intent:533;state:493;target:1,127,635,0.03445747800586507,388,838.195644,20.681612,455.3987219999999,19.705787,364,382.796922,4.96665
349,dcta_parity_v1,custom,aa0724188407797eae5187348bee11ee9f51317c4e8a201863b052786aa2f1df,823213c90703fd83224ad7122ee730ba64af3769ea517af252103bddd907f681,ACBBA,ideal,1.0,19,361,0.01,4,4,,,bayesian_acbba_topk_001_k4,/home/agxorin/topk_filter_study/simulator/scenarios/final_trial_500.csv,clue_search,completed,,,181,108,73,169,16,10,1,1,810,2429,0,,184,626,373,437,594,437,0.0,4.792899408284024,8.136986301369863,2.414364640883978,5.986301369863014,2.5857988165680474,acbba_entry:437;clue:8;collision_intent:183;state:181;target:1,46,205,0.028106508875739733,162,118.18961699999998,2.278546,45.944855000000004,1.020498,56,72.24476200000001,1.556814
350,dcta_parity_v1,custom,aa0724188407797eae5187348bee11ee9f51317c4e8a201863b052786aa2f1df,823213c90703fd83224ad7122ee730ba64af3769ea517af252103bddd907f681,ACBBA,ideal,1.0,19,361,0.01,4,4,,,bayesian_acbba_topk_001_k4,/home/agxorin/topk_filter_study/simulator/scenarios/final_trial_500.csv,clue_search,completed,,,46,46,0,50,0,0,0,0,93,275,0,,47,46,93,0,0,0,0.0,1.86,0.0,0.0,0.0,0.0,collision_intent:46;state:46;target:1,12,25,0.020000000000000018,44,1.414762,0.120006,1.414762,0.120006,0,0.0,0.0
351,dcta_parity_v1,custom,aa0724188407797eae5187348bee11ee9f51317c4e8a201863b052786aa2f1df,823213c90703fd83224ad7122ee730ba64af3769ea517af252103bddd907f681,ACBBA,ideal,1.0,19,361,0.01,4,4,,,bayesian_acbba_topk_001_k4,/home/agxorin/topk_filter_study/simulator/scenarios/final_trial_500.csv,clue_search,completed,,,155,155,0,159,0,0,0,0,312,932,0,,157,155,312,0,0,0,0.0,1.9622641509433962,0.0,0.0,0.0,0.0,collision_intent:156;state:155;target:1,39,79,0.004716981132075526,154,4.793679,0.122439,4.793679,0.122439,0,0.0,0.0
352,dcta_parity_v1,custom,aa0724188407797eae5187348bee11ee9f51317c4e8a201863b052786aa2f1df,823213c90703fd83224ad7122ee730ba64af3769ea517af252103bddd907f681,ACBBA,ideal,1.0,19,361,0.01,4,4,,,bayesian_acbba_topk_001_k4,/home/agxorin/topk_filter_study/simulator/scenarios/final_trial_500.csv,clue_search,completed,,,126,110,16,129,1,2,0,0,341,1020,0,,128,213,262,79,121,79,0.0,2.643410852713178,7.5625,0.626984126984127,4.9375,0.6124031007751938,acbba_entry:79;clue:8;collision_intent:127;state:126;target:1,32,88,0.013565891472868241,119,27.997982,4.819793,12.514873999999999,3.314502,11,15.483107999999998,1.505291
353,dcta_parity_v1,custom,aa0724188407797eae5187348bee11ee9f51317c4e8a201863b052786aa2f1df,823213c90703fd83224ad7122ee730ba64af3769ea517af252103bddd907f681,ACBBA,ideal,1.0,19,361,0.01,4,4,,,bayesian_acbba_topk_001_k4,/home/agxorin/topk_filter_study/simulator/scenarios/final_trial_500.csv,clue_search,completed,,,233,24,209,182,55,26,1,1,1353,4057,0,,251,1102,492,861,1305,861,0.0,7.434065934065934,6.244019138755981,3.6952789699570814,4.119617224880383,4.730769230769231,acbba_entry:861;clue:8;collision_intent:250;state:233;target:1,62,343,0.052197802197802234,196,406.267257,18.451157,151.21839300000002,1.295553,174,255.048864,17.242201
354,dcta_parity_v1,custom,aa0724188407797eae5187348bee11ee9f51317c4e8a201863b052786aa2f1df,823213c90703fd83224ad7122ee730ba64af3769ea517af252103bddd907f681,ACBBA,ideal,1.0,19,361,0.01,4,4,,,bayesian_acbba_topk_001_k4,/home/agxorin/topk_filter_study/simulator/scenarios/final_trial_500.csv,clue_search,completed,,,62,24,38,63,3,4,0,0,326,974,0,,66,260,132,194,278,194,0.0,5.174603174603175,7.315789473684211,3.129032258064516,5.105263157894737,3.0793650793650795,acbba_entry:194;clue:4;collision_intent:65;state:62;target:1,16,85,0.04365079365079372,51,65.178572,2.387702,18.222158,0.794056,29,46.956414,1.729078
355,dcta_parity_v1,custom,aa0724188407797eae5187348bee11ee9f51317c4e8a201863b052786aa2f1df,823213c90703fd83224ad7122ee730ba64af3769ea517af252103bddd907f681,ACBBA,ideal,1.0,19,361,0.01,4,4,,,bayesian_acbba_topk_001_k4,/home/agxorin/topk_filter_study/simulator/scenarios/final_trial_500.csv,clue_search,completed,,,106,67,39,107,3,4,0,0,441,1318,0,,111,330,221,220,306,220,0.0,4.121495327102804,7.846153846153846,2.0754716981132075,5.641025641025641,2.05607476635514,acbba_entry:220;clue:4;collision_intent:110;state:106;target:1,27,115,0.02102803738317749,101,74.63099299999999,2.266385,22.736381,0.802631,35,51.894611999999995,1.583887
356,dcta_parity_v1,custom,aa0724188407797eae5187348bee11ee9f51317c4e8a201863b052786aa2f1df,823213c90703fd83224ad7122ee730ba64af3769ea517af252103bddd907f681,ACBBA,ideal,1.0,19,361,0.01,4,4,,,bayesian_acbba_topk_001_k4,/home/agxorin/topk_filter_study/simulator/scenarios/final_trial_500.csv,clue_search,completed,,,253,39,214,198,59,24,1,1,1272,3811,0,,270,1002,535,737,1194,737,0.0,6.424242424242424,5.579439252336448,2.9130434782608696,3.44392523364486,3.7222222222222223,acbba_entry:737;clue:12;collision_intent:269;state:253;target:1,70,334,0.08080808080808088,232,600.713497,26.516515,174.10254199999997,16.872165,195,426.610955,25.658424
357,dcta_parity_v1,custom,aa0724188407797eae5187348bee11ee9f51317c4e8a201863b052786aa2f1df,823213c90703fd83224ad7122ee730ba64af3769ea517af252103bddd907f681,ACBBA,ideal,1.0,19,361,0.01,4,4,,,bayesian_acbba_topk_001_k4,/home/agxorin/topk_filter_study/simulator/scenarios/final_trial_500.csv,clue_search,completed,,,417,23,394,294,127,35,4,4,2274,6819,0,,443,1831,872,1402,2228,1402,0.0,7.73469387755102,5.654822335025381,3.3621103117505995,3.5583756345177666,4.7687074829931975,acbba_entry:1402;clue:12;collision_intent:442;state:417;target:1,111,582,0.09013605442176864,332,779.0013769999998,18.628308,414.67054699999994,2.130985,311,364.33083,16.800602
358,dcta_parity_v1,custom,aa0724188407797eae5187348bee11ee9f51317c4e8a201863b052786aa2f1df,823213c90703fd83224ad7122ee730ba64af3769ea517af252103bddd907f681,ACBBA,ideal,1.0,19,361,0.01,4,4,,,bayesian_acbba_topk_001_k4,/home/agxorin/topk_filter_study/simulator/scenarios/final_trial_500.csv,clue_search,completed,,,225,111,114,209,20,10,0,0,986,2953,0,,228,758,461,525,763,525,0.0,4.717703349282297,6.692982456140351,2.3333333333333335,4.605263157894737,2.511961722488038,acbba_entry:525;clue:8;collision_intent:227;state:225;target:1,57,250,0.022727272727272707,178,159.34699299999997,18.050165,77.988915,16.972352,68,81.35807799999999,1.406853
359,dcta_parity_v1,custom,aa0724188407797eae5187348bee11ee9f51317c4e8a201863b052786aa2f1df,823213c90703fd83224ad7122ee730ba64af3769ea517af252103bddd907f681,ACBBA,ideal,1.0,19,361,0.01,4,4,,,bayesian_acbba_topk_001_k4,/home/agxorin/topk_filter_study/simulator/scenarios/final_trial_500.csv,clue_search,completed,,,334,12,322,267,71,23,1,1,2068,6202,0,,352,1716,698,1370,2044,1370,0.0,7.745318352059925,6.3478260869565215,4.1017964071856285,4.254658385093168,5.131086142322097,acbba_entry:1370;clue:12;collision_intent:351;state:334;target:1,89,528,0.023408239700374533,280,700.6560489999999,15.838568,376.50385700000004,14.222777,270,324.1521919999999,1.826618
360,dcta_parity_v1,custom,aa0724188407797eae5187348bee11ee9f51317c4e8a201863b052786aa2f1df,823213c90703fd83224ad7122ee730ba64af3769ea517af252103bddd907f681,ACBBA,ideal,1.0,19,361,0.01,4,4,,,bayesian_acbba_topk_001_k4,/home/agxorin/topk_filter_study/simulator/scenarios/final_trial_500.csv,clue_search,completed,,,278,98,180,222,60,18,5,5,1248,3739,0,,297,951,583,665,1052,665,0.0,5.621621621621622,5.844444444444444,2.3920863309352516,3.6944444444444446,2.9954954954954953,acbba_entry:665;clue:8;collision_intent:296;state:278;target:1,71,324,0.03603603603603611,221,317.236982,22.53457,144.32109099999997,21.165063,125,172.915891,17.151172
361,dcta_parity_v1,custom,aa0724188407797eae5187348bee11ee9f51317c4e8a201863b052786aa2f1df,823213c90703fd83224ad7122ee730ba64af3769ea517af252103bddd907f681,ACBBA,ideal,1.0,19,361,0.01,4,4,,,bayesian_acbba_topk_001_k4,/home/agxorin/topk_filter_study/simulator/scenarios/final_trial_500.csv,clue_search,completed,,,24,12,12,27,1,1,0,0,121,359,0,,25,96,53,68,97,68,0.0,4.481481481481482,8.083333333333334,2.8333333333333335,5.666666666666667,2.5185185185185186,acbba_entry:68;clue:4;collision_intent:24;state:24;target:1,6,32,0.02777777777777768,20,23.839054,2.520123,6.462433,0.682273,10,17.376621,1.840505
362,dcta_parity_v1,custom,aa0724188407797eae5187348bee11ee9f51317c4e8a201863b052786aa2f1df,823213c90703fd83224ad7122ee730ba64af3769ea517af252103bddd907f681,ACBBA,ideal,1.0,19,361,0.01,4,4,,,bayesian_acbba_topk_001_k4,/home/agxorin/topk_filter_study/simulator/scenarios/final_trial_500.csv,clue_search,completed,,,240,67,173,174,70,34,2,2,1487,4459,0,,259,1228,507,980,1352,980,0.0,8.545977011494253,7.815028901734104,4.083333333333333,5.664739884393064,5.632183908045977,acbba_entry:980;clue:8;collision_intent:258;state:240;target:1,62,379,0.08045977011494254,228,404.43334600000003,22.723312,194.886194,21.522741,162,209.54715199999998,1.568844
363,dcta_parity_v1,custom,aa0724188407797eae5187348bee11ee9f51317c4e8a201863b052786aa2f1df,823213c90703fd83224ad7122ee730ba64af3769ea517af252103bddd907f681,ACBBA,ideal,1.0,19,361,0.01,4,4,,,bayesian_acbba_topk_001_k4,/home/agxorin/topk_filter_study/simulator/scenarios/final_trial_500.csv,clue_search,completed,,,162,75,87,148,18,4,0,0,751,2251,0,,166,585,332,419,601,419,0.0,5.074324324324325,6.908045977011494,2.5864197530864197,4.816091954022989,2.831081081081081,acbba_entry:419;clue:4;collision_intent:165;state:162;target:1,42,192,0.03378378378378377,133,149.727574,18.492512,64.413971,17.143135,60,85.313603,1.567436
364,dcta_parity_v1,custom,aa0724188407797eae5187348bee11ee9f51317c4e8a201863b052786aa2f1df,823213c90703fd83224ad7122ee730ba64af3769ea517af252103bddd907f681,ACBBA,ideal,1.0,19,361,0.01,4,4,,,bayesian_acbba_topk_001_k4,/home/agxorin/topk_filter_study/simulator/scenarios/final_trial_500.csv,clue_search,completed,,,184,21,163,168,20,11,1,1,1082,3244,0,,194,888,386,696,1040,696,0.0,6.440476190476191,6.380368098159509,3.782608695652174,4.269938650306749,4.142857142857143,acbba_entry:696;clue:8;collision_intent:193;state:184;target:1,52,285,0.0714285714285714,171,454.464152,18.52861,179.49725099999998,16.729418,152,274.966901,17.754205
365,dcta_parity_v1,custom,aa0724188407797eae5187348bee11ee9f51317c4e8a201863b052786aa2f1df,823213c90703fd83224ad7122ee730ba64af3769ea517af252103bddd907f681,ACBBA,ideal,1.0,19,361,0.01,4,4,,,bayesian_acbba_topk_001_k4,/home/agxorin/topk_filter_study/simulator/scenarios/final_trial_500.csv,clue_search,completed,,,82,60,22,84,2,3,0,0,290,867,0,,83,207,177,113,170,113,0.0,3.4523809523809526,7.7272727272727275,1.3780487804878048,5.136363636363637,1.3452380952380953,acbba_entry:113;clue:12;collision_intent:82;state:82;target:1,21,75,0.017857142857142794,74,36.582853,2.358962,11.659153,0.705666,16,24.9237,1.758933
366,dcta_parity_v1,custom,aa0724188407797eae5187348bee11ee9f51317c4e8a201863b052786aa2f1df,823213c90703fd83224ad7122ee730ba64af3769ea517af252103bddd907f681,ACBBA,ideal,1.0,19,361,0.01,4,4,,,bayesian_acbba_topk_001_k4,/home/agxorin/topk_filter_study/simulator/scenarios/final_trial_500.csv,clue_search,completed,,,366,40,326,268,102,42,9,7,1731,5190,0,,401,1330,779,952,1651,952,0.0,6.458955223880597,5.064417177914111,2.601092896174863,2.920245398773006,3.5522388059701493,acbba_entry:952;clue:12;collision_intent:400;state:366;target:1,100,457,0.0951492537313432,334,611.2231899999999,3.666033,267.72645700000004,2.311856,296,343.49673300000006,2.697058
367,dcta_parity_v1,custom,aa0724188407797eae5187348bee11ee9f51317c4e8a201863b052786aa2f1df,823213c90703fd83224ad7122ee730ba64af3769ea517af252103bddd907f681,ACBBA,ideal,1.0,19,361,0.01,4,4,,,bayesian_acbba_topk_001_k4,/home/agxorin/topk_filter_study/simulator/scenarios/final_trial_500.csv,clue_search,completed,,,112,33,79,107,9,7,0,0,647,1936,0,,115,532,231,416,581,416,0.0,6.046728971962617,7.3544303797468356,3.7142857142857144,5.265822784810126,3.8878504672897196,acbba_entry:416;clue:4;collision_intent:114;state:112;target:1,29,167,0.016355140186915973,87,145.876169,18.531131,42.556484999999995,1.130679,56,103.319684,17.793015
368,dcta_parity_v1,custom,aa0724188407797eae5187348bee11ee9f51317c4e8a201863b052786aa2f1df,823213c90703fd83224ad7122ee730ba64af3769ea517af252103bddd907f681,ACBBA,ideal,1.0,19,361,0.01,4,4,,,bayesian_acbba_topk_001_k4,/home/agxorin/topk_filter_study/simulator/scenarios/final_trial_500.csv,clue_search,completed,,,516,17,499,339,181,38,40,39,2904,8709,0,,571,2333,1103,1801,2869,1801,0.0,8.56637168141593,5.749498997995992,3.49031007751938,3.6092184368737477,5.312684365781711,acbba_entry:1801;clue:16;collision_intent:570;state:516;target:1,135,747,0.17772861356932146,323,854.403009,19.24652,521.9865440000001,18.505876,307,332.416465,1.769525
369,dcta_parity_v1,custom,aa0724188407797eae5187348bee11ee9f51317c4e8a201863b052786aa2f1df,823213c90703fd83224ad7122ee730ba64af3769ea517af252103bddd907f681,ACBBA,ideal,1.0,19,361,0.01,4,4,,,bayesian_acbba_topk_001_k4,/home/agxorin/topk_filter_study/simulator/scenarios/final_trial_500.csv,clue_search,completed,,,70,70,0,74,0,0,0,0,141,423,0,,71,70,141,0,0,0,0.0,1.9054054054054055,0.0,0.0,0.0,0.0,collision_intent:70;state:70;target:1,18,37,0.013513513513513598,68,2.203622,0.159656,2.203622,0.159656,0,0.0,0.0
370,dcta_parity_v1,custom,aa0724188407797eae5187348bee11ee9f51317c4e8a201863b052786aa2f1df,823213c90703fd83224ad7122ee730ba64af3769ea517af252103bddd907f681,ACBBA,ideal,1.0,19,361,0.01,4,4,,,bayesian_acbba_topk_001_k4,/home/agxorin/topk_filter_study/simulator/scenarios/final_trial_500.csv,clue_search,completed,,,236,217,19,235,5,2,0,0,586,1756,0,,239,347,483,103,152,103,0.0,2.4936170212765956,8.0,0.4364406779661017,5.421052631578948,0.43829787234042555,acbba_entry:103;clue:8;collision_intent:238;state:236;target:1,59,150,0.011702127659574568,231,31.551007999999996,2.102436,15.871925999999998,0.711297,16,15.679082,1.391139
371,dcta_parity_v1,custom,aa0724188407797eae5187348bee11ee9f51317c4e8a201863b052786aa2f1df,823213c90703fd83224ad7122ee730ba64af3769ea517af252103bddd907f681,ACBBA,ideal,1.0,19,361,0.01,4,4,,,bayesian_acbba_topk_001_k4,/home/agxorin/topk_filter_study/simulator/scenarios/final_trial_500.csv,clue_search,completed,,,154,51,103,140,18,11,0,0,869,2603,0,,165,704,327,542,767,542,0.0,6.207142857142857,7.446601941747573,3.5194805194805197,5.262135922330097,3.8714285714285714,acbba_entry:542;clue:8;collision_intent:164;state:154;target:1,40,221,0.02499999999999991,154,250.322744,19.028489,78.536503,1.669935,105,171.78624100000002,18.335527
372,dcta_parity_v1,custom,aa0724188407797eae5187348bee11ee9f51317c4e8a201863b052786aa2f1df,823213c90703fd83224ad7122ee730ba64af3769ea517af252103bddd907f681,ACBBA,ideal,1.0,19,361,0.01,4,4,,,bayesian_acbba_topk_001_k4,/home/agxorin/topk_filter_study/simulator/scenarios/final_trial_500.csv,clue_search,completed,,,402,11,391,288,118,43,10,10,2237,6709,0,,438,1799,856,1381,2215,1381,0.0,7.767361111111111,5.664961636828645,3.4353233830845773,3.5319693094629154,4.795138888888889,acbba_entry:1381;clue:16;collision_intent:437;state:402;target:1,108,567,0.09201388888888884,344,917.5679399999998,22.354528,497.39843300000007,21.574619,335,420.1695070000001,16.792089
373,dcta_parity_v1,custom,aa0724188407797eae5187348bee11ee9f51317c4e8a201863b052786aa2f1df,823213c90703fd83224ad7122ee730ba64af3769ea517af252103bddd907f681,ACBBA,ideal,1.0,19,361,0.01,4,4,,,bayesian_acbba_topk_001_k4,/home/agxorin/topk_filter_study/simulator/scenarios/final_trial_500.csv,clue_search,completed,,,416,53,363,312,108,52,7,5,2391,7169,0,,458,1933,886,1505,2285,1505,0.0,7.663461538461538,6.294765840220386,3.6177884615384617,4.146005509641873,4.823717948717949,acbba_entry:1505;clue:12;collision_intent:457;state:416;target:1,113,619,0.054487179487179516,373,832.8890359999999,26.872146,449.43178299999994,25.791007,322,383.45725300000004,13.346036
374,dcta_parity_v1,custom,aa0724188407797eae5187348bee11ee9f51317c4e8a201863b052786aa2f1df,823213c90703fd83224ad7122ee730ba64af3769ea517af252103bddd907f681,ACBBA,ideal,1.0,19,361,0.01,4,4,,,bayesian_acbba_topk_001_k4,/home/agxorin/topk_filter_study/simulator/scenarios/final_trial_500.csv,clue_search,completed,,,142,67,75,128,18,5,2,2,709,2124,0,,152,557,302,407,575,407,0.0,5.5390625,7.666666666666667,2.8661971830985915,5.426666666666667,3.1796875,acbba_entry:407;clue:8;collision_intent:151;state:142;target:1,37,186,0.03515625,135,150.764191,2.416209,50.72737000000001,1.018256,70,100.036821,1.664718
375,dcta_parity_v1,custom,aa0724188407797eae5187348bee11ee9f51317c4e8a201863b052786aa2f1df,823213c90703fd83224ad7122ee730ba64af3769ea517af252103bddd907f681,ACBBA,ideal,1.0,19,361,0.01,4,4,,,bayesian_acbba_topk_001_k4,/home/agxorin/topk_filter_study/simulator/scenarios/final_trial_500.csv,clue_search,completed,,,41,38,3,45,0,0,0,0,100,298,0,,43,57,88,12,24,12,0.0,2.2222222222222223,8.0,0.2926829268292683,4.0,0.26666666666666666,acbba_entry:12;clue:4;collision_intent:42;state:41;target:1,11,27,0.016666666666666607,40,10.11814,2.270634,3.66779,0.664351,4,6.45035,1.622092
376,dcta_parity_v1,custom,aa0724188407797eae5187348bee11ee9f51317c4e8a201863b052786aa2f1df,823213c90703fd83224ad7122ee730ba64af3769ea517af252103bddd907f681,ACBBA,ideal,1.0,19,361,0.01,4,4,,,bayesian_acbba_topk_001_k4,/home/agxorin/topk_filter_study/simulator/scenarios/final_trial_500.csv,clue_search,completed,,,78,3,75,68,14,11,0,0,557,1670,0,,86,471,168,389,550,389,0.0,8.191176470588236,7.333333333333333,4.987179487179487,5.1866666666666665,5.720588235294118,acbba_entry:389;clue:4;collision_intent:85;state:78;target:1,21,144,0.05882352941176472,78,190.050563,18.667051,67.558007,17.174085,74,122.492556,3.919544
377,dcta_parity_v1,custom,aa0724188407797eae5187348bee11ee9f51317c4e8a201863b052786aa2f1df,823213c90703fd83224ad7122ee730ba64af3769ea517af252103bddd907f681,ACBBA,ideal,1.0,19,361,0.01,4,4,,,bayesian_acbba_topk_001_k4,/home/agxorin/topk_filter_study/simulator/scenarios/final_trial_500.csv,clue_search,completed,,,275,194,81,252,27,5,0,0,979,2933,0,,283,696,566,413,591,413,0.0,3.884920634920635,7.296296296296297,1.5018181818181817,5.098765432098766,1.6388888888888888,acbba_entry:413;clue:8;collision_intent:282;state:275;target:1,71,248,0.023809523809523725,262,134.57386300000002,17.778431,69.957434,16.889174,70,64.616429,1.155542
378,dcta_parity_v1,custom,aa0724188407797eae5187348bee11ee9f51317c4e8a201863b052786aa2f1df,823213c90703fd83224ad7122ee730ba64af3769ea517af252103bddd907f681,ACBBA,ideal,1.0,19,361,0.01,4,4,,,bayesian_acbba_topk_001_k4,/home/agxorin/topk_filter_study/simulator/scenarios/final_trial_500.csv,clue_search,completed,,,247,6,241,208,43,43,5,5,1821,5460,0,,272,1549,535,1286,1808,1286,0.0,8.754807692307692,7.5020746887966805,5.206477732793522,5.33609958506224,6.1826923076923075,acbba_entry:1286;clue:16;collision_intent:271;state:247;target:1,62,461,0.04086538461538458,231,607.450398,18.747369,293.265103,17.444525,224,314.185295,17.279365
379,dcta_parity_v1,custom,aa0724188407797eae5187348bee11ee9f51317c4e8a201863b052786aa2f1df,823213c90703fd83224ad7122ee730ba64af3769ea517af252103bddd907f681,ACBBA,ideal,1.0,19,361,0.01,4,4,,,bayesian_acbba_topk_001_k4,/home/agxorin/topk_filter_study/simulator/scenarios/final_trial_500.csv,clue_search,completed,,,280,61,219,235,49,37,5,5,1715,5141,0,,308,1407,596,1119,1593,1119,0.0,7.297872340425532,7.273972602739726,3.9964285714285714,5.109589041095891,4.761702127659574,acbba_entry:1119;clue:8;collision_intent:307;state:280;target:1,73,434,0.05212765957446819,279,543.442152,18.502843,250.78499,9.502552,220,292.657162,17.4747
380,dcta_parity_v1,custom,aa0724188407797eae5187348bee11ee9f51317c4e8a201863b052786aa2f1df,823213c90703fd83224ad7122ee730ba64af3769ea517af252103bddd907f681,ACBBA,ideal,1.0,19,361,0.01,4,4,,,bayesian_acbba_topk_001_k4,/home/agxorin/topk_filter_study/simulator/scenarios/final_trial_500.csv,clue_search,completed,,,79,42,37,81,2,5,1,1,359,1071,0,,83,276,170,189,275,189,0.0,4.432098765432099,7.4324324324324325,2.392405063291139,5.108108108108108,2.3333333333333335,acbba_entry:189;clue:8;collision_intent:82;state:79;target:1,21,92,0.04012345679012341,69,65.24366,2.529589,18.93211,0.918635,29,46.31155,1.700207
381,dcta_parity_v1,custom,aa0724188407797eae5187348bee11ee9f51317c4e8a201863b052786aa2f1df,823213c90703fd83224ad7122ee730ba64af3769ea517af252103bddd907f681,ACBBA,ideal,1.0,19,361,0.01,4,4,,,bayesian_acbba_topk_001_k4,/home/agxorin/topk_filter_study/simulator/scenarios/final_trial_500.csv,clue_search,completed,,,296,20,276,239,61,24,3,3,1782,5345,0,,322,1460,630,1152,1742,1152,0.0,7.456066945606694,6.311594202898551,3.891891891891892,4.173913043478261,4.820083682008368,acbba_entry:1152;clue:12;collision_intent:321;state:296;target:1,78,451,0.05753138075313813,234,613.3436529999999,22.600465,259.630181,14.256307,216,353.713472,21.098219
382,dcta_parity_v1,custom,aa0724188407797eae5187348bee11ee9f51317c4e8a201863b052786aa2f1df,823213c90703fd83224ad7122ee730ba64af3769ea517af252103bddd907f681,ACBBA,ideal,1.0,19,361,0.01,4,4,,,bayesian_acbba_topk_001_k4,/home/agxorin/topk_filter_study/simulator/scenarios/final_trial_500.csv,clue_search,completed,,,10,10,0,14,0,0,0,0,21,60,0,,11,10,21,0,0,0,0.0,1.5,0.0,0.0,0.0,0.0,collision_intent:10;state:10;target:1,3,7,0.0714285714285714,9,0.48574999999999996,0.118885,0.48574999999999996,0.118885,0,0.0,0.0
383,dcta_parity_v1,custom,aa0724188407797eae5187348bee11ee9f51317c4e8a201863b052786aa2f1df,823213c90703fd83224ad7122ee730ba64af3769ea517af252103bddd907f681,ACBBA,ideal,1.0,19,361,0.01,4,4,,,bayesian_acbba_topk_001_k4,/home/agxorin/topk_filter_study/simulator/scenarios/final_trial_500.csv,clue_search,completed,,,271,55,216,217,58,16,1,1,1556,4666,0,,287,1269,566,990,1446,990,0.0,7.170506912442396,6.694444444444445,3.6531365313653135,4.583333333333333,4.56221198156682,acbba_entry:990;clue:8;collision_intent:286;state:271;target:1,70,393,0.01497695852534564,219,385.86499000000003,3.087214,174.39549699999998,1.926904,166,211.46949300000003,1.674381
384,dcta_parity_v1,custom,aa0724188407797eae5187348bee11ee9f51317c4e8a201863b052786aa2f1df,823213c90703fd83224ad7122ee730ba64af3769ea517af252103bddd907f681,ACBBA,ideal,1.0,19,361,0.01,4,4,,,bayesian_acbba_topk_001_k4,/home/agxorin/topk_filter_study/simulator/scenarios/final_trial_500.csv,clue_search,completed,,,30,30,0,34,0,0,0,0,61,181,0,,31,30,61,0,0,0,0.0,1.7941176470588236,0.0,0.0,0.0,0.0,collision_intent:30;state:30;target:1,8,17,0.02941176470588225,28,1.176054,0.15844,1.176054,0.15844,0,0.0,0.0
385,dcta_parity_v1,custom,aa0724188407797eae5187348bee11ee9f51317c4e8a201863b052786aa2f1df,823213c90703fd83224ad7122ee730ba64af3769ea517af252103bddd907f681,ACBBA,ideal,1.0,19,361,0.01,4,4,,,bayesian_acbba_topk_001_k4,/home/agxorin/topk_filter_study/simulator/scenarios/final_trial_500.csv,clue_search,completed,,,420,114,306,311,113,19,0,0,1878,5631,0,,438,1440,870,1008,1648,1008,0.0,6.038585209003215,5.38562091503268,2.4,3.2941176470588234,3.2411575562700965,acbba_entry:1008;clue:12;collision_intent:437;state:420;target:1,114,482,0.08440514469453375,358,498.16938100000004,2.745597,257.5319,1.740239,244,240.63748099999998,1.377823
386,dcta_parity_v1,custom,aa0724188407797eae5187348bee11ee9f51317c4e8a201863b052786aa2f1df,823213c90703fd83224ad7122ee730ba64af3769ea517af252103bddd907f681,ACBBA,ideal,1.0,19,361,0.01,4,4,,,bayesian_acbba_topk_001_k4,/home/agxorin/topk_filter_study/simulator/scenarios/final_trial_500.csv,clue_search,completed,,,389,99,290,302,91,31,4,4,1966,5896,0,,410,1556,811,1155,1768,1155,0.0,6.509933774834437,6.096551724137931,2.969151670951157,3.9827586206896552,3.8245033112582782,acbba_entry:1155;clue:12;collision_intent:409;state:389;target:1,103,498,0.0298013245033113,328,506.9284409999999,2.644313,269.49204,1.918871,231,237.436401,1.455011
387,dcta_parity_v1,custom,aa0724188407797eae5187348bee11ee9f51317c4e8a201863b052786aa2f1df,823213c90703fd83224ad7122ee730ba64af3769ea517af252103bddd907f681,ACBBA,ideal,1.0,19,361,0.01,4,4,,,bayesian_acbba_topk_001_k4,/home/agxorin/topk_filter_study/simulator/scenarios/final_trial_500.csv,clue_search,completed,,,7,7,0,11,0,0,0,0,16,48,0,,9,7,16,0,0,0,0.0,1.4545454545454546,0.0,0.0,0.0,0.0,collision_intent:8;state:7;target:1,2,5,0.06818181818181812,7,0.42594000000000004,0.124294,0.42594000000000004,0.124294,0,0.0,0.0
388,dcta_parity_v1,custom,aa0724188407797eae5187348bee11ee9f51317c4e8a201863b052786aa2f1df,823213c90703fd83224ad7122ee730ba64af3769ea517af252103bddd907f681,ACBBA,ideal,1.0,19,361,0.01,4,4,,,bayesian_acbba_topk_001_k4,/home/agxorin/topk_filter_study/simulator/scenarios/final_trial_500.csv,clue_search,completed,,,412,170,242,304,112,21,1,1,1710,5127,0,,428,1282,852,858,1369,858,0.0,5.625,5.6570247933884295,2.0825242718446604,3.5454545454545454,2.8223684210526314,acbba_entry:858;clue:12;collision_intent:427;state:412;target:1,105,440,0.08223684210526305,343,321.904216,2.096607,172.143746,1.445025,174,149.76047,1.186358
389,dcta_parity_v1,custom,aa0724188407797eae5187348bee11ee9f51317c4e8a201863b052786aa2f1df,823213c90703fd83224ad7122ee730ba64af3769ea517af252103bddd907f681,ACBBA,ideal,1.0,19,361,0.01,4,4,,,bayesian_acbba_topk_001_k4,/home/agxorin/topk_filter_study/simulator/scenarios/final_trial_500.csv,clue_search,completed,,,37,37,0,41,0,0,0,0,75,222,0,,38,37,75,0,0,0,0.0,1.829268292682927,0.0,0.0,0.0,0.0,collision_intent:37;state:37;target:1,10,21,0.018292682926829285,35,1.2650480000000002,0.119301,1.2650480000000002,0.119301,0,0.0,0.0
390,dcta_parity_v1,custom,aa0724188407797eae5187348bee11ee9f51317c4e8a201863b052786aa2f1df,823213c90703fd83224ad7122ee730ba64af3769ea517af252103bddd907f681,ACBBA,ideal,1.0,19,361,0.01,4,4,,,bayesian_acbba_topk_001_k4,/home/agxorin/topk_filter_study/simulator/scenarios/final_trial_500.csv,clue_search,completed,,,214,214,0,218,0,0,0,0,429,1284,0,,215,214,429,0,0,0,0.0,1.9678899082568808,0.0,0.0,0.0,0.0,collision_intent:214;state:214;target:1,54,109,0.004587155963302836,212,6.648229999999999,0.119942,6.648229999999999,0.119942,0,0.0,0.0
391,dcta_parity_v1,custom,aa0724188407797eae5187348bee11ee9f51317c4e8a201863b052786aa2f1df,823213c90703fd83224ad7122ee730ba64af3769ea517af252103bddd907f681,ACBBA,ideal,1.0,19,361,0.01,4,4,,,bayesian_acbba_topk_001_k4,/home/agxorin/topk_filter_study/simulator/scenarios/final_trial_500.csv,clue_search,completed,,,451,138,313,336,119,43,4,4,2591,7770,0,,480,2111,947,1644,2314,1644,0.0,7.711309523809524,7.39297124600639,3.645232815964523,5.252396166134186,4.892857142857143,acbba_entry:1644;clue:16;collision_intent:479;state:451;target:1,117,654,0.06994047619047628,424,625.4656239999999,2.928772,393.05859,2.382251,287,232.40703399999998,1.355997
392,dcta_parity_v1,custom,aa0724188407797eae5187348bee11ee9f51317c4e8a201863b052786aa2f1df,823213c90703fd83224ad7122ee730ba64af3769ea517af252103bddd907f681,ACBBA,ideal,1.0,19,361,0.01,4,4,,,bayesian_acbba_topk_001_k4,/home/agxorin/topk_filter_study/simulator/scenarios/final_trial_500.csv,clue_search,completed,,,8,8,0,12,0,0,0,0,17,48,0,,9,8,17,0,0,0,0.0,1.4166666666666667,0.0,0.0,0.0,0.0,collision_intent:8;state:8;target:1,2,5,0.0,7,0.394705,0.121446,0.394705,0.121446,0,0.0,0.0
393,dcta_parity_v1,custom,aa0724188407797eae5187348bee11ee9f51317c4e8a201863b052786aa2f1df,823213c90703fd83224ad7122ee730ba64af3769ea517af252103bddd907f681,ACBBA,ideal,1.0,19,361,0.01,4,4,,,bayesian_acbba_topk_001_k4,/home/agxorin/topk_filter_study/simulator/scenarios/final_trial_500.csv,clue_search,completed,,,104,104,0,108,0,0,0,0,209,623,0,,105,104,209,0,0,0,0.0,1.9351851851851851,0.0,0.0,0.0,0.0,collision_intent:104;state:104;target:1,26,53,0.0,102,3.0570349999999995,0.112069,3.0570349999999995,0.112069,0,0.0,0.0
394,dcta_parity_v1,custom,aa0724188407797eae5187348bee11ee9f51317c4e8a201863b052786aa2f1df,823213c90703fd83224ad7122ee730ba64af3769ea517af252103bddd907f681,ACBBA,ideal,1.0,19,361,0.01,4,4,,,bayesian_acbba_topk_001_k4,/home/agxorin/topk_filter_study/simulator/scenarios/final_trial_500.csv,clue_search,completed,,,298,282,16,294,8,5,0,0,691,2070,0,,300,391,610,81,127,81,0.0,2.3503401360544216,7.9375,0.27181208053691275,5.0625,0.2755102040816326,acbba_entry:81;clue:12;collision_intent:299;state:298;target:1,75,177,0.010204081632652962,270,27.981199000000004,1.706029,16.823865,0.690687,16,11.157334,1.076816
395,dcta_parity_v1,custom,aa0724188407797eae5187348bee11ee9f51317c4e8a201863b052786aa2f1df,823213c90703fd83224ad7122ee730ba64af3769ea517af252103bddd907f681,ACBBA,ideal,1.0,19,361,0.01,4,4,,,bayesian_acbba_topk_001_k4,/home/agxorin/topk_filter_study/simulator/scenarios/final_trial_500.csv,clue_search,completed,,,59,46,13,63,0,2,0,0,173,516,0,,60,113,123,50,80,50,0.0,2.746031746031746,6.153846153846154,0.847457627118644,3.8461538461538463,0.7936507936507936,acbba_entry:50;clue:4;collision_intent:59;state:59;target:1,15,46,0.011904761904761862,53,18.497856999999996,2.239652,6.155704,0.681054,8,12.342153,1.586727
396,dcta_parity_v1,custom,aa0724188407797eae5187348bee11ee9f51317c4e8a201863b052786aa2f1df,823213c90703fd83224ad7122ee730ba64af3769ea517af252103bddd907f681,ACBBA,ideal,1.0,19,361,0.01,4,4,,,bayesian_acbba_topk_001_k4,/home/agxorin/topk_filter_study/simulator/scenarios/final_trial_500.csv,clue_search,completed,,,353,9,344,287,70,30,2,2,2014,6038,0,,364,1650,729,1285,1996,1285,0.0,7.017421602787456,5.8023255813953485,3.640226628895184,3.73546511627907,4.477351916376307,acbba_entry:1285;clue:12;collision_intent:363;state:353;target:1,90,513,0.06010452961672463,187,539.859404,19.766871,243.850835,16.79637,179,296.008569,19.044086
397,dcta_parity_v1,custom,aa0724188407797eae5187348bee11ee9f51317c4e8a201863b052786aa2f1df,823213c90703fd83224ad7122ee730ba64af3769ea517af252103bddd907f681,ACBBA,ideal,1.0,19,361,0.01,4,4,,,bayesian_acbba_topk_001_k4,/home/agxorin/topk_filter_study/simulator/scenarios/final_trial_500.csv,clue_search,completed,,,7,7,0,11,0,0,0,0,16,46,0,,9,7,16,0,0,0,0.0,1.4545454545454546,0.0,0.0,0.0,0.0,collision_intent:8;state:7;target:1,2,5,0.06818181818181812,7,0.39029099999999994,0.117926,0.39029099999999994,0.117926,0,0.0,0.0
398,dcta_parity_v1,custom,aa0724188407797eae5187348bee11ee9f51317c4e8a201863b052786aa2f1df,823213c90703fd83224ad7122ee730ba64af3769ea517af252103bddd907f681,ACBBA,ideal,1.0,19,361,0.01,4,4,,,bayesian_acbba_topk_001_k4,/home/agxorin/topk_filter_study/simulator/scenarios/final_trial_500.csv,clue_search,completed,,,37,14,23,41,0,4,2,1,203,606,0,,40,163,81,122,175,122,0.0,4.951219512195122,7.608695652173913,3.2972972972972974,5.304347826086956,2.975609756097561,acbba_entry:122;clue:4;collision_intent:39;state:37;target:1,10,57,0.018292682926829285,26,33.255113,2.475311,9.283802000000001,0.753858,14,23.971311,1.79512
399,dcta_parity_v1,custom,aa0724188407797eae5187348bee11ee9f51317c4e8a201863b052786aa2f1df,823213c90703fd83224ad7122ee730ba64af3769ea517af252103bddd907f681,ACBBA,ideal,1.0,19,361,0.01,4,4,,,bayesian_acbba_topk_001_k4,/home/agxorin/topk_filter_study/simulator/scenarios/final_trial_500.csv,clue_search,completed,,,73,10,63,71,6,5,0,0,474,1418,0,,78,396,163,311,454,311,0.0,6.676056338028169,7.2063492063492065,4.260273972602739,4.936507936507937,4.380281690140845,acbba_entry:311;clue:12;collision_intent:77;state:73;target:1,19,122,0.02464788732394374,56,108.978875,2.497711,32.10386,0.937034,47,76.87501499999999,1.809553
400,dcta_parity_v1,custom,aa0724188407797eae5187348bee11ee9f51317c4e8a201863b052786aa2f1df,823213c90703fd83224ad7122ee730ba64af3769ea517af252103bddd907f681,ACBBA,ideal,1.0,19,361,0.01,4,4,,,bayesian_acbba_topk_001_k4,/home/agxorin/topk_filter_study/simulator/scenarios/final_trial_500.csv,clue_search,completed,,,15,15,0,19,0,0,0,0,32,93,0,,17,15,32,0,0,0,0.0,1.6842105263157894,0.0,0.0,0.0,0.0,collision_intent:16;state:15;target:1,4,9,0.03947368421052633,14,0.5928610000000001,0.111941,0.5928610000000001,0.111941,0,0.0,0.0
401,dcta_parity_v1,custom,aa0724188407797eae5187348bee11ee9f51317c4e8a201863b052786aa2f1df,823213c90703fd83224ad7122ee730ba64af3769ea517af252103bddd907f681,ACBBA,ideal,1.0,19,361,0.01,4,4,,,bayesian_acbba_topk_001_k4,/home/agxorin/topk_filter_study/simulator/scenarios/final_trial_500.csv,clue_search,completed,,,416,60,356,316,104,38,5,5,2422,7263,0,,445,1977,877,1545,2302,1545,0.0,7.6645569620253164,6.466292134831461,3.7139423076923075,4.339887640449438,4.889240506329114,acbba_entry:1545;clue:16;collision_intent:444;state:416;target:1,109,619,0.06487341772151889,355,775.6708290000001,18.629021,465.590791,17.294625,297,310.080038,3.5976
402,dcta_parity_v1,custom,aa0724188407797eae5187348bee11ee9f51317c4e8a201863b052786aa2f1df,823213c90703fd83224ad7122ee730ba64af3769ea517af252103bddd907f681,ACBBA,ideal,1.0,19,361,0.01,4,4,,,bayesian_acbba_topk_001_k4,/home/agxorin/topk_filter_study/simulator/scenarios/final_trial_500.csv,clue_search,completed,,,74,74,0,78,0,0,0,0,149,444,0,,75,74,149,0,0,0,0.0,1.9102564102564104,0.0,0.0,0.0,0.0,collision_intent:74;state:74;target:1,19,39,0.012820512820512775,72,2.4306650000000003,0.115333,2.4306650000000003,0.115333,0,0.0,0.0
403,dcta_parity_v1,custom,aa0724188407797eae5187348bee11ee9f51317c4e8a201863b052786aa2f1df,823213c90703fd83224ad7122ee730ba64af3769ea517af252103bddd907f681,ACBBA,ideal,1.0,19,361,0.01,4,4,,,bayesian_acbba_topk_001_k4,/home/agxorin/topk_filter_study/simulator/scenarios/final_trial_500.csv,clue_search,completed,,,94,49,45,95,3,6,1,1,413,1236,0,,101,312,199,214,315,214,0.0,4.347368421052631,7.0,2.276595744680851,4.7555555555555555,2.2526315789473683,acbba_entry:214;clue:4;collision_intent:100;state:94;target:1,26,113,0.0552631578947369,117,140.08591800000002,2.30119,36.529785,0.830309,70,103.55613300000002,1.67249
404,dcta_parity_v1,custom,aa0724188407797eae5187348bee11ee9f51317c4e8a201863b052786aa2f1df,823213c90703fd83224ad7122ee730ba64af3769ea517af252103bddd907f681,ACBBA,ideal,1.0,19,361,0.01,4,4,,,bayesian_acbba_topk_001_k4,/home/agxorin/topk_filter_study/simulator/scenarios/final_trial_500.csv,clue_search,completed,,,42,42,0,46,0,0,0,0,85,250,0,,43,42,85,0,0,0,0.0,1.8478260869565217,0.0,0.0,0.0,0.0,collision_intent:42;state:42;target:1,11,23,0.021739130434782705,40,1.3269680000000001,0.112837,1.3269680000000001,0.112837,0,0.0,0.0
405,dcta_parity_v1,custom,aa0724188407797eae5187348bee11ee9f51317c4e8a201863b052786aa2f1df,823213c90703fd83224ad7122ee730ba64af3769ea517af252103bddd907f681,ACBBA,ideal,1.0,19,361,0.01,4,4,,,bayesian_acbba_topk_001_k4,/home/agxorin/topk_filter_study/simulator/scenarios/final_trial_500.csv,clue_search,completed,,,171,71,100,149,26,16,3,3,733,2198,0,,180,553,359,374,590,374,0.0,4.919463087248322,5.9,2.1871345029239766,3.74,2.51006711409396,acbba_entry:374;clue:8;collision_intent:179;state:171;target:1,46,194,0.005033557046979942,155,186.453782,18.046111,50.276944,0.94513,85,136.17683800000003,17.673485
406,dcta_parity_v1,custom,aa0724188407797eae5187348bee11ee9f51317c4e8a201863b052786aa2f1df,823213c90703fd83224ad7122ee730ba64af3769ea517af252103bddd907f681,ACBBA,ideal,1.0,19,361,0.01,4,4,,,bayesian_acbba_topk_001_k4,/home/agxorin/topk_filter_study/simulator/scenarios/final_trial_500.csv,clue_search,completed,,,240,23,217,204,40,24,3,3,1498,4492,0,,262,1236,518,980,1451,980,0.0,7.3431372549019605,6.686635944700461,4.083333333333333,4.516129032258065,4.803921568627451,acbba_entry:980;clue:16;collision_intent:261;state:240;target:1,66,397,0.08333333333333326,241,529.13987,10.828413,236.93186500000002,9.326843,219,292.208005,1.873746
407,dcta_parity_v1,custom,aa0724188407797eae5187348bee11ee9f51317c4e8a201863b052786aa2f1df,823213c90703fd83224ad7122ee730ba64af3769ea517af252103bddd907f681,ACBBA,ideal,1.0,19,361,0.01,4,4,,,bayesian_acbba_topk_001_k4,/home/agxorin/topk_filter_study/simulator/scenarios/final_trial_500.csv,clue_search,completed,,,117,23,94,105,16,11,2,2,734,2198,0,,131,603,252,482,687,482,0.0,6.9904761904761905,7.308510638297872,4.119658119658119,5.127659574468085,4.59047619047619,acbba_entry:482;clue:4;collision_intent:130;state:117;target:1,31,188,0.07857142857142851,113,207.78221200000002,2.514927,64.464372,1.107281,91,143.31784,1.768941
408,dcta_parity_v1,custom,aa0724188407797eae5187348bee11ee9f51317c4e8a201863b052786aa2f1df,823213c90703fd83224ad7122ee730ba64af3769ea517af252103bddd907f681,ACBBA,ideal,1.0,19,361,0.01,4,4,,,bayesian_acbba_topk_001_k4,/home/agxorin/topk_filter_study/simulator/scenarios/final_trial_500.csv,clue_search,completed,,,60,60,0,64,0,0,0,0,121,361,0,,61,60,121,0,0,0,0.0,1.890625,0.0,0.0,0.0,0.0,collision_intent:60;state:60;target:1,15,31,0.0,58,1.8189,0.117157,1.8189,0.117157,0,0.0,0.0
409,dcta_parity_v1,custom,aa0724188407797eae5187348bee11ee9f51317c4e8a201863b052786aa2f1df,823213c90703fd83224ad7122ee730ba64af3769ea517af252103bddd907f681,ACBBA,ideal,1.0,19,361,0.01,4,4,,,bayesian_acbba_topk_001_k4,/home/agxorin/topk_filter_study/simulator/scenarios/final_trial_500.csv,clue_search,completed,,,112,27,85,97,19,12,1,1,641,1921,0,,120,521,236,405,586,405,0.0,6.608247422680412,6.894117647058824,3.6160714285714284,4.764705882352941,4.175257731958763,acbba_entry:405;clue:4;collision_intent:119;state:112;target:1,29,164,0.028350515463917425,108,179.665124,2.396425,53.797487000000004,0.906888,82,125.86763699999997,1.714251
410,dcta_parity_v1,custom,aa0724188407797eae5187348bee11ee9f51317c4e8a201863b052786aa2f1df,823213c90703fd83224ad7122ee730ba64af3769ea517af252103bddd907f681,ACBBA,ideal,1.0,19,361,0.01,4,4,,,bayesian_acbba_topk_001_k4,/home/agxorin/topk_filter_study/simulator/scenarios/final_trial_500.csv,clue_search,completed,,,133,95,38,130,7,4,0,0,395,1180,0,,135,260,272,123,205,123,0.0,3.0384615384615383,5.394736842105263,0.924812030075188,3.236842105263158,0.9461538461538461,acbba_entry:123;clue:4;collision_intent:134;state:133;target:1,35,102,0.023076923076922995,120,56.02488099999999,2.222785,17.290453,0.825412,27,38.734428,1.526819
411,dcta_parity_v1,custom,aa0724188407797eae5187348bee11ee9f51317c4e8a201863b052786aa2f1df,823213c90703fd83224ad7122ee730ba64af3769ea517af252103bddd907f681,ACBBA,ideal,1.0,19,361,0.01,4,4,,,bayesian_acbba_topk_001_k4,/home/agxorin/topk_filter_study/simulator/scenarios/final_trial_500.csv,clue_search,completed,,,279,14,265,234,49,26,2,2,1911,5729,0,,297,1614,588,1323,1883,1323,0.0,8.166666666666666,7.1056603773584905,4.741935483870968,4.992452830188679,5.653846153846154,acbba_entry:1323;clue:12;collision_intent:296;state:279;target:1,71,483,0.03632478632478642,227,547.422363,3.023139,274.76053,2.134204,215,272.661833,1.766893
412,dcta_parity_v1,custom,aa0724188407797eae5187348bee11ee9f51317c4e8a201863b052786aa2f1df,823213c90703fd83224ad7122ee730ba64af3769ea517af252103bddd907f681,ACBBA,ideal,1.0,19,361,0.01,4,4,,,bayesian_acbba_topk_001_k4,/home/agxorin/topk_filter_study/simulator/scenarios/final_trial_500.csv,clue_search,completed,,,381,14,367,308,77,32,3,2,2234,6699,0,,409,1825,806,1428,2206,1428,0.0,7.253246753246753,6.010899182561308,3.748031496062992,3.891008174386921,4.636363636363637,acbba_entry:1428;clue:16;collision_intent:408;state:381;target:1,101,590,0.08603896103896114,299,726.630398,18.72587,380.54370299999994,17.494552,287,346.08669499999996,1.803918
413,dcta_parity_v1,custom,aa0724188407797eae5187348bee11ee9f51317c4e8a201863b052786aa2f1df,823213c90703fd83224ad7122ee730ba64af3769ea517af252103bddd907f681,ACBBA,ideal,1.0,19,361,0.01,4,4,,,bayesian_acbba_topk_001_k4,/home/agxorin/topk_filter_study/simulator/scenarios/final_trial_500.csv,clue_search,completed,,,74,26,48,74,4,6,1,1,430,1288,0,,77,353,163,267,378,267,0.0,5.8108108108108105,7.875,3.608108108108108,5.5625,3.608108108108108,acbba_entry:267;clue:12;collision_intent:76;state:74;target:1,19,110,0.054054054054053946,59,80.077999,2.438314,24.523943,0.915976,35,55.554055999999996,1.737675
414,dcta_parity_v1,custom,aa0724188407797eae5187348bee11ee9f51317c4e8a201863b052786aa2f1df,823213c90703fd83224ad7122ee730ba64af3769ea517af252103bddd907f681,ACBBA,ideal,1.0,19,361,0.01,4,4,,,bayesian_acbba_topk_001_k4,/home/agxorin/topk_filter_study/simulator/scenarios/final_trial_500.csv,clue_search,completed,,,47,47,0,51,0,0,0,0,96,285,0,,49,47,96,0,0,0,0.0,1.8823529411764706,0.0,0.0,0.0,0.0,collision_intent:48;state:47;target:1,12,25,0.014705882352941124,46,1.4723460000000002,0.112837,1.4723460000000002,0.112837,0,0.0,0.0
415,dcta_parity_v1,custom,aa0724188407797eae5187348bee11ee9f51317c4e8a201863b052786aa2f1df,823213c90703fd83224ad7122ee730ba64af3769ea517af252103bddd907f681,ACBBA,ideal,1.0,19,361,0.01,4,4,,,bayesian_acbba_topk_001_k4,/home/agxorin/topk_filter_study/simulator/scenarios/final_trial_500.csv,clue_search,completed,,,35,35,0,39,0,0,0,0,72,213,0,,37,35,72,0,0,0,0.0,1.8461538461538463,0.0,0.0,0.0,0.0,collision_intent:36;state:35;target:1,9,19,0.019230769230769162,34,1.207606,0.114469,1.207606,0.114469,0,0.0,0.0
416,dcta_parity_v1,custom,aa0724188407797eae5187348bee11ee9f51317c4e8a201863b052786aa2f1df,823213c90703fd83224ad7122ee730ba64af3769ea517af252103bddd907f681,ACBBA,ideal,1.0,19,361,0.01,4,4,,,bayesian_acbba_topk_001_k4,/home/agxorin/topk_filter_study/simulator/scenarios/final_trial_500.csv,clue_search,completed,,,25,25,0,29,0,0,0,0,52,153,0,,27,25,52,0,0,0,0.0,1.793103448275862,0.0,0.0,0.0,0.0,collision_intent:26;state:25;target:1,7,15,0.02586206896551735,24,0.9058309999999999,0.119462,0.9058309999999999,0.119462,0,0.0,0.0
417,dcta_parity_v1,custom,aa0724188407797eae5187348bee11ee9f51317c4e8a201863b052786aa2f1df,823213c90703fd83224ad7122ee730ba64af3769ea517af252103bddd907f681,ACBBA,ideal,1.0,19,361,0.01,4,4,,,bayesian_acbba_topk_001_k4,/home/agxorin/topk_filter_study/simulator/scenarios/final_trial_500.csv,clue_search,completed,,,49,9,40,51,2,9,2,1,317,947,0,,52,265,105,212,299,212,0.0,6.215686274509804,7.475,4.326530612244898,5.3,4.1568627450980395,acbba_entry:212;clue:4;collision_intent:51;state:49;target:1,13,85,0.044117647058823595,36,65.5261,2.508237,18.259963000000003,0.755041,28,47.266137,1.840111
418,dcta_parity_v1,custom,aa0724188407797eae5187348bee11ee9f51317c4e8a201863b052786aa2f1df,823213c90703fd83224ad7122ee730ba64af3769ea517af252103bddd907f681,ACBBA,ideal,1.0,19,361,0.01,4,4,,,bayesian_acbba_topk_001_k4,/home/agxorin/topk_filter_study/simulator/scenarios/final_trial_500.csv,clue_search,completed,,,423,51,372,315,112,41,5,4,2381,7139,0,,455,1926,894,1487,2279,1487,0.0,7.5587301587301585,6.126344086021505,3.5153664302600474,3.997311827956989,4.720634920634921,acbba_entry:1487;clue:16;collision_intent:454;state:423;target:1,114,606,0.011904761904761862,401,819.311799,2.748694,462.44031800000005,2.11334,352,356.871481,1.604197
419,dcta_parity_v1,custom,aa0724188407797eae5187348bee11ee9f51317c4e8a201863b052786aa2f1df,823213c90703fd83224ad7122ee730ba64af3769ea517af252103bddd907f681,ACBBA,ideal,1.0,19,361,0.01,4,4,,,bayesian_acbba_topk_001_k4,/home/agxorin/topk_filter_study/simulator/scenarios/final_trial_500.csv,clue_search,completed,,,370,60,310,302,72,16,1,1,2152,6452,0,,387,1765,765,1387,2032,1387,0.0,7.125827814569536,6.554838709677419,3.7486486486486488,4.474193548387097,4.5927152317880795,acbba_entry:1387;clue:8;collision_intent:386;state:370;target:1,96,549,0.051324503311258374,290,593.618657,19.104786,309.67397100000005,2.418375,232,283.944686,16.886387
420,dcta_parity_v1,custom,aa0724188407797eae5187348bee11ee9f51317c4e8a201863b052786aa2f1df,823213c90703fd83224ad7122ee730ba64af3769ea517af252103bddd907f681,ACBBA,ideal,1.0,19,361,0.01,4,4,,,bayesian_acbba_topk_001_k4,/home/agxorin/topk_filter_study/simulator/scenarios/final_trial_500.csv,clue_search,completed,,,459,138,321,348,115,37,3,2,2393,7175,0,,486,1907,957,1436,2116,1436,0.0,6.876436781609195,6.59190031152648,3.128540305010893,4.473520249221184,4.126436781609195,acbba_entry:1436;clue:12;collision_intent:485;state:459;target:1,118,607,0.05890804597701149,414,586.7286769999998,3.183752,345.036604,2.154972,277,241.69207300000002,2.392423
421,dcta_parity_v1,custom,aa0724188407797eae5187348bee11ee9f51317c4e8a201863b052786aa2f1df,823213c90703fd83224ad7122ee730ba64af3769ea517af252103bddd907f681,ACBBA,ideal,1.0,19,361,0.01,4,4,,,bayesian_acbba_topk_001_k4,/home/agxorin/topk_filter_study/simulator/scenarios/final_trial_500.csv,clue_search,completed,,,340,6,334,282,62,25,2,2,2124,6368,0,,357,1767,705,1419,2112,1419,0.0,7.531914893617022,6.323353293413174,4.173529411764706,4.248502994011976,5.031914893617022,acbba_entry:1419;clue:8;collision_intent:356;state:340;target:1,88,544,0.049645390070921946,199,525.0520309999999,3.318253,275.384459,2.512716,193,249.667572,1.845967
422,dcta_parity_v1,custom,aa0724188407797eae5187348bee11ee9f51317c4e8a201863b052786aa2f1df,823213c90703fd83224ad7122ee730ba64af3769ea517af252103bddd907f681,ACBBA,ideal,1.0,19,361,0.01,4,4,,,bayesian_acbba_topk_001_k4,/home/agxorin/topk_filter_study/simulator/scenarios/final_trial_500.csv,clue_search,completed,,,61,57,4,65,0,0,0,0,140,415,0,,63,77,128,12,25,12,0.0,2.1538461538461537,6.25,0.19672131147540983,3.0,0.18461538461538463,acbba_entry:12;clue:4;collision_intent:62;state:61;target:1,16,37,0.011538461538461497,60,10.676746,2.269184,4.438467,0.683517,4,6.238279,1.601892
423,dcta_parity_v1,custom,aa0724188407797eae5187348bee11ee9f51317c4e8a201863b052786aa2f1df,823213c90703fd83224ad7122ee730ba64af3769ea517af252103bddd907f681,ACBBA,ideal,1.0,19,361,0.01,4,4,,,bayesian_acbba_topk_001_k4,/home/agxorin/topk_filter_study/simulator/scenarios/final_trial_500.csv,clue_search,completed,,,372,188,184,307,69,6,3,3,1467,4396,0,,387,1080,775,692,1091,692,0.0,4.778501628664495,5.929347826086956,1.8602150537634408,3.760869565217391,2.254071661237785,acbba_entry:692;clue:16;collision_intent:386;state:372;target:1,94,374,0.05130293159609112,288,211.48824000000002,18.123998,104.16866399999999,17.468131,102,107.31957600000001,16.81767
424,dcta_parity_v1,custom,aa0724188407797eae5187348bee11ee9f51317c4e8a201863b052786aa2f1df,823213c90703fd83224ad7122ee730ba64af3769ea517af252103bddd907f681,ACBBA,ideal,1.0,19,361,0.01,4,4,,,bayesian_acbba_topk_001_k4,/home/agxorin/topk_filter_study/simulator/scenarios/final_trial_500.csv,clue_search,completed,,,75,17,58,73,6,8,0,0,429,1285,0,,80,349,159,270,394,270,0.0,5.876712328767123,6.793103448275862,3.6,4.655172413793103,3.6986301369863015,acbba_entry:270;clue:4;collision_intent:79;state:75;target:1,20,114,0.03767123287671237,71,118.708155,2.388293,32.873426,0.834948,55,85.834729,1.713096
425,dcta_parity_v1,custom,aa0724188407797eae5187348bee11ee9f51317c4e8a201863b052786aa2f1df,823213c90703fd83224ad7122ee730ba64af3769ea517af252103bddd907f681,ACBBA,ideal,1.0,19,361,0.01,4,4,,,bayesian_acbba_topk_001_k4,/home/agxorin/topk_filter_study/simulator/scenarios/final_trial_500.csv,clue_search,completed,,,36,0,36,35,5,8,2,2,280,837,0,,41,239,81,199,280,199,0.0,8.0,7.777777777777778,5.527777777777778,5.527777777777778,5.685714285714286,acbba_entry:199;clue:4;collision_intent:40;state:36;target:1,9,76,0.06428571428571428,31,72.467664,2.579917,18.901021,0.714942,31,53.566643,1.871824
426,dcta_parity_v1,custom,aa0724188407797eae5187348bee11ee9f51317c4e8a201863b052786aa2f1df,823213c90703fd83224ad7122ee730ba64af3769ea517af252103bddd907f681,ACBBA,ideal,1.0,19,361,0.01,4,4,,,bayesian_acbba_topk_001_k4,/home/agxorin/topk_filter_study/simulator/scenarios/final_trial_500.csv,clue_search,completed,,,526,30,496,347,183,46,1,1,2479,7433,0,,559,1920,1101,1378,2419,1378,0.0,7.144092219020173,4.877016129032258,2.6197718631178706,2.778225806451613,3.9711815561959654,acbba_entry:1378;clue:16;collision_intent:558;state:526;target:1,134,627,0.08429394812680124,457,1014.5898069999998,30.285011,605.2663379999999,29.690426,429,409.32346899999993,1.915472
427,dcta_parity_v1,custom,aa0724188407797eae5187348bee11ee9f51317c4e8a201863b052786aa2f1df,823213c90703fd83224ad7122ee730ba64af3769ea517af252103bddd907f681,ACBBA,ideal,1.0,19,361,0.01,4,4,,,bayesian_acbba_topk_001_k4,/home/agxorin/topk_filter_study/simulator/scenarios/final_trial_500.csv,clue_search,completed,,,459,72,387,331,132,50,6,6,2644,7927,0,,491,2153,962,1682,2500,1682,0.0,7.9879154078549846,6.459948320413437,3.664488017429194,4.3462532299741605,5.081570996978852,acbba_entry:1682;clue:12;collision_intent:490;state:459;target:1,117,672,0.0868580060422961,399,865.7442430000001,18.808942,511.2986210000001,18.241047,329,354.445622,16.708311
428,dcta_parity_v1,custom,aa0724188407797eae5187348bee11ee9f51317c4e8a201863b052786aa2f1df,823213c90703fd83224ad7122ee730ba64af3769ea517af252103bddd907f681,ACBBA,ideal,1.0,19,361,0.01,4,4,,,bayesian_acbba_topk_001_k4,/home/agxorin/topk_filter_study/simulator/scenarios/final_trial_500.csv,clue_search,completed,,,155,151,4,159,0,0,0,0,330,987,0,,156,174,315,15,28,15,0.0,2.0754716981132075,7.0,0.0967741935483871,3.75,0.09433962264150944,acbba_entry:15;clue:4;collision_intent:155;state:155;target:1,39,85,0.004716981132075526,153,11.848469,1.907311,6.9594640000000005,0.680988,4,4.889004999999999,1.23842
429,dcta_parity_v1,custom,aa0724188407797eae5187348bee11ee9f51317c4e8a201863b052786aa2f1df,823213c90703fd83224ad7122ee730ba64af3769ea517af252103bddd907f681,ACBBA,ideal,1.0,19,361,0.01,4,4,,,bayesian_acbba_topk_001_k4,/home/agxorin/topk_filter_study/simulator/scenarios/final_trial_500.csv,clue_search,completed,,,111,39,72,100,15,8,0,0,559,1675,0,,115,444,234,325,481,325,0.0,5.59,6.680555555555555,2.9279279279279278,4.513888888888889,3.25,acbba_entry:325;clue:8;collision_intent:114;state:111;target:1,29,143,0.07000000000000006,90,127.39725199999998,10.419888,36.858266,0.954759,53,90.538986,9.60123
430,dcta_parity_v1,custom,aa0724188407797eae5187348bee11ee9f51317c4e8a201863b052786aa2f1df,823213c90703fd83224ad7122ee730ba64af3769ea517af252103bddd907f681,ACBBA,ideal,1.0,19,361,0.01,4,4,,,bayesian_acbba_topk_001_k4,/home/agxorin/topk_filter_study/simulator/scenarios/final_trial_500.csv,clue_search,completed,,,18,18,0,22,0,0,0,0,37,109,0,,19,18,37,0,0,0,0.0,1.6818181818181819,0.0,0.0,0.0,0.0,collision_intent:18;state:18;target:1,5,11,0.045454545454545414,16,0.704379,0.123622,0.704379,0.123622,0,0.0,0.0
431,dcta_parity_v1,custom,aa0724188407797eae5187348bee11ee9f51317c4e8a201863b052786aa2f1df,823213c90703fd83224ad7122ee730ba64af3769ea517af252103bddd907f681,ACBBA,ideal,1.0,19,361,0.01,4,4,,,bayesian_acbba_topk_001_k4,/home/agxorin/topk_filter_study/simulator/scenarios/final_trial_500.csv,clue_search,completed,,,360,127,233,262,102,26,4,4,1666,4996,0,,374,1292,738,928,1412,928,0.0,6.358778625954199,6.060085836909871,2.577777777777778,3.982832618025751,3.5419847328244276,acbba_entry:928;clue:4;collision_intent:373;state:360;target:1,94,429,0.06679389312977091,313,457.52118600000006,22.427296,209.408938,16.985854,188,248.112248,21.711938
432,dcta_parity_v1,custom,aa0724188407797eae5187348bee11ee9f51317c4e8a201863b052786aa2f1df,823213c90703fd83224ad7122ee730ba64af3769ea517af252103bddd907f681,ACBBA,ideal,1.0,19,361,0.01,4,4,,,bayesian_acbba_topk_001_k4,/home/agxorin/topk_filter_study/simulator/scenarios/final_trial_500.csv,clue_search,completed,,,128,0,128,111,21,12,2,2,805,2412,0,,142,663,278,527,805,527,0.0,7.252252252252252,6.2890625,4.1171875,4.1171875,4.747747747747748,acbba_entry:527;clue:8;collision_intent:141;state:128;target:1,35,215,0.06981981981981988,116,264.43657299999995,2.781171,83.528571,1.183568,116,180.90800199999998,1.907471
433,dcta_parity_v1,custom,aa0724188407797eae5187348bee11ee9f51317c4e8a201863b052786aa2f1df,823213c90703fd83224ad7122ee730ba64af3769ea517af252103bddd907f681,ACBBA,ideal,1.0,19,361,0.01,4,4,,,bayesian_acbba_topk_001_k4,/home/agxorin/topk_filter_study/simulator/scenarios/final_trial_500.csv,clue_search,completed,,,239,42,197,207,36,25,7,7,1294,3880,0,,258,1036,505,789,1210,789,0.0,6.251207729468599,6.1421319796954315,3.301255230125523,4.00507614213198,3.8115942028985508,acbba_entry:789;clue:8;collision_intent:257;state:239;target:1,62,331,0.03985507246376807,181,313.13140599999997,2.511047,125.63099399999999,1.47958,141,187.50041200000004,1.717575
434,dcta_parity_v1,custom,aa0724188407797eae5187348bee11ee9f51317c4e8a201863b052786aa2f1df,823213c90703fd83224ad7122ee730ba64af3769ea517af252103bddd907f681,ACBBA,ideal,1.0,19,361,0.01,4,4,,,bayesian_acbba_topk_001_k4,/home/agxorin/topk_filter_study/simulator/scenarios/final_trial_500.csv,clue_search,completed,,,5,5,0,9,0,0,0,0,12,34,0,,7,5,12,0,0,0,0.0,1.3333333333333333,0.0,0.0,0.0,0.0,collision_intent:6;state:5;target:1,2,5,0.08333333333333326,6,0.367534,0.121957,0.367534,0.121957,0,0.0,0.0
435,dcta_parity_v1,custom,aa0724188407797eae5187348bee11ee9f51317c4e8a201863b052786aa2f1df,823213c90703fd83224ad7122ee730ba64af3769ea517af252103bddd907f681,ACBBA,ideal,1.0,19,361,0.01,4,4,,,bayesian_acbba_topk_001_k4,/home/agxorin/topk_filter_study/simulator/scenarios/final_trial_500.csv,clue_search,completed,,,160,13,147,140,24,15,6,4,1028,3082,0,,183,845,351,677,1001,677,0.0,7.3428571428571425,6.809523809523809,4.23125,4.605442176870748,4.835714285714285,acbba_entry:677;clue:8;collision_intent:182;state:160;target:1,45,264,0.08928571428571419,199,524.6007689999999,18.689822,137.553392,1.671717,187,387.047377,17.545615
436,dcta_parity_v1,custom,aa0724188407797eae5187348bee11ee9f51317c4e8a201863b052786aa2f1df,823213c90703fd83224ad7122ee730ba64af3769ea517af252103bddd907f681,ACBBA,ideal,1.0,19,361,0.01,4,4,,,bayesian_acbba_topk_001_k4,/home/agxorin/topk_filter_study/simulator/scenarios/final_trial_500.csv,clue_search,completed,,,54,24,30,57,1,2,0,0,284,849,0,,59,225,117,167,236,167,0.0,4.982456140350878,7.866666666666666,3.0925925925925926,5.566666666666666,2.9298245614035086,acbba_entry:167;clue:4;collision_intent:58;state:54;target:1,15,77,0.03947368421052633,60,117.05255700000001,18.341166,36.402378,16.499874,38,80.65017900000001,17.779799
437,dcta_parity_v1,custom,aa0724188407797eae5187348bee11ee9f51317c4e8a201863b052786aa2f1df,823213c90703fd83224ad7122ee730ba64af3769ea517af252103bddd907f681,ACBBA,ideal,1.0,19,361,0.01,4,4,,,bayesian_acbba_topk_001_k4,/home/agxorin/topk_filter_study/simulator/scenarios/final_trial_500.csv,clue_search,completed,,,10,10,0,14,0,0,0,0,21,60,0,,11,10,21,0,0,0,0.0,1.5,0.0,0.0,0.0,0.0,collision_intent:10;state:10;target:1,3,7,0.0714285714285714,9,0.519479,0.12471,0.519479,0.12471,0,0.0,0.0
438,dcta_parity_v1,custom,aa0724188407797eae5187348bee11ee9f51317c4e8a201863b052786aa2f1df,823213c90703fd83224ad7122ee730ba64af3769ea517af252103bddd907f681,ACBBA,ideal,1.0,19,361,0.01,4,4,,,bayesian_acbba_topk_001_k4,/home/agxorin/topk_filter_study/simulator/scenarios/final_trial_500.csv,clue_search,completed,,,24,24,0,28,0,0,0,0,49,144,0,,25,24,49,0,0,0,0.0,1.75,0.0,0.0,0.0,0.0,collision_intent:24;state:24;target:1,6,13,0.0,22,0.8369329999999999,0.114853,0.8369329999999999,0.114853,0,0.0,0.0
439,dcta_parity_v1,custom,aa0724188407797eae5187348bee11ee9f51317c4e8a201863b052786aa2f1df,823213c90703fd83224ad7122ee730ba64af3769ea517af252103bddd907f681,ACBBA,ideal,1.0,19,361,0.01,4,4,,,bayesian_acbba_topk_001_k4,/home/agxorin/topk_filter_study/simulator/scenarios/final_trial_500.csv,clue_search,completed,,,145,44,101,124,25,7,0,0,723,2167,0,,151,572,304,419,635,419,0.0,5.830645161290323,6.287128712871287,2.889655172413793,4.148514851485149,3.379032258064516,acbba_entry:419;clue:8;collision_intent:150;state:145;target:1,39,188,0.06451612903225801,129,195.82136100000002,2.761713,61.555378999999995,1.337142,87,134.265982,1.987057
440,dcta_parity_v1,custom,aa0724188407797eae5187348bee11ee9f51317c4e8a201863b052786aa2f1df,823213c90703fd83224ad7122ee730ba64af3769ea517af252103bddd907f681,ACBBA,ideal,1.0,19,361,0.01,4,4,,,bayesian_acbba_topk_001_k4,/home/agxorin/topk_filter_study/simulator/scenarios/final_trial_500.csv,clue_search,completed,,,355,76,279,301,58,39,4,4,1954,5857,0,,378,1576,745,1209,1802,1209,0.0,6.4916943521594686,6.458781362007168,3.4056338028169013,4.333333333333333,4.016611295681063,acbba_entry:1209;clue:12;collision_intent:377;state:355;target:1,90,497,0.039036544850498345,285,485.84431500000005,18.242534,244.794239,1.922158,211,241.050076,17.082454
441,dcta_parity_v1,custom,aa0724188407797eae5187348bee11ee9f51317c4e8a201863b052786aa2f1df,823213c90703fd83224ad7122ee730ba64af3769ea517af252103bddd907f681,ACBBA,ideal,1.0,19,361,0.01,4,4,,,bayesian_acbba_topk_001_k4,/home/agxorin/topk_filter_study/simulator/scenarios/final_trial_500.csv,clue_search,completed,,,167,123,44,166,5,2,0,0,574,1719,0,,172,402,343,231,328,231,0.0,3.4578313253012047,7.454545454545454,1.3832335329341316,5.25,1.391566265060241,acbba_entry:231;clue:4;collision_intent:171;state:167;target:1,43,149,0.009036144578313143,166,85.387233,2.175064,27.462677,0.894116,45,57.924555999999995,1.570431
442,dcta_parity_v1,custom,aa0724188407797eae5187348bee11ee9f51317c4e8a201863b052786aa2f1df,823213c90703fd83224ad7122ee730ba64af3769ea517af252103bddd907f681,ACBBA,ideal,1.0,19,361,0.01,4,4,,,bayesian_acbba_topk_001_k4,/home/agxorin/topk_filter_study/simulator/scenarios/final_trial_500.csv,clue_search,completed,,,12,12,0,16,0,0,0,0,25,72,0,,13,12,25,0,0,0,0.0,1.5625,0.0,0.0,0.0,0.0,collision_intent:12;state:12;target:1,3,7,0.0,10,0.49633799999999995,0.119237,0.49633799999999995,0.119237,0,0.0,0.0
443,dcta_parity_v1,custom,aa0724188407797eae5187348bee11ee9f51317c4e8a201863b052786aa2f1df,823213c90703fd83224ad7122ee730ba64af3769ea517af252103bddd907f681,ACBBA,ideal,1.0,19,361,0.01,4,4,,,bayesian_acbba_topk_001_k4,/home/agxorin/topk_filter_study/simulator/scenarios/final_trial_500.csv,clue_search,completed,,,211,24,187,188,27,23,4,4,1285,3849,0,,231,1054,454,831,1237,831,0.0,6.835106382978723,6.614973262032086,3.938388625592417,4.44385026737968,4.420212765957447,acbba_entry:831;clue:12;collision_intent:230;state:211;target:1,57,327,0.02393617021276606,195,486.65044400000005,18.691987,249.70423399999999,17.479522,173,236.94621,1.74631
444,dcta_parity_v1,custom,aa0724188407797eae5187348bee11ee9f51317c4e8a201863b052786aa2f1df,823213c90703fd83224ad7122ee730ba64af3769ea517af252103bddd907f681,ACBBA,ideal,1.0,19,361,0.01,4,4,,,bayesian_acbba_topk_001_k4,/home/agxorin/topk_filter_study/simulator/scenarios/final_trial_500.csv,clue_search,completed,,,9,9,0,13,0,0,0,0,20,58,0,,11,9,20,0,0,0,0.0,1.5384615384615385,0.0,0.0,0.0,0.0,collision_intent:10;state:9;target:1,3,7,0.05769230769230771,9,0.44430700000000006,0.110917,0.44430700000000006,0.110917,0,0.0,0.0
445,dcta_parity_v1,custom,aa0724188407797eae5187348bee11ee9f51317c4e8a201863b052786aa2f1df,823213c90703fd83224ad7122ee730ba64af3769ea517af252103bddd907f681,ACBBA,ideal,1.0,19,361,0.01,4,4,,,bayesian_acbba_topk_001_k4,/home/agxorin/topk_filter_study/simulator/scenarios/final_trial_500.csv,clue_search,completed,,,71,71,0,75,0,0,0,0,144,432,0,,73,71,144,0,0,0,0.0,1.92,0.0,0.0,0.0,0.0,collision_intent:72;state:71;target:1,18,37,0.010000000000000009,70,2.142867,0.116357,2.142867,0.116357,0,0.0,0.0
446,dcta_parity_v1,custom,aa0724188407797eae5187348bee11ee9f51317c4e8a201863b052786aa2f1df,823213c90703fd83224ad7122ee730ba64af3769ea517af252103bddd907f681,ACBBA,ideal,1.0,19,361,0.01,4,4,,,bayesian_acbba_topk_001_k4,/home/agxorin/topk_filter_study/simulator/scenarios/final_trial_500.csv,clue_search,completed,,,340,7,333,297,47,33,0,0,2019,6056,0,,360,1659,712,1307,2005,1307,0.0,6.797979797979798,6.021021021021021,3.8441176470588236,3.924924924924925,4.4006734006734005,acbba_entry:1307;clue:12;collision_intent:359;state:340;target:1,89,516,0.02609427609427617,289,724.8386900000002,14.319168,376.540117,2.045106,283,348.298573,13.570082
447,dcta_parity_v1,custom,aa0724188407797eae5187348bee11ee9f51317c4e8a201863b052786aa2f1df,823213c90703fd83224ad7122ee730ba64af3769ea517af252103bddd907f681,ACBBA,ideal,1.0,19,361,0.01,4,4,,,bayesian_acbba_topk_001_k4,/home/agxorin/topk_filter_study/simulator/scenarios/final_trial_500.csv,clue_search,completed,,,53,40,13,57,0,0,0,0,184,551,0,,56,128,117,67,104,67,0.0,3.2280701754385963,8.0,1.2641509433962264,5.153846153846154,1.1754385964912282,acbba_entry:67;clue:8;collision_intent:55;state:53;target:1,14,51,0.030701754385964897,60,46.564267,2.374943,10.72984,0.679899,22,35.834427000000005,1.695044
448,dcta_parity_v1,custom,aa0724188407797eae5187348bee11ee9f51317c4e8a201863b052786aa2f1df,823213c90703fd83224ad7122ee730ba64af3769ea517af252103bddd907f681,ACBBA,ideal,1.0,19,361,0.01,4,4,,,bayesian_acbba_topk_001_k4,/home/agxorin/topk_filter_study/simulator/scenarios/final_trial_500.csv,clue_search,completed,,,258,258,0,258,4,0,0,0,518,1554,0,,260,258,518,0,0,0,0.0,2.007751937984496,0.0,0.0,0.0,0.0,collision_intent:259;state:258;target:1,65,131,0.009689922480620172,243,9.262362,1.798184,9.262362,1.798184,0,0.0,0.0
449,dcta_parity_v1,custom,aa0724188407797eae5187348bee11ee9f51317c4e8a201863b052786aa2f1df,823213c90703fd83224ad7122ee730ba64af3769ea517af252103bddd907f681,ACBBA,ideal,1.0,19,361,0.01,4,4,,,bayesian_acbba_topk_001_k4,/home/agxorin/topk_filter_study/simulator/scenarios/final_trial_500.csv,clue_search,completed,,,64,10,54,62,6,7,0,0,360,1074,0,,66,294,134,226,340,226,0.0,5.806451612903226,6.296296296296297,3.53125,4.185185185185185,3.6451612903225805,acbba_entry:226;clue:4;collision_intent:65;state:64;target:1,17,98,0.06451612903225801,51,99.533425,7.541582,31.782686999999996,5.845578,42,67.750738,1.743461
450,dcta_parity_v1,custom,aa0724188407797eae5187348bee11ee9f51317c4e8a201863b052786aa2f1df,823213c90703fd83224ad7122ee730ba64af3769ea517af252103bddd907f681,ACBBA,ideal,1.0,19,361,0.01,4,4,,,bayesian_acbba_topk_001_k4,/home/agxorin/topk_filter_study/simulator/scenarios/final_trial_500.csv,clue_search,completed,,,470,23,447,342,132,61,5,5,2992,8973,0,,508,2484,994,1998,2946,1998,0.0,8.748538011695906,6.590604026845638,4.251063829787234,4.469798657718121,5.842105263157895,acbba_entry:1998;clue:16;collision_intent:507;state:470;target:1,121,758,0.02777777777777768,416,1017.6489529999997,14.934864,606.3669739999998,3.02316,395,411.2819790000001,12.992004
451,dcta_parity_v1,custom,aa0724188407797eae5187348bee11ee9f51317c4e8a201863b052786aa2f1df,823213c90703fd83224ad7122ee730ba64af3769ea517af252103bddd907f681,ACBBA,ideal,1.0,19,361,0.01,4,4,,,bayesian_acbba_topk_001_k4,/home/agxorin/topk_filter_study/simulator/scenarios/final_trial_500.csv,clue_search,completed,,,117,3,114,101,20,16,4,2,842,2522,0,,125,717,254,588,835,588,0.0,8.336633663366337,7.324561403508772,5.0256410256410255,5.157894736842105,5.821782178217822,acbba_entry:588;clue:12;collision_intent:124;state:117;target:1,30,223,0.06683168316831689,84,226.517967,18.653026,66.679923,1.248594,80,159.83804400000002,17.660987
452,dcta_parity_v1,custom,aa0724188407797eae5187348bee11ee9f51317c4e8a201863b052786aa2f1df,823213c90703fd83224ad7122ee730ba64af3769ea517af252103bddd907f681,ACBBA,ideal,1.0,19,361,0.01,4,4,,,bayesian_acbba_topk_001_k4,/home/agxorin/topk_filter_study/simulator/scenarios/final_trial_500.csv,clue_search,completed,,,87,29,58,88,3,4,0,0,426,1273,0,,92,334,191,235,367,235,0.0,4.840909090909091,6.327586206896552,2.7011494252873565,4.051724137931035,2.6704545454545454,acbba_entry:235;clue:12;collision_intent:91;state:87;target:1,22,109,0.02840909090909083,71,145.512257,18.418745,30.949809000000002,1.758406,43,114.562448,17.624313
453,dcta_parity_v1,custom,aa0724188407797eae5187348bee11ee9f51317c4e8a201863b052786aa2f1df,823213c90703fd83224ad7122ee730ba64af3769ea517af252103bddd907f681,ACBBA,ideal,1.0,19,361,0.01,4,4,,,bayesian_acbba_topk_001_k4,/home/agxorin/topk_filter_study/simulator/scenarios/final_trial_500.csv,clue_search,completed,,,285,106,179,240,49,26,1,1,1250,3746,0,,299,951,600,650,1038,650,0.0,5.208333333333333,5.798882681564246,2.280701754385965,3.631284916201117,2.7083333333333335,acbba_entry:650;clue:16;collision_intent:298;state:285;target:1,75,317,0.0625,259,294.681089,2.245592,117.86106199999999,1.235793,155,176.820027,1.448185
454,dcta_parity_v1,custom,aa0724188407797eae5187348bee11ee9f51317c4e8a201863b052786aa2f1df,823213c90703fd83224ad7122ee730ba64af3769ea517af252103bddd907f681,ACBBA,ideal,1.0,19,361,0.01,4,4,,,bayesian_acbba_topk_001_k4,/home/agxorin/topk_filter_study/simulator/scenarios/final_trial_500.csv,clue_search,completed,,,241,73,168,207,38,20,4,4,1432,4293,0,,265,1167,510,922,1285,922,0.0,6.917874396135265,7.648809523809524,3.8257261410788383,5.488095238095238,4.454106280193237,acbba_entry:922;clue:4;collision_intent:264;state:241;target:1,65,367,0.03985507246376807,262,486.96253300000006,18.756353,234.05969399999998,17.577843,190,252.90283899999997,17.152864
455,dcta_parity_v1,custom,aa0724188407797eae5187348bee11ee9f51317c4e8a201863b052786aa2f1df,823213c90703fd83224ad7122ee730ba64af3769ea517af252103bddd907f681,ACBBA,ideal,1.0,19,361,0.01,4,4,,,bayesian_acbba_topk_001_k4,/home/agxorin/topk_filter_study/simulator/scenarios/final_trial_500.csv,clue_search,completed,,,181,90,91,163,22,12,0,0,881,2641,0,,193,688,382,499,700,499,0.0,5.404907975460123,7.6923076923076925,2.7569060773480665,5.483516483516484,3.061349693251534,acbba_entry:499;clue:8;collision_intent:192;state:181;target:1,48,221,0.0690184049079754,191,243.003896,26.21258,85.480276,12.812151,101,157.52362,25.86463
456,dcta_parity_v1,custom,aa0724188407797eae5187348bee11ee9f51317c4e8a201863b052786aa2f1df,823213c90703fd83224ad7122ee730ba64af3769ea517af252103bddd907f681,ACBBA,ideal,1.0,19,361,0.01,4,4,,,bayesian_acbba_topk_001_k4,/home/agxorin/topk_filter_study/simulator/scenarios/final_trial_500.csv,clue_search,completed,,,277,70,207,223,58,23,6,6,1517,4546,0,,306,1211,595,922,1377,922,0.0,6.802690582959642,6.6521739130434785,3.3285198555956677,4.454106280193237,4.134529147982063,acbba_entry:922;clue:12;collision_intent:305;state:277;target:1,73,383,0.04820627802690591,249,411.677267,2.659336,191.167247,1.64032,181,220.51001999999997,1.570334
458,dcta_parity_v1,custom,aa0724188407797eae5187348bee11ee9f51317c4e8a201863b052786aa2f1df,823213c90703fd83224ad7122ee730ba64af3769ea517af252103bddd907f681,ACBBA,ideal,1.0,19,361,0.01,4,4,,,bayesian_acbba_topk_001_k4,/home/agxorin/topk_filter_study/simulator/scenarios/final_trial_500.csv,clue_search,completed,,,363,105,258,271,96,36,0,0,1699,5092,0,,376,1323,751,948,1488,948,0.0,6.269372693726937,5.767441860465116,2.6115702479338845,3.6744186046511627,3.4981549815498156,acbba_entry:948;clue:12;collision_intent:375;state:363;target:1,93,435,0.04704797047970488,293,411.27930599999996,18.122877,217.89187299999998,17.177818,189,193.38743300000002,1.976841
459,dcta_parity_v1,custom,aa0724188407797eae5187348bee11ee9f51317c4e8a201863b052786aa2f1df,823213c90703fd83224ad7122ee730ba64af3769ea517af252103bddd907f681,ACBBA,ideal,1.0,19,361,0.01,4,4,,,bayesian_acbba_topk_001_k4,/home/agxorin/topk_filter_study/simulator/scenarios/final_trial_500.csv,clue_search,completed,,,132,37,95,127,9,9,0,0,751,2250,0,,137,614,277,474,677,474,0.0,5.913385826771654,7.126315789473685,3.590909090909091,4.989473684210527,3.732283464566929,acbba_entry:474;clue:8;collision_intent:136;state:132;target:1,35,195,0.025590551181102317,103,154.62766799999997,2.577502,52.30796599999999,1.144618,68,102.319702,1.68099
460,dcta_parity_v1,custom,aa0724188407797eae5187348bee11ee9f51317c4e8a201863b052786aa2f1df,823213c90703fd83224ad7122ee730ba64af3769ea517af252103bddd907f681,ACBBA,ideal,1.0,19,361,0.01,4,4,,,bayesian_acbba_topk_001_k4,/home/agxorin/topk_filter_study/simulator/scenarios/final_trial_500.csv,clue_search,completed,,,44,44,0,48,0,0,0,0,89,264,0,,45,44,89,0,0,0,0.0,1.8541666666666667,0.0,0.0,0.0,0.0,collision_intent:44;state:44;target:1,11,23,0.0,42,1.391315,0.119429,1.391315,0.119429,0,0.0,0.0
461,dcta_parity_v1,custom,aa0724188407797eae5187348bee11ee9f51317c4e8a201863b052786aa2f1df,823213c90703fd83224ad7122ee730ba64af3769ea517af252103bddd907f681,ACBBA,ideal,1.0,19,361,0.01,4,4,,,bayesian_acbba_topk_001_k4,/home/agxorin/topk_filter_study/simulator/scenarios/final_trial_500.csv,clue_search,completed,,,279,126,153,226,57,22,2,2,1314,3939,0,,303,1011,590,724,1062,724,0.0,5.814159292035399,6.9411764705882355,2.5949820788530467,4.73202614379085,3.2035398230088497,acbba_entry:724;clue:8;collision_intent:302;state:279;target:1,75,336,0.07743362831858414,300,406.604699,21.856737,176.312451,17.277882,175,230.29224800000003,21.096069
462,dcta_parity_v1,custom,aa0724188407797eae5187348bee11ee9f51317c4e8a201863b052786aa2f1df,823213c90703fd83224ad7122ee730ba64af3769ea517af252103bddd907f681,ACBBA,ideal,1.0,19,361,0.01,4,4,,,bayesian_acbba_topk_001_k4,/home/agxorin/topk_filter_study/simulator/scenarios/final_trial_500.csv,clue_search,completed,,,584,104,480,355,233,68,6,6,2684,8049,0,,637,2047,1233,1451,2476,1451,0.0,7.56056338028169,5.158333333333333,2.4845890410958904,3.0229166666666667,4.087323943661972,acbba_entry:1451;clue:12;collision_intent:636;state:584;target:1,157,692,0.0767605633802817,596,963.1917289999999,18.415329,552.3068939999999,17.142515,494,410.884835,17.719656
463,dcta_parity_v1,custom,aa0724188407797eae5187348bee11ee9f51317c4e8a201863b052786aa2f1df,823213c90703fd83224ad7122ee730ba64af3769ea517af252103bddd907f681,ACBBA,ideal,1.0,19,361,0.01,4,4,,,bayesian_acbba_topk_001_k4,/home/agxorin/topk_filter_study/simulator/scenarios/final_trial_500.csv,clue_search,completed,,,505,104,401,346,163,52,12,9,2847,8540,0,,555,2292,1072,1775,2639,1775,0.0,8.228323699421965,6.581047381546135,3.514851485148515,4.4264339152119705,5.130057803468208,acbba_entry:1775;clue:12;collision_intent:554;state:505;target:1,138,736,0.050578034682081,535,1030.905866,4.307068,646.395071,3.033678,433,384.510795,2.027241
464,dcta_parity_v1,custom,aa0724188407797eae5187348bee11ee9f51317c4e8a201863b052786aa2f1df,823213c90703fd83224ad7122ee730ba64af3769ea517af252103bddd907f681,ACBBA,ideal,1.0,19,361,0.01,4,4,,,bayesian_acbba_topk_001_k4,/home/agxorin/topk_filter_study/simulator/scenarios/final_trial_500.csv,clue_search,completed,,,138,108,30,135,7,5,2,2,392,1173,0,,142,250,284,108,175,108,0.0,2.903703703703704,5.833333333333333,0.782608695652174,3.6,0.8,acbba_entry:108;clue:4;collision_intent:141;state:138;target:1,36,104,0.024074074074074137,131,52.284395,3.817674,17.714377,1.981672,24,34.570018000000005,3.173459
465,dcta_parity_v1,custom,aa0724188407797eae5187348bee11ee9f51317c4e8a201863b052786aa2f1df,823213c90703fd83224ad7122ee730ba64af3769ea517af252103bddd907f681,ACBBA,ideal,1.0,19,361,0.01,4,4,,,bayesian_acbba_topk_001_k4,/home/agxorin/topk_filter_study/simulator/scenarios/final_trial_500.csv,clue_search,completed,,,222,105,117,205,21,12,0,0,1041,3121,0,,237,804,471,570,831,570,0.0,5.078048780487805,7.102564102564102,2.5675675675675675,4.871794871794871,2.7804878048780486,acbba_entry:570;clue:12;collision_intent:236;state:222;target:1,59,267,0.05243902439024395,230,244.22161699999998,3.332216,95.44279399999999,2.191663,127,148.778823,1.38949
466,dcta_parity_v1,custom,aa0724188407797eae5187348bee11ee9f51317c4e8a201863b052786aa2f1df,823213c90703fd83224ad7122ee730ba64af3769ea517af252103bddd907f681,ACBBA,ideal,1.0,19,361,0.01,4,4,,,bayesian_acbba_topk_001_k4,/home/agxorin/topk_filter_study/simulator/scenarios/final_trial_500.csv,clue_search,completed,,,51,37,14,55,0,0,0,0,154,459,0,,54,100,109,45,80,45,0.0,2.8,5.714285714285714,0.8823529411764706,3.2142857142857144,0.8181818181818182,acbba_entry:45;clue:4;collision_intent:53;state:51;target:1,14,42,0.040909090909091006,49,27.757925,2.315571,6.931385000000001,0.663961,13,20.826539999999998,1.813922
467,dcta_parity_v1,custom,aa0724188407797eae5187348bee11ee9f51317c4e8a201863b052786aa2f1df,823213c90703fd83224ad7122ee730ba64af3769ea517af252103bddd907f681,ACBBA,ideal,1.0,19,361,0.01,4,4,,,bayesian_acbba_topk_001_k4,/home/agxorin/topk_filter_study/simulator/scenarios/final_trial_500.csv,clue_search,completed,,,221,78,143,183,42,14,2,2,1180,3536,0,,230,950,459,721,1022,721,0.0,6.448087431693989,7.146853146853147,3.262443438914027,5.041958041958042,3.939890710382514,acbba_entry:721;clue:8;collision_intent:229;state:221;target:1,57,302,0.039617486338797914,184,246.89068799999995,2.830117,105.778097,1.520215,106,141.112591,1.578425
468,dcta_parity_v1,custom,aa0724188407797eae5187348bee11ee9f51317c4e8a201863b052786aa2f1df,823213c90703fd83224ad7122ee730ba64af3769ea517af252103bddd907f681,ACBBA,ideal,1.0,19,361,0.01,4,4,,,bayesian_acbba_topk_001_k4,/home/agxorin/topk_filter_study/simulator/scenarios/final_trial_500.csv,clue_search,completed,,,78,46,32,81,1,2,0,0,305,912,0,,82,223,172,133,213,133,0.0,3.765432098765432,6.65625,1.705128205128205,4.15625,1.6419753086419753,acbba_entry:133;clue:12;collision_intent:81;state:78;target:1,20,80,0.0092592592592593,63,41.846394000000004,2.295474,12.874858,0.790492,19,28.971536,1.672572
469,dcta_parity_v1,custom,aa0724188407797eae5187348bee11ee9f51317c4e8a201863b052786aa2f1df,823213c90703fd83224ad7122ee730ba64af3769ea517af252103bddd907f681,ACBBA,ideal,1.0,19,361,0.01,4,4,,,bayesian_acbba_topk_001_k4,/home/agxorin/topk_filter_study/simulator/scenarios/final_trial_500.csv,clue_search,completed,,,71,71,0,75,0,0,0,0,143,426,0,,72,71,143,0,0,0,0.0,1.9066666666666667,0.0,0.0,0.0,0.0,collision_intent:71;state:71;target:1,18,37,0.010000000000000009,69,2.16926,0.120036,2.16926,0.120036,0,0.0,0.0
470,dcta_parity_v1,custom,aa0724188407797eae5187348bee11ee9f51317c4e8a201863b052786aa2f1df,823213c90703fd83224ad7122ee730ba64af3769ea517af252103bddd907f681,ACBBA,ideal,1.0,19,361,0.01,4,4,,,bayesian_acbba_topk_001_k4,/home/agxorin/topk_filter_study/simulator/scenarios/final_trial_500.csv,clue_search,completed,,,395,116,279,299,100,30,5,5,1703,5108,0,,420,1283,831,872,1471,872,0.0,5.695652173913044,5.272401433691757,2.207594936708861,3.1254480286738353,2.9163879598662206,acbba_entry:872;clue:16;collision_intent:419;state:395;target:1,103,434,0.044314381270903036,346,553.383763,18.091175,240.347235,16.851323,232,313.03652800000003,17.303819
471,dcta_parity_v1,custom,aa0724188407797eae5187348bee11ee9f51317c4e8a201863b052786aa2f1df,823213c90703fd83224ad7122ee730ba64af3769ea517af252103bddd907f681,ACBBA,ideal,1.0,19,361,0.01,4,4,,,bayesian_acbba_topk_001_k4,/home/agxorin/topk_filter_study/simulator/scenarios/final_trial_500.csv,clue_search,completed,,,100,100,0,104,0,0,0,0,201,599,0,,101,100,201,0,0,0,0.0,1.9326923076923077,0.0,0.0,0.0,0.0,collision_intent:100;state:100;target:1,25,51,0.0,98,3.0086510000000004,0.122884,3.0086510000000004,0.122884,0,0.0,0.0
472,dcta_parity_v1,custom,aa0724188407797eae5187348bee11ee9f51317c4e8a201863b052786aa2f1df,823213c90703fd83224ad7122ee730ba64af3769ea517af252103bddd907f681,ACBBA,ideal,1.0,19,361,0.01,4,4,,,bayesian_acbba_topk_001_k4,/home/agxorin/topk_filter_study/simulator/scenarios/final_trial_500.csv,clue_search,completed,,,23,23,0,27,0,0,0,0,47,139,0,,24,23,47,0,0,0,0.0,1.7407407407407407,0.0,0.0,0.0,0.0,collision_intent:23;state:23;target:1,6,13,0.02777777777777768,21,0.825248,0.112996,0.825248,0.112996,0,0.0,0.0
473,dcta_parity_v1,custom,aa0724188407797eae5187348bee11ee9f51317c4e8a201863b052786aa2f1df,823213c90703fd83224ad7122ee730ba64af3769ea517af252103bddd907f681,ACBBA,ideal,1.0,19,361,0.01,4,4,,,bayesian_acbba_topk_001_k4,/home/agxorin/topk_filter_study/simulator/scenarios/final_trial_500.csv,clue_search,completed,,,97,66,31,99,2,1,0,0,323,967,0,,99,224,204,119,191,119,0.0,3.2626262626262625,6.161290322580645,1.2268041237113403,3.838709677419355,1.202020202020202,acbba_entry:119;clue:8;collision_intent:98;state:97;target:1,25,85,0.022727272727272707,85,92.961381,18.379533,29.731197,16.816501,20,63.230184,17.629587
474,dcta_parity_v1,custom,aa0724188407797eae5187348bee11ee9f51317c4e8a201863b052786aa2f1df,823213c90703fd83224ad7122ee730ba64af3769ea517af252103bddd907f681,ACBBA,ideal,1.0,19,361,0.01,4,4,,,bayesian_acbba_topk_001_k4,/home/agxorin/topk_filter_study/simulator/scenarios/final_trial_500.csv,clue_search,completed,,,63,63,0,67,0,0,0,0,127,376,0,,64,63,127,0,0,0,0.0,1.8955223880597014,0.0,0.0,0.0,0.0,collision_intent:63;state:63;target:1,16,33,0.011194029850746245,61,2.073323,0.114884,2.073323,0.114884,0,0.0,0.0
475,dcta_parity_v1,custom,aa0724188407797eae5187348bee11ee9f51317c4e8a201863b052786aa2f1df,823213c90703fd83224ad7122ee730ba64af3769ea517af252103bddd907f681,ACBBA,ideal,1.0,19,361,0.01,4,4,,,bayesian_acbba_topk_001_k4,/home/agxorin/topk_filter_study/simulator/scenarios/final_trial_500.csv,clue_search,completed,,,12,12,0,16,0,0,0,0,25,73,0,,13,12,25,0,0,0,0.0,1.5625,0.0,0.0,0.0,0.0,collision_intent:12;state:12;target:1,3,7,0.0,10,0.49528099999999997,0.118212,0.49528099999999997,0.118212,0,0.0,0.0
476,dcta_parity_v1,custom,aa0724188407797eae5187348bee11ee9f51317c4e8a201863b052786aa2f1df,823213c90703fd83224ad7122ee730ba64af3769ea517af252103bddd907f681,ACBBA,ideal,1.0,19,361,0.01,4,4,,,bayesian_acbba_topk_001_k4,/home/agxorin/topk_filter_study/simulator/scenarios/final_trial_500.csv,clue_search,completed,,,219,43,176,188,35,18,0,0,1322,3965,0,,232,1090,459,863,1236,863,0.0,7.031914893617022,7.0227272727272725,3.9406392694063928,4.903409090909091,4.590425531914893,acbba_entry:863;clue:8;collision_intent:231;state:219;target:1,57,340,0.037234042553191404,194,383.70656099999997,18.526896,157.961597,16.921528,153,225.74496399999998,17.481836
477,dcta_parity_v1,custom,aa0724188407797eae5187348bee11ee9f51317c4e8a201863b052786aa2f1df,823213c90703fd83224ad7122ee730ba64af3769ea517af252103bddd907f681,ACBBA,ideal,1.0,19,361,0.01,4,4,,,bayesian_acbba_topk_001_k4,/home/agxorin/topk_filter_study/simulator/scenarios/final_trial_500.csv,clue_search,completed,,,155,51,104,138,21,9,5,5,831,2492,0,,165,666,328,503,729,503,0.0,6.021739130434782,7.009615384615385,3.2451612903225806,4.836538461538462,3.6449275362318843,acbba_entry:503;clue:8;collision_intent:164;state:155;target:1,40,210,0.0905797101449275,119,154.639197,2.470007,56.675484999999995,1.161673,70,97.963712,1.611033
478,dcta_parity_v1,custom,aa0724188407797eae5187348bee11ee9f51317c4e8a201863b052786aa2f1df,823213c90703fd83224ad7122ee730ba64af3769ea517af252103bddd907f681,ACBBA,ideal,1.0,19,361,0.01,4,4,,,bayesian_acbba_topk_001_k4,/home/agxorin/topk_filter_study/simulator/scenarios/final_trial_500.csv,clue_search,completed,,,40,20,20,42,2,1,0,0,194,579,0,,45,149,89,105,154,105,0.0,4.619047619047619,7.7,2.625,5.25,2.5,acbba_entry:105;clue:4;collision_intent:44;state:40;target:1,10,52,0.023809523809523725,38,44.25542,2.424821,11.080744,0.704792,20,33.174676000000005,1.75203
479,dcta_parity_v1,custom,aa0724188407797eae5187348bee11ee9f51317c4e8a201863b052786aa2f1df,823213c90703fd83224ad7122ee730ba64af3769ea517af252103bddd907f681,ACBBA,ideal,1.0,19,361,0.01,4,4,,,bayesian_acbba_topk_001_k4,/home/agxorin/topk_filter_study/simulator/scenarios/final_trial_500.csv,clue_search,completed,,,123,64,59,114,13,7,0,0,611,1828,0,,128,483,259,352,483,352,0.0,5.359649122807017,8.186440677966102,2.861788617886179,5.966101694915254,3.087719298245614,acbba_entry:352;clue:8;collision_intent:127;state:123;target:1,32,160,0.026315789473684292,118,122.13250199999999,2.358771,40.289131,0.988003,56,81.843371,1.592216
480,dcta_parity_v1,custom,aa0724188407797eae5187348bee11ee9f51317c4e8a201863b052786aa2f1df,823213c90703fd83224ad7122ee730ba64af3769ea517af252103bddd907f681,ACBBA,ideal,1.0,19,361,0.01,4,4,,,bayesian_acbba_topk_001_k4,/home/agxorin/topk_filter_study/simulator/scenarios/final_trial_500.csv,clue_search,completed,,,86,86,0,90,0,0,0,0,175,521,0,,89,86,175,0,0,0,0.0,1.9444444444444444,0.0,0.0,0.0,0.0,collision_intent:88;state:86;target:1,22,45,0.011111111111111072,86,2.7828140000000006,0.119684,2.7828140000000006,0.119684,0,0.0,0.0
481,dcta_parity_v1,custom,aa0724188407797eae5187348bee11ee9f51317c4e8a201863b052786aa2f1df,823213c90703fd83224ad7122ee730ba64af3769ea517af252103bddd907f681,ACBBA,ideal,1.0,19,361,0.01,4,4,,,bayesian_acbba_topk_001_k4,/home/agxorin/topk_filter_study/simulator/scenarios/final_trial_500.csv,clue_search,completed,,,273,12,261,225,52,20,1,1,1676,5022,0,,291,1385,576,1100,1652,1100,0.0,7.448888888888889,6.329501915708812,4.029304029304029,4.21455938697318,4.888888888888889,acbba_entry:1100;clue:12;collision_intent:290;state:273;target:1,74,429,0.1233333333333333,262,622.6820389999999,4.436795,282.64112,1.924356,252,340.04091900000003,2.836164
482,dcta_parity_v1,custom,aa0724188407797eae5187348bee11ee9f51317c4e8a201863b052786aa2f1df,823213c90703fd83224ad7122ee730ba64af3769ea517af252103bddd907f681,ACBBA,ideal,1.0,19,361,0.01,4,4,,,bayesian_acbba_topk_001_k4,/home/agxorin/topk_filter_study/simulator/scenarios/final_trial_500.csv,clue_search,completed,,,210,23,187,181,33,9,2,2,1317,3946,0,,221,1096,439,878,1271,878,0.0,7.276243093922652,6.7967914438502675,4.180952380952381,4.695187165775401,4.850828729281768,acbba_entry:878;clue:8;collision_intent:220;state:210;target:1,54,343,0.059392265193370264,171,357.81572099999994,2.956008,145.159909,1.681722,150,212.655812,1.731933
483,dcta_parity_v1,custom,aa0724188407797eae5187348bee11ee9f51317c4e8a201863b052786aa2f1df,823213c90703fd83224ad7122ee730ba64af3769ea517af252103bddd907f681,ACBBA,ideal,1.0,19,361,0.01,4,4,,,bayesian_acbba_topk_001_k4,/home/agxorin/topk_filter_study/simulator/scenarios/final_trial_500.csv,clue_search,completed,,,153,38,115,144,13,18,3,1,908,2719,0,,169,739,330,578,831,578,0.0,6.305555555555555,7.226086956521739,3.7777777777777777,5.026086956521739,4.013888888888889,acbba_entry:578;clue:8;collision_intent:168;state:153;target:1,39,234,0.02430555555555558,145,243.41153099999997,2.57913,84.93614300000002,1.134664,108,158.475388,1.760381
484,dcta_parity_v1,custom,aa0724188407797eae5187348bee11ee9f51317c4e8a201863b052786aa2f1df,823213c90703fd83224ad7122ee730ba64af3769ea517af252103bddd907f681,ACBBA,ideal,1.0,19,361,0.01,4,4,,,bayesian_acbba_topk_001_k4,/home/agxorin/topk_filter_study/simulator/scenarios/final_trial_500.csv,clue_search,completed,,,98,98,0,102,0,0,0,0,198,589,0,,100,98,198,0,0,0,0.0,1.9411764705882353,0.0,0.0,0.0,0.0,collision_intent:99;state:98;target:1,25,51,0.009803921568627416,97,2.998825,0.114436,2.998825,0.114436,0,0.0,0.0
485,dcta_parity_v1,custom,aa0724188407797eae5187348bee11ee9f51317c4e8a201863b052786aa2f1df,823213c90703fd83224ad7122ee730ba64af3769ea517af252103bddd907f681,ACBBA,ideal,1.0,19,361,0.01,4,4,,,bayesian_acbba_topk_001_k4,/home/agxorin/topk_filter_study/simulator/scenarios/final_trial_500.csv,clue_search,completed,,,96,0,96,81,19,12,3,3,645,1931,0,,105,540,213,432,645,432,0.0,7.962962962962963,6.71875,4.5,4.5,5.333333333333333,acbba_entry:432;clue:12;collision_intent:104;state:96;target:1,25,168,0.058641975308642014,65,146.503728,2.826434,44.396201000000005,1.242603,62,102.10752699999999,1.916643
486,dcta_parity_v1,custom,aa0724188407797eae5187348bee11ee9f51317c4e8a201863b052786aa2f1df,823213c90703fd83224ad7122ee730ba64af3769ea517af252103bddd907f681,ACBBA,ideal,1.0,19,361,0.01,4,4,,,bayesian_acbba_topk_001_k4,/home/agxorin/topk_filter_study/simulator/scenarios/final_trial_500.csv,clue_search,completed,,,113,65,48,110,7,7,1,1,454,1357,0,,116,338,241,213,324,213,0.0,4.127272727272727,6.75,1.8849557522123894,4.4375,1.9363636363636363,acbba_entry:213;clue:12;collision_intent:115;state:113;target:1,29,117,0.036363636363636376,94,65.939506,2.343633,22.169827,0.92624,30,43.769679,1.576375
487,dcta_parity_v1,custom,aa0724188407797eae5187348bee11ee9f51317c4e8a201863b052786aa2f1df,823213c90703fd83224ad7122ee730ba64af3769ea517af252103bddd907f681,ACBBA,ideal,1.0,19,361,0.01,4,4,,,bayesian_acbba_topk_001_k4,/home/agxorin/topk_filter_study/simulator/scenarios/final_trial_500.csv,clue_search,completed,,,262,87,175,213,53,13,1,1,1205,3612,0,,269,936,547,658,1031,658,0.0,5.657276995305164,5.8914285714285715,2.5114503816793894,3.76,3.0892018779342725,acbba_entry:658;clue:16;collision_intent:268;state:262;target:1,66,310,0.073943661971831,179,221.84619499999997,16.793478,97.232402,15.447832,94,124.61379299999999,1.642777
488,dcta_parity_v1,custom,aa0724188407797eae5187348bee11ee9f51317c4e8a201863b052786aa2f1df,823213c90703fd83224ad7122ee730ba64af3769ea517af252103bddd907f681,ACBBA,ideal,1.0,19,361,0.01,4,4,,,bayesian_acbba_topk_001_k4,/home/agxorin/topk_filter_study/simulator/scenarios/final_trial_500.csv,clue_search,completed,,,152,0,152,138,18,15,1,1,1045,3131,0,,164,881,320,725,1045,725,0.0,7.572463768115942,6.875,4.769736842105263,4.769736842105263,5.253623188405797,acbba_entry:725;clue:4;collision_intent:163;state:152;target:1,42,273,0.06884057971014501,155,380.70040600000004,2.837058,151.119059,1.472531,155,229.581347,1.8528
489,dcta_parity_v1,custom,aa0724188407797eae5187348bee11ee9f51317c4e8a201863b052786aa2f1df,823213c90703fd83224ad7122ee730ba64af3769ea517af252103bddd907f681,ACBBA,ideal,1.0,19,361,0.01,4,4,,,bayesian_acbba_topk_001_k4,/home/agxorin/topk_filter_study/simulator/scenarios/final_trial_500.csv,clue_search,completed,,,154,103,51,149,9,3,0,0,458,1371,0,,158,300,320,138,252,138,0.0,3.0738255033557045,4.9411764705882355,0.8961038961038961,2.7058823529411766,0.9261744966442953,acbba_entry:138;clue:8;collision_intent:157;state:154;target:1,39,116,0.011744966442952975,132,63.258441000000005,2.188684,20.289053,0.866527,31,42.969388,1.496627
490,dcta_parity_v1,custom,aa0724188407797eae5187348bee11ee9f51317c4e8a201863b052786aa2f1df,823213c90703fd83224ad7122ee730ba64af3769ea517af252103bddd907f681,ACBBA,ideal,1.0,19,361,0.01,4,4,,,bayesian_acbba_topk_001_k4,/home/agxorin/topk_filter_study/simulator/scenarios/final_trial_500.csv,clue_search,completed,,,209,209,0,213,0,0,0,0,419,1254,0,,210,209,419,0,0,0,0.0,1.9671361502347418,0.0,0.0,0.0,0.0,collision_intent:209;state:209;target:1,53,107,0.0035211267605634866,207,14.461944,8.177113,14.461944,8.177113,0,0.0,0.0
491,dcta_parity_v1,custom,aa0724188407797eae5187348bee11ee9f51317c4e8a201863b052786aa2f1df,823213c90703fd83224ad7122ee730ba64af3769ea517af252103bddd907f681,ACBBA,ideal,1.0,19,361,0.01,4,4,,,bayesian_acbba_topk_001_k4,/home/agxorin/topk_filter_study/simulator/scenarios/final_trial_500.csv,clue_search,completed,,,108,108,0,112,0,0,0,0,217,646,0,,109,108,217,0,0,0,0.0,1.9375,0.0,0.0,0.0,0.0,collision_intent:108;state:108;target:1,27,55,0.0,106,3.2302239999999998,0.11354,3.2302239999999998,0.11354,0,0.0,0.0
492,dcta_parity_v1,custom,aa0724188407797eae5187348bee11ee9f51317c4e8a201863b052786aa2f1df,823213c90703fd83224ad7122ee730ba64af3769ea517af252103bddd907f681,ACBBA,ideal,1.0,19,361,0.01,4,4,,,bayesian_acbba_topk_001_k4,/home/agxorin/topk_filter_study/simulator/scenarios/final_trial_500.csv,clue_search,completed,,,12,12,0,16,0,0,0,0,25,72,0,,13,12,25,0,0,0,0.0,1.5625,0.0,0.0,0.0,0.0,collision_intent:12;state:12;target:1,3,7,0.0,10,0.538067,0.118052,0.538067,0.118052,0,0.0,0.0
493,dcta_parity_v1,custom,aa0724188407797eae5187348bee11ee9f51317c4e8a201863b052786aa2f1df,823213c90703fd83224ad7122ee730ba64af3769ea517af252103bddd907f681,ACBBA,ideal,1.0,19,361,0.01,4,4,,,bayesian_acbba_topk_001_k4,/home/agxorin/topk_filter_study/simulator/scenarios/final_trial_500.csv,clue_search,completed,,,333,3,330,273,64,47,6,6,2132,6393,0,,356,1776,705,1427,2125,1427,0.0,7.809523809523809,6.4393939393939394,4.285285285285285,4.324242424242424,5.227106227106227,acbba_entry:1427;clue:16;collision_intent:355;state:333;target:1,89,539,0.048534798534798584,267,660.038463,3.101546,323.31521299999997,2.161321,263,336.72325,1.931202
494,dcta_parity_v1,custom,aa0724188407797eae5187348bee11ee9f51317c4e8a201863b052786aa2f1df,823213c90703fd83224ad7122ee730ba64af3769ea517af252103bddd907f681,ACBBA,ideal,1.0,19,361,0.01,4,4,,,bayesian_acbba_topk_001_k4,/home/agxorin/topk_filter_study/simulator/scenarios/final_trial_500.csv,clue_search,completed,,,1,1,0,5,0,0,0,0,5,13,0,,4,1,5,0,0,0,0.0,1.0,0.0,0.0,0.0,0.0,collision_intent:3;state:1;target:1,1,3,0.1499999999999999,3,0.231815,0.119268,0.231815,0.119268,0,0.0,0.0
495,dcta_parity_v1,custom,aa0724188407797eae5187348bee11ee9f51317c4e8a201863b052786aa2f1df,823213c90703fd83224ad7122ee730ba64af3769ea517af252103bddd907f681,ACBBA,ideal,1.0,19,361,0.01,4,4,,,bayesian_acbba_topk_001_k4,/home/agxorin/topk_filter_study/simulator/scenarios/final_trial_500.csv,clue_search,completed,,,61,25,36,65,0,7,0,0,312,932,0,,66,246,135,177,262,177,0.0,4.8,7.277777777777778,2.901639344262295,4.916666666666667,2.723076923076923,acbba_entry:177;clue:8;collision_intent:65;state:61;target:1,16,83,0.011538461538461497,52,64.619682,2.491093,18.494806,0.824092,29,46.124876,1.806429
496,dcta_parity_v1,custom,aa0724188407797eae5187348bee11ee9f51317c4e8a201863b052786aa2f1df,823213c90703fd83224ad7122ee730ba64af3769ea517af252103bddd907f681,ACBBA,ideal,1.0,19,361,0.01,4,4,,,bayesian_acbba_topk_001_k4,/home/agxorin/topk_filter_study/simulator/scenarios/final_trial_500.csv,clue_search,completed,,,145,20,125,121,28,12,0,0,920,2758,0,,151,769,304,616,880,616,0.0,7.603305785123967,7.04,4.248275862068965,4.928,5.090909090909091,acbba_entry:616;clue:8;collision_intent:150;state:145;target:1,37,239,0.05991735537190079,113,244.06810000000002,16.184328,97.644737,14.474574,95,146.423363,1.912737
497,dcta_parity_v1,custom,aa0724188407797eae5187348bee11ee9f51317c4e8a201863b052786aa2f1df,823213c90703fd83224ad7122ee730ba64af3769ea517af252103bddd907f681,ACBBA,ideal,1.0,19,361,0.01,4,4,,,bayesian_acbba_topk_001_k4,/home/agxorin/topk_filter_study/simulator/scenarios/final_trial_500.csv,clue_search,completed,,,145,145,0,149,0,0,0,0,291,868,0,,146,145,291,0,0,0,0.0,1.9530201342281879,0.0,0.0,0.0,0.0,collision_intent:145;state:145;target:1,37,75,0.005033557046979942,143,4.550969,0.117188,4.550969,0.117188,0,0.0,0.0
498,dcta_parity_v1,custom,aa0724188407797eae5187348bee11ee9f51317c4e8a201863b052786aa2f1df,823213c90703fd83224ad7122ee730ba64af3769ea517af252103bddd907f681,ACBBA,ideal,1.0,19,361,0.01,4,4,,,bayesian_acbba_topk_001_k4,/home/agxorin/topk_filter_study/simulator/scenarios/final_trial_500.csv,clue_search,completed,,,198,194,4,201,1,0,0,0,414,1239,0,,200,214,402,12,25,12,0.0,2.0597014925373136,6.25,0.06060606060606061,3.0,0.05970149253731343,acbba_entry:12;clue:4;collision_intent:199;state:198;target:1,50,105,0.003731343283582156,197,12.269316000000002,1.683801,8.240571000000001,0.665239,4,4.028745000000001,1.018562
499,dcta_parity_v1,custom,aa0724188407797eae5187348bee11ee9f51317c4e8a201863b052786aa2f1df,823213c90703fd83224ad7122ee730ba64af3769ea517af252103bddd907f681,ACBBA,ideal,1.0,19,361,0.01,4,4,,,bayesian_acbba_topk_001_k4,/home/agxorin/topk_filter_study/simulator/scenarios/final_trial_500.csv,clue_search,completed,,,126,109,17,130,0,1,0,0,349,1045,0,,130,219,264,85,131,85,0.0,2.6846153846153844,7.705882352941177,0.6746031746031746,5.0,0.6538461538461539,acbba_entry:85;clue:8;collision_intent:129;state:126;target:1,32,90,0.007692307692307665,122,30.118626,2.109704,10.893301000000001,0.704664,14,19.225324999999998,1.465234
0,dcta_parity_v1,custom,aa0724188407797eae5187348bee11ee9f51317c4e8a201863b052786aa2f1df,823213c90703fd83224ad7122ee730ba64af3769ea517af252103bddd907f681,ACBBA,ideal,1.0,19,361,0.01,4,4,,,bayesian_acbba_topk_001_k4,/home/agxorin/topk_filter_study/simulator/scenarios/final_trial_500.csv,clue_search,failed,RuntimeError,Debug safety cap reached in trial 0. This usually means the allocator is stuck or returning no reachable goals.,,,,,,,,,,,,100000,,,,,,,,,,,,,,,,,0,0.0,0.0,0.0,0.0,0,0.0,0.0
457,dcta_parity_v1,custom,aa0724188407797eae5187348bee11ee9f51317c4e8a201863b052786aa2f1df,823213c90703fd83224ad7122ee730ba64af3769ea517af252103bddd907f681,ACBBA,ideal,1.0,19,361,0.01,4,4,,,bayesian_acbba_topk_001_k4,/home/agxorin/topk_filter_study/simulator/scenarios/final_trial_500.csv,clue_search,failed,RuntimeError,Debug safety cap reached in trial 457. This usually means the allocator is stuck or returning no reachable goals.,,,,,,,,,,,,100000,,,,,,,,,,,,,,,,,0,0.0,0.0,0.0,0.0,0,0.0,0.0
