trial_id,trial_mode,algorithm,comm_model,comm_level,grid_size,grid_cells,robot_count,target_count,condition_id,scenario_file,robot_id,steps_total,targets_found,task_cell_revisits,unique_cells_contributed,system_revisits_by_robot,task_cell_replans,path_replans,collision_prevention_events,blocked_task_quarantines,blocked_task_quarantine_time_s,maximum_quarantine_level,stall_recoveries,messages_sent,core_messages_sent,allocation_messages_sent,messages_delivered_to_robot,messages_dropped_to_robot,allocator_calls,allocator_time_ms_total,allocator_time_ms_mean,allocator_time_ms_median,allocator_time_ms_p95,allocator_time_ms_max,allocator_solve_time_ms_total,allocator_solve_time_ms_mean,allocator_solve_time_ms_median,allocator_solve_time_ms_p95,allocator_solve_time_ms_max,candidate_filter_calls,candidate_filter_time_ms_total,candidate_filter_time_ms_mean,candidate_filter_time_ms_median,candidate_filter_time_ms_p95,candidate_filter_time_ms_max,trial_status
0,known_visit,ACBBA,ideal,1.0,19,361,4,50,multitarget_g19_r4_t50_acbba_topk005,C:\Users\lottj\Desktop\research\decentralized benchmark\topk_filter_study\results\sensitivity_suite\scenarios\known_targets_g19_t50_n100.csv,00,44,16,0,45,0,6,0,0,0,0.0,0,0,270,89,181,756,0,40,26.3139,0.6578475,0.5694,1.1524,1.256,10.557599999999999,0.26393999999999995,0.23875,0.4295,0.5968,40,15.7563,0.39390749999999997,0.35635,0.7538,0.8089,completed
0,known_visit,ACBBA,ideal,1.0,19,361,4,50,multitarget_g19_r4_t50_acbba_topk005,C:\Users\lottj\Desktop\research\decentralized benchmark\topk_filter_study\results\sensitivity_suite\scenarios\known_targets_g19_t50_n100.csv,01,42,9,2,36,7,4,1,1,0,0.0,0,0,254,86,168,771,0,37,24.9309,0.6738081081081081,0.623,1.2856,1.6812,9.3081,0.25157027027027024,0.2215,0.4978,0.5032,37,15.6228,0.42223783783783786,0.3929,0.8912,1.1893,completed
0,known_visit,ACBBA,ideal,1.0,19,361,4,50,multitarget_g19_r4_t50_acbba_topk005,C:\Users\lottj\Desktop\research\decentralized benchmark\topk_filter_study\results\sensitivity_suite\scenarios\known_targets_g19_t50_n100.csv,02,43,13,0,43,1,4,0,0,0,0.0,0,0,263,89,174,764,0,34,23.9702,0.7050058823529411,0.63515,1.1906,1.7686,9.5647,0.28131470588235297,0.26175000000000004,0.4928,0.6349,34,14.4055,0.42369117647058824,0.3438,0.8327,1.1337,completed
0,known_visit,ACBBA,ideal,1.0,19,361,4,50,multitarget_g19_r4_t50_acbba_topk005,C:\Users\lottj\Desktop\research\decentralized benchmark\topk_filter_study\results\sensitivity_suite\scenarios\known_targets_g19_t50_n100.csv,03,37,12,0,38,0,1,1,1,0,0.0,0,0,241,77,164,784,0,49,29.1004,0.5938857142857144,0.487,1.0774,1.4381,12.3547,0.25213673469387754,0.2425,0.4343,0.5374,49,16.7457,0.3417489795918367,0.2513,0.7642,1.1195,completed
1,known_visit,ACBBA,ideal,1.0,19,361,4,50,multitarget_g19_r4_t50_acbba_topk005,C:\Users\lottj\Desktop\research\decentralized benchmark\topk_filter_study\results\sensitivity_suite\scenarios\known_targets_g19_t50_n100.csv,00,44,15,0,44,1,1,0,0,0,0.0,0,0,263,91,172,781,0,55,56.4604,1.0265527272727273,0.8692,2.3573,4.7646,26.0607,0.4738309090909091,0.3686,0.7846,2.5499,55,30.3997,0.5527218181818182,0.4163,1.4296,2.2147,completed
1,known_visit,ACBBA,ideal,1.0,19,361,4,50,multitarget_g19_r4_t50_acbba_topk005,C:\Users\lottj\Desktop\research\decentralized benchmark\topk_filter_study\results\sensitivity_suite\scenarios\known_targets_g19_t50_n100.csv,01,41,12,1,40,2,4,0,0,0,0.0,0,0,261,86,175,783,0,67,75.51520000000001,1.1270925373134328,0.8747,1.6836,11.96,26.0697,0.3891,0.3489,0.6206,0.6769,67,49.4455,0.7379925373134328,0.4506,1.3241,11.408,completed
1,known_visit,ACBBA,ideal,1.0,19,361,4,50,multitarget_g19_r4_t50_acbba_topk005,C:\Users\lottj\Desktop\research\decentralized benchmark\topk_filter_study\results\sensitivity_suite\scenarios\known_targets_g19_t50_n100.csv,02,35,9,2,32,4,2,0,0,0,0.0,0,0,248,74,174,796,0,85,75.9729,0.8937988235294118,0.8004,1.4639,2.0666,33.4648,0.3937035294117647,0.3835,0.5776,0.7925,85,42.5081,0.5000952941176471,0.4083,0.9818,1.706,completed
1,known_visit,ACBBA,ideal,1.0,19,361,4,50,multitarget_g19_r4_t50_acbba_topk005,C:\Users\lottj\Desktop\research\decentralized benchmark\topk_filter_study\results\sensitivity_suite\scenarios\known_targets_g19_t50_n100.csv,03,49,14,0,48,2,2,0,0,0,0.0,0,0,273,100,173,772,0,36,41.9265,1.164625,0.9985499999999999,2.6685,3.6648,15.9411,0.44280833333333336,0.3859,0.8329,0.8446,36,25.985400000000002,0.7218166666666668,0.58295,2.2627,2.8319,completed
2,known_visit,ACBBA,ideal,1.0,19,361,4,50,multitarget_g19_r4_t50_acbba_topk005,C:\Users\lottj\Desktop\research\decentralized benchmark\topk_filter_study\results\sensitivity_suite\scenarios\known_targets_g19_t50_n100.csv,00,63,18,1,63,1,2,0,0,0,0.0,0,0,307,127,180,803,0,34,36.6179,1.0769970588235294,1.0538500000000002,1.4807,1.5427,15.9873,0.4702147058823529,0.4773,0.665,0.8244,34,20.6306,0.6067823529411766,0.58415,0.9381,1.0148,completed
2,known_visit,ACBBA,ideal,1.0,19,361,4,50,multitarget_g19_r4_t50_acbba_topk005,C:\Users\lottj\Desktop\research\decentralized benchmark\topk_filter_study\results\sensitivity_suite\scenarios\known_targets_g19_t50_n100.csv,01,54,12,2,50,5,2,1,1,0,0.0,0,0,288,111,177,821,0,62,58.584,0.9449032258064517,0.8774500000000001,1.4183,2.0802,26.5257,0.42783387096774195,0.4044,0.6546,0.8739,62,32.0583,0.5170693548387097,0.42305,0.8945,1.7968,completed
2,known_visit,ACBBA,ideal,1.0,19,361,4,50,multitarget_g19_r4_t50_acbba_topk005,C:\Users\lottj\Desktop\research\decentralized benchmark\topk_filter_study\results\sensitivity_suite\scenarios\known_targets_g19_t50_n100.csv,02,34,10,1,30,5,1,0,0,0,0.0,0,0,243,72,171,866,0,128,114.6379,0.89560859375,0.83745,1.3673,2.1318,54.0528,0.4222875,0.3988,0.6592,1.1361,128,60.5851,0.47332109375,0.4183,0.8978,1.106,completed
2,known_visit,ACBBA,ideal,1.0,19,361,4,50,multitarget_g19_r4_t50_acbba_topk005,C:\Users\lottj\Desktop\research\decentralized benchmark\topk_filter_study\results\sensitivity_suite\scenarios\known_targets_g19_t50_n100.csv,03,48,10,1,42,7,3,0,0,0,0.0,0,0,272,100,172,837,0,81,76.1732,0.9404098765432098,0.8395,1.4679,1.9931,34.9506,0.4314888888888889,0.401,0.6813,0.8404,81,41.2226,0.508920987654321,0.4056,1.0455,1.3945,completed
3,known_visit,ACBBA,ideal,1.0,19,361,4,50,multitarget_g19_r4_t50_acbba_topk005,C:\Users\lottj\Desktop\research\decentralized benchmark\topk_filter_study\results\sensitivity_suite\scenarios\known_targets_g19_t50_n100.csv,00,51,13,0,45,7,0,0,0,0,0.0,0,0,291,104,187,834,0,46,48.1963,1.047745652173913,0.9632499999999999,1.7961,2.129,20.2911,0.4411108695652174,0.38,0.8001,1.1207,46,27.9052,0.6066347826086956,0.51785,0.971,1.3289,completed
3,known_visit,ACBBA,ideal,1.0,19,361,4,50,multitarget_g19_r4_t50_acbba_topk005,C:\Users\lottj\Desktop\research\decentralized benchmark\topk_filter_study\results\sensitivity_suite\scenarios\known_targets_g19_t50_n100.csv,01,47,13,0,46,2,7,0,0,0,0.0,0,0,271,96,175,853,0,57,59.4585,1.0431315789473685,0.9101,2.132,4.9194,26.9767,0.47327543859649124,0.404,0.8699,1.867,57,32.4818,0.5698561403508772,0.4189,0.9453,4.0495,completed
3,known_visit,ACBBA,ideal,1.0,19,361,4,50,multitarget_g19_r4_t50_acbba_topk005,C:\Users\lottj\Desktop\research\decentralized benchmark\topk_filter_study\results\sensitivity_suite\scenarios\known_targets_g19_t50_n100.csv,02,47,9,1,43,5,3,1,1,0,0.0,0,0,276,97,179,848,0,57,58.313,1.0230350877192982,0.9631,1.5742,3.9413,26.5579,0.4659280701754386,0.4213,0.9462,1.5052,57,31.7551,0.5571070175438596,0.4648,0.9978,2.4361,completed
3,known_visit,ACBBA,ideal,1.0,19,361,4,50,multitarget_g19_r4_t50_acbba_topk005,C:\Users\lottj\Desktop\research\decentralized benchmark\topk_filter_study\results\sensitivity_suite\scenarios\known_targets_g19_t50_n100.csv,03,48,15,0,49,0,3,0,0,0,0.0,0,0,287,99,188,837,0,55,54.3924,0.9889527272727273,0.9503,1.4527,1.7258,24.7642,0.4502581818181818,0.4064,0.7714,0.9892,55,29.6282,0.5386945454545454,0.4615,0.9589,1.0192,completed
4,known_visit,ACBBA,ideal,1.0,19,361,4,50,multitarget_g19_r4_t50_acbba_topk005,C:\Users\lottj\Desktop\research\decentralized benchmark\topk_filter_study\results\sensitivity_suite\scenarios\known_targets_g19_t50_n100.csv,00,43,15,2,41,3,0,0,0,0,0.0,0,0,266,88,178,790,0,50,49.063,0.98126,0.90665,1.8691,2.117,20.2734,0.405468,0.33585,0.6296,0.9029,50,28.7896,0.575792,0.5376,1.2395,1.7969,completed
4,known_visit,ACBBA,ideal,1.0,19,361,4,50,multitarget_g19_r4_t50_acbba_topk005,C:\Users\lottj\Desktop\research\decentralized benchmark\topk_filter_study\results\sensitivity_suite\scenarios\known_targets_g19_t50_n100.csv,01,33,9,2,28,6,7,1,1,0,0.0,0,0,247,73,174,809,0,87,92.9896,1.0688459770114942,0.9788,1.5618,6.8115,32.5552,0.3741977011494253,0.3223,0.7233,1.0422,87,60.4344,0.6946482758620689,0.6963,1.2312,6.0343,completed
4,known_visit,ACBBA,ideal,1.0,19,361,4,50,multitarget_g19_r4_t50_acbba_topk005,C:\Users\lottj\Desktop\research\decentralized benchmark\topk_filter_study\results\sensitivity_suite\scenarios\known_targets_g19_t50_n100.csv,02,45,11,0,43,3,2,1,1,0,0.0,0,0,270,96,174,786,0,51,54.9375,1.0772058823529411,1.0886,1.6916,2.4874,21.9746,0.43087450980392156,0.4059,0.7037,1.5636,51,32.9629,0.6463313725490195,0.7015,1.0794,1.1395,completed
4,known_visit,ACBBA,ideal,1.0,19,361,4,50,multitarget_g19_r4_t50_acbba_topk005,C:\Users\lottj\Desktop\research\decentralized benchmark\topk_filter_study\results\sensitivity_suite\scenarios\known_targets_g19_t50_n100.csv,03,48,15,0,47,2,4,0,0,0,0.0,0,0,274,97,177,783,0,38,43.4891,1.14445,1.0728499999999999,1.8048,2.3076,16.1344,0.4245894736842105,0.37685,0.8984,1.5639,38,27.3547,0.7198605263157895,0.7295,1.3496,1.6133,completed
5,known_visit,ACBBA,ideal,1.0,19,361,4,50,multitarget_g19_r4_t50_acbba_topk005,C:\Users\lottj\Desktop\research\decentralized benchmark\topk_filter_study\results\sensitivity_suite\scenarios\known_targets_g19_t50_n100.csv,00,43,10,4,36,8,0,1,1,0,0.0,0,0,270,89,181,803,0,47,46.8883,0.9976234042553191,0.984,1.2742,1.3511,19.7893,0.4210489361702128,0.4009,0.6073,0.6481,47,27.099,0.5765744680851064,0.6028,0.8359,0.9072,completed
5,known_visit,ACBBA,ideal,1.0,19,361,4,50,multitarget_g19_r4_t50_acbba_topk005,C:\Users\lottj\Desktop\research\decentralized benchmark\topk_filter_study\results\sensitivity_suite\scenarios\known_targets_g19_t50_n100.csv,01,40,15,0,41,0,10,0,0,0,0.0,0,0,275,84,191,797,0,52,49.003099999999996,0.9423673076923076,0.973,1.2617,1.3011,21.653200000000002,0.41640769230769237,0.39515,0.6156,0.6733,52,27.3499,0.5259596153846154,0.5246999999999999,0.8398,0.9054,completed
5,known_visit,ACBBA,ideal,1.0,19,361,4,50,multitarget_g19_r4_t50_acbba_topk005,C:\Users\lottj\Desktop\research\decentralized benchmark\topk_filter_study\results\sensitivity_suite\scenarios\known_targets_g19_t50_n100.csv,02,41,13,0,41,1,1,0,0,0,0.0,0,0,262,84,178,810,0,43,40.8541,0.9500953488372094,0.9234,1.3402,1.8035,16.6144,0.3863813953488372,0.3563,0.5914,0.6329,43,24.2397,0.563713953488372,0.5713,0.8701,1.2121,completed
5,known_visit,ACBBA,ideal,1.0,19,361,4,50,multitarget_g19_r4_t50_acbba_topk005,C:\Users\lottj\Desktop\research\decentralized benchmark\topk_filter_study\results\sensitivity_suite\scenarios\known_targets_g19_t50_n100.csv,03,41,12,0,42,0,2,0,0,0,0.0,0,0,266,85,181,806,0,50,49.3648,0.9872960000000001,0.99315,1.3871,1.5712,20.1936,0.403872,0.37695,0.5997,0.7263,50,29.1712,0.5834239999999999,0.63125,0.8984,0.9343,completed
6,known_visit,ACBBA,ideal,1.0,19,361,4,50,multitarget_g19_r4_t50_acbba_topk005,C:\Users\lottj\Desktop\research\decentralized benchmark\topk_filter_study\results\sensitivity_suite\scenarios\known_targets_g19_t50_n100.csv,00,39,16,0,40,0,3,0,0,0,0.0,0,0,244,80,164,752,0,47,42.3576,0.9012255319148935,0.8827,1.5168,1.5502,18.8877,0.4018659574468085,0.3873,0.6265,0.8432,47,23.4699,0.4993595744680851,0.4687,0.9121,1.0134,completed
6,known_visit,ACBBA,ideal,1.0,19,361,4,50,multitarget_g19_r4_t50_acbba_topk005,C:\Users\lottj\Desktop\research\decentralized benchmark\topk_filter_study\results\sensitivity_suite\scenarios\known_targets_g19_t50_n100.csv,01,37,8,0,35,3,1,0,0,0,0.0,0,0,244,78,166,752,0,62,54.5671,0.8801145161290324,0.7737499999999999,1.488,1.5135,23.0502,0.3717774193548387,0.3479,0.5669,0.6747,62,31.5169,0.5083370967741936,0.3805,0.9766,1.11,completed
6,known_visit,ACBBA,ideal,1.0,19,361,4,50,multitarget_g19_r4_t50_acbba_topk005,C:\Users\lottj\Desktop\research\decentralized benchmark\topk_filter_study\results\sensitivity_suite\scenarios\known_targets_g19_t50_n100.csv,02,45,14,0,46,0,2,0,0,0,0.0,0,0,261,91,170,736,0,34,35.9961,1.0587088235294118,1.0873,1.6143,1.6684,14.66,0.43117647058823527,0.4575,0.6285,0.6444,34,21.336100000000002,0.6275323529411765,0.5640499999999999,1.0585,1.1164,completed
6,known_visit,ACBBA,ideal,1.0,19,361,4,50,multitarget_g19_r4_t50_acbba_topk005,C:\Users\lottj\Desktop\research\decentralized benchmark\topk_filter_study\results\sensitivity_suite\scenarios\known_targets_g19_t50_n100.csv,03,37,12,0,37,1,2,0,0,0,0.0,0,0,248,77,171,748,0,57,49.1853,0.8629,0.7575,1.3754,1.4878,21.1774,0.3715333333333333,0.3487,0.6529,0.8697,57,28.0079,0.4913666666666667,0.3765,0.9609,0.9807,completed
7,known_visit,ACBBA,ideal,1.0,19,361,4,50,multitarget_g19_r4_t50_acbba_topk005,C:\Users\lottj\Desktop\research\decentralized benchmark\topk_filter_study\results\sensitivity_suite\scenarios\known_targets_g19_t50_n100.csv,00,41,14,0,41,1,1,0,0,0,0.0,0,0,240,83,157,708,0,37,35.7438,0.9660486486486487,0.93,1.4416,1.8172,14.572,0.3938378378378378,0.3767,0.5295,0.9013,37,21.1718,0.5722108108108108,0.55,0.9669,0.9944,completed
7,known_visit,ACBBA,ideal,1.0,19,361,4,50,multitarget_g19_r4_t50_acbba_topk005,C:\Users\lottj\Desktop\research\decentralized benchmark\topk_filter_study\results\sensitivity_suite\scenarios\known_targets_g19_t50_n100.csv,01,35,13,0,36,0,4,0,0,0,0.0,0,0,233,73,160,714,0,46,43.033,0.9355,0.9339,1.3039,1.7119,17.363599999999998,0.3774695652173913,0.36434999999999995,0.5499,0.6369,46,25.6694,0.5580304347826087,0.5399499999999999,0.8958,1.075,completed
7,known_visit,ACBBA,ideal,1.0,19,361,4,50,multitarget_g19_r4_t50_acbba_topk005,C:\Users\lottj\Desktop\research\decentralized benchmark\topk_filter_study\results\sensitivity_suite\scenarios\known_targets_g19_t50_n100.csv,02,37,11,3,33,5,1,0,0,0,0.0,0,0,234,78,156,713,0,44,41.0842,0.9337318181818183,0.92685,1.166,1.4925,14.0837,0.3200840909090909,0.26315,0.5325,0.6354,44,27.0005,0.6136477272727272,0.6269,0.9118,0.975,completed
7,known_visit,ACBBA,ideal,1.0,19,361,4,50,multitarget_g19_r4_t50_acbba_topk005,C:\Users\lottj\Desktop\research\decentralized benchmark\topk_filter_study\results\sensitivity_suite\scenarios\known_targets_g19_t50_n100.csv,03,38,12,0,39,0,0,0,0,0,0.0,0,0,241,78,163,706,0,43,39.148,0.9104186046511629,0.8083,1.405,1.6702,14.2811,0.3321186046511628,0.3204,0.5118,0.542,43,24.8669,0.5783,0.5473,0.9314,1.2507,completed
8,known_visit,ACBBA,ideal,1.0,19,361,4,50,multitarget_g19_r4_t50_acbba_topk005,C:\Users\lottj\Desktop\research\decentralized benchmark\topk_filter_study\results\sensitivity_suite\scenarios\known_targets_g19_t50_n100.csv,00,37,12,0,37,1,1,0,0,0,0.0,0,0,227,76,151,701,0,77,67.5162,0.8768337662337662,0.8,1.5636,2.5199,31.1314,0.4043038961038961,0.3815,0.6869,1.9272,77,36.3848,0.47252987012987013,0.368,1.0409,1.2597,completed
8,known_visit,ACBBA,ideal,1.0,19,361,4,50,multitarget_g19_r4_t50_acbba_topk005,C:\Users\lottj\Desktop\research\decentralized benchmark\topk_filter_study\results\sensitivity_suite\scenarios\known_targets_g19_t50_n100.csv,01,50,20,0,51,0,3,0,0,0,0.0,0,0,258,101,157,671,0,39,49.4423,1.2677512820512822,1.2006,2.1724,2.638,19.7728,0.5069948717948718,0.5048,0.8057,0.8131,39,29.6695,0.7607564102564103,0.6366,1.5113,2.1272,completed
8,known_visit,ACBBA,ideal,1.0,19,361,4,50,multitarget_g19_r4_t50_acbba_topk005,C:\Users\lottj\Desktop\research\decentralized benchmark\topk_filter_study\results\sensitivity_suite\scenarios\known_targets_g19_t50_n100.csv,02,31,7,0,31,1,5,0,0,0,0.0,0,0,213,67,146,715,0,96,86.2583,0.8985239583333334,0.8475,1.5736,1.9988,38.0614,0.3964729166666667,0.37575000000000003,0.6282,1.2004,96,48.1969,0.5020510416666667,0.41725,1.0215,1.504,completed
8,known_visit,ACBBA,ideal,1.0,19,361,4,50,multitarget_g19_r4_t50_acbba_topk005,C:\Users\lottj\Desktop\research\decentralized benchmark\topk_filter_study\results\sensitivity_suite\scenarios\known_targets_g19_t50_n100.csv,03,40,11,0,41,0,0,0,0,0,0.0,0,0,231,82,149,697,0,70,62.1483,0.8878328571428571,0.7639499999999999,1.6457,1.9891,28.1398,0.4019971428571429,0.3462,0.7136,0.9029,70,34.0085,0.48583571428571426,0.3499,1.0862,1.1707,completed
9,known_visit,ACBBA,ideal,1.0,19,361,4,50,multitarget_g19_r4_t50_acbba_topk005,C:\Users\lottj\Desktop\research\decentralized benchmark\topk_filter_study\results\sensitivity_suite\scenarios\known_targets_g19_t50_n100.csv,00,49,19,0,49,1,2,1,1,0,0.0,0,0,280,100,180,745,0,39,41.5026,1.0641692307692308,1.0448,1.719,1.8059,17.7841,0.45600256410256407,0.5061,0.69,0.7174,39,23.7185,0.6081666666666666,0.5856,1.0337,1.1754,completed
9,known_visit,ACBBA,ideal,1.0,19,361,4,50,multitarget_g19_r4_t50_acbba_topk005,C:\Users\lottj\Desktop\research\decentralized benchmark\topk_filter_study\results\sensitivity_suite\scenarios\known_targets_g19_t50_n100.csv,01,46,13,0,47,0,2,0,0,0,0.0,0,0,268,95,173,758,0,55,52.5601,0.9556381818181818,0.8995,1.419,1.7801,23.7144,0.4311709090909091,0.4021,0.6637,0.869,55,28.8457,0.5244672727272728,0.4159,0.9199,1.1904,completed
9,known_visit,ACBBA,ideal,1.0,19,361,4,50,multitarget_g19_r4_t50_acbba_topk005,C:\Users\lottj\Desktop\research\decentralized benchmark\topk_filter_study\results\sensitivity_suite\scenarios\known_targets_g19_t50_n100.csv,02,30,8,0,31,0,1,0,0,0,0.0,0,0,231,66,165,794,0,100,89.6721,0.896721,0.83615,1.3361,1.5078,38.9109,0.389109,0.37955000000000005,0.5728,0.7506,100,50.7612,0.5076120000000001,0.39675,0.8984,1.0402,completed
9,known_visit,ACBBA,ideal,1.0,19,361,4,50,multitarget_g19_r4_t50_acbba_topk005,C:\Users\lottj\Desktop\research\decentralized benchmark\topk_filter_study\results\sensitivity_suite\scenarios\known_targets_g19_t50_n100.csv,03,31,10,1,31,1,4,0,0,0,0.0,0,0,247,69,178,778,0,97,83.844,0.8643711340206185,0.7651,1.4015,1.9408,39.1146,0.4032432989690722,0.3715,0.5846,1.3966,97,44.7294,0.46112783505154636,0.3713,0.9082,1.2917,completed
10,known_visit,ACBBA,ideal,1.0,19,361,4,50,multitarget_g19_r4_t50_acbba_topk005,C:\Users\lottj\Desktop\research\decentralized benchmark\topk_filter_study\results\sensitivity_suite\scenarios\known_targets_g19_t50_n100.csv,00,55,16,1,47,9,4,0,0,0,0.0,0,0,291,111,180,772,0,37,39.8236,1.0763135135135136,1.0502,1.5403,1.6892,15.9006,0.42974594594594595,0.4399,0.6465,0.6602,37,23.923,0.6465675675675675,0.6141,1.1159,1.2522,completed
10,known_visit,ACBBA,ideal,1.0,19,361,4,50,multitarget_g19_r4_t50_acbba_topk005,C:\Users\lottj\Desktop\research\decentralized benchmark\topk_filter_study\results\sensitivity_suite\scenarios\known_targets_g19_t50_n100.csv,01,39,14,0,40,0,3,0,0,0,0.0,0,0,260,81,179,802,0,89,76.6015,0.860691011235955,0.7437,1.4905,1.8599,35.3808,0.3975370786516854,0.3678,0.6396,1.0071,89,41.2207,0.4631539325842697,0.3589,0.9061,1.0814,completed
10,known_visit,ACBBA,ideal,1.0,19,361,4,50,multitarget_g19_r4_t50_acbba_topk005,C:\Users\lottj\Desktop\research\decentralized benchmark\topk_filter_study\results\sensitivity_suite\scenarios\known_targets_g19_t50_n100.csv,02,48,14,0,46,3,0,0,0,0,0.0,0,0,284,99,185,778,0,57,52.6717,0.9240649122807018,0.8658,1.4959,1.8182,23.653,0.41496491228070176,0.3593,0.6838,0.8632,57,29.0187,0.5091,0.3778,0.955,1.1895,completed
10,known_visit,ACBBA,ideal,1.0,19,361,4,50,multitarget_g19_r4_t50_acbba_topk005,C:\Users\lottj\Desktop\research\decentralized benchmark\topk_filter_study\results\sensitivity_suite\scenarios\known_targets_g19_t50_n100.csv,03,26,6,0,26,1,2,0,0,0,0.0,0,0,228,60,168,834,0,123,108.0097,0.8781276422764227,0.7376,1.3964,2.2541,43.9599,0.35739756097560976,0.3472,0.4989,0.6044,123,64.0498,0.520730081300813,0.3552,1.0761,1.9808,completed
11,known_visit,ACBBA,ideal,1.0,19,361,4,50,multitarget_g19_r4_t50_acbba_topk005,C:\Users\lottj\Desktop\research\decentralized benchmark\topk_filter_study\results\sensitivity_suite\scenarios\known_targets_g19_t50_n100.csv,00,44,15,0,44,1,0,0,0,0,0.0,0,0,251,90,161,735,0,40,39.2527,0.9813175,0.9732000000000001,1.5421,2.1243,17.0546,0.426365,0.36965000000000003,0.732,1.0017,40,22.1981,0.5549525,0.4888,0.989,1.1226,completed
11,known_visit,ACBBA,ideal,1.0,19,361,4,50,multitarget_g19_r4_t50_acbba_topk005,C:\Users\lottj\Desktop\research\decentralized benchmark\topk_filter_study\results\sensitivity_suite\scenarios\known_targets_g19_t50_n100.csv,01,39,9,0,40,0,3,0,0,0,0.0,0,0,239,81,158,747,0,59,54.7021,0.9271542372881356,0.9107,1.6096,2.5372,23.2174,0.39351525423728817,0.3513,0.6736,1.4193,59,31.4847,0.5336389830508474,0.4171,1.1179,1.3071,completed
11,known_visit,ACBBA,ideal,1.0,19,361,4,50,multitarget_g19_r4_t50_acbba_topk005,C:\Users\lottj\Desktop\research\decentralized benchmark\topk_filter_study\results\sensitivity_suite\scenarios\known_targets_g19_t50_n100.csv,02,47,16,0,46,2,1,0,0,0,0.0,0,0,259,97,162,728,0,42,45.074,1.0731904761904763,1.0729,1.4505,1.8671,18.931,0.45073809523809527,0.43555,0.6383,0.6731,42,26.143,0.622452380952381,0.64045,1.0003,1.4318,completed
11,known_visit,ACBBA,ideal,1.0,19,361,4,50,multitarget_g19_r4_t50_acbba_topk005,C:\Users\lottj\Desktop\research\decentralized benchmark\topk_filter_study\results\sensitivity_suite\scenarios\known_targets_g19_t50_n100.csv,03,37,10,1,35,3,3,0,0,0,0.0,0,0,238,77,161,748,0,71,64.8879,0.9139140845070423,0.8735,1.6503,2.4374,27.6251,0.38908591549295773,0.3387,0.6551,1.0744,71,37.2628,0.5248281690140845,0.4139,1.1382,1.6371,completed
12,known_visit,ACBBA,ideal,1.0,19,361,4,50,multitarget_g19_r4_t50_acbba_topk005,C:\Users\lottj\Desktop\research\decentralized benchmark\topk_filter_study\results\sensitivity_suite\scenarios\known_targets_g19_t50_n100.csv,00,33,12,0,34,0,3,0,0,0,0.0,0,0,215,68,147,674,0,52,57.3719,1.103305769230769,0.88785,2.5226,3.31,23.3403,0.44885192307692307,0.3837,0.7713,1.4235,52,34.0316,0.654453846153846,0.46699999999999997,1.9726,2.7554,completed
12,known_visit,ACBBA,ideal,1.0,19,361,4,50,multitarget_g19_r4_t50_acbba_topk005,C:\Users\lottj\Desktop\research\decentralized benchmark\topk_filter_study\results\sensitivity_suite\scenarios\known_targets_g19_t50_n100.csv,01,40,12,0,40,1,3,0,0,0,0.0,0,0,231,81,150,659,0,39,50.456,1.2937435897435898,1.1103,2.5982,4.7602,19.8315,0.5085,0.4312,0.7011,3.2737,39,30.6245,0.7852435897435898,0.6714,1.6309,2.1748,completed
12,known_visit,ACBBA,ideal,1.0,19,361,4,50,multitarget_g19_r4_t50_acbba_topk005,C:\Users\lottj\Desktop\research\decentralized benchmark\topk_filter_study\results\sensitivity_suite\scenarios\known_targets_g19_t50_n100.csv,02,35,13,0,36,0,1,0,0,0,0.0,0,0,224,72,152,665,0,48,51.9812,1.0829416666666667,0.93655,2.4731,2.6138,22.173,0.46193749999999995,0.36965000000000003,0.9551,1.2625,48,29.8082,0.6210041666666667,0.48869999999999997,1.3415,1.7506,completed
12,known_visit,ACBBA,ideal,1.0,19,361,4,50,multitarget_g19_r4_t50_acbba_topk005,C:\Users\lottj\Desktop\research\decentralized benchmark\topk_filter_study\results\sensitivity_suite\scenarios\known_targets_g19_t50_n100.csv,03,35,13,1,35,1,1,0,0,0,0.0,0,0,220,72,148,669,0,48,50.0409,1.04251875,0.8728499999999999,1.6354,2.5612,21.6731,0.4515229166666667,0.42735,0.6309,1.4998,48,28.3678,0.5909958333333333,0.46015,1.079,2.0804,completed
13,known_visit,ACBBA,ideal,1.0,19,361,4,50,multitarget_g19_r4_t50_acbba_topk005,C:\Users\lottj\Desktop\research\decentralized benchmark\topk_filter_study\results\sensitivity_suite\scenarios\known_targets_g19_t50_n100.csv,00,42,17,0,41,2,1,0,0,0,0.0,0,0,249,85,164,714,0,35,40.0119,1.1431971428571428,1.0996,1.7466,1.8566,17.1171,0.48906,0.5182,0.8215,0.8327,35,22.8948,0.6541371428571429,0.6687,1.1159,1.1426,completed
13,known_visit,ACBBA,ideal,1.0,19,361,4,50,multitarget_g19_r4_t50_acbba_topk005,C:\Users\lottj\Desktop\research\decentralized benchmark\topk_filter_study\results\sensitivity_suite\scenarios\known_targets_g19_t50_n100.csv,01,29,9,0,29,1,3,0,0,0,0.0,0,0,222,65,157,740,0,68,68.6087,1.0089514705882352,0.99785,1.4367,1.508,26.9137,0.3957897058823529,0.3611,0.6085,0.6376,68,41.695,0.6131617647058824,0.6315500000000001,0.9031,0.9811,completed
13,known_visit,ACBBA,ideal,1.0,19,361,4,50,multitarget_g19_r4_t50_acbba_topk005,C:\Users\lottj\Desktop\research\decentralized benchmark\topk_filter_study\results\sensitivity_suite\scenarios\known_targets_g19_t50_n100.csv,02,41,15,1,40,2,1,0,0,0,0.0,0,0,250,84,166,712,0,39,43.6293,1.1187,1.08,1.6382,1.6835,18.5597,0.47588974358974356,0.4642,0.7839,0.8185,39,25.0696,0.6428102564102565,0.6082,1.069,1.089,completed
13,known_visit,ACBBA,ideal,1.0,19,361,4,50,multitarget_g19_r4_t50_acbba_topk005,C:\Users\lottj\Desktop\research\decentralized benchmark\topk_filter_study\results\sensitivity_suite\scenarios\known_targets_g19_t50_n100.csv,03,40,9,0,41,0,0,0,0,0,0.0,0,0,242,82,160,720,0,42,46.4933,1.1069833333333332,1.0145,1.7365,2.3545,19.0504,0.45358095238095236,0.42915000000000003,0.7001,1.0219,42,27.4429,0.653402380952381,0.5804499999999999,1.0886,2.0347,completed
14,known_visit,ACBBA,ideal,1.0,19,361,4,50,multitarget_g19_r4_t50_acbba_topk005,C:\Users\lottj\Desktop\research\decentralized benchmark\topk_filter_study\results\sensitivity_suite\scenarios\known_targets_g19_t50_n100.csv,00,58,13,1,57,2,3,1,1,0,0.0,0,0,315,118,197,796,0,30,31.3945,1.0464833333333334,1.0156,1.5263,1.5685,13.989,0.46630000000000005,0.4914,0.6402,1.1955,30,17.4055,0.5801833333333334,0.55135,0.9681,0.97,completed
14,known_visit,ACBBA,ideal,1.0,19,361,4,50,multitarget_g19_r4_t50_acbba_topk005,C:\Users\lottj\Desktop\research\decentralized benchmark\topk_filter_study\results\sensitivity_suite\scenarios\known_targets_g19_t50_n100.csv,01,32,14,1,31,2,4,0,0,0,0.0,0,0,273,68,205,837,0,126,96.463,0.7655793650793651,0.69025,1.3755,1.5648,46.9306,0.37246507936507933,0.34435,0.5308,0.6721,126,49.5324,0.39311428571428575,0.33594999999999997,0.8927,1.0001,completed
14,known_visit,ACBBA,ideal,1.0,19,361,4,50,multitarget_g19_r4_t50_acbba_topk005,C:\Users\lottj\Desktop\research\decentralized benchmark\topk_filter_study\results\sensitivity_suite\scenarios\known_targets_g19_t50_n100.csv,02,38,12,1,36,3,4,0,0,0,0.0,0,0,261,79,182,849,0,104,81.9153,0.7876471153846154,0.7002999999999999,1.4371,1.917,38.5703,0.37086826923076927,0.34330000000000005,0.5802,1.117,104,43.345,0.41677884615384614,0.32655,0.8847,1.5855,completed
14,known_visit,ACBBA,ideal,1.0,19,361,4,50,multitarget_g19_r4_t50_acbba_topk005,C:\Users\lottj\Desktop\research\decentralized benchmark\topk_filter_study\results\sensitivity_suite\scenarios\known_targets_g19_t50_n100.csv,03,38,11,1,37,2,8,0,0,0,0.0,0,0,262,79,183,848,0,104,80.782,0.7767499999999999,0.6820999999999999,1.3558,1.9485,38.6839,0.37196057692307694,0.3483,0.5363,1.1045,104,42.0981,0.4047894230769231,0.3278,0.9321,1.5173,completed
15,known_visit,ACBBA,ideal,1.0,19,361,4,50,multitarget_g19_r4_t50_acbba_topk005,C:\Users\lottj\Desktop\research\decentralized benchmark\topk_filter_study\results\sensitivity_suite\scenarios\known_targets_g19_t50_n100.csv,00,44,18,0,44,1,0,0,0,0,0.0,0,0,255,89,166,712,0,32,36.7642,1.14888125,1.0492,1.9905,2.075,16.3088,0.50965,0.5394,0.8482,1.153,32,20.4554,0.63923125,0.6153,1.0601,1.1423,completed
15,known_visit,ACBBA,ideal,1.0,19,361,4,50,multitarget_g19_r4_t50_acbba_topk005,C:\Users\lottj\Desktop\research\decentralized benchmark\topk_filter_study\results\sensitivity_suite\scenarios\known_targets_g19_t50_n100.csv,01,41,11,2,39,3,1,0,0,0,0.0,0,0,240,84,156,726,0,40,43.4135,1.0853375,1.07525,1.5653,2.3318,18.4071,0.4601775,0.41035,0.7517,1.4396,40,25.0064,0.6251599999999999,0.6172500000000001,0.9357,1.1012,completed
15,known_visit,ACBBA,ideal,1.0,19,361,4,50,multitarget_g19_r4_t50_acbba_topk005,C:\Users\lottj\Desktop\research\decentralized benchmark\topk_filter_study\results\sensitivity_suite\scenarios\known_targets_g19_t50_n100.csv,02,30,6,2,24,7,2,0,0,0,0.0,0,0,221,65,156,745,0,71,72.0322,1.0145380281690142,1.041,1.4582,1.793,26.0279,0.3665901408450704,0.342,0.6103,0.7361,71,46.0043,0.6479478873239437,0.7177,0.9709,1.5034,completed
15,known_visit,ACBBA,ideal,1.0,19,361,4,50,multitarget_g19_r4_t50_acbba_topk005,C:\Users\lottj\Desktop\research\decentralized benchmark\topk_filter_study\results\sensitivity_suite\scenarios\known_targets_g19_t50_n100.csv,03,40,15,0,41,0,3,0,0,0,0.0,0,0,251,83,168,715,0,41,43.0172,1.0492000000000001,0.9843,1.599,1.7482,18.8027,0.4586024390243903,0.442,0.6908,0.8373,41,24.2145,0.5905975609756098,0.5476,1.0091,1.1442,completed
16,known_visit,ACBBA,ideal,1.0,19,361,4,50,multitarget_g19_r4_t50_acbba_topk005,C:\Users\lottj\Desktop\research\decentralized benchmark\topk_filter_study\results\sensitivity_suite\scenarios\known_targets_g19_t50_n100.csv,00,34,12,0,34,1,0,0,0,0,0.0,0,0,231,72,159,702,0,61,51.3773,0.8422508196721311,0.6953,1.3978,1.6136,22.6309,0.3709983606557377,0.3336,0.5945,0.6781,61,28.7464,0.47125245901639345,0.3379,0.9393,1.0228,completed
16,known_visit,ACBBA,ideal,1.0,19,361,4,50,multitarget_g19_r4_t50_acbba_topk005,C:\Users\lottj\Desktop\research\decentralized benchmark\topk_filter_study\results\sensitivity_suite\scenarios\known_targets_g19_t50_n100.csv,01,41,11,0,40,2,1,0,0,0,0.0,0,0,233,84,149,701,0,41,39.7123,0.9685926829268292,0.9767,1.3657,1.6482,15.983,0.38982926829268294,0.351,0.5811,0.645,41,23.7293,0.5787634146341463,0.5507,0.9688,1.0032,completed
16,known_visit,ACBBA,ideal,1.0,19,361,4,50,multitarget_g19_r4_t50_acbba_topk005,C:\Users\lottj\Desktop\research\decentralized benchmark\topk_filter_study\results\sensitivity_suite\scenarios\known_targets_g19_t50_n100.csv,02,37,13,0,36,2,2,0,0,0,0.0,0,0,230,77,153,703,0,45,42.0042,0.9334266666666666,0.8254,1.4762,1.5269,18.8565,0.41903333333333337,0.3731,0.5833,0.8014,45,23.1477,0.5143933333333334,0.3763,0.9436,0.9527,completed
16,known_visit,ACBBA,ideal,1.0,19,361,4,50,multitarget_g19_r4_t50_acbba_topk005,C:\Users\lottj\Desktop\research\decentralized benchmark\topk_filter_study\results\sensitivity_suite\scenarios\known_targets_g19_t50_n100.csv,03,36,14,0,37,0,1,0,0,0,0.0,0,0,240,74,166,693,0,54,49.6423,0.9193018518518519,0.83985,1.4364,1.5839,22.0154,0.4076925925925926,0.38105,0.6188,0.6762,54,27.6269,0.5116092592592593,0.38544999999999996,0.958,1.0243,completed
17,known_visit,ACBBA,ideal,1.0,19,361,4,50,multitarget_g19_r4_t50_acbba_topk005,C:\Users\lottj\Desktop\research\decentralized benchmark\topk_filter_study\results\sensitivity_suite\scenarios\known_targets_g19_t50_n100.csv,00,49,14,0,48,2,1,0,0,0,0.0,0,0,270,101,169,718,0,55,54.7002,0.9945490909090909,0.8844,1.5027,2.3092,25.1242,0.45680363636363636,0.408,0.8597,1.0771,55,29.576,0.5377454545454545,0.4373,1.1829,1.2321,completed
17,known_visit,ACBBA,ideal,1.0,19,361,4,50,multitarget_g19_r4_t50_acbba_topk005,C:\Users\lottj\Desktop\research\decentralized benchmark\topk_filter_study\results\sensitivity_suite\scenarios\known_targets_g19_t50_n100.csv,01,30,8,3,28,3,3,0,0,0,0.0,0,0,224,65,159,763,0,117,99.9435,0.8542179487179488,0.7756,1.4048,1.7707,46.3422,0.3960871794871795,0.3736,0.6204,0.7818,117,53.6013,0.45813076923076923,0.3842,0.952,1.214,completed
17,known_visit,ACBBA,ideal,1.0,19,361,4,50,multitarget_g19_r4_t50_acbba_topk005,C:\Users\lottj\Desktop\research\decentralized benchmark\topk_filter_study\results\sensitivity_suite\scenarios\known_targets_g19_t50_n100.csv,02,40,13,1,36,5,7,0,0,0,0.0,0,0,241,84,157,746,0,88,75.8543,0.8619806818181818,0.75865,1.5272,1.7663,36.4368,0.41405454545454545,0.37445,0.6221,1.1599,88,39.4175,0.4479261363636363,0.3347,1.023,1.1781,completed
17,known_visit,ACBBA,ideal,1.0,19,361,4,50,multitarget_g19_r4_t50_acbba_topk005,C:\Users\lottj\Desktop\research\decentralized benchmark\topk_filter_study\results\sensitivity_suite\scenarios\known_targets_g19_t50_n100.csv,03,42,15,0,42,1,1,0,0,0,0.0,0,0,253,86,167,734,0,81,70.6505,0.8722283950617283,0.7277,1.7096,1.9939,32.8922,0.4060765432098766,0.363,0.6225,0.8403,81,37.7583,0.4661518518518518,0.3349,1.1255,1.5432,completed
18,known_visit,ACBBA,ideal,1.0,19,361,4,50,multitarget_g19_r4_t50_acbba_topk005,C:\Users\lottj\Desktop\research\decentralized benchmark\topk_filter_study\results\sensitivity_suite\scenarios\known_targets_g19_t50_n100.csv,00,37,16,0,38,0,2,0,0,0,0.0,0,0,241,76,165,702,0,40,39.8307,0.9957675,0.946,1.4556,1.6814,16.2308,0.40576999999999996,0.36924999999999997,0.6895,0.7283,40,23.5999,0.5899975000000001,0.5625,1.0132,1.0627,completed
18,known_visit,ACBBA,ideal,1.0,19,361,4,50,multitarget_g19_r4_t50_acbba_topk005,C:\Users\lottj\Desktop\research\decentralized benchmark\topk_filter_study\results\sensitivity_suite\scenarios\known_targets_g19_t50_n100.csv,01,35,9,0,34,2,2,0,0,0,0.0,0,0,226,74,152,717,0,48,45.6493,0.9510270833333333,0.9328000000000001,1.4516,1.7839,19.4208,0.4046,0.37175,0.6655,0.8123,48,26.2285,0.5464270833333333,0.46955,0.9433,1.1184,completed
18,known_visit,ACBBA,ideal,1.0,19,361,4,50,multitarget_g19_r4_t50_acbba_topk005,C:\Users\lottj\Desktop\research\decentralized benchmark\topk_filter_study\results\sensitivity_suite\scenarios\known_targets_g19_t50_n100.csv,02,39,13,0,40,0,3,0,0,0,0.0,0,0,240,79,161,704,0,35,37.2879,1.0653685714285714,0.9712,1.5362,1.6416,15.1394,0.4325542857142857,0.41,0.6842,0.6985,35,22.1485,0.6328142857142857,0.6851,1.0178,1.024,completed
18,known_visit,ACBBA,ideal,1.0,19,361,4,50,multitarget_g19_r4_t50_acbba_topk005,C:\Users\lottj\Desktop\research\decentralized benchmark\topk_filter_study\results\sensitivity_suite\scenarios\known_targets_g19_t50_n100.csv,03,39,12,0,39,1,1,0,0,0,0.0,0,0,237,80,157,706,0,33,34.5713,1.0476151515151515,0.9704,1.7173,2.1791,14.1153,0.42773636363636364,0.3921,0.7267,1.0516,33,20.456,0.6198787878787879,0.614,1.0123,1.1275,completed
19,known_visit,ACBBA,ideal,1.0,19,361,4,50,multitarget_g19_r4_t50_acbba_topk005,C:\Users\lottj\Desktop\research\decentralized benchmark\topk_filter_study\results\sensitivity_suite\scenarios\known_targets_g19_t50_n100.csv,00,49,16,2,45,5,0,0,0,0,0.0,0,0,285,101,184,824,0,37,40.7873,1.1023594594594595,1.0593,1.8317,1.8626,17.1694,0.4640378378378378,0.4376,0.7253,1.2346,37,23.6179,0.6383216216216215,0.5861,1.1504,1.197,completed
19,known_visit,ACBBA,ideal,1.0,19,361,4,50,multitarget_g19_r4_t50_acbba_topk005,C:\Users\lottj\Desktop\research\decentralized benchmark\topk_filter_study\results\sensitivity_suite\scenarios\known_targets_g19_t50_n100.csv,01,49,13,0,48,2,4,0,0,0,0.0,0,0,281,101,180,829,0,48,46.7879,0.9747479166666667,0.98105,1.5123,1.5891,19.6041,0.40841875,0.4208,0.6266,0.7373,48,27.1838,0.5663291666666667,0.50275,0.9487,1.0655,completed
19,known_visit,ACBBA,ideal,1.0,19,361,4,50,multitarget_g19_r4_t50_acbba_topk005,C:\Users\lottj\Desktop\research\decentralized benchmark\topk_filter_study\results\sensitivity_suite\scenarios\known_targets_g19_t50_n100.csv,02,46,12,1,44,3,6,3,1,1,5.0,1,0,282,98,184,827,0,56,55.4208,0.9896571428571429,0.9449000000000001,1.4235,1.5926,26.0302,0.464825,0.40585,0.8244,0.9891,56,29.3906,0.5248321428571429,0.45640000000000003,0.9519,1.0245,completed
19,known_visit,ACBBA,ideal,1.0,19,361,4,50,multitarget_g19_r4_t50_acbba_topk005,C:\Users\lottj\Desktop\research\decentralized benchmark\topk_filter_study\results\sensitivity_suite\scenarios\known_targets_g19_t50_n100.csv,03,36,9,0,34,3,3,1,1,0,0.0,0,0,262,80,182,847,0,85,78.4989,0.9235164705882354,0.8637,1.3509,1.7609,33.4614,0.3936635294117647,0.3748,0.5888,0.8958,85,45.0375,0.5298529411764706,0.4703,0.9201,1.0543,completed
20,known_visit,ACBBA,ideal,1.0,19,361,4,50,multitarget_g19_r4_t50_acbba_topk005,C:\Users\lottj\Desktop\research\decentralized benchmark\topk_filter_study\results\sensitivity_suite\scenarios\known_targets_g19_t50_n100.csv,00,34,13,0,35,0,1,0,0,0,0.0,0,0,220,70,150,666,0,67,63.9501,0.954479104477612,0.8502,1.4908,1.954,28.5625,0.42630597014925375,0.3979,0.6595,0.7767,67,35.3876,0.5281731343283582,0.3815,0.9631,1.1773,completed
20,known_visit,ACBBA,ideal,1.0,19,361,4,50,multitarget_g19_r4_t50_acbba_topk005,C:\Users\lottj\Desktop\research\decentralized benchmark\topk_filter_study\results\sensitivity_suite\scenarios\known_targets_g19_t50_n100.csv,01,30,11,0,31,0,1,0,0,0,0.0,0,0,209,63,146,677,0,80,71.7729,0.8971612500000001,0.78515,1.5059,1.7053,32.820100000000004,0.41025125000000007,0.39254999999999995,0.6301,0.6967,80,38.9528,0.48691000000000006,0.3802,0.9544,1.0746,completed
20,known_visit,ACBBA,ideal,1.0,19,361,4,50,multitarget_g19_r4_t50_acbba_topk005,C:\Users\lottj\Desktop\research\decentralized benchmark\topk_filter_study\results\sensitivity_suite\scenarios\known_targets_g19_t50_n100.csv,02,45,14,2,35,11,1,0,0,0,0.0,0,0,242,91,151,645,0,33,37.5578,1.1381151515151515,1.086,1.6296,1.8403,15.2871,0.46324545454545457,0.4239,0.6551,0.6688,33,22.270699999999998,0.6748696969696969,0.6436,1.0244,1.5893,completed
20,known_visit,ACBBA,ideal,1.0,19,361,4,50,multitarget_g19_r4_t50_acbba_topk005,C:\Users\lottj\Desktop\research\decentralized benchmark\topk_filter_study\results\sensitivity_suite\scenarios\known_targets_g19_t50_n100.csv,03,34,12,0,34,1,0,0,0,0,0.0,0,0,216,70,146,670,0,62,57.165,0.922016129032258,0.79755,1.5401,1.629,26.002,0.41938709677419356,0.39554999999999996,0.6161,0.9155,62,31.163,0.5026290322580645,0.377,1.0174,1.085,completed
21,known_visit,ACBBA,ideal,1.0,19,361,4,50,multitarget_g19_r4_t50_acbba_topk005,C:\Users\lottj\Desktop\research\decentralized benchmark\topk_filter_study\results\sensitivity_suite\scenarios\known_targets_g19_t50_n100.csv,00,35,16,0,36,0,0,0,0,0,0.0,0,0,231,71,160,645,0,32,37.6757,1.177365625,1.0903,1.6081,3.3939,16.031,0.50096875,0.49065000000000003,0.6506,1.5182,32,21.6447,0.676396875,0.5884499999999999,1.2261,1.8757,completed
21,known_visit,ACBBA,ideal,1.0,19,361,4,50,multitarget_g19_r4_t50_acbba_topk005,C:\Users\lottj\Desktop\research\decentralized benchmark\topk_filter_study\results\sensitivity_suite\scenarios\known_targets_g19_t50_n100.csv,01,34,10,3,30,5,2,0,0,0,0.0,0,0,219,70,149,658,0,35,42.2649,1.2075685714285713,1.0149,3.6634,4.6035,19.0554,0.5444399999999999,0.4602,0.666,3.8657,35,23.209500000000002,0.6631285714285715,0.5756,1.0196,3.3126,completed
21,known_visit,ACBBA,ideal,1.0,19,361,4,50,multitarget_g19_r4_t50_acbba_topk005,C:\Users\lottj\Desktop\research\decentralized benchmark\topk_filter_study\results\sensitivity_suite\scenarios\known_targets_g19_t50_n100.csv,02,34,15,0,35,0,4,0,0,0,0.0,0,0,217,69,148,662,0,30,33.6314,1.1210466666666667,1.0934499999999998,1.5809,1.6786,14.188600000000001,0.4729533333333334,0.48735,0.7963,1.0918,30,19.4428,0.6480933333333333,0.6024499999999999,1.0006,1.2624,completed
21,known_visit,ACBBA,ideal,1.0,19,361,4,50,multitarget_g19_r4_t50_acbba_topk005,C:\Users\lottj\Desktop\research\decentralized benchmark\topk_filter_study\results\sensitivity_suite\scenarios\known_targets_g19_t50_n100.csv,03,29,9,1,27,3,3,0,0,0,0.0,0,0,212,62,150,665,0,47,54.6076,1.161863829787234,1.0547,1.8308,2.0367,21.3116,0.4534382978723404,0.3924,0.8889,1.2197,47,33.296,0.7084255319148937,0.6966,1.0322,1.6954,completed
22,known_visit,ACBBA,ideal,1.0,19,361,4,50,multitarget_g19_r4_t50_acbba_topk005,C:\Users\lottj\Desktop\research\decentralized benchmark\topk_filter_study\results\sensitivity_suite\scenarios\known_targets_g19_t50_n100.csv,00,39,16,1,36,4,0,0,0,0,0.0,0,0,261,81,180,848,0,127,104.6401,0.8239377952755906,0.7329,1.4005,2.1892,50.694,0.39916535433070865,0.3666,0.6658,1.1867,127,53.9461,0.4247724409448819,0.3374,0.8356,1.0652,completed
22,known_visit,ACBBA,ideal,1.0,19,361,4,50,multitarget_g19_r4_t50_acbba_topk005,C:\Users\lottj\Desktop\research\decentralized benchmark\topk_filter_study\results\sensitivity_suite\scenarios\known_targets_g19_t50_n100.csv,01,62,12,1,59,4,5,0,0,0,0.0,0,0,313,129,184,797,0,48,52.7301,1.09854375,1.0393,1.5992,2.0916,22.1841,0.46216875,0.4446,0.6745,0.7592,48,30.546,0.636375,0.6529,0.9881,1.6174,completed
22,known_visit,ACBBA,ideal,1.0,19,361,4,50,multitarget_g19_r4_t50_acbba_topk005,C:\Users\lottj\Desktop\research\decentralized benchmark\topk_filter_study\results\sensitivity_suite\scenarios\known_targets_g19_t50_n100.csv,02,39,13,0,40,0,3,0,0,0,0.0,0,0,270,82,188,839,0,127,103.6883,0.8164433070866142,0.715,1.3719,1.9881,50.788,0.3999055118110236,0.368,0.6622,0.9477,127,52.9003,0.41653779527559054,0.3352,0.8804,1.3127,completed
22,known_visit,ACBBA,ideal,1.0,19,361,4,50,multitarget_g19_r4_t50_acbba_topk005,C:\Users\lottj\Desktop\research\decentralized benchmark\topk_filter_study\results\sensitivity_suite\scenarios\known_targets_g19_t50_n100.csv,03,39,9,1,38,2,3,0,0,0,0.0,0,0,266,82,184,843,0,128,101.8611,0.79578984375,0.7159,1.2665,1.819,48.5534,0.3793234375,0.3629,0.5828,0.7536,128,53.3077,0.41646640625,0.3366,0.8588,1.0654,completed
23,known_visit,ACBBA,ideal,1.0,19,361,4,50,multitarget_g19_r4_t50_acbba_topk005,C:\Users\lottj\Desktop\research\decentralized benchmark\topk_filter_study\results\sensitivity_suite\scenarios\known_targets_g19_t50_n100.csv,00,50,16,0,51,0,0,0,0,0,0.0,0,0,274,101,173,795,0,38,39.4557,1.038307894736842,1.02675,1.5632,2.3936,16.7671,0.4412394736842105,0.4341,0.82,1.5126,38,22.6886,0.5970684210526316,0.5525,0.9741,0.9761,completed
23,known_visit,ACBBA,ideal,1.0,19,361,4,50,multitarget_g19_r4_t50_acbba_topk005,C:\Users\lottj\Desktop\research\decentralized benchmark\topk_filter_study\results\sensitivity_suite\scenarios\known_targets_g19_t50_n100.csv,01,36,12,2,29,8,2,3,3,0,0.0,0,0,266,78,188,802,0,74,64.5471,0.8722581081081081,0.6939,1.5145,1.6462,29.1999,0.39459324324324324,0.33895,0.6311,0.6952,74,35.3472,0.47766486486486487,0.356,0.9355,1.0181,completed
23,known_visit,ACBBA,ideal,1.0,19,361,4,50,multitarget_g19_r4_t50_acbba_topk005,C:\Users\lottj\Desktop\research\decentralized benchmark\topk_filter_study\results\sensitivity_suite\scenarios\known_targets_g19_t50_n100.csv,02,44,10,3,39,6,4,0,0,0,0.0,0,0,264,91,173,804,0,52,51.3576,0.9876461538461538,0.9835499999999999,1.3168,1.5759,19.3569,0.37224807692307693,0.34850000000000003,0.5485,0.6028,52,32.0007,0.6153980769230769,0.58325,0.921,1.0503,completed
23,known_visit,ACBBA,ideal,1.0,19,361,4,50,multitarget_g19_r4_t50_acbba_topk005,C:\Users\lottj\Desktop\research\decentralized benchmark\topk_filter_study\results\sensitivity_suite\scenarios\known_targets_g19_t50_n100.csv,03,40,12,0,41,0,4,0,0,0,0.0,0,0,265,83,182,803,0,65,57.431,0.8835538461538461,0.8148,1.4255,1.7506,25.0933,0.3860507692307692,0.3257,0.6365,0.695,65,32.3377,0.4975030769230769,0.4041,0.8948,1.0645,completed
24,known_visit,ACBBA,ideal,1.0,19,361,4,50,multitarget_g19_r4_t50_acbba_topk005,C:\Users\lottj\Desktop\research\decentralized benchmark\topk_filter_study\results\sensitivity_suite\scenarios\known_targets_g19_t50_n100.csv,00,37,13,0,38,0,2,0,0,0,0.0,0,0,240,77,163,781,0,66,68.2295,1.033780303030303,0.92075,1.6404,2.537,30.5185,0.4624015151515151,0.39444999999999997,0.7667,1.5598,66,37.711,0.5713787878787878,0.45735000000000003,1.0916,2.2384,completed
24,known_visit,ACBBA,ideal,1.0,19,361,4,50,multitarget_g19_r4_t50_acbba_topk005,C:\Users\lottj\Desktop\research\decentralized benchmark\topk_filter_study\results\sensitivity_suite\scenarios\known_targets_g19_t50_n100.csv,01,47,9,2,40,8,2,0,0,0,0.0,0,0,260,95,165,762,0,35,39.9096,1.1402742857142856,1.0105,2.0777,2.2223,16.193,0.4626571428571429,0.4416,0.7866,0.8476,35,23.7166,0.6776171428571428,0.6018,1.2911,1.6089,completed
24,known_visit,ACBBA,ideal,1.0,19,361,4,50,multitarget_g19_r4_t50_acbba_topk005,C:\Users\lottj\Desktop\research\decentralized benchmark\topk_filter_study\results\sensitivity_suite\scenarios\known_targets_g19_t50_n100.csv,02,42,9,1,41,2,3,0,0,0,0.0,0,0,257,87,170,764,0,50,49.3931,0.9878619999999999,0.9331,1.6613,1.8133,19.9838,0.399676,0.36624999999999996,0.6313,0.7053,50,29.4093,0.588186,0.5159,1.0691,1.6073,completed
24,known_visit,ACBBA,ideal,1.0,19,361,4,50,multitarget_g19_r4_t50_acbba_topk005,C:\Users\lottj\Desktop\research\decentralized benchmark\topk_filter_study\results\sensitivity_suite\scenarios\known_targets_g19_t50_n100.csv,03,42,19,1,42,1,4,0,0,0,0.0,0,0,265,87,178,756,0,59,59.6198,1.0105050847457626,0.9497,1.5819,1.76,26.0903,0.44220847457627116,0.3817,0.6824,0.9283,59,33.5295,0.5682966101694915,0.5427,1.0637,1.0976,completed
25,known_visit,ACBBA,ideal,1.0,19,361,4,50,multitarget_g19_r4_t50_acbba_topk005,C:\Users\lottj\Desktop\research\decentralized benchmark\topk_filter_study\results\sensitivity_suite\scenarios\known_targets_g19_t50_n100.csv,00,28,10,0,29,0,1,0,0,0,0.0,0,0,221,58,163,751,0,85,74.3002,0.87412,0.7762,1.3278,3.5382,33.9383,0.3992741176470588,0.3297,0.5845,3.2485,85,40.3619,0.4748458823529412,0.3947,0.966,1.0352,completed
25,known_visit,ACBBA,ideal,1.0,19,361,4,50,multitarget_g19_r4_t50_acbba_topk005,C:\Users\lottj\Desktop\research\decentralized benchmark\topk_filter_study\results\sensitivity_suite\scenarios\known_targets_g19_t50_n100.csv,01,35,12,1,34,2,0,0,0,0,0.0,0,0,242,72,170,730,0,68,56.1771,0.8261338235294118,0.6752,1.4551,1.7895,24.8281,0.3651191176470588,0.31665,0.6488,0.7397,68,31.349,0.46101470588235294,0.32785,1.0412,1.0681,completed
25,known_visit,ACBBA,ideal,1.0,19,361,4,50,multitarget_g19_r4_t50_acbba_topk005,C:\Users\lottj\Desktop\research\decentralized benchmark\topk_filter_study\results\sensitivity_suite\scenarios\known_targets_g19_t50_n100.csv,02,44,18,0,45,0,1,0,0,0,0.0,0,0,260,90,170,712,0,40,40.4322,1.010805,1.01735,1.4276,1.6916,16.3716,0.40929000000000004,0.40125,0.6931,0.7494,40,24.0606,0.601515,0.58655,0.9934,1.1201,completed
25,known_visit,ACBBA,ideal,1.0,19,361,4,50,multitarget_g19_r4_t50_acbba_topk005,C:\Users\lottj\Desktop\research\decentralized benchmark\topk_filter_study\results\sensitivity_suite\scenarios\known_targets_g19_t50_n100.csv,03,40,10,2,35,6,2,0,0,0,0.0,0,0,250,85,165,723,0,60,60.4053,1.0067549999999998,1.0150000000000001,1.3043,1.7292,21.1918,0.35319666666666666,0.30165,0.6515,0.7045,60,39.2135,0.6535583333333334,0.6991,0.9555,1.1035,completed
26,known_visit,ACBBA,ideal,1.0,19,361,4,50,multitarget_g19_r4_t50_acbba_topk005,C:\Users\lottj\Desktop\research\decentralized benchmark\topk_filter_study\results\sensitivity_suite\scenarios\known_targets_g19_t50_n100.csv,00,41,15,0,42,0,7,0,0,0,0.0,0,0,245,83,162,738,0,34,39.6312,1.1656235294117647,0.9686,1.7995,6.1229,18.6878,0.5496411764705882,0.4113,0.6495,5.3282,34,20.9434,0.6159823529411765,0.58335,1.0168,1.2698,completed
26,known_visit,ACBBA,ideal,1.0,19,361,4,50,multitarget_g19_r4_t50_acbba_topk005,C:\Users\lottj\Desktop\research\decentralized benchmark\topk_filter_study\results\sensitivity_suite\scenarios\known_targets_g19_t50_n100.csv,01,38,9,0,34,5,1,0,0,0,0.0,0,0,241,80,161,741,0,49,42.5015,0.8673775510204081,0.793,1.3941,1.5317,17.3768,0.3546285714285714,0.3248,0.5833,0.6501,49,25.1247,0.5127489795918367,0.4791,0.9494,1.018,completed
26,known_visit,ACBBA,ideal,1.0,19,361,4,50,multitarget_g19_r4_t50_acbba_topk005,C:\Users\lottj\Desktop\research\decentralized benchmark\topk_filter_study\results\sensitivity_suite\scenarios\known_targets_g19_t50_n100.csv,02,37,14,0,38,0,5,0,0,0,0.0,0,0,250,78,172,732,0,52,50.4975,0.9711057692307693,0.8407,1.4803,4.9313,22.6439,0.43545961538461536,0.33230000000000004,0.5461,3.9066,52,27.8536,0.5356461538461539,0.48124999999999996,1.0247,1.0487,completed
26,known_visit,ACBBA,ideal,1.0,19,361,4,50,multitarget_g19_r4_t50_acbba_topk005,C:\Users\lottj\Desktop\research\decentralized benchmark\topk_filter_study\results\sensitivity_suite\scenarios\known_targets_g19_t50_n100.csv,03,41,12,0,42,0,3,0,0,0,0.0,0,0,247,84,163,735,0,37,35.6989,0.9648351351351352,0.9753,1.5321,1.593,13.3106,0.35974594594594594,0.355,0.5677,0.6059,37,22.3883,0.6050891891891892,0.5903,1.0177,1.2611,completed
27,known_visit,ACBBA,ideal,1.0,19,361,4,50,multitarget_g19_r4_t50_acbba_topk005,C:\Users\lottj\Desktop\research\decentralized benchmark\topk_filter_study\results\sensitivity_suite\scenarios\known_targets_g19_t50_n100.csv,00,44,14,0,44,1,4,0,0,0,0.0,0,0,252,91,161,724,0,67,59.9455,0.8947089552238806,0.8223,1.5659,2.1892,27.372,0.40853731343283584,0.3496,0.6234,1.7627,67,32.5735,0.48617164179104483,0.3735,0.982,1.0824,completed
27,known_visit,ACBBA,ideal,1.0,19,361,4,50,multitarget_g19_r4_t50_acbba_topk005,C:\Users\lottj\Desktop\research\decentralized benchmark\topk_filter_study\results\sensitivity_suite\scenarios\known_targets_g19_t50_n100.csv,01,49,10,5,43,7,2,0,0,0,0.0,0,0,255,102,153,722,0,53,54.6601,1.0313226415094339,0.9808,1.543,1.982,21.019099999999998,0.39658679245283013,0.3962,0.5855,0.9107,53,33.641,0.6347358490566037,0.5629,1.0367,1.5154,completed
27,known_visit,ACBBA,ideal,1.0,19,361,4,50,multitarget_g19_r4_t50_acbba_topk005,C:\Users\lottj\Desktop\research\decentralized benchmark\topk_filter_study\results\sensitivity_suite\scenarios\known_targets_g19_t50_n100.csv,02,36,17,0,36,1,1,0,0,0,0.0,0,0,237,75,162,739,0,93,77.1375,0.8294354838709678,0.6718,1.3291,3.9816,36.4443,0.3918741935483871,0.3409,0.6557,1.3885,93,40.6932,0.4375612903225806,0.3029,0.9431,2.5931,completed
27,known_visit,ACBBA,ideal,1.0,19,361,4,50,multitarget_g19_r4_t50_acbba_topk005,C:\Users\lottj\Desktop\research\decentralized benchmark\topk_filter_study\results\sensitivity_suite\scenarios\known_targets_g19_t50_n100.csv,03,38,9,0,38,1,0,0,0,0,0.0,0,0,233,80,153,743,0,91,72.6769,0.7986472527472528,0.6676,1.2386,3.0986,33.3782,0.3667934065934066,0.3326,0.5652,1.076,91,39.2987,0.43185384615384614,0.3182,0.8589,2.3934,completed
28,known_visit,ACBBA,ideal,1.0,19,361,4,50,multitarget_g19_r4_t50_acbba_topk005,C:\Users\lottj\Desktop\research\decentralized benchmark\topk_filter_study\results\sensitivity_suite\scenarios\known_targets_g19_t50_n100.csv,00,40,12,0,39,2,3,0,0,0,0.0,0,0,227,82,145,672,0,38,39.3846,1.0364368421052632,1.03465,1.6673,1.734,16.6689,0.43865526315789477,0.42715000000000003,0.6389,0.6844,38,22.715700000000002,0.5977815789473685,0.58565,1.0284,1.2116,completed
28,known_visit,ACBBA,ideal,1.0,19,361,4,50,multitarget_g19_r4_t50_acbba_topk005,C:\Users\lottj\Desktop\research\decentralized benchmark\topk_filter_study\results\sensitivity_suite\scenarios\known_targets_g19_t50_n100.csv,01,33,11,1,28,6,2,0,0,0,0.0,0,0,217,71,146,681,0,61,64.4109,1.055916393442623,1.0302,1.4972,1.7714,23.7223,0.3888901639344262,0.3601,0.5955,1.0124,61,40.6886,0.6670262295081968,0.7279,1.1288,1.1966,completed
28,known_visit,ACBBA,ideal,1.0,19,361,4,50,multitarget_g19_r4_t50_acbba_topk005,C:\Users\lottj\Desktop\research\decentralized benchmark\topk_filter_study\results\sensitivity_suite\scenarios\known_targets_g19_t50_n100.csv,02,41,15,0,42,0,4,0,0,0,0.0,0,0,224,84,140,674,0,36,40.6422,1.1289500000000001,1.0502500000000001,1.7621,2.5751,16.5137,0.45871388888888887,0.40985000000000005,0.704,1.6348,36,24.1285,0.670236111111111,0.6907,1.0922,1.1,completed
28,known_visit,ACBBA,ideal,1.0,19,361,4,50,multitarget_g19_r4_t50_acbba_topk005,C:\Users\lottj\Desktop\research\decentralized benchmark\topk_filter_study\results\sensitivity_suite\scenarios\known_targets_g19_t50_n100.csv,03,37,12,0,38,0,0,0,0,0,0.0,0,0,231,76,155,667,0,47,45.542699999999996,0.9689936170212765,0.9195,1.4799,1.5713,18.9585,0.40337234042553194,0.3719,0.6048,1.0478,47,26.5842,0.5656212765957447,0.5636,0.9019,0.9803,completed
29,known_visit,ACBBA,ideal,1.0,19,361,4,50,multitarget_g19_r4_t50_acbba_topk005,C:\Users\lottj\Desktop\research\decentralized benchmark\topk_filter_study\results\sensitivity_suite\scenarios\known_targets_g19_t50_n100.csv,00,53,12,4,47,7,3,2,2,0,0.0,0,0,310,109,201,811,0,49,51.0841,1.0425326530612244,0.9783,1.683,1.783,22.3882,0.45690204081632657,0.4034,0.8719,1.0559,49,28.695899999999998,0.5856306122448979,0.5497,1.0407,1.0521,completed
29,known_visit,ACBBA,ideal,1.0,19,361,4,50,multitarget_g19_r4_t50_acbba_topk005,C:\Users\lottj\Desktop\research\decentralized benchmark\topk_filter_study\results\sensitivity_suite\scenarios\known_targets_g19_t50_n100.csv,01,42,15,0,42,1,3,0,0,0,0.0,0,0,272,87,185,848,0,84,75.8263,0.9026940476190477,0.8218,1.4877,1.6846,33.5816,0.3997809523809524,0.35785,0.6821,1.3199,84,42.2447,0.5029130952380952,0.37015,0.9757,1.0264,completed
29,known_visit,ACBBA,ideal,1.0,19,361,4,50,multitarget_g19_r4_t50_acbba_topk005,C:\Users\lottj\Desktop\research\decentralized benchmark\topk_filter_study\results\sensitivity_suite\scenarios\known_targets_g19_t50_n100.csv,02,35,9,3,29,7,8,0,0,0,0.0,0,0,265,78,187,855,0,109,99.9569,0.9170357798165139,0.8973,1.4398,1.7493,41.9891,0.3852211009174312,0.3431,0.5704,0.6931,109,57.9678,0.5318146788990825,0.4364,0.978,1.2272,completed
29,known_visit,ACBBA,ideal,1.0,19,361,4,50,multitarget_g19_r4_t50_acbba_topk005,C:\Users\lottj\Desktop\research\decentralized benchmark\topk_filter_study\results\sensitivity_suite\scenarios\known_targets_g19_t50_n100.csv,03,43,14,1,43,1,2,0,0,0,0.0,0,0,274,88,186,846,0,79,66.6139,0.8432139240506329,0.7186,1.421,1.6321,30.2812,0.38330632911392404,0.3418,0.6239,0.8841,79,36.3327,0.4599075949367089,0.3277,0.9568,1.2154,completed
30,known_visit,ACBBA,ideal,1.0,19,361,4,50,multitarget_g19_r4_t50_acbba_topk005,C:\Users\lottj\Desktop\research\decentralized benchmark\topk_filter_study\results\sensitivity_suite\scenarios\known_targets_g19_t50_n100.csv,00,50,13,1,49,2,2,0,0,0,0.0,0,0,256,102,154,702,0,51,49.6116,0.9727764705882354,0.9245,1.5286,2.4163,21.458,0.42074509803921567,0.3676,0.6881,1.4079,51,28.1536,0.5520313725490196,0.5218,0.9959,1.0761,completed
30,known_visit,ACBBA,ideal,1.0,19,361,4,50,multitarget_g19_r4_t50_acbba_topk005,C:\Users\lottj\Desktop\research\decentralized benchmark\topk_filter_study\results\sensitivity_suite\scenarios\known_targets_g19_t50_n100.csv,01,51,15,1,49,3,0,0,0,0,0.0,0,0,263,104,159,696,0,47,50.0253,1.064368085106383,1.0385,1.5659,1.9782,21.5163,0.45779361702127663,0.4023,0.7531,1.0443,47,28.509,0.6065744680851064,0.5424,0.9644,1.307,completed
30,known_visit,ACBBA,ideal,1.0,19,361,4,50,multitarget_g19_r4_t50_acbba_topk005,C:\Users\lottj\Desktop\research\decentralized benchmark\topk_filter_study\results\sensitivity_suite\scenarios\known_targets_g19_t50_n100.csv,02,36,11,1,34,3,2,0,0,0,0.0,0,0,231,74,157,727,0,89,82.8681,0.9311022471910112,0.8691,1.3396,2.7524,41.0346,0.46106292134831456,0.4071,0.7683,1.871,89,41.8335,0.47003932584269664,0.4184,0.8814,1.1665,completed
30,known_visit,ACBBA,ideal,1.0,19,361,4,50,multitarget_g19_r4_t50_acbba_topk005,C:\Users\lottj\Desktop\research\decentralized benchmark\topk_filter_study\results\sensitivity_suite\scenarios\known_targets_g19_t50_n100.csv,03,29,11,0,30,0,1,0,0,0,0.0,0,0,209,61,148,749,0,117,109.8619,0.9389905982905984,0.8586,1.6107,2.8239,52.8482,0.4516940170940171,0.3998,0.6827,2.1191,117,57.0137,0.4872965811965812,0.4308,0.9357,1.3937,completed
31,known_visit,ACBBA,ideal,1.0,19,361,4,50,multitarget_g19_r4_t50_acbba_topk005,C:\Users\lottj\Desktop\research\decentralized benchmark\topk_filter_study\results\sensitivity_suite\scenarios\known_targets_g19_t50_n100.csv,00,43,17,0,44,0,3,0,0,0,0.0,0,0,268,89,179,800,0,73,71.0258,0.9729561643835617,0.8664,1.5983,2.5467,32.7478,0.4486,0.3958,0.6858,1.3328,73,38.278,0.5243561643835616,0.4387,0.9481,1.2836,completed
31,known_visit,ACBBA,ideal,1.0,19,361,4,50,multitarget_g19_r4_t50_acbba_topk005,C:\Users\lottj\Desktop\research\decentralized benchmark\topk_filter_study\results\sensitivity_suite\scenarios\known_targets_g19_t50_n100.csv,01,35,9,2,30,6,2,0,0,0,0.0,0,0,252,76,176,816,0,99,89.5137,0.9041787878787879,0.8093,1.4683,3.001,38.6884,0.3907919191919192,0.372,0.6437,1.2744,99,50.8253,0.5133868686868687,0.4103,0.9673,1.7266,completed
31,known_visit,ACBBA,ideal,1.0,19,361,4,50,multitarget_g19_r4_t50_acbba_topk005,C:\Users\lottj\Desktop\research\decentralized benchmark\topk_filter_study\results\sensitivity_suite\scenarios\known_targets_g19_t50_n100.csv,02,49,14,2,44,6,2,0,0,0,0.0,0,0,279,101,178,790,0,53,58.2542,1.0991358490566037,1.0832,1.4804,2.6105,22.080000000000002,0.4166037735849057,0.3778,0.7456,1.3268,53,36.1742,0.6825320754716981,0.6584,0.9681,1.2837,completed
31,known_visit,ACBBA,ideal,1.0,19,361,4,50,multitarget_g19_r4_t50_acbba_topk005,C:\Users\lottj\Desktop\research\decentralized benchmark\topk_filter_study\results\sensitivity_suite\scenarios\known_targets_g19_t50_n100.csv,03,44,10,0,44,1,6,0,0,0,0.0,0,0,270,92,178,798,0,72,67.5731,0.9385152777777778,0.82205,1.5838,2.7919,32.8957,0.4568847222222222,0.4135,0.7072,2.4032,72,34.6774,0.48163055555555556,0.35765,0.9583,1.4513,completed
32,known_visit,ACBBA,ideal,1.0,19,361,4,50,multitarget_g19_r4_t50_acbba_topk005,C:\Users\lottj\Desktop\research\decentralized benchmark\topk_filter_study\results\sensitivity_suite\scenarios\known_targets_g19_t50_n100.csv,00,42,13,1,41,2,0,0,0,0,0.0,0,0,239,86,153,694,0,52,43.7314,0.8409884615384615,0.7579,1.2746,1.5763,19.4775,0.37456730769230767,0.3502,0.5453,0.6339,52,24.253899999999998,0.4664211538461538,0.3625,0.9082,0.9813,completed
32,known_visit,ACBBA,ideal,1.0,19,361,4,50,multitarget_g19_r4_t50_acbba_topk005,C:\Users\lottj\Desktop\research\decentralized benchmark\topk_filter_study\results\sensitivity_suite\scenarios\known_targets_g19_t50_n100.csv,01,25,5,0,24,2,1,0,0,0,0.0,0,0,207,59,148,726,0,100,79.9748,0.799748,0.71585,1.2312,1.4905,32.5806,0.325806,0.31810000000000005,0.4751,0.5243,100,47.3942,0.473942,0.3873,0.8676,1.204,completed
32,known_visit,ACBBA,ideal,1.0,19,361,4,50,multitarget_g19_r4_t50_acbba_topk005,C:\Users\lottj\Desktop\research\decentralized benchmark\topk_filter_study\results\sensitivity_suite\scenarios\known_targets_g19_t50_n100.csv,02,43,16,1,42,2,3,0,0,0,0.0,0,0,247,90,157,687,0,51,45.1432,0.8851607843137255,0.8199,1.4732,1.5616,19.255,0.3775490196078431,0.3319,0.6701,0.7228,51,25.8882,0.5076117647058824,0.4301,0.8715,1.0625,completed
32,known_visit,ACBBA,ideal,1.0,19,361,4,50,multitarget_g19_r4_t50_acbba_topk005,C:\Users\lottj\Desktop\research\decentralized benchmark\topk_filter_study\results\sensitivity_suite\scenarios\known_targets_g19_t50_n100.csv,03,41,16,0,42,0,0,0,0,0,0.0,0,0,241,84,157,692,0,54,46.4587,0.8603462962962963,0.8147,1.3729,1.73,19.8607,0.36779074074074075,0.35035,0.5443,0.7641,54,26.598,0.4925555555555555,0.39175000000000004,0.9082,0.9659,completed
33,known_visit,ACBBA,ideal,1.0,19,361,4,50,multitarget_g19_r4_t50_acbba_topk005,C:\Users\lottj\Desktop\research\decentralized benchmark\topk_filter_study\results\sensitivity_suite\scenarios\known_targets_g19_t50_n100.csv,00,42,19,0,42,1,0,0,0,0,0.0,0,0,246,86,160,664,0,45,43.0832,0.9574044444444444,0.8721,1.4757,2.8409,16.9881,0.3775133333333333,0.2961,0.6006,0.6133,45,26.0951,0.5798911111111111,0.4937,1.03,2.2362,completed
33,known_visit,ACBBA,ideal,1.0,19,361,4,50,multitarget_g19_r4_t50_acbba_topk005,C:\Users\lottj\Desktop\research\decentralized benchmark\topk_filter_study\results\sensitivity_suite\scenarios\known_targets_g19_t50_n100.csv,01,38,15,0,38,1,3,0,0,0,0.0,0,0,228,78,150,682,0,60,52.4584,0.8743066666666667,0.7484999999999999,1.5244,2.6057,21.9746,0.3662433333333333,0.31745,0.5526,0.9545,60,30.4838,0.5080633333333333,0.3634,1.052,1.6512,completed
33,known_visit,ACBBA,ideal,1.0,19,361,4,50,multitarget_g19_r4_t50_acbba_topk005,C:\Users\lottj\Desktop\research\decentralized benchmark\topk_filter_study\results\sensitivity_suite\scenarios\known_targets_g19_t50_n100.csv,02,29,6,1,27,3,1,0,0,0,0.0,0,0,196,63,133,714,0,87,74.1823,0.8526701149425288,0.7892,1.3695,3.8393,29.9158,0.34385977011494256,0.2991,0.496,2.8078,87,44.2665,0.5088103448275862,0.4279,0.9961,1.0647,completed
33,known_visit,ACBBA,ideal,1.0,19,361,4,50,multitarget_g19_r4_t50_acbba_topk005,C:\Users\lottj\Desktop\research\decentralized benchmark\topk_filter_study\results\sensitivity_suite\scenarios\known_targets_g19_t50_n100.csv,03,44,10,0,44,1,0,0,0,0,0.0,0,0,241,90,151,670,0,43,39.2458,0.912693023255814,0.856,1.4299,1.6778,14.5467,0.3382953488372093,0.3232,0.5684,0.5767,43,24.6991,0.5743976744186047,0.4936,0.9402,1.1094,completed
34,known_visit,ACBBA,ideal,1.0,19,361,4,50,multitarget_g19_r4_t50_acbba_topk005,C:\Users\lottj\Desktop\research\decentralized benchmark\topk_filter_study\results\sensitivity_suite\scenarios\known_targets_g19_t50_n100.csv,00,46,18,1,46,1,0,0,0,0,0.0,0,0,248,94,154,634,0,39,43.6332,1.1188,1.0598,1.8253,2.2773,20.0631,0.5144384615384615,0.4953,0.8459,1.7495,39,23.5701,0.6043615384615385,0.5992,1.0354,1.108,completed
34,known_visit,ACBBA,ideal,1.0,19,361,4,50,multitarget_g19_r4_t50_acbba_topk005,C:\Users\lottj\Desktop\research\decentralized benchmark\topk_filter_study\results\sensitivity_suite\scenarios\known_targets_g19_t50_n100.csv,01,38,12,0,38,1,2,0,0,0,0.0,0,0,221,78,143,660,0,64,56.6094,0.884521875,0.8223,1.6151,1.8246,25.5077,0.3985578125,0.34295,0.6795,0.8595,64,31.1017,0.4859640625,0.373,0.9252,1.1137,completed
34,known_visit,ACBBA,ideal,1.0,19,361,4,50,multitarget_g19_r4_t50_acbba_topk005,C:\Users\lottj\Desktop\research\decentralized benchmark\topk_filter_study\results\sensitivity_suite\scenarios\known_targets_g19_t50_n100.csv,02,34,13,0,35,0,0,0,0,0,0.0,0,0,219,70,149,662,0,80,71.7648,0.89706,0.74605,1.513,3.2044,33.545,0.41931250000000003,0.36435,0.667,1.4445,80,38.2198,0.4777475,0.3628,0.9238,1.7599,completed
34,known_visit,ACBBA,ideal,1.0,19,361,4,50,multitarget_g19_r4_t50_acbba_topk005,C:\Users\lottj\Desktop\research\decentralized benchmark\topk_filter_study\results\sensitivity_suite\scenarios\known_targets_g19_t50_n100.csv,03,25,7,2,19,7,2,0,0,0,0.0,0,0,194,56,138,687,0,106,96.9865,0.9149669811320755,0.83375,1.5215,4.2956,41.8718,0.39501698113207545,0.35255000000000003,0.6021,2.2045,106,55.1147,0.51995,0.39045,0.9303,3.941,completed
35,known_visit,ACBBA,ideal,1.0,19,361,4,50,multitarget_g19_r4_t50_acbba_topk005,C:\Users\lottj\Desktop\research\decentralized benchmark\topk_filter_study\results\sensitivity_suite\scenarios\known_targets_g19_t50_n100.csv,00,38,12,0,34,5,4,0,0,0,0.0,0,0,248,79,169,771,0,76,62.8947,0.8275618421052632,0.72345,1.4548,1.5853,28.7673,0.3785171052631579,0.3387,0.5977,1.0113,76,34.1274,0.4490447368421053,0.34440000000000004,0.94,1.1451,completed
35,known_visit,ACBBA,ideal,1.0,19,361,4,50,multitarget_g19_r4_t50_acbba_topk005,C:\Users\lottj\Desktop\research\decentralized benchmark\topk_filter_study\results\sensitivity_suite\scenarios\known_targets_g19_t50_n100.csv,01,36,10,0,36,1,7,0,0,0,0.0,0,0,251,75,176,768,0,79,66.2946,0.8391721518987342,0.7159,1.4869,2.5548,32.5079,0.41149240506329116,0.3546,0.6952,2.0793,79,33.7867,0.4276797468354431,0.3289,0.9034,1.004,completed
35,known_visit,ACBBA,ideal,1.0,19,361,4,50,multitarget_g19_r4_t50_acbba_topk005,C:\Users\lottj\Desktop\research\decentralized benchmark\topk_filter_study\results\sensitivity_suite\scenarios\known_targets_g19_t50_n100.csv,02,50,17,2,48,3,5,0,0,0,0.0,0,0,276,102,174,744,0,38,47.7207,1.255807894736842,1.09625,1.8752,8.7179,17.5591,0.46208157894736845,0.4597,0.6926,1.0639,38,30.1616,0.7937263157894737,0.6185499999999999,0.918,8.3617,completed
35,known_visit,ACBBA,ideal,1.0,19,361,4,50,multitarget_g19_r4_t50_acbba_topk005,C:\Users\lottj\Desktop\research\decentralized benchmark\topk_filter_study\results\sensitivity_suite\scenarios\known_targets_g19_t50_n100.csv,03,38,11,0,39,0,0,0,0,0,0.0,0,0,245,78,167,774,0,75,63.8842,0.8517893333333333,0.7199,1.4373,3.2594,28.3725,0.37829999999999997,0.3279,0.6285,1.7936,75,35.5117,0.4734893333333333,0.3391,0.9244,2.2087,completed
36,known_visit,ACBBA,ideal,1.0,19,361,4,50,multitarget_g19_r4_t50_acbba_topk005,C:\Users\lottj\Desktop\research\decentralized benchmark\topk_filter_study\results\sensitivity_suite\scenarios\known_targets_g19_t50_n100.csv,00,44,13,0,44,1,3,1,1,0,0.0,0,0,260,91,169,767,0,64,59.3229,0.9269203125,0.91305,1.5452,2.197,26.6658,0.416653125,0.375,0.6011,1.3087,64,32.6571,0.5102671875,0.4169,0.9246,1.4028,completed
36,known_visit,ACBBA,ideal,1.0,19,361,4,50,multitarget_g19_r4_t50_acbba_topk005,C:\Users\lottj\Desktop\research\decentralized benchmark\topk_filter_study\results\sensitivity_suite\scenarios\known_targets_g19_t50_n100.csv,01,52,19,2,50,3,2,0,0,0,0.0,0,0,276,105,171,752,0,36,41.0434,1.1400944444444443,1.01145,2.2779,3.0269,18.6746,0.518738888888889,0.48095,0.8419,2.3147,36,22.3688,0.6213555555555555,0.5884,1.0095,1.5382,completed
36,known_visit,ACBBA,ideal,1.0,19,361,4,50,multitarget_g19_r4_t50_acbba_topk005,C:\Users\lottj\Desktop\research\decentralized benchmark\topk_filter_study\results\sensitivity_suite\scenarios\known_targets_g19_t50_n100.csv,02,33,6,1,30,4,6,0,0,0,0.0,0,0,236,73,163,791,0,92,84.7622,0.9213282608695653,0.9486,1.4369,1.6284,34.1183,0.3708510869565217,0.3304,0.6426,0.7256,92,50.6439,0.5504771739130435,0.56975,0.9396,1.2627,completed
36,known_visit,ACBBA,ideal,1.0,19,361,4,50,multitarget_g19_r4_t50_acbba_topk005,C:\Users\lottj\Desktop\research\decentralized benchmark\topk_filter_study\results\sensitivity_suite\scenarios\known_targets_g19_t50_n100.csv,03,42,12,0,43,0,0,0,0,0,0.0,0,0,256,86,170,771,0,72,60.4734,0.8399083333333333,0.7581,1.3444,1.6786,27.4352,0.3810444444444444,0.33594999999999997,0.6558,0.762,72,33.0382,0.45886388888888896,0.3226,0.9055,1.1431,completed
37,known_visit,ACBBA,ideal,1.0,19,361,4,50,multitarget_g19_r4_t50_acbba_topk005,C:\Users\lottj\Desktop\research\decentralized benchmark\topk_filter_study\results\sensitivity_suite\scenarios\known_targets_g19_t50_n100.csv,00,41,10,0,39,3,1,0,0,0,0.0,0,0,237,84,153,703,0,45,46.9069,1.0423755555555556,0.9671,1.6472,2.4054,19.3695,0.4304333333333333,0.3669,0.9254,1.5889,45,27.537399999999998,0.6119422222222222,0.5393,0.9664,1.0384,completed
37,known_visit,ACBBA,ideal,1.0,19,361,4,50,multitarget_g19_r4_t50_acbba_topk005,C:\Users\lottj\Desktop\research\decentralized benchmark\topk_filter_study\results\sensitivity_suite\scenarios\known_targets_g19_t50_n100.csv,01,43,18,0,44,0,4,0,0,0,0.0,0,0,247,87,160,694,0,35,38.336,1.0953142857142857,1.1215,1.4713,1.4972,16.5435,0.47267142857142863,0.4837,0.6982,0.7289,35,21.7925,0.6226428571428572,0.6515,0.9309,0.9876,completed
37,known_visit,ACBBA,ideal,1.0,19,361,4,50,multitarget_g19_r4_t50_acbba_topk005,C:\Users\lottj\Desktop\research\decentralized benchmark\topk_filter_study\results\sensitivity_suite\scenarios\known_targets_g19_t50_n100.csv,02,40,15,1,38,3,4,0,0,0,0.0,0,0,243,83,160,697,0,51,62.0082,1.2158470588235295,0.9693,1.4944,12.5525,21.4746,0.4210705882352941,0.433,0.6245,0.6596,51,40.5336,0.7947764705882353,0.5096,0.9238,11.93,completed
37,known_visit,ACBBA,ideal,1.0,19,361,4,50,multitarget_g19_r4_t50_acbba_topk005,C:\Users\lottj\Desktop\research\decentralized benchmark\topk_filter_study\results\sensitivity_suite\scenarios\known_targets_g19_t50_n100.csv,03,33,7,0,34,0,2,0,0,0,0.0,0,0,214,68,146,726,0,64,67.1356,1.04899375,0.82775,1.6494,5.2437,34.3955,0.5374296875,0.3842,1.0919,4.891,64,32.7401,0.5115640625,0.4095,0.9944,1.091,completed
38,known_visit,ACBBA,ideal,1.0,19,361,4,50,multitarget_g19_r4_t50_acbba_topk005,C:\Users\lottj\Desktop\research\decentralized benchmark\topk_filter_study\results\sensitivity_suite\scenarios\known_targets_g19_t50_n100.csv,00,35,14,0,36,0,2,0,0,0,0.0,0,0,235,72,163,709,0,76,73.7143,0.9699249999999999,0.8284,1.8509,2.8267,33.1775,0.436546052631579,0.38855,0.7514,1.5485,76,40.5368,0.5333789473684211,0.3891,1.2325,1.8618,completed
38,known_visit,ACBBA,ideal,1.0,19,361,4,50,multitarget_g19_r4_t50_acbba_topk005,C:\Users\lottj\Desktop\research\decentralized benchmark\topk_filter_study\results\sensitivity_suite\scenarios\known_targets_g19_t50_n100.csv,01,30,10,0,30,1,0,0,0,0,0.0,0,0,218,64,154,726,0,86,85.2687,0.991496511627907,0.8822,1.7526,2.7106,39.9977,0.46508953488372096,0.39335,0.8808,1.7229,86,45.271,0.526406976744186,0.4022,1.0784,1.5323,completed
38,known_visit,ACBBA,ideal,1.0,19,361,4,50,multitarget_g19_r4_t50_acbba_topk005,C:\Users\lottj\Desktop\research\decentralized benchmark\topk_filter_study\results\sensitivity_suite\scenarios\known_targets_g19_t50_n100.csv,02,45,11,2,43,3,1,0,0,0,0.0,0,0,249,92,157,696,0,41,47.3769,1.1555341463414635,1.1563,1.6448,1.836,17.8116,0.4344292682926829,0.3542,0.9273,1.1951,41,29.5653,0.7211048780487805,0.6485,1.1443,1.4873,completed
38,known_visit,ACBBA,ideal,1.0,19,361,4,50,multitarget_g19_r4_t50_acbba_topk005,C:\Users\lottj\Desktop\research\decentralized benchmark\topk_filter_study\results\sensitivity_suite\scenarios\known_targets_g19_t50_n100.csv,03,42,15,0,43,0,1,0,0,0,0.0,0,0,243,86,157,701,0,53,57.8436,1.0913886792452832,0.944,2.1166,4.4326,27.3289,0.5156396226415094,0.4446,0.7405,4.0602,53,30.5147,0.5757490566037736,0.4449,1.1981,1.7886,completed
39,known_visit,ACBBA,ideal,1.0,19,361,4,50,multitarget_g19_r4_t50_acbba_topk005,C:\Users\lottj\Desktop\research\decentralized benchmark\topk_filter_study\results\sensitivity_suite\scenarios\known_targets_g19_t50_n100.csv,00,42,11,2,37,6,2,0,0,0,0.0,0,0,266,87,179,777,0,57,49.9165,0.8757280701754386,0.7787,1.496,3.6658,22.2637,0.39059122807017543,0.3349,0.5783,2.3617,57,27.6528,0.48513684210526314,0.4104,0.9528,1.3041,completed
39,known_visit,ACBBA,ideal,1.0,19,361,4,50,multitarget_g19_r4_t50_acbba_topk005,C:\Users\lottj\Desktop\research\decentralized benchmark\topk_filter_study\results\sensitivity_suite\scenarios\known_targets_g19_t50_n100.csv,01,36,12,0,37,0,1,0,0,0,0.0,0,0,242,78,164,801,0,79,68.9975,0.8733860759493671,0.7836,1.4212,1.8361,27.1146,0.3432227848101266,0.3092,0.5591,0.7229,79,41.8829,0.5301632911392405,0.3775,0.9933,1.1463,completed
39,known_visit,ACBBA,ideal,1.0,19,361,4,50,multitarget_g19_r4_t50_acbba_topk005,C:\Users\lottj\Desktop\research\decentralized benchmark\topk_filter_study\results\sensitivity_suite\scenarios\known_targets_g19_t50_n100.csv,02,45,14,1,44,2,0,1,1,0,0.0,0,0,265,92,173,779,0,53,45.4591,0.8577188679245283,0.7593,1.5107,1.7185,19.6629,0.37099811320754716,0.3253,0.6203,0.646,53,25.7962,0.4867207547169811,0.3825,0.9325,1.0725,completed
39,known_visit,ACBBA,ideal,1.0,19,361,4,50,multitarget_g19_r4_t50_acbba_topk005,C:\Users\lottj\Desktop\research\decentralized benchmark\topk_filter_study\results\sensitivity_suite\scenarios\known_targets_g19_t50_n100.csv,03,47,13,0,46,2,2,0,0,0,0.0,0,0,271,98,173,772,0,45,43.2616,0.9613688888888889,0.8531,1.4899,2.2924,17.7052,0.3934488888888889,0.4226,0.5932,0.6477,45,25.5564,0.56792,0.5209,0.9725,1.7312,completed
40,known_visit,ACBBA,ideal,1.0,19,361,4,50,multitarget_g19_r4_t50_acbba_topk005,C:\Users\lottj\Desktop\research\decentralized benchmark\topk_filter_study\results\sensitivity_suite\scenarios\known_targets_g19_t50_n100.csv,00,34,12,0,34,1,3,0,0,0,0.0,0,0,220,70,150,709,0,62,57.3086,0.9243322580645161,0.82965,1.4718,2.1672,26.0361,0.41993709677419355,0.35509999999999997,0.6653,1.0682,62,31.2725,0.5043951612903226,0.3941,0.9854,1.3849,completed
40,known_visit,ACBBA,ideal,1.0,19,361,4,50,multitarget_g19_r4_t50_acbba_topk005,C:\Users\lottj\Desktop\research\decentralized benchmark\topk_filter_study\results\sensitivity_suite\scenarios\known_targets_g19_t50_n100.csv,01,43,14,0,42,2,1,1,1,0,0.0,0,0,246,88,158,684,0,38,42.3245,1.1138026315789473,1.0603,1.6662,2.0516,17.8097,0.46867631578947366,0.4363,0.9747,1.1551,38,24.5148,0.6451263157894737,0.60385,1.0772,1.4367,completed
40,known_visit,ACBBA,ideal,1.0,19,361,4,50,multitarget_g19_r4_t50_acbba_topk005,C:\Users\lottj\Desktop\research\decentralized benchmark\topk_filter_study\results\sensitivity_suite\scenarios\known_targets_g19_t50_n100.csv,02,34,10,1,34,1,0,0,0,0,0.0,0,0,221,70,151,708,0,66,65.6756,0.9950848484848486,0.89125,1.4943,6.2158,33.0103,0.5001560606060607,0.36885,0.6493,5.8551,66,32.6653,0.4949287878787879,0.38480000000000003,0.9238,1.1102,completed
40,known_visit,ACBBA,ideal,1.0,19,361,4,50,multitarget_g19_r4_t50_acbba_topk005,C:\Users\lottj\Desktop\research\decentralized benchmark\topk_filter_study\results\sensitivity_suite\scenarios\known_targets_g19_t50_n100.csv,03,42,14,0,43,0,0,0,0,0,0.0,0,0,243,86,157,686,0,40,40.4958,1.0123950000000002,1.00885,1.5068,1.6985,17.1383,0.42845750000000005,0.41165,0.6148,1.0006,40,23.3575,0.5839375,0.58155,0.9325,0.9961,completed
41,known_visit,ACBBA,ideal,1.0,19,361,4,50,multitarget_g19_r4_t50_acbba_topk005,C:\Users\lottj\Desktop\research\decentralized benchmark\topk_filter_study\results\sensitivity_suite\scenarios\known_targets_g19_t50_n100.csv,00,50,19,0,51,0,3,0,0,0,0.0,0,0,310,102,208,890,0,57,52.6833,0.9242684210526316,0.9016,1.3812,1.5849,24.2244,0.42498947368421053,0.4416,0.7652,1.05,57,28.4589,0.49927894736842104,0.4454,0.865,1.0679,completed
41,known_visit,ACBBA,ideal,1.0,19,361,4,50,multitarget_g19_r4_t50_acbba_topk005,C:\Users\lottj\Desktop\research\decentralized benchmark\topk_filter_study\results\sensitivity_suite\scenarios\known_targets_g19_t50_n100.csv,01,49,17,1,49,1,3,0,0,0,0.0,0,0,307,104,203,893,0,64,60.6278,0.947309375,0.91155,1.4047,2.8994,27.6515,0.4320546875,0.426,0.6751,1.0804,64,32.9763,0.5152546875,0.4466,0.8772,1.876,completed
41,known_visit,ACBBA,ideal,1.0,19,361,4,50,multitarget_g19_r4_t50_acbba_topk005,C:\Users\lottj\Desktop\research\decentralized benchmark\topk_filter_study\results\sensitivity_suite\scenarios\known_targets_g19_t50_n100.csv,02,37,5,0,31,7,1,1,1,0,0.0,0,0,281,83,198,919,0,97,88.9909,0.9174319587628865,0.9205,1.4179,1.8659,37.7208,0.3888742268041237,0.3274,0.5975,1.5614,97,51.2701,0.5285577319587629,0.4803,0.8509,1.0862,completed
41,known_visit,ACBBA,ideal,1.0,19,361,4,50,multitarget_g19_r4_t50_acbba_topk005,C:\Users\lottj\Desktop\research\decentralized benchmark\topk_filter_study\results\sensitivity_suite\scenarios\known_targets_g19_t50_n100.csv,03,51,9,4,44,8,3,0,0,0,0.0,0,0,303,107,196,898,0,56,55.5354,0.9917035714285715,0.8862,1.5028,2.3919,24.7724,0.4423642857142857,0.41864999999999997,0.735,1.1684,56,30.762999999999998,0.5493392857142857,0.44875,0.9307,1.5915,completed
42,known_visit,ACBBA,ideal,1.0,19,361,4,50,multitarget_g19_r4_t50_acbba_topk005,C:\Users\lottj\Desktop\research\decentralized benchmark\topk_filter_study\results\sensitivity_suite\scenarios\known_targets_g19_t50_n100.csv,00,39,11,2,37,3,0,0,0,0,0.0,0,0,272,81,191,885,0,94,82.3978,0.876572340425532,0.71255,1.7008,2.1973,39.3903,0.4190457446808511,0.35035,0.8064,1.2991,94,43.0075,0.45752659574468085,0.34635,1.0038,1.3745,completed
42,known_visit,ACBBA,ideal,1.0,19,361,4,50,multitarget_g19_r4_t50_acbba_topk005,C:\Users\lottj\Desktop\research\decentralized benchmark\topk_filter_study\results\sensitivity_suite\scenarios\known_targets_g19_t50_n100.csv,01,54,14,4,49,6,4,0,0,0,0.0,0,0,299,111,188,859,0,46,50.0893,1.0888978260869566,1.1247500000000001,1.5016,2.1199,22.3837,0.4866021739130435,0.4979,0.7349,0.8767,46,27.7056,0.602295652173913,0.5065500000000001,0.9955,1.7281,completed
42,known_visit,ACBBA,ideal,1.0,19,361,4,50,multitarget_g19_r4_t50_acbba_topk005,C:\Users\lottj\Desktop\research\decentralized benchmark\topk_filter_study\results\sensitivity_suite\scenarios\known_targets_g19_t50_n100.csv,02,36,10,1,35,2,7,1,1,0,0.0,0,0,281,80,201,876,0,107,92.9828,0.8689981308411214,0.7253,1.5311,1.7578,44.094500000000004,0.4120981308411215,0.3531,0.6605,1.4381,107,48.8883,0.45690000000000003,0.3482,0.9907,1.2679,completed
42,known_visit,ACBBA,ideal,1.0,19,361,4,50,multitarget_g19_r4_t50_acbba_topk005,C:\Users\lottj\Desktop\research\decentralized benchmark\topk_filter_study\results\sensitivity_suite\scenarios\known_targets_g19_t50_n100.csv,03,50,15,4,45,6,6,0,0,0,0.0,0,0,306,102,204,851,0,62,57.0551,0.9202435483870969,0.8896999999999999,1.5263,1.8,26.6285,0.42949193548387093,0.39559999999999995,0.6425,1.0758,62,30.4266,0.49075161290322583,0.439,0.9162,1.1354,completed
43,known_visit,ACBBA,ideal,1.0,19,361,4,50,multitarget_g19_r4_t50_acbba_topk005,C:\Users\lottj\Desktop\research\decentralized benchmark\topk_filter_study\results\sensitivity_suite\scenarios\known_targets_g19_t50_n100.csv,00,34,14,0,34,1,4,0,0,0,0.0,0,0,221,71,150,673,0,44,40.4503,0.919325,0.8803,1.2834,1.6377,17.1003,0.38864318181818186,0.372,0.6301,0.7367,44,23.35,0.5306818181818183,0.51585,0.8498,1.0645,completed
43,known_visit,ACBBA,ideal,1.0,19,361,4,50,multitarget_g19_r4_t50_acbba_topk005,C:\Users\lottj\Desktop\research\decentralized benchmark\topk_filter_study\results\sensitivity_suite\scenarios\known_targets_g19_t50_n100.csv,01,36,12,0,37,0,1,0,0,0,0.0,0,0,222,75,147,672,0,39,36.661500000000004,0.9400384615384616,0.9155,1.3774,1.6306,15.1628,0.3887897435897436,0.4093,0.5967,0.6092,39,21.4987,0.5512487179487179,0.516,1.0339,1.0575,completed
43,known_visit,ACBBA,ideal,1.0,19,361,4,50,multitarget_g19_r4_t50_acbba_topk005,C:\Users\lottj\Desktop\research\decentralized benchmark\topk_filter_study\results\sensitivity_suite\scenarios\known_targets_g19_t50_n100.csv,02,38,9,0,39,0,2,0,0,0,0.0,0,0,220,77,143,675,0,34,33.3544,0.9810117647058822,0.9269000000000001,1.4671,1.9445,13.1953,0.3880970588235294,0.3701,0.5286,1.486,34,20.1591,0.592914705882353,0.5589999999999999,0.9885,0.9931,completed
43,known_visit,ACBBA,ideal,1.0,19,361,4,50,multitarget_g19_r4_t50_acbba_topk005,C:\Users\lottj\Desktop\research\decentralized benchmark\topk_filter_study\results\sensitivity_suite\scenarios\known_targets_g19_t50_n100.csv,03,37,15,0,38,0,1,0,0,0,0.0,0,0,232,76,156,662,0,38,36.3602,0.9568473684210526,1.0109,1.4616,1.5207,15.2287,0.4007552631578947,0.35785,0.8181,0.8366,38,21.1315,0.5560921052631579,0.5429999999999999,0.9827,1.0027,completed
44,known_visit,ACBBA,ideal,1.0,19,361,4,50,multitarget_g19_r4_t50_acbba_topk005,C:\Users\lottj\Desktop\research\decentralized benchmark\topk_filter_study\results\sensitivity_suite\scenarios\known_targets_g19_t50_n100.csv,00,40,14,0,41,0,0,0,0,0,0.0,0,0,246,81,165,732,0,32,36.1459,1.129559375,1.0061,2.116,2.2565,15.2445,0.476390625,0.45704999999999996,1.1176,1.1194,32,20.9014,0.65316875,0.5907,1.299,1.4867,completed
44,known_visit,ACBBA,ideal,1.0,19,361,4,50,multitarget_g19_r4_t50_acbba_topk005,C:\Users\lottj\Desktop\research\decentralized benchmark\topk_filter_study\results\sensitivity_suite\scenarios\known_targets_g19_t50_n100.csv,01,40,15,0,41,0,1,0,0,0,0.0,0,0,249,81,168,730,0,40,42.9088,1.07272,1.0582500000000001,1.4138,1.7563,18.1816,0.45454,0.426,0.6981,0.8237,40,24.7272,0.61818,0.6068,0.9248,1.1561,completed
44,known_visit,ACBBA,ideal,1.0,19,361,4,50,multitarget_g19_r4_t50_acbba_topk005,C:\Users\lottj\Desktop\research\decentralized benchmark\topk_filter_study\results\sensitivity_suite\scenarios\known_targets_g19_t50_n100.csv,02,38,10,0,39,0,0,0,0,0,0.0,0,0,247,79,168,731,0,34,37.5443,1.1042441176470588,1.07465,1.6477,1.7673,15.122300000000001,0.44477352941176473,0.4482,0.6966,0.6969,34,22.422,0.6594705882352941,0.6078,1.1673,1.3188,completed
44,known_visit,ACBBA,ideal,1.0,19,361,4,50,multitarget_g19_r4_t50_acbba_topk005,C:\Users\lottj\Desktop\research\decentralized benchmark\topk_filter_study\results\sensitivity_suite\scenarios\known_targets_g19_t50_n100.csv,03,37,11,0,38,0,2,0,0,0,0.0,0,0,237,77,160,741,0,43,46.066,1.0713023255813954,1.0186,1.5448,1.7174,20.1336,0.4682232558139535,0.4163,0.8146,1.0757,43,25.9324,0.6030790697674419,0.547,0.9613,1.1653,completed
45,known_visit,ACBBA,ideal,1.0,19,361,4,50,multitarget_g19_r4_t50_acbba_topk005,C:\Users\lottj\Desktop\research\decentralized benchmark\topk_filter_study\results\sensitivity_suite\scenarios\known_targets_g19_t50_n100.csv,00,49,16,1,45,5,1,0,0,0,0.0,0,0,295,100,195,817,0,75,65.6093,0.8747906666666667,0.7748,1.5842,1.7817,29.9076,0.39876799999999996,0.3504,0.6101,0.7219,75,35.7017,0.4760226666666667,0.3452,0.9969,1.1785,completed
45,known_visit,ACBBA,ideal,1.0,19,361,4,50,multitarget_g19_r4_t50_acbba_topk005,C:\Users\lottj\Desktop\research\decentralized benchmark\topk_filter_study\results\sensitivity_suite\scenarios\known_targets_g19_t50_n100.csv,01,38,14,0,37,2,3,0,0,0,0.0,0,0,259,82,177,853,0,110,98.6225,0.8965681818181819,0.82405,1.4557,1.9583,45.5151,0.41377363636363634,0.35895,0.6572,1.1664,110,53.1074,0.4827945454545454,0.37329999999999997,0.9133,1.2275,completed
45,known_visit,ACBBA,ideal,1.0,19,361,4,50,multitarget_g19_r4_t50_acbba_topk005,C:\Users\lottj\Desktop\research\decentralized benchmark\topk_filter_study\results\sensitivity_suite\scenarios\known_targets_g19_t50_n100.csv,02,44,6,1,43,2,4,1,1,0,0.0,0,0,271,94,177,841,0,93,91.3664,0.9824344086021505,0.9373,1.598,2.8118,34.9504,0.37581075268817205,0.3336,0.6078,0.8061,93,56.416,0.6066236559139785,0.6043,1.0318,2.4187,completed
45,known_visit,ACBBA,ideal,1.0,19,361,4,50,multitarget_g19_r4_t50_acbba_topk005,C:\Users\lottj\Desktop\research\decentralized benchmark\topk_filter_study\results\sensitivity_suite\scenarios\known_targets_g19_t50_n100.csv,03,52,14,4,48,5,2,0,0,0,0.0,0,0,288,106,182,825,0,65,60.231,0.9266307692307693,0.8285,1.4939,2.3181,27.5813,0.4243276923076923,0.3707,0.6649,1.1948,65,32.6497,0.502303076923077,0.4095,1.0033,1.9911,completed
46,known_visit,ACBBA,ideal,1.0,19,361,4,50,multitarget_g19_r4_t50_acbba_topk005,C:\Users\lottj\Desktop\research\decentralized benchmark\topk_filter_study\results\sensitivity_suite\scenarios\known_targets_g19_t50_n100.csv,00,48,15,1,48,1,0,0,0,0,0.0,0,0,279,97,182,786,0,38,39.9198,1.050521052631579,1.0207,1.5066,1.5269,16.2789,0.4283921052631579,0.40325,0.6618,0.7235,38,23.6409,0.6221289473684211,0.61175,0.9782,0.9798,completed
46,known_visit,ACBBA,ideal,1.0,19,361,4,50,multitarget_g19_r4_t50_acbba_topk005,C:\Users\lottj\Desktop\research\decentralized benchmark\topk_filter_study\results\sensitivity_suite\scenarios\known_targets_g19_t50_n100.csv,01,45,13,0,45,1,6,0,0,0,0.0,0,0,274,92,182,790,0,46,46.3459,1.0075195652173914,1.03,1.4432,2.3642,19.9517,0.43373260869565217,0.40905,0.6242,1.0934,46,26.3942,0.5737869565217392,0.5609999999999999,0.9714,1.2708,completed
46,known_visit,ACBBA,ideal,1.0,19,361,4,50,multitarget_g19_r4_t50_acbba_topk005,C:\Users\lottj\Desktop\research\decentralized benchmark\topk_filter_study\results\sensitivity_suite\scenarios\known_targets_g19_t50_n100.csv,02,37,12,0,38,0,3,0,0,0,0.0,0,0,264,77,187,800,0,72,64.6327,0.8976763888888889,0.7946,1.4776,2.5537,28.4413,0.3950180555555555,0.35855,0.6295,0.6856,72,36.1914,0.5026583333333333,0.38944999999999996,0.9565,1.9242,completed
46,known_visit,ACBBA,ideal,1.0,19,361,4,50,multitarget_g19_r4_t50_acbba_topk005,C:\Users\lottj\Desktop\research\decentralized benchmark\topk_filter_study\results\sensitivity_suite\scenarios\known_targets_g19_t50_n100.csv,03,34,10,2,31,4,3,0,0,0,0.0,0,0,248,72,176,816,0,78,69.13,0.8862820512820512,0.85145,1.4621,1.7338,30.0925,0.38580128205128206,0.35885,0.608,0.7181,78,39.0375,0.5004807692307692,0.45575,0.92,1.0569,completed
47,known_visit,ACBBA,ideal,1.0,19,361,4,50,multitarget_g19_r4_t50_acbba_topk005,C:\Users\lottj\Desktop\research\decentralized benchmark\topk_filter_study\results\sensitivity_suite\scenarios\known_targets_g19_t50_n100.csv,00,38,14,0,37,2,3,0,0,0,0.0,0,0,232,78,154,653,0,61,75.0579,1.2304573770491805,0.9045,1.6413,17.9395,26.9255,0.4414016393442623,0.3287,0.6271,3.6448,61,48.1324,0.789055737704918,0.397,1.0846,17.6084,completed
47,known_visit,ACBBA,ideal,1.0,19,361,4,50,multitarget_g19_r4_t50_acbba_topk005,C:\Users\lottj\Desktop\research\decentralized benchmark\topk_filter_study\results\sensitivity_suite\scenarios\known_targets_g19_t50_n100.csv,01,37,13,0,37,1,3,0,0,0,0.0,0,0,216,76,140,669,0,60,54.0712,0.9011866666666666,0.79145,1.6618,2.4802,23.8144,0.39690666666666663,0.3327,0.6467,1.3444,60,30.2568,0.50428,0.35895,1.0529,2.0823,completed
47,known_visit,ACBBA,ideal,1.0,19,361,4,50,multitarget_g19_r4_t50_acbba_topk005,C:\Users\lottj\Desktop\research\decentralized benchmark\topk_filter_study\results\sensitivity_suite\scenarios\known_targets_g19_t50_n100.csv,02,35,12,0,35,1,2,0,0,0,0.0,0,0,220,72,148,665,0,66,56.4998,0.8560575757575758,0.7316,1.5558,1.7448,25.8359,0.3914530303030303,0.33604999999999996,0.6116,1.3216,66,30.663899999999998,0.46460454545454544,0.3403,0.9549,1.0763,completed
47,known_visit,ACBBA,ideal,1.0,19,361,4,50,multitarget_g19_r4_t50_acbba_topk005,C:\Users\lottj\Desktop\research\decentralized benchmark\topk_filter_study\results\sensitivity_suite\scenarios\known_targets_g19_t50_n100.csv,03,38,11,0,36,3,2,0,0,0,0.0,0,0,218,79,139,668,0,59,58.282,0.9878305084745762,0.9127,1.4847,1.6563,23.0152,0.39008813559322036,0.3729,0.5889,0.6943,59,35.266799999999996,0.5977423728813559,0.5605,1.0674,1.148,completed
48,known_visit,ACBBA,ideal,1.0,19,361,4,50,multitarget_g19_r4_t50_acbba_topk005,C:\Users\lottj\Desktop\research\decentralized benchmark\topk_filter_study\results\sensitivity_suite\scenarios\known_targets_g19_t50_n100.csv,00,34,15,0,34,1,2,0,0,0,0.0,0,0,236,70,166,682,0,40,36.993,0.924825,0.8991,1.4493,1.5668,16.3411,0.40852750000000004,0.37705,0.6043,0.6721,40,20.6519,0.5162975000000001,0.47035,0.8389,0.976,completed
48,known_visit,ACBBA,ideal,1.0,19,361,4,50,multitarget_g19_r4_t50_acbba_topk005,C:\Users\lottj\Desktop\research\decentralized benchmark\topk_filter_study\results\sensitivity_suite\scenarios\known_targets_g19_t50_n100.csv,01,38,13,0,39,0,1,0,0,0,0.0,0,0,236,77,159,683,0,34,34.5552,1.016329411764706,0.9823999999999999,1.3934,2.0887,13.9647,0.4107264705882353,0.3871,0.6753,0.7264,34,20.5905,0.6056029411764705,0.59645,0.9282,1.4134,completed
48,known_visit,ACBBA,ideal,1.0,19,361,4,50,multitarget_g19_r4_t50_acbba_topk005,C:\Users\lottj\Desktop\research\decentralized benchmark\topk_filter_study\results\sensitivity_suite\scenarios\known_targets_g19_t50_n100.csv,02,30,10,0,31,0,3,2,2,0,0.0,0,0,218,65,153,700,0,52,46.2633,0.8896788461538462,0.8826,1.3231,1.4363,19.4729,0.37447884615384613,0.35345000000000004,0.539,0.5875,52,26.790399999999998,0.5152,0.47414999999999996,0.8487,0.95,completed
48,known_visit,ACBBA,ideal,1.0,19,361,4,50,multitarget_g19_r4_t50_acbba_topk005,C:\Users\lottj\Desktop\research\decentralized benchmark\topk_filter_study\results\sensitivity_suite\scenarios\known_targets_g19_t50_n100.csv,03,34,12,0,34,1,4,0,0,0,0.0,0,0,229,70,159,689,0,41,36.2592,0.8843707317073171,0.8764,1.347,1.4286,14.4629,0.35275365853658536,0.3218,0.5732,0.756,41,21.7963,0.5316170731707317,0.5389,0.8239,0.9017,completed
49,known_visit,ACBBA,ideal,1.0,19,361,4,50,multitarget_g19_r4_t50_acbba_topk005,C:\Users\lottj\Desktop\research\decentralized benchmark\topk_filter_study\results\sensitivity_suite\scenarios\known_targets_g19_t50_n100.csv,00,36,15,1,36,1,1,0,0,0,0.0,0,0,234,74,160,698,0,65,55.2849,0.8505369230769231,0.6808,1.4948,1.7856,25.8686,0.39797846153846156,0.3334,0.6675,0.8271,65,29.4163,0.4525584615384615,0.3281,0.948,1.092,completed
49,known_visit,ACBBA,ideal,1.0,19,361,4,50,multitarget_g19_r4_t50_acbba_topk005,C:\Users\lottj\Desktop\research\decentralized benchmark\topk_filter_study\results\sensitivity_suite\scenarios\known_targets_g19_t50_n100.csv,01,32,12,0,33,0,3,0,0,0,0.0,0,0,224,67,157,708,0,81,65.316,0.8063703703703704,0.692,1.3642,1.6822,30.4954,0.37648641975308644,0.3495,0.5886,0.6561,81,34.8206,0.42988395061728396,0.3263,0.8669,1.0261,completed
49,known_visit,ACBBA,ideal,1.0,19,361,4,50,multitarget_g19_r4_t50_acbba_topk005,C:\Users\lottj\Desktop\research\decentralized benchmark\topk_filter_study\results\sensitivity_suite\scenarios\known_targets_g19_t50_n100.csv,02,32,9,0,31,2,1,0,0,0,0.0,0,0,218,67,151,714,0,84,67.6704,0.8056,0.7047,1.3642,1.6859,30.9272,0.3681809523809524,0.32689999999999997,0.6222,0.709,84,36.7432,0.43741904761904765,0.3264,0.8765,1.0988,completed
49,known_visit,ACBBA,ideal,1.0,19,361,4,50,multitarget_g19_r4_t50_acbba_topk005,C:\Users\lottj\Desktop\research\decentralized benchmark\topk_filter_study\results\sensitivity_suite\scenarios\known_targets_g19_t50_n100.csv,03,48,14,1,47,2,0,0,0,0,0.0,0,0,257,97,160,676,0,36,37.2406,1.034461111111111,1.0053999999999998,1.5391,1.5932,14.6858,0.4079388888888889,0.38815,0.6649,0.7601,36,22.5548,0.6265222222222222,0.6063000000000001,0.9822,1.0221,completed
50,known_visit,ACBBA,ideal,1.0,19,361,4,50,multitarget_g19_r4_t50_acbba_topk005,C:\Users\lottj\Desktop\research\decentralized benchmark\topk_filter_study\results\sensitivity_suite\scenarios\known_targets_g19_t50_n100.csv,00,44,15,0,44,1,2,0,0,0,0.0,0,0,260,91,169,780,0,52,47.6107,0.9155903846153847,0.8415999999999999,1.614,2.1616,19.7905,0.3805865384615385,0.31025,0.6483,0.733,52,27.8202,0.5350038461538461,0.3946,1.1376,1.6242,completed
50,known_visit,ACBBA,ideal,1.0,19,361,4,50,multitarget_g19_r4_t50_acbba_topk005,C:\Users\lottj\Desktop\research\decentralized benchmark\topk_filter_study\results\sensitivity_suite\scenarios\known_targets_g19_t50_n100.csv,01,47,11,3,43,5,3,0,0,0,0.0,0,0,269,96,173,771,0,49,48.1862,0.9833918367346939,0.9393,1.7213,1.8912,20.1223,0.4106591836734694,0.3848,0.6247,0.8213,49,28.0639,0.5727326530612245,0.5006,1.1734,1.5461,completed
50,known_visit,ACBBA,ideal,1.0,19,361,4,50,multitarget_g19_r4_t50_acbba_topk005,C:\Users\lottj\Desktop\research\decentralized benchmark\topk_filter_study\results\sensitivity_suite\scenarios\known_targets_g19_t50_n100.csv,02,48,13,1,45,4,3,0,0,0,0.0,0,0,265,99,166,776,0,46,46.9801,1.0213065217391304,0.93895,1.5583,1.8889,20.1114,0.43720434782608697,0.4192,0.6467,0.7574,46,26.8687,0.5841021739130435,0.4958,1.0346,1.1315,completed
50,known_visit,ACBBA,ideal,1.0,19,361,4,50,multitarget_g19_r4_t50_acbba_topk005,C:\Users\lottj\Desktop\research\decentralized benchmark\topk_filter_study\results\sensitivity_suite\scenarios\known_targets_g19_t50_n100.csv,03,37,11,0,34,4,1,0,0,0,0.0,0,0,247,80,167,793,0,80,66.0761,0.8259512499999999,0.7362500000000001,1.4089,1.7287,29.6757,0.37094625,0.33804999999999996,0.5356,0.6741,80,36.4004,0.455005,0.3557,0.966,1.2523,completed
51,known_visit,ACBBA,ideal,1.0,19,361,4,50,multitarget_g19_r4_t50_acbba_topk005,C:\Users\lottj\Desktop\research\decentralized benchmark\topk_filter_study\results\sensitivity_suite\scenarios\known_targets_g19_t50_n100.csv,00,45,16,0,46,0,2,0,0,0,0.0,0,0,261,92,169,737,0,38,40.0653,1.0543500000000001,0.98255,1.5148,1.7022,16.3289,0.4297078947368421,0.45640000000000003,0.6449,0.672,38,23.7364,0.6246421052631579,0.5982000000000001,1.0302,1.1068,completed
51,known_visit,ACBBA,ideal,1.0,19,361,4,50,multitarget_g19_r4_t50_acbba_topk005,C:\Users\lottj\Desktop\research\decentralized benchmark\topk_filter_study\results\sensitivity_suite\scenarios\known_targets_g19_t50_n100.csv,01,37,5,2,35,3,1,1,1,0,0.0,0,0,244,79,165,754,0,58,58.8195,1.0141293103448275,0.93645,1.5932,2.0137,23.4771,0.4047775862068966,0.37665,0.6526,0.9226,58,35.3424,0.609351724137931,0.5533,1.1973,1.5625,completed
51,known_visit,ACBBA,ideal,1.0,19,361,4,50,multitarget_g19_r4_t50_acbba_topk005,C:\Users\lottj\Desktop\research\decentralized benchmark\topk_filter_study\results\sensitivity_suite\scenarios\known_targets_g19_t50_n100.csv,02,39,12,2,37,3,3,0,0,0,0.0,0,0,240,82,158,759,0,58,60.7234,1.046955172413793,1.0179,1.5366,1.6052,23.1833,0.39971206896551725,0.38975000000000004,0.5968,0.6097,58,37.5401,0.647243103448276,0.6136,0.9736,1.2722,completed
51,known_visit,ACBBA,ideal,1.0,19,361,4,50,multitarget_g19_r4_t50_acbba_topk005,C:\Users\lottj\Desktop\research\decentralized benchmark\topk_filter_study\results\sensitivity_suite\scenarios\known_targets_g19_t50_n100.csv,03,44,17,0,45,0,3,1,1,0,0.0,0,0,254,89,165,744,0,32,33.7791,1.055596875,1.0574,1.4717,1.5039,14.6164,0.4567625,0.4541,0.6781,0.7077,32,19.1627,0.598834375,0.5720000000000001,0.922,1.2643,completed
52,known_visit,ACBBA,ideal,1.0,19,361,4,50,multitarget_g19_r4_t50_acbba_topk005,C:\Users\lottj\Desktop\research\decentralized benchmark\topk_filter_study\results\sensitivity_suite\scenarios\known_targets_g19_t50_n100.csv,00,46,13,0,46,1,3,0,0,0,0.0,0,0,244,94,150,689,0,46,48.9064,1.0631826086956522,1.0519,1.6223,2.0552,20.2092,0.4393304347826087,0.43715000000000004,0.7145,0.8327,46,28.6972,0.6238521739130435,0.60275,1.1092,1.3407,completed
52,known_visit,ACBBA,ideal,1.0,19,361,4,50,multitarget_g19_r4_t50_acbba_topk005,C:\Users\lottj\Desktop\research\decentralized benchmark\topk_filter_study\results\sensitivity_suite\scenarios\known_targets_g19_t50_n100.csv,01,34,13,2,28,7,2,0,0,0,0.0,0,0,225,73,152,708,0,85,78.6803,0.9256505882352941,0.87,1.3583,2.3319,32.0754,0.3773576470588236,0.3396,0.5851,1.3592,85,46.6049,0.5482929411764706,0.4107,0.9962,1.116,completed
52,known_visit,ACBBA,ideal,1.0,19,361,4,50,multitarget_g19_r4_t50_acbba_topk005,C:\Users\lottj\Desktop\research\decentralized benchmark\topk_filter_study\results\sensitivity_suite\scenarios\known_targets_g19_t50_n100.csv,02,30,8,1,27,4,2,0,0,0,0.0,0,0,205,63,142,728,0,98,89.8816,0.9171591836734695,0.90115,1.431,2.4855,33.9772,0.34670612244897964,0.31779999999999997,0.5706,0.7374,98,55.9044,0.5704530612244898,0.59395,1.0273,1.7481,completed
52,known_visit,ACBBA,ideal,1.0,19,361,4,50,multitarget_g19_r4_t50_acbba_topk005,C:\Users\lottj\Desktop\research\decentralized benchmark\topk_filter_study\results\sensitivity_suite\scenarios\known_targets_g19_t50_n100.csv,03,50,16,1,49,2,2,0,0,0,0.0,0,0,260,101,159,674,0,35,37.7237,1.07782,1.001,1.7667,1.8408,15.5244,0.44355428571428573,0.4212,0.7087,1.1563,35,22.1993,0.6342657142857143,0.6236,0.9803,1.058,completed
53,known_visit,ACBBA,ideal,1.0,19,361,4,50,multitarget_g19_r4_t50_acbba_topk005,C:\Users\lottj\Desktop\research\decentralized benchmark\topk_filter_study\results\sensitivity_suite\scenarios\known_targets_g19_t50_n100.csv,00,42,13,1,40,3,1,0,0,0,0.0,0,0,245,86,159,730,0,72,63.523,0.882263888888889,0.70885,1.472,2.199,28.6654,0.3981305555555556,0.34904999999999997,0.6659,0.8748,72,34.8576,0.4841333333333333,0.34575,0.9457,1.5648,completed
53,known_visit,ACBBA,ideal,1.0,19,361,4,50,multitarget_g19_r4_t50_acbba_topk005,C:\Users\lottj\Desktop\research\decentralized benchmark\topk_filter_study\results\sensitivity_suite\scenarios\known_targets_g19_t50_n100.csv,01,50,19,2,48,3,3,0,0,0,0.0,0,0,267,102,165,709,0,43,46.3111,1.0770023255813954,0.9727,1.5732,2.576,20.4925,0.47656976744186047,0.4237,0.6704,1.462,43,25.8186,0.6004325581395349,0.53,1.114,1.3962,completed
53,known_visit,ACBBA,ideal,1.0,19,361,4,50,multitarget_g19_r4_t50_acbba_topk005,C:\Users\lottj\Desktop\research\decentralized benchmark\topk_filter_study\results\sensitivity_suite\scenarios\known_targets_g19_t50_n100.csv,02,45,14,0,44,2,3,0,0,0,0.0,0,0,257,93,164,718,0,56,53.1375,0.9488839285714287,0.82125,1.7884,2.3965,23.4454,0.41866785714285715,0.37,0.6734,1.3196,56,29.6921,0.5302160714285714,0.4101,1.0769,1.43,completed
53,known_visit,ACBBA,ideal,1.0,19,361,4,50,multitarget_g19_r4_t50_acbba_topk005,C:\Users\lottj\Desktop\research\decentralized benchmark\topk_filter_study\results\sensitivity_suite\scenarios\known_targets_g19_t50_n100.csv,03,26,4,3,21,6,7,1,1,0,0.0,0,0,207,59,148,768,0,114,103.6468,0.9091824561403509,0.8505499999999999,1.5436,3.1549,42.4082,0.37200175438596494,0.3392,0.5179,0.9136,114,61.2386,0.5371807017543859,0.4522,0.9876,2.6838,completed
54,known_visit,ACBBA,ideal,1.0,19,361,4,50,multitarget_g19_r4_t50_acbba_topk005,C:\Users\lottj\Desktop\research\decentralized benchmark\topk_filter_study\results\sensitivity_suite\scenarios\known_targets_g19_t50_n100.csv,00,55,14,0,52,4,2,0,0,0,0.0,0,0,283,113,170,733,0,44,42.2893,0.9611204545454545,0.8948,1.3797,1.7503,18.382,0.4177727272727273,0.41735,0.6239,0.7452,44,23.9073,0.5433477272727273,0.52515,0.8638,1.0253,completed
54,known_visit,ACBBA,ideal,1.0,19,361,4,50,multitarget_g19_r4_t50_acbba_topk005,C:\Users\lottj\Desktop\research\decentralized benchmark\topk_filter_study\results\sensitivity_suite\scenarios\known_targets_g19_t50_n100.csv,01,45,15,0,45,1,2,0,0,0,0.0,0,0,255,93,162,760,0,78,76.3234,0.9785051282051282,0.7988500000000001,1.4449,6.3832,34.2493,0.4390935897435897,0.37065000000000003,0.6232,4.6353,78,42.0741,0.5394115384615384,0.3716,0.9958,5.7606,completed
54,known_visit,ACBBA,ideal,1.0,19,361,4,50,multitarget_g19_r4_t50_acbba_topk005,C:\Users\lottj\Desktop\research\decentralized benchmark\topk_filter_study\results\sensitivity_suite\scenarios\known_targets_g19_t50_n100.csv,02,30,8,1,23,8,3,0,0,0,0.0,0,0,219,66,153,796,0,123,101.1003,0.8219536585365854,0.7943,1.1717,1.5482,43.2656,0.35175284552845526,0.3378,0.5119,0.9425,123,57.8347,0.47020081300813005,0.4112,0.819,1.0381,completed
54,known_visit,ACBBA,ideal,1.0,19,361,4,50,multitarget_g19_r4_t50_acbba_topk005,C:\Users\lottj\Desktop\research\decentralized benchmark\topk_filter_study\results\sensitivity_suite\scenarios\known_targets_g19_t50_n100.csv,03,44,13,2,42,3,2,0,0,0,0.0,0,0,259,92,167,756,0,80,66.9595,0.8369937500000001,0.77535,1.3676,1.8921,30.2494,0.3781175,0.33899999999999997,0.6727,0.9432,80,36.7101,0.45887625,0.37060000000000004,0.8607,1.009,completed
55,known_visit,ACBBA,ideal,1.0,19,361,4,50,multitarget_g19_r4_t50_acbba_topk005,C:\Users\lottj\Desktop\research\decentralized benchmark\topk_filter_study\results\sensitivity_suite\scenarios\known_targets_g19_t50_n100.csv,00,48,14,0,49,0,6,1,1,0,0.0,0,0,277,99,178,782,0,55,54.3663,0.9884781818181818,0.9433,1.6014,2.605,23.2229,0.4222345454545454,0.4002,0.752,0.8222,55,31.1434,0.5662436363636364,0.4597,1.0433,1.7828,completed
55,known_visit,ACBBA,ideal,1.0,19,361,4,50,multitarget_g19_r4_t50_acbba_topk005,C:\Users\lottj\Desktop\research\decentralized benchmark\topk_filter_study\results\sensitivity_suite\scenarios\known_targets_g19_t50_n100.csv,01,38,11,0,37,2,2,0,0,0,0.0,0,0,254,79,175,805,0,79,70.2148,0.8887949367088607,0.856,1.4167,1.6343,30.4753,0.3857632911392405,0.3573,0.6236,0.9269,79,39.7395,0.5030316455696202,0.4319,0.9218,1.1858,completed
55,known_visit,ACBBA,ideal,1.0,19,361,4,50,multitarget_g19_r4_t50_acbba_topk005,C:\Users\lottj\Desktop\research\decentralized benchmark\topk_filter_study\results\sensitivity_suite\scenarios\known_targets_g19_t50_n100.csv,02,35,13,0,36,0,2,1,1,0,0.0,0,0,257,73,184,802,0,87,88.3307,1.0152954022988505,0.7417,1.776,10.3372,47.193,0.5424482758620689,0.3692,0.801,9.7658,87,41.1377,0.4728471264367816,0.3446,0.9932,1.253,completed
55,known_visit,ACBBA,ideal,1.0,19,361,4,50,multitarget_g19_r4_t50_acbba_topk005,C:\Users\lottj\Desktop\research\decentralized benchmark\topk_filter_study\results\sensitivity_suite\scenarios\known_targets_g19_t50_n100.csv,03,41,12,3,35,7,0,0,0,0,0.0,0,0,272,86,186,788,0,75,69.0259,0.9203453333333332,0.8462,1.4907,1.5741,30.3768,0.405024,0.381,0.6396,0.6619,75,38.6491,0.5153213333333333,0.4387,0.9283,1.0878,completed
56,known_visit,ACBBA,ideal,1.0,19,361,4,50,multitarget_g19_r4_t50_acbba_topk005,C:\Users\lottj\Desktop\research\decentralized benchmark\topk_filter_study\results\sensitivity_suite\scenarios\known_targets_g19_t50_n100.csv,00,44,13,0,44,1,1,0,0,0,0.0,0,0,247,90,157,706,0,38,40.6827,1.0705973684210526,1.0038,1.6499,1.6985,16.4247,0.4322289473684211,0.43855,0.6563,0.8721,38,24.258,0.6383684210526316,0.58525,1.0487,1.1839,completed
56,known_visit,ACBBA,ideal,1.0,19,361,4,50,multitarget_g19_r4_t50_acbba_topk005,C:\Users\lottj\Desktop\research\decentralized benchmark\topk_filter_study\results\sensitivity_suite\scenarios\known_targets_g19_t50_n100.csv,01,24,6,1,22,3,0,0,0,0,0.0,0,0,207,52,155,745,0,91,79.9859,0.878965934065934,0.8371,1.3887,1.57,36.7944,0.40433406593406596,0.3884,0.5862,0.7167,91,43.1915,0.4746318681318681,0.426,0.9813,1.1774,completed
56,known_visit,ACBBA,ideal,1.0,19,361,4,50,multitarget_g19_r4_t50_acbba_topk005,C:\Users\lottj\Desktop\research\decentralized benchmark\topk_filter_study\results\sensitivity_suite\scenarios\known_targets_g19_t50_n100.csv,02,38,15,0,39,0,1,0,0,0,0.0,0,0,241,78,163,711,0,59,62.7868,1.0641830508474577,0.9382,1.5067,7.0048,25.4555,0.43144915254237287,0.389,0.6285,0.7519,59,37.3313,0.6327338983050848,0.4625,1.0424,6.658,completed
56,known_visit,ACBBA,ideal,1.0,19,361,4,50,multitarget_g19_r4_t50_acbba_topk005,C:\Users\lottj\Desktop\research\decentralized benchmark\topk_filter_study\results\sensitivity_suite\scenarios\known_targets_g19_t50_n100.csv,03,42,16,1,41,2,0,0,0,0,0.0,0,0,258,86,172,694,0,42,46.0056,1.0953714285714287,1.03055,1.7312,1.7881,19.7541,0.4703357142857143,0.44410000000000005,0.7241,1.1134,42,26.2515,0.6250357142857143,0.5405,1.143,1.1554,completed
57,known_visit,ACBBA,ideal,1.0,19,361,4,50,multitarget_g19_r4_t50_acbba_topk005,C:\Users\lottj\Desktop\research\decentralized benchmark\topk_filter_study\results\sensitivity_suite\scenarios\known_targets_g19_t50_n100.csv,00,35,12,0,35,1,1,0,0,0,0.0,0,0,228,75,153,684,0,44,41.4684,0.9424636363636364,0.8545,1.4387,1.4583,17.2231,0.39143409090909087,0.3696,0.5961,0.6334,44,24.2453,0.5510295454545454,0.48815,0.904,1.24,completed
57,known_visit,ACBBA,ideal,1.0,19,361,4,50,multitarget_g19_r4_t50_acbba_topk005,C:\Users\lottj\Desktop\research\decentralized benchmark\topk_filter_study\results\sensitivity_suite\scenarios\known_targets_g19_t50_n100.csv,01,32,10,0,33,0,6,0,0,0,0.0,0,0,219,68,151,693,0,53,54.4955,1.0282169811320754,1.0568,1.4773,1.5763,21.319,0.4022452830188679,0.3957,0.5975,0.7496,53,33.1765,0.6259716981132075,0.6438,0.9615,1.2504,completed
57,known_visit,ACBBA,ideal,1.0,19,361,4,50,multitarget_g19_r4_t50_acbba_topk005,C:\Users\lottj\Desktop\research\decentralized benchmark\topk_filter_study\results\sensitivity_suite\scenarios\known_targets_g19_t50_n100.csv,02,38,12,0,39,0,2,0,0,0,0.0,0,0,232,78,154,681,0,37,39.3715,1.0640945945945945,0.9959,1.7437,1.9224,17.7351,0.479327027027027,0.4462,0.8342,1.4751,37,21.6364,0.5847675675675675,0.5272,0.9337,1.1161,completed
57,known_visit,ACBBA,ideal,1.0,19,361,4,50,multitarget_g19_r4_t50_acbba_topk005,C:\Users\lottj\Desktop\research\decentralized benchmark\topk_filter_study\results\sensitivity_suite\scenarios\known_targets_g19_t50_n100.csv,03,37,16,0,36,2,2,0,0,0,0.0,0,0,234,76,158,678,0,40,40.751,1.018775,0.97695,1.5243,1.6773,16.9257,0.4231425,0.4016,0.7598,0.9089,40,23.8253,0.5956325,0.5909,0.9815,1.0019,completed
58,known_visit,ACBBA,ideal,1.0,19,361,4,50,multitarget_g19_r4_t50_acbba_topk005,C:\Users\lottj\Desktop\research\decentralized benchmark\topk_filter_study\results\sensitivity_suite\scenarios\known_targets_g19_t50_n100.csv,00,40,12,0,39,2,3,0,0,0,0.0,0,0,238,82,156,678,0,41,42.7938,1.043751219512195,0.9647,1.6701,1.7012,16.6742,0.40668780487804873,0.3707,0.6316,0.9514,41,26.1196,0.6370634146341463,0.6107,1.0882,1.4443,completed
58,known_visit,ACBBA,ideal,1.0,19,361,4,50,multitarget_g19_r4_t50_acbba_topk005,C:\Users\lottj\Desktop\research\decentralized benchmark\topk_filter_study\results\sensitivity_suite\scenarios\known_targets_g19_t50_n100.csv,01,30,11,0,30,1,4,0,0,0,0.0,0,0,214,63,151,701,0,60,52.0982,0.8683033333333333,0.8397,1.348,1.5827,22.9106,0.3818433333333333,0.32120000000000004,0.6435,0.7005,60,29.1876,0.48646,0.35805,0.9821,1.1133,completed
58,known_visit,ACBBA,ideal,1.0,19,361,4,50,multitarget_g19_r4_t50_acbba_topk005,C:\Users\lottj\Desktop\research\decentralized benchmark\topk_filter_study\results\sensitivity_suite\scenarios\known_targets_g19_t50_n100.csv,02,40,13,0,39,2,3,0,0,0,0.0,0,0,236,81,155,679,0,37,38.981,1.0535405405405407,0.991,1.5838,2.2794,15.5536,0.42036756756756755,0.4296,0.5866,0.7645,37,23.4274,0.6331729729729729,0.5761,1.2193,1.5149,completed
58,known_visit,ACBBA,ideal,1.0,19,361,4,50,multitarget_g19_r4_t50_acbba_topk005,C:\Users\lottj\Desktop\research\decentralized benchmark\topk_filter_study\results\sensitivity_suite\scenarios\known_targets_g19_t50_n100.csv,03,30,14,0,31,0,1,0,0,0,0.0,0,0,228,64,164,687,0,62,52.7459,0.8507403225806451,0.70355,1.3226,1.842,23.8388,0.3844967741935484,0.32575,0.6578,0.8588,62,28.9071,0.46624354838709675,0.33740000000000003,0.9696,1.1346,completed
59,known_visit,ACBBA,ideal,1.0,19,361,4,50,multitarget_g19_r4_t50_acbba_topk005,C:\Users\lottj\Desktop\research\decentralized benchmark\topk_filter_study\results\sensitivity_suite\scenarios\known_targets_g19_t50_n100.csv,00,51,12,1,46,6,5,2,2,0,0.0,0,0,299,107,192,894,0,51,51.3727,1.0073078431372549,0.8598,1.6874,1.7022,21.7923,0.4273,0.3698,0.6554,0.9392,51,29.5804,0.580007843137255,0.4743,1.0664,1.0801,completed
59,known_visit,ACBBA,ideal,1.0,19,361,4,50,multitarget_g19_r4_t50_acbba_topk005,C:\Users\lottj\Desktop\research\decentralized benchmark\topk_filter_study\results\sensitivity_suite\scenarios\known_targets_g19_t50_n100.csv,01,49,12,1,43,7,7,0,0,0,0.0,0,0,302,102,200,891,0,59,60.6395,1.0277881355932204,0.8579,1.6099,5.1708,27.9036,0.47294237288135593,0.4029,0.9139,2.1115,59,32.7359,0.5548457627118645,0.3711,1.1123,3.0593,completed
59,known_visit,ACBBA,ideal,1.0,19,361,4,50,multitarget_g19_r4_t50_acbba_topk005,C:\Users\lottj\Desktop\research\decentralized benchmark\topk_filter_study\results\sensitivity_suite\scenarios\known_targets_g19_t50_n100.csv,02,44,12,1,40,5,1,0,0,0,0.0,0,0,288,94,194,906,0,78,76.8967,0.9858551282051281,0.79635,1.6669,6.2967,35.652,0.4570769230769231,0.37315,0.6623,4.3541,78,41.2447,0.5287782051282052,0.39505,1.1919,1.9426,completed
59,known_visit,ACBBA,ideal,1.0,19,361,4,50,multitarget_g19_r4_t50_acbba_topk005,C:\Users\lottj\Desktop\research\decentralized benchmark\topk_filter_study\results\sensitivity_suite\scenarios\known_targets_g19_t50_n100.csv,03,50,14,0,51,0,1,0,0,0,0.0,0,0,305,103,202,888,0,56,51.516799999999996,0.9199428571428571,0.80495,1.4418,1.505,22.3619,0.39931964285714283,0.3877,0.6336,0.7537,56,29.1549,0.5206232142857143,0.3701,0.9834,1.1333,completed
60,known_visit,ACBBA,ideal,1.0,19,361,4,50,multitarget_g19_r4_t50_acbba_topk005,C:\Users\lottj\Desktop\research\decentralized benchmark\topk_filter_study\results\sensitivity_suite\scenarios\known_targets_g19_t50_n100.csv,00,42,18,0,43,0,0,0,0,0,0.0,0,0,272,86,186,790,0,42,42.954299999999996,1.0227214285714286,0.9521999999999999,1.5653,1.6983,18.0323,0.42934047619047616,0.38385,0.6416,0.9904,42,24.922,0.5933809523809523,0.5773999999999999,1.0177,1.0634,completed
60,known_visit,ACBBA,ideal,1.0,19,361,4,50,multitarget_g19_r4_t50_acbba_topk005,C:\Users\lottj\Desktop\research\decentralized benchmark\topk_filter_study\results\sensitivity_suite\scenarios\known_targets_g19_t50_n100.csv,01,40,9,2,33,8,1,0,0,0,0.0,0,0,262,82,180,799,0,46,44.4327,0.9659282608695652,0.9148499999999999,1.5551,2.1963,18.9214,0.4113347826086956,0.3781,0.578,1.1613,46,25.5113,0.5545934782608696,0.4608,0.988,1.035,completed
60,known_visit,ACBBA,ideal,1.0,19,361,4,50,multitarget_g19_r4_t50_acbba_topk005,C:\Users\lottj\Desktop\research\decentralized benchmark\topk_filter_study\results\sensitivity_suite\scenarios\known_targets_g19_t50_n100.csv,02,44,14,0,45,0,2,0,0,0,0.0,0,0,263,90,173,798,0,34,36.0914,1.0615117647058823,0.98755,1.5373,1.727,15.0981,0.4440617647058824,0.46235,0.618,0.8863,34,20.9933,0.61745,0.6051,0.9793,1.109,completed
60,known_visit,ACBBA,ideal,1.0,19,361,4,50,multitarget_g19_r4_t50_acbba_topk005,C:\Users\lottj\Desktop\research\decentralized benchmark\topk_filter_study\results\sensitivity_suite\scenarios\known_targets_g19_t50_n100.csv,03,40,9,1,38,3,6,0,0,0,0.0,0,0,265,82,183,796,0,50,49.5873,0.991746,0.91945,1.5308,2.3359,22.0078,0.440156,0.42015,0.6045,1.1017,50,27.5795,0.55159,0.46194999999999997,0.99,1.2342,completed
61,known_visit,ACBBA,ideal,1.0,19,361,4,50,multitarget_g19_r4_t50_acbba_topk005,C:\Users\lottj\Desktop\research\decentralized benchmark\topk_filter_study\results\sensitivity_suite\scenarios\known_targets_g19_t50_n100.csv,00,41,11,0,40,2,0,0,0,0,0.0,0,0,226,83,143,635,0,30,33.4209,1.11403,1.0060499999999999,1.8627,2.2577,13.1348,0.4378266666666667,0.4067,0.7632,0.7681,30,20.2861,0.6762033333333334,0.65735,1.0991,1.7901,completed
61,known_visit,ACBBA,ideal,1.0,19,361,4,50,multitarget_g19_r4_t50_acbba_topk005,C:\Users\lottj\Desktop\research\decentralized benchmark\topk_filter_study\results\sensitivity_suite\scenarios\known_targets_g19_t50_n100.csv,01,36,14,0,36,1,0,0,0,0,0.0,0,0,221,75,146,639,0,50,43.9391,0.8787820000000001,0.80175,1.4793,1.5683,19.2387,0.384774,0.33885,0.6,0.7183,50,24.7004,0.49400799999999995,0.42090000000000005,0.9125,0.9752,completed
61,known_visit,ACBBA,ideal,1.0,19,361,4,50,multitarget_g19_r4_t50_acbba_topk005,C:\Users\lottj\Desktop\research\decentralized benchmark\topk_filter_study\results\sensitivity_suite\scenarios\known_targets_g19_t50_n100.csv,02,32,12,0,33,0,1,0,0,0,0.0,0,0,208,68,140,652,0,64,55.4094,0.865771875,0.74075,1.7184,2.057,24.2986,0.379665625,0.32489999999999997,0.6311,0.9848,64,31.1108,0.48610625,0.34165,1.0121,1.0873,completed
61,known_visit,ACBBA,ideal,1.0,19,361,4,50,multitarget_g19_r4_t50_acbba_topk005,C:\Users\lottj\Desktop\research\decentralized benchmark\topk_filter_study\results\sensitivity_suite\scenarios\known_targets_g19_t50_n100.csv,03,31,13,0,32,0,2,0,0,0,0.0,0,0,206,64,142,654,0,65,54.9499,0.8453830769230769,0.7163,1.3257,2.0071,24.2836,0.37359384615384617,0.3334,0.6232,0.8232,65,30.6663,0.47178923076923074,0.3429,0.9564,1.1839,completed
62,known_visit,ACBBA,ideal,1.0,19,361,4,50,multitarget_g19_r4_t50_acbba_topk005,C:\Users\lottj\Desktop\research\decentralized benchmark\topk_filter_study\results\sensitivity_suite\scenarios\known_targets_g19_t50_n100.csv,00,41,9,2,40,2,2,0,0,0,0.0,0,0,250,86,164,775,0,57,56.9033,0.9983035087719299,1.0094,1.465,2.0553,23.7366,0.41643157894736843,0.3796,0.6536,1.4244,57,33.1667,0.5818719298245614,0.626,0.8647,1.1123,completed
62,known_visit,ACBBA,ideal,1.0,19,361,4,50,multitarget_g19_r4_t50_acbba_topk005,C:\Users\lottj\Desktop\research\decentralized benchmark\topk_filter_study\results\sensitivity_suite\scenarios\known_targets_g19_t50_n100.csv,01,39,11,0,40,0,0,0,0,0,0.0,0,0,249,80,169,776,0,62,60.0912,0.9692129032258064,0.8895500000000001,1.7625,1.9148,27.5163,0.44381129032258065,0.40045,0.7677,1.2775,62,32.5749,0.5254016129032258,0.47885,0.8771,1.2744,completed
62,known_visit,ACBBA,ideal,1.0,19,361,4,50,multitarget_g19_r4_t50_acbba_topk005,C:\Users\lottj\Desktop\research\decentralized benchmark\topk_filter_study\results\sensitivity_suite\scenarios\known_targets_g19_t50_n100.csv,02,48,12,3,45,4,3,0,0,0,0.0,0,0,268,97,171,758,0,39,44.3113,1.1361871794871796,1.041,2.068,2.0948,18.2544,0.4680615384615385,0.4493,0.8789,1.359,39,26.0569,0.668125641025641,0.6222,1.1891,1.7607,completed
62,known_visit,ACBBA,ideal,1.0,19,361,4,50,multitarget_g19_r4_t50_acbba_topk005,C:\Users\lottj\Desktop\research\decentralized benchmark\topk_filter_study\results\sensitivity_suite\scenarios\known_targets_g19_t50_n100.csv,03,44,18,0,45,0,4,0,0,0,0.0,0,0,259,90,169,766,0,47,48.74,1.0370212765957447,0.9833,1.5241,2.6519,21.9188,0.46635744680851066,0.4651,0.6531,1.3172,47,26.8212,0.5706638297872341,0.5421,0.9911,1.3347,completed
63,known_visit,ACBBA,ideal,1.0,19,361,4,50,multitarget_g19_r4_t50_acbba_topk005,C:\Users\lottj\Desktop\research\decentralized benchmark\topk_filter_study\results\sensitivity_suite\scenarios\known_targets_g19_t50_n100.csv,00,40,13,0,41,0,2,0,0,0,0.0,0,0,270,82,188,767,0,42,45.1515,1.0750357142857143,1.0258500000000002,1.4989,1.8812,17.6728,0.42078095238095237,0.4397,0.6437,0.73,42,27.4787,0.654254761904762,0.6027,1.1736,1.6165,completed
63,known_visit,ACBBA,ideal,1.0,19,361,4,50,multitarget_g19_r4_t50_acbba_topk005,C:\Users\lottj\Desktop\research\decentralized benchmark\topk_filter_study\results\sensitivity_suite\scenarios\known_targets_g19_t50_n100.csv,01,37,11,1,34,4,1,0,0,0,0.0,0,0,246,76,170,791,0,46,44.795,0.973804347826087,0.96265,1.4367,1.5212,18.1591,0.39476304347826086,0.3745,0.6304,0.6434,46,26.6359,0.5790413043478261,0.5741499999999999,0.9389,1.0056,completed
63,known_visit,ACBBA,ideal,1.0,19,361,4,50,multitarget_g19_r4_t50_acbba_topk005,C:\Users\lottj\Desktop\research\decentralized benchmark\topk_filter_study\results\sensitivity_suite\scenarios\known_targets_g19_t50_n100.csv,02,38,16,0,38,1,2,0,0,0,0.0,0,0,261,78,183,776,0,42,43.6526,1.039347619047619,0.94265,1.6026,2.0953,18.12,0.43142857142857144,0.36435,0.6498,1.3969,42,25.5326,0.6079190476190476,0.5887,1.0247,1.1635,completed
63,known_visit,ACBBA,ideal,1.0,19,361,4,50,multitarget_g19_r4_t50_acbba_topk005,C:\Users\lottj\Desktop\research\decentralized benchmark\topk_filter_study\results\sensitivity_suite\scenarios\known_targets_g19_t50_n100.csv,03,39,10,1,38,2,4,0,0,0,0.0,0,0,261,81,180,777,0,48,63.6901,1.3268770833333334,1.07525,1.4826,11.7986,20.3226,0.4233875,0.41135,0.6497,0.8797,48,43.3675,0.9034895833333333,0.7027,1.0406,11.3588,completed
64,known_visit,ACBBA,ideal,1.0,19,361,4,50,multitarget_g19_r4_t50_acbba_topk005,C:\Users\lottj\Desktop\research\decentralized benchmark\topk_filter_study\results\sensitivity_suite\scenarios\known_targets_g19_t50_n100.csv,00,47,16,0,46,2,1,0,0,0,0.0,0,0,295,96,199,879,0,86,81.9057,0.9523918604651163,0.7507999999999999,1.6133,3.5233,40.085,0.4661046511627907,0.36555,0.7653,3.1743,86,41.8207,0.4862872093023256,0.33965,0.9806,2.6872,completed
64,known_visit,ACBBA,ideal,1.0,19,361,4,50,multitarget_g19_r4_t50_acbba_topk005,C:\Users\lottj\Desktop\research\decentralized benchmark\topk_filter_study\results\sensitivity_suite\scenarios\known_targets_g19_t50_n100.csv,01,45,15,1,42,4,8,0,0,0,0.0,0,0,283,94,189,891,0,98,86.3781,0.8814091836734694,0.72095,1.562,3.4568,39.1684,0.39967755102040814,0.35785,0.6194,1.0322,98,47.2097,0.4817316326530612,0.33435000000000004,0.9759,2.8889,completed
64,known_visit,ACBBA,ideal,1.0,19,361,4,50,multitarget_g19_r4_t50_acbba_topk005,C:\Users\lottj\Desktop\research\decentralized benchmark\topk_filter_study\results\sensitivity_suite\scenarios\known_targets_g19_t50_n100.csv,02,49,11,1,47,3,5,0,0,0,0.0,0,0,289,100,189,885,0,86,78.4846,0.9126116279069767,0.7738499999999999,1.4799,2.928,38.3697,0.44615930232558143,0.36265000000000003,0.8035,2.2085,86,40.1149,0.4664523255813953,0.3387,0.9601,1.0217,completed
64,known_visit,ACBBA,ideal,1.0,19,361,4,50,multitarget_g19_r4_t50_acbba_topk005,C:\Users\lottj\Desktop\research\decentralized benchmark\topk_filter_study\results\sensitivity_suite\scenarios\known_targets_g19_t50_n100.csv,03,56,8,4,48,9,6,0,0,0,0.0,0,0,308,119,189,867,0,62,57.5858,0.9288032258064516,0.8611,1.3762,1.6756,25.8841,0.41748548387096773,0.37405,0.6248,0.7111,62,31.7017,0.5113177419354838,0.42305000000000004,0.9866,1.0792,completed
65,known_visit,ACBBA,ideal,1.0,19,361,4,50,multitarget_g19_r4_t50_acbba_topk005,C:\Users\lottj\Desktop\research\decentralized benchmark\topk_filter_study\results\sensitivity_suite\scenarios\known_targets_g19_t50_n100.csv,00,37,9,1,37,1,3,0,0,0,0.0,0,0,237,76,161,764,0,55,50.7374,0.9224981818181819,0.8208,1.4814,3.093,22.4497,0.4081763636363636,0.3595,0.6848,1.8813,55,28.2877,0.5143218181818182,0.4158,1.007,1.322,completed
65,known_visit,ACBBA,ideal,1.0,19,361,4,50,multitarget_g19_r4_t50_acbba_topk005,C:\Users\lottj\Desktop\research\decentralized benchmark\topk_filter_study\results\sensitivity_suite\scenarios\known_targets_g19_t50_n100.csv,01,44,18,0,45,0,2,0,0,0,0.0,0,0,262,89,173,740,0,36,36.325,1.0090277777777779,0.9775499999999999,1.3361,1.547,15.052299999999999,0.41811944444444443,0.4542,0.6167,0.617,36,21.2727,0.5909083333333334,0.5776,0.9518,1.0674,completed
65,known_visit,ACBBA,ideal,1.0,19,361,4,50,multitarget_g19_r4_t50_acbba_topk005,C:\Users\lottj\Desktop\research\decentralized benchmark\topk_filter_study\results\sensitivity_suite\scenarios\known_targets_g19_t50_n100.csv,02,44,11,2,41,4,2,0,0,0,0.0,0,0,254,90,164,747,0,35,35.5774,1.0164971428571428,1.0359,1.5192,1.5601,14.6915,0.41975714285714283,0.4023,0.728,0.8719,35,20.8859,0.5967399999999999,0.6639,0.9142,0.9584,completed
65,known_visit,ACBBA,ideal,1.0,19,361,4,50,multitarget_g19_r4_t50_acbba_topk005,C:\Users\lottj\Desktop\research\decentralized benchmark\topk_filter_study\results\sensitivity_suite\scenarios\known_targets_g19_t50_n100.csv,03,37,12,0,38,0,0,0,0,0,0.0,0,0,249,76,173,752,0,51,48.9537,0.9598764705882352,0.8847,1.4935,2.8024,20.4975,0.4019117647058823,0.3676,0.6804,1.0009,51,28.4562,0.5579647058823529,0.4739,0.9829,2.4015,completed
66,known_visit,ACBBA,ideal,1.0,19,361,4,50,multitarget_g19_r4_t50_acbba_topk005,C:\Users\lottj\Desktop\research\decentralized benchmark\topk_filter_study\results\sensitivity_suite\scenarios\known_targets_g19_t50_n100.csv,00,57,13,3,53,5,0,0,0,0,0.0,0,0,290,116,174,773,0,40,42.4392,1.06098,0.9653,1.6494,2.0589,15.97,0.39925,0.37275,0.7212,0.9035,40,26.4692,0.66173,0.66995,1.0694,1.4103,completed
66,known_visit,ACBBA,ideal,1.0,19,361,4,50,multitarget_g19_r4_t50_acbba_topk005,C:\Users\lottj\Desktop\research\decentralized benchmark\topk_filter_study\results\sensitivity_suite\scenarios\known_targets_g19_t50_n100.csv,01,38,10,1,37,2,2,0,0,0,0.0,0,0,254,80,174,808,0,94,80.2921,0.8541712765957448,0.7758,1.5628,2.3099,36.422200000000004,0.3874702127659575,0.356,0.6181,1.0031,94,43.8699,0.46670106382978727,0.3679,0.988,1.5251,completed
66,known_visit,ACBBA,ideal,1.0,19,361,4,50,multitarget_g19_r4_t50_acbba_topk005,C:\Users\lottj\Desktop\research\decentralized benchmark\topk_filter_study\results\sensitivity_suite\scenarios\known_targets_g19_t50_n100.csv,02,39,10,1,38,2,2,0,0,0,0.0,0,0,254,81,173,808,0,89,75.122,0.8440674157303371,0.7445,1.4193,1.8075,36.5766,0.41097303370786514,0.3682,0.6703,0.8112,89,38.5454,0.4330943820224719,0.3435,0.9432,1.1339,completed
66,known_visit,ACBBA,ideal,1.0,19,361,4,50,multitarget_g19_r4_t50_acbba_topk005,C:\Users\lottj\Desktop\research\decentralized benchmark\topk_filter_study\results\sensitivity_suite\scenarios\known_targets_g19_t50_n100.csv,03,44,17,0,45,0,1,0,0,0,0.0,0,0,265,90,175,797,0,78,67.6305,0.8670576923076923,0.74745,1.5084,1.8074,31.6905,0.40628846153846154,0.36555,0.6961,0.8041,78,35.94,0.46076923076923076,0.3428,1.0557,1.1869,completed
67,known_visit,ACBBA,ideal,1.0,19,361,4,50,multitarget_g19_r4_t50_acbba_topk005,C:\Users\lottj\Desktop\research\decentralized benchmark\topk_filter_study\results\sensitivity_suite\scenarios\known_targets_g19_t50_n100.csv,00,51,15,2,42,10,0,2,2,0,0.0,0,0,282,107,175,773,0,74,66.7919,0.9025932432432432,0.7426,1.5697,3.2066,31.8223,0.43003108108108107,0.36265000000000003,0.6685,1.6714,74,34.9696,0.4725621621621622,0.3452,0.9974,1.5352,completed
67,known_visit,ACBBA,ideal,1.0,19,361,4,50,multitarget_g19_r4_t50_acbba_topk005,C:\Users\lottj\Desktop\research\decentralized benchmark\topk_filter_study\results\sensitivity_suite\scenarios\known_targets_g19_t50_n100.csv,01,62,9,8,44,19,2,1,1,0,0.0,0,0,297,128,169,759,0,44,48.0404,1.0918272727272726,1.0190000000000001,1.6633,1.9672,20.1054,0.45694090909090906,0.45155,0.6109,0.8663,44,27.935,0.6348863636363636,0.5811,1.0524,1.5309,completed
67,known_visit,ACBBA,ideal,1.0,19,361,4,50,multitarget_g19_r4_t50_acbba_topk005,C:\Users\lottj\Desktop\research\decentralized benchmark\topk_filter_study\results\sensitivity_suite\scenarios\known_targets_g19_t50_n100.csv,02,36,15,0,37,0,3,0,0,0,0.0,0,0,241,74,167,814,0,134,106.8002,0.7970164179104477,0.71165,1.3792,2.1547,52.265,0.3900373134328358,0.35845,0.6102,1.2687,134,54.5352,0.406979104477612,0.32475,0.8503,1.5125,completed
67,known_visit,ACBBA,ideal,1.0,19,361,4,50,multitarget_g19_r4_t50_acbba_topk005,C:\Users\lottj\Desktop\research\decentralized benchmark\topk_filter_study\results\sensitivity_suite\scenarios\known_targets_g19_t50_n100.csv,03,35,11,0,35,1,1,0,0,0,0.0,0,0,236,73,163,819,0,130,107.71640000000001,0.8285876923076924,0.69685,1.5194,2.1872,50.6007,0.3892361538461539,0.34295,0.7011,1.5126,130,57.115700000000004,0.4393515384615385,0.32330000000000003,1.0374,1.8379,completed
68,known_visit,ACBBA,ideal,1.0,19,361,4,50,multitarget_g19_r4_t50_acbba_topk005,C:\Users\lottj\Desktop\research\decentralized benchmark\topk_filter_study\results\sensitivity_suite\scenarios\known_targets_g19_t50_n100.csv,00,42,13,0,42,1,1,0,0,0,0.0,0,0,251,86,165,765,0,38,38.7114,1.0187210526315789,0.9453,1.6476,1.692,15.3679,0.4044184210526316,0.38880000000000003,0.6063,0.6914,38,23.3435,0.6143026315789474,0.6017,1.321,1.327,completed
68,known_visit,ACBBA,ideal,1.0,19,361,4,50,multitarget_g19_r4_t50_acbba_topk005,C:\Users\lottj\Desktop\research\decentralized benchmark\topk_filter_study\results\sensitivity_suite\scenarios\known_targets_g19_t50_n100.csv,01,38,15,0,39,0,2,0,0,0,0.0,0,0,252,78,174,764,0,48,47.6046,0.9917625,0.8818,1.5741,2.0823,20.7443,0.43217291666666663,0.3846,0.6988,0.758,48,26.8603,0.5595895833333333,0.47955000000000003,1.1537,1.4089,completed
68,known_visit,ACBBA,ideal,1.0,19,361,4,50,multitarget_g19_r4_t50_acbba_topk005,C:\Users\lottj\Desktop\research\decentralized benchmark\topk_filter_study\results\sensitivity_suite\scenarios\known_targets_g19_t50_n100.csv,02,44,17,1,44,1,1,0,0,0,0.0,0,0,272,89,183,745,0,36,37.2942,1.03595,1.0431,1.555,1.7865,14.9343,0.41484166666666666,0.3967,0.6532,0.9613,36,22.3599,0.6211083333333334,0.62475,1.0012,1.0396,completed
68,known_visit,ACBBA,ideal,1.0,19,361,4,50,multitarget_g19_r4_t50_acbba_topk005,C:\Users\lottj\Desktop\research\decentralized benchmark\topk_filter_study\results\sensitivity_suite\scenarios\known_targets_g19_t50_n100.csv,03,34,5,2,24,11,6,0,0,0,0.0,0,0,242,76,166,774,0,68,64.51,0.9486764705882353,0.88105,1.3742,2.2453,26.9095,0.3957279411764706,0.35405,0.7178,0.9948,68,37.6005,0.5529485294117646,0.49854999999999994,0.892,1.2505,completed
69,known_visit,ACBBA,ideal,1.0,19,361,4,50,multitarget_g19_r4_t50_acbba_topk005,C:\Users\lottj\Desktop\research\decentralized benchmark\topk_filter_study\results\sensitivity_suite\scenarios\known_targets_g19_t50_n100.csv,00,42,14,0,42,1,0,0,0,0,0.0,0,0,247,87,160,742,0,42,41.1758,0.9803761904761905,0.9202,1.6992,2.1073,17.3962,0.4141952380952381,0.3689,0.6412,1.218,42,23.7796,0.5661809523809523,0.5563,0.9393,1.2086,completed
69,known_visit,ACBBA,ideal,1.0,19,361,4,50,multitarget_g19_r4_t50_acbba_topk005,C:\Users\lottj\Desktop\research\decentralized benchmark\topk_filter_study\results\sensitivity_suite\scenarios\known_targets_g19_t50_n100.csv,01,42,9,2,38,5,5,0,0,0,0.0,0,0,250,88,162,740,0,48,48.6391,1.0133145833333332,0.9835,1.6597,2.4777,18.9102,0.3939625,0.37024999999999997,0.6471,0.7799,48,29.7289,0.6193520833333334,0.6168,1.0052,2.1503,completed
69,known_visit,ACBBA,ideal,1.0,19,361,4,50,multitarget_g19_r4_t50_acbba_topk005,C:\Users\lottj\Desktop\research\decentralized benchmark\topk_filter_study\results\sensitivity_suite\scenarios\known_targets_g19_t50_n100.csv,02,39,13,0,39,1,5,0,0,0,0.0,0,0,245,81,164,744,0,53,50.468,0.9522264150943397,0.8732,1.773,2.3025,23.2163,0.4380433962264151,0.4019,0.792,0.9911,53,27.2517,0.5141830188679245,0.4188,1.0296,1.6982,completed
69,known_visit,ACBBA,ideal,1.0,19,361,4,50,multitarget_g19_r4_t50_acbba_topk005,C:\Users\lottj\Desktop\research\decentralized benchmark\topk_filter_study\results\sensitivity_suite\scenarios\known_targets_g19_t50_n100.csv,03,42,14,2,41,2,3,0,0,0,0.0,0,0,248,86,162,741,0,38,37.582300000000004,0.9890078947368423,0.93165,1.5211,2.3168,16.953500000000002,0.4461447368421053,0.4212,0.7306,1.3019,38,20.628800000000002,0.5428631578947369,0.5023500000000001,1.0277,1.0751,completed
70,known_visit,ACBBA,ideal,1.0,19,361,4,50,multitarget_g19_r4_t50_acbba_topk005,C:\Users\lottj\Desktop\research\decentralized benchmark\topk_filter_study\results\sensitivity_suite\scenarios\known_targets_g19_t50_n100.csv,00,55,13,1,52,4,1,0,0,0,0.0,0,0,299,113,186,823,0,73,60.6209,0.8304232876712329,0.6781,1.5291,1.878,26.7717,0.36673561643835617,0.3063,0.6682,0.7676,73,33.8492,0.46368767123287674,0.3092,1.0256,1.2098,completed
70,known_visit,ACBBA,ideal,1.0,19,361,4,50,multitarget_g19_r4_t50_acbba_topk005,C:\Users\lottj\Desktop\research\decentralized benchmark\topk_filter_study\results\sensitivity_suite\scenarios\known_targets_g19_t50_n100.csv,01,49,10,3,42,8,2,2,2,0,0.0,0,0,289,105,184,834,0,95,89.2332,0.9392968421052631,0.9186,1.4139,2.6507,34.5991,0.3642010526315789,0.3239,0.5792,0.6518,95,54.634100000000004,0.5750957894736842,0.5083,0.9951,2.3894,completed
70,known_visit,ACBBA,ideal,1.0,19,361,4,50,multitarget_g19_r4_t50_acbba_topk005,C:\Users\lottj\Desktop\research\decentralized benchmark\topk_filter_study\results\sensitivity_suite\scenarios\known_targets_g19_t50_n100.csv,02,41,10,0,40,2,0,0,0,0,0.0,0,0,261,84,177,861,0,123,92.6044,0.7528813008130081,0.622,1.4027,2.3399,42.5665,0.34606910569105687,0.3183,0.5965,0.8083,123,50.0379,0.4068121951219512,0.298,0.9175,1.5885,completed
70,known_visit,ACBBA,ideal,1.0,19,361,4,50,multitarget_g19_r4_t50_acbba_topk005,C:\Users\lottj\Desktop\research\decentralized benchmark\topk_filter_study\results\sensitivity_suite\scenarios\known_targets_g19_t50_n100.csv,03,39,17,0,39,1,3,0,0,0,0.0,0,0,274,81,193,848,0,129,95.5255,0.7405077519379845,0.6256,1.3782,2.0272,46.2476,0.35850852713178294,0.3216,0.5807,0.7684,129,49.2779,0.3819992248062016,0.298,0.8444,1.2588,completed
71,known_visit,ACBBA,ideal,1.0,19,361,4,50,multitarget_g19_r4_t50_acbba_topk005,C:\Users\lottj\Desktop\research\decentralized benchmark\topk_filter_study\results\sensitivity_suite\scenarios\known_targets_g19_t50_n100.csv,00,31,14,0,31,1,0,0,0,0,0.0,0,0,212,66,146,635,0,51,46.3019,0.9078803921568628,0.7712,1.3888,2.1461,21.068,0.4130980392156863,0.3721,0.6079,1.4436,51,25.2339,0.49478235294117645,0.3692,0.9551,1.0768,completed
71,known_visit,ACBBA,ideal,1.0,19,361,4,50,multitarget_g19_r4_t50_acbba_topk005,C:\Users\lottj\Desktop\research\decentralized benchmark\topk_filter_study\results\sensitivity_suite\scenarios\known_targets_g19_t50_n100.csv,01,37,14,0,37,1,0,0,0,0,0.0,0,0,222,77,145,626,0,36,35.6104,0.9891777777777777,0.9631000000000001,1.4896,1.4945,14.4772,0.4021444444444444,0.3991,0.5953,0.6469,36,21.1332,0.5870333333333333,0.55155,0.9415,0.9912,completed
71,known_visit,ACBBA,ideal,1.0,19,361,4,50,multitarget_g19_r4_t50_acbba_topk005,C:\Users\lottj\Desktop\research\decentralized benchmark\topk_filter_study\results\sensitivity_suite\scenarios\known_targets_g19_t50_n100.csv,02,32,13,0,33,0,0,0,0,0,0.0,0,0,208,67,141,639,0,46,44.955,0.9772826086956521,0.8310500000000001,1.4689,3.6742,19.046599999999998,0.4140565217391304,0.3771,0.6325,0.7343,46,25.9084,0.5632260869565218,0.37895,0.9934,3.351,completed
71,known_visit,ACBBA,ideal,1.0,19,361,4,50,multitarget_g19_r4_t50_acbba_topk005,C:\Users\lottj\Desktop\research\decentralized benchmark\topk_filter_study\results\sensitivity_suite\scenarios\known_targets_g19_t50_n100.csv,03,34,9,0,34,1,2,0,0,0,0.0,0,0,206,70,136,641,0,44,39.6023,0.9000522727272727,0.7805,1.5311,1.6943,16.4299,0.3734068181818182,0.346,0.6871,0.7973,44,23.1724,0.5266454545454545,0.45940000000000003,0.9578,0.9959,completed
72,known_visit,ACBBA,ideal,1.0,19,361,4,50,multitarget_g19_r4_t50_acbba_topk005,C:\Users\lottj\Desktop\research\decentralized benchmark\topk_filter_study\results\sensitivity_suite\scenarios\known_targets_g19_t50_n100.csv,00,39,13,0,39,1,0,0,0,0,0.0,0,0,244,80,164,714,0,52,44.8183,0.8618903846153846,0.76795,1.5533,2.0,19.5257,0.3754942307692308,0.31520000000000004,0.7304,0.7872,52,25.2926,0.48639615384615387,0.38434999999999997,1.0106,1.2128,completed
72,known_visit,ACBBA,ideal,1.0,19,361,4,50,multitarget_g19_r4_t50_acbba_topk005,C:\Users\lottj\Desktop\research\decentralized benchmark\topk_filter_study\results\sensitivity_suite\scenarios\known_targets_g19_t50_n100.csv,01,35,14,0,35,1,2,0,0,0,0.0,0,0,239,72,167,719,0,69,59.592999999999996,0.8636666666666666,0.6755,1.5216,2.6534,28.4631,0.4125086956521739,0.3339,0.6718,1.8639,69,31.1299,0.45115797101449273,0.3045,0.8963,1.2479,completed
72,known_visit,ACBBA,ideal,1.0,19,361,4,50,multitarget_g19_r4_t50_acbba_topk005,C:\Users\lottj\Desktop\research\decentralized benchmark\topk_filter_study\results\sensitivity_suite\scenarios\known_targets_g19_t50_n100.csv,02,46,17,0,47,0,1,0,0,0,0.0,0,0,256,93,163,703,0,33,35.9383,1.0890393939393939,1.0436,1.6381,1.9919,15.7963,0.4786757575757576,0.4734,0.6794,1.3075,33,20.142,0.6103636363636363,0.5751,1.0148,1.1187,completed
72,known_visit,ACBBA,ideal,1.0,19,361,4,50,multitarget_g19_r4_t50_acbba_topk005,C:\Users\lottj\Desktop\research\decentralized benchmark\topk_filter_study\results\sensitivity_suite\scenarios\known_targets_g19_t50_n100.csv,03,29,6,1,25,5,2,0,0,0,0.0,0,0,220,65,155,738,0,88,75.2145,0.8547102272727273,0.7726999999999999,1.4307,2.1972,33.4738,0.38038409090909087,0.3224,0.5932,1.7117,88,41.7407,0.47432613636363635,0.45115,0.9074,1.6708,completed
73,known_visit,ACBBA,ideal,1.0,19,361,4,50,multitarget_g19_r4_t50_acbba_topk005,C:\Users\lottj\Desktop\research\decentralized benchmark\topk_filter_study\results\sensitivity_suite\scenarios\known_targets_g19_t50_n100.csv,00,33,10,0,34,0,1,0,0,0,0.0,0,0,230,70,160,798,0,83,81.1592,0.9778216867469879,0.8623,1.6972,2.6942,35.7818,0.4311060240963855,0.3844,0.6615,2.1613,83,45.3774,0.5467156626506025,0.4238,0.9957,2.308,completed
73,known_visit,ACBBA,ideal,1.0,19,361,4,50,multitarget_g19_r4_t50_acbba_topk005,C:\Users\lottj\Desktop\research\decentralized benchmark\topk_filter_study\results\sensitivity_suite\scenarios\known_targets_g19_t50_n100.csv,01,45,10,0,45,1,4,0,0,0,0.0,0,0,260,94,166,768,0,50,59.8357,1.196714,1.1126,1.6672,4.2522,22.038,0.44076,0.43345,0.6952,0.7194,50,37.7977,0.755954,0.7339,1.2723,3.7997,completed
73,known_visit,ACBBA,ideal,1.0,19,361,4,50,multitarget_g19_r4_t50_acbba_topk005,C:\Users\lottj\Desktop\research\decentralized benchmark\topk_filter_study\results\sensitivity_suite\scenarios\known_targets_g19_t50_n100.csv,02,47,19,0,47,1,5,0,0,0,0.0,0,0,278,96,182,750,0,43,53.4292,1.242539534883721,1.1749,1.7927,4.1939,20.6077,0.47924883720930234,0.5064,0.747,0.8513,43,32.8215,0.7632906976744186,0.696,1.1467,3.5462,completed
73,known_visit,ACBBA,ideal,1.0,19,361,4,50,multitarget_g19_r4_t50_acbba_topk005,C:\Users\lottj\Desktop\research\decentralized benchmark\topk_filter_study\results\sensitivity_suite\scenarios\known_targets_g19_t50_n100.csv,03,44,11,0,42,3,1,0,0,0,0.0,0,0,261,91,170,768,0,54,63.0943,1.168412962962963,1.1810999999999998,1.5921,2.3842,21.9144,0.40582222222222225,0.35845000000000005,0.6759,0.8313,54,41.1799,0.7625907407407408,0.8002,1.0187,1.5529,completed
74,known_visit,ACBBA,ideal,1.0,19,361,4,50,multitarget_g19_r4_t50_acbba_topk005,C:\Users\lottj\Desktop\research\decentralized benchmark\topk_filter_study\results\sensitivity_suite\scenarios\known_targets_g19_t50_n100.csv,00,44,17,0,45,0,1,0,0,0,0.0,0,0,270,89,181,737,0,38,41.5841,1.0943184210526316,0.9811,1.7132,2.9723,16.4651,0.43329210526315787,0.42075,0.6879,0.8709,38,25.119,0.6610263157894737,0.6126499999999999,1.2404,2.1014,completed
74,known_visit,ACBBA,ideal,1.0,19,361,4,50,multitarget_g19_r4_t50_acbba_topk005,C:\Users\lottj\Desktop\research\decentralized benchmark\topk_filter_study\results\sensitivity_suite\scenarios\known_targets_g19_t50_n100.csv,01,37,7,3,34,4,3,3,3,0,0.0,0,0,239,79,160,768,0,55,53.8592,0.9792581818181818,0.8344,1.9805,2.3655,23.664,0.4302545454545455,0.3749,0.6749,1.3931,55,30.1952,0.5490036363636364,0.4387,1.1322,1.7975,completed
74,known_visit,ACBBA,ideal,1.0,19,361,4,50,multitarget_g19_r4_t50_acbba_topk005,C:\Users\lottj\Desktop\research\decentralized benchmark\topk_filter_study\results\sensitivity_suite\scenarios\known_targets_g19_t50_n100.csv,02,36,16,1,32,5,4,0,0,0,0.0,0,0,256,77,179,755,0,58,60.6286,1.0453206896551723,0.872,2.0013,2.4234,26.8182,0.46238275862068967,0.4068,0.8534,1.3247,58,33.8104,0.5829379310344828,0.47265,1.1896,1.7467,completed
74,known_visit,ACBBA,ideal,1.0,19,361,4,50,multitarget_g19_r4_t50_acbba_topk005,C:\Users\lottj\Desktop\research\decentralized benchmark\topk_filter_study\results\sensitivity_suite\scenarios\known_targets_g19_t50_n100.csv,03,38,10,2,37,2,2,0,0,0,0.0,0,0,248,78,170,761,0,57,56.8204,0.9968491228070175,0.8861,1.651,1.7596,22.3724,0.39249824561403507,0.3541,0.6241,0.781,57,34.448,0.6043508771929824,0.5354,1.0903,1.2213,completed
75,known_visit,ACBBA,ideal,1.0,19,361,4,50,multitarget_g19_r4_t50_acbba_topk005,C:\Users\lottj\Desktop\research\decentralized benchmark\topk_filter_study\results\sensitivity_suite\scenarios\known_targets_g19_t50_n100.csv,00,39,13,0,40,0,4,0,0,0,0.0,0,0,251,83,168,779,0,125,116.0894,0.9287152,0.8733,1.603,3.832,46.0781,0.3686248,0.3336,0.628,0.9559,125,70.0113,0.5600904000000001,0.4181,1.0583,3.2032,completed
75,known_visit,ACBBA,ideal,1.0,19,361,4,50,multitarget_g19_r4_t50_acbba_topk005,C:\Users\lottj\Desktop\research\decentralized benchmark\topk_filter_study\results\sensitivity_suite\scenarios\known_targets_g19_t50_n100.csv,01,64,17,1,60,5,0,0,0,0,0.0,0,0,295,131,164,736,0,40,42.022,1.0505499999999999,0.9857,1.5082,1.7762,16.5704,0.41425999999999996,0.4087,0.6052,0.6639,40,25.4516,0.63629,0.61605,0.9912,1.1622,completed
75,known_visit,ACBBA,ideal,1.0,19,361,4,50,multitarget_g19_r4_t50_acbba_topk005,C:\Users\lottj\Desktop\research\decentralized benchmark\topk_filter_study\results\sensitivity_suite\scenarios\known_targets_g19_t50_n100.csv,02,33,6,3,28,6,2,0,0,0,0.0,0,0,228,71,157,802,0,146,131.1932,0.8985835616438356,0.8855999999999999,1.4107,1.6893,50.8664,0.3484,0.3281,0.5041,0.7056,146,80.3268,0.5501835616438356,0.49824999999999997,1.0513,1.2693,completed
75,known_visit,ACBBA,ideal,1.0,19,361,4,50,multitarget_g19_r4_t50_acbba_topk005,C:\Users\lottj\Desktop\research\decentralized benchmark\topk_filter_study\results\sensitivity_suite\scenarios\known_targets_g19_t50_n100.csv,03,46,14,0,47,0,6,0,0,0,0.0,0,0,257,95,162,773,0,99,82.6893,0.8352454545454546,0.6927,1.6355,2.5732,39.756,0.4015757575757576,0.3495,0.63,2.2956,99,42.9333,0.433669696969697,0.3263,1.0381,1.9633,completed
76,known_visit,ACBBA,ideal,1.0,19,361,4,50,multitarget_g19_r4_t50_acbba_topk005,C:\Users\lottj\Desktop\research\decentralized benchmark\topk_filter_study\results\sensitivity_suite\scenarios\known_targets_g19_t50_n100.csv,00,48,15,0,49,0,2,0,0,0,0.0,0,0,278,97,181,776,0,39,47.3918,1.215174358974359,1.0892,1.61,4.4203,21.0877,0.5407102564102565,0.482,0.709,3.583,39,26.304100000000002,0.6744641025641026,0.688,1.0151,1.0361,completed
76,known_visit,ACBBA,ideal,1.0,19,361,4,50,multitarget_g19_r4_t50_acbba_topk005,C:\Users\lottj\Desktop\research\decentralized benchmark\topk_filter_study\results\sensitivity_suite\scenarios\known_targets_g19_t50_n100.csv,01,43,16,1,42,2,2,0,0,0,0.0,0,0,266,88,178,787,0,50,53.5381,1.070762,1.05935,1.8298,2.0575,22.8354,0.456708,0.4114,0.8532,0.9721,50,30.7027,0.614054,0.57275,1.0854,1.3728,completed
76,known_visit,ACBBA,ideal,1.0,19,361,4,50,multitarget_g19_r4_t50_acbba_topk005,C:\Users\lottj\Desktop\research\decentralized benchmark\topk_filter_study\results\sensitivity_suite\scenarios\known_targets_g19_t50_n100.csv,02,35,6,1,34,2,4,1,1,0,0.0,0,0,249,74,175,804,0,72,69.959,0.9716527777777778,1.0284499999999999,1.3887,1.7216,28.1977,0.39163472222222223,0.3568,0.5968,0.7666,72,41.7613,0.5800180555555555,0.53325,1.0306,1.3749,completed
76,known_visit,ACBBA,ideal,1.0,19,361,4,50,multitarget_g19_r4_t50_acbba_topk005,C:\Users\lottj\Desktop\research\decentralized benchmark\topk_filter_study\results\sensitivity_suite\scenarios\known_targets_g19_t50_n100.csv,03,40,13,0,41,0,3,0,0,0,0.0,0,0,261,83,178,792,0,54,53.9899,0.999812962962963,1.0044,1.5138,1.6852,23.7873,0.44050555555555554,0.39644999999999997,0.7757,1.1622,54,30.2026,0.5593074074074074,0.50775,0.9884,1.0557,completed
77,known_visit,ACBBA,ideal,1.0,19,361,4,50,multitarget_g19_r4_t50_acbba_topk005,C:\Users\lottj\Desktop\research\decentralized benchmark\topk_filter_study\results\sensitivity_suite\scenarios\known_targets_g19_t50_n100.csv,00,38,12,0,38,1,0,0,0,0,0.0,0,0,239,78,161,732,0,51,42.8649,0.8404882352941176,0.8442,1.2162,1.4245,17.7112,0.34727843137254905,0.3128,0.597,0.653,51,25.1537,0.49320980392156866,0.3943,0.8979,0.9665,completed
77,known_visit,ACBBA,ideal,1.0,19,361,4,50,multitarget_g19_r4_t50_acbba_topk005,C:\Users\lottj\Desktop\research\decentralized benchmark\topk_filter_study\results\sensitivity_suite\scenarios\known_targets_g19_t50_n100.csv,01,41,12,0,42,0,4,0,0,0,0.0,0,0,245,84,161,726,0,43,41.077799999999996,0.9552976744186046,0.938,1.4502,1.6439,17.1688,0.3992744186046512,0.356,0.6143,0.6777,43,23.909,0.5560232558139535,0.5942,0.9432,1.03,completed
77,known_visit,ACBBA,ideal,1.0,19,361,4,50,multitarget_g19_r4_t50_acbba_topk005,C:\Users\lottj\Desktop\research\decentralized benchmark\topk_filter_study\results\sensitivity_suite\scenarios\known_targets_g19_t50_n100.csv,02,36,13,0,34,3,5,2,2,0,0.0,0,0,249,79,170,723,0,58,59.8234,1.0314379310344828,1.0008,1.5066,1.8463,22.6697,0.3908568965517241,0.33675,0.6031,1.0794,58,37.1537,0.6405810344827586,0.6749,0.9067,0.9978,completed
77,known_visit,ACBBA,ideal,1.0,19,361,4,50,multitarget_g19_r4_t50_acbba_topk005,C:\Users\lottj\Desktop\research\decentralized benchmark\topk_filter_study\results\sensitivity_suite\scenarios\known_targets_g19_t50_n100.csv,03,40,13,0,41,0,6,0,0,0,0.0,0,0,239,82,157,732,0,43,39.9442,0.9289348837209302,0.9448,1.4308,1.5178,16.6411,0.3870023255813954,0.3681,0.6058,0.6593,43,23.3031,0.5419325581395349,0.6179,0.9166,1.0262,completed
78,known_visit,ACBBA,ideal,1.0,19,361,4,50,multitarget_g19_r4_t50_acbba_topk005,C:\Users\lottj\Desktop\research\decentralized benchmark\topk_filter_study\results\sensitivity_suite\scenarios\known_targets_g19_t50_n100.csv,00,53,14,0,52,2,0,0,0,0,0.0,0,0,273,108,165,766,0,37,37.869,1.0234864864864865,0.9662,1.586,1.6179,15.7393,0.42538648648648647,0.4261,0.6498,0.6824,37,22.1297,0.5981,0.5771,0.9739,1.019,completed
78,known_visit,ACBBA,ideal,1.0,19,361,4,50,multitarget_g19_r4_t50_acbba_topk005,C:\Users\lottj\Desktop\research\decentralized benchmark\topk_filter_study\results\sensitivity_suite\scenarios\known_targets_g19_t50_n100.csv,01,37,12,0,37,1,3,0,0,0,0.0,0,0,241,77,164,797,0,91,71.408,0.7847032967032967,0.6863,1.3728,1.5363,33.2328,0.3651956043956044,0.3409,0.5851,0.6287,91,38.1752,0.41950769230769225,0.3283,0.8844,0.9404,completed
78,known_visit,ACBBA,ideal,1.0,19,361,4,50,multitarget_g19_r4_t50_acbba_topk005,C:\Users\lottj\Desktop\research\decentralized benchmark\topk_filter_study\results\sensitivity_suite\scenarios\known_targets_g19_t50_n100.csv,02,39,11,1,37,3,2,4,4,0,0.0,0,0,279,83,196,759,0,90,78.2823,0.8698033333333334,0.7686,1.3939,2.1869,36.5585,0.4062055555555556,0.34695,0.6557,0.8047,90,41.7238,0.4635977777777777,0.33799999999999997,0.896,1.6434,completed
78,known_visit,ACBBA,ideal,1.0,19,361,4,50,multitarget_g19_r4_t50_acbba_topk005,C:\Users\lottj\Desktop\research\decentralized benchmark\topk_filter_study\results\sensitivity_suite\scenarios\known_targets_g19_t50_n100.csv,03,36,13,1,35,2,5,0,0,0,0.0,0,0,246,75,171,792,0,95,81.1147,0.853838947368421,0.6957,1.4431,5.3665,40.2416,0.4235957894736842,0.3562,0.5617,5.0634,95,40.8731,0.4302431578947368,0.3305,0.9216,1.316,completed
79,known_visit,ACBBA,ideal,1.0,19,361,4,50,multitarget_g19_r4_t50_acbba_topk005,C:\Users\lottj\Desktop\research\decentralized benchmark\topk_filter_study\results\sensitivity_suite\scenarios\known_targets_g19_t50_n100.csv,00,33,12,1,33,1,0,0,0,0,0.0,0,0,217,68,149,651,0,51,48.0223,0.9416137254901961,0.8608,1.532,1.5807,20.5112,0.40218039215686274,0.3749,0.6265,0.6954,51,27.5111,0.5394333333333333,0.4494,0.9631,1.0235,completed
79,known_visit,ACBBA,ideal,1.0,19,361,4,50,multitarget_g19_r4_t50_acbba_topk005,C:\Users\lottj\Desktop\research\decentralized benchmark\topk_filter_study\results\sensitivity_suite\scenarios\known_targets_g19_t50_n100.csv,01,38,15,0,39,0,5,0,0,0,0.0,0,0,225,78,147,643,0,35,37.9723,1.084922857142857,1.021,1.5364,1.6247,15.0998,0.43142285714285716,0.4401,0.6445,0.7157,35,22.8725,0.6535,0.5946,1.0948,1.1846,completed
79,known_visit,ACBBA,ideal,1.0,19,361,4,50,multitarget_g19_r4_t50_acbba_topk005,C:\Users\lottj\Desktop\research\decentralized benchmark\topk_filter_study\results\sensitivity_suite\scenarios\known_targets_g19_t50_n100.csv,02,31,8,2,24,8,3,0,0,0,0.0,0,0,199,65,134,669,0,57,52.6427,0.9235561403508772,0.8502,1.391,1.515,22.0904,0.3875508771929824,0.372,0.5739,0.598,57,30.5523,0.5360052631578948,0.4158,1.0247,1.0428,completed
79,known_visit,ACBBA,ideal,1.0,19,361,4,50,multitarget_g19_r4_t50_acbba_topk005,C:\Users\lottj\Desktop\research\decentralized benchmark\topk_filter_study\results\sensitivity_suite\scenarios\known_targets_g19_t50_n100.csv,03,39,15,0,40,0,3,0,0,0,0.0,0,0,228,79,149,641,0,30,33.6455,1.1215166666666667,1.0073,1.7049,2.8733,15.3664,0.5122133333333333,0.5119,0.6964,2.1596,30,18.2791,0.6093033333333333,0.5511999999999999,1.01,1.0544,completed
80,known_visit,ACBBA,ideal,1.0,19,361,4,50,multitarget_g19_r4_t50_acbba_topk005,C:\Users\lottj\Desktop\research\decentralized benchmark\topk_filter_study\results\sensitivity_suite\scenarios\known_targets_g19_t50_n100.csv,00,37,13,0,38,0,2,0,0,0,0.0,0,0,229,76,153,676,0,49,52.5211,1.0718591836734692,1.0314,1.6058,4.1441,21.6496,0.4418285714285714,0.3922,0.6859,0.8718,49,30.8715,0.630030612244898,0.5801,0.9434,3.6002,completed
80,known_visit,ACBBA,ideal,1.0,19,361,4,50,multitarget_g19_r4_t50_acbba_topk005,C:\Users\lottj\Desktop\research\decentralized benchmark\topk_filter_study\results\sensitivity_suite\scenarios\known_targets_g19_t50_n100.csv,01,40,11,2,36,5,3,0,0,0,0.0,0,0,234,82,152,672,0,43,53.0475,1.2336627906976745,1.1071,1.814,4.9714,20.403,0.47448837209302325,0.4039,0.8058,1.9089,43,32.6445,0.7591744186046512,0.6527,1.1401,4.1656,completed
80,known_visit,ACBBA,ideal,1.0,19,361,4,50,multitarget_g19_r4_t50_acbba_topk005,C:\Users\lottj\Desktop\research\decentralized benchmark\topk_filter_study\results\sensitivity_suite\scenarios\known_targets_g19_t50_n100.csv,02,34,14,0,35,0,1,0,0,0,0.0,0,0,220,70,150,685,0,53,56.5051,1.066133962264151,0.9312,2.0344,2.9792,26.2256,0.49482264150943395,0.3985,1.4375,2.3993,53,30.2795,0.5713113207547169,0.4786,1.0128,1.7017,completed
80,known_visit,ACBBA,ideal,1.0,19,361,4,50,multitarget_g19_r4_t50_acbba_topk005,C:\Users\lottj\Desktop\research\decentralized benchmark\topk_filter_study\results\sensitivity_suite\scenarios\known_targets_g19_t50_n100.csv,03,35,12,0,35,1,0,0,0,0,0.0,0,0,223,73,150,682,0,55,53.9451,0.9808199999999999,0.889,1.5377,1.7567,22.484099999999998,0.40880181818181816,0.3837,0.586,0.9459,55,31.461,0.5720181818181818,0.4907,0.9626,1.5227,completed
81,known_visit,ACBBA,ideal,1.0,19,361,4,50,multitarget_g19_r4_t50_acbba_topk005,C:\Users\lottj\Desktop\research\decentralized benchmark\topk_filter_study\results\sensitivity_suite\scenarios\known_targets_g19_t50_n100.csv,00,30,9,0,31,0,0,1,1,0,0.0,0,0,211,63,148,698,0,89,79.276,0.8907415730337078,0.7229,1.3687,2.954,35.7593,0.4017898876404495,0.3454,0.6098,2.2595,89,43.5167,0.48895168539325845,0.3844,0.893,1.0847,completed
81,known_visit,ACBBA,ideal,1.0,19,361,4,50,multitarget_g19_r4_t50_acbba_topk005,C:\Users\lottj\Desktop\research\decentralized benchmark\topk_filter_study\results\sensitivity_suite\scenarios\known_targets_g19_t50_n100.csv,01,46,17,0,47,0,1,0,0,0,0.0,0,0,247,95,152,663,0,45,48.8402,1.0853377777777777,1.1034,1.576,2.1289,20.2699,0.45044222222222224,0.4556,0.654,0.843,45,28.5703,0.6348955555555555,0.6507,1.0946,1.2859,completed
81,known_visit,ACBBA,ideal,1.0,19,361,4,50,multitarget_g19_r4_t50_acbba_topk005,C:\Users\lottj\Desktop\research\decentralized benchmark\topk_filter_study\results\sensitivity_suite\scenarios\known_targets_g19_t50_n100.csv,02,44,14,1,42,3,4,0,0,0,0.0,0,0,237,90,147,672,0,42,43.3447,1.0320166666666668,0.94975,1.7147,1.7619,18.3884,0.43781904761904766,0.35135,0.7533,1.3483,42,24.9563,0.594197619047619,0.52045,1.074,1.215,completed
81,known_visit,ACBBA,ideal,1.0,19,361,4,50,multitarget_g19_r4_t50_acbba_topk005,C:\Users\lottj\Desktop\research\decentralized benchmark\topk_filter_study\results\sensitivity_suite\scenarios\known_targets_g19_t50_n100.csv,03,35,10,0,35,1,1,0,0,0,0.0,0,0,215,73,142,694,0,73,66.0235,0.9044315068493151,0.7764,1.4605,2.3909,27.2361,0.3730972602739726,0.3492,0.5505,0.7501,73,38.7874,0.5313342465753425,0.4596,0.9682,1.8606,completed
82,known_visit,ACBBA,ideal,1.0,19,361,4,50,multitarget_g19_r4_t50_acbba_topk005,C:\Users\lottj\Desktop\research\decentralized benchmark\topk_filter_study\results\sensitivity_suite\scenarios\known_targets_g19_t50_n100.csv,00,38,13,1,35,4,1,0,0,0,0.0,0,0,224,78,146,679,0,35,34.7316,0.9923314285714285,0.9583,1.4593,1.803,13.4595,0.3845571428571429,0.3463,0.5837,0.6996,35,21.272100000000002,0.6077742857142857,0.5419,0.9825,1.1034,completed
82,known_visit,ACBBA,ideal,1.0,19,361,4,50,multitarget_g19_r4_t50_acbba_topk005,C:\Users\lottj\Desktop\research\decentralized benchmark\topk_filter_study\results\sensitivity_suite\scenarios\known_targets_g19_t50_n100.csv,01,38,13,0,39,0,1,0,0,0,0.0,0,0,227,78,149,676,0,38,38.3333,1.008771052631579,0.9775499999999999,1.5182,1.5384,15.6426,0.41164736842105265,0.4132,0.6496,0.6706,38,22.6907,0.5971236842105263,0.5382,0.9887,1.1084,completed
82,known_visit,ACBBA,ideal,1.0,19,361,4,50,multitarget_g19_r4_t50_acbba_topk005,C:\Users\lottj\Desktop\research\decentralized benchmark\topk_filter_study\results\sensitivity_suite\scenarios\known_targets_g19_t50_n100.csv,02,35,15,0,36,0,1,0,0,0,0.0,0,0,227,72,155,677,0,50,48.5966,0.971932,0.9547,1.4761,1.515,20.9355,0.41871,0.40465,0.6239,0.7719,50,27.6611,0.553222,0.46804999999999997,0.9775,1.0461,completed
82,known_visit,ACBBA,ideal,1.0,19,361,4,50,multitarget_g19_r4_t50_acbba_topk005,C:\Users\lottj\Desktop\research\decentralized benchmark\topk_filter_study\results\sensitivity_suite\scenarios\known_targets_g19_t50_n100.csv,03,39,9,1,39,1,0,0,0,0,0.0,0,0,226,80,146,677,0,39,37.8675,0.9709615384615384,0.9408,1.4519,1.5534,15.2994,0.3922923076923077,0.3679,0.5943,0.712,39,22.5681,0.5786692307692308,0.5003,0.9591,0.9934,completed
83,known_visit,ACBBA,ideal,1.0,19,361,4,50,multitarget_g19_r4_t50_acbba_topk005,C:\Users\lottj\Desktop\research\decentralized benchmark\topk_filter_study\results\sensitivity_suite\scenarios\known_targets_g19_t50_n100.csv,00,43,14,0,43,1,3,0,0,0,0.0,0,0,249,88,161,710,0,36,38.1702,1.0602833333333335,1.0672,1.4958,1.6213,15.5829,0.43285833333333334,0.43994999999999995,0.6108,0.7204,36,22.5873,0.627425,0.68895,1.0105,1.2317,completed
83,known_visit,ACBBA,ideal,1.0,19,361,4,50,multitarget_g19_r4_t50_acbba_topk005,C:\Users\lottj\Desktop\research\decentralized benchmark\topk_filter_study\results\sensitivity_suite\scenarios\known_targets_g19_t50_n100.csv,01,37,14,0,38,0,3,0,0,0,0.0,0,0,240,77,163,718,0,53,50.591,0.9545471698113208,0.9109,1.4361,1.482,22.2159,0.4191679245283019,0.4269,0.6056,0.7014,53,28.3751,0.5353792452830188,0.4567,0.9002,1.2382,completed
83,known_visit,ACBBA,ideal,1.0,19,361,4,50,multitarget_g19_r4_t50_acbba_topk005,C:\Users\lottj\Desktop\research\decentralized benchmark\topk_filter_study\results\sensitivity_suite\scenarios\known_targets_g19_t50_n100.csv,02,34,9,1,30,5,0,0,0,0,0.0,0,0,227,71,156,731,0,65,66.4232,1.0218953846153844,1.0667,1.4469,1.7255,24.1024,0.37080615384615384,0.3248,0.5853,0.9278,65,42.3208,0.6510892307692308,0.7177,1.0233,1.4122,completed
83,known_visit,ACBBA,ideal,1.0,19,361,4,50,multitarget_g19_r4_t50_acbba_topk005,C:\Users\lottj\Desktop\research\decentralized benchmark\topk_filter_study\results\sensitivity_suite\scenarios\known_targets_g19_t50_n100.csv,03,39,13,1,39,1,1,0,0,0,0.0,0,0,243,80,163,715,0,48,51.1294,1.0651958333333333,0.9675,1.7425,5.2871,24.6765,0.51409375,0.37705,0.7909,4.9831,48,26.4529,0.5511020833333333,0.455,0.9238,1.1084,completed
84,known_visit,ACBBA,ideal,1.0,19,361,4,50,multitarget_g19_r4_t50_acbba_topk005,C:\Users\lottj\Desktop\research\decentralized benchmark\topk_filter_study\results\sensitivity_suite\scenarios\known_targets_g19_t50_n100.csv,00,38,14,0,37,2,5,0,0,0,0.0,0,0,231,78,153,668,0,38,37.129599999999996,0.9770947368421051,0.9386,1.5469,1.7708,15.4224,0.40585263157894735,0.38095,0.6202,0.9764,38,21.7072,0.5712421052631579,0.4934,0.9754,1.0884,completed
84,known_visit,ACBBA,ideal,1.0,19,361,4,50,multitarget_g19_r4_t50_acbba_topk005,C:\Users\lottj\Desktop\research\decentralized benchmark\topk_filter_study\results\sensitivity_suite\scenarios\known_targets_g19_t50_n100.csv,01,38,13,0,39,0,4,0,0,0,0.0,0,0,233,79,154,667,0,44,46.8423,1.0645977272727274,1.0805,1.4364,1.6015,17.2558,0.39217727272727276,0.35125,0.6186,0.6736,44,29.5865,0.6724204545454545,0.65615,1.0673,1.318,completed
84,known_visit,ACBBA,ideal,1.0,19,361,4,50,multitarget_g19_r4_t50_acbba_topk005,C:\Users\lottj\Desktop\research\decentralized benchmark\topk_filter_study\results\sensitivity_suite\scenarios\known_targets_g19_t50_n100.csv,02,35,11,0,36,0,1,0,0,0,0.0,0,0,225,72,153,674,0,52,47.6706,0.9167423076923077,0.83875,1.4968,1.607,20.2848,0.3900923076923077,0.37415,0.5704,0.6468,52,27.3858,0.52665,0.4498,0.9392,1.0381,completed
84,known_visit,ACBBA,ideal,1.0,19,361,4,50,multitarget_g19_r4_t50_acbba_topk005,C:\Users\lottj\Desktop\research\decentralized benchmark\topk_filter_study\results\sensitivity_suite\scenarios\known_targets_g19_t50_n100.csv,03,28,12,0,25,4,3,0,0,0,0.0,0,0,211,61,150,688,0,71,65.0193,0.9157647887323944,0.8313,1.4843,1.7926,26.933699999999998,0.37934788732394364,0.3486,0.5554,0.9472,71,38.0856,0.5364169014084507,0.4674,0.9749,1.1699,completed
85,known_visit,ACBBA,ideal,1.0,19,361,4,50,multitarget_g19_r4_t50_acbba_topk005,C:\Users\lottj\Desktop\research\decentralized benchmark\topk_filter_study\results\sensitivity_suite\scenarios\known_targets_g19_t50_n100.csv,00,35,13,0,36,0,1,0,0,0,0.0,0,0,226,73,153,731,0,81,65.2039,0.8049864197530865,0.6547,1.4221,3.0731,29.1682,0.3601012345679012,0.3182,0.5797,1.16,81,36.0357,0.44488518518518516,0.3155,0.8879,1.9131,completed
85,known_visit,ACBBA,ideal,1.0,19,361,4,50,multitarget_g19_r4_t50_acbba_topk005,C:\Users\lottj\Desktop\research\decentralized benchmark\topk_filter_study\results\sensitivity_suite\scenarios\known_targets_g19_t50_n100.csv,01,35,7,0,35,1,1,0,0,0,0.0,0,0,226,74,152,731,0,80,67.9471,0.84933875,0.7714,1.4364,1.9879,27.8062,0.3475775,0.30635,0.6511,0.8918,80,40.1409,0.50176125,0.3519,1.0027,1.2217,completed
85,known_visit,ACBBA,ideal,1.0,19,361,4,50,multitarget_g19_r4_t50_acbba_topk005,C:\Users\lottj\Desktop\research\decentralized benchmark\topk_filter_study\results\sensitivity_suite\scenarios\known_targets_g19_t50_n100.csv,02,48,15,0,48,1,7,0,0,0,0.0,0,0,260,98,162,698,0,39,40.9312,1.0495179487179487,1.0043,1.5646,1.6031,17.5436,0.44983589743589747,0.4672,0.6135,0.6179,39,23.3876,0.5996820512820512,0.5633,1.0267,1.0298,completed
85,known_visit,ACBBA,ideal,1.0,19,361,4,50,multitarget_g19_r4_t50_acbba_topk005,C:\Users\lottj\Desktop\research\decentralized benchmark\topk_filter_study\results\sensitivity_suite\scenarios\known_targets_g19_t50_n100.csv,03,39,15,1,39,1,4,0,0,0,0.0,0,0,246,80,166,711,0,64,54.7293,0.8551453125,0.67135,1.4281,1.8184,25.2393,0.3943640625,0.32205,0.6522,0.8306,64,29.49,0.46078125,0.30874999999999997,0.9246,1.1662,completed
86,known_visit,ACBBA,ideal,1.0,19,361,4,50,multitarget_g19_r4_t50_acbba_topk005,C:\Users\lottj\Desktop\research\decentralized benchmark\topk_filter_study\results\sensitivity_suite\scenarios\known_targets_g19_t50_n100.csv,00,46,15,0,46,1,0,0,0,0,0.0,0,0,253,95,158,739,0,79,69.0052,0.8734835443037975,0.8004,1.4317,1.5646,30.6795,0.3883481012658228,0.3542,0.6291,0.7228,79,38.3257,0.4851354430379747,0.3874,0.9664,1.1601,completed
86,known_visit,ACBBA,ideal,1.0,19,361,4,50,multitarget_g19_r4_t50_acbba_topk005,C:\Users\lottj\Desktop\research\decentralized benchmark\topk_filter_study\results\sensitivity_suite\scenarios\known_targets_g19_t50_n100.csv,01,42,10,1,39,4,3,0,0,0,0.0,0,0,243,87,156,749,0,91,72.7475,0.7994230769230769,0.6672,1.4284,1.6599,32.5424,0.35760879120879124,0.3326,0.6297,0.7374,91,40.2051,0.4418142857142857,0.3155,0.9955,1.3583,completed
86,known_visit,ACBBA,ideal,1.0,19,361,4,50,multitarget_g19_r4_t50_acbba_topk005,C:\Users\lottj\Desktop\research\decentralized benchmark\topk_filter_study\results\sensitivity_suite\scenarios\known_targets_g19_t50_n100.csv,02,52,13,4,37,16,4,0,0,0,0.0,0,0,266,107,159,727,0,58,51.9293,0.8953327586206896,0.8187500000000001,1.5032,2.1967,22.119600000000002,0.3813724137931035,0.37129999999999996,0.6733,0.683,58,29.8097,0.5139603448275862,0.4264,1.0094,1.5231,completed
86,known_visit,ACBBA,ideal,1.0,19,361,4,50,multitarget_g19_r4_t50_acbba_topk005,C:\Users\lottj\Desktop\research\decentralized benchmark\topk_filter_study\results\sensitivity_suite\scenarios\known_targets_g19_t50_n100.csv,03,39,12,0,40,0,4,0,0,0,0.0,0,0,231,81,150,761,0,103,84.4039,0.8194553398058252,0.732,1.3866,1.737,37.884100000000004,0.3678067961165049,0.3487,0.5828,0.7353,103,46.519800000000004,0.45164854368932045,0.3563,0.8917,1.0357,completed
87,known_visit,ACBBA,ideal,1.0,19,361,4,50,multitarget_g19_r4_t50_acbba_topk005,C:\Users\lottj\Desktop\research\decentralized benchmark\topk_filter_study\results\sensitivity_suite\scenarios\known_targets_g19_t50_n100.csv,00,41,13,0,41,1,0,0,0,0,0.0,0,0,237,83,154,687,0,37,45.1045,1.2190405405405407,0.9247,1.7872,8.8757,13.4015,0.3622027027027027,0.3016,0.627,0.6276,37,31.703,0.8568378378378378,0.5742,1.6015,8.6668,completed
87,known_visit,ACBBA,ideal,1.0,19,361,4,50,multitarget_g19_r4_t50_acbba_topk005,C:\Users\lottj\Desktop\research\decentralized benchmark\topk_filter_study\results\sensitivity_suite\scenarios\known_targets_g19_t50_n100.csv,01,40,16,0,41,0,6,0,0,0,0.0,0,0,243,82,161,680,0,39,42.239399999999996,1.0830615384615383,1.1146,1.6378,2.2169,17.7444,0.4549846153846154,0.4275,0.8908,1.2165,39,24.495,0.6280769230769231,0.583,1.0937,1.1696,completed
87,known_visit,ACBBA,ideal,1.0,19,361,4,50,multitarget_g19_r4_t50_acbba_topk005,C:\Users\lottj\Desktop\research\decentralized benchmark\topk_filter_study\results\sensitivity_suite\scenarios\known_targets_g19_t50_n100.csv,02,37,12,0,37,1,5,0,0,0,0.0,0,0,231,77,154,692,0,45,44.9364,0.9985866666666666,0.924,1.8276,2.0261,20.105,0.4467777777777778,0.3655,0.8063,1.3508,45,24.8314,0.5518088888888889,0.5408,0.9786,1.1863,completed
87,known_visit,ACBBA,ideal,1.0,19,361,4,50,multitarget_g19_r4_t50_acbba_topk005,C:\Users\lottj\Desktop\research\decentralized benchmark\topk_filter_study\results\sensitivity_suite\scenarios\known_targets_g19_t50_n100.csv,03,30,9,0,28,3,1,0,0,0,0.0,0,0,213,64,149,710,0,65,59.2309,0.9112446153846153,0.7627,1.6197,2.5365,23.1062,0.35548,0.3352,0.619,0.6661,65,36.1247,0.5557646153846153,0.392,1.0853,2.0164,completed
88,known_visit,ACBBA,ideal,1.0,19,361,4,50,multitarget_g19_r4_t50_acbba_topk005,C:\Users\lottj\Desktop\research\decentralized benchmark\topk_filter_study\results\sensitivity_suite\scenarios\known_targets_g19_t50_n100.csv,00,52,11,2,51,2,3,0,0,0,0.0,0,0,271,106,165,761,0,46,50.4841,1.0974804347826086,0.9993500000000001,1.7157,1.8145,20.2596,0.4404260869565217,0.40365,0.6254,0.8992,46,30.2245,0.657054347826087,0.50735,1.1336,1.4742,completed
88,known_visit,ACBBA,ideal,1.0,19,361,4,50,multitarget_g19_r4_t50_acbba_topk005,C:\Users\lottj\Desktop\research\decentralized benchmark\topk_filter_study\results\sensitivity_suite\scenarios\known_targets_g19_t50_n100.csv,01,35,11,1,33,3,2,0,0,0,0.0,0,0,240,75,165,791,0,97,88.89,0.9163917525773196,0.7718,1.6994,3.2089,39.9731,0.4120938144329897,0.3634,0.6537,2.5214,97,48.9169,0.5042979381443299,0.3925,1.1255,1.1972,completed
88,known_visit,ACBBA,ideal,1.0,19,361,4,50,multitarget_g19_r4_t50_acbba_topk005,C:\Users\lottj\Desktop\research\decentralized benchmark\topk_filter_study\results\sensitivity_suite\scenarios\known_targets_g19_t50_n100.csv,02,47,13,2,42,6,7,3,3,0,0.0,0,0,266,101,165,765,0,50,52.682,1.0536400000000001,0.9711000000000001,1.7911,2.0006,21.7715,0.43543,0.41045,0.6569,0.9354,50,30.9105,0.6182099999999999,0.5157,1.1267,1.2595,completed
88,known_visit,ACBBA,ideal,1.0,19,361,4,50,multitarget_g19_r4_t50_acbba_topk005,C:\Users\lottj\Desktop\research\decentralized benchmark\topk_filter_study\results\sensitivity_suite\scenarios\known_targets_g19_t50_n100.csv,03,40,15,0,39,2,4,0,0,0,0.0,0,0,255,83,172,776,0,79,68.8766,0.8718556962025316,0.7431,1.6313,2.1435,30.6009,0.387353164556962,0.361,0.5864,0.963,79,38.2757,0.4845025316455696,0.3546,1.1016,1.2663,completed
89,known_visit,ACBBA,ideal,1.0,19,361,4,50,multitarget_g19_r4_t50_acbba_topk005,C:\Users\lottj\Desktop\research\decentralized benchmark\topk_filter_study\results\sensitivity_suite\scenarios\known_targets_g19_t50_n100.csv,00,37,10,1,35,3,2,0,0,0,0.0,0,0,242,78,164,791,0,56,51.3129,0.9163017857142857,0.7647,1.6815,2.1365,21.7695,0.38874107142857145,0.34205,0.6282,0.7429,56,29.5434,0.5275607142857143,0.36205,1.0583,1.6843,completed
89,known_visit,ACBBA,ideal,1.0,19,361,4,50,multitarget_g19_r4_t50_acbba_topk005,C:\Users\lottj\Desktop\research\decentralized benchmark\topk_filter_study\results\sensitivity_suite\scenarios\known_targets_g19_t50_n100.csv,01,43,13,0,44,0,3,0,0,0,0.0,0,0,268,88,180,765,0,38,38.1249,1.003286842105263,0.96775,1.5218,1.5961,15.5265,0.4085921052631579,0.41685,0.6289,0.6341,38,22.598399999999998,0.5946947368421052,0.58985,0.9795,1.0592,completed
89,known_visit,ACBBA,ideal,1.0,19,361,4,50,multitarget_g19_r4_t50_acbba_topk005,C:\Users\lottj\Desktop\research\decentralized benchmark\topk_filter_study\results\sensitivity_suite\scenarios\known_targets_g19_t50_n100.csv,02,41,12,0,40,2,3,0,0,0,0.0,0,0,254,85,169,779,0,45,46.4101,1.0313355555555554,0.9854,1.5409,1.7523,17.811,0.3958,0.3491,0.6405,1.0437,45,28.5991,0.6355355555555555,0.6886,0.9614,1.0629,completed
89,known_visit,ACBBA,ideal,1.0,19,361,4,50,multitarget_g19_r4_t50_acbba_topk005,C:\Users\lottj\Desktop\research\decentralized benchmark\topk_filter_study\results\sensitivity_suite\scenarios\known_targets_g19_t50_n100.csv,03,43,15,1,42,2,0,0,0,0,0.0,0,0,270,88,182,764,0,41,43.0611,1.0502707317073172,0.937,1.6912,2.0916,18.1661,0.44307560975609755,0.3986,0.6461,1.5893,41,24.895,0.6071951219512195,0.5796,1.0462,1.1198,completed
90,known_visit,ACBBA,ideal,1.0,19,361,4,50,multitarget_g19_r4_t50_acbba_topk005,C:\Users\lottj\Desktop\research\decentralized benchmark\topk_filter_study\results\sensitivity_suite\scenarios\known_targets_g19_t50_n100.csv,00,35,13,0,36,0,4,0,0,0,0.0,0,0,242,72,170,764,0,84,76.60810000000001,0.9120011904761905,0.6671499999999999,1.5021,6.931,36.3294,0.4324928571428571,0.3315,0.6004,3.661,84,40.2787,0.4795083333333333,0.31584999999999996,0.9165,4.3046,completed
90,known_visit,ACBBA,ideal,1.0,19,361,4,50,multitarget_g19_r4_t50_acbba_topk005,C:\Users\lottj\Desktop\research\decentralized benchmark\topk_filter_study\results\sensitivity_suite\scenarios\known_targets_g19_t50_n100.csv,01,51,15,1,50,2,0,0,0,0,0.0,0,0,266,103,163,741,0,35,37.6788,1.0765371428571429,1.0504,1.5859,1.7945,14.8059,0.4230257142857143,0.3965,0.6455,0.7581,35,22.8729,0.6535114285714286,0.6701,1.118,1.149,completed
90,known_visit,ACBBA,ideal,1.0,19,361,4,50,multitarget_g19_r4_t50_acbba_topk005,C:\Users\lottj\Desktop\research\decentralized benchmark\topk_filter_study\results\sensitivity_suite\scenarios\known_targets_g19_t50_n100.csv,02,34,12,1,34,1,3,1,1,0,0.0,0,0,243,72,171,763,0,89,79.6973,0.8954752808988764,0.7047,1.5825,3.9696,37.2608,0.4186606741573034,0.3586,0.6816,2.0439,89,42.4365,0.47681460674157305,0.3255,0.9448,3.288,completed
90,known_visit,ACBBA,ideal,1.0,19,361,4,50,multitarget_g19_r4_t50_acbba_topk005,C:\Users\lottj\Desktop\research\decentralized benchmark\topk_filter_study\results\sensitivity_suite\scenarios\known_targets_g19_t50_n100.csv,03,42,10,1,42,1,4,0,0,0,0.0,0,0,256,87,169,750,0,70,60.2509,0.8607271428571429,0.7447,1.4608,1.5745,26.2448,0.3749257142857143,0.3395,0.6285,0.8414,70,34.0061,0.4858014285714286,0.34715,0.9312,0.974,completed
91,known_visit,ACBBA,ideal,1.0,19,361,4,50,multitarget_g19_r4_t50_acbba_topk005,C:\Users\lottj\Desktop\research\decentralized benchmark\topk_filter_study\results\sensitivity_suite\scenarios\known_targets_g19_t50_n100.csv,00,61,13,2,56,6,2,0,0,0,0.0,0,0,319,124,195,887,0,60,59.819,0.9969833333333333,0.9095500000000001,1.3949,1.6301,26.8508,0.4475133333333333,0.4115,0.6494,0.9484,60,32.9682,0.54947,0.4397,0.9595,1.0502,completed
91,known_visit,ACBBA,ideal,1.0,19,361,4,50,multitarget_g19_r4_t50_acbba_topk005,C:\Users\lottj\Desktop\research\decentralized benchmark\topk_filter_study\results\sensitivity_suite\scenarios\known_targets_g19_t50_n100.csv,01,48,10,0,47,2,9,1,1,0,0.0,0,0,292,101,191,913,0,106,97.1991,0.916972641509434,0.88765,1.5079,2.1389,45.278999999999996,0.42716037735849055,0.3628,0.6737,1.1194,106,51.9201,0.48981226415094337,0.3748,0.9291,1.2797,completed
91,known_visit,ACBBA,ideal,1.0,19,361,4,50,multitarget_g19_r4_t50_acbba_topk005,C:\Users\lottj\Desktop\research\decentralized benchmark\topk_filter_study\results\sensitivity_suite\scenarios\known_targets_g19_t50_n100.csv,02,49,12,3,44,6,4,0,0,0,0.0,0,0,295,102,193,910,0,102,92.5272,0.9071294117647059,0.7894,1.4438,1.8001,46.9605,0.46039705882352944,0.4047,0.784,1.4464,102,45.5667,0.44673235294117647,0.3526,0.9304,1.0161,completed
91,known_visit,ACBBA,ideal,1.0,19,361,4,50,multitarget_g19_r4_t50_acbba_topk005,C:\Users\lottj\Desktop\research\decentralized benchmark\topk_filter_study\results\sensitivity_suite\scenarios\known_targets_g19_t50_n100.csv,03,49,15,3,45,5,3,1,1,0,0.0,0,0,300,102,198,905,0,94,79.93599999999999,0.8503829787234042,0.7085,1.4566,1.534,38.1666,0.4060276595744681,0.35595,0.6993,0.9495,94,41.7694,0.44435531914893617,0.32835000000000003,0.8892,0.9788,completed
92,known_visit,ACBBA,ideal,1.0,19,361,4,50,multitarget_g19_r4_t50_acbba_topk005,C:\Users\lottj\Desktop\research\decentralized benchmark\topk_filter_study\results\sensitivity_suite\scenarios\known_targets_g19_t50_n100.csv,00,61,16,0,57,5,1,0,0,0,0.0,0,0,296,123,173,750,0,38,44.988,1.1838947368421053,1.0278,3.0391,4.7333,16.3449,0.43012894736842106,0.3728,0.7541,1.254,38,28.6431,0.7537657894736842,0.6100000000000001,2.7742,3.4793,completed
92,known_visit,ACBBA,ideal,1.0,19,361,4,50,multitarget_g19_r4_t50_acbba_topk005,C:\Users\lottj\Desktop\research\decentralized benchmark\topk_filter_study\results\sensitivity_suite\scenarios\known_targets_g19_t50_n100.csv,01,35,14,0,35,1,3,0,0,0,0.0,0,0,239,74,165,806,0,122,104.5345,0.8568401639344262,0.76825,1.3909,2.6873,49.5433,0.4060926229508197,0.3709,0.6348,1.3758,122,54.9912,0.45074754098360653,0.36875,0.9928,1.3115,completed
92,known_visit,ACBBA,ideal,1.0,19,361,4,50,multitarget_g19_r4_t50_acbba_topk005,C:\Users\lottj\Desktop\research\decentralized benchmark\topk_filter_study\results\sensitivity_suite\scenarios\known_targets_g19_t50_n100.csv,02,47,11,0,46,2,6,0,0,0,0.0,0,0,257,97,160,788,0,81,77.9283,0.9620777777777777,0.9164,1.5269,2.0982,32.9549,0.40685061728395067,0.3606,0.7396,1.0786,81,44.9734,0.5552271604938271,0.45,1.0567,1.2642,completed
92,known_visit,ACBBA,ideal,1.0,19,361,4,50,multitarget_g19_r4_t50_acbba_topk005,C:\Users\lottj\Desktop\research\decentralized benchmark\topk_filter_study\results\sensitivity_suite\scenarios\known_targets_g19_t50_n100.csv,03,43,9,2,37,7,6,0,0,0,0.0,0,0,254,92,162,791,0,98,85.5272,0.8727265306122448,0.75745,1.5997,2.7514,41.0487,0.4188642857142857,0.3558,0.6442,1.7724,98,44.4785,0.4538622448979592,0.34114999999999995,1.0004,1.2098,completed
93,known_visit,ACBBA,ideal,1.0,19,361,4,50,multitarget_g19_r4_t50_acbba_topk005,C:\Users\lottj\Desktop\research\decentralized benchmark\topk_filter_study\results\sensitivity_suite\scenarios\known_targets_g19_t50_n100.csv,00,49,12,0,49,1,2,1,1,0,0.0,0,0,272,101,171,719,0,38,42.8629,1.127971052631579,1.0523500000000001,1.8514,2.3055,16.1017,0.4237289473684211,0.43495,0.6567,0.899,38,26.7612,0.7042421052631579,0.70245,1.2815,1.7247,completed
93,known_visit,ACBBA,ideal,1.0,19,361,4,50,multitarget_g19_r4_t50_acbba_topk005,C:\Users\lottj\Desktop\research\decentralized benchmark\topk_filter_study\results\sensitivity_suite\scenarios\known_targets_g19_t50_n100.csv,01,39,14,0,39,1,4,0,0,0,0.0,0,0,246,81,165,744,0,57,56.7131,0.9949666666666667,0.9533,1.6858,1.7805,24.9415,0.4375701754385965,0.3781,0.7739,1.3407,57,31.7716,0.5573964912280701,0.42,1.0553,1.1121,completed
93,known_visit,ACBBA,ideal,1.0,19,361,4,50,multitarget_g19_r4_t50_acbba_topk005,C:\Users\lottj\Desktop\research\decentralized benchmark\topk_filter_study\results\sensitivity_suite\scenarios\known_targets_g19_t50_n100.csv,02,37,10,0,35,3,1,0,0,0,0.0,0,0,239,78,161,751,0,75,68.7347,0.9164626666666668,0.7552,1.5124,2.2157,31.0303,0.41373733333333335,0.3779,0.5957,1.4932,75,37.7044,0.5027253333333334,0.3583,1.0297,1.1064,completed
93,known_visit,ACBBA,ideal,1.0,19,361,4,50,multitarget_g19_r4_t50_acbba_topk005,C:\Users\lottj\Desktop\research\decentralized benchmark\topk_filter_study\results\sensitivity_suite\scenarios\known_targets_g19_t50_n100.csv,03,38,14,0,39,0,1,0,0,0,0.0,0,0,234,78,156,756,0,70,64.9064,0.9272342857142858,0.7899,1.5317,1.9444,29.6772,0.42396,0.37285,0.7111,1.1324,70,35.2292,0.5032742857142857,0.36595,0.9508,1.7806,completed
94,known_visit,ACBBA,ideal,1.0,19,361,4,50,multitarget_g19_r4_t50_acbba_topk005,C:\Users\lottj\Desktop\research\decentralized benchmark\topk_filter_study\results\sensitivity_suite\scenarios\known_targets_g19_t50_n100.csv,00,35,11,0,36,0,3,0,0,0,0.0,0,0,236,72,164,786,0,71,58.9944,0.8309070422535211,0.6934,1.4863,2.3219,25.7694,0.3629492957746479,0.3504,0.5154,0.7959,71,33.225,0.4679577464788733,0.3317,1.0866,1.8153,completed
94,known_visit,ACBBA,ideal,1.0,19,361,4,50,multitarget_g19_r4_t50_acbba_topk005,C:\Users\lottj\Desktop\research\decentralized benchmark\topk_filter_study\results\sensitivity_suite\scenarios\known_targets_g19_t50_n100.csv,01,46,12,2,41,6,7,0,0,0,0.0,0,0,276,96,180,747,0,38,37.9885,0.9996973684210527,0.9465,1.497,1.6624,16.2021,0.426371052631579,0.41664999999999996,0.5926,0.6514,38,21.7864,0.5733263157894737,0.52275,1.011,1.0401,completed
94,known_visit,ACBBA,ideal,1.0,19,361,4,50,multitarget_g19_r4_t50_acbba_topk005,C:\Users\lottj\Desktop\research\decentralized benchmark\topk_filter_study\results\sensitivity_suite\scenarios\known_targets_g19_t50_n100.csv,02,40,15,0,40,1,4,0,0,0,0.0,0,0,261,83,178,761,0,57,54.9495,0.9640263157894737,0.897,1.7271,2.254,22.9605,0.4028157894736842,0.3744,0.6591,0.8831,57,31.989,0.5612105263157895,0.4698,1.068,1.8112,completed
94,known_visit,ACBBA,ideal,1.0,19,361,4,50,multitarget_g19_r4_t50_acbba_topk005,C:\Users\lottj\Desktop\research\decentralized benchmark\topk_filter_study\results\sensitivity_suite\scenarios\known_targets_g19_t50_n100.csv,03,36,12,1,34,3,1,1,1,0,0.0,0,0,250,75,175,772,0,68,56.8446,0.83595,0.69455,1.4317,1.9537,25.9946,0.3822735294117647,0.35435,0.5542,1.028,68,30.85,0.4536764705882353,0.32835000000000003,0.9685,1.1153,completed
95,known_visit,ACBBA,ideal,1.0,19,361,4,50,multitarget_g19_r4_t50_acbba_topk005,C:\Users\lottj\Desktop\research\decentralized benchmark\topk_filter_study\results\sensitivity_suite\scenarios\known_targets_g19_t50_n100.csv,00,44,13,0,45,0,3,0,0,0,0.0,0,0,281,91,190,824,0,55,45.3735,0.8249727272727273,0.7721,1.3716,1.4219,18.4407,0.33528545454545455,0.2987,0.5343,0.5987,55,26.9328,0.48968727272727275,0.4207,0.9068,1.0155,completed
95,known_visit,ACBBA,ideal,1.0,19,361,4,50,multitarget_g19_r4_t50_acbba_topk005,C:\Users\lottj\Desktop\research\decentralized benchmark\topk_filter_study\results\sensitivity_suite\scenarios\known_targets_g19_t50_n100.csv,01,41,9,0,40,2,5,0,0,0,0.0,0,0,279,85,194,827,0,62,56.419,0.9099838709677419,0.82655,1.2991,1.5701,20.1446,0.32491290322580646,0.28895000000000004,0.5187,0.6257,62,36.2744,0.5850709677419355,0.5298,0.8612,1.0084,completed
95,known_visit,ACBBA,ideal,1.0,19,361,4,50,multitarget_g19_r4_t50_acbba_topk005,C:\Users\lottj\Desktop\research\decentralized benchmark\topk_filter_study\results\sensitivity_suite\scenarios\known_targets_g19_t50_n100.csv,02,36,11,0,37,0,2,2,1,1,5.0,1,0,266,76,190,839,0,73,56.0657,0.7680232876712328,0.6754,1.207,1.5115,24.1492,0.3308109589041096,0.3101,0.5222,0.5813,73,31.9165,0.4372123287671233,0.3561,0.9058,0.9475,completed
95,known_visit,ACBBA,ideal,1.0,19,361,4,50,multitarget_g19_r4_t50_acbba_topk005,C:\Users\lottj\Desktop\research\decentralized benchmark\topk_filter_study\results\sensitivity_suite\scenarios\known_targets_g19_t50_n100.csv,03,41,17,0,38,4,0,0,0,0,0.0,0,0,280,86,194,825,0,64,49.9789,0.7809203125,0.7504500000000001,1.3753,1.5097,22.2058,0.346965625,0.2985,0.5161,0.599,64,27.7731,0.4339546875,0.374,0.8648,0.9738,completed
96,known_visit,ACBBA,ideal,1.0,19,361,4,50,multitarget_g19_r4_t50_acbba_topk005,C:\Users\lottj\Desktop\research\decentralized benchmark\topk_filter_study\results\sensitivity_suite\scenarios\known_targets_g19_t50_n100.csv,00,43,9,1,37,7,2,4,4,0,0.0,0,0,259,92,167,794,0,73,71.027,0.9729726027397261,0.9759,1.3705,2.1642,30.3466,0.41570684931506846,0.3829,0.6224,0.7422,73,40.6804,0.5572657534246576,0.5486,0.9107,1.7485,completed
96,known_visit,ACBBA,ideal,1.0,19,361,4,50,multitarget_g19_r4_t50_acbba_topk005,C:\Users\lottj\Desktop\research\decentralized benchmark\topk_filter_study\results\sensitivity_suite\scenarios\known_targets_g19_t50_n100.csv,01,43,14,1,41,3,2,0,0,0,0.0,0,0,262,88,174,792,0,77,76.8688,0.9982961038961038,0.9821,1.5026,1.9051,30.175,0.3918831168831169,0.3662,0.6097,0.6683,77,46.6938,0.6064129870129871,0.5704,0.9281,1.4239,completed
96,known_visit,ACBBA,ideal,1.0,19,361,4,50,multitarget_g19_r4_t50_acbba_topk005,C:\Users\lottj\Desktop\research\decentralized benchmark\topk_filter_study\results\sensitivity_suite\scenarios\known_targets_g19_t50_n100.csv,02,44,10,1,42,3,6,0,0,0,0.0,0,0,261,92,169,792,0,76,75.7224,0.9963473684210525,0.9657,1.4826,2.0251,29.7011,0.39080394736842106,0.34615,0.6678,0.9402,76,46.0213,0.6055434210526315,0.5541,1.0118,1.4862,completed
96,known_visit,ACBBA,ideal,1.0,19,361,4,50,multitarget_g19_r4_t50_acbba_topk005,C:\Users\lottj\Desktop\research\decentralized benchmark\topk_filter_study\results\sensitivity_suite\scenarios\known_targets_g19_t50_n100.csv,03,48,17,0,49,0,2,0,0,0,0.0,0,0,272,99,173,781,0,53,52.0119,0.9813566037735848,0.9873,1.4025,1.9545,24.0126,0.45306792452830186,0.3975,0.6339,1.4874,53,27.999299999999998,0.528288679245283,0.5273,0.8997,0.9707,completed
97,known_visit,ACBBA,ideal,1.0,19,361,4,50,multitarget_g19_r4_t50_acbba_topk005,C:\Users\lottj\Desktop\research\decentralized benchmark\topk_filter_study\results\sensitivity_suite\scenarios\known_targets_g19_t50_n100.csv,00,37,11,2,33,5,5,0,0,0,0.0,0,0,246,77,169,788,0,68,66.8378,0.9829088235294118,0.97865,1.5873,3.1234,27.0994,0.3985205882352941,0.34404999999999997,0.6581,0.7644,68,39.7384,0.5843882352941177,0.4802,1.1063,2.4618,completed
97,known_visit,ACBBA,ideal,1.0,19,361,4,50,multitarget_g19_r4_t50_acbba_topk005,C:\Users\lottj\Desktop\research\decentralized benchmark\topk_filter_study\results\sensitivity_suite\scenarios\known_targets_g19_t50_n100.csv,01,46,12,4,40,7,3,2,1,1,5.0,1,0,269,97,172,766,0,42,45.5088,1.0835428571428571,1.0601,1.527,1.8443,19.319,0.4599761904761904,0.42400000000000004,0.6938,0.7375,42,26.1898,0.6235666666666667,0.61035,0.9678,1.1254,completed
97,known_visit,ACBBA,ideal,1.0,19,361,4,50,multitarget_g19_r4_t50_acbba_topk005,C:\Users\lottj\Desktop\research\decentralized benchmark\topk_filter_study\results\sensitivity_suite\scenarios\known_targets_g19_t50_n100.csv,02,41,13,0,41,1,4,0,0,0,0.0,0,0,266,84,182,768,0,54,48.7092,0.9020222222222223,0.9068499999999999,1.4887,1.7155,21.0973,0.3906907407407407,0.32535000000000003,0.624,0.798,54,27.6119,0.5113314814814814,0.44775,0.9956,1.0805,completed
97,known_visit,ACBBA,ideal,1.0,19,361,4,50,multitarget_g19_r4_t50_acbba_topk005,C:\Users\lottj\Desktop\research\decentralized benchmark\topk_filter_study\results\sensitivity_suite\scenarios\known_targets_g19_t50_n100.csv,03,40,14,0,39,2,1,0,0,0,0.0,0,0,254,82,172,780,0,56,54.8962,0.9802892857142858,0.80835,1.6326,5.3125,27.2507,0.4866196428571428,0.35735,0.7015,5.0497,56,27.6455,0.4936696428571428,0.4048,0.9895,1.1946,completed
98,known_visit,ACBBA,ideal,1.0,19,361,4,50,multitarget_g19_r4_t50_acbba_topk005,C:\Users\lottj\Desktop\research\decentralized benchmark\topk_filter_study\results\sensitivity_suite\scenarios\known_targets_g19_t50_n100.csv,00,42,15,0,42,1,1,0,0,0,0.0,0,0,242,86,156,708,0,38,42.5723,1.1203236842105262,1.0368499999999998,1.597,2.3074,18.1978,0.47888947368421053,0.48155,0.9762,1.1886,38,24.3745,0.6414342105263158,0.5784499999999999,1.1188,1.2201,completed
98,known_visit,ACBBA,ideal,1.0,19,361,4,50,multitarget_g19_r4_t50_acbba_topk005,C:\Users\lottj\Desktop\research\decentralized benchmark\topk_filter_study\results\sensitivity_suite\scenarios\known_targets_g19_t50_n100.csv,01,43,12,1,42,2,0,0,0,0,0.0,0,0,244,87,157,707,0,35,38.9316,1.1123314285714287,1.0637,2.0567,2.0663,15.5423,0.4440657142857143,0.4106,0.9717,1.2144,35,23.3893,0.6682657142857142,0.5729,1.0718,1.7603,completed
98,known_visit,ACBBA,ideal,1.0,19,361,4,50,multitarget_g19_r4_t50_acbba_topk005,C:\Users\lottj\Desktop\research\decentralized benchmark\topk_filter_study\results\sensitivity_suite\scenarios\known_targets_g19_t50_n100.csv,02,41,16,0,41,1,2,0,0,0,0.0,0,0,246,86,160,704,0,40,46.2689,1.1567225,1.07125,1.7897,2.3877,19.9164,0.49790999999999996,0.4548,0.975,1.1271,40,26.3525,0.6588125,0.5872999999999999,1.0079,1.4127,completed
98,known_visit,ACBBA,ideal,1.0,19,361,4,50,multitarget_g19_r4_t50_acbba_topk005,C:\Users\lottj\Desktop\research\decentralized benchmark\topk_filter_study\results\sensitivity_suite\scenarios\known_targets_g19_t50_n100.csv,03,28,7,2,23,6,2,0,0,0,0.0,0,0,219,62,157,731,0,81,87.2038,1.07659012345679,1.0249,1.6251,2.3961,33.8027,0.4173172839506173,0.3671,0.6428,0.8331,81,53.4011,0.6592728395061729,0.6535,1.0112,1.7627,completed
99,known_visit,ACBBA,ideal,1.0,19,361,4,50,multitarget_g19_r4_t50_acbba_topk005,C:\Users\lottj\Desktop\research\decentralized benchmark\topk_filter_study\results\sensitivity_suite\scenarios\known_targets_g19_t50_n100.csv,00,38,17,0,39,0,3,0,0,0,0.0,0,0,256,78,178,734,0,37,44.5086,1.2029351351351352,1.0366,2.026,6.5646,16.4019,0.44329459459459464,0.4153,0.7062,1.5241,37,28.1067,0.7596405405405405,0.5594,0.961,5.8584,completed
99,known_visit,ACBBA,ideal,1.0,19,361,4,50,multitarget_g19_r4_t50_acbba_topk005,C:\Users\lottj\Desktop\research\decentralized benchmark\topk_filter_study\results\sensitivity_suite\scenarios\known_targets_g19_t50_n100.csv,01,35,10,0,36,0,2,0,0,0,0.0,0,0,240,73,167,749,0,45,44.6918,0.9931511111111111,0.8533,1.5442,1.9523,19.3883,0.43085111111111113,0.3917,0.573,1.0079,45,25.3035,0.5623,0.4902,0.9943,1.3951,completed
99,known_visit,ACBBA,ideal,1.0,19,361,4,50,multitarget_g19_r4_t50_acbba_topk005,C:\Users\lottj\Desktop\research\decentralized benchmark\topk_filter_study\results\sensitivity_suite\scenarios\known_targets_g19_t50_n100.csv,02,34,11,1,33,2,1,1,1,0,0.0,0,0,246,71,175,743,0,45,43.9054,0.9756755555555555,0.9995,1.5105,2.141,18.4417,0.4098155555555556,0.3524,0.6499,0.9251,45,25.4637,0.56586,0.49,0.9669,1.7436,completed
99,known_visit,ACBBA,ideal,1.0,19,361,4,50,multitarget_g19_r4_t50_acbba_topk005,C:\Users\lottj\Desktop\research\decentralized benchmark\topk_filter_study\results\sensitivity_suite\scenarios\known_targets_g19_t50_n100.csv,03,33,12,0,33,1,4,0,0,0,0.0,0,0,248,72,176,741,0,53,56.3333,1.0628924528301886,0.8902,1.4278,7.9813,22.9464,0.4329509433962264,0.4021,0.6448,0.9362,53,33.3869,0.6299415094339622,0.4125,0.9292,7.0451,completed
