trial_id,trial_mode,algorithm,comm_model,comm_level,grid_size,grid_cells,robot_count,target_count,condition_id,scenario_file,robot_id,steps_total,targets_found,task_cell_revisits,unique_cells_contributed,system_revisits_by_robot,task_cell_replans,path_replans,collision_prevention_events,blocked_task_quarantines,blocked_task_quarantine_time_s,maximum_quarantine_level,stall_recoveries,messages_sent,core_messages_sent,allocation_messages_sent,messages_delivered_to_robot,messages_dropped_to_robot,allocator_calls,allocator_time_ms_total,allocator_time_ms_mean,allocator_time_ms_median,allocator_time_ms_p95,allocator_time_ms_max,allocator_solve_time_ms_total,allocator_solve_time_ms_mean,allocator_solve_time_ms_median,allocator_solve_time_ms_p95,allocator_solve_time_ms_max,candidate_filter_calls,candidate_filter_time_ms_total,candidate_filter_time_ms_mean,candidate_filter_time_ms_median,candidate_filter_time_ms_p95,candidate_filter_time_ms_max,trial_status
0,known_visit,CBAA,ideal,1.0,19,361,4,50,multitarget_g19_r4_t50_cbaa_topk075,C:\Users\lottj\Desktop\research\decentralized benchmark\topk_filter_study\results\sensitivity_suite\scenarios\known_targets_g19_t50_n100.csv,00,37,10,1,37,1,0,0,0,0,0.0,0,0,258,76,182,839,0,74,35.0625,0.47381756756756754,0.3003,1.7637,2.2922,16.5797,0.22405,0.11685,0.9704,1.2872,57,18.4828,0.324259649122807,0.261,0.7933,1.1074,completed
0,known_visit,CBAA,ideal,1.0,19,361,4,50,multitarget_g19_r4_t50_cbaa_topk075,C:\Users\lottj\Desktop\research\decentralized benchmark\topk_filter_study\results\sensitivity_suite\scenarios\known_targets_g19_t50_n100.csv,01,37,12,0,36,2,3,3,3,0,0.0,0,0,271,79,192,826,0,78,43.2924,0.5550307692307692,0.29515,1.9921,4.4149,21.0921,0.2704115384615384,0.11215,1.0617,2.922,57,22.2003,0.38947894736842104,0.2758,0.9304,2.9915,completed
0,known_visit,CBAA,ideal,1.0,19,361,4,50,multitarget_g19_r4_t50_cbaa_topk075,C:\Users\lottj\Desktop\research\decentralized benchmark\topk_filter_study\results\sensitivity_suite\scenarios\known_targets_g19_t50_n100.csv,02,51,15,1,51,1,0,0,0,0,0.0,0,0,293,103,190,806,0,33,20.4149,0.6186333333333334,0.1589,2.1914,2.2606,11.6335,0.352530303030303,0.1589,1.1097,1.2125,16,8.7814,0.5488375,0.475,1.1509,1.1509,completed
0,known_visit,CBAA,ideal,1.0,19,361,4,50,multitarget_g19_r4_t50_cbaa_topk075,C:\Users\lottj\Desktop\research\decentralized benchmark\topk_filter_study\results\sensitivity_suite\scenarios\known_targets_g19_t50_n100.csv,03,44,13,0,44,1,0,0,0,0,0.0,0,0,277,91,186,820,0,55,27.788800000000002,0.5052509090909091,0.285,1.8524,3.0047,14.7396,0.26799272727272727,0.1478,1.0168,1.8644,34,13.0492,0.38380000000000003,0.29945,0.948,1.1403,completed
1,known_visit,CBAA,ideal,1.0,19,361,4,50,multitarget_g19_r4_t50_cbaa_topk075,C:\Users\lottj\Desktop\research\decentralized benchmark\topk_filter_study\results\sensitivity_suite\scenarios\known_targets_g19_t50_n100.csv,00,43,13,2,39,5,3,0,0,0,0.0,0,0,280,88,192,846,0,42,22.4523,0.5345785714285715,0.1446,1.8091,2.0173,12.85,0.3059523809523809,0.1347,1.0362,1.0796,20,9.6023,0.48011499999999996,0.4679,0.8854,0.9377,completed
1,known_visit,CBAA,ideal,1.0,19,361,4,50,multitarget_g19_r4_t50_cbaa_topk075,C:\Users\lottj\Desktop\research\decentralized benchmark\topk_filter_study\results\sensitivity_suite\scenarios\known_targets_g19_t50_n100.csv,01,44,12,1,43,2,1,2,1,1,5.0,1,0,283,91,192,845,0,39,19.4484,0.4986769230769231,0.1358,1.8863,2.2187,11.4184,0.2927794871794872,0.1358,1.0624,1.1495,15,8.03,0.5353333333333333,0.4985,1.0692,1.0692,completed
1,known_visit,CBAA,ideal,1.0,19,361,4,50,multitarget_g19_r4_t50_cbaa_topk075,C:\Users\lottj\Desktop\research\decentralized benchmark\topk_filter_study\results\sensitivity_suite\scenarios\known_targets_g19_t50_n100.csv,02,43,12,0,43,1,4,0,0,0,0.0,0,0,284,88,196,842,0,40,22.6439,0.5660974999999999,0.14275,1.8545,2.1218,13.1568,0.32892,0.14275,1.0104,1.1838,18,9.4871,0.5270611111111111,0.46245,0.938,0.938,completed
1,known_visit,CBAA,ideal,1.0,19,361,4,50,multitarget_g19_r4_t50_cbaa_topk075,C:\Users\lottj\Desktop\research\decentralized benchmark\topk_filter_study\results\sensitivity_suite\scenarios\known_targets_g19_t50_n100.csv,03,42,13,0,42,1,3,0,0,0,0.0,0,0,281,86,195,845,0,40,22.2862,0.5571550000000001,0.35265,1.6081,1.9308,12.4169,0.3104225,0.1515,0.9769,1.0952,22,9.869299999999999,0.4486045454545454,0.4327,0.8376,0.8567,completed
2,known_visit,CBAA,ideal,1.0,19,361,4,50,multitarget_g19_r4_t50_cbaa_topk075,C:\Users\lottj\Desktop\research\decentralized benchmark\topk_filter_study\results\sensitivity_suite\scenarios\known_targets_g19_t50_n100.csv,00,39,13,1,36,4,1,1,1,0,0.0,0,0,282,84,198,838,0,54,31.065,0.5752777777777778,0.44005,1.9313,2.1259,15.9585,0.2955277777777778,0.16095,1.0832,1.1453,37,15.1065,0.40828378378378377,0.2969,0.8595,0.9806,completed
2,known_visit,CBAA,ideal,1.0,19,361,4,50,multitarget_g19_r4_t50_cbaa_topk075,C:\Users\lottj\Desktop\research\decentralized benchmark\topk_filter_study\results\sensitivity_suite\scenarios\known_targets_g19_t50_n100.csv,01,43,10,1,41,3,1,1,1,0,0.0,0,0,278,89,189,842,0,41,21.7099,0.529509756097561,0.1437,2.0129,3.4121,12.2257,0.2981878048780488,0.1405,1.1136,2.1039,19,9.4842,0.49916842105263154,0.3699,1.3082,1.3082,completed
2,known_visit,CBAA,ideal,1.0,19,361,4,50,multitarget_g19_r4_t50_cbaa_topk075,C:\Users\lottj\Desktop\research\decentralized benchmark\topk_filter_study\results\sensitivity_suite\scenarios\known_targets_g19_t50_n100.csv,02,44,11,1,41,4,3,0,0,0,0.0,0,0,276,90,186,844,0,36,21.0712,0.5853111111111111,0.1986,2.0917,2.1781,12.032,0.3342222222222222,0.14795,1.1704,1.1936,16,9.0392,0.56495,0.5182,0.9845,0.9845,completed
2,known_visit,CBAA,ideal,1.0,19,361,4,50,multitarget_g19_r4_t50_cbaa_topk075,C:\Users\lottj\Desktop\research\decentralized benchmark\topk_filter_study\results\sensitivity_suite\scenarios\known_targets_g19_t50_n100.csv,03,46,16,0,47,0,0,0,0,0,0.0,0,0,286,93,193,836,0,34,19.164,0.5636470588235295,0.2341,2.0762,2.1558,11.121599999999999,0.32710588235294114,0.16945,1.1274,1.287,16,8.0424,0.50265,0.43125,0.9488,0.9488,completed
3,known_visit,CBAA,ideal,1.0,19,361,4,50,multitarget_g19_r4_t50_cbaa_topk075,C:\Users\lottj\Desktop\research\decentralized benchmark\topk_filter_study\results\sensitivity_suite\scenarios\known_targets_g19_t50_n100.csv,00,50,13,1,43,8,0,0,0,0,0.0,0,0,314,101,213,915,0,36,19.8462,0.5512833333333333,0.16870000000000002,1.8801,2.0694,12.1096,0.3363777777777778,0.16870000000000002,1.0567,1.1286,14,7.7366,0.5526142857142857,0.5195000000000001,0.9408,0.9408,completed
3,known_visit,CBAA,ideal,1.0,19,361,4,50,multitarget_g19_r4_t50_cbaa_topk075,C:\Users\lottj\Desktop\research\decentralized benchmark\topk_filter_study\results\sensitivity_suite\scenarios\known_targets_g19_t50_n100.csv,01,47,8,4,39,9,6,0,0,0,0.0,0,0,304,96,208,923,0,45,31.0986,0.69108,0.4611,1.9441,5.431,18.3762,0.40836,0.1842,1.0706,4.6546,25,12.7224,0.508896,0.4061,0.9706,1.1452,completed
3,known_visit,CBAA,ideal,1.0,19,361,4,50,multitarget_g19_r4_t50_cbaa_topk075,C:\Users\lottj\Desktop\research\decentralized benchmark\topk_filter_study\results\sensitivity_suite\scenarios\known_targets_g19_t50_n100.csv,02,46,13,0,47,0,0,0,0,0,0.0,0,0,302,94,208,925,0,44,25.7778,0.5858590909090909,0.41395000000000004,1.8011,2.3148,14.2657,0.32422045454545456,0.1596,1.0427,1.5033,24,11.5121,0.4796708333333333,0.42255,0.9181,0.9925,completed
3,known_visit,CBAA,ideal,1.0,19,361,4,50,multitarget_g19_r4_t50_cbaa_topk075,C:\Users\lottj\Desktop\research\decentralized benchmark\topk_filter_study\results\sensitivity_suite\scenarios\known_targets_g19_t50_n100.csv,03,48,16,0,49,0,2,0,0,0,0.0,0,0,309,97,212,918,0,38,21.0612,0.5542421052631579,0.16110000000000002,2.0857,2.1118,12.1218,0.3189947368421053,0.16110000000000002,1.1803,1.2149,18,8.9394,0.49663333333333326,0.40135,0.9833,0.9833,completed
4,known_visit,CBAA,ideal,1.0,19,361,4,50,multitarget_g19_r4_t50_cbaa_topk075,C:\Users\lottj\Desktop\research\decentralized benchmark\topk_filter_study\results\sensitivity_suite\scenarios\known_targets_g19_t50_n100.csv,00,37,10,0,37,1,1,2,2,0,0.0,0,0,253,78,175,774,0,37,17.7615,0.4800405405405406,0.1449,1.8101,1.9307,10.2523,0.2770891891891892,0.1449,1.048,1.0497,16,7.5092,0.469325,0.44055,0.881,0.881,completed
4,known_visit,CBAA,ideal,1.0,19,361,4,50,multitarget_g19_r4_t50_cbaa_topk075,C:\Users\lottj\Desktop\research\decentralized benchmark\topk_filter_study\results\sensitivity_suite\scenarios\known_targets_g19_t50_n100.csv,01,39,12,0,40,0,1,0,0,0,0.0,0,0,252,80,172,775,0,37,22.9951,0.6214891891891892,0.1566,2.0026,2.79,12.8267,0.34666756756756756,0.1482,1.0385,1.1505,15,10.1684,0.6778933333333333,0.5759,1.9333,1.9333,completed
4,known_visit,CBAA,ideal,1.0,19,361,4,50,multitarget_g19_r4_t50_cbaa_topk075,C:\Users\lottj\Desktop\research\decentralized benchmark\topk_filter_study\results\sensitivity_suite\scenarios\known_targets_g19_t50_n100.csv,02,40,12,1,39,2,3,0,0,0,0.0,0,0,266,81,185,763,0,39,23.9545,0.6142179487179487,0.1543,1.9668,2.0798,14.2704,0.3659076923076923,0.1529,1.0754,1.103,17,9.6841,0.5696529411764706,0.4697,0.9768,0.9768,completed
4,known_visit,CBAA,ideal,1.0,19,361,4,50,multitarget_g19_r4_t50_cbaa_topk075,C:\Users\lottj\Desktop\research\decentralized benchmark\topk_filter_study\results\sensitivity_suite\scenarios\known_targets_g19_t50_n100.csv,03,39,16,0,40,0,0,1,1,0,0.0,0,0,258,80,178,769,0,39,19.508300000000002,0.5002128205128206,0.1425,1.8471,1.9708,11.1787,0.2866333333333333,0.1425,1.009,1.071,16,8.3296,0.5206,0.45794999999999997,0.8998,0.8998,completed
5,known_visit,CBAA,ideal,1.0,19,361,4,50,multitarget_g19_r4_t50_cbaa_topk075,C:\Users\lottj\Desktop\research\decentralized benchmark\topk_filter_study\results\sensitivity_suite\scenarios\known_targets_g19_t50_n100.csv,00,39,16,0,40,0,0,0,0,0,0.0,0,0,250,79,171,748,0,34,24.9107,0.7326676470588235,0.29715,2.2585,3.2041,15.0481,0.4425911764705882,0.16995,1.1459,2.6972,17,9.8626,0.5801529411764706,0.5069,1.176,1.176,completed
5,known_visit,CBAA,ideal,1.0,19,361,4,50,multitarget_g19_r4_t50_cbaa_topk075,C:\Users\lottj\Desktop\research\decentralized benchmark\topk_filter_study\results\sensitivity_suite\scenarios\known_targets_g19_t50_n100.csv,01,37,10,2,35,3,2,1,1,0,0.0,0,0,253,77,176,745,0,38,20.482,0.539,0.14765,2.0916,2.3973,11.7886,0.3102263157894737,0.13915,1.1396,1.3018,17,8.6934,0.5113764705882353,0.3925,1.0955,1.0955,completed
5,known_visit,CBAA,ideal,1.0,19,361,4,50,multitarget_g19_r4_t50_cbaa_topk075,C:\Users\lottj\Desktop\research\decentralized benchmark\topk_filter_study\results\sensitivity_suite\scenarios\known_targets_g19_t50_n100.csv,02,39,15,0,40,0,1,0,0,0,0.0,0,0,247,79,168,753,0,32,22.857400000000002,0.7142937500000001,0.2923,2.3088,3.1617,11.7304,0.366575,0.1663,1.1023,1.1468,16,11.127,0.6954375,0.5828,2.1237,2.1237,completed
5,known_visit,CBAA,ideal,1.0,19,361,4,50,multitarget_g19_r4_t50_cbaa_topk075,C:\Users\lottj\Desktop\research\decentralized benchmark\topk_filter_study\results\sensitivity_suite\scenarios\known_targets_g19_t50_n100.csv,03,39,9,0,39,1,1,0,0,0,0.0,0,0,250,79,171,748,0,35,16.1656,0.46187428571428574,0.142,2.3093,2.3125,9.706900000000001,0.27734000000000003,0.142,1.2473,1.4755,12,6.4587,0.5382250000000001,0.45765,1.062,1.062,completed
6,known_visit,CBAA,ideal,1.0,19,361,4,50,multitarget_g19_r4_t50_cbaa_topk075,C:\Users\lottj\Desktop\research\decentralized benchmark\topk_filter_study\results\sensitivity_suite\scenarios\known_targets_g19_t50_n100.csv,00,37,11,0,38,0,4,0,0,0,0.0,0,0,257,76,181,750,0,46,25.9173,0.5634195652173913,0.4541,1.8427,2.0118,13.8184,0.3004,0.1642,1.0122,1.1746,28,12.0989,0.4321035714285714,0.32775,0.8305,0.936,completed
6,known_visit,CBAA,ideal,1.0,19,361,4,50,multitarget_g19_r4_t50_cbaa_topk075,C:\Users\lottj\Desktop\research\decentralized benchmark\topk_filter_study\results\sensitivity_suite\scenarios\known_targets_g19_t50_n100.csv,01,41,14,0,41,1,0,1,1,0,0.0,0,0,252,84,168,757,0,35,22.2779,0.6365114285714285,0.1478,2.2265,4.5854,11.847900000000001,0.3385114285714286,0.1478,1.3216,1.379,14,10.43,0.745,0.5189,3.2638,3.2638,completed
6,known_visit,CBAA,ideal,1.0,19,361,4,50,multitarget_g19_r4_t50_cbaa_topk075,C:\Users\lottj\Desktop\research\decentralized benchmark\topk_filter_study\results\sensitivity_suite\scenarios\known_targets_g19_t50_n100.csv,02,39,10,0,38,2,3,0,0,0,0.0,0,0,248,80,168,759,0,38,22.0766,0.5809631578947368,0.44784999999999997,2.0023,2.0832,12.0085,0.31601315789473683,0.15665,1.1047,1.1927,22,10.0681,0.45764090909090904,0.4058,0.9081,0.9785,completed
6,known_visit,CBAA,ideal,1.0,19,361,4,50,multitarget_g19_r4_t50_cbaa_topk075,C:\Users\lottj\Desktop\research\decentralized benchmark\topk_filter_study\results\sensitivity_suite\scenarios\known_targets_g19_t50_n100.csv,03,40,15,0,41,0,0,0,0,0,0.0,0,0,252,82,170,755,0,35,19.932199999999998,0.5694914285714285,0.1447,1.9207,1.9827,11.2023,0.3200657142857143,0.1447,1.0728,1.0831,16,8.7299,0.54561875,0.5023500000000001,0.9099,0.9099,completed
7,known_visit,CBAA,ideal,1.0,19,361,4,50,multitarget_g19_r4_t50_cbaa_topk075,C:\Users\lottj\Desktop\research\decentralized benchmark\topk_filter_study\results\sensitivity_suite\scenarios\known_targets_g19_t50_n100.csv,00,39,13,1,38,2,2,2,1,1,5.0,1,0,264,82,182,798,0,48,26.1661,0.5451270833333334,0.40490000000000004,1.8681,1.9445,14.1335,0.29444791666666664,0.14595000000000002,1.0017,1.0378,27,12.0326,0.44565185185185185,0.3154,0.8907,0.9067,completed
7,known_visit,CBAA,ideal,1.0,19,361,4,50,multitarget_g19_r4_t50_cbaa_topk075,C:\Users\lottj\Desktop\research\decentralized benchmark\topk_filter_study\results\sensitivity_suite\scenarios\known_targets_g19_t50_n100.csv,01,39,10,0,38,2,1,1,1,0,0.0,0,0,262,81,181,800,0,52,22.5142,0.4329653846153846,0.30495,1.8637,2.1359,11.6451,0.22394423076923076,0.1376,1.0318,1.1432,27,10.8691,0.40255925925925923,0.3038,0.9927,1.0085,completed
7,known_visit,CBAA,ideal,1.0,19,361,4,50,multitarget_g19_r4_t50_cbaa_topk075,C:\Users\lottj\Desktop\research\decentralized benchmark\topk_filter_study\results\sensitivity_suite\scenarios\known_targets_g19_t50_n100.csv,02,38,11,0,37,2,1,2,2,0,0.0,0,0,263,80,183,799,0,55,23.0425,0.41895454545454547,0.3825,1.6667,1.9962,11.2483,0.20451454545454545,0.1453,0.9251,1.0856,32,11.7942,0.36856875,0.30115000000000003,0.8552,0.9106,completed
7,known_visit,CBAA,ideal,1.0,19,361,4,50,multitarget_g19_r4_t50_cbaa_topk075,C:\Users\lottj\Desktop\research\decentralized benchmark\topk_filter_study\results\sensitivity_suite\scenarios\known_targets_g19_t50_n100.csv,03,45,16,0,46,0,0,0,0,0,0.0,0,0,275,91,184,789,0,36,20.0063,0.5557305555555555,0.15515,1.9653,2.1045,11.4785,0.3188472222222222,0.14884999999999998,1.0463,1.2707,16,8.5278,0.5329875,0.4806,0.9449,0.9449,completed
8,known_visit,CBAA,ideal,1.0,19,361,4,50,multitarget_g19_r4_t50_cbaa_topk075,C:\Users\lottj\Desktop\research\decentralized benchmark\topk_filter_study\results\sensitivity_suite\scenarios\known_targets_g19_t50_n100.csv,00,38,11,1,37,2,2,1,1,0,0.0,0,0,278,79,199,868,0,102,47.7987,0.46861470588235293,0.37795,1.4792,2.6401,22.5496,0.2210745098039216,0.1357,0.9333,1.9633,79,25.2491,0.31960886075949363,0.2513,0.7186,0.9628,completed
8,known_visit,CBAA,ideal,1.0,19,361,4,50,multitarget_g19_r4_t50_cbaa_topk075,C:\Users\lottj\Desktop\research\decentralized benchmark\topk_filter_study\results\sensitivity_suite\scenarios\known_targets_g19_t50_n100.csv,01,40,13,0,39,2,3,0,0,0,0.0,0,0,277,82,195,869,0,97,48.6401,0.5014443298969072,0.3812,1.8181,2.2611,22.6456,0.23345979381443302,0.1375,1.0228,1.2297,75,25.9945,0.3465933333333333,0.2546,0.9129,1.072,completed
8,known_visit,CBAA,ideal,1.0,19,361,4,50,multitarget_g19_r4_t50_cbaa_topk075,C:\Users\lottj\Desktop\research\decentralized benchmark\topk_filter_study\results\sensitivity_suite\scenarios\known_targets_g19_t50_n100.csv,02,41,14,0,42,0,0,0,0,0,0.0,0,0,279,84,195,867,0,91,43.3119,0.47595494505494507,0.3741,1.4066,2.4924,20.6755,0.2272032967032967,0.1353,0.8678,1.593,70,22.6364,0.3233771428571428,0.2567,0.7577,0.9597,completed
8,known_visit,CBAA,ideal,1.0,19,361,4,50,multitarget_g19_r4_t50_cbaa_topk075,C:\Users\lottj\Desktop\research\decentralized benchmark\topk_filter_study\results\sensitivity_suite\scenarios\known_targets_g19_t50_n100.csv,03,58,12,3,44,15,3,0,0,0,0.0,0,0,314,117,197,834,0,32,20.4609,0.639403125,0.17554999999999998,2.2014,2.3922,12.0052,0.3751625,0.1676,1.19,1.1946,15,8.4557,0.5637133333333334,0.4496,1.3485,1.3485,completed
9,known_visit,CBAA,ideal,1.0,19,361,4,50,multitarget_g19_r4_t50_cbaa_topk075,C:\Users\lottj\Desktop\research\decentralized benchmark\topk_filter_study\results\sensitivity_suite\scenarios\known_targets_g19_t50_n100.csv,00,34,12,0,34,1,2,1,1,0,0.0,0,0,225,71,154,670,0,36,19.4875,0.5413194444444445,0.30374999999999996,2.1596,2.189,11.0622,0.30728333333333335,0.1508,1.105,1.4285,18,8.4253,0.4680722222222222,0.34005,1.0546,1.0546,completed
9,known_visit,CBAA,ideal,1.0,19,361,4,50,multitarget_g19_r4_t50_cbaa_topk075,C:\Users\lottj\Desktop\research\decentralized benchmark\topk_filter_study\results\sensitivity_suite\scenarios\known_targets_g19_t50_n100.csv,01,36,13,1,33,4,2,0,0,0,0.0,0,0,229,73,156,668,0,35,19.0345,0.5438428571428572,0.1549,1.9915,2.0035,11.2871,0.32248857142857146,0.152,1.0742,1.1016,15,7.7474,0.5164933333333334,0.444,0.95,0.95,completed
9,known_visit,CBAA,ideal,1.0,19,361,4,50,multitarget_g19_r4_t50_cbaa_topk075,C:\Users\lottj\Desktop\research\decentralized benchmark\topk_filter_study\results\sensitivity_suite\scenarios\known_targets_g19_t50_n100.csv,02,34,12,0,34,1,2,0,0,0,0.0,0,0,223,70,153,672,0,39,20.4655,0.5247564102564102,0.3844,2.0349,2.5998,12.3074,0.315574358974359,0.1528,1.0902,2.2081,19,8.1581,0.4293736842105263,0.3166,0.9447,0.9447,completed
9,known_visit,CBAA,ideal,1.0,19,361,4,50,multitarget_g19_r4_t50_cbaa_topk075,C:\Users\lottj\Desktop\research\decentralized benchmark\topk_filter_study\results\sensitivity_suite\scenarios\known_targets_g19_t50_n100.csv,03,34,13,0,35,0,0,0,0,0,0.0,0,0,220,70,150,675,0,39,20.2373,0.5189051282051282,0.4565,1.9583,2.0384,10.9733,0.28136666666666665,0.1518,1.0587,1.0716,21,9.264,0.4411428571428571,0.3123,0.9401,0.9797,completed
10,known_visit,CBAA,ideal,1.0,19,361,4,50,multitarget_g19_r4_t50_cbaa_topk075,C:\Users\lottj\Desktop\research\decentralized benchmark\topk_filter_study\results\sensitivity_suite\scenarios\known_targets_g19_t50_n100.csv,00,40,13,3,35,6,2,0,0,0,0.0,0,0,252,81,171,730,0,36,20.2495,0.5624861111111111,0.17235,1.8861,2.0952,11.5737,0.3214916666666667,0.17235,1.0113,1.1022,16,8.6758,0.5422375,0.4707,0.993,0.993,completed
10,known_visit,CBAA,ideal,1.0,19,361,4,50,multitarget_g19_r4_t50_cbaa_topk075,C:\Users\lottj\Desktop\research\decentralized benchmark\topk_filter_study\results\sensitivity_suite\scenarios\known_targets_g19_t50_n100.csv,01,38,13,1,38,1,1,0,0,0,0.0,0,0,241,77,164,739,0,35,17.4025,0.4972142857142857,0.1415,1.9123,2.0802,9.9917,0.2854771428571429,0.1415,0.9946,1.1401,14,7.4108,0.5293428571428571,0.46799999999999997,0.9401,0.9401,completed
10,known_visit,CBAA,ideal,1.0,19,361,4,50,multitarget_g19_r4_t50_cbaa_topk075,C:\Users\lottj\Desktop\research\decentralized benchmark\topk_filter_study\results\sensitivity_suite\scenarios\known_targets_g19_t50_n100.csv,02,37,14,1,36,2,2,2,2,0,0.0,0,0,245,78,167,735,0,37,21.328,0.5764324324324324,0.1534,1.9653,2.2542,12.1409,0.32813243243243245,0.1534,1.0926,1.2161,17,9.1871,0.5404176470588234,0.4517,1.0381,1.0381,completed
10,known_visit,CBAA,ideal,1.0,19,361,4,50,multitarget_g19_r4_t50_cbaa_topk075,C:\Users\lottj\Desktop\research\decentralized benchmark\topk_filter_study\results\sensitivity_suite\scenarios\known_targets_g19_t50_n100.csv,03,37,10,2,36,2,3,0,0,0,0.0,0,0,244,76,168,736,0,34,22.7621,0.6694735294117647,0.51915,1.9699,1.9979,12.2462,0.36018235294117645,0.18585000000000002,1.0912,1.0993,22,10.5159,0.47799545454545456,0.43425,0.8986,0.9005,completed
11,known_visit,CBAA,ideal,1.0,19,361,4,50,multitarget_g19_r4_t50_cbaa_topk075,C:\Users\lottj\Desktop\research\decentralized benchmark\topk_filter_study\results\sensitivity_suite\scenarios\known_targets_g19_t50_n100.csv,00,40,11,1,39,2,2,0,0,0,0.0,0,0,265,82,183,801,0,47,19.7382,0.41996170212765954,0.1732,1.6167,2.4025,11.1337,0.23688723404255319,0.1239,0.8785,1.4049,23,8.6045,0.3741086956521739,0.3209,0.8571,0.9976,completed
11,known_visit,CBAA,ideal,1.0,19,361,4,50,multitarget_g19_r4_t50_cbaa_topk075,C:\Users\lottj\Desktop\research\decentralized benchmark\topk_filter_study\results\sensitivity_suite\scenarios\known_targets_g19_t50_n100.csv,01,38,8,3,31,8,5,0,0,0,0.0,0,0,266,80,186,800,0,53,25.979499999999998,0.4901792452830188,0.2813,2.0243,2.2374,13.4491,0.2537566037735849,0.133,1.05,1.1943,32,12.5304,0.391575,0.31835,1.0431,1.1924,completed
11,known_visit,CBAA,ideal,1.0,19,361,4,50,multitarget_g19_r4_t50_cbaa_topk075,C:\Users\lottj\Desktop\research\decentralized benchmark\topk_filter_study\results\sensitivity_suite\scenarios\known_targets_g19_t50_n100.csv,02,44,14,0,45,0,0,0,0,0,0.0,0,0,269,89,180,799,0,36,20.2095,0.561375,0.1363,2.0375,2.0613,11.4682,0.3185611111111111,0.1363,1.0795,1.0939,15,8.7413,0.5827533333333333,0.4696,1.2138,1.2138,completed
11,known_visit,CBAA,ideal,1.0,19,361,4,50,multitarget_g19_r4_t50_cbaa_topk075,C:\Users\lottj\Desktop\research\decentralized benchmark\topk_filter_study\results\sensitivity_suite\scenarios\known_targets_g19_t50_n100.csv,03,43,17,1,43,1,0,0,0,0,0.0,0,0,268,88,180,798,0,31,20.5199,0.6619322580645162,0.309,1.9921,2.031,11.5525,0.37266129032258066,0.177,1.1029,1.1045,17,8.9674,0.5274941176470588,0.4742,0.9265,0.9265,completed
12,known_visit,CBAA,ideal,1.0,19,361,4,50,multitarget_g19_r4_t50_cbaa_topk075,C:\Users\lottj\Desktop\research\decentralized benchmark\topk_filter_study\results\sensitivity_suite\scenarios\known_targets_g19_t50_n100.csv,00,42,17,0,43,0,0,0,0,0,0.0,0,0,266,86,180,797,0,36,21.4167,0.5949083333333333,0.47445000000000004,1.9875,2.0527,11.9825,0.33284722222222224,0.17170000000000002,1.1094,1.1456,19,9.4342,0.49653684210526317,0.4422,0.9071,0.9071,completed
12,known_visit,CBAA,ideal,1.0,19,361,4,50,multitarget_g19_r4_t50_cbaa_topk075,C:\Users\lottj\Desktop\research\decentralized benchmark\topk_filter_study\results\sensitivity_suite\scenarios\known_targets_g19_t50_n100.csv,01,41,14,0,41,1,1,0,0,0,0.0,0,0,262,84,178,801,0,37,20.5859,0.5563756756756757,0.3937,2.1112,2.2791,11.0465,0.29855405405405405,0.1498,1.1314,1.3098,19,9.5394,0.5020736842105263,0.3797,1.1347,1.1347,completed
12,known_visit,CBAA,ideal,1.0,19,361,4,50,multitarget_g19_r4_t50_cbaa_topk075,C:\Users\lottj\Desktop\research\decentralized benchmark\topk_filter_study\results\sensitivity_suite\scenarios\known_targets_g19_t50_n100.csv,02,41,9,3,34,8,6,6,6,0,0.0,0,0,270,91,179,795,0,38,20.7133,0.5450868421052631,0.147,1.9737,2.126,12.0906,0.31817368421052633,0.147,1.0748,1.0768,15,8.6227,0.5748466666666666,0.524,1.0512,1.0512,completed
12,known_visit,CBAA,ideal,1.0,19,361,4,50,multitarget_g19_r4_t50_cbaa_topk075,C:\Users\lottj\Desktop\research\decentralized benchmark\topk_filter_study\results\sensitivity_suite\scenarios\known_targets_g19_t50_n100.csv,03,41,10,2,39,3,3,0,0,0,0.0,0,0,267,85,182,796,0,38,18.7898,0.49446842105263156,0.14279999999999998,1.9274,1.9912,10.734,0.2824736842105263,0.1409,1.0583,1.0769,16,8.0558,0.5034875,0.48875,0.9329,0.9329,completed
13,known_visit,CBAA,ideal,1.0,19,361,4,50,multitarget_g19_r4_t50_cbaa_topk075,C:\Users\lottj\Desktop\research\decentralized benchmark\topk_filter_study\results\sensitivity_suite\scenarios\known_targets_g19_t50_n100.csv,00,33,13,0,34,0,0,0,0,0,0.0,0,0,232,68,164,726,0,52,27.5166,0.5291653846153846,0.4485,1.8558,2.1323,13.9997,0.269225,0.16570000000000001,1.0042,1.1107,32,13.5169,0.422403125,0.33455,0.8516,1.0216,completed
13,known_visit,CBAA,ideal,1.0,19,361,4,50,multitarget_g19_r4_t50_cbaa_topk075,C:\Users\lottj\Desktop\research\decentralized benchmark\topk_filter_study\results\sensitivity_suite\scenarios\known_targets_g19_t50_n100.csv,01,39,11,1,39,1,3,2,2,0,0.0,0,0,248,81,167,712,0,37,21.7598,0.5881027027027027,0.1512,1.9198,2.1049,12.4448,0.33634594594594597,0.1512,1.0745,1.1636,17,9.315,0.5479411764705882,0.4999,0.9413,0.9413,completed
13,known_visit,CBAA,ideal,1.0,19,361,4,50,multitarget_g19_r4_t50_cbaa_topk075,C:\Users\lottj\Desktop\research\decentralized benchmark\topk_filter_study\results\sensitivity_suite\scenarios\known_targets_g19_t50_n100.csv,02,37,17,0,38,0,1,0,0,0,0.0,0,0,241,76,165,717,0,40,25.4449,0.6361225,0.47145,1.7862,1.8603,13.427,0.335675,0.1643,0.965,1.0246,25,12.0179,0.480716,0.4105,0.8357,0.849,completed
13,known_visit,CBAA,ideal,1.0,19,361,4,50,multitarget_g19_r4_t50_cbaa_topk075,C:\Users\lottj\Desktop\research\decentralized benchmark\topk_filter_study\results\sensitivity_suite\scenarios\known_targets_g19_t50_n100.csv,03,36,9,1,36,1,1,0,0,0,0.0,0,0,239,74,165,719,0,46,21.4262,0.4657869565217392,0.18695,1.6759,1.9772,12.2522,0.2663521739130435,0.14629999999999999,0.913,1.444,22,9.174,0.417,0.34485,0.7629,0.8616,completed
14,known_visit,CBAA,ideal,1.0,19,361,4,50,multitarget_g19_r4_t50_cbaa_topk075,C:\Users\lottj\Desktop\research\decentralized benchmark\topk_filter_study\results\sensitivity_suite\scenarios\known_targets_g19_t50_n100.csv,00,52,17,0,53,0,0,0,0,0,0.0,0,0,293,105,188,785,0,35,19.8963,0.5684657142857142,0.1855,1.8769,1.9863,11.2294,0.32084,0.1577,1.0489,1.0865,17,8.6669,0.5098176470588235,0.4735,0.8998,0.8998,completed
14,known_visit,CBAA,ideal,1.0,19,361,4,50,multitarget_g19_r4_t50_cbaa_topk075,C:\Users\lottj\Desktop\research\decentralized benchmark\topk_filter_study\results\sensitivity_suite\scenarios\known_targets_g19_t50_n100.csv,01,39,13,0,40,0,1,0,0,0,0.0,0,0,263,80,183,813,0,80,41.9607,0.5245087500000001,0.43384999999999996,1.6387,2.204,19.1367,0.23920875000000003,0.15360000000000001,0.913,1.1387,62,22.824,0.36812903225806454,0.3014,0.7376,1.0653,completed
14,known_visit,CBAA,ideal,1.0,19,361,4,50,multitarget_g19_r4_t50_cbaa_topk075,C:\Users\lottj\Desktop\research\decentralized benchmark\topk_filter_study\results\sensitivity_suite\scenarios\known_targets_g19_t50_n100.csv,02,39,7,4,34,6,3,0,0,0,0.0,0,0,265,80,185,811,0,80,37.5181,0.46897625,0.42264999999999997,1.4785,2.0413,17.1646,0.2145575,0.14565,0.7545,1.1055,59,20.3535,0.34497457627118644,0.29,0.8285,0.9548,completed
14,known_visit,CBAA,ideal,1.0,19,361,4,50,multitarget_g19_r4_t50_cbaa_topk075,C:\Users\lottj\Desktop\research\decentralized benchmark\topk_filter_study\results\sensitivity_suite\scenarios\known_targets_g19_t50_n100.csv,03,35,13,0,35,1,1,1,1,0,0.0,0,0,257,73,184,819,0,93,46.2397,0.4972010752688172,0.4239,1.3495,2.2654,21.3615,0.22969354838709677,0.1531,0.8357,1.2522,73,24.8782,0.3407972602739726,0.2911,0.5748,1.0132,completed
15,known_visit,CBAA,ideal,1.0,19,361,4,50,multitarget_g19_r4_t50_cbaa_topk075,C:\Users\lottj\Desktop\research\decentralized benchmark\topk_filter_study\results\sensitivity_suite\scenarios\known_targets_g19_t50_n100.csv,00,35,16,0,36,0,0,0,0,0,0.0,0,0,221,72,149,654,0,28,19.521,0.6971785714285714,0.49695,2.0757,2.0959,10.9608,0.3914571428571429,0.19165,1.1808,1.3103,18,8.5602,0.4755666666666667,0.4196,0.9151,0.9151,completed
15,known_visit,CBAA,ideal,1.0,19,361,4,50,multitarget_g19_r4_t50_cbaa_topk075,C:\Users\lottj\Desktop\research\decentralized benchmark\topk_filter_study\results\sensitivity_suite\scenarios\known_targets_g19_t50_n100.csv,01,32,11,0,32,1,1,0,0,0,0.0,0,0,216,66,150,659,0,43,27.1094,0.6304511627906977,0.4536,1.8885,2.8895,14.7852,0.3438418604651163,0.1635,1.0726,2.0586,25,12.3242,0.49296799999999996,0.4298,0.8475,0.9657,completed
15,known_visit,CBAA,ideal,1.0,19,361,4,50,multitarget_g19_r4_t50_cbaa_topk075,C:\Users\lottj\Desktop\research\decentralized benchmark\topk_filter_study\results\sensitivity_suite\scenarios\known_targets_g19_t50_n100.csv,02,36,11,0,37,0,2,1,1,0,0.0,0,0,228,74,154,649,0,31,16.3118,0.5261870967741936,0.134,1.9063,1.9153,9.658100000000001,0.31155161290322586,0.134,1.0598,1.0829,13,6.653700000000001,0.5118230769230769,0.4411,0.8465,0.8465,completed
15,known_visit,CBAA,ideal,1.0,19,361,4,50,multitarget_g19_r4_t50_cbaa_topk075,C:\Users\lottj\Desktop\research\decentralized benchmark\topk_filter_study\results\sensitivity_suite\scenarios\known_targets_g19_t50_n100.csv,03,31,12,0,31,1,0,0,0,0,0.0,0,0,212,64,148,663,0,44,23.9278,0.5438136363636364,0.4466,1.8806,2.2664,12.6761,0.28809318181818183,0.16025,1.0583,1.3411,25,11.2517,0.45006799999999997,0.3902,0.8272,0.9253,completed
16,known_visit,CBAA,ideal,1.0,19,361,4,50,multitarget_g19_r4_t50_cbaa_topk075,C:\Users\lottj\Desktop\research\decentralized benchmark\topk_filter_study\results\sensitivity_suite\scenarios\known_targets_g19_t50_n100.csv,00,38,14,0,39,0,0,0,0,0,0.0,0,0,236,77,159,705,0,32,21.6632,0.676975,0.16365,1.9156,2.433,13.0,0.40625,0.16365,1.2728,1.4395,14,8.6632,0.6188,0.5671999999999999,0.9935,0.9935,completed
16,known_visit,CBAA,ideal,1.0,19,361,4,50,multitarget_g19_r4_t50_cbaa_topk075,C:\Users\lottj\Desktop\research\decentralized benchmark\topk_filter_study\results\sensitivity_suite\scenarios\known_targets_g19_t50_n100.csv,01,35,7,0,35,1,3,4,4,0,0.0,0,0,235,76,159,706,0,41,29.9716,0.7310146341463414,0.1675,1.7997,9.1082,12.0807,0.29465121951219514,0.1465,0.9101,1.5062,19,17.890900000000002,0.9416263157894738,0.5094,8.7239,8.7239,completed
16,known_visit,CBAA,ideal,1.0,19,361,4,50,multitarget_g19_r4_t50_cbaa_topk075,C:\Users\lottj\Desktop\research\decentralized benchmark\topk_filter_study\results\sensitivity_suite\scenarios\known_targets_g19_t50_n100.csv,02,38,16,0,38,1,2,0,0,0,0.0,0,0,242,77,165,701,0,33,25.276,0.7659393939393939,0.6247,1.9425,2.1698,14.7857,0.44805151515151515,0.2407,1.1694,1.2812,18,10.4903,0.5827944444444444,0.53965,1.0004,1.0004,completed
16,known_visit,CBAA,ideal,1.0,19,361,4,50,multitarget_g19_r4_t50_cbaa_topk075,C:\Users\lottj\Desktop\research\decentralized benchmark\topk_filter_study\results\sensitivity_suite\scenarios\known_targets_g19_t50_n100.csv,03,35,13,0,36,0,0,0,0,0,0.0,0,0,230,72,158,711,0,40,25.153,0.628825,0.42284999999999995,1.8191,2.1979,12.9736,0.32433999999999996,0.15255000000000002,0.9814,1.1897,23,12.1794,0.5295391304347826,0.5235,1.0082,1.8622,completed
17,known_visit,CBAA,ideal,1.0,19,361,4,50,multitarget_g19_r4_t50_cbaa_topk075,C:\Users\lottj\Desktop\research\decentralized benchmark\topk_filter_study\results\sensitivity_suite\scenarios\known_targets_g19_t50_n100.csv,00,47,11,3,43,5,4,0,0,0,0.0,0,0,287,95,192,863,0,37,23.415300000000002,0.632845945945946,0.1476,1.9006,3.0924,13.4644,0.3639027027027027,0.1476,1.1708,1.9586,16,9.9509,0.62193125,0.55345,1.1338,1.1338,completed
17,known_visit,CBAA,ideal,1.0,19,361,4,50,multitarget_g19_r4_t50_cbaa_topk075,C:\Users\lottj\Desktop\research\decentralized benchmark\topk_filter_study\results\sensitivity_suite\scenarios\known_targets_g19_t50_n100.csv,01,46,18,0,45,2,1,0,0,0,0.0,0,0,291,93,198,861,0,35,23.4641,0.6704028571428571,0.4778,1.9158,2.4066,13.6596,0.3902742857142857,0.1698,1.1123,1.5087,19,9.8045,0.5160263157894738,0.4826,0.8979,0.8979,completed
17,known_visit,CBAA,ideal,1.0,19,361,4,50,multitarget_g19_r4_t50_cbaa_topk075,C:\Users\lottj\Desktop\research\decentralized benchmark\topk_filter_study\results\sensitivity_suite\scenarios\known_targets_g19_t50_n100.csv,02,42,10,1,42,1,0,1,1,0,0.0,0,0,285,87,198,865,0,49,25.0743,0.5117204081632654,0.4466,1.7929,2.0773,12.6368,0.2578938775510204,0.1636,0.944,1.0352,30,12.4375,0.41458333333333336,0.32235,0.9533,1.0421,completed
17,known_visit,CBAA,ideal,1.0,19,361,4,50,multitarget_g19_r4_t50_cbaa_topk075,C:\Users\lottj\Desktop\research\decentralized benchmark\topk_filter_study\results\sensitivity_suite\scenarios\known_targets_g19_t50_n100.csv,03,45,11,1,42,4,1,0,0,0,0.0,0,0,289,92,197,861,0,42,20.2976,0.48327619047619047,0.32525000000000004,1.621,1.8186,11.5058,0.27394761904761905,0.1526,0.9638,1.0677,21,8.7918,0.4186571428571429,0.3055,0.7904,0.8536,completed
18,known_visit,CBAA,ideal,1.0,19,361,4,50,multitarget_g19_r4_t50_cbaa_topk075,C:\Users\lottj\Desktop\research\decentralized benchmark\topk_filter_study\results\sensitivity_suite\scenarios\known_targets_g19_t50_n100.csv,00,48,10,3,40,9,4,0,0,0,0.0,0,0,291,98,193,854,0,45,24.4076,0.542391111111111,0.3215,1.7982,5.2174,12.0032,0.2667377777777778,0.1409,0.9515,1.1564,22,12.4044,0.5638363636363637,0.34875,0.8794,4.061,completed
18,known_visit,CBAA,ideal,1.0,19,361,4,50,multitarget_g19_r4_t50_cbaa_topk075,C:\Users\lottj\Desktop\research\decentralized benchmark\topk_filter_study\results\sensitivity_suite\scenarios\known_targets_g19_t50_n100.csv,01,39,12,1,35,5,1,0,0,0,0.0,0,0,279,81,198,866,0,71,35.1563,0.49515915492957746,0.441,1.3085,2.0936,16.4303,0.231412676056338,0.1577,0.8,1.1636,54,18.726,0.34677777777777774,0.305,0.8652,0.93,completed
18,known_visit,CBAA,ideal,1.0,19,361,4,50,multitarget_g19_r4_t50_cbaa_topk075,C:\Users\lottj\Desktop\research\decentralized benchmark\topk_filter_study\results\sensitivity_suite\scenarios\known_targets_g19_t50_n100.csv,02,50,13,1,47,4,2,1,1,0,0.0,0,0,298,102,196,849,0,38,21.0355,0.5535657894736842,0.16425,2.4284,3.2605,11.9827,0.3153342105263158,0.1575,1.0779,1.9452,16,9.0528,0.5658,0.44465,1.3505,1.3505,completed
18,known_visit,CBAA,ideal,1.0,19,361,4,50,multitarget_g19_r4_t50_cbaa_topk075,C:\Users\lottj\Desktop\research\decentralized benchmark\topk_filter_study\results\sensitivity_suite\scenarios\known_targets_g19_t50_n100.csv,03,41,15,0,42,0,0,0,0,0,0.0,0,0,279,84,195,866,0,63,33.6539,0.5341888888888889,0.4252,1.8374,2.2611,15.9362,0.25295555555555554,0.1562,0.9891,1.1672,47,17.7177,0.3769723404255319,0.3001,0.8545,1.1966,completed
19,known_visit,CBAA,ideal,1.0,19,361,4,50,multitarget_g19_r4_t50_cbaa_topk075,C:\Users\lottj\Desktop\research\decentralized benchmark\topk_filter_study\results\sensitivity_suite\scenarios\known_targets_g19_t50_n100.csv,00,39,16,0,40,0,0,0,0,0,0.0,0,0,261,80,181,770,0,37,23.389499999999998,0.6321486486486486,0.1682,1.9767,2.4283,13.6607,0.3692081081081081,0.1674,1.0517,1.3284,17,9.7288,0.5722823529411765,0.5389,1.0999,1.0999,completed
19,known_visit,CBAA,ideal,1.0,19,361,4,50,multitarget_g19_r4_t50_cbaa_topk075,C:\Users\lottj\Desktop\research\decentralized benchmark\topk_filter_study\results\sensitivity_suite\scenarios\known_targets_g19_t50_n100.csv,01,39,8,2,35,5,1,1,1,0,0.0,0,0,261,82,179,770,0,39,17.5421,0.4497974358974359,0.1493,1.7522,1.7568,10.8321,0.27774615384615386,0.1417,0.9736,1.0203,13,6.71,0.5161538461538462,0.5329,0.7786,0.7786,completed
19,known_visit,CBAA,ideal,1.0,19,361,4,50,multitarget_g19_r4_t50_cbaa_topk075,C:\Users\lottj\Desktop\research\decentralized benchmark\topk_filter_study\results\sensitivity_suite\scenarios\known_targets_g19_t50_n100.csv,02,40,17,0,41,0,1,0,0,0,0.0,0,0,254,81,173,779,0,32,20.489,0.64028125,0.4645,1.7461,1.7945,11.277099999999999,0.35240937499999997,0.18664999999999998,0.9567,0.9685,18,9.2119,0.5117722222222222,0.5327,0.826,0.826,completed
19,known_visit,CBAA,ideal,1.0,19,361,4,50,multitarget_g19_r4_t50_cbaa_topk075,C:\Users\lottj\Desktop\research\decentralized benchmark\topk_filter_study\results\sensitivity_suite\scenarios\known_targets_g19_t50_n100.csv,03,39,9,0,40,0,1,0,0,0,0.0,0,0,257,80,177,774,0,36,16.7076,0.46409999999999996,0.14129999999999998,1.8367,2.0343,9.929,0.2758055555555556,0.13695000000000002,1.0223,1.0439,12,6.7786,0.5648833333333333,0.54555,0.9904,0.9904,completed
20,known_visit,CBAA,ideal,1.0,19,361,4,50,multitarget_g19_r4_t50_cbaa_topk075,C:\Users\lottj\Desktop\research\decentralized benchmark\topk_filter_study\results\sensitivity_suite\scenarios\known_targets_g19_t50_n100.csv,00,36,11,0,36,1,0,0,0,0,0.0,0,0,238,74,164,733,0,40,18.3905,0.45976249999999996,0.28065,1.3445,2.0776,10.275,0.256875,0.133,0.806,1.1041,20,8.1155,0.40577500000000005,0.3437,0.7962,0.9735,completed
20,known_visit,CBAA,ideal,1.0,19,361,4,50,multitarget_g19_r4_t50_cbaa_topk075,C:\Users\lottj\Desktop\research\decentralized benchmark\topk_filter_study\results\sensitivity_suite\scenarios\known_targets_g19_t50_n100.csv,01,35,12,0,36,0,1,0,0,0,0.0,0,0,240,72,168,731,0,47,23.1804,0.49319999999999997,0.3032,1.8193,1.9516,12.4773,0.2654744680851064,0.1349,0.9846,1.0583,26,10.703100000000001,0.41165769230769234,0.30905,0.8933,0.9153,completed
20,known_visit,CBAA,ideal,1.0,19,361,4,50,multitarget_g19_r4_t50_cbaa_topk075,C:\Users\lottj\Desktop\research\decentralized benchmark\topk_filter_study\results\sensitivity_suite\scenarios\known_targets_g19_t50_n100.csv,02,40,12,0,37,4,3,0,0,0,0.0,0,0,255,81,174,718,0,33,22.0576,0.6684121212121212,0.4025,1.8736,1.8782,13.184800000000001,0.39953939393939397,0.2142,0.9976,1.049,16,8.8728,0.55455,0.56185,0.876,0.876,completed
20,known_visit,CBAA,ideal,1.0,19,361,4,50,multitarget_g19_r4_t50_cbaa_topk075,C:\Users\lottj\Desktop\research\decentralized benchmark\topk_filter_study\results\sensitivity_suite\scenarios\known_targets_g19_t50_n100.csv,03,38,15,0,39,0,0,0,0,0,0.0,0,0,240,78,162,731,0,35,21.5851,0.6167171428571429,0.2923,2.009,2.3142,12.2616,0.35033142857142857,0.1395,1.0288,1.4289,18,9.3235,0.5179722222222222,0.53725,0.9802,0.9802,completed
21,known_visit,CBAA,ideal,1.0,19,361,4,50,multitarget_g19_r4_t50_cbaa_topk075,C:\Users\lottj\Desktop\research\decentralized benchmark\topk_filter_study\results\sensitivity_suite\scenarios\known_targets_g19_t50_n100.csv,00,37,13,0,38,0,1,0,0,0,0.0,0,0,247,77,170,740,0,37,26.406,0.7136756756756757,0.419,1.9358,2.3495,15.8651,0.4287864864864865,0.2081,1.0836,1.7235,19,10.5409,0.5547842105263158,0.5496,0.8522,0.8522,completed
21,known_visit,CBAA,ideal,1.0,19,361,4,50,multitarget_g19_r4_t50_cbaa_topk075,C:\Users\lottj\Desktop\research\decentralized benchmark\topk_filter_study\results\sensitivity_suite\scenarios\known_targets_g19_t50_n100.csv,01,39,11,2,38,2,2,0,0,0,0.0,0,0,246,79,167,743,0,31,20.9973,0.6773322580645161,0.1837,2.1513,2.3584,12.7355,0.4108225806451613,0.1837,1.2944,1.8276,13,8.2618,0.6355230769230769,0.6357,1.003,1.003,completed
21,known_visit,CBAA,ideal,1.0,19,361,4,50,multitarget_g19_r4_t50_cbaa_topk075,C:\Users\lottj\Desktop\research\decentralized benchmark\topk_filter_study\results\sensitivity_suite\scenarios\known_targets_g19_t50_n100.csv,02,35,14,1,35,1,0,0,0,0,0.0,0,0,245,73,172,742,0,38,24.3469,0.6407078947368422,0.44955,1.9452,2.1616,13.1559,0.3462078947368421,0.1573,1.1005,1.3354,20,11.191,0.55955,0.5669,0.8447,0.9246,completed
21,known_visit,CBAA,ideal,1.0,19,361,4,50,multitarget_g19_r4_t50_cbaa_topk075,C:\Users\lottj\Desktop\research\decentralized benchmark\topk_filter_study\results\sensitivity_suite\scenarios\known_targets_g19_t50_n100.csv,03,38,12,0,33,6,3,0,0,0,0.0,0,0,251,78,173,736,0,36,22.2519,0.6181083333333333,0.17765,1.8719,1.9309,12.9921,0.36089166666666667,0.1735,1.0375,1.1164,16,9.2598,0.5787375,0.5359,1.1273,1.1273,completed
22,known_visit,CBAA,ideal,1.0,19,361,4,50,multitarget_g19_r4_t50_cbaa_topk075,C:\Users\lottj\Desktop\research\decentralized benchmark\topk_filter_study\results\sensitivity_suite\scenarios\known_targets_g19_t50_n100.csv,00,34,11,0,35,0,2,0,0,0,0.0,0,0,233,70,163,691,0,42,22.9458,0.5463285714285714,0.2925,1.7862,2.0028,12.7499,0.3035690476190476,0.1482,0.9768,1.1209,21,10.1959,0.48551904761904763,0.396,0.8819,0.9011,completed
22,known_visit,CBAA,ideal,1.0,19,361,4,50,multitarget_g19_r4_t50_cbaa_topk075,C:\Users\lottj\Desktop\research\decentralized benchmark\topk_filter_study\results\sensitivity_suite\scenarios\known_targets_g19_t50_n100.csv,01,35,13,0,36,0,1,0,0,0,0.0,0,0,232,72,160,692,0,39,21.3237,0.5467615384615384,0.1443,1.9896,2.1353,11.6251,0.2980794871794872,0.143,1.0894,1.1886,18,9.6986,0.5388111111111111,0.4847,1.2397,1.2397,completed
22,known_visit,CBAA,ideal,1.0,19,361,4,50,multitarget_g19_r4_t50_cbaa_topk075,C:\Users\lottj\Desktop\research\decentralized benchmark\topk_filter_study\results\sensitivity_suite\scenarios\known_targets_g19_t50_n100.csv,02,35,12,0,36,0,0,0,0,0,0.0,0,0,229,72,157,695,0,37,18.5555,0.5015,0.1473,2.0015,2.2111,10.957699999999999,0.29615405405405404,0.1384,1.138,1.3432,14,7.5978,0.5427000000000001,0.4966,0.8679,0.8679,completed
22,known_visit,CBAA,ideal,1.0,19,361,4,50,multitarget_g19_r4_t50_cbaa_topk075,C:\Users\lottj\Desktop\research\decentralized benchmark\topk_filter_study\results\sensitivity_suite\scenarios\known_targets_g19_t50_n100.csv,03,37,14,0,38,0,0,0,0,0,0.0,0,0,232,75,157,694,0,30,19.6559,0.6551966666666666,0.19615,1.94,2.0582,12.0555,0.40185,0.184,1.13,1.1432,14,7.6004,0.5428857142857143,0.47985,0.915,0.915,completed
23,known_visit,CBAA,ideal,1.0,19,361,4,50,multitarget_g19_r4_t50_cbaa_topk075,C:\Users\lottj\Desktop\research\decentralized benchmark\topk_filter_study\results\sensitivity_suite\scenarios\known_targets_g19_t50_n100.csv,00,43,10,2,40,4,3,1,1,0,0.0,0,0,292,89,203,878,0,54,30.8669,0.5716092592592593,0.4151,2.0906,2.2797,16.0909,0.29797962962962965,0.162,1.1247,1.5186,32,14.776,0.46175,0.32675,0.9676,1.0054,completed
23,known_visit,CBAA,ideal,1.0,19,361,4,50,multitarget_g19_r4_t50_cbaa_topk075,C:\Users\lottj\Desktop\research\decentralized benchmark\topk_filter_study\results\sensitivity_suite\scenarios\known_targets_g19_t50_n100.csv,01,45,13,0,45,1,4,0,0,0,0.0,0,0,290,92,198,880,0,48,25.6324,0.5340083333333333,0.3913,2.0048,2.2195,13.5743,0.28279791666666665,0.16175,1.0898,1.3888,29,12.0581,0.41579655172413793,0.3041,0.9658,0.9852,completed
23,known_visit,CBAA,ideal,1.0,19,361,4,50,multitarget_g19_r4_t50_cbaa_topk075,C:\Users\lottj\Desktop\research\decentralized benchmark\topk_filter_study\results\sensitivity_suite\scenarios\known_targets_g19_t50_n100.csv,02,45,11,1,45,1,5,1,1,0,0.0,0,0,293,93,200,877,0,49,24.1528,0.4929142857142857,0.309,1.9347,2.2492,13.3513,0.2724755102040816,0.144,1.0548,1.3948,25,10.8015,0.43206000000000006,0.3221,0.8742,0.8799,completed
23,known_visit,CBAA,ideal,1.0,19,361,4,50,multitarget_g19_r4_t50_cbaa_topk075,C:\Users\lottj\Desktop\research\decentralized benchmark\topk_filter_study\results\sensitivity_suite\scenarios\known_targets_g19_t50_n100.csv,03,48,16,0,48,1,2,1,1,0,0.0,0,0,297,98,199,875,0,38,20.8207,0.5479131578947368,0.1527,2.0614,2.8486,12.4522,0.32768947368421053,0.14584999999999998,1.2011,2.0381,18,8.3685,0.46491666666666664,0.41895,0.8603,0.8603,completed
24,known_visit,CBAA,ideal,1.0,19,361,4,50,multitarget_g19_r4_t50_cbaa_topk075,C:\Users\lottj\Desktop\research\decentralized benchmark\topk_filter_study\results\sensitivity_suite\scenarios\known_targets_g19_t50_n100.csv,00,37,15,1,37,1,0,0,0,0,0.0,0,0,249,76,173,786,0,84,40.197,0.47853571428571434,0.39805,1.3088,2.0912,18.6264,0.22174285714285716,0.13765,0.7736,1.2233,66,21.5706,0.3268272727272727,0.26505,0.558,0.9456,completed
24,known_visit,CBAA,ideal,1.0,19,361,4,50,multitarget_g19_r4_t50_cbaa_topk075,C:\Users\lottj\Desktop\research\decentralized benchmark\topk_filter_study\results\sensitivity_suite\scenarios\known_targets_g19_t50_n100.csv,01,35,11,0,35,1,0,2,2,0,0.0,0,0,252,72,180,783,0,85,46.0125,0.5413235294117648,0.3998,1.8284,2.2248,21.6956,0.2552423529411765,0.142,1.0121,1.476,69,24.3169,0.3524188405797101,0.2683,0.7825,1.0381,completed
24,known_visit,CBAA,ideal,1.0,19,361,4,50,multitarget_g19_r4_t50_cbaa_topk075,C:\Users\lottj\Desktop\research\decentralized benchmark\topk_filter_study\results\sensitivity_suite\scenarios\known_targets_g19_t50_n100.csv,02,36,10,3,34,3,0,0,0,0,0.0,0,0,252,74,178,783,0,87,41.1171,0.47261034482758624,0.3989,1.4884,2.0391,18.1588,0.20872183908045977,0.1386,0.9514,1.0919,67,22.9583,0.3426611940298508,0.2689,0.8282,1.2379,completed
24,known_visit,CBAA,ideal,1.0,19,361,4,50,multitarget_g19_r4_t50_cbaa_topk075,C:\Users\lottj\Desktop\research\decentralized benchmark\topk_filter_study\results\sensitivity_suite\scenarios\known_targets_g19_t50_n100.csv,03,52,14,1,49,4,2,0,0,0,0.0,0,0,284,105,179,753,0,38,22.5697,0.5939394736842105,0.1429,2.1551,2.2328,13.254,0.34878947368421054,0.1429,1.3378,1.4642,16,9.3157,0.58223125,0.49234999999999995,0.9442,0.9442,completed
25,known_visit,CBAA,ideal,1.0,19,361,4,50,multitarget_g19_r4_t50_cbaa_topk075,C:\Users\lottj\Desktop\research\decentralized benchmark\topk_filter_study\results\sensitivity_suite\scenarios\known_targets_g19_t50_n100.csv,00,39,17,0,40,0,0,0,0,0,0.0,0,0,253,80,173,758,0,42,23.0328,0.5484,0.42474999999999996,1.6932,2.0152,11.9444,0.2843904761904762,0.14185,0.95,1.0929,28,11.0884,0.3960142857142857,0.31855,0.7977,0.9223,completed
25,known_visit,CBAA,ideal,1.0,19,361,4,50,multitarget_g19_r4_t50_cbaa_topk075,C:\Users\lottj\Desktop\research\decentralized benchmark\topk_filter_study\results\sensitivity_suite\scenarios\known_targets_g19_t50_n100.csv,01,38,7,0,38,1,3,1,1,0,0.0,0,0,257,79,178,754,0,52,24.9318,0.4794576923076923,0.4155,1.7867,2.0694,13.3775,0.2572596153846154,0.139,0.9808,1.0811,30,11.5543,0.38514333333333334,0.28385,0.8112,0.9883,completed
25,known_visit,CBAA,ideal,1.0,19,361,4,50,multitarget_g19_r4_t50_cbaa_topk075,C:\Users\lottj\Desktop\research\decentralized benchmark\topk_filter_study\results\sensitivity_suite\scenarios\known_targets_g19_t50_n100.csv,02,35,14,0,36,0,0,0,0,0,0.0,0,0,243,72,171,768,0,51,28.532799999999998,0.5594666666666667,0.4245,1.7992,2.0555,14.0913,0.2763,0.1458,1.0075,1.1146,38,14.4415,0.38003947368421054,0.28955,0.8907,0.9409,completed
25,known_visit,CBAA,ideal,1.0,19,361,4,50,multitarget_g19_r4_t50_cbaa_topk075,C:\Users\lottj\Desktop\research\decentralized benchmark\topk_filter_study\results\sensitivity_suite\scenarios\known_targets_g19_t50_n100.csv,03,42,12,0,42,1,2,0,0,0,0.0,0,0,260,85,175,753,0,38,18.0404,0.4747473684210527,0.13555,1.8048,2.2073,10.531,0.27713157894736845,0.13555,0.9955,1.1791,14,7.5094,0.5363857142857144,0.43584999999999996,1.0282,1.0282,completed
26,known_visit,CBAA,ideal,1.0,19,361,4,50,multitarget_g19_r4_t50_cbaa_topk075,C:\Users\lottj\Desktop\research\decentralized benchmark\topk_filter_study\results\sensitivity_suite\scenarios\known_targets_g19_t50_n100.csv,00,41,13,0,42,0,3,2,2,0,0.0,0,0,260,85,175,806,0,37,19.4868,0.5266702702702702,0.1449,1.9076,2.0357,11.2721,0.30465135135135135,0.1449,1.0421,1.0968,16,8.2147,0.51341875,0.4588,0.9389,0.9389,completed
26,known_visit,CBAA,ideal,1.0,19,361,4,50,multitarget_g19_r4_t50_cbaa_topk075,C:\Users\lottj\Desktop\research\decentralized benchmark\topk_filter_study\results\sensitivity_suite\scenarios\known_targets_g19_t50_n100.csv,01,41,7,2,32,10,5,0,0,0,0.0,0,0,275,84,191,791,0,40,18.406,0.46014999999999995,0.1464,1.8097,2.0179,10.6511,0.2662775,0.14529999999999998,0.9885,1.1318,16,7.7549,0.48468125,0.44105,0.8861,0.8861,completed
26,known_visit,CBAA,ideal,1.0,19,361,4,50,multitarget_g19_r4_t50_cbaa_topk075,C:\Users\lottj\Desktop\research\decentralized benchmark\topk_filter_study\results\sensitivity_suite\scenarios\known_targets_g19_t50_n100.csv,02,43,18,0,44,0,1,0,0,0,0.0,0,0,272,87,185,796,0,36,23.3905,0.6497361111111111,0.4814,2.0182,2.2751,13.0772,0.36325555555555555,0.18405,1.0673,1.2499,19,10.3133,0.5428052631578947,0.4823,1.0252,1.0252,completed
26,known_visit,CBAA,ideal,1.0,19,361,4,50,multitarget_g19_r4_t50_cbaa_topk075,C:\Users\lottj\Desktop\research\decentralized benchmark\topk_filter_study\results\sensitivity_suite\scenarios\known_targets_g19_t50_n100.csv,03,40,12,0,41,0,0,0,0,0,0.0,0,0,261,82,179,805,0,39,19.2344,0.4931897435897436,0.1522,1.9182,2.0153,10.5573,0.2707,0.1496,1.0805,1.0909,19,8.6771,0.4566894736842105,0.3866,0.9348,0.9348,completed
27,known_visit,CBAA,ideal,1.0,19,361,4,50,multitarget_g19_r4_t50_cbaa_topk075,C:\Users\lottj\Desktop\research\decentralized benchmark\topk_filter_study\results\sensitivity_suite\scenarios\known_targets_g19_t50_n100.csv,00,38,8,0,39,0,1,0,0,0,0.0,0,0,254,78,176,765,0,48,23.8033,0.49590208333333335,0.35175,2.0014,2.1983,12.7187,0.26497291666666667,0.15205000000000002,1.0905,1.231,25,11.0846,0.443384,0.3479,0.9673,0.9833,completed
27,known_visit,CBAA,ideal,1.0,19,361,4,50,multitarget_g19_r4_t50_cbaa_topk075,C:\Users\lottj\Desktop\research\decentralized benchmark\topk_filter_study\results\sensitivity_suite\scenarios\known_targets_g19_t50_n100.csv,01,39,14,0,39,1,1,3,3,0,0.0,0,0,258,83,175,761,0,40,24.5938,0.6148450000000001,0.40890000000000004,2.1053,3.1625,13.1547,0.3288675,0.16355,1.1653,1.3831,22,11.4391,0.5199590909090909,0.4571,1.0319,1.7794,completed
27,known_visit,CBAA,ideal,1.0,19,361,4,50,multitarget_g19_r4_t50_cbaa_topk075,C:\Users\lottj\Desktop\research\decentralized benchmark\topk_filter_study\results\sensitivity_suite\scenarios\known_targets_g19_t50_n100.csv,02,42,16,2,39,4,2,0,0,0,0.0,0,0,262,85,177,759,0,34,27.374,0.8051176470588235,0.6023499999999999,2.3284,2.44,16.0501,0.47206176470588235,0.2582,1.4889,1.7332,19,11.3239,0.5959947368421052,0.4955,1.1077,1.1077,completed
27,known_visit,CBAA,ideal,1.0,19,361,4,50,multitarget_g19_r4_t50_cbaa_topk075,C:\Users\lottj\Desktop\research\decentralized benchmark\topk_filter_study\results\sensitivity_suite\scenarios\known_targets_g19_t50_n100.csv,03,39,12,0,40,0,0,0,0,0,0.0,0,0,247,80,167,772,0,40,21.1005,0.5275125,0.38875,2.0313,2.2667,11.4927,0.2873175,0.1515,1.0649,1.2609,21,9.607800000000001,0.45751428571428576,0.3809,0.9664,1.0058,completed
28,known_visit,CBAA,ideal,1.0,19,361,4,50,multitarget_g19_r4_t50_cbaa_topk075,C:\Users\lottj\Desktop\research\decentralized benchmark\topk_filter_study\results\sensitivity_suite\scenarios\known_targets_g19_t50_n100.csv,00,38,10,1,36,3,1,3,3,0,0.0,0,0,250,81,169,759,0,42,21.3678,0.5087571428571428,0.138,1.8724,2.0901,12.2507,0.29168333333333335,0.13640000000000002,1.0449,1.1312,19,9.1171,0.4798473684210527,0.4532,0.9589,0.9589,completed
28,known_visit,CBAA,ideal,1.0,19,361,4,50,multitarget_g19_r4_t50_cbaa_topk075,C:\Users\lottj\Desktop\research\decentralized benchmark\topk_filter_study\results\sensitivity_suite\scenarios\known_targets_g19_t50_n100.csv,01,41,19,0,42,0,2,0,0,0,0.0,0,0,261,83,178,750,0,37,26.9415,0.7281486486486487,0.5103,2.0436,2.1029,15.1285,0.40887837837837837,0.1889,1.1435,1.1526,21,11.813,0.5625238095238095,0.5044,0.9503,0.9911,completed
28,known_visit,CBAA,ideal,1.0,19,361,4,50,multitarget_g19_r4_t50_cbaa_topk075,C:\Users\lottj\Desktop\research\decentralized benchmark\topk_filter_study\results\sensitivity_suite\scenarios\known_targets_g19_t50_n100.csv,02,39,9,0,38,2,2,0,0,0,0.0,0,0,250,80,170,759,0,42,19.4292,0.4626,0.1296,1.4183,2.4704,10.9331,0.26031190476190474,0.1296,0.8212,1.3216,18,8.4961,0.47200555555555557,0.41659999999999997,1.1488,1.1488,completed
28,known_visit,CBAA,ideal,1.0,19,361,4,50,multitarget_g19_r4_t50_cbaa_topk075,C:\Users\lottj\Desktop\research\decentralized benchmark\topk_filter_study\results\sensitivity_suite\scenarios\known_targets_g19_t50_n100.csv,03,39,12,0,40,0,0,0,0,0,0.0,0,0,250,80,170,759,0,38,17.4803,0.4600078947368421,0.13024999999999998,1.8483,2.0535,10.1209,0.26633947368421057,0.13024999999999998,0.9898,1.1165,15,7.3594,0.49062666666666666,0.4519,0.937,0.937,completed
29,known_visit,CBAA,ideal,1.0,19,361,4,50,multitarget_g19_r4_t50_cbaa_topk075,C:\Users\lottj\Desktop\research\decentralized benchmark\topk_filter_study\results\sensitivity_suite\scenarios\known_targets_g19_t50_n100.csv,00,49,13,1,48,2,5,0,0,0,0.0,0,0,313,100,213,924,0,44,28.7152,0.6526181818181818,0.45325,2.0047,3.1441,16.292,0.3702727272727273,0.16670000000000001,1.1304,2.3777,24,12.4232,0.5176333333333333,0.47414999999999996,0.8743,1.0028,completed
29,known_visit,CBAA,ideal,1.0,19,361,4,50,multitarget_g19_r4_t50_cbaa_topk075,C:\Users\lottj\Desktop\research\decentralized benchmark\topk_filter_study\results\sensitivity_suite\scenarios\known_targets_g19_t50_n100.csv,01,50,13,1,46,5,4,1,1,0,0.0,0,0,309,102,207,930,0,42,22.0914,0.5259857142857143,0.1456,1.8404,2.0659,12.928,0.3078095238095238,0.1456,1.0609,1.131,17,9.1634,0.5390235294117647,0.5323,0.9349,0.9349,completed
29,known_visit,CBAA,ideal,1.0,19,361,4,50,multitarget_g19_r4_t50_cbaa_topk075,C:\Users\lottj\Desktop\research\decentralized benchmark\topk_filter_study\results\sensitivity_suite\scenarios\known_targets_g19_t50_n100.csv,02,49,12,1,43,7,5,3,3,0,0.0,0,0,310,103,207,927,0,43,23.0392,0.5357953488372094,0.1529,1.9111,2.0081,13.1712,0.30630697674418605,0.1486,0.9828,1.0907,20,9.868,0.4934,0.4357,0.9174,0.9283,completed
29,known_visit,CBAA,ideal,1.0,19,361,4,50,multitarget_g19_r4_t50_cbaa_topk075,C:\Users\lottj\Desktop\research\decentralized benchmark\topk_filter_study\results\sensitivity_suite\scenarios\known_targets_g19_t50_n100.csv,03,46,12,1,43,4,2,2,2,0,0.0,0,0,307,96,211,930,0,49,25.1637,0.5135448979591837,0.4139,1.7385,2.0303,13.5152,0.2758204081632653,0.1549,0.9526,1.0992,26,11.6485,0.4480192307692308,0.42195000000000005,0.89,0.9311,completed
30,known_visit,CBAA,ideal,1.0,19,361,4,50,multitarget_g19_r4_t50_cbaa_topk075,C:\Users\lottj\Desktop\research\decentralized benchmark\topk_filter_study\results\sensitivity_suite\scenarios\known_targets_g19_t50_n100.csv,00,46,13,0,47,0,0,0,0,0,0.0,0,0,275,93,182,794,0,35,17.9905,0.5140142857142858,0.135,2.0357,2.0599,10.6653,0.30472285714285713,0.135,1.1723,1.2188,13,7.3252,0.5634769230769231,0.4498,1.0957,1.0957,completed
30,known_visit,CBAA,ideal,1.0,19,361,4,50,multitarget_g19_r4_t50_cbaa_topk075,C:\Users\lottj\Desktop\research\decentralized benchmark\topk_filter_study\results\sensitivity_suite\scenarios\known_targets_g19_t50_n100.csv,01,41,13,1,38,4,3,1,1,0,0.0,0,0,269,85,184,798,0,51,28.5927,0.5606411764705882,0.4157,2.02,3.2718,15.3798,0.30156470588235296,0.1582,1.0847,2.3617,30,13.2129,0.44043,0.30784999999999996,0.9711,1.1079,completed
30,known_visit,CBAA,ideal,1.0,19,361,4,50,multitarget_g19_r4_t50_cbaa_topk075,C:\Users\lottj\Desktop\research\decentralized benchmark\topk_filter_study\results\sensitivity_suite\scenarios\known_targets_g19_t50_n100.csv,02,39,10,0,38,2,1,0,0,0,0.0,0,0,258,80,178,809,0,55,26.8417,0.48803090909090907,0.4303,1.763,2.2331,13.798399999999999,0.25088,0.1463,1.1477,1.2125,34,13.0433,0.3836264705882353,0.29710000000000003,0.8503,1.0206,completed
30,known_visit,CBAA,ideal,1.0,19,361,4,50,multitarget_g19_r4_t50_cbaa_topk075,C:\Users\lottj\Desktop\research\decentralized benchmark\topk_filter_study\results\sensitivity_suite\scenarios\known_targets_g19_t50_n100.csv,03,39,14,0,37,3,3,2,2,0,0.0,0,0,267,81,186,800,0,51,30.9138,0.6061529411764706,0.4524,1.9168,2.1101,15.5999,0.30588039215686275,0.1544,1.0686,1.3016,37,15.3139,0.4138891891891892,0.315,0.8818,0.9397,completed
31,known_visit,CBAA,ideal,1.0,19,361,4,50,multitarget_g19_r4_t50_cbaa_topk075,C:\Users\lottj\Desktop\research\decentralized benchmark\topk_filter_study\results\sensitivity_suite\scenarios\known_targets_g19_t50_n100.csv,00,40,15,0,41,0,0,0,0,0,0.0,0,0,257,82,175,777,0,37,20.3623,0.5503324324324325,0.3701,1.9098,2.0976,11.4009,0.30813243243243243,0.1477,1.1082,1.1087,19,8.9614,0.4716526315789473,0.4164,0.9889,0.9889,completed
31,known_visit,CBAA,ideal,1.0,19,361,4,50,multitarget_g19_r4_t50_cbaa_topk075,C:\Users\lottj\Desktop\research\decentralized benchmark\topk_filter_study\results\sensitivity_suite\scenarios\known_targets_g19_t50_n100.csv,01,41,14,0,42,0,0,1,1,0,0.0,0,0,260,85,175,776,0,33,19.5142,0.5913393939393939,0.4024,1.9758,2.0709,11.1979,0.33933030303030304,0.1501,1.0593,1.1282,17,8.3163,0.48919411764705883,0.4277,0.9427,0.9427,completed
31,known_visit,CBAA,ideal,1.0,19,361,4,50,multitarget_g19_r4_t50_cbaa_topk075,C:\Users\lottj\Desktop\research\decentralized benchmark\topk_filter_study\results\sensitivity_suite\scenarios\known_targets_g19_t50_n100.csv,02,41,11,0,39,3,5,2,1,1,5.0,1,0,266,85,181,768,0,37,22.474800000000002,0.6074270270270271,0.1471,1.9871,2.067,13.0916,0.353827027027027,0.1471,1.0459,1.0573,16,9.3832,0.58645,0.52705,1.0097,1.0097,completed
31,known_visit,CBAA,ideal,1.0,19,361,4,50,multitarget_g19_r4_t50_cbaa_topk075,C:\Users\lottj\Desktop\research\decentralized benchmark\topk_filter_study\results\sensitivity_suite\scenarios\known_targets_g19_t50_n100.csv,03,38,10,0,39,0,3,1,1,0,0.0,0,0,253,79,174,781,0,47,23.3882,0.49762127659574473,0.3772,1.9627,2.179,13.4601,0.28638510638297876,0.1426,1.0901,1.7341,25,9.9281,0.39712400000000003,0.2807,0.8726,0.9326,completed
32,known_visit,CBAA,ideal,1.0,19,361,4,50,multitarget_g19_r4_t50_cbaa_topk075,C:\Users\lottj\Desktop\research\decentralized benchmark\topk_filter_study\results\sensitivity_suite\scenarios\known_targets_g19_t50_n100.csv,00,39,14,0,40,0,0,0,0,0,0.0,0,0,261,80,181,801,0,64,31.8365,0.4974453125,0.36634999999999995,1.667,2.1775,15.6585,0.2446640625,0.1328,0.914,1.1533,46,16.178,0.3516956521739131,0.251,0.8197,1.0242,completed
32,known_visit,CBAA,ideal,1.0,19,361,4,50,multitarget_g19_r4_t50_cbaa_topk075,C:\Users\lottj\Desktop\research\decentralized benchmark\topk_filter_study\results\sensitivity_suite\scenarios\known_targets_g19_t50_n100.csv,01,37,13,0,37,1,0,0,0,0,0.0,0,0,253,76,177,809,0,68,33.2998,0.48970294117647056,0.37339999999999995,1.4482,2.0403,16.4134,0.2413735294117647,0.14034999999999997,0.8817,1.0946,49,16.8864,0.3446204081632653,0.2668,0.8226,0.9881,completed
32,known_visit,CBAA,ideal,1.0,19,361,4,50,multitarget_g19_r4_t50_cbaa_topk075,C:\Users\lottj\Desktop\research\decentralized benchmark\topk_filter_study\results\sensitivity_suite\scenarios\known_targets_g19_t50_n100.csv,02,48,15,2,45,4,1,0,0,0,0.0,0,0,277,97,180,787,0,33,21.1083,0.6396454545454545,0.369,1.9371,2.1136,12.0477,0.36508181818181823,0.1615,1.0377,1.1521,17,9.060599999999999,0.5329764705882353,0.4923,0.9615,0.9615,completed
32,known_visit,CBAA,ideal,1.0,19,361,4,50,multitarget_g19_r4_t50_cbaa_topk075,C:\Users\lottj\Desktop\research\decentralized benchmark\topk_filter_study\results\sensitivity_suite\scenarios\known_targets_g19_t50_n100.csv,03,41,8,2,36,6,6,0,0,0,0.0,0,0,273,84,189,789,0,64,32.2813,0.5043953125,0.3638,1.9437,2.1882,15.6775,0.2449609375,0.13,0.8706,1.1474,41,16.6038,0.40497073170731707,0.2541,0.9302,1.9802,completed
33,known_visit,CBAA,ideal,1.0,19,361,4,50,multitarget_g19_r4_t50_cbaa_topk075,C:\Users\lottj\Desktop\research\decentralized benchmark\topk_filter_study\results\sensitivity_suite\scenarios\known_targets_g19_t50_n100.csv,00,40,16,0,40,1,0,0,0,0,0.0,0,0,255,82,173,780,0,39,24.8913,0.6382384615384615,0.3983,1.83,1.855,13.015,0.33371794871794874,0.1387,1.0412,1.0455,24,11.8763,0.4948458333333334,0.4244,0.8497,1.3056,completed
33,known_visit,CBAA,ideal,1.0,19,361,4,50,multitarget_g19_r4_t50_cbaa_topk075,C:\Users\lottj\Desktop\research\decentralized benchmark\topk_filter_study\results\sensitivity_suite\scenarios\known_targets_g19_t50_n100.csv,01,43,15,3,41,3,4,2,2,0,0.0,0,0,271,89,182,766,0,37,25.9623,0.7016837837837837,0.6323,1.8987,2.0932,14.1542,0.38254594594594593,0.2264,1.054,1.0855,20,11.8081,0.590405,0.55765,1.0077,1.1154,completed
33,known_visit,CBAA,ideal,1.0,19,361,4,50,multitarget_g19_r4_t50_cbaa_topk075,C:\Users\lottj\Desktop\research\decentralized benchmark\topk_filter_study\results\sensitivity_suite\scenarios\known_targets_g19_t50_n100.csv,02,40,6,0,39,2,3,1,1,0,0.0,0,0,253,83,170,782,0,41,21.5406,0.5253804878048781,0.3778,1.713,1.8551,12.0925,0.2949390243902439,0.1347,0.9836,1.1034,22,9.4481,0.4294590909090909,0.34185,0.8307,0.8454,completed
33,known_visit,CBAA,ideal,1.0,19,361,4,50,multitarget_g19_r4_t50_cbaa_topk075,C:\Users\lottj\Desktop\research\decentralized benchmark\topk_filter_study\results\sensitivity_suite\scenarios\known_targets_g19_t50_n100.csv,03,38,13,0,39,0,0,0,0,0,0.0,0,0,258,78,180,777,0,54,26.7114,0.49465555555555557,0.38775,1.7283,1.9941,13.798,0.25551851851851853,0.14735,0.9656,1.0772,31,12.9134,0.4165612903225806,0.3188,0.8312,0.9619,completed
34,known_visit,CBAA,ideal,1.0,19,361,4,50,multitarget_g19_r4_t50_cbaa_topk075,C:\Users\lottj\Desktop\research\decentralized benchmark\topk_filter_study\results\sensitivity_suite\scenarios\known_targets_g19_t50_n100.csv,00,39,13,2,36,4,1,4,2,2,10.0,1,0,268,84,184,815,0,53,31.8577,0.6010886792452831,0.4237,1.944,2.6314,16.5152,0.3116075471698113,0.1621,1.0678,1.2345,37,15.3425,0.4146621621621621,0.3061,0.8989,1.3969,completed
34,known_visit,CBAA,ideal,1.0,19,361,4,50,multitarget_g19_r4_t50_cbaa_topk075,C:\Users\lottj\Desktop\research\decentralized benchmark\topk_filter_study\results\sensitivity_suite\scenarios\known_targets_g19_t50_n100.csv,01,42,7,2,34,9,7,3,3,0,0.0,0,0,275,90,185,808,0,51,24.9169,0.48856666666666665,0.15,1.9985,2.1069,14.1767,0.2779745098039216,0.1424,1.0813,1.2252,24,10.7402,0.44750833333333334,0.39575,0.893,0.9383,completed
34,known_visit,CBAA,ideal,1.0,19,361,4,50,multitarget_g19_r4_t50_cbaa_topk075,C:\Users\lottj\Desktop\research\decentralized benchmark\topk_filter_study\results\sensitivity_suite\scenarios\known_targets_g19_t50_n100.csv,02,46,17,1,46,1,1,0,0,0,0.0,0,0,279,93,186,806,0,32,21.0452,0.6576625,0.45185,2.1445,2.1925,11.97,0.3740625,0.1847,1.1484,1.1666,18,9.0752,0.5041777777777778,0.47325,1.0441,1.0441,completed
34,known_visit,CBAA,ideal,1.0,19,361,4,50,multitarget_g19_r4_t50_cbaa_topk075,C:\Users\lottj\Desktop\research\decentralized benchmark\topk_filter_study\results\sensitivity_suite\scenarios\known_targets_g19_t50_n100.csv,03,38,13,0,39,0,1,0,0,0,0.0,0,0,263,78,185,820,0,59,27.6548,0.4687254237288136,0.4242,1.3257,2.0121,13.6913,0.23205593220338983,0.1571,0.8498,1.0862,42,13.9635,0.3324642857142857,0.2818,0.5355,0.9394,completed
35,known_visit,CBAA,ideal,1.0,19,361,4,50,multitarget_g19_r4_t50_cbaa_topk075,C:\Users\lottj\Desktop\research\decentralized benchmark\topk_filter_study\results\sensitivity_suite\scenarios\known_targets_g19_t50_n100.csv,00,33,12,0,34,0,0,0,0,0,0.0,0,0,223,68,155,676,0,46,29.6615,0.6448152173913043,0.3846,2.4984,3.166,15.6968,0.34123478260869566,0.1493,1.2209,1.7048,28,13.9647,0.4987392857142857,0.3428,1.3855,1.4612,completed
35,known_visit,CBAA,ideal,1.0,19,361,4,50,multitarget_g19_r4_t50_cbaa_topk075,C:\Users\lottj\Desktop\research\decentralized benchmark\topk_filter_study\results\sensitivity_suite\scenarios\known_targets_g19_t50_n100.csv,01,37,14,0,37,1,2,0,0,0,0.0,0,0,234,75,159,667,0,31,22.2053,0.7163,0.3761,2.0676,2.5819,12.6582,0.40832903225806455,0.1747,1.1165,1.5557,16,9.5471,0.59669375,0.46925,1.1728,1.1728,completed
35,known_visit,CBAA,ideal,1.0,19,361,4,50,multitarget_g19_r4_t50_cbaa_topk075,C:\Users\lottj\Desktop\research\decentralized benchmark\topk_filter_study\results\sensitivity_suite\scenarios\known_targets_g19_t50_n100.csv,02,32,14,0,33,0,0,0,0,0,0.0,0,0,218,66,152,681,0,47,26.165,0.5567021276595745,0.3826,2.0628,2.773,14.1155,0.3003297872340426,0.1481,1.0869,1.9342,29,12.0495,0.4155,0.3432,0.9759,0.9843,completed
35,known_visit,CBAA,ideal,1.0,19,361,4,50,multitarget_g19_r4_t50_cbaa_topk075,C:\Users\lottj\Desktop\research\decentralized benchmark\topk_filter_study\results\sensitivity_suite\scenarios\known_targets_g19_t50_n100.csv,03,34,10,0,35,0,0,0,0,0,0.0,0,0,226,70,156,673,0,42,19.1991,0.4571214285714286,0.28065,1.5768,2.0341,10.9687,0.2611595238095238,0.14695,0.964,1.1042,20,8.2304,0.41152,0.32845,0.7913,0.9299,completed
36,known_visit,CBAA,ideal,1.0,19,361,4,50,multitarget_g19_r4_t50_cbaa_topk075,C:\Users\lottj\Desktop\research\decentralized benchmark\topk_filter_study\results\sensitivity_suite\scenarios\known_targets_g19_t50_n100.csv,00,50,17,0,50,1,0,0,0,0,0.0,0,0,298,101,197,857,0,36,19.8304,0.5508444444444445,0.17930000000000001,1.9668,1.9908,11.4979,0.3193861111111111,0.14955000000000002,1.0647,1.0853,17,8.3325,0.4901470588235294,0.4202,0.9261,0.9261,completed
36,known_visit,CBAA,ideal,1.0,19,361,4,50,multitarget_g19_r4_t50_cbaa_topk075,C:\Users\lottj\Desktop\research\decentralized benchmark\topk_filter_study\results\sensitivity_suite\scenarios\known_targets_g19_t50_n100.csv,01,40,11,1,37,4,2,0,0,0,0.0,0,0,281,82,199,872,0,68,34.4427,0.5065102941176471,0.43305000000000005,1.5351,1.9574,16.8226,0.24739117647058825,0.15250000000000002,0.8574,1.0462,50,17.6201,0.352402,0.2855,0.8093,0.9112,completed
36,known_visit,CBAA,ideal,1.0,19,361,4,50,multitarget_g19_r4_t50_cbaa_topk075,C:\Users\lottj\Desktop\research\decentralized benchmark\topk_filter_study\results\sensitivity_suite\scenarios\known_targets_g19_t50_n100.csv,02,43,9,3,39,5,5,2,2,0,0.0,0,0,290,90,200,863,0,68,30.6543,0.4507985294117647,0.40800000000000003,1.5273,2.0898,16.1297,0.2372014705882353,0.1431,0.8487,1.1635,40,14.5246,0.36311499999999997,0.28305,0.7984,0.9263,completed
36,known_visit,CBAA,ideal,1.0,19,361,4,50,multitarget_g19_r4_t50_cbaa_topk075,C:\Users\lottj\Desktop\research\decentralized benchmark\topk_filter_study\results\sensitivity_suite\scenarios\known_targets_g19_t50_n100.csv,03,47,13,1,43,5,1,0,0,0,0.0,0,0,286,96,190,867,0,42,20.0186,0.4766333333333333,0.39390000000000003,1.5217,2.261,10.7861,0.25681190476190474,0.14539999999999997,0.8425,1.2617,24,9.2325,0.3846875,0.32065,0.7357,0.9993,completed
37,known_visit,CBAA,ideal,1.0,19,361,4,50,multitarget_g19_r4_t50_cbaa_topk075,C:\Users\lottj\Desktop\research\decentralized benchmark\topk_filter_study\results\sensitivity_suite\scenarios\known_targets_g19_t50_n100.csv,00,37,8,3,32,6,3,0,0,0,0.0,0,0,239,76,163,722,0,48,19.1659,0.39928958333333336,0.15385,1.3438,1.7101,10.7325,0.22359375,0.13815,0.7198,1.0953,22,8.4334,0.38333636363636364,0.29125,0.624,0.7683,completed
37,known_visit,CBAA,ideal,1.0,19,361,4,50,multitarget_g19_r4_t50_cbaa_topk075,C:\Users\lottj\Desktop\research\decentralized benchmark\topk_filter_study\results\sensitivity_suite\scenarios\known_targets_g19_t50_n100.csv,01,40,16,0,40,1,0,0,0,0,0.0,0,0,245,81,164,718,0,35,19.0965,0.5456142857142857,0.1562,1.5776,3.291,10.6286,0.30367428571428573,0.1562,0.9565,1.6039,16,8.4679,0.52924375,0.46285,1.6871,1.6871,completed
37,known_visit,CBAA,ideal,1.0,19,361,4,50,multitarget_g19_r4_t50_cbaa_topk075,C:\Users\lottj\Desktop\research\decentralized benchmark\topk_filter_study\results\sensitivity_suite\scenarios\known_targets_g19_t50_n100.csv,02,35,16,0,36,0,2,1,1,0,0.0,0,0,242,73,169,719,0,49,29.4001,0.6000020408163265,0.4333,1.6,3.6189,13.6114,0.27778367346938776,0.1527,0.9708,1.2805,37,15.7887,0.42672162162162164,0.3006,0.7647,2.6481,completed
37,known_visit,CBAA,ideal,1.0,19,361,4,50,multitarget_g19_r4_t50_cbaa_topk075,C:\Users\lottj\Desktop\research\decentralized benchmark\topk_filter_study\results\sensitivity_suite\scenarios\known_targets_g19_t50_n100.csv,03,34,10,0,35,0,1,0,0,0,0.0,0,0,237,70,167,724,0,57,24.1892,0.4243719298245614,0.4186,1.3383,1.9219,11.6705,0.20474561403508773,0.1452,0.7663,1.0047,37,12.5187,0.3383432432432433,0.2984,0.6652,0.9172,completed
38,known_visit,CBAA,ideal,1.0,19,361,4,50,multitarget_g19_r4_t50_cbaa_topk075,C:\Users\lottj\Desktop\research\decentralized benchmark\topk_filter_study\results\sensitivity_suite\scenarios\known_targets_g19_t50_n100.csv,00,37,17,0,38,0,0,0,0,0,0.0,0,0,245,76,169,725,0,40,25.901699999999998,0.6475424999999999,0.40654999999999997,2.198,2.3138,14.3525,0.3588125,0.14865,1.1547,1.3092,23,11.5492,0.5021391304347826,0.4323,1.0433,1.1504,completed
38,known_visit,CBAA,ideal,1.0,19,361,4,50,multitarget_g19_r4_t50_cbaa_topk075,C:\Users\lottj\Desktop\research\decentralized benchmark\topk_filter_study\results\sensitivity_suite\scenarios\known_targets_g19_t50_n100.csv,01,36,7,3,31,6,1,2,2,0,0.0,0,0,243,76,167,727,0,42,19.689799999999998,0.46880476190476184,0.14200000000000002,1.7241,1.9928,11.443200000000001,0.2724571428571429,0.13405,0.9978,1.0913,18,8.2466,0.45814444444444447,0.38145,0.9015,0.9015,completed
38,known_visit,CBAA,ideal,1.0,19,361,4,50,multitarget_g19_r4_t50_cbaa_topk075,C:\Users\lottj\Desktop\research\decentralized benchmark\topk_filter_study\results\sensitivity_suite\scenarios\known_targets_g19_t50_n100.csv,02,38,13,0,38,1,0,0,0,0,0.0,0,0,247,77,170,725,0,33,18.4598,0.5593878787878789,0.144,2.2724,2.6835,11.1029,0.33645151515151517,0.144,1.3479,1.4968,13,7.3568999999999996,0.5659153846153846,0.4935,1.3356,1.3356,completed
38,known_visit,CBAA,ideal,1.0,19,361,4,50,multitarget_g19_r4_t50_cbaa_topk075,C:\Users\lottj\Desktop\research\decentralized benchmark\topk_filter_study\results\sensitivity_suite\scenarios\known_targets_g19_t50_n100.csv,03,36,13,0,37,0,1,0,0,0,0.0,0,0,237,74,163,733,0,39,21.4126,0.5490410256410256,0.3727,2.0108,2.3995,12.0748,0.3096102564102564,0.1386,1.1361,1.509,20,9.3378,0.46688999999999997,0.37815,0.8747,0.8905,completed
39,known_visit,CBAA,ideal,1.0,19,361,4,50,multitarget_g19_r4_t50_cbaa_topk075,C:\Users\lottj\Desktop\research\decentralized benchmark\topk_filter_study\results\sensitivity_suite\scenarios\known_targets_g19_t50_n100.csv,00,39,12,1,38,2,0,0,0,0,0.0,0,0,264,80,184,795,0,42,25.4784,0.6066285714285714,0.47125,1.7231,2.9781,13.4312,0.3197904761904762,0.16299999999999998,0.946,2.0183,27,12.0472,0.4461925925925926,0.3784,0.8716,0.9598,completed
39,known_visit,CBAA,ideal,1.0,19,361,4,50,multitarget_g19_r4_t50_cbaa_topk075,C:\Users\lottj\Desktop\research\decentralized benchmark\topk_filter_study\results\sensitivity_suite\scenarios\known_targets_g19_t50_n100.csv,01,43,14,0,44,0,0,1,1,0,0.0,0,0,265,88,177,796,0,35,17.4549,0.49871142857142853,0.1456,1.774,2.0781,10.2675,0.29335714285714287,0.1456,0.9884,1.1194,14,7.1874,0.5133857142857143,0.45599999999999996,0.9587,0.9587,completed
39,known_visit,CBAA,ideal,1.0,19,361,4,50,multitarget_g19_r4_t50_cbaa_topk075,C:\Users\lottj\Desktop\research\decentralized benchmark\topk_filter_study\results\sensitivity_suite\scenarios\known_targets_g19_t50_n100.csv,02,40,11,1,38,3,4,0,0,0,0.0,0,0,267,82,185,792,0,45,26.1035,0.5800777777777778,0.4605,1.7319,2.3549,13.9519,0.3100422222222222,0.1647,0.9969,1.2644,27,12.1516,0.45005925925925927,0.3974,0.8921,1.0905,completed
39,known_visit,CBAA,ideal,1.0,19,361,4,50,multitarget_g19_r4_t50_cbaa_topk075,C:\Users\lottj\Desktop\research\decentralized benchmark\topk_filter_study\results\sensitivity_suite\scenarios\known_targets_g19_t50_n100.csv,03,40,13,0,41,0,1,0,0,0,0.0,0,0,265,82,183,794,0,41,22.3437,0.5449682926829268,0.4524,1.8653,2.0372,12.0672,0.2943219512195122,0.1701,1.0882,1.1015,23,10.2765,0.44680434782608697,0.3493,0.92,0.9363,completed
40,known_visit,CBAA,ideal,1.0,19,361,4,50,multitarget_g19_r4_t50_cbaa_topk075,C:\Users\lottj\Desktop\research\decentralized benchmark\topk_filter_study\results\sensitivity_suite\scenarios\known_targets_g19_t50_n100.csv,00,39,16,0,40,0,0,0,0,0,0.0,0,0,260,80,180,764,0,46,23.8535,0.518554347826087,0.3885,1.451,2.2327,13.0244,0.2831391304347826,0.1463,0.8003,1.1681,25,10.8291,0.433164,0.3722,0.8588,1.0646,completed
40,known_visit,CBAA,ideal,1.0,19,361,4,50,multitarget_g19_r4_t50_cbaa_topk075,C:\Users\lottj\Desktop\research\decentralized benchmark\topk_filter_study\results\sensitivity_suite\scenarios\known_targets_g19_t50_n100.csv,01,36,9,0,35,2,1,2,2,0,0.0,0,0,248,76,172,776,0,52,23.1123,0.4444673076923077,0.41795,1.602,2.0692,11.4826,0.22081923076923077,0.14215,1.0123,1.126,30,11.6297,0.38765666666666665,0.31615,0.8553,0.9432,completed
40,known_visit,CBAA,ideal,1.0,19,361,4,50,multitarget_g19_r4_t50_cbaa_topk075,C:\Users\lottj\Desktop\research\decentralized benchmark\topk_filter_study\results\sensitivity_suite\scenarios\known_targets_g19_t50_n100.csv,02,43,12,0,44,0,2,0,0,0,0.0,0,0,260,87,173,766,0,40,17.6408,0.44101999999999997,0.13495000000000001,1.6966,2.1327,10.804,0.2701,0.13495000000000001,1.0462,1.1564,13,6.8368,0.5259076923076923,0.5367,0.9763,0.9763,completed
40,known_visit,CBAA,ideal,1.0,19,361,4,50,multitarget_g19_r4_t50_cbaa_topk075,C:\Users\lottj\Desktop\research\decentralized benchmark\topk_filter_study\results\sensitivity_suite\scenarios\known_targets_g19_t50_n100.csv,03,39,13,0,39,1,1,0,0,0,0.0,0,0,258,80,178,766,0,41,23.4194,0.5712048780487805,0.4138,2.029,2.2398,12.8171,0.3126121951219512,0.1489,1.03,1.2804,24,10.6023,0.4417625,0.34385,0.9705,0.999,completed
41,known_visit,CBAA,ideal,1.0,19,361,4,50,multitarget_g19_r4_t50_cbaa_topk075,C:\Users\lottj\Desktop\research\decentralized benchmark\topk_filter_study\results\sensitivity_suite\scenarios\known_targets_g19_t50_n100.csv,00,40,15,1,38,3,0,0,0,0,0.0,0,0,257,81,176,741,0,34,21.6469,0.6366735294117647,0.16820000000000002,1.9548,2.0427,13.1246,0.3860176470588235,0.16820000000000002,1.1011,1.1217,15,8.5223,0.5681533333333333,0.5529,0.921,0.921,completed
41,known_visit,CBAA,ideal,1.0,19,361,4,50,multitarget_g19_r4_t50_cbaa_topk075,C:\Users\lottj\Desktop\research\decentralized benchmark\topk_filter_study\results\sensitivity_suite\scenarios\known_targets_g19_t50_n100.csv,01,37,15,0,38,0,0,0,0,0,0.0,0,0,247,76,171,751,0,43,25.5269,0.5936488372093024,0.4821,1.9593,2.2122,13.8533,0.3221697674418605,0.1732,1.0891,1.2154,23,11.6736,0.5075478260869566,0.3871,0.9968,1.0285,completed
41,known_visit,CBAA,ideal,1.0,19,361,4,50,multitarget_g19_r4_t50_cbaa_topk075,C:\Users\lottj\Desktop\research\decentralized benchmark\topk_filter_study\results\sensitivity_suite\scenarios\known_targets_g19_t50_n100.csv,02,40,12,1,40,1,1,0,0,0,0.0,0,0,255,81,174,745,0,35,19.654700000000002,0.5615628571428571,0.1625,2.0931,2.2313,11.7132,0.33466285714285715,0.1625,1.1166,1.3984,14,7.9415,0.5672499999999999,0.49075,0.9765,0.9765,completed
41,known_visit,CBAA,ideal,1.0,19,361,4,50,multitarget_g19_r4_t50_cbaa_topk075,C:\Users\lottj\Desktop\research\decentralized benchmark\topk_filter_study\results\sensitivity_suite\scenarios\known_targets_g19_t50_n100.csv,03,36,8,0,34,3,4,0,0,0,0.0,0,0,241,74,167,757,0,46,27.9599,0.6078239130434783,0.47535000000000005,1.6535,2.3744,14.8681,0.3232195652173913,0.17645,0.9133,1.4875,28,13.0918,0.4675642857142857,0.45635000000000003,0.7402,1.2404,completed
42,known_visit,CBAA,ideal,1.0,19,361,4,50,multitarget_g19_r4_t50_cbaa_topk075,C:\Users\lottj\Desktop\research\decentralized benchmark\topk_filter_study\results\sensitivity_suite\scenarios\known_targets_g19_t50_n100.csv,00,46,17,0,47,0,0,0,0,0,0.0,0,0,278,93,185,831,0,36,18.2855,0.5079305555555556,0.1466,1.9151,2.2233,10.367,0.28797222222222224,0.1466,1.0235,1.2181,17,7.9185,0.4657941176470588,0.4263,1.0052,1.0052,completed
42,known_visit,CBAA,ideal,1.0,19,361,4,50,multitarget_g19_r4_t50_cbaa_topk075,C:\Users\lottj\Desktop\research\decentralized benchmark\topk_filter_study\results\sensitivity_suite\scenarios\known_targets_g19_t50_n100.csv,01,43,7,0,41,3,3,2,2,0,0.0,0,0,278,90,188,829,0,46,21.1086,0.45888260869565217,0.15085,2.0104,2.1553,12.2356,0.2659913043478261,0.14005,1.1717,1.2502,20,8.873,0.44365,0.37005,0.9033,0.9836,completed
42,known_visit,CBAA,ideal,1.0,19,361,4,50,multitarget_g19_r4_t50_cbaa_topk075,C:\Users\lottj\Desktop\research\decentralized benchmark\topk_filter_study\results\sensitivity_suite\scenarios\known_targets_g19_t50_n100.csv,02,43,14,1,42,2,3,4,4,0,0.0,0,0,279,92,187,828,0,40,24.4345,0.6108625,0.43474999999999997,1.6367,2.1008,12.9067,0.3226675,0.17875000000000002,0.9138,1.1365,24,11.5278,0.48032499999999995,0.44584999999999997,0.9643,0.9805,completed
42,known_visit,CBAA,ideal,1.0,19,361,4,50,multitarget_g19_r4_t50_cbaa_topk075,C:\Users\lottj\Desktop\research\decentralized benchmark\topk_filter_study\results\sensitivity_suite\scenarios\known_targets_g19_t50_n100.csv,03,42,12,3,35,8,3,0,0,0,0.0,0,0,274,86,188,833,0,51,26.8049,0.5255862745098039,0.4002,1.8088,2.3689,14.5336,0.28497254901960783,0.1606,0.9883,1.2781,29,12.2713,0.423148275862069,0.3532,1.0436,1.0908,completed
43,known_visit,CBAA,ideal,1.0,19,361,4,50,multitarget_g19_r4_t50_cbaa_topk075,C:\Users\lottj\Desktop\research\decentralized benchmark\topk_filter_study\results\sensitivity_suite\scenarios\known_targets_g19_t50_n100.csv,00,47,18,2,45,3,1,0,0,0,0.0,0,0,274,95,179,797,0,37,21.4357,0.5793432432432433,0.4231,1.8897,2.0035,11.7597,0.3178297297297297,0.158,1.0399,1.1132,19,9.676,0.5092631578947369,0.4434,0.895,0.895,completed
43,known_visit,CBAA,ideal,1.0,19,361,4,50,multitarget_g19_r4_t50_cbaa_topk075,C:\Users\lottj\Desktop\research\decentralized benchmark\topk_filter_study\results\sensitivity_suite\scenarios\known_targets_g19_t50_n100.csv,01,38,8,2,32,7,9,0,0,0,0.0,0,0,264,78,186,805,0,66,33.616,0.5093333333333333,0.41025,1.5265,2.4032,17.0103,0.2577318181818182,0.15175,0.9129,1.3654,46,16.6057,0.3609934782608695,0.30245,0.6182,1.0378,completed
43,known_visit,CBAA,ideal,1.0,19,361,4,50,multitarget_g19_r4_t50_cbaa_topk075,C:\Users\lottj\Desktop\research\decentralized benchmark\topk_filter_study\results\sensitivity_suite\scenarios\known_targets_g19_t50_n100.csv,02,40,9,2,39,2,5,2,2,0,0.0,0,0,265,84,181,804,0,59,26.5051,0.4492389830508474,0.397,1.8561,2.0568,13.5406,0.22950169491525424,0.1363,1.0376,1.1528,33,12.9645,0.39286363636363636,0.3049,0.8688,0.904,completed
43,known_visit,CBAA,ideal,1.0,19,361,4,50,multitarget_g19_r4_t50_cbaa_topk075,C:\Users\lottj\Desktop\research\decentralized benchmark\topk_filter_study\results\sensitivity_suite\scenarios\known_targets_g19_t50_n100.csv,03,41,15,0,40,2,1,0,0,0,0.0,0,0,268,84,184,801,0,54,29.2471,0.5416129629629629,0.4041,1.8789,2.1457,15.0101,0.27796481481481483,0.13774999999999998,1.0668,1.1191,36,14.237,0.3954722222222222,0.29605,0.9319,1.0319,completed
44,known_visit,CBAA,ideal,1.0,19,361,4,50,multitarget_g19_r4_t50_cbaa_topk075,C:\Users\lottj\Desktop\research\decentralized benchmark\topk_filter_study\results\sensitivity_suite\scenarios\known_targets_g19_t50_n100.csv,00,38,17,0,39,0,0,0,0,0,0.0,0,0,253,78,175,771,0,39,26.3982,0.676876923076923,0.4235,2.1025,3.5768,15.6797,0.4020435897435898,0.1793,1.0188,3.5768,23,10.7185,0.4660217391304348,0.4376,0.7289,1.1062,completed
44,known_visit,CBAA,ideal,1.0,19,361,4,50,multitarget_g19_r4_t50_cbaa_topk075,C:\Users\lottj\Desktop\research\decentralized benchmark\topk_filter_study\results\sensitivity_suite\scenarios\known_targets_g19_t50_n100.csv,01,41,13,0,40,2,3,0,0,0,0.0,0,0,259,83,176,767,0,36,23.650100000000002,0.6569472222222222,0.13585,2.6048,3.301,12.435,0.3454166666666667,0.13585,1.226,1.5291,16,11.2151,0.70094375,0.528,2.9195,2.9195,completed
44,known_visit,CBAA,ideal,1.0,19,361,4,50,multitarget_g19_r4_t50_cbaa_topk075,C:\Users\lottj\Desktop\research\decentralized benchmark\topk_filter_study\results\sensitivity_suite\scenarios\known_targets_g19_t50_n100.csv,02,39,14,0,40,0,0,1,1,0,0.0,0,0,251,81,170,773,0,41,19.6956,0.480380487804878,0.138,1.6509,2.0324,11.447799999999999,0.27921463414634146,0.138,0.9157,1.1016,18,8.2478,0.4582111111111111,0.37575000000000003,0.9308,0.9308,completed
44,known_visit,CBAA,ideal,1.0,19,361,4,50,multitarget_g19_r4_t50_cbaa_topk075,C:\Users\lottj\Desktop\research\decentralized benchmark\topk_filter_study\results\sensitivity_suite\scenarios\known_targets_g19_t50_n100.csv,03,39,6,0,37,3,8,2,1,0,0.0,0,0,263,81,182,761,0,44,23.0077,0.5229022727272727,0.14650000000000002,1.8055,2.3083,13.4569,0.30583863636363634,0.14195,0.9829,1.2871,18,9.5508,0.5306000000000001,0.49785,1.0212,1.0212,completed
45,known_visit,CBAA,ideal,1.0,19,361,4,50,multitarget_g19_r4_t50_cbaa_topk075,C:\Users\lottj\Desktop\research\decentralized benchmark\topk_filter_study\results\sensitivity_suite\scenarios\known_targets_g19_t50_n100.csv,00,49,15,1,48,2,3,0,0,0,0.0,0,0,308,100,208,910,0,45,24.8912,0.5531377777777778,0.4301,2.2326,2.8404,13.9876,0.3108355555555556,0.148,1.2467,1.7397,24,10.9036,0.4543166666666667,0.35814999999999997,1.0232,1.1007,completed
45,known_visit,CBAA,ideal,1.0,19,361,4,50,multitarget_g19_r4_t50_cbaa_topk075,C:\Users\lottj\Desktop\research\decentralized benchmark\topk_filter_study\results\sensitivity_suite\scenarios\known_targets_g19_t50_n100.csv,01,50,12,0,47,4,3,1,1,0,0.0,0,0,307,102,205,913,0,43,26.3556,0.6129209302325581,0.1649,2.2958,3.1155,16.5205,0.38419767441860464,0.1649,1.1963,2.3444,20,9.8351,0.49175500000000005,0.4249,0.8103,1.0995,completed
45,known_visit,CBAA,ideal,1.0,19,361,4,50,multitarget_g19_r4_t50_cbaa_topk075,C:\Users\lottj\Desktop\research\decentralized benchmark\topk_filter_study\results\sensitivity_suite\scenarios\known_targets_g19_t50_n100.csv,02,48,13,1,40,9,5,1,1,0,0.0,0,0,300,98,202,918,0,44,23.4927,0.533925,0.432,1.747,2.2497,12.5921,0.2861840909090909,0.1517,0.988,1.3106,26,10.9006,0.4192538461538462,0.32489999999999997,0.9391,0.9887,completed
45,known_visit,CBAA,ideal,1.0,19,361,4,50,multitarget_g19_r4_t50_cbaa_topk075,C:\Users\lottj\Desktop\research\decentralized benchmark\topk_filter_study\results\sensitivity_suite\scenarios\known_targets_g19_t50_n100.csv,03,46,10,2,42,5,7,5,5,0,0.0,0,0,305,99,206,913,0,49,26.8892,0.5487591836734693,0.4392,1.9652,2.3962,14.9449,0.3049979591836735,0.1459,1.0998,1.7753,28,11.9443,0.42658214285714285,0.33840000000000003,0.8578,0.9436,completed
46,known_visit,CBAA,ideal,1.0,19,361,4,50,multitarget_g19_r4_t50_cbaa_topk075,C:\Users\lottj\Desktop\research\decentralized benchmark\topk_filter_study\results\sensitivity_suite\scenarios\known_targets_g19_t50_n100.csv,00,56,15,0,54,3,0,2,2,0,0.0,0,0,315,115,200,878,0,36,26.6799,0.7411083333333334,0.1498,2.1827,5.9558,13.0329,0.362025,0.1498,1.1747,1.1808,16,13.647,0.8529375,0.5367,5.3417,5.3417,completed
46,known_visit,CBAA,ideal,1.0,19,361,4,50,multitarget_g19_r4_t50_cbaa_topk075,C:\Users\lottj\Desktop\research\decentralized benchmark\topk_filter_study\results\sensitivity_suite\scenarios\known_targets_g19_t50_n100.csv,01,57,12,1,50,8,3,0,0,0,0.0,0,0,324,115,209,871,0,35,20.6953,0.5912942857142857,0.166,2.1702,3.061,11.4769,0.3279114285714286,0.1568,1.1639,1.2267,16,9.2184,0.57615,0.47695,1.8343,1.8343,completed
46,known_visit,CBAA,ideal,1.0,19,361,4,50,multitarget_g19_r4_t50_cbaa_topk075,C:\Users\lottj\Desktop\research\decentralized benchmark\topk_filter_study\results\sensitivity_suite\scenarios\known_targets_g19_t50_n100.csv,02,35,10,1,35,1,0,0,0,0,0.0,0,0,270,72,198,923,0,107,52.825,0.49369158878504676,0.475,1.416,2.2451,23.8161,0.2225803738317757,0.1721,0.8408,1.2211,84,29.0089,0.34534404761904763,0.3148,0.5752,1.024,completed
46,known_visit,CBAA,ideal,1.0,19,361,4,50,multitarget_g19_r4_t50_cbaa_topk075,C:\Users\lottj\Desktop\research\decentralized benchmark\topk_filter_study\results\sensitivity_suite\scenarios\known_targets_g19_t50_n100.csv,03,36,13,1,36,1,3,0,0,0,0.0,0,0,286,74,212,907,0,109,58.838,0.5397981651376147,0.4814,1.9341,2.2218,26.9695,0.24742660550458714,0.1743,1.0399,1.5993,88,31.8685,0.3621420454545455,0.31795,0.8461,0.9933,completed
47,known_visit,CBAA,ideal,1.0,19,361,4,50,multitarget_g19_r4_t50_cbaa_topk075,C:\Users\lottj\Desktop\research\decentralized benchmark\topk_filter_study\results\sensitivity_suite\scenarios\known_targets_g19_t50_n100.csv,00,34,14,0,35,0,0,0,0,0,0.0,0,0,233,70,163,702,0,37,20.983,0.5671081081081081,0.1523,2.0167,2.0677,11.9838,0.3238864864864865,0.1468,1.0924,1.1344,17,8.9992,0.529364705882353,0.457,0.9333,0.9333,completed
47,known_visit,CBAA,ideal,1.0,19,361,4,50,multitarget_g19_r4_t50_cbaa_topk075,C:\Users\lottj\Desktop\research\decentralized benchmark\topk_filter_study\results\sensitivity_suite\scenarios\known_targets_g19_t50_n100.csv,01,36,14,0,37,0,0,0,0,0,0.0,0,0,236,73,163,699,0,39,19.5965,0.502474358974359,0.1369,1.9479,2.208,11.4762,0.29426153846153846,0.1369,1.0922,1.1926,14,8.1203,0.5800214285714286,0.51495,1.0154,1.0154,completed
47,known_visit,CBAA,ideal,1.0,19,361,4,50,multitarget_g19_r4_t50_cbaa_topk075,C:\Users\lottj\Desktop\research\decentralized benchmark\topk_filter_study\results\sensitivity_suite\scenarios\known_targets_g19_t50_n100.csv,02,35,12,0,36,0,0,2,1,1,5.0,1,0,240,73,167,697,0,41,20.3715,0.49686585365853664,0.1415,1.7766,2.0299,12.1408,0.2961170731707317,0.1415,1.0773,1.2309,16,8.2307,0.51441875,0.4639,0.9288,0.9288,completed
47,known_visit,CBAA,ideal,1.0,19,361,4,50,multitarget_g19_r4_t50_cbaa_topk075,C:\Users\lottj\Desktop\research\decentralized benchmark\topk_filter_study\results\sensitivity_suite\scenarios\known_targets_g19_t50_n100.csv,03,34,10,0,35,0,3,0,0,0,0.0,0,0,228,70,158,707,0,36,18.3945,0.5109583333333334,0.16045,2.0249,2.1364,10.5665,0.29351388888888885,0.158,1.1096,1.169,16,7.828,0.48925,0.43095,0.9674,0.9674,completed
48,known_visit,CBAA,ideal,1.0,19,361,4,50,multitarget_g19_r4_t50_cbaa_topk075,C:\Users\lottj\Desktop\research\decentralized benchmark\topk_filter_study\results\sensitivity_suite\scenarios\known_targets_g19_t50_n100.csv,00,46,17,0,47,0,0,0,0,0,0.0,0,0,291,93,198,882,0,38,23.538,0.619421052631579,0.2235,1.966,2.5415,14.387,0.3786052631578947,0.16165000000000002,1.0879,1.4297,17,9.151,0.5382941176470588,0.4978,1.1118,1.1118,completed
48,known_visit,CBAA,ideal,1.0,19,361,4,50,multitarget_g19_r4_t50_cbaa_topk075,C:\Users\lottj\Desktop\research\decentralized benchmark\topk_filter_study\results\sensitivity_suite\scenarios\known_targets_g19_t50_n100.csv,01,47,16,0,48,0,0,0,0,0,0.0,0,0,294,95,199,881,0,36,20.1165,0.5587916666666666,0.16244999999999998,2.0574,2.2546,11.9444,0.3317888888888889,0.1602,1.1419,1.1498,15,8.1721,0.5448066666666667,0.522,1.1127,1.1127,completed
48,known_visit,CBAA,ideal,1.0,19,361,4,50,multitarget_g19_r4_t50_cbaa_topk075,C:\Users\lottj\Desktop\research\decentralized benchmark\topk_filter_study\results\sensitivity_suite\scenarios\known_targets_g19_t50_n100.csv,02,46,5,1,44,3,5,5,5,0,0.0,0,0,299,98,201,874,0,37,21.3162,0.5761135135135135,0.148,2.1101,2.2033,12.5614,0.33949729729729733,0.148,1.153,1.1726,15,8.7548,0.5836533333333332,0.4888,1.0307,1.0307,completed
48,known_visit,CBAA,ideal,1.0,19,361,4,50,multitarget_g19_r4_t50_cbaa_topk075,C:\Users\lottj\Desktop\research\decentralized benchmark\topk_filter_study\results\sensitivity_suite\scenarios\known_targets_g19_t50_n100.csv,03,43,12,0,37,7,1,0,0,0,0.0,0,0,291,88,203,882,0,53,23.037300000000002,0.4346660377358491,0.1637,2.1024,2.1777,12.7177,0.2399566037735849,0.1452,1.0871,1.189,24,10.3196,0.42998333333333333,0.33089999999999997,0.9953,1.0153,completed
49,known_visit,CBAA,ideal,1.0,19,361,4,50,multitarget_g19_r4_t50_cbaa_topk075,C:\Users\lottj\Desktop\research\decentralized benchmark\topk_filter_study\results\sensitivity_suite\scenarios\known_targets_g19_t50_n100.csv,00,37,16,0,38,0,1,4,3,1,5.0,1,0,257,80,177,768,0,44,29.7253,0.675575,0.41910000000000003,1.95,2.0651,15.6678,0.35608636363636365,0.1592,1.1003,1.2064,29,14.057500000000001,0.4847413793103449,0.3639,0.9114,1.2956,completed
49,known_visit,CBAA,ideal,1.0,19,361,4,50,multitarget_g19_r4_t50_cbaa_topk075,C:\Users\lottj\Desktop\research\decentralized benchmark\topk_filter_study\results\sensitivity_suite\scenarios\known_targets_g19_t50_n100.csv,01,43,10,3,38,6,4,1,1,0,0.0,0,0,264,88,176,763,0,36,18.3085,0.5085694444444444,0.1439,1.9377,2.0519,11.2085,0.3113472222222222,0.1439,1.0662,1.1699,13,7.1,0.5461538461538461,0.4773,0.9064,0.9064,completed
49,known_visit,CBAA,ideal,1.0,19,361,4,50,multitarget_g19_r4_t50_cbaa_topk075,C:\Users\lottj\Desktop\research\decentralized benchmark\topk_filter_study\results\sensitivity_suite\scenarios\known_targets_g19_t50_n100.csv,02,39,14,0,40,0,0,1,1,0,0.0,0,0,254,81,173,771,0,39,21.698,0.5563589743589744,0.3936,1.997,2.0769,11.5469,0.296074358974359,0.1502,1.1283,1.1536,22,10.1511,0.46141363636363636,0.40215,0.8687,0.9233,completed
49,known_visit,CBAA,ideal,1.0,19,361,4,50,multitarget_g19_r4_t50_cbaa_topk075,C:\Users\lottj\Desktop\research\decentralized benchmark\topk_filter_study\results\sensitivity_suite\scenarios\known_targets_g19_t50_n100.csv,03,38,10,0,36,3,1,2,2,0,0.0,0,0,252,81,171,773,0,41,24.1466,0.5889414634146342,0.3874,2.0245,2.3903,13.4669,0.3284609756097561,0.1372,1.177,1.432,22,10.6797,0.4854409090909091,0.34365,0.9056,1.0194,completed
50,known_visit,CBAA,ideal,1.0,19,361,4,50,multitarget_g19_r4_t50_cbaa_topk075,C:\Users\lottj\Desktop\research\decentralized benchmark\topk_filter_study\results\sensitivity_suite\scenarios\known_targets_g19_t50_n100.csv,00,40,14,2,36,5,1,0,0,0,0.0,0,0,264,82,182,822,0,51,25.618,0.502313725490196,0.4356,1.6347,2.0231,13.1546,0.25793333333333335,0.1498,0.9186,1.1009,32,12.4634,0.38948125,0.31115000000000004,0.8277,0.9222,completed
50,known_visit,CBAA,ideal,1.0,19,361,4,50,multitarget_g19_r4_t50_cbaa_topk075,C:\Users\lottj\Desktop\research\decentralized benchmark\topk_filter_study\results\sensitivity_suite\scenarios\known_targets_g19_t50_n100.csv,01,42,16,0,42,1,1,0,0,0,0.0,0,0,276,86,190,810,0,45,26.3305,0.5851222222222222,0.3976,2.0715,2.2698,14.492799999999999,0.3220622222222222,0.1429,1.1137,1.2753,24,11.8377,0.4932375,0.39249999999999996,0.988,0.9945,completed
50,known_visit,CBAA,ideal,1.0,19,361,4,50,multitarget_g19_r4_t50_cbaa_topk075,C:\Users\lottj\Desktop\research\decentralized benchmark\topk_filter_study\results\sensitivity_suite\scenarios\known_targets_g19_t50_n100.csv,02,45,6,3,38,8,4,4,4,0,0.0,0,0,282,94,188,806,0,38,18.4396,0.4852526315789473,0.1338,2.116,3.9398,10.6964,0.2814842105263158,0.1338,1.1337,1.5909,12,7.7432,0.6452666666666667,0.43495,2.3489,2.3489,completed
50,known_visit,CBAA,ideal,1.0,19,361,4,50,multitarget_g19_r4_t50_cbaa_topk075,C:\Users\lottj\Desktop\research\decentralized benchmark\topk_filter_study\results\sensitivity_suite\scenarios\known_targets_g19_t50_n100.csv,03,39,14,0,38,2,1,0,0,0,0.0,0,0,266,80,186,820,0,56,28.7945,0.5141875,0.43235,1.9134,2.2333,14.948,0.26692857142857146,0.15284999999999999,1.0357,1.231,34,13.8465,0.40725,0.2976,0.9254,1.0023,completed
51,known_visit,CBAA,ideal,1.0,19,361,4,50,multitarget_g19_r4_t50_cbaa_topk075,C:\Users\lottj\Desktop\research\decentralized benchmark\topk_filter_study\results\sensitivity_suite\scenarios\known_targets_g19_t50_n100.csv,00,49,13,3,45,5,2,0,0,0,0.0,0,0,296,99,197,845,0,39,21.2067,0.5437615384615385,0.1548,1.832,1.8483,12.2788,0.3148410256410257,0.1548,0.9966,1.0074,16,8.9279,0.55799375,0.5356,0.8678,0.8678,completed
51,known_visit,CBAA,ideal,1.0,19,361,4,50,multitarget_g19_r4_t50_cbaa_topk075,C:\Users\lottj\Desktop\research\decentralized benchmark\topk_filter_study\results\sensitivity_suite\scenarios\known_targets_g19_t50_n100.csv,01,42,15,0,43,0,0,0,0,0,0.0,0,0,282,86,196,857,0,57,32.818,0.5757543859649122,0.448,1.8396,1.9858,16.9735,0.297780701754386,0.1691,1.0009,1.101,38,15.8445,0.41696052631578945,0.3228,0.8702,0.8848,completed
51,known_visit,CBAA,ideal,1.0,19,361,4,50,multitarget_g19_r4_t50_cbaa_topk075,C:\Users\lottj\Desktop\research\decentralized benchmark\topk_filter_study\results\sensitivity_suite\scenarios\known_targets_g19_t50_n100.csv,02,40,12,1,40,1,0,0,0,0,0.0,0,0,273,82,191,866,0,62,33.082,0.5335806451612903,0.46125000000000005,1.7903,2.1013,16.9588,0.2735290322580645,0.1645,1.0618,1.2847,39,16.1232,0.41341538461538463,0.3231,0.872,0.9181,completed
51,known_visit,CBAA,ideal,1.0,19,361,4,50,multitarget_g19_r4_t50_cbaa_topk075,C:\Users\lottj\Desktop\research\decentralized benchmark\topk_filter_study\results\sensitivity_suite\scenarios\known_targets_g19_t50_n100.csv,03,47,10,1,45,3,2,2,2,0,0.0,0,0,290,98,192,849,0,35,18.1521,0.5186314285714286,0.1515,1.8004,1.8239,10.7669,0.3076257142857143,0.1515,0.9767,0.9792,14,7.3852,0.5275142857142857,0.4988,0.8447,0.8447,completed
52,known_visit,CBAA,ideal,1.0,19,361,4,50,multitarget_g19_r4_t50_cbaa_topk075,C:\Users\lottj\Desktop\research\decentralized benchmark\topk_filter_study\results\sensitivity_suite\scenarios\known_targets_g19_t50_n100.csv,00,44,13,1,41,4,0,0,0,0,0.0,0,0,281,89,192,848,0,37,19.2677,0.5207486486486487,0.1361,2.0369,2.5491,11.198,0.30264864864864865,0.1361,1.117,1.7226,14,8.069700000000001,0.5764071428571429,0.5262,1.1046,1.1046,completed
52,known_visit,CBAA,ideal,1.0,19,361,4,50,multitarget_g19_r4_t50_cbaa_topk075,C:\Users\lottj\Desktop\research\decentralized benchmark\topk_filter_study\results\sensitivity_suite\scenarios\known_targets_g19_t50_n100.csv,01,44,4,4,39,6,7,0,0,0,0.0,0,0,291,90,201,838,0,50,23.954,0.47908,0.1441,1.9421,2.0883,13.8743,0.277486,0.1441,1.1301,1.2087,22,10.0797,0.45816818181818186,0.33740000000000003,0.8647,0.9582,completed
52,known_visit,CBAA,ideal,1.0,19,361,4,50,multitarget_g19_r4_t50_cbaa_topk075,C:\Users\lottj\Desktop\research\decentralized benchmark\topk_filter_study\results\sensitivity_suite\scenarios\known_targets_g19_t50_n100.csv,02,42,17,0,42,1,0,0,0,0,0.0,0,0,277,86,191,852,0,44,24.8618,0.5650409090909091,0.40425,1.8826,2.0371,13.3266,0.3028772727272727,0.1632,1.0338,1.103,24,11.5352,0.4806333333333333,0.4638,0.8672,0.9341,completed
52,known_visit,CBAA,ideal,1.0,19,361,4,50,multitarget_g19_r4_t50_cbaa_topk075,C:\Users\lottj\Desktop\research\decentralized benchmark\topk_filter_study\results\sensitivity_suite\scenarios\known_targets_g19_t50_n100.csv,03,46,16,0,47,0,1,0,0,0,0.0,0,0,282,93,189,849,0,35,23.4719,0.6706257142857144,0.1875,2.0432,2.1864,13.7694,0.3934114285714285,0.1803,1.1568,1.2038,17,9.7025,0.5707352941176471,0.49,1.0296,1.0296,completed
53,known_visit,CBAA,ideal,1.0,19,361,4,50,multitarget_g19_r4_t50_cbaa_topk075,C:\Users\lottj\Desktop\research\decentralized benchmark\topk_filter_study\results\sensitivity_suite\scenarios\known_targets_g19_t50_n100.csv,00,40,12,0,39,2,0,0,0,0,0.0,0,0,269,82,187,808,0,42,19.7852,0.4710761904761905,0.1467,1.8079,2.1691,11.3478,0.27018571428571425,0.1305,0.928,1.2192,18,8.4374,0.46874444444444446,0.46135,0.9499,0.9499,completed
53,known_visit,CBAA,ideal,1.0,19,361,4,50,multitarget_g19_r4_t50_cbaa_topk075,C:\Users\lottj\Desktop\research\decentralized benchmark\topk_filter_study\results\sensitivity_suite\scenarios\known_targets_g19_t50_n100.csv,01,39,14,0,40,0,2,0,0,0,0.0,0,0,268,81,187,809,0,44,22.551000000000002,0.5125227272727273,0.399,1.2717,2.2692,12.0645,0.2741931818181818,0.1383,0.7672,1.1769,24,10.4865,0.4369375,0.38445,1.0208,1.0923,completed
53,known_visit,CBAA,ideal,1.0,19,361,4,50,multitarget_g19_r4_t50_cbaa_topk075,C:\Users\lottj\Desktop\research\decentralized benchmark\topk_filter_study\results\sensitivity_suite\scenarios\known_targets_g19_t50_n100.csv,02,43,13,1,43,1,0,0,0,0,0.0,0,0,271,87,184,808,0,37,19.7297,0.5332351351351352,0.1326,2.0684,2.3784,11.8214,0.3194972972972973,0.1326,1.1311,1.1378,13,7.9083000000000006,0.6083307692307692,0.5044,1.3019,1.3019,completed
53,known_visit,CBAA,ideal,1.0,19,361,4,50,multitarget_g19_r4_t50_cbaa_topk075,C:\Users\lottj\Desktop\research\decentralized benchmark\topk_filter_study\results\sensitivity_suite\scenarios\known_targets_g19_t50_n100.csv,03,42,11,2,40,3,3,0,0,0,0.0,0,0,271,86,185,806,0,39,24.0838,0.6175333333333334,0.3647,2.1413,2.9692,13.5601,0.3476948717948718,0.1439,1.2336,1.5463,21,10.5237,0.5011285714285714,0.472,0.9077,1.4229,completed
54,known_visit,CBAA,ideal,1.0,19,361,4,50,multitarget_g19_r4_t50_cbaa_topk075,C:\Users\lottj\Desktop\research\decentralized benchmark\topk_filter_study\results\sensitivity_suite\scenarios\known_targets_g19_t50_n100.csv,00,41,11,2,34,8,5,0,0,0,0.0,0,0,273,84,189,813,0,44,27.2278,0.6188136363636363,0.4141,2.0461,2.3792,14.2529,0.32392954545454544,0.1524,1.0549,1.2022,27,12.9749,0.48055185185185184,0.4016,1.0569,1.177,completed
54,known_visit,CBAA,ideal,1.0,19,361,4,50,multitarget_g19_r4_t50_cbaa_topk075,C:\Users\lottj\Desktop\research\decentralized benchmark\topk_filter_study\results\sensitivity_suite\scenarios\known_targets_g19_t50_n100.csv,01,44,10,0,44,1,2,1,1,0,0.0,0,0,271,90,181,817,0,37,17.2231,0.46548918918918913,0.1334,2.095,2.4969,10.2989,0.27834864864864867,0.1334,1.103,1.6732,13,6.9242,0.5326307692307692,0.4673,0.992,0.992,completed
54,known_visit,CBAA,ideal,1.0,19,361,4,50,multitarget_g19_r4_t50_cbaa_topk075,C:\Users\lottj\Desktop\research\decentralized benchmark\topk_filter_study\results\sensitivity_suite\scenarios\known_targets_g19_t50_n100.csv,02,41,14,0,42,0,0,0,0,0,0.0,0,0,270,84,186,816,0,40,24.5013,0.6125325,0.39605,1.9983,2.9129,13.3103,0.3327575,0.14684999999999998,1.0896,1.6777,22,11.191,0.5086818181818182,0.42405000000000004,0.9589,1.2352,completed
54,known_visit,CBAA,ideal,1.0,19,361,4,50,multitarget_g19_r4_t50_cbaa_topk075,C:\Users\lottj\Desktop\research\decentralized benchmark\topk_filter_study\results\sensitivity_suite\scenarios\known_targets_g19_t50_n100.csv,03,43,15,0,43,1,0,0,0,0,0.0,0,0,274,88,186,812,0,35,19.2423,0.54978,0.1832,1.9199,2.1505,11.0879,0.31679714285714283,0.1565,1.0684,1.1653,17,8.1544,0.4796705882352942,0.462,0.9852,0.9852,completed
55,known_visit,CBAA,ideal,1.0,19,361,4,50,multitarget_g19_r4_t50_cbaa_topk075,C:\Users\lottj\Desktop\research\decentralized benchmark\topk_filter_study\results\sensitivity_suite\scenarios\known_targets_g19_t50_n100.csv,00,47,12,1,46,2,0,1,1,0,0.0,0,0,280,96,184,812,0,30,15.5214,0.51738,0.14105,1.4906,2.2195,8.9944,0.2998133333333334,0.14105,0.9139,1.163,14,6.527,0.46621428571428575,0.46195,1.0565,1.0565,completed
55,known_visit,CBAA,ideal,1.0,19,361,4,50,multitarget_g19_r4_t50_cbaa_topk075,C:\Users\lottj\Desktop\research\decentralized benchmark\topk_filter_study\results\sensitivity_suite\scenarios\known_targets_g19_t50_n100.csv,01,40,12,0,37,4,4,4,4,0,0.0,0,0,272,85,187,818,0,54,25.1539,0.465812962962963,0.44725000000000004,1.4119,2.0909,12.7628,0.23634814814814817,0.15265,0.8558,1.122,34,12.3911,0.3644441176470588,0.30165,0.6737,0.9689,completed
55,known_visit,CBAA,ideal,1.0,19,361,4,50,multitarget_g19_r4_t50_cbaa_topk075,C:\Users\lottj\Desktop\research\decentralized benchmark\topk_filter_study\results\sensitivity_suite\scenarios\known_targets_g19_t50_n100.csv,02,42,10,3,36,7,1,0,0,0,0.0,0,0,269,86,183,821,0,52,23.1945,0.44604807692307696,0.40705,1.4733,2.1404,12.0562,0.23185,0.1496,0.9101,1.0366,29,11.1383,0.38407931034482756,0.3111,0.5919,1.1038,completed
55,known_visit,CBAA,ideal,1.0,19,361,4,50,multitarget_g19_r4_t50_cbaa_topk075,C:\Users\lottj\Desktop\research\decentralized benchmark\topk_filter_study\results\sensitivity_suite\scenarios\known_targets_g19_t50_n100.csv,03,42,16,0,42,1,0,0,0,0,0.0,0,0,271,86,185,819,0,50,28.6115,0.57223,0.44435,1.7293,2.2659,14.767,0.29534,0.1501,0.9455,1.2378,33,13.8445,0.41953030303030303,0.3059,0.9157,1.0281,completed
56,known_visit,CBAA,ideal,1.0,19,361,4,50,multitarget_g19_r4_t50_cbaa_topk075,C:\Users\lottj\Desktop\research\decentralized benchmark\topk_filter_study\results\sensitivity_suite\scenarios\known_targets_g19_t50_n100.csv,00,44,16,0,45,0,0,0,0,0,0.0,0,0,276,89,187,811,0,32,19.066200000000002,0.5958187500000001,0.42635,1.7797,1.939,11.0373,0.344915625,0.24435,0.9919,1.0472,16,8.0289,0.50180625,0.46215,0.8918,0.8918,completed
56,known_visit,CBAA,ideal,1.0,19,361,4,50,multitarget_g19_r4_t50_cbaa_topk075,C:\Users\lottj\Desktop\research\decentralized benchmark\topk_filter_study\results\sensitivity_suite\scenarios\known_targets_g19_t50_n100.csv,01,39,9,4,35,5,4,0,0,0,0.0,0,0,269,81,188,818,0,51,24.4649,0.47970392156862746,0.4198,1.7697,1.9284,13.0845,0.2565588235294118,0.1526,1.0265,1.0683,28,11.3804,0.40644285714285716,0.32255,0.8037,0.8945,completed
56,known_visit,CBAA,ideal,1.0,19,361,4,50,multitarget_g19_r4_t50_cbaa_topk075,C:\Users\lottj\Desktop\research\decentralized benchmark\topk_filter_study\results\sensitivity_suite\scenarios\known_targets_g19_t50_n100.csv,02,40,11,1,37,4,1,0,0,0,0.0,0,0,268,82,186,819,0,49,23.2529,0.47454897959183673,0.1854,1.5408,1.8383,12.9669,0.264630612244898,0.1446,0.8445,1.0148,24,10.286,0.4285833333333333,0.39775,0.7135,0.8235,completed
56,known_visit,CBAA,ideal,1.0,19,361,4,50,multitarget_g19_r4_t50_cbaa_topk075,C:\Users\lottj\Desktop\research\decentralized benchmark\topk_filter_study\results\sensitivity_suite\scenarios\known_targets_g19_t50_n100.csv,03,44,14,2,42,3,0,0,0,0,0.0,0,0,276,89,187,813,0,36,18.8455,0.5234861111111111,0.1627,1.5987,1.7773,11.4402,0.31778333333333336,0.1627,0.8714,0.9788,14,7.4052999999999995,0.5289499999999999,0.48985,0.7985,0.7985,completed
57,known_visit,CBAA,ideal,1.0,19,361,4,50,multitarget_g19_r4_t50_cbaa_topk075,C:\Users\lottj\Desktop\research\decentralized benchmark\topk_filter_study\results\sensitivity_suite\scenarios\known_targets_g19_t50_n100.csv,00,45,12,1,43,3,2,2,2,0,0.0,0,0,282,93,189,844,0,36,18.9832,0.5273111111111111,0.1352,2.0033,2.1058,11.2424,0.3122888888888889,0.1352,1.141,1.2497,15,7.7408,0.5160533333333334,0.4195,0.9126,0.9126,completed
57,known_visit,CBAA,ideal,1.0,19,361,4,50,multitarget_g19_r4_t50_cbaa_topk075,C:\Users\lottj\Desktop\research\decentralized benchmark\topk_filter_study\results\sensitivity_suite\scenarios\known_targets_g19_t50_n100.csv,01,45,14,0,46,0,2,1,1,0,0.0,0,0,286,92,194,838,0,39,22.7582,0.5835435897435897,0.1292,2.1123,3.098,13.6285,0.34944871794871796,0.1292,1.2533,2.3621,15,9.1297,0.6086466666666667,0.5359,1.1146,1.1146,completed
57,known_visit,CBAA,ideal,1.0,19,361,4,50,multitarget_g19_r4_t50_cbaa_topk075,C:\Users\lottj\Desktop\research\decentralized benchmark\topk_filter_study\results\sensitivity_suite\scenarios\known_targets_g19_t50_n100.csv,02,38,15,0,39,0,0,0,0,0,0.0,0,0,267,78,189,857,0,55,30.3043,0.5509872727272728,0.4451,1.9785,2.0417,15.3923,0.27986,0.1663,1.0779,1.1053,38,14.912,0.39242105263157895,0.30395000000000005,0.9378,0.9573,completed
57,known_visit,CBAA,ideal,1.0,19,361,4,50,multitarget_g19_r4_t50_cbaa_topk075,C:\Users\lottj\Desktop\research\decentralized benchmark\topk_filter_study\results\sensitivity_suite\scenarios\known_targets_g19_t50_n100.csv,03,44,9,4,32,13,3,2,2,0,0.0,0,0,291,91,200,833,0,39,22.892,0.586974358974359,0.2019,2.2157,2.5816,14.1063,0.36169999999999997,0.1825,1.2061,2.0383,17,8.7857,0.5168058823529412,0.4747,1.0096,1.0096,completed
58,known_visit,CBAA,ideal,1.0,19,361,4,50,multitarget_g19_r4_t50_cbaa_topk075,C:\Users\lottj\Desktop\research\decentralized benchmark\topk_filter_study\results\sensitivity_suite\scenarios\known_targets_g19_t50_n100.csv,00,33,13,0,34,0,1,0,0,0,0.0,0,0,224,68,156,698,0,37,19.4439,0.5255108108108107,0.4209,1.9806,2.1683,9.9978,0.27021081081081083,0.1483,1.0897,1.1931,22,9.4461,0.4293681818181818,0.33294999999999997,0.9114,0.9752,completed
58,known_visit,CBAA,ideal,1.0,19,361,4,50,multitarget_g19_r4_t50_cbaa_topk075,C:\Users\lottj\Desktop\research\decentralized benchmark\topk_filter_study\results\sensitivity_suite\scenarios\known_targets_g19_t50_n100.csv,01,34,10,0,34,1,1,0,0,0,0.0,0,0,230,70,160,692,0,38,18.3313,0.48240263157894736,0.13,2.0097,2.0448,10.6331,0.2798184210526316,0.13,1.0693,1.1408,15,7.6982,0.5132133333333333,0.3601,0.9478,0.9478,completed
58,known_visit,CBAA,ideal,1.0,19,361,4,50,multitarget_g19_r4_t50_cbaa_topk075,C:\Users\lottj\Desktop\research\decentralized benchmark\topk_filter_study\results\sensitivity_suite\scenarios\known_targets_g19_t50_n100.csv,02,34,11,0,35,0,4,1,1,0,0.0,0,0,236,72,164,686,0,36,19.0405,0.5289027777777778,0.14795000000000003,1.9054,1.9967,10.9774,0.30492777777777774,0.14655,1.0714,1.0846,17,8.0631,0.4743,0.366,0.9121,0.9121,completed
58,known_visit,CBAA,ideal,1.0,19,361,4,50,multitarget_g19_r4_t50_cbaa_topk075,C:\Users\lottj\Desktop\research\decentralized benchmark\topk_filter_study\results\sensitivity_suite\scenarios\known_targets_g19_t50_n100.csv,03,35,16,0,36,0,0,0,0,0,0.0,0,0,234,71,163,690,0,34,18.3289,0.539085294117647,0.1469,1.8922,2.3716,10.4017,0.3059323529411765,0.1469,1.0491,1.2211,16,7.9272,0.49545,0.39065,1.1505,1.1505,completed
59,known_visit,CBAA,ideal,1.0,19,361,4,50,multitarget_g19_r4_t50_cbaa_topk075,C:\Users\lottj\Desktop\research\decentralized benchmark\topk_filter_study\results\sensitivity_suite\scenarios\known_targets_g19_t50_n100.csv,00,39,9,1,38,2,3,0,0,0,0.0,0,0,259,80,179,786,0,40,23.508,0.5877,0.4212,2.346,3.6333,12.5494,0.313735,0.1474,1.2558,2.138,22,10.9586,0.49811818181818185,0.3324,1.3372,1.4953,completed
59,known_visit,CBAA,ideal,1.0,19,361,4,50,multitarget_g19_r4_t50_cbaa_topk075,C:\Users\lottj\Desktop\research\decentralized benchmark\topk_filter_study\results\sensitivity_suite\scenarios\known_targets_g19_t50_n100.csv,01,40,12,0,40,1,2,0,0,0,0.0,0,0,260,82,178,785,0,42,24.0535,0.5727023809523809,0.38534999999999997,2.0702,2.305,13.0836,0.31151428571428574,0.1456,1.1034,1.2296,22,10.969899999999999,0.4986318181818181,0.44984999999999997,0.9668,1.0754,completed
59,known_visit,CBAA,ideal,1.0,19,361,4,50,multitarget_g19_r4_t50_cbaa_topk075,C:\Users\lottj\Desktop\research\decentralized benchmark\topk_filter_study\results\sensitivity_suite\scenarios\known_targets_g19_t50_n100.csv,02,41,13,1,38,4,1,1,1,0,0.0,0,0,265,85,180,780,0,32,22.0423,0.688821875,0.30695,2.2141,2.346,11.9924,0.3747625,0.17235,1.2021,1.3817,16,10.049900000000001,0.6281187500000001,0.5043,1.6409,1.6409,completed
59,known_visit,CBAA,ideal,1.0,19,361,4,50,multitarget_g19_r4_t50_cbaa_topk075,C:\Users\lottj\Desktop\research\decentralized benchmark\topk_filter_study\results\sensitivity_suite\scenarios\known_targets_g19_t50_n100.csv,03,43,16,0,43,1,0,0,0,0,0.0,0,0,263,87,176,784,0,32,17.8402,0.55750625,0.23535,2.0077,2.2561,10.2693,0.320915625,0.14805000000000001,1.0888,1.2034,15,7.5709,0.5047266666666667,0.4616,1.0527,1.0527,completed
60,known_visit,CBAA,ideal,1.0,19,361,4,50,multitarget_g19_r4_t50_cbaa_topk075,C:\Users\lottj\Desktop\research\decentralized benchmark\topk_filter_study\results\sensitivity_suite\scenarios\known_targets_g19_t50_n100.csv,00,45,17,2,40,6,3,0,0,0,0.0,0,0,307,93,214,966,0,79,48.1143,0.6090417721518987,0.4516,1.9774,2.955,23.0897,0.2922746835443038,0.16,1.0227,2.015,64,25.0246,0.391009375,0.3149,0.94,1.0328,completed
60,known_visit,CBAA,ideal,1.0,19,361,4,50,multitarget_g19_r4_t50_cbaa_topk075,C:\Users\lottj\Desktop\research\decentralized benchmark\topk_filter_study\results\sensitivity_suite\scenarios\known_targets_g19_t50_n100.csv,01,49,6,3,43,7,6,3,3,0,0.0,0,0,325,103,222,948,0,69,33.5452,0.48616231884057975,0.4175,1.7282,2.177,16.8841,0.24469710144927537,0.1587,0.9205,1.1889,42,16.6611,0.3966928571428572,0.30225,0.9421,0.9978,completed
60,known_visit,CBAA,ideal,1.0,19,361,4,50,multitarget_g19_r4_t50_cbaa_topk075,C:\Users\lottj\Desktop\research\decentralized benchmark\topk_filter_study\results\sensitivity_suite\scenarios\known_targets_g19_t50_n100.csv,02,46,14,0,46,1,5,2,1,1,5.0,1,0,314,96,218,959,0,76,40.0697,0.5272328947368421,0.45445,1.247,2.3444,19.7319,0.2596302631578947,0.16185,0.9736,1.2586,55,20.3378,0.36977818181818184,0.303,0.9054,1.0858,completed
60,known_visit,CBAA,ideal,1.0,19,361,4,50,multitarget_g19_r4_t50_cbaa_topk075,C:\Users\lottj\Desktop\research\decentralized benchmark\topk_filter_study\results\sensitivity_suite\scenarios\known_targets_g19_t50_n100.csv,03,57,13,1,56,2,3,1,1,0,0.0,0,0,329,116,213,946,0,42,20.392400000000002,0.4855333333333334,0.14565,1.7784,2.0746,12.1762,0.2899095238095238,0.14565,0.9934,1.1931,16,8.2162,0.5135125,0.4629,0.9601,0.9601,completed
61,known_visit,CBAA,ideal,1.0,19,361,4,50,multitarget_g19_r4_t50_cbaa_topk075,C:\Users\lottj\Desktop\research\decentralized benchmark\topk_filter_study\results\sensitivity_suite\scenarios\known_targets_g19_t50_n100.csv,00,41,13,2,39,3,1,0,0,0,0.0,0,0,250,83,167,757,0,34,19.6086,0.5767235294117646,0.1441,2.0077,2.1336,11.579,0.3405588235294118,0.1441,1.1397,1.1478,15,8.0296,0.5353066666666667,0.4629,0.9939,0.9939,completed
61,known_visit,CBAA,ideal,1.0,19,361,4,50,multitarget_g19_r4_t50_cbaa_topk075,C:\Users\lottj\Desktop\research\decentralized benchmark\topk_filter_study\results\sensitivity_suite\scenarios\known_targets_g19_t50_n100.csv,01,37,9,1,37,1,3,0,0,0,0.0,0,0,257,77,180,748,0,47,21.6858,0.46140000000000003,0.272,1.8551,1.9414,12.1673,0.2588787234042553,0.1379,1.0413,1.119,23,9.5185,0.4138478260869565,0.3078,0.848,0.8757,completed
61,known_visit,CBAA,ideal,1.0,19,361,4,50,multitarget_g19_r4_t50_cbaa_topk075,C:\Users\lottj\Desktop\research\decentralized benchmark\topk_filter_study\results\sensitivity_suite\scenarios\known_targets_g19_t50_n100.csv,02,36,14,0,37,0,0,0,0,0,0.0,0,0,250,74,176,755,0,46,25.2745,0.5494456521739131,0.41385000000000005,1.8764,2.9143,13.4518,0.2924304347826087,0.13965,1.0657,2.0673,28,11.8227,0.4222392857142857,0.29515,0.847,0.8815,completed
61,known_visit,CBAA,ideal,1.0,19,361,4,50,multitarget_g19_r4_t50_cbaa_topk075,C:\Users\lottj\Desktop\research\decentralized benchmark\topk_filter_study\results\sensitivity_suite\scenarios\known_targets_g19_t50_n100.csv,03,37,14,1,37,1,1,0,0,0,0.0,0,0,250,76,174,755,0,42,21.8466,0.5201571428571429,0.41345,1.8162,2.1616,12.0456,0.2868,0.13935,1.029,1.5042,24,9.801,0.408375,0.3008,0.8394,0.8516,completed
62,known_visit,CBAA,ideal,1.0,19,361,4,50,multitarget_g19_r4_t50_cbaa_topk075,C:\Users\lottj\Desktop\research\decentralized benchmark\topk_filter_study\results\sensitivity_suite\scenarios\known_targets_g19_t50_n100.csv,00,47,13,0,48,0,0,0,0,0,0.0,0,0,270,95,175,754,0,34,14.8421,0.4365323529411765,0.1486,1.8084,1.987,8.8947,0.2616088235294118,0.1486,0.9755,1.1279,13,5.9474,0.4574923076923077,0.3504,0.8591,0.8591,completed
62,known_visit,CBAA,ideal,1.0,19,361,4,50,multitarget_g19_r4_t50_cbaa_topk075,C:\Users\lottj\Desktop\research\decentralized benchmark\topk_filter_study\results\sensitivity_suite\scenarios\known_targets_g19_t50_n100.csv,01,38,12,0,39,0,1,1,1,0,0.0,0,0,256,78,178,766,0,60,28.2321,0.470535,0.4065,1.7038,2.0383,13.824,0.2304,0.14205,0.9027,1.166,39,14.4081,0.3694384615384615,0.29,0.8715,0.8894,completed
62,known_visit,CBAA,ideal,1.0,19,361,4,50,multitarget_g19_r4_t50_cbaa_topk075,C:\Users\lottj\Desktop\research\decentralized benchmark\topk_filter_study\results\sensitivity_suite\scenarios\known_targets_g19_t50_n100.csv,02,35,11,1,34,2,2,0,0,0,0.0,0,0,247,72,175,775,0,68,34.2176,0.5032,0.4202,1.4118,2.5119,16.5777,0.24378970588235294,0.15105000000000002,0.8741,1.6814,51,17.6399,0.3458803921568628,0.2873,0.8001,0.8367,completed
62,known_visit,CBAA,ideal,1.0,19,361,4,50,multitarget_g19_r4_t50_cbaa_topk075,C:\Users\lottj\Desktop\research\decentralized benchmark\topk_filter_study\results\sensitivity_suite\scenarios\known_targets_g19_t50_n100.csv,03,36,14,2,35,2,1,1,1,0,0.0,0,0,251,75,176,771,0,70,34.8146,0.49735142857142856,0.421,1.6012,2.3591,17.0513,0.24359000000000003,0.15234999999999999,0.8889,1.3716,48,17.7633,0.37006875,0.30110000000000003,0.7918,0.9875,completed
63,known_visit,CBAA,ideal,1.0,19,361,4,50,multitarget_g19_r4_t50_cbaa_topk075,C:\Users\lottj\Desktop\research\decentralized benchmark\topk_filter_study\results\sensitivity_suite\scenarios\known_targets_g19_t50_n100.csv,00,41,12,0,42,0,1,0,0,0,0.0,0,0,278,84,194,884,0,85,47.0624,0.553675294117647,0.4353,1.9044,2.1048,21.3203,0.2508270588235294,0.1555,0.9794,1.1869,66,25.7421,0.3900318181818182,0.29585,0.9379,1.2449,completed
63,known_visit,CBAA,ideal,1.0,19,361,4,50,multitarget_g19_r4_t50_cbaa_topk075,C:\Users\lottj\Desktop\research\decentralized benchmark\topk_filter_study\results\sensitivity_suite\scenarios\known_targets_g19_t50_n100.csv,01,56,9,1,52,5,3,2,2,0,0.0,0,0,315,115,200,849,0,38,19.6371,0.5167657894736842,0.13790000000000002,2.0508,2.7934,11.4469,0.30123421052631577,0.13790000000000002,1.1091,1.1262,13,8.1902,0.6300153846153846,0.5505,1.6672,1.6672,completed
63,known_visit,CBAA,ideal,1.0,19,361,4,50,multitarget_g19_r4_t50_cbaa_topk075,C:\Users\lottj\Desktop\research\decentralized benchmark\topk_filter_study\results\sensitivity_suite\scenarios\known_targets_g19_t50_n100.csv,02,43,16,2,41,3,1,0,0,0,0.0,0,0,283,88,195,879,0,75,39.396,0.52528,0.4464,1.7065,2.0433,17.9687,0.23958266666666664,0.1559,0.9269,1.1197,56,21.4273,0.38263035714285715,0.30515000000000003,0.8291,0.9917,completed
63,known_visit,CBAA,ideal,1.0,19,361,4,50,multitarget_g19_r4_t50_cbaa_topk075,C:\Users\lottj\Desktop\research\decentralized benchmark\topk_filter_study\results\sensitivity_suite\scenarios\known_targets_g19_t50_n100.csv,03,40,13,0,40,1,3,1,1,0,0.0,0,0,288,83,205,874,0,93,50.1974,0.5397569892473119,0.4437,1.6057,2.0675,24.3247,0.26155591397849465,0.1574,1.0015,1.1585,71,25.8727,0.36440422535211264,0.2966,0.6871,0.909,completed
64,known_visit,CBAA,ideal,1.0,19,361,4,50,multitarget_g19_r4_t50_cbaa_topk075,C:\Users\lottj\Desktop\research\decentralized benchmark\topk_filter_study\results\sensitivity_suite\scenarios\known_targets_g19_t50_n100.csv,00,40,17,0,41,0,1,0,0,0,0.0,0,0,254,82,172,769,0,36,25.63,0.7119444444444444,0.5787,1.8318,2.0706,13.8889,0.3858027777777778,0.20965,1.0573,1.1159,24,11.7411,0.4892125,0.5197499999999999,0.7999,0.9547,completed
64,known_visit,CBAA,ideal,1.0,19,361,4,50,multitarget_g19_r4_t50_cbaa_topk075,C:\Users\lottj\Desktop\research\decentralized benchmark\topk_filter_study\results\sensitivity_suite\scenarios\known_targets_g19_t50_n100.csv,01,39,12,4,35,5,3,0,0,0,0.0,0,0,259,80,179,764,0,46,26.7547,0.5816239130434783,0.49115,1.7785,2.023,14.0614,0.30568260869565217,0.16205,0.994,1.1101,29,12.6933,0.43770000000000003,0.3561,0.8309,0.9129,completed
64,known_visit,CBAA,ideal,1.0,19,361,4,50,multitarget_g19_r4_t50_cbaa_topk075,C:\Users\lottj\Desktop\research\decentralized benchmark\topk_filter_study\results\sensitivity_suite\scenarios\known_targets_g19_t50_n100.csv,02,43,12,1,42,2,1,1,1,0,0.0,0,0,267,88,179,758,0,36,17.6204,0.48945555555555553,0.14815,1.8187,2.0914,10.504,0.29177777777777775,0.1437,1.0098,1.1348,14,7.1164,0.5083142857142857,0.5081,0.9566,0.9566,completed
64,known_visit,CBAA,ideal,1.0,19,361,4,50,multitarget_g19_r4_t50_cbaa_topk075,C:\Users\lottj\Desktop\research\decentralized benchmark\topk_filter_study\results\sensitivity_suite\scenarios\known_targets_g19_t50_n100.csv,03,36,9,0,37,0,2,0,0,0,0.0,0,0,245,74,171,778,0,57,29.5287,0.5180473684210526,0.437,1.7336,2.0716,15.3907,0.2700122807017544,0.1716,1.0533,1.1813,36,14.138,0.3927222222222222,0.30569999999999997,0.9404,0.9549,completed
65,known_visit,CBAA,ideal,1.0,19,361,4,50,multitarget_g19_r4_t50_cbaa_topk075,C:\Users\lottj\Desktop\research\decentralized benchmark\topk_filter_study\results\sensitivity_suite\scenarios\known_targets_g19_t50_n100.csv,00,38,8,1,35,4,3,0,0,0,0.0,0,0,250,78,172,778,0,55,23.75,0.4318181818181818,0.3748,1.8382,2.1226,11.9282,0.21687636363636364,0.1354,1.0218,1.1208,32,11.8218,0.36943125,0.2966,0.8832,1.0018,completed
65,known_visit,CBAA,ideal,1.0,19,361,4,50,multitarget_g19_r4_t50_cbaa_topk075,C:\Users\lottj\Desktop\research\decentralized benchmark\topk_filter_study\results\sensitivity_suite\scenarios\known_targets_g19_t50_n100.csv,01,38,13,1,37,2,2,2,1,1,5.0,1,0,255,80,175,773,0,55,31.0157,0.5639218181818182,0.4127,1.9672,1.9968,16.4259,0.29865272727272724,0.1489,1.0539,1.088,37,14.5898,0.3943189189189189,0.3118,0.8927,0.9429,completed
65,known_visit,CBAA,ideal,1.0,19,361,4,50,multitarget_g19_r4_t50_cbaa_topk075,C:\Users\lottj\Desktop\research\decentralized benchmark\topk_filter_study\results\sensitivity_suite\scenarios\known_targets_g19_t50_n100.csv,02,40,13,0,41,0,2,0,0,0,0.0,0,0,262,82,180,766,0,53,26.9609,0.5086962264150943,0.3061,1.8645,2.1418,14.393699999999999,0.27157924528301886,0.1343,1.0716,1.1399,31,12.5672,0.4053935483870968,0.3534,0.9789,1.0019,completed
65,known_visit,CBAA,ideal,1.0,19,361,4,50,multitarget_g19_r4_t50_cbaa_topk075,C:\Users\lottj\Desktop\research\decentralized benchmark\topk_filter_study\results\sensitivity_suite\scenarios\known_targets_g19_t50_n100.csv,03,44,16,0,45,0,0,0,0,0,0.0,0,0,263,89,174,767,0,35,17.125,0.48928571428571427,0.1483,1.8101,2.1053,9.57,0.2734285714285714,0.1483,0.9285,1.127,16,7.555,0.4721875,0.4098,0.9783,0.9783,completed
66,known_visit,CBAA,ideal,1.0,19,361,4,50,multitarget_g19_r4_t50_cbaa_topk075,C:\Users\lottj\Desktop\research\decentralized benchmark\topk_filter_study\results\sensitivity_suite\scenarios\known_targets_g19_t50_n100.csv,00,40,11,0,40,1,1,0,0,0,0.0,0,0,256,82,174,772,0,38,17.8329,0.4692868421052631,0.13955,1.8666,2.3116,10.1243,0.26642894736842104,0.1388,1.0307,1.3139,15,7.7086,0.5139066666666666,0.4552,0.9977,0.9977,completed
66,known_visit,CBAA,ideal,1.0,19,361,4,50,multitarget_g19_r4_t50_cbaa_topk075,C:\Users\lottj\Desktop\research\decentralized benchmark\topk_filter_study\results\sensitivity_suite\scenarios\known_targets_g19_t50_n100.csv,01,38,11,0,38,1,3,0,0,0,0.0,0,0,258,78,180,770,0,42,24.026699999999998,0.5720642857142857,0.4527,1.8292,2.3483,12.9142,0.30748095238095235,0.1599,1.034,1.4856,25,11.1125,0.4445,0.346,0.8475,0.8627,completed
66,known_visit,CBAA,ideal,1.0,19,361,4,50,multitarget_g19_r4_t50_cbaa_topk075,C:\Users\lottj\Desktop\research\decentralized benchmark\topk_filter_study\results\sensitivity_suite\scenarios\known_targets_g19_t50_n100.csv,02,40,13,0,38,3,2,0,0,0,0.0,0,0,250,82,168,780,0,33,16.6166,0.5035333333333333,0.1448,1.935,2.1673,9.1639,0.2776939393939394,0.1448,1.034,1.1594,15,7.4527,0.49684666666666666,0.4431,1.0079,1.0079,completed
66,known_visit,CBAA,ideal,1.0,19,361,4,50,multitarget_g19_r4_t50_cbaa_topk075,C:\Users\lottj\Desktop\research\decentralized benchmark\topk_filter_study\results\sensitivity_suite\scenarios\known_targets_g19_t50_n100.csv,03,42,15,2,38,5,2,0,0,0,0.0,0,0,268,85,183,762,0,35,22.294,0.6369714285714286,0.1541,2.1268,2.1404,12.8393,0.36683714285714286,0.1541,1.125,1.1634,17,9.4547,0.5561588235294118,0.5198,1.0018,1.0018,completed
67,known_visit,CBAA,ideal,1.0,19,361,4,50,multitarget_g19_r4_t50_cbaa_topk075,C:\Users\lottj\Desktop\research\decentralized benchmark\topk_filter_study\results\sensitivity_suite\scenarios\known_targets_g19_t50_n100.csv,00,38,15,0,39,0,1,0,0,0,0.0,0,0,259,78,181,785,0,59,29.7866,0.504857627118644,0.4161,1.2933,2.3865,14.8108,0.25103050847457625,0.1416,0.7585,1.2664,41,14.9758,0.36526341463414636,0.2881,0.6162,1.1201,completed
67,known_visit,CBAA,ideal,1.0,19,361,4,50,multitarget_g19_r4_t50_cbaa_topk075,C:\Users\lottj\Desktop\research\decentralized benchmark\topk_filter_study\results\sensitivity_suite\scenarios\known_targets_g19_t50_n100.csv,01,39,13,1,39,1,2,0,0,0,0.0,0,0,261,81,180,783,0,54,25.8145,0.4780462962962963,0.3889,1.3864,2.273,12.9884,0.24052592592592592,0.13824999999999998,0.8183,1.2317,35,12.8261,0.36646,0.2848,0.8091,1.0413,completed
67,known_visit,CBAA,ideal,1.0,19,361,4,50,multitarget_g19_r4_t50_cbaa_topk075,C:\Users\lottj\Desktop\research\decentralized benchmark\topk_filter_study\results\sensitivity_suite\scenarios\known_targets_g19_t50_n100.csv,02,45,13,0,45,1,0,0,0,0,0.0,0,0,269,91,178,777,0,39,18.5602,0.47590256410256404,0.1315,2.1881,2.5126,10.7765,0.27632051282051284,0.1315,1.1431,1.2817,14,7.7837000000000005,0.5559785714285714,0.5223,1.2309,1.2309,completed
67,known_visit,CBAA,ideal,1.0,19,361,4,50,multitarget_g19_r4_t50_cbaa_topk075,C:\Users\lottj\Desktop\research\decentralized benchmark\topk_filter_study\results\sensitivity_suite\scenarios\known_targets_g19_t50_n100.csv,03,37,9,1,32,6,4,3,3,0,0.0,0,0,257,81,176,787,0,58,26.4733,0.4564362068965517,0.39790000000000003,1.3556,2.8005,12.7301,0.2194844827586207,0.13929999999999998,0.7905,1.2522,37,13.7432,0.37143783783783785,0.2968,0.7662,1.5483,completed
68,known_visit,CBAA,ideal,1.0,19,361,4,50,multitarget_g19_r4_t50_cbaa_topk075,C:\Users\lottj\Desktop\research\decentralized benchmark\topk_filter_study\results\sensitivity_suite\scenarios\known_targets_g19_t50_n100.csv,00,40,11,0,39,2,0,2,2,0,0.0,0,0,258,84,174,807,0,38,19.6256,0.5164631578947368,0.16899999999999998,1.8688,2.0724,11.2342,0.29563684210526314,0.14579999999999999,1.0191,1.1251,17,8.3914,0.4936117647058824,0.5027,0.9473,0.9473,completed
68,known_visit,CBAA,ideal,1.0,19,361,4,50,multitarget_g19_r4_t50_cbaa_topk075,C:\Users\lottj\Desktop\research\decentralized benchmark\topk_filter_study\results\sensitivity_suite\scenarios\known_targets_g19_t50_n100.csv,01,41,15,1,40,2,0,0,0,0,0.0,0,0,267,84,183,798,0,43,24.5476,0.5708744186046512,0.2927,1.9754,2.1436,13.8208,0.3214139534883721,0.166,1.0232,1.2509,23,10.726799999999999,0.4663826086956521,0.3816,0.9753,1.0007,completed
68,known_visit,CBAA,ideal,1.0,19,361,4,50,multitarget_g19_r4_t50_cbaa_topk075,C:\Users\lottj\Desktop\research\decentralized benchmark\topk_filter_study\results\sensitivity_suite\scenarios\known_targets_g19_t50_n100.csv,02,43,15,0,42,2,1,0,0,0,0.0,0,0,273,87,186,794,0,34,20.6756,0.6081058823529412,0.15134999999999998,2.2052,2.2118,11.6671,0.34315,0.15134999999999998,1.1001,1.3112,16,9.0085,0.56303125,0.5297,1.1117,1.1117,completed
68,known_visit,CBAA,ideal,1.0,19,361,4,50,multitarget_g19_r4_t50_cbaa_topk075,C:\Users\lottj\Desktop\research\decentralized benchmark\topk_filter_study\results\sensitivity_suite\scenarios\known_targets_g19_t50_n100.csv,03,40,9,0,40,1,2,1,1,0,0.0,0,0,269,83,186,796,0,42,24.054,0.5727142857142857,0.44089999999999996,1.7781,2.1471,12.674,0.30176190476190473,0.1583,0.9871,1.1715,25,11.38,0.45520000000000005,0.3758,0.8447,0.9756,completed
69,known_visit,CBAA,ideal,1.0,19,361,4,50,multitarget_g19_r4_t50_cbaa_topk075,C:\Users\lottj\Desktop\research\decentralized benchmark\topk_filter_study\results\sensitivity_suite\scenarios\known_targets_g19_t50_n100.csv,00,52,12,5,41,12,2,4,2,1,5.0,1,0,322,109,213,933,0,36,16.9523,0.47089722222222224,0.25425,1.6766,1.9516,9.683,0.2689722222222222,0.1419,1.0028,1.0655,18,7.2693,0.40385000000000004,0.36835,0.8861,0.8861,completed
69,known_visit,CBAA,ideal,1.0,19,361,4,50,multitarget_g19_r4_t50_cbaa_topk075,C:\Users\lottj\Desktop\research\decentralized benchmark\topk_filter_study\results\sensitivity_suite\scenarios\known_targets_g19_t50_n100.csv,01,46,9,0,45,2,3,3,3,0,0.0,0,0,308,97,211,945,0,54,25.3744,0.4698962962962963,0.4098,1.8632,1.961,13.3023,0.2463388888888889,0.1432,1.0074,1.1504,31,12.0721,0.38942258064516133,0.3037,0.8106,0.9271,completed
69,known_visit,CBAA,ideal,1.0,19,361,4,50,multitarget_g19_r4_t50_cbaa_topk075,C:\Users\lottj\Desktop\research\decentralized benchmark\topk_filter_study\results\sensitivity_suite\scenarios\known_targets_g19_t50_n100.csv,02,50,15,1,49,2,2,1,1,0,0.0,0,0,314,104,210,939,0,46,23.1901,0.5041326086956522,0.15435,1.906,2.6045,13.1279,0.2853891304347826,0.13735,1.0216,1.1083,20,10.0622,0.5031100000000001,0.38349999999999995,1.0409,1.4962,completed
69,known_visit,CBAA,ideal,1.0,19,361,4,50,multitarget_g19_r4_t50_cbaa_topk075,C:\Users\lottj\Desktop\research\decentralized benchmark\topk_filter_study\results\sensitivity_suite\scenarios\known_targets_g19_t50_n100.csv,03,48,14,3,41,8,3,0,0,0,0.0,0,0,311,98,213,942,0,54,30.569,0.5660925925925926,0.42835,1.7911,2.7155,16.6679,0.3086648148148148,0.1517,1.0358,2.1288,34,13.9011,0.4088558823529412,0.3248,0.8277,0.9798,completed
70,known_visit,CBAA,ideal,1.0,19,361,4,50,multitarget_g19_r4_t50_cbaa_topk075,C:\Users\lottj\Desktop\research\decentralized benchmark\topk_filter_study\results\sensitivity_suite\scenarios\known_targets_g19_t50_n100.csv,00,40,8,2,32,9,1,0,0,0,0.0,0,0,258,82,176,782,0,42,19.1011,0.4547880952380952,0.1288,1.8914,1.9854,11.3493,0.27022142857142856,0.128,1.0459,1.1178,15,7.7518,0.5167866666666667,0.3764,0.8785,0.8785,completed
70,known_visit,CBAA,ideal,1.0,19,361,4,50,multitarget_g19_r4_t50_cbaa_topk075,C:\Users\lottj\Desktop\research\decentralized benchmark\topk_filter_study\results\sensitivity_suite\scenarios\known_targets_g19_t50_n100.csv,01,41,16,0,42,0,2,1,1,0,0.0,0,0,267,84,183,775,0,37,22.4769,0.6074837837837838,0.2524,1.9324,1.9947,12.7827,0.34547837837837836,0.1672,1.0871,1.1254,18,9.6942,0.5385666666666666,0.4688,0.8693,0.8693,completed
70,known_visit,CBAA,ideal,1.0,19,361,4,50,multitarget_g19_r4_t50_cbaa_topk075,C:\Users\lottj\Desktop\research\decentralized benchmark\topk_filter_study\results\sensitivity_suite\scenarios\known_targets_g19_t50_n100.csv,02,40,10,2,38,3,0,0,0,0,0.0,0,0,260,82,178,780,0,42,18.1623,0.43243571428571426,0.14129999999999998,1.6176,2.2611,10.778,0.25661904761904764,0.1265,1.0114,1.1716,16,7.3843,0.46151875,0.41775,1.0895,1.0895,completed
70,known_visit,CBAA,ideal,1.0,19,361,4,50,multitarget_g19_r4_t50_cbaa_topk075,C:\Users\lottj\Desktop\research\decentralized benchmark\topk_filter_study\results\sensitivity_suite\scenarios\known_targets_g19_t50_n100.csv,03,38,16,0,39,0,0,0,0,0,0.0,0,0,257,78,179,783,0,37,23.0728,0.6235891891891893,0.3194,2.0452,2.1015,12.9949,0.3512135135135135,0.1422,1.1405,1.1688,23,10.0779,0.4381695652173913,0.3877,0.9047,0.9327,completed
71,known_visit,CBAA,ideal,1.0,19,361,4,50,multitarget_g19_r4_t50_cbaa_topk075,C:\Users\lottj\Desktop\research\decentralized benchmark\topk_filter_study\results\sensitivity_suite\scenarios\known_targets_g19_t50_n100.csv,00,32,16,0,33,0,0,0,0,0,0.0,0,0,223,66,157,687,0,47,27.654799999999998,0.5883999999999999,0.4222,2.1506,2.2499,14.1903,0.3019212765957447,0.1609,1.1376,1.2047,33,13.4645,0.4080151515151515,0.3009,1.013,1.0452,completed
71,known_visit,CBAA,ideal,1.0,19,361,4,50,multitarget_g19_r4_t50_cbaa_topk075,C:\Users\lottj\Desktop\research\decentralized benchmark\topk_filter_study\results\sensitivity_suite\scenarios\known_targets_g19_t50_n100.csv,01,33,10,0,34,0,0,0,0,0,0.0,0,0,229,68,161,681,0,44,22.4863,0.5110522727272727,0.36435,2.1101,2.3055,12.2444,0.2782818181818182,0.13865,1.1595,1.3513,23,10.2419,0.4453,0.34,0.9506,1.0601,completed
71,known_visit,CBAA,ideal,1.0,19,361,4,50,multitarget_g19_r4_t50_cbaa_topk075,C:\Users\lottj\Desktop\research\decentralized benchmark\topk_filter_study\results\sensitivity_suite\scenarios\known_targets_g19_t50_n100.csv,02,38,14,0,39,0,0,0,0,0,0.0,0,0,237,77,160,675,0,35,19.9286,0.5693885714285715,0.1556,2.1992,2.2123,11.9631,0.3418028571428572,0.1556,1.1968,1.2077,14,7.9655,0.5689642857142857,0.47265,1.0171,1.0171,completed
71,known_visit,CBAA,ideal,1.0,19,361,4,50,multitarget_g19_r4_t50_cbaa_topk075,C:\Users\lottj\Desktop\research\decentralized benchmark\topk_filter_study\results\sensitivity_suite\scenarios\known_targets_g19_t50_n100.csv,03,32,10,0,33,0,0,0,0,0,0.0,0,0,223,66,157,687,0,47,23.3919,0.4977,0.402,1.5755,2.5046,12.501,0.2659787234042553,0.1501,1.0332,1.5378,28,10.8909,0.38896071428571427,0.29545,0.892,1.2005,completed
72,known_visit,CBAA,ideal,1.0,19,361,4,50,multitarget_g19_r4_t50_cbaa_topk075,C:\Users\lottj\Desktop\research\decentralized benchmark\topk_filter_study\results\sensitivity_suite\scenarios\known_targets_g19_t50_n100.csv,00,44,11,0,43,2,2,0,0,0,0.0,0,0,294,90,204,907,0,48,25.6413,0.53419375,0.4248,1.8199,2.2379,12.6079,0.26266458333333337,0.15589999999999998,0.9204,1.2261,29,13.0334,0.44942758620689655,0.3118,1.0118,1.6465,completed
72,known_visit,CBAA,ideal,1.0,19,361,4,50,multitarget_g19_r4_t50_cbaa_topk075,C:\Users\lottj\Desktop\research\decentralized benchmark\topk_filter_study\results\sensitivity_suite\scenarios\known_targets_g19_t50_n100.csv,01,49,10,0,49,1,5,4,3,1,5.0,1,0,313,104,209,888,0,42,24.804,0.5905714285714285,0.14634999999999998,1.823,2.3438,14.7239,0.3505690476190476,0.14634999999999998,1.0321,1.2582,18,10.0801,0.5600055555555555,0.51715,1.0856,1.0856,completed
72,known_visit,CBAA,ideal,1.0,19,361,4,50,multitarget_g19_r4_t50_cbaa_topk075,C:\Users\lottj\Desktop\research\decentralized benchmark\topk_filter_study\results\sensitivity_suite\scenarios\known_targets_g19_t50_n100.csv,02,50,13,2,46,5,4,3,1,1,5.0,1,0,303,104,199,900,0,36,24.2459,0.6734972222222222,0.15745,2.5192,3.1668,14.3772,0.39936666666666665,0.15055000000000002,1.4426,2.027,17,9.8687,0.5805117647058824,0.5218,1.1398,1.1398,completed
72,known_visit,CBAA,ideal,1.0,19,361,4,50,multitarget_g19_r4_t50_cbaa_topk075,C:\Users\lottj\Desktop\research\decentralized benchmark\topk_filter_study\results\sensitivity_suite\scenarios\known_targets_g19_t50_n100.csv,03,44,16,0,45,0,0,0,0,0,0.0,0,0,293,90,203,908,0,48,23.8695,0.49728124999999995,0.4282,1.3298,2.5452,12.551,0.26147916666666665,0.1605,0.8086,1.3841,29,11.3185,0.3902931034482759,0.3128,0.7801,1.1611,completed
73,known_visit,CBAA,ideal,1.0,19,361,4,50,multitarget_g19_r4_t50_cbaa_topk075,C:\Users\lottj\Desktop\research\decentralized benchmark\topk_filter_study\results\sensitivity_suite\scenarios\known_targets_g19_t50_n100.csv,00,38,12,1,37,2,0,0,0,0,0.0,0,0,264,78,186,806,0,86,42.4969,0.49415,0.4006,1.4945,2.4726,20.396,0.23716279069767443,0.1417,0.7972,1.6123,65,22.1009,0.34001384615384617,0.2736,0.7566,1.2108,completed
73,known_visit,CBAA,ideal,1.0,19,361,4,50,multitarget_g19_r4_t50_cbaa_topk075,C:\Users\lottj\Desktop\research\decentralized benchmark\topk_filter_study\results\sensitivity_suite\scenarios\known_targets_g19_t50_n100.csv,01,53,12,0,53,1,0,0,0,0,0.0,0,0,287,107,180,785,0,34,17.8702,0.5255941176470589,0.14135,1.9478,1.9638,11.3486,0.3337823529411765,0.14135,1.0629,1.1321,12,6.5216,0.5434666666666667,0.5161,0.9009,0.9009,completed
73,known_visit,CBAA,ideal,1.0,19,361,4,50,multitarget_g19_r4_t50_cbaa_topk075,C:\Users\lottj\Desktop\research\decentralized benchmark\topk_filter_study\results\sensitivity_suite\scenarios\known_targets_g19_t50_n100.csv,02,37,10,0,38,0,2,1,1,0,0.0,0,0,260,76,184,810,0,87,44.7594,0.5144758620689656,0.4043,1.6807,3.7119,21.3415,0.24530459770114943,0.1406,0.9263,2.6318,70,23.4179,0.33454142857142855,0.2737,0.7266,1.0801,completed
73,known_visit,CBAA,ideal,1.0,19,361,4,50,multitarget_g19_r4_t50_cbaa_topk075,C:\Users\lottj\Desktop\research\decentralized benchmark\topk_filter_study\results\sensitivity_suite\scenarios\known_targets_g19_t50_n100.csv,03,37,16,1,37,1,0,0,0,0,0.0,0,0,261,76,185,809,0,88,45.9952,0.5226727272727273,0.40505,1.7146,2.3118,22.2516,0.2528590909090909,0.14155,1.0619,1.8117,68,23.7436,0.3491705882352941,0.2751,0.8213,1.0975,completed
74,known_visit,CBAA,ideal,1.0,19,361,4,50,multitarget_g19_r4_t50_cbaa_topk075,C:\Users\lottj\Desktop\research\decentralized benchmark\topk_filter_study\results\sensitivity_suite\scenarios\known_targets_g19_t50_n100.csv,00,38,14,0,39,0,1,2,1,1,5.0,1,0,244,79,165,737,0,35,18.5257,0.5293057142857143,0.1376,1.8909,2.0208,10.869299999999999,0.31055142857142853,0.1376,1.0582,1.1094,14,7.6564,0.5468857142857143,0.49424999999999997,0.9114,0.9114,completed
74,known_visit,CBAA,ideal,1.0,19,361,4,50,multitarget_g19_r4_t50_cbaa_topk075,C:\Users\lottj\Desktop\research\decentralized benchmark\topk_filter_study\results\sensitivity_suite\scenarios\known_targets_g19_t50_n100.csv,01,37,12,0,38,0,2,1,1,0,0.0,0,0,250,77,173,731,0,34,18.0561,0.5310617647058824,0.29645,1.7946,2.0461,9.9758,0.2934058823529412,0.1563,1.0017,1.1471,17,8.0803,0.4753117647058823,0.4524,0.899,0.899,completed
74,known_visit,CBAA,ideal,1.0,19,361,4,50,multitarget_g19_r4_t50_cbaa_topk075,C:\Users\lottj\Desktop\research\decentralized benchmark\topk_filter_study\results\sensitivity_suite\scenarios\known_targets_g19_t50_n100.csv,02,37,9,2,28,10,3,0,0,0,0.0,0,0,245,76,169,736,0,37,19.3314,0.5224702702702703,0.1532,1.9684,2.0124,11.3031,0.3054891891891892,0.1532,1.096,1.1189,16,8.0283,0.50176875,0.38334999999999997,0.9164,0.9164,completed
74,known_visit,CBAA,ideal,1.0,19,361,4,50,multitarget_g19_r4_t50_cbaa_topk075,C:\Users\lottj\Desktop\research\decentralized benchmark\topk_filter_study\results\sensitivity_suite\scenarios\known_targets_g19_t50_n100.csv,03,38,15,0,39,0,0,0,0,0,0.0,0,0,244,77,167,739,0,37,19.0823,0.5157378378378379,0.1533,1.8655,1.932,11.2351,0.30365135135135135,0.1533,0.9812,1.0871,15,7.8472,0.5231466666666666,0.5113,0.8843,0.8843,completed
75,known_visit,CBAA,ideal,1.0,19,361,4,50,multitarget_g19_r4_t50_cbaa_topk075,C:\Users\lottj\Desktop\research\decentralized benchmark\topk_filter_study\results\sensitivity_suite\scenarios\known_targets_g19_t50_n100.csv,00,39,11,4,36,4,1,0,0,0,0.0,0,0,267,80,187,835,0,54,29.895500000000002,0.5536203703703704,0.40645,1.9054,4.4909,16.1557,0.29917962962962963,0.14875,1.0665,3.5906,38,13.7398,0.3615736842105263,0.27185000000000004,0.8853,0.9003,completed
75,known_visit,CBAA,ideal,1.0,19,361,4,50,multitarget_g19_r4_t50_cbaa_topk075,C:\Users\lottj\Desktop\research\decentralized benchmark\topk_filter_study\results\sensitivity_suite\scenarios\known_targets_g19_t50_n100.csv,01,42,7,2,35,8,7,2,2,0,0.0,0,0,279,88,191,823,0,49,27.6856,0.5650122448979592,0.3836,2.2712,2.6956,14.6979,0.29995714285714287,0.143,1.0285,1.8134,28,12.9877,0.4638464285714286,0.34395,1.2437,1.3728,completed
75,known_visit,CBAA,ideal,1.0,19,361,4,50,multitarget_g19_r4_t50_cbaa_topk075,C:\Users\lottj\Desktop\research\decentralized benchmark\topk_filter_study\results\sensitivity_suite\scenarios\known_targets_g19_t50_n100.csv,02,44,17,0,42,3,0,1,1,0,0.0,0,0,277,91,186,825,0,33,29.8833,0.9055545454545454,0.4963,2.1636,9.885,20.1315,0.6100454545454546,0.1876,1.0988,9.2605,19,9.7518,0.5132526315789473,0.4236,1.1511,1.1511,completed
75,known_visit,CBAA,ideal,1.0,19,361,4,50,multitarget_g19_r4_t50_cbaa_topk075,C:\Users\lottj\Desktop\research\decentralized benchmark\topk_filter_study\results\sensitivity_suite\scenarios\known_targets_g19_t50_n100.csv,03,47,15,1,46,2,2,0,0,0,0.0,0,0,281,95,186,823,0,33,22.8961,0.6938212121212122,0.2228,3.0059,4.2238,12.4474,0.3771939393939394,0.1784,1.5205,1.7921,15,10.4487,0.6965800000000001,0.4442,2.4317,2.4317,completed
76,known_visit,CBAA,ideal,1.0,19,361,4,50,multitarget_g19_r4_t50_cbaa_topk075,C:\Users\lottj\Desktop\research\decentralized benchmark\topk_filter_study\results\sensitivity_suite\scenarios\known_targets_g19_t50_n100.csv,00,38,11,0,39,0,1,0,0,0,0.0,0,0,268,78,190,814,0,67,36.2359,0.540834328358209,0.4678,1.7807,2.8862,17.648,0.26340298507462684,0.1599,0.9583,1.7946,43,18.5879,0.43227674418604656,0.3193,0.9632,1.5844,completed
76,known_visit,CBAA,ideal,1.0,19,361,4,50,multitarget_g19_r4_t50_cbaa_topk075,C:\Users\lottj\Desktop\research\decentralized benchmark\topk_filter_study\results\sensitivity_suite\scenarios\known_targets_g19_t50_n100.csv,01,48,14,2,43,6,2,1,1,0,0.0,0,0,285,98,187,799,0,36,27.5405,0.7650138888888889,0.3167,2.7306,3.7848,17.0194,0.47276111111111113,0.20225,1.496,3.1652,16,10.5211,0.65756875,0.49239999999999995,1.3484,1.3484,completed
76,known_visit,CBAA,ideal,1.0,19,361,4,50,multitarget_g19_r4_t50_cbaa_topk075,C:\Users\lottj\Desktop\research\decentralized benchmark\topk_filter_study\results\sensitivity_suite\scenarios\known_targets_g19_t50_n100.csv,02,37,9,0,38,0,0,1,1,0,0.0,0,0,257,77,180,825,0,67,37.425,0.5585820895522388,0.4678,1.3845,2.4074,17.9363,0.26770597014925374,0.1676,0.937,1.3511,47,19.4887,0.41465319148936175,0.318,0.9578,1.1912,completed
76,known_visit,CBAA,ideal,1.0,19,361,4,50,multitarget_g19_r4_t50_cbaa_topk075,C:\Users\lottj\Desktop\research\decentralized benchmark\topk_filter_study\results\sensitivity_suite\scenarios\known_targets_g19_t50_n100.csv,03,44,16,1,44,1,1,0,0,0,0.0,0,0,274,90,184,808,0,44,26.5658,0.6037681818181818,0.47104999999999997,1.6862,2.4,14.1232,0.3209818181818182,0.16775,0.9394,1.392,27,12.4426,0.46083703703703705,0.4372,0.8335,1.008,completed
77,known_visit,CBAA,ideal,1.0,19,361,4,50,multitarget_g19_r4_t50_cbaa_topk075,C:\Users\lottj\Desktop\research\decentralized benchmark\topk_filter_study\results\sensitivity_suite\scenarios\known_targets_g19_t50_n100.csv,00,43,13,0,43,1,0,0,0,0,0.0,0,0,285,89,196,838,0,47,22.5464,0.4797106382978723,0.3202,1.425,2.085,12.4932,0.2658127659574468,0.1481,0.8909,1.1481,25,10.0532,0.40212800000000004,0.3592,0.7667,0.9369,completed
77,known_visit,CBAA,ideal,1.0,19,361,4,50,multitarget_g19_r4_t50_cbaa_topk075,C:\Users\lottj\Desktop\research\decentralized benchmark\topk_filter_study\results\sensitivity_suite\scenarios\known_targets_g19_t50_n100.csv,01,45,11,1,45,1,2,0,0,0,0.0,0,0,279,92,187,845,0,39,19.3632,0.4964923076923077,0.1376,2.0951,2.1894,11.464500000000001,0.2939615384615385,0.1347,1.1998,1.2258,15,7.8987,0.5265799999999999,0.4464,0.9636,0.9636,completed
77,known_visit,CBAA,ideal,1.0,19,361,4,50,multitarget_g19_r4_t50_cbaa_topk075,C:\Users\lottj\Desktop\research\decentralized benchmark\topk_filter_study\results\sensitivity_suite\scenarios\known_targets_g19_t50_n100.csv,02,39,12,1,38,2,0,0,0,0,0.0,0,0,270,80,190,853,0,52,26.912300000000002,0.5175442307692308,0.44475,1.7954,2.2113,13.5232,0.26006153846153846,0.1543,0.972,1.1847,34,13.389100000000001,0.39379705882352944,0.30615000000000003,0.9393,1.0266,completed
77,known_visit,CBAA,ideal,1.0,19,361,4,50,multitarget_g19_r4_t50_cbaa_topk075,C:\Users\lottj\Desktop\research\decentralized benchmark\topk_filter_study\results\sensitivity_suite\scenarios\known_targets_g19_t50_n100.csv,03,46,14,0,46,1,2,1,1,0,0.0,0,0,292,94,198,833,0,40,21.3244,0.53311,0.14475,1.8219,2.9832,12.9959,0.3248975,0.1446,0.9954,2.391,16,8.3285,0.52053125,0.4916,1.0493,1.0493,completed
78,known_visit,CBAA,ideal,1.0,19,361,4,50,multitarget_g19_r4_t50_cbaa_topk075,C:\Users\lottj\Desktop\research\decentralized benchmark\topk_filter_study\results\sensitivity_suite\scenarios\known_targets_g19_t50_n100.csv,00,38,14,0,39,0,0,0,0,0,0.0,0,0,253,78,175,773,0,66,33.2346,0.5035545454545455,0.42310000000000003,1.4778,2.2914,15.8059,0.23948333333333333,0.1434,0.882,1.3057,48,17.4287,0.36309791666666663,0.28790000000000004,0.7804,0.9857,completed
78,known_visit,CBAA,ideal,1.0,19,361,4,50,multitarget_g19_r4_t50_cbaa_topk075,C:\Users\lottj\Desktop\research\decentralized benchmark\topk_filter_study\results\sensitivity_suite\scenarios\known_targets_g19_t50_n100.csv,01,49,15,1,47,3,0,0,0,0,0.0,0,0,278,99,179,750,0,36,18.6605,0.5183472222222222,0.1406,1.815,2.0779,10.8219,0.3006083333333333,0.1406,1.0224,1.1419,15,7.8386000000000005,0.5225733333333333,0.451,0.936,0.936,completed
78,known_visit,CBAA,ideal,1.0,19,361,4,50,multitarget_g19_r4_t50_cbaa_topk075,C:\Users\lottj\Desktop\research\decentralized benchmark\topk_filter_study\results\sensitivity_suite\scenarios\known_targets_g19_t50_n100.csv,02,36,12,0,36,1,2,1,1,0,0.0,0,0,250,75,175,776,0,76,42.0259,0.5529723684210527,0.41085000000000005,1.8056,3.5394,21.6741,0.2851855263157895,0.14305,1.0205,3.2696,56,20.3518,0.363425,0.27985000000000004,0.7964,0.9699,completed
78,known_visit,CBAA,ideal,1.0,19,361,4,50,multitarget_g19_r4_t50_cbaa_topk075,C:\Users\lottj\Desktop\research\decentralized benchmark\topk_filter_study\results\sensitivity_suite\scenarios\known_targets_g19_t50_n100.csv,03,35,9,0,35,1,0,0,0,0,0.0,0,0,247,72,175,779,0,77,38.2,0.49610389610389616,0.4227,1.7368,2.1862,17.0964,0.22203116883116883,0.1444,0.972,1.163,60,21.1036,0.3517266666666667,0.28285,0.7742,1.0742,completed
79,known_visit,CBAA,ideal,1.0,19,361,4,50,multitarget_g19_r4_t50_cbaa_topk075,C:\Users\lottj\Desktop\research\decentralized benchmark\topk_filter_study\results\sensitivity_suite\scenarios\known_targets_g19_t50_n100.csv,00,35,12,0,36,0,0,0,0,0,0.0,0,0,223,71,152,656,0,35,15.1464,0.4327542857142857,0.1281,2.1323,2.719,9.1628,0.26179428571428576,0.1281,1.2009,1.5259,10,5.9836,0.59836,0.46855,1.1931,1.1931,completed
79,known_visit,CBAA,ideal,1.0,19,361,4,50,multitarget_g19_r4_t50_cbaa_topk075,C:\Users\lottj\Desktop\research\decentralized benchmark\topk_filter_study\results\sensitivity_suite\scenarios\known_targets_g19_t50_n100.csv,01,32,11,1,31,2,2,0,0,0,0.0,0,0,222,67,155,655,0,41,25.0502,0.610980487804878,0.3907,2.0293,2.0841,13.4646,0.3284048780487805,0.139,1.1049,1.156,22,11.5856,0.5266181818181818,0.48655,0.9792,1.0134,completed
79,known_visit,CBAA,ideal,1.0,19,361,4,50,multitarget_g19_r4_t50_cbaa_topk075,C:\Users\lottj\Desktop\research\decentralized benchmark\topk_filter_study\results\sensitivity_suite\scenarios\known_targets_g19_t50_n100.csv,02,31,12,0,32,0,0,0,0,0,0.0,0,0,219,66,153,658,0,45,25.8959,0.5754644444444444,0.4072,2.0465,2.4848,13.9561,0.31013555555555555,0.1398,1.1548,1.5283,27,11.9398,0.44221481481481484,0.3372,0.9182,0.9565,completed
79,known_visit,CBAA,ideal,1.0,19,361,4,50,multitarget_g19_r4_t50_cbaa_topk075,C:\Users\lottj\Desktop\research\decentralized benchmark\topk_filter_study\results\sensitivity_suite\scenarios\known_targets_g19_t50_n100.csv,03,34,15,0,34,1,0,0,0,0,0.0,0,0,215,70,145,662,0,37,23.7042,0.6406540540540541,0.1529,2.924,3.0386,14.0535,0.37982432432432434,0.1419,1.8011,2.086,18,9.6507,0.53615,0.4451,1.1229,1.1229,completed
80,known_visit,CBAA,ideal,1.0,19,361,4,50,multitarget_g19_r4_t50_cbaa_topk075,C:\Users\lottj\Desktop\research\decentralized benchmark\topk_filter_study\results\sensitivity_suite\scenarios\known_targets_g19_t50_n100.csv,00,39,13,0,39,1,3,0,0,0,0.0,0,0,261,80,181,796,0,50,29.2578,0.585156,0.40655,1.818,2.3148,15.7967,0.315934,0.1472,1.1897,1.2341,32,13.4611,0.420659375,0.32830000000000004,0.8376,1.0807,completed
80,known_visit,CBAA,ideal,1.0,19,361,4,50,multitarget_g19_r4_t50_cbaa_topk075,C:\Users\lottj\Desktop\research\decentralized benchmark\topk_filter_study\results\sensitivity_suite\scenarios\known_targets_g19_t50_n100.csv,01,43,8,0,43,1,5,4,4,0,0.0,0,0,270,89,181,789,0,38,19.6988,0.5183894736842105,0.1401,1.969,2.2418,11.8884,0.3128526315789474,0.1401,1.0935,1.2975,15,7.8104,0.5206933333333333,0.4861,0.9443,0.9443,completed
80,known_visit,CBAA,ideal,1.0,19,361,4,50,multitarget_g19_r4_t50_cbaa_topk075,C:\Users\lottj\Desktop\research\decentralized benchmark\topk_filter_study\results\sensitivity_suite\scenarios\known_targets_g19_t50_n100.csv,02,40,13,1,37,4,1,0,0,0,0.0,0,0,264,82,182,793,0,45,23.6953,0.5265622222222223,0.3893,1.7889,2.85,13.387,0.2974888888888889,0.1474,1.0202,1.8732,24,10.3083,0.42951249999999996,0.3305,0.8692,0.9768,completed
80,known_visit,CBAA,ideal,1.0,19,361,4,50,multitarget_g19_r4_t50_cbaa_topk075,C:\Users\lottj\Desktop\research\decentralized benchmark\topk_filter_study\results\sensitivity_suite\scenarios\known_targets_g19_t50_n100.csv,03,40,16,0,41,0,0,0,0,0,0.0,0,0,264,82,182,793,0,46,23.9418,0.5204739130434782,0.3933,1.6459,2.3462,12.8942,0.2803086956521739,0.1377,0.9139,1.3201,27,11.0476,0.40917037037037035,0.3145,0.8244,1.0261,completed
81,known_visit,CBAA,ideal,1.0,19,361,4,50,multitarget_g19_r4_t50_cbaa_topk075,C:\Users\lottj\Desktop\research\decentralized benchmark\topk_filter_study\results\sensitivity_suite\scenarios\known_targets_g19_t50_n100.csv,00,33,11,0,34,0,0,0,0,0,0.0,0,0,228,68,160,710,0,47,21.9872,0.46781276595744686,0.3928,2.084,2.1645,11.4347,0.2432914893617021,0.1432,1.0899,1.1843,25,10.5525,0.42210000000000003,0.3199,0.9941,1.0024,completed
81,known_visit,CBAA,ideal,1.0,19,361,4,50,multitarget_g19_r4_t50_cbaa_topk075,C:\Users\lottj\Desktop\research\decentralized benchmark\topk_filter_study\results\sensitivity_suite\scenarios\known_targets_g19_t50_n100.csv,01,37,13,0,38,0,1,0,0,0,0.0,0,0,239,76,163,699,0,33,20.727899999999998,0.6281181818181818,0.4064,2.037,2.2265,11.8891,0.3602757575757575,0.145,1.1124,1.2207,17,8.8388,0.519929411764706,0.45,1.0058,1.0058,completed
81,known_visit,CBAA,ideal,1.0,19,361,4,50,multitarget_g19_r4_t50_cbaa_topk075,C:\Users\lottj\Desktop\research\decentralized benchmark\topk_filter_study\results\sensitivity_suite\scenarios\known_targets_g19_t50_n100.csv,02,38,13,0,39,0,0,0,0,0,0.0,0,0,239,77,162,701,0,32,23.5948,0.7373375,0.13,2.0574,8.2706,10.6723,0.333509375,0.13,1.1101,1.5796,13,12.9225,0.9940384615384615,0.5169,6.691,6.691,completed
81,known_visit,CBAA,ideal,1.0,19,361,4,50,multitarget_g19_r4_t50_cbaa_topk075,C:\Users\lottj\Desktop\research\decentralized benchmark\topk_filter_study\results\sensitivity_suite\scenarios\known_targets_g19_t50_n100.csv,03,36,13,0,37,0,0,0,0,0,0.0,0,0,234,74,160,704,0,39,19.1226,0.49032307692307686,0.1379,1.9535,2.0917,10.9722,0.28133846153846154,0.1347,1.0737,1.1466,17,8.1504,0.479435294117647,0.4354,0.9451,0.9451,completed
82,known_visit,CBAA,ideal,1.0,19,361,4,50,multitarget_g19_r4_t50_cbaa_topk075,C:\Users\lottj\Desktop\research\decentralized benchmark\topk_filter_study\results\sensitivity_suite\scenarios\known_targets_g19_t50_n100.csv,00,41,9,1,40,2,4,0,0,0,0.0,0,0,260,83,177,755,0,36,22.9329,0.637025,0.15615,1.8619,2.4337,13.0097,0.3613805555555556,0.15615,1.0728,1.4021,16,9.9232,0.6202,0.61995,1.0316,1.0316,completed
82,known_visit,CBAA,ideal,1.0,19,361,4,50,multitarget_g19_r4_t50_cbaa_topk075,C:\Users\lottj\Desktop\research\decentralized benchmark\topk_filter_study\results\sensitivity_suite\scenarios\known_targets_g19_t50_n100.csv,01,38,16,0,39,0,0,0,0,0,0.0,0,0,251,78,173,762,0,37,27.8223,0.751954054054054,0.4964,1.9979,2.1654,15.917300000000001,0.43019729729729733,0.2183,1.1697,1.1967,23,11.905,0.5176086956521739,0.4904,0.8862,0.9687,completed
82,known_visit,CBAA,ideal,1.0,19,361,4,50,multitarget_g19_r4_t50_cbaa_topk075,C:\Users\lottj\Desktop\research\decentralized benchmark\topk_filter_study\results\sensitivity_suite\scenarios\known_targets_g19_t50_n100.csv,02,40,11,2,36,5,3,1,1,0,0.0,0,0,254,81,173,759,0,32,22.363500000000002,0.6988593750000001,0.24355,2.0916,2.1261,12.7963,0.399884375,0.23570000000000002,1.1299,1.1732,15,9.5672,0.6378133333333333,0.5534,1.1316,1.1316,completed
82,known_visit,CBAA,ideal,1.0,19,361,4,50,multitarget_g19_r4_t50_cbaa_topk075,C:\Users\lottj\Desktop\research\decentralized benchmark\topk_filter_study\results\sensitivity_suite\scenarios\known_targets_g19_t50_n100.csv,03,39,14,0,40,0,0,0,0,0,0.0,0,0,250,80,170,763,0,36,22.8836,0.6356555555555556,0.43175,2.1238,2.5444,12.9527,0.3597972222222222,0.1923,1.2208,1.5576,19,9.9309,0.522678947368421,0.4445,0.9868,0.9868,completed
83,known_visit,CBAA,ideal,1.0,19,361,4,50,multitarget_g19_r4_t50_cbaa_topk075,C:\Users\lottj\Desktop\research\decentralized benchmark\topk_filter_study\results\sensitivity_suite\scenarios\known_targets_g19_t50_n100.csv,00,44,14,0,44,1,0,0,0,0,0.0,0,0,272,89,183,822,0,37,17.7131,0.47873243243243246,0.1386,1.8775,1.9284,10.4139,0.28145675675675674,0.1386,1.0044,1.0138,14,7.2992,0.5213714285714286,0.47714999999999996,0.9451,0.9451,completed
83,known_visit,CBAA,ideal,1.0,19,361,4,50,multitarget_g19_r4_t50_cbaa_topk075,C:\Users\lottj\Desktop\research\decentralized benchmark\topk_filter_study\results\sensitivity_suite\scenarios\known_targets_g19_t50_n100.csv,01,42,12,0,42,1,1,1,1,0,0.0,0,0,281,87,194,811,0,41,23.182,0.5654146341463414,0.1521,1.93,2.3833,13.4394,0.327790243902439,0.1431,1.0874,1.4772,19,9.7426,0.5127684210526315,0.443,1.0305,1.0305,completed
83,known_visit,CBAA,ideal,1.0,19,361,4,50,multitarget_g19_r4_t50_cbaa_topk075,C:\Users\lottj\Desktop\research\decentralized benchmark\topk_filter_study\results\sensitivity_suite\scenarios\known_targets_g19_t50_n100.csv,02,42,10,4,39,4,1,0,0,0,0.0,0,0,275,86,189,817,0,42,20.425,0.4863095238095238,0.14575,2.1107,2.1553,11.4655,0.27298809523809525,0.13940000000000002,0.9649,1.219,18,8.9595,0.49775,0.3927,1.1552,1.1552,completed
83,known_visit,CBAA,ideal,1.0,19,361,4,50,multitarget_g19_r4_t50_cbaa_topk075,C:\Users\lottj\Desktop\research\decentralized benchmark\topk_filter_study\results\sensitivity_suite\scenarios\known_targets_g19_t50_n100.csv,03,40,14,1,40,1,0,0,0,0,0.0,0,0,266,82,184,826,0,49,32.6104,0.6655183673469387,0.4214,2.1949,4.6182,18.0492,0.36835102040816325,0.1637,1.6712,2.4756,29,14.5612,0.5021103448275862,0.3319,1.2796,2.1426,completed
84,known_visit,CBAA,ideal,1.0,19,361,4,50,multitarget_g19_r4_t50_cbaa_topk075,C:\Users\lottj\Desktop\research\decentralized benchmark\topk_filter_study\results\sensitivity_suite\scenarios\known_targets_g19_t50_n100.csv,00,37,15,0,38,0,0,0,0,0,0.0,0,0,243,76,167,751,0,51,28.8952,0.5665725490196079,0.4266,1.9515,2.0642,13.9793,0.27410392156862745,0.1526,1.1433,1.2291,37,14.9159,0.40313243243243246,0.3126,0.8173,0.9094,completed
84,known_visit,CBAA,ideal,1.0,19,361,4,50,multitarget_g19_r4_t50_cbaa_topk075,C:\Users\lottj\Desktop\research\decentralized benchmark\topk_filter_study\results\sensitivity_suite\scenarios\known_targets_g19_t50_n100.csv,01,36,10,2,34,3,3,1,1,0,0.0,0,0,246,75,171,748,0,62,32.0535,0.516991935483871,0.4085,1.5463,2.0287,16.3997,0.26451129032258064,0.14865,0.9491,1.0929,40,15.6538,0.391345,0.28225,0.8793,0.9358,completed
84,known_visit,CBAA,ideal,1.0,19,361,4,50,multitarget_g19_r4_t50_cbaa_topk075,C:\Users\lottj\Desktop\research\decentralized benchmark\topk_filter_study\results\sensitivity_suite\scenarios\known_targets_g19_t50_n100.csv,02,44,11,3,41,4,1,0,0,0,0.0,0,0,262,89,173,734,0,34,17.287,0.5084411764705882,0.1471,2.1747,2.1961,10.4887,0.3084911764705882,0.1471,1.0106,1.2067,12,6.7983,0.5665250000000001,0.5098,1.1641,1.1641,completed
84,known_visit,CBAA,ideal,1.0,19,361,4,50,multitarget_g19_r4_t50_cbaa_topk075,C:\Users\lottj\Desktop\research\decentralized benchmark\topk_filter_study\results\sensitivity_suite\scenarios\known_targets_g19_t50_n100.csv,03,36,14,0,37,0,1,0,0,0,0.0,0,0,245,74,171,749,0,54,31.5561,0.5843722222222222,0.42755,2.0081,2.3059,15.8398,0.29332962962962966,0.15375,1.0992,1.1891,38,15.7163,0.41358684210526314,0.3117,0.978,1.1466,completed
85,known_visit,CBAA,ideal,1.0,19,361,4,50,multitarget_g19_r4_t50_cbaa_topk075,C:\Users\lottj\Desktop\research\decentralized benchmark\topk_filter_study\results\sensitivity_suite\scenarios\known_targets_g19_t50_n100.csv,00,40,10,3,37,4,1,3,3,0,0.0,0,0,278,86,192,866,0,83,43.94,0.5293975903614457,0.4324,1.6623,4.8587,22.686500000000002,0.27333132530120485,0.1554,1.0099,4.5376,63,21.2535,0.33735714285714286,0.3019,0.5748,0.8906,completed
85,known_visit,CBAA,ideal,1.0,19,361,4,50,multitarget_g19_r4_t50_cbaa_topk075,C:\Users\lottj\Desktop\research\decentralized benchmark\topk_filter_study\results\sensitivity_suite\scenarios\known_targets_g19_t50_n100.csv,01,43,12,0,44,0,0,1,1,0,0.0,0,0,285,89,196,859,0,75,35.159,0.46878666666666663,0.4491,1.323,2.1801,16.6449,0.221932,0.1577,0.8286,1.2118,54,18.5141,0.34285370370370366,0.3151,0.571,0.9683,completed
85,known_visit,CBAA,ideal,1.0,19,361,4,50,multitarget_g19_r4_t50_cbaa_topk075,C:\Users\lottj\Desktop\research\decentralized benchmark\topk_filter_study\results\sensitivity_suite\scenarios\known_targets_g19_t50_n100.csv,02,54,9,2,50,5,5,0,0,0,0.0,0,0,302,109,193,844,0,35,14.844,0.4241142857142857,0.1241,1.7498,1.9141,8.5951,0.24557428571428572,0.1241,0.9684,1.0431,14,6.2489,0.44634999999999997,0.40085,0.871,0.871,completed
85,known_visit,CBAA,ideal,1.0,19,361,4,50,multitarget_g19_r4_t50_cbaa_topk075,C:\Users\lottj\Desktop\research\decentralized benchmark\topk_filter_study\results\sensitivity_suite\scenarios\known_targets_g19_t50_n100.csv,03,41,19,0,42,0,1,0,0,0,0.0,0,0,281,84,197,863,0,76,38.2813,0.5037013157894737,0.44655,1.6499,1.8904,17.5974,0.23154473684210528,0.1577,0.8936,1.0159,60,20.6839,0.3447316666666667,0.31520000000000004,0.6723,0.9119,completed
86,known_visit,CBAA,ideal,1.0,19,361,4,50,multitarget_g19_r4_t50_cbaa_topk075,C:\Users\lottj\Desktop\research\decentralized benchmark\topk_filter_study\results\sensitivity_suite\scenarios\known_targets_g19_t50_n100.csv,00,42,13,1,40,3,0,0,0,0,0.0,0,0,263,86,177,796,0,46,22.6525,0.49244565217391306,0.37545,1.8228,2.0864,11.7185,0.25475000000000003,0.13290000000000002,1.039,1.1264,26,10.934,0.4205384615384615,0.27975,0.9153,1.017,completed
86,known_visit,CBAA,ideal,1.0,19,361,4,50,multitarget_g19_r4_t50_cbaa_topk075,C:\Users\lottj\Desktop\research\decentralized benchmark\topk_filter_study\results\sensitivity_suite\scenarios\known_targets_g19_t50_n100.csv,01,39,11,0,39,1,2,0,0,0,0.0,0,0,259,80,179,800,0,53,25.7939,0.48667735849056604,0.3982,1.6676,2.215,12.5903,0.23755283018867923,0.1359,0.9182,1.0428,34,13.2036,0.38834117647058825,0.2757,1.0014,1.1722,completed
86,known_visit,CBAA,ideal,1.0,19,361,4,50,multitarget_g19_r4_t50_cbaa_topk075,C:\Users\lottj\Desktop\research\decentralized benchmark\topk_filter_study\results\sensitivity_suite\scenarios\known_targets_g19_t50_n100.csv,02,46,15,0,46,1,0,1,1,0,0.0,0,0,273,94,179,788,0,34,18.732,0.5509411764705883,0.1352,1.9036,2.0216,10.7733,0.3168617647058824,0.1352,1.0683,1.1079,15,7.9587,0.53058,0.5327,0.9137,0.9137,completed
86,known_visit,CBAA,ideal,1.0,19,361,4,50,multitarget_g19_r4_t50_cbaa_topk075,C:\Users\lottj\Desktop\research\decentralized benchmark\topk_filter_study\results\sensitivity_suite\scenarios\known_targets_g19_t50_n100.csv,03,38,11,1,38,1,3,0,0,0,0.0,0,0,266,78,188,793,0,59,32.1037,0.5441305084745763,0.4039,1.7982,1.9348,15.5848,0.26414915254237287,0.1424,0.9853,1.0722,41,16.5189,0.4029,0.2799,0.8422,0.9603,completed
87,known_visit,CBAA,ideal,1.0,19,361,4,50,multitarget_g19_r4_t50_cbaa_topk075,C:\Users\lottj\Desktop\research\decentralized benchmark\topk_filter_study\results\sensitivity_suite\scenarios\known_targets_g19_t50_n100.csv,00,40,9,0,39,2,0,3,3,0,0.0,0,0,263,85,178,790,0,39,25.7861,0.6611820512820513,0.3896,2.0829,2.9751,15.6191,0.4004897435897436,0.1466,1.1411,2.6996,19,10.167,0.5351052631578948,0.5154,1.1749,1.1749,completed
87,known_visit,CBAA,ideal,1.0,19,361,4,50,multitarget_g19_r4_t50_cbaa_topk075,C:\Users\lottj\Desktop\research\decentralized benchmark\topk_filter_study\results\sensitivity_suite\scenarios\known_targets_g19_t50_n100.csv,01,39,11,1,38,2,3,0,0,0,0.0,0,0,262,83,179,791,0,45,25.684,0.5707555555555556,0.1462,1.8494,3.9415,14.592600000000001,0.32428,0.1448,1.0232,1.9883,20,11.0914,0.55457,0.4508,0.9415,1.9532,completed
87,known_visit,CBAA,ideal,1.0,19,361,4,50,multitarget_g19_r4_t50_cbaa_topk075,C:\Users\lottj\Desktop\research\decentralized benchmark\topk_filter_study\results\sensitivity_suite\scenarios\known_targets_g19_t50_n100.csv,02,42,18,0,42,1,3,0,0,0,0.0,0,0,267,85,182,786,0,32,26.4668,0.8270875,0.68425,2.1348,2.2334,15.5394,0.48560625,0.32575,1.1971,1.5832,19,10.9274,0.5751263157894737,0.5132,1.0363,1.0363,completed
87,known_visit,CBAA,ideal,1.0,19,361,4,50,multitarget_g19_r4_t50_cbaa_topk075,C:\Users\lottj\Desktop\research\decentralized benchmark\topk_filter_study\results\sensitivity_suite\scenarios\known_targets_g19_t50_n100.csv,03,42,12,0,42,1,1,1,1,0,0.0,0,0,263,86,177,792,0,38,20.3579,0.5357342105263158,0.14179999999999998,1.9623,2.1119,12.2288,0.3218105263157895,0.14179999999999998,1.1067,1.1415,15,8.1291,0.54194,0.5082,0.9704,0.9704,completed
88,known_visit,CBAA,ideal,1.0,19,361,4,50,multitarget_g19_r4_t50_cbaa_topk075,C:\Users\lottj\Desktop\research\decentralized benchmark\topk_filter_study\results\sensitivity_suite\scenarios\known_targets_g19_t50_n100.csv,00,44,14,0,45,0,1,2,1,0,0.0,0,0,272,91,181,786,0,33,15.864099999999999,0.480730303030303,0.1814,1.8273,1.932,9.1581,0.2775181818181818,0.1716,0.9897,1.0885,16,6.706,0.419125,0.35405,0.8435,0.8435,completed
88,known_visit,CBAA,ideal,1.0,19,361,4,50,multitarget_g19_r4_t50_cbaa_topk075,C:\Users\lottj\Desktop\research\decentralized benchmark\topk_filter_study\results\sensitivity_suite\scenarios\known_targets_g19_t50_n100.csv,01,39,9,2,35,5,4,0,0,0,0.0,0,0,263,80,183,793,0,55,22.7971,0.4144927272727273,0.3553,1.5743,2.0858,12.1673,0.22122363636363634,0.1314,0.8699,1.1908,29,10.6298,0.3665448275862069,0.2882,0.7623,0.895,completed
88,known_visit,CBAA,ideal,1.0,19,361,4,50,multitarget_g19_r4_t50_cbaa_topk075,C:\Users\lottj\Desktop\research\decentralized benchmark\topk_filter_study\results\sensitivity_suite\scenarios\known_targets_g19_t50_n100.csv,02,39,9,2,31,9,8,0,0,0,0.0,0,0,263,80,183,793,0,50,23.3308,0.466616,0.34085,1.7617,2.1076,12.4515,0.24902999999999997,0.13325,0.9922,1.2797,26,10.8793,0.4184346153846154,0.35409999999999997,0.8279,0.8323,completed
88,known_visit,CBAA,ideal,1.0,19,361,4,50,multitarget_g19_r4_t50_cbaa_topk075,C:\Users\lottj\Desktop\research\decentralized benchmark\topk_filter_study\results\sensitivity_suite\scenarios\known_targets_g19_t50_n100.csv,03,40,18,0,41,0,0,0,0,0,0.0,0,0,260,82,178,796,0,44,24.394,0.5544090909090909,0.3942,1.5634,1.9899,12.603,0.2864318181818182,0.14595,0.8598,1.0745,29,11.791,0.4065862068965517,0.3215,0.7882,0.9154,completed
89,known_visit,CBAA,ideal,1.0,19,361,4,50,multitarget_g19_r4_t50_cbaa_topk075,C:\Users\lottj\Desktop\research\decentralized benchmark\topk_filter_study\results\sensitivity_suite\scenarios\known_targets_g19_t50_n100.csv,00,53,14,0,51,3,1,0,0,0,0.0,0,0,309,107,202,895,0,37,20.4867,0.5536945945945946,0.1362,1.9979,2.1077,11.9714,0.3235513513513513,0.1362,1.1432,1.1534,15,8.5153,0.5676866666666667,0.493,0.9645,0.9645,completed
89,known_visit,CBAA,ideal,1.0,19,361,4,50,multitarget_g19_r4_t50_cbaa_topk075,C:\Users\lottj\Desktop\research\decentralized benchmark\topk_filter_study\results\sensitivity_suite\scenarios\known_targets_g19_t50_n100.csv,01,52,10,4,46,7,6,0,0,0,0.0,0,0,319,106,213,883,0,45,28.2897,0.62866,0.4266,1.9889,2.6066,15.051499999999999,0.33447777777777776,0.1503,1.1325,1.1961,25,13.2382,0.529528,0.4805,0.9337,1.4105,completed
89,known_visit,CBAA,ideal,1.0,19,361,4,50,multitarget_g19_r4_t50_cbaa_topk075,C:\Users\lottj\Desktop\research\decentralized benchmark\topk_filter_study\results\sensitivity_suite\scenarios\known_targets_g19_t50_n100.csv,02,44,12,1,43,2,3,3,3,0,0.0,0,0,290,93,197,912,0,63,33.0929,0.525284126984127,0.4424,1.9493,2.3349,16.1476,0.2563111111111111,0.1527,1.0674,1.4388,44,16.9453,0.3851204545454545,0.29785,0.88,1.1757,completed
89,known_visit,CBAA,ideal,1.0,19,361,4,50,multitarget_g19_r4_t50_cbaa_topk075,C:\Users\lottj\Desktop\research\decentralized benchmark\topk_filter_study\results\sensitivity_suite\scenarios\known_targets_g19_t50_n100.csv,03,42,14,0,42,1,1,1,1,0,0.0,0,0,286,87,199,916,0,71,44.4123,0.6255253521126761,0.4608,1.9711,4.6765,20.8741,0.2940014084507042,0.1597,1.072,1.8295,54,23.5382,0.4358925925925926,0.31384999999999996,0.9256,2.847,completed
90,known_visit,CBAA,ideal,1.0,19,361,4,50,multitarget_g19_r4_t50_cbaa_topk075,C:\Users\lottj\Desktop\research\decentralized benchmark\topk_filter_study\results\sensitivity_suite\scenarios\known_targets_g19_t50_n100.csv,00,44,11,0,45,0,1,0,0,0,0.0,0,0,268,89,179,764,0,38,20.8636,0.5490421052631579,0.155,2.1962,2.3039,12.44,0.3273684210526316,0.155,1.2032,1.2469,15,8.4236,0.5615733333333334,0.4815,1.057,1.057,completed
90,known_visit,CBAA,ideal,1.0,19,361,4,50,multitarget_g19_r4_t50_cbaa_topk075,C:\Users\lottj\Desktop\research\decentralized benchmark\topk_filter_study\results\sensitivity_suite\scenarios\known_targets_g19_t50_n100.csv,01,38,12,1,38,1,1,0,0,0,0.0,0,0,256,78,178,774,0,53,29.1026,0.5491056603773584,0.4387,1.8022,2.9984,14.6249,0.2759415094339623,0.1524,0.9696,1.4248,33,14.4777,0.43871818181818184,0.3001,1.1008,1.5736,completed
90,known_visit,CBAA,ideal,1.0,19,361,4,50,multitarget_g19_r4_t50_cbaa_topk075,C:\Users\lottj\Desktop\research\decentralized benchmark\topk_filter_study\results\sensitivity_suite\scenarios\known_targets_g19_t50_n100.csv,02,36,12,1,36,1,1,0,0,0,0.0,0,0,250,74,176,780,0,61,32.9454,0.5400885245901639,0.4415,1.7064,2.2159,16.5249,0.2709,0.1569,0.9267,1.1999,40,16.4205,0.4105125,0.30535,0.9451,1.016,completed
90,known_visit,CBAA,ideal,1.0,19,361,4,50,multitarget_g19_r4_t50_cbaa_topk075,C:\Users\lottj\Desktop\research\decentralized benchmark\topk_filter_study\results\sensitivity_suite\scenarios\known_targets_g19_t50_n100.csv,03,40,15,0,40,1,1,0,0,0,0.0,0,0,258,82,176,772,0,51,26.0232,0.5102588235294118,0.4386,1.6275,2.1866,13.7884,0.27036078431372546,0.1516,0.8792,1.2005,29,12.2348,0.4218896551724138,0.3517,0.7665,0.9861,completed
91,known_visit,CBAA,ideal,1.0,19,361,4,50,multitarget_g19_r4_t50_cbaa_topk075,C:\Users\lottj\Desktop\research\decentralized benchmark\topk_filter_study\results\sensitivity_suite\scenarios\known_targets_g19_t50_n100.csv,00,38,10,0,38,1,2,0,0,0,0.0,0,0,245,78,167,745,0,41,19.8402,0.4839073170731707,0.4159,1.5285,2.017,10.0787,0.2458219512195122,0.1417,0.8588,1.1013,23,9.7615,0.42441304347826087,0.3781,0.7484,0.9157,completed
91,known_visit,CBAA,ideal,1.0,19,361,4,50,multitarget_g19_r4_t50_cbaa_topk075,C:\Users\lottj\Desktop\research\decentralized benchmark\topk_filter_study\results\sensitivity_suite\scenarios\known_targets_g19_t50_n100.csv,01,37,14,1,37,1,1,0,0,0,0.0,0,0,241,77,164,749,0,43,22.7389,0.5288116279069768,0.4257,1.744,2.1575,11.8946,0.2766186046511628,0.1458,0.9763,1.1793,25,10.8443,0.43377200000000005,0.3439,0.7898,0.9782,completed
91,known_visit,CBAA,ideal,1.0,19,361,4,50,multitarget_g19_r4_t50_cbaa_topk075,C:\Users\lottj\Desktop\research\decentralized benchmark\topk_filter_study\results\sensitivity_suite\scenarios\known_targets_g19_t50_n100.csv,02,38,15,1,38,1,1,2,2,0,0.0,0,0,251,80,171,739,0,37,22.5648,0.6098594594594595,0.4658,1.9318,2.0424,12.2432,0.3308972972972973,0.1509,1.0085,1.062,19,10.3216,0.5432421052631579,0.4751,0.9804,0.9804,completed
91,known_visit,CBAA,ideal,1.0,19,361,4,50,multitarget_g19_r4_t50_cbaa_topk075,C:\Users\lottj\Desktop\research\decentralized benchmark\topk_filter_study\results\sensitivity_suite\scenarios\known_targets_g19_t50_n100.csv,03,40,11,0,41,0,4,0,0,0,0.0,0,0,255,81,174,737,0,38,18.7442,0.4932684210526316,0.13665,1.835,2.1127,11.081199999999999,0.29161052631578943,0.13665,1.009,1.1064,15,7.663,0.5108666666666667,0.4372,1.0063,1.0063,completed
92,known_visit,CBAA,ideal,1.0,19,361,4,50,multitarget_g19_r4_t50_cbaa_topk075,C:\Users\lottj\Desktop\research\decentralized benchmark\topk_filter_study\results\sensitivity_suite\scenarios\known_targets_g19_t50_n100.csv,00,37,12,0,36,2,1,0,0,0,0.0,0,0,250,76,174,760,0,42,22.3854,0.5329857142857143,0.2593,1.8875,2.0194,12.7342,0.3031952380952381,0.14475,1.0491,1.1602,21,9.6512,0.45958095238095237,0.3953,0.8384,0.9092,completed
92,known_visit,CBAA,ideal,1.0,19,361,4,50,multitarget_g19_r4_t50_cbaa_topk075,C:\Users\lottj\Desktop\research\decentralized benchmark\topk_filter_study\results\sensitivity_suite\scenarios\known_targets_g19_t50_n100.csv,01,36,13,2,34,3,2,1,1,0,0.0,0,0,248,75,173,762,0,46,28.5973,0.6216804347826087,0.41025,1.9691,2.2063,15.754999999999999,0.34249999999999997,0.15335,1.0973,1.3746,26,12.8423,0.49393461538461536,0.43975,0.9192,1.0586,completed
92,known_visit,CBAA,ideal,1.0,19,361,4,50,multitarget_g19_r4_t50_cbaa_topk075,C:\Users\lottj\Desktop\research\decentralized benchmark\topk_filter_study\results\sensitivity_suite\scenarios\known_targets_g19_t50_n100.csv,02,39,12,0,40,0,0,2,1,1,5.0,1,0,258,82,176,752,0,38,21.2853,0.5601394736842105,0.16935,2.0615,2.1566,12.409,0.32655263157894737,0.15115,1.0904,1.2865,17,8.8763,0.5221352941176471,0.4752,0.9711,0.9711,completed
92,known_visit,CBAA,ideal,1.0,19,361,4,50,multitarget_g19_r4_t50_cbaa_topk075,C:\Users\lottj\Desktop\research\decentralized benchmark\topk_filter_study\results\sensitivity_suite\scenarios\known_targets_g19_t50_n100.csv,03,41,13,0,41,1,3,0,0,0,0.0,0,0,256,83,173,756,0,34,19.7546,0.5810176470588235,0.17135,2.0613,2.1777,11.5373,0.3393323529411765,0.17135,1.1367,1.1846,14,8.2173,0.58695,0.5185500000000001,0.9931,0.9931,completed
93,known_visit,CBAA,ideal,1.0,19,361,4,50,multitarget_g19_r4_t50_cbaa_topk075,C:\Users\lottj\Desktop\research\decentralized benchmark\topk_filter_study\results\sensitivity_suite\scenarios\known_targets_g19_t50_n100.csv,00,41,11,0,41,1,0,0,0,0,0.0,0,0,268,84,184,810,0,53,26.5723,0.5013641509433961,0.3895,1.8585,2.5019,13.6893,0.258288679245283,0.1403,1.0373,1.3099,32,12.883000000000001,0.40259375000000003,0.33240000000000003,0.9388,1.192,completed
93,known_visit,CBAA,ideal,1.0,19,361,4,50,multitarget_g19_r4_t50_cbaa_topk075,C:\Users\lottj\Desktop\research\decentralized benchmark\topk_filter_study\results\sensitivity_suite\scenarios\known_targets_g19_t50_n100.csv,01,40,13,1,37,4,3,0,0,0,0.0,0,0,270,83,187,808,0,56,28.8313,0.5148446428571428,0.40675,1.8735,2.3702,14.6522,0.26164642857142856,0.13915,0.9836,1.3456,36,14.1791,0.3938638888888889,0.31195,0.8899,1.0246,completed
93,known_visit,CBAA,ideal,1.0,19,361,4,50,multitarget_g19_r4_t50_cbaa_topk075,C:\Users\lottj\Desktop\research\decentralized benchmark\topk_filter_study\results\sensitivity_suite\scenarios\known_targets_g19_t50_n100.csv,02,42,11,0,43,0,0,0,0,0,0.0,0,0,268,86,182,810,0,48,19.802599999999998,0.4125541666666666,0.21365,1.6984,1.9056,10.9853,0.22886041666666668,0.1323,0.9065,1.0471,22,8.8173,0.4007863636363636,0.32045,0.7939,0.8585,completed
93,known_visit,CBAA,ideal,1.0,19,361,4,50,multitarget_g19_r4_t50_cbaa_topk075,C:\Users\lottj\Desktop\research\decentralized benchmark\topk_filter_study\results\sensitivity_suite\scenarios\known_targets_g19_t50_n100.csv,03,46,15,0,46,1,1,0,0,0,0.0,0,0,274,93,181,806,0,35,21.2404,0.6068685714285714,0.1404,2.0821,3.2194,11.4352,0.32672,0.1404,1.148,1.2564,16,9.8052,0.612825,0.43784999999999996,1.963,1.963,completed
94,known_visit,CBAA,ideal,1.0,19,361,4,50,multitarget_g19_r4_t50_cbaa_topk075,C:\Users\lottj\Desktop\research\decentralized benchmark\topk_filter_study\results\sensitivity_suite\scenarios\known_targets_g19_t50_n100.csv,00,41,8,1,37,5,4,0,0,0,0.0,0,0,270,84,186,794,0,36,18.1124,0.5031222222222222,0.30845,1.6962,1.8605,9.8699,0.2741638888888889,0.1524,0.9158,1.049,19,8.2425,0.4338157894736842,0.3746,0.8115,0.8115,completed
94,known_visit,CBAA,ideal,1.0,19,361,4,50,multitarget_g19_r4_t50_cbaa_topk075,C:\Users\lottj\Desktop\research\decentralized benchmark\topk_filter_study\results\sensitivity_suite\scenarios\known_targets_g19_t50_n100.csv,01,41,12,1,41,1,1,2,2,0,0.0,0,0,267,87,180,797,0,34,26.1112,0.7679764705882353,0.5625,1.9892,2.0559,14.6486,0.4308411764705882,0.2419,1.0515,1.1914,21,11.4626,0.5458380952380952,0.5374,0.8645,0.9657,completed
94,known_visit,CBAA,ideal,1.0,19,361,4,50,multitarget_g19_r4_t50_cbaa_topk075,C:\Users\lottj\Desktop\research\decentralized benchmark\topk_filter_study\results\sensitivity_suite\scenarios\known_targets_g19_t50_n100.csv,02,43,16,0,44,0,2,0,0,0,0.0,0,0,264,87,177,802,0,34,21.512800000000002,0.632729411764706,0.2284,2.3269,2.3639,12.2584,0.36054117647058825,0.16875,1.2744,1.3865,16,9.2544,0.5784,0.5123,1.0895,1.0895,completed
94,known_visit,CBAA,ideal,1.0,19,361,4,50,multitarget_g19_r4_t50_cbaa_topk075,C:\Users\lottj\Desktop\research\decentralized benchmark\topk_filter_study\results\sensitivity_suite\scenarios\known_targets_g19_t50_n100.csv,03,41,14,0,41,1,0,0,0,0,0.0,0,0,265,84,181,799,0,39,24.5585,0.6297051282051281,0.4638,2.1288,2.1606,13.4781,0.3455923076923077,0.1649,1.1099,1.1741,22,11.0804,0.5036545454545455,0.41900000000000004,0.9547,1.0507,completed
95,known_visit,CBAA,ideal,1.0,19,361,4,50,multitarget_g19_r4_t50_cbaa_topk075,C:\Users\lottj\Desktop\research\decentralized benchmark\topk_filter_study\results\sensitivity_suite\scenarios\known_targets_g19_t50_n100.csv,00,37,10,0,38,0,0,0,0,0,0.0,0,0,249,76,173,770,0,69,31.1574,0.4515565217391304,0.4006,1.4865,2.2294,15.3912,0.2230608695652174,0.1433,0.905,1.4027,46,15.7662,0.34274347826086954,0.29085,0.7571,0.8267,completed
95,known_visit,CBAA,ideal,1.0,19,361,4,50,multitarget_g19_r4_t50_cbaa_topk075,C:\Users\lottj\Desktop\research\decentralized benchmark\topk_filter_study\results\sensitivity_suite\scenarios\known_targets_g19_t50_n100.csv,01,38,12,1,37,2,2,1,1,0,0.0,0,0,251,79,172,768,0,64,30.8714,0.482365625,0.4008,1.6255,2.4438,15.3052,0.23914375,0.1472,0.8731,1.505,42,15.5662,0.3706238095238095,0.29955,0.8455,0.9388,completed
95,known_visit,CBAA,ideal,1.0,19,361,4,50,multitarget_g19_r4_t50_cbaa_topk075,C:\Users\lottj\Desktop\research\decentralized benchmark\topk_filter_study\results\sensitivity_suite\scenarios\known_targets_g19_t50_n100.csv,02,34,9,3,32,3,1,3,3,0,0.0,0,0,245,74,171,774,0,75,34.8418,0.4645573333333333,0.3995,1.6779,2.1096,16.4082,0.218776,0.1448,0.8727,1.1212,53,18.4336,0.3478037735849056,0.2856,0.8268,0.9884,completed
95,known_visit,CBAA,ideal,1.0,19,361,4,50,multitarget_g19_r4_t50_cbaa_topk075,C:\Users\lottj\Desktop\research\decentralized benchmark\topk_filter_study\results\sensitivity_suite\scenarios\known_targets_g19_t50_n100.csv,03,48,19,1,48,1,0,0,0,0,0.0,0,0,276,97,179,745,0,34,24.5848,0.7230823529411765,0.6195999999999999,1.892,1.9637,13.9611,0.4106205882352941,0.23685,1.0669,1.0859,19,10.6237,0.5591421052631579,0.4747,0.8778,0.8778,completed
96,known_visit,CBAA,ideal,1.0,19,361,4,50,multitarget_g19_r4_t50_cbaa_topk075,C:\Users\lottj\Desktop\research\decentralized benchmark\topk_filter_study\results\sensitivity_suite\scenarios\known_targets_g19_t50_n100.csv,00,37,9,0,38,0,2,0,0,0,0.0,0,0,242,76,166,733,0,38,21.4625,0.5648026315789473,0.16525,1.9458,2.1194,11.8757,0.31251842105263156,0.1497,1.0741,1.1424,18,9.5868,0.5326,0.4588,0.977,0.977,completed
96,known_visit,CBAA,ideal,1.0,19,361,4,50,multitarget_g19_r4_t50_cbaa_topk075,C:\Users\lottj\Desktop\research\decentralized benchmark\topk_filter_study\results\sensitivity_suite\scenarios\known_targets_g19_t50_n100.csv,01,37,13,2,36,2,1,0,0,0,0.0,0,0,239,76,163,736,0,37,20.8007,0.562181081081081,0.1677,1.9767,2.1067,11.955,0.3231081081081081,0.1593,1.0759,1.0836,16,8.8457,0.55285625,0.49475,1.0308,1.0308,completed
96,known_visit,CBAA,ideal,1.0,19,361,4,50,multitarget_g19_r4_t50_cbaa_topk075,C:\Users\lottj\Desktop\research\decentralized benchmark\topk_filter_study\results\sensitivity_suite\scenarios\known_targets_g19_t50_n100.csv,02,38,16,0,39,0,0,0,0,0,0.0,0,0,246,77,169,731,0,35,18.8531,0.53866,0.1556,1.933,2.0384,10.913,0.3118,0.1556,1.0172,1.0507,16,7.9401,0.49625625,0.5016,1.0212,1.0212,completed
96,known_visit,CBAA,ideal,1.0,19,361,4,50,multitarget_g19_r4_t50_cbaa_topk075,C:\Users\lottj\Desktop\research\decentralized benchmark\topk_filter_study\results\sensitivity_suite\scenarios\known_targets_g19_t50_n100.csv,03,36,12,0,36,1,4,1,1,0,0.0,0,0,250,75,175,725,0,41,22.2988,0.5438731707317073,0.4228,1.6651,2.1649,12.418,0.3028780487804878,0.1648,0.9226,1.1809,22,9.8808,0.44912727272727276,0.3933,0.8726,0.984,completed
97,known_visit,CBAA,ideal,1.0,19,361,4,50,multitarget_g19_r4_t50_cbaa_topk075,C:\Users\lottj\Desktop\research\decentralized benchmark\topk_filter_study\results\sensitivity_suite\scenarios\known_targets_g19_t50_n100.csv,00,39,10,0,40,0,0,0,0,0,0.0,0,0,253,80,173,762,0,49,22.7574,0.4644367346938776,0.3397,1.8193,2.0676,11.1669,0.22789591836734693,0.137,1.0098,1.1165,28,11.5905,0.4139464285714286,0.2837,0.9511,1.555,completed
97,known_visit,CBAA,ideal,1.0,19,361,4,50,multitarget_g19_r4_t50_cbaa_topk075,C:\Users\lottj\Desktop\research\decentralized benchmark\topk_filter_study\results\sensitivity_suite\scenarios\known_targets_g19_t50_n100.csv,01,44,15,1,42,3,1,0,0,0,0.0,0,0,267,90,177,750,0,34,19.531,0.5744411764705882,0.23374999999999999,1.8765,2.0293,11.3689,0.33437941176470587,0.15795,1.052,1.1194,17,8.1621,0.4801235294117647,0.4076,0.9099,0.9099,completed
97,known_visit,CBAA,ideal,1.0,19,361,4,50,multitarget_g19_r4_t50_cbaa_topk075,C:\Users\lottj\Desktop\research\decentralized benchmark\topk_filter_study\results\sensitivity_suite\scenarios\known_targets_g19_t50_n100.csv,02,37,14,0,37,1,0,0,0,0,0.0,0,0,245,76,169,770,0,52,25.0772,0.4822538461538462,0.42145,1.8515,2.2298,12.4601,0.2396173076923077,0.14084999999999998,1.0373,1.2245,36,12.6171,0.35047500000000004,0.28200000000000003,0.8216,1.0053,completed
97,known_visit,CBAA,ideal,1.0,19,361,4,50,multitarget_g19_r4_t50_cbaa_topk075,C:\Users\lottj\Desktop\research\decentralized benchmark\topk_filter_study\results\sensitivity_suite\scenarios\known_targets_g19_t50_n100.csv,03,36,11,0,37,0,1,1,1,0,0.0,0,0,252,75,177,763,0,54,26.2438,0.4859962962962963,0.4188,1.8823,2.0413,12.9883,0.24052407407407408,0.14235,1.0146,1.0854,36,13.2555,0.3682083333333333,0.28395000000000004,0.8748,0.9559,completed
98,known_visit,CBAA,ideal,1.0,19,361,4,50,multitarget_g19_r4_t50_cbaa_topk075,C:\Users\lottj\Desktop\research\decentralized benchmark\topk_filter_study\results\sensitivity_suite\scenarios\known_targets_g19_t50_n100.csv,00,43,16,0,43,1,2,2,1,1,5.0,1,0,277,89,188,828,0,36,26.4402,0.73445,0.29525,2.345,3.0615,14.7079,0.40855277777777776,0.15849999999999997,1.2105,1.2615,18,11.7323,0.6517944444444445,0.5051,1.8,1.8,completed
98,known_visit,CBAA,ideal,1.0,19,361,4,50,multitarget_g19_r4_t50_cbaa_topk075,C:\Users\lottj\Desktop\research\decentralized benchmark\topk_filter_study\results\sensitivity_suite\scenarios\known_targets_g19_t50_n100.csv,01,42,10,0,43,0,4,1,1,0,0.0,0,0,280,87,193,825,0,42,25.5871,0.6092166666666666,0.34550000000000003,2.0479,3.046,14.2161,0.33847857142857146,0.1483,1.1371,1.3034,21,11.371,0.5414761904761904,0.4777,0.9375,1.7426,completed
98,known_visit,CBAA,ideal,1.0,19,361,4,50,multitarget_g19_r4_t50_cbaa_topk075,C:\Users\lottj\Desktop\research\decentralized benchmark\topk_filter_study\results\sensitivity_suite\scenarios\known_targets_g19_t50_n100.csv,02,43,14,1,43,1,1,0,0,0,0.0,0,0,277,88,189,830,0,36,20.4471,0.567975,0.1447,2.1078,2.4497,12.1862,0.33850555555555556,0.1447,1.226,1.4695,15,8.2609,0.5507266666666666,0.473,0.9802,0.9802,completed
98,known_visit,CBAA,ideal,1.0,19,361,4,50,multitarget_g19_r4_t50_cbaa_topk075,C:\Users\lottj\Desktop\research\decentralized benchmark\topk_filter_study\results\sensitivity_suite\scenarios\known_targets_g19_t50_n100.csv,03,42,10,2,38,5,5,2,2,0,0.0,0,0,273,89,184,832,0,35,18.5688,0.5305371428571428,0.1451,1.9899,2.2018,10.7408,0.30688,0.1451,1.0852,1.1685,15,7.828,0.5218666666666667,0.4402,1.0333,1.0333,completed
99,known_visit,CBAA,ideal,1.0,19,361,4,50,multitarget_g19_r4_t50_cbaa_topk075,C:\Users\lottj\Desktop\research\decentralized benchmark\topk_filter_study\results\sensitivity_suite\scenarios\known_targets_g19_t50_n100.csv,00,33,14,0,34,0,0,1,1,0,0.0,0,0,225,69,156,697,0,48,26.1474,0.5447375,0.44165,1.8503,2.9075,12.7528,0.2656833333333333,0.15295,0.9808,1.2645,29,13.3946,0.46188275862068967,0.3206,0.8259,2.3969,completed
99,known_visit,CBAA,ideal,1.0,19,361,4,50,multitarget_g19_r4_t50_cbaa_topk075,C:\Users\lottj\Desktop\research\decentralized benchmark\topk_filter_study\results\sensitivity_suite\scenarios\known_targets_g19_t50_n100.csv,01,33,12,0,34,0,2,0,0,0,0.0,0,0,224,68,156,698,0,47,24.1911,0.5147042553191489,0.4363,1.6983,1.9489,11.8691,0.2525340425531915,0.1517,0.9053,1.0705,30,12.322000000000001,0.41073333333333334,0.3197,0.8191,0.8819,completed
99,known_visit,CBAA,ideal,1.0,19,361,4,50,multitarget_g19_r4_t50_cbaa_topk075,C:\Users\lottj\Desktop\research\decentralized benchmark\topk_filter_study\results\sensitivity_suite\scenarios\known_targets_g19_t50_n100.csv,02,36,9,4,28,9,7,0,0,0,0.0,0,0,236,74,162,686,0,43,19.9311,0.4635139534883721,0.1699,1.3273,1.828,11.0997,0.2581325581395349,0.1495,0.7671,1.0765,21,8.8314,0.42054285714285716,0.3579,0.6567,0.7515,completed
99,known_visit,CBAA,ideal,1.0,19,361,4,50,multitarget_g19_r4_t50_cbaa_topk075,C:\Users\lottj\Desktop\research\decentralized benchmark\topk_filter_study\results\sensitivity_suite\scenarios\known_targets_g19_t50_n100.csv,03,38,15,0,39,0,0,0,0,0,0.0,0,0,239,77,162,685,0,34,20.5457,0.6042852941176471,0.14255,2.0026,2.1424,11.9932,0.3527411764705882,0.14255,1.1058,1.2088,15,8.5525,0.5701666666666667,0.5664,0.9336,0.9336,completed
