trial_id,logic_revision,study_profile,scenario_file_sha256,scenario_selection_sha256,algorithm,comm_model,comm_level,trial_mode,grid_size,grid_cells,robot_count,top_k_rate,top_k_max_cells,max_candidate_cells,condition_id,scenario_file,host_trial_runtime_ms,robot_id,allocator_calls,allocator_calls_pre_clue,allocator_calls_post_clue,allocator_time_ms_total,allocator_time_ms_mean,allocator_time_ms_median,allocator_time_ms_p95,allocator_time_ms_max,allocator_time_pct,candidate_filter_calls,candidate_filter_time_ms_total,candidate_filter_time_ms_mean,candidate_filter_time_ms_max,allocator_time_ms_pre_clue_total,allocator_time_ms_post_clue_total,allocator_host_runtime_pct,trial_status,target_cells_per_robot,actual_cells_per_robot,failure_type,failure_message
0,dcta_parity_v1,custom,5789862b56c579a63f65129a7c7ce0c99a25e7c55fba998a5a9699fc4a7df60b,03f32103aba060045f2661de3c031f6fbcbc73f46000a9666f166ad349c5805d,DGA,bernoulli,drop_0.25,clue_search,19,361,4,0.25,90,90,comm_g19_r4_bernoulli_drop025_dga_topk025,C:\Users\lottj\Desktop\research\decentralized benchmark\topk_filter_study\results\sensitivity_suite\scenarios\clue_g19_n50.csv,11794.5671,00,17,10,7,1799.9807,105.88121764705883,0.023,717.9838,717.9838,15.261100172129252,3,2.8858,0.9619333333333334,1.0165,0.2474,1799.7333,15.261100172129252,completed,,,,
0,dcta_parity_v1,custom,5789862b56c579a63f65129a7c7ce0c99a25e7c55fba998a5a9699fc4a7df60b,03f32103aba060045f2661de3c031f6fbcbc73f46000a9666f166ad349c5805d,DGA,bernoulli,drop_0.25,clue_search,19,361,4,0.25,90,90,comm_g19_r4_bernoulli_drop025_dga_topk025,C:\Users\lottj\Desktop\research\decentralized benchmark\topk_filter_study\results\sensitivity_suite\scenarios\clue_g19_n50.csv,11794.5671,01,14,9,5,3150.6055,225.04325,0.02345,727.0375,727.0375,26.71234538145957,5,6.1682,1.2336399999999998,1.4061,0.2787,3150.3268,26.71234538145957,completed,,,,
0,dcta_parity_v1,custom,5789862b56c579a63f65129a7c7ce0c99a25e7c55fba998a5a9699fc4a7df60b,03f32103aba060045f2661de3c031f6fbcbc73f46000a9666f166ad349c5805d,DGA,bernoulli,drop_0.25,clue_search,19,361,4,0.25,90,90,comm_g19_r4_bernoulli_drop025_dga_topk025,C:\Users\lottj\Desktop\research\decentralized benchmark\topk_filter_study\results\sensitivity_suite\scenarios\clue_g19_n50.csv,11794.5671,02,19,10,9,3356.2325,176.64381578947368,0.0982,765.3327,765.3327,28.45574976634793,5,7.1334,1.42668,1.5211,0.3348,3355.8977,28.45574976634793,completed,,,,
0,dcta_parity_v1,custom,5789862b56c579a63f65129a7c7ce0c99a25e7c55fba998a5a9699fc4a7df60b,03f32103aba060045f2661de3c031f6fbcbc73f46000a9666f166ad349c5805d,DGA,bernoulli,drop_0.25,clue_search,19,361,4,0.25,90,90,comm_g19_r4_bernoulli_drop025_dga_topk025,C:\Users\lottj\Desktop\research\decentralized benchmark\topk_filter_study\results\sensitivity_suite\scenarios\clue_g19_n50.csv,11794.5671,03,16,7,9,3388.8299,211.80186875,0.3308,674.3369,674.3369,28.73212616680098,6,7.3306000000000004,1.2217666666666667,1.5298,0.19899999999999998,3388.6309,28.73212616680098,completed,,,,
1,dcta_parity_v1,custom,5789862b56c579a63f65129a7c7ce0c99a25e7c55fba998a5a9699fc4a7df60b,03f32103aba060045f2661de3c031f6fbcbc73f46000a9666f166ad349c5805d,DGA,bernoulli,drop_0.25,clue_search,19,361,4,0.25,90,90,comm_g19_r4_bernoulli_drop025_dga_topk025,C:\Users\lottj\Desktop\research\decentralized benchmark\topk_filter_study\results\sensitivity_suite\scenarios\clue_g19_n50.csv,17037.6927,00,36,25,11,5070.8464,140.85684444444445,0.0204,739.0201,771.1327,29.76251825459911,7,8.4504,1.2072,1.317,0.5227,5070.3237,29.76251825459911,completed,,,,
1,dcta_parity_v1,custom,5789862b56c579a63f65129a7c7ce0c99a25e7c55fba998a5a9699fc4a7df60b,03f32103aba060045f2661de3c031f6fbcbc73f46000a9666f166ad349c5805d,DGA,bernoulli,drop_0.25,clue_search,19,361,4,0.25,90,90,comm_g19_r4_bernoulli_drop025_dga_topk025,C:\Users\lottj\Desktop\research\decentralized benchmark\topk_filter_study\results\sensitivity_suite\scenarios\clue_g19_n50.csv,17037.6927,01,30,25,5,1420.8150999999998,47.36050333333333,0.02185,704.9667,714.0006,8.339245959049371,2,2.6257,1.31285,1.3672,0.5792,1420.2359,8.339245959049371,completed,,,,
1,dcta_parity_v1,custom,5789862b56c579a63f65129a7c7ce0c99a25e7c55fba998a5a9699fc4a7df60b,03f32103aba060045f2661de3c031f6fbcbc73f46000a9666f166ad349c5805d,DGA,bernoulli,drop_0.25,clue_search,19,361,4,0.25,90,90,comm_g19_r4_bernoulli_drop025_dga_topk025,C:\Users\lottj\Desktop\research\decentralized benchmark\topk_filter_study\results\sensitivity_suite\scenarios\clue_g19_n50.csv,17037.6927,02,39,25,14,5992.4598,153.65281538461537,0.0222,698.6804,732.2527,35.17178003803296,9,11.135,1.2372222222222222,1.2989,0.6281,5991.8317,35.17178003803296,completed,,,,
1,dcta_parity_v1,custom,5789862b56c579a63f65129a7c7ce0c99a25e7c55fba998a5a9699fc4a7df60b,03f32103aba060045f2661de3c031f6fbcbc73f46000a9666f166ad349c5805d,DGA,bernoulli,drop_0.25,clue_search,19,361,4,0.25,90,90,comm_g19_r4_bernoulli_drop025_dga_topk025,C:\Users\lottj\Desktop\research\decentralized benchmark\topk_filter_study\results\sensitivity_suite\scenarios\clue_g19_n50.csv,17037.6927,03,33,23,10,4326.4423,131.1043121212121,0.0201,740.874,760.9965,25.393357986788903,6,7.4144000000000005,1.2357333333333334,1.4475,0.5565,4325.8858,25.393357986788903,completed,,,,
2,dcta_parity_v1,custom,5789862b56c579a63f65129a7c7ce0c99a25e7c55fba998a5a9699fc4a7df60b,03f32103aba060045f2661de3c031f6fbcbc73f46000a9666f166ad349c5805d,DGA,bernoulli,drop_0.25,clue_search,19,361,4,0.25,90,90,comm_g19_r4_bernoulli_drop025_dga_topk025,C:\Users\lottj\Desktop\research\decentralized benchmark\topk_filter_study\results\sensitivity_suite\scenarios\clue_g19_n50.csv,8.5084,00,3,3,0,0.1241,0.04136666666666667,0.0365,0.0651,0.0651,1.45855860091204,0,0.0,0.0,0.0,0.1241,0.0,1.45855860091204,completed,,,,
2,dcta_parity_v1,custom,5789862b56c579a63f65129a7c7ce0c99a25e7c55fba998a5a9699fc4a7df60b,03f32103aba060045f2661de3c031f6fbcbc73f46000a9666f166ad349c5805d,DGA,bernoulli,drop_0.25,clue_search,19,361,4,0.25,90,90,comm_g19_r4_bernoulli_drop025_dga_topk025,C:\Users\lottj\Desktop\research\decentralized benchmark\topk_filter_study\results\sensitivity_suite\scenarios\clue_g19_n50.csv,8.5084,01,3,3,0,0.1315,0.043833333333333335,0.0283,0.0792,0.0792,1.5455314747778666,0,0.0,0.0,0.0,0.1315,0.0,1.5455314747778666,completed,,,,
2,dcta_parity_v1,custom,5789862b56c579a63f65129a7c7ce0c99a25e7c55fba998a5a9699fc4a7df60b,03f32103aba060045f2661de3c031f6fbcbc73f46000a9666f166ad349c5805d,DGA,bernoulli,drop_0.25,clue_search,19,361,4,0.25,90,90,comm_g19_r4_bernoulli_drop025_dga_topk025,C:\Users\lottj\Desktop\research\decentralized benchmark\topk_filter_study\results\sensitivity_suite\scenarios\clue_g19_n50.csv,8.5084,02,3,3,0,0.1849,0.06163333333333334,0.0408,0.1188,0.1188,2.173146537539373,0,0.0,0.0,0.0,0.1849,0.0,2.173146537539373,completed,,,,
2,dcta_parity_v1,custom,5789862b56c579a63f65129a7c7ce0c99a25e7c55fba998a5a9699fc4a7df60b,03f32103aba060045f2661de3c031f6fbcbc73f46000a9666f166ad349c5805d,DGA,bernoulli,drop_0.25,clue_search,19,361,4,0.25,90,90,comm_g19_r4_bernoulli_drop025_dga_topk025,C:\Users\lottj\Desktop\research\decentralized benchmark\topk_filter_study\results\sensitivity_suite\scenarios\clue_g19_n50.csv,8.5084,03,1,1,0,0.0967,0.0967,0.0967,0.0967,0.0967,1.136523905787222,0,0.0,0.0,0.0,0.0967,0.0,1.136523905787222,completed,,,,
3,dcta_parity_v1,custom,5789862b56c579a63f65129a7c7ce0c99a25e7c55fba998a5a9699fc4a7df60b,03f32103aba060045f2661de3c031f6fbcbc73f46000a9666f166ad349c5805d,DGA,bernoulli,drop_0.25,clue_search,19,361,4,0.25,90,90,comm_g19_r4_bernoulli_drop025_dga_topk025,C:\Users\lottj\Desktop\research\decentralized benchmark\topk_filter_study\results\sensitivity_suite\scenarios\clue_g19_n50.csv,5558.838,00,22,19,3,702.9283,31.951286363636367,0.0186,0.5944,701.5315,12.645238087528366,1,1.3549,1.3549,1.3549,0.3966,702.5317,12.645238087528366,completed,,,,
3,dcta_parity_v1,custom,5789862b56c579a63f65129a7c7ce0c99a25e7c55fba998a5a9699fc4a7df60b,03f32103aba060045f2661de3c031f6fbcbc73f46000a9666f166ad349c5805d,DGA,bernoulli,drop_0.25,clue_search,19,361,4,0.25,90,90,comm_g19_r4_bernoulli_drop025_dga_topk025,C:\Users\lottj\Desktop\research\decentralized benchmark\topk_filter_study\results\sensitivity_suite\scenarios\clue_g19_n50.csv,5558.838,01,22,19,3,702.6871,31.940322727272726,0.0214,0.4279,701.3044,12.640899051204585,1,1.3361,1.3361,1.3361,0.534,702.1531,12.640899051204585,completed,,,,
3,dcta_parity_v1,custom,5789862b56c579a63f65129a7c7ce0c99a25e7c55fba998a5a9699fc4a7df60b,03f32103aba060045f2661de3c031f6fbcbc73f46000a9666f166ad349c5805d,DGA,bernoulli,drop_0.25,clue_search,19,361,4,0.25,90,90,comm_g19_r4_bernoulli_drop025_dga_topk025,C:\Users\lottj\Desktop\research\decentralized benchmark\topk_filter_study\results\sensitivity_suite\scenarios\clue_g19_n50.csv,5558.838,02,22,19,3,2235.4337,101.61062272727273,0.020999999999999998,726.0707,793.2104,40.21404653274659,3,4.1565,1.3855000000000002,1.497,0.4698,2234.9639,40.21404653274659,completed,,,,
3,dcta_parity_v1,custom,5789862b56c579a63f65129a7c7ce0c99a25e7c55fba998a5a9699fc4a7df60b,03f32103aba060045f2661de3c031f6fbcbc73f46000a9666f166ad349c5805d,DGA,bernoulli,drop_0.25,clue_search,19,361,4,0.25,90,90,comm_g19_r4_bernoulli_drop025_dga_topk025,C:\Users\lottj\Desktop\research\decentralized benchmark\topk_filter_study\results\sensitivity_suite\scenarios\clue_g19_n50.csv,5558.838,03,23,16,7,1845.6889,80.24734347826087,0.0182,659.6115,696.4247,33.202782667888506,3,3.4945999999999997,1.1648666666666665,1.3153,0.3543,1845.3346000000001,33.202782667888506,completed,,,,
4,dcta_parity_v1,custom,5789862b56c579a63f65129a7c7ce0c99a25e7c55fba998a5a9699fc4a7df60b,03f32103aba060045f2661de3c031f6fbcbc73f46000a9666f166ad349c5805d,DGA,bernoulli,drop_0.25,clue_search,19,361,4,0.25,90,90,comm_g19_r4_bernoulli_drop025_dga_topk025,C:\Users\lottj\Desktop\research\decentralized benchmark\topk_filter_study\results\sensitivity_suite\scenarios\clue_g19_n50.csv,14351.9584,00,18,10,8,2876.2787,159.7932611111111,0.048,795.6504,795.6504,20.041018931604484,4,5.9803,1.495075,1.5846,0.2853,2875.9934,20.041018931604484,completed,,,,
4,dcta_parity_v1,custom,5789862b56c579a63f65129a7c7ce0c99a25e7c55fba998a5a9699fc4a7df60b,03f32103aba060045f2661de3c031f6fbcbc73f46000a9666f166ad349c5805d,DGA,bernoulli,drop_0.25,clue_search,19,361,4,0.25,90,90,comm_g19_r4_bernoulli_drop025_dga_topk025,C:\Users\lottj\Desktop\research\decentralized benchmark\topk_filter_study\results\sensitivity_suite\scenarios\clue_g19_n50.csv,14351.9584,01,18,10,8,3666.0362,203.6686777777778,0.0529,808.3954,808.3954,25.543804530537102,5,7.7526,1.5505200000000001,1.6365,0.31479999999999997,3665.7214,25.543804530537102,completed,,,,
4,dcta_parity_v1,custom,5789862b56c579a63f65129a7c7ce0c99a25e7c55fba998a5a9699fc4a7df60b,03f32103aba060045f2661de3c031f6fbcbc73f46000a9666f166ad349c5805d,DGA,bernoulli,drop_0.25,clue_search,19,361,4,0.25,90,90,comm_g19_r4_bernoulli_drop025_dga_topk025,C:\Users\lottj\Desktop\research\decentralized benchmark\topk_filter_study\results\sensitivity_suite\scenarios\clue_g19_n50.csv,14351.9584,02,17,10,7,3587.5741,211.03377058823529,0.0303,819.0253,819.0253,24.997104924718844,5,7.631,1.5262,1.8153,0.3699,3587.2042,24.997104924718844,completed,,,,
4,dcta_parity_v1,custom,5789862b56c579a63f65129a7c7ce0c99a25e7c55fba998a5a9699fc4a7df60b,03f32103aba060045f2661de3c031f6fbcbc73f46000a9666f166ad349c5805d,DGA,bernoulli,drop_0.25,clue_search,19,361,4,0.25,90,90,comm_g19_r4_bernoulli_drop025_dga_topk025,C:\Users\lottj\Desktop\research\decentralized benchmark\topk_filter_study\results\sensitivity_suite\scenarios\clue_g19_n50.csv,14351.9584,03,15,7,8,4099.541,273.3027333333333,0.4661,816.965,816.965,28.56433168033709,6,8.6505,1.4417499999999999,1.8011,0.2147,4099.3263,28.56433168033709,completed,,,,
5,dcta_parity_v1,custom,5789862b56c579a63f65129a7c7ce0c99a25e7c55fba998a5a9699fc4a7df60b,03f32103aba060045f2661de3c031f6fbcbc73f46000a9666f166ad349c5805d,DGA,bernoulli,drop_0.25,clue_search,19,361,4,0.25,90,90,comm_g19_r4_bernoulli_drop025_dga_topk025,C:\Users\lottj\Desktop\research\decentralized benchmark\topk_filter_study\results\sensitivity_suite\scenarios\clue_g19_n50.csv,48661.742,00,48,11,37,13271.9346,276.49863750000003,199.46015,696.6618,793.3888,27.273858383450392,24,27.9646,1.1651916666666666,1.6041,0.2484,13271.6862,27.273858383450392,completed,,,,
5,dcta_parity_v1,custom,5789862b56c579a63f65129a7c7ce0c99a25e7c55fba998a5a9699fc4a7df60b,03f32103aba060045f2661de3c031f6fbcbc73f46000a9666f166ad349c5805d,DGA,bernoulli,drop_0.25,clue_search,19,361,4,0.25,90,90,comm_g19_r4_bernoulli_drop025_dga_topk025,C:\Users\lottj\Desktop\research\decentralized benchmark\topk_filter_study\results\sensitivity_suite\scenarios\clue_g19_n50.csv,48661.742,01,51,10,41,13770.8347,270.01636666666667,0.5454,786.4554,795.415,28.299099321187473,23,28.9549,1.2589086956521738,1.6359,0.2607,13770.574,28.299099321187473,completed,,,,
5,dcta_parity_v1,custom,5789862b56c579a63f65129a7c7ce0c99a25e7c55fba998a5a9699fc4a7df60b,03f32103aba060045f2661de3c031f6fbcbc73f46000a9666f166ad349c5805d,DGA,bernoulli,drop_0.25,clue_search,19,361,4,0.25,90,90,comm_g19_r4_bernoulli_drop025_dga_topk025,C:\Users\lottj\Desktop\research\decentralized benchmark\topk_filter_study\results\sensitivity_suite\scenarios\clue_g19_n50.csv,48661.742,02,48,11,37,13679.3729,284.98693541666665,180.09404999999998,775.3151,807.5765,28.11114509628529,24,27.063,1.1276249999999999,1.4734,0.2907,13679.0822,28.11114509628529,completed,,,,
5,dcta_parity_v1,custom,5789862b56c579a63f65129a7c7ce0c99a25e7c55fba998a5a9699fc4a7df60b,03f32103aba060045f2661de3c031f6fbcbc73f46000a9666f166ad349c5805d,DGA,bernoulli,drop_0.25,clue_search,19,361,4,0.25,90,90,comm_g19_r4_bernoulli_drop025_dga_topk025,C:\Users\lottj\Desktop\research\decentralized benchmark\topk_filter_study\results\sensitivity_suite\scenarios\clue_g19_n50.csv,48661.742,03,46,9,37,7519.7312,163.47241739130436,0.52995,722.7008,787.1313,15.453066189040253,13,14.9114,1.1470307692307693,1.57,0.30010000000000003,7519.4311,15.453066189040253,completed,,,,
6,dcta_parity_v1,custom,5789862b56c579a63f65129a7c7ce0c99a25e7c55fba998a5a9699fc4a7df60b,03f32103aba060045f2661de3c031f6fbcbc73f46000a9666f166ad349c5805d,DGA,bernoulli,drop_0.25,clue_search,19,361,4,0.25,90,90,comm_g19_r4_bernoulli_drop025_dga_topk025,C:\Users\lottj\Desktop\research\decentralized benchmark\topk_filter_study\results\sensitivity_suite\scenarios\clue_g19_n50.csv,112316.9028,00,92,2,90,28518.822,309.9871956521739,504.45875,728.2557,795.44,25.39138926469757,51,54.7985,1.0744803921568626,1.6907,0.103,28518.719,25.39138926469757,completed,,,,
6,dcta_parity_v1,custom,5789862b56c579a63f65129a7c7ce0c99a25e7c55fba998a5a9699fc4a7df60b,03f32103aba060045f2661de3c031f6fbcbc73f46000a9666f166ad349c5805d,DGA,bernoulli,drop_0.25,clue_search,19,361,4,0.25,90,90,comm_g19_r4_bernoulli_drop025_dga_topk025,C:\Users\lottj\Desktop\research\decentralized benchmark\topk_filter_study\results\sensitivity_suite\scenarios\clue_g19_n50.csv,112316.9028,01,94,1,93,31704.8963,337.28613085106383,509.62744999999995,687.6966,776.1323,28.228072097443913,58,60.7801,1.0479327586206897,1.6779,0.0687,31704.8276,28.228072097443913,completed,,,,
6,dcta_parity_v1,custom,5789862b56c579a63f65129a7c7ce0c99a25e7c55fba998a5a9699fc4a7df60b,03f32103aba060045f2661de3c031f6fbcbc73f46000a9666f166ad349c5805d,DGA,bernoulli,drop_0.25,clue_search,19,361,4,0.25,90,90,comm_g19_r4_bernoulli_drop025_dga_topk025,C:\Users\lottj\Desktop\research\decentralized benchmark\topk_filter_study\results\sensitivity_suite\scenarios\clue_g19_n50.csv,112316.9028,02,94,2,92,30042.0143,319.59589680851064,506.89745,607.2596,801.7221,26.747545161118882,55,58.1343,1.0569872727272729,1.788,0.15940000000000001,30041.8549,26.747545161118882,completed,,,,
6,dcta_parity_v1,custom,5789862b56c579a63f65129a7c7ce0c99a25e7c55fba998a5a9699fc4a7df60b,03f32103aba060045f2661de3c031f6fbcbc73f46000a9666f166ad349c5805d,DGA,bernoulli,drop_0.25,clue_search,19,361,4,0.25,90,90,comm_g19_r4_bernoulli_drop025_dga_topk025,C:\Users\lottj\Desktop\research\decentralized benchmark\topk_filter_study\results\sensitivity_suite\scenarios\clue_g19_n50.csv,112316.9028,03,79,1,78,21468.8989,271.7582139240506,0.7053,723.5331,785.16,19.114575246282524,39,41.0057,1.0514282051282051,1.6771,0.0724,21468.8265,19.114575246282524,completed,,,,
7,dcta_parity_v1,custom,5789862b56c579a63f65129a7c7ce0c99a25e7c55fba998a5a9699fc4a7df60b,03f32103aba060045f2661de3c031f6fbcbc73f46000a9666f166ad349c5805d,DGA,bernoulli,drop_0.25,clue_search,19,361,4,0.25,90,90,comm_g19_r4_bernoulli_drop025_dga_topk025,C:\Users\lottj\Desktop\research\decentralized benchmark\topk_filter_study\results\sensitivity_suite\scenarios\clue_g19_n50.csv,4047.8118,00,14,13,1,815.0052999999999,58.21466428571428,0.0199,814.6578,814.6578,20.13446623185396,1,1.5115,1.5115,1.5115,0.3475,814.6578,20.13446623185396,completed,,,,
7,dcta_parity_v1,custom,5789862b56c579a63f65129a7c7ce0c99a25e7c55fba998a5a9699fc4a7df60b,03f32103aba060045f2661de3c031f6fbcbc73f46000a9666f166ad349c5805d,DGA,bernoulli,drop_0.25,clue_search,19,361,4,0.25,90,90,comm_g19_r4_bernoulli_drop025_dga_topk025,C:\Users\lottj\Desktop\research\decentralized benchmark\topk_filter_study\results\sensitivity_suite\scenarios\clue_g19_n50.csv,4047.8118,01,14,12,2,763.248,54.51771428571429,0.0234,762.3935,762.3935,18.85581735791175,1,1.4859,1.4859,1.4859,0.3519,762.8961,18.85581735791175,completed,,,,
7,dcta_parity_v1,custom,5789862b56c579a63f65129a7c7ce0c99a25e7c55fba998a5a9699fc4a7df60b,03f32103aba060045f2661de3c031f6fbcbc73f46000a9666f166ad349c5805d,DGA,bernoulli,drop_0.25,clue_search,19,361,4,0.25,90,90,comm_g19_r4_bernoulli_drop025_dga_topk025,C:\Users\lottj\Desktop\research\decentralized benchmark\topk_filter_study\results\sensitivity_suite\scenarios\clue_g19_n50.csv,4047.8118,02,16,13,3,873.3208,54.58255,0.0246,871.9565,871.9565,21.575133507936314,1,1.6783,1.6783,1.6783,0.3413,872.9795,21.575133507936314,completed,,,,
7,dcta_parity_v1,custom,5789862b56c579a63f65129a7c7ce0c99a25e7c55fba998a5a9699fc4a7df60b,03f32103aba060045f2661de3c031f6fbcbc73f46000a9666f166ad349c5805d,DGA,bernoulli,drop_0.25,clue_search,19,361,4,0.25,90,90,comm_g19_r4_bernoulli_drop025_dga_topk025,C:\Users\lottj\Desktop\research\decentralized benchmark\topk_filter_study\results\sensitivity_suite\scenarios\clue_g19_n50.csv,4047.8118,03,13,10,3,1545.9272,118.91747692307693,0.0249,789.7861,789.7861,38.19167679683132,2,3.4017,1.70085,1.8154,0.256,1545.6712,38.19167679683132,completed,,,,
8,dcta_parity_v1,custom,5789862b56c579a63f65129a7c7ce0c99a25e7c55fba998a5a9699fc4a7df60b,03f32103aba060045f2661de3c031f6fbcbc73f46000a9666f166ad349c5805d,DGA,bernoulli,drop_0.25,clue_search,19,361,4,0.25,90,90,comm_g19_r4_bernoulli_drop025_dga_topk025,C:\Users\lottj\Desktop\research\decentralized benchmark\topk_filter_study\results\sensitivity_suite\scenarios\clue_g19_n50.csv,273356.2228,00,273,13,260,79743.1598,292.09948644688643,384.3824,611.3696,871.3916,29.17188384562358,150,153.9738,1.0264920000000002,1.7327,0.3845,79742.7753,29.17188384562358,completed,,,,
8,dcta_parity_v1,custom,5789862b56c579a63f65129a7c7ce0c99a25e7c55fba998a5a9699fc4a7df60b,03f32103aba060045f2661de3c031f6fbcbc73f46000a9666f166ad349c5805d,DGA,bernoulli,drop_0.25,clue_search,19,361,4,0.25,90,90,comm_g19_r4_bernoulli_drop025_dga_topk025,C:\Users\lottj\Desktop\research\decentralized benchmark\topk_filter_study\results\sensitivity_suite\scenarios\clue_g19_n50.csv,273356.2228,01,258,12,246,69394.7386,268.97185503875966,188.71044999999998,612.6892,887.6419,25.386193110654876,130,134.8032,1.0369476923076923,1.6283,0.347,69394.3916,25.386193110654876,completed,,,,
8,dcta_parity_v1,custom,5789862b56c579a63f65129a7c7ce0c99a25e7c55fba998a5a9699fc4a7df60b,03f32103aba060045f2661de3c031f6fbcbc73f46000a9666f166ad349c5805d,DGA,bernoulli,drop_0.25,clue_search,19,361,4,0.25,90,90,comm_g19_r4_bernoulli_drop025_dga_topk025,C:\Users\lottj\Desktop\research\decentralized benchmark\topk_filter_study\results\sensitivity_suite\scenarios\clue_g19_n50.csv,273356.2228,02,229,12,217,40007.8048,174.7065711790393,0.5922,599.3523,871.8386,14.63577612764702,78,70.5425,0.9043910256410257,1.5966,0.3467,40007.4581,14.63577612764702,completed,,,,
8,dcta_parity_v1,custom,5789862b56c579a63f65129a7c7ce0c99a25e7c55fba998a5a9699fc4a7df60b,03f32103aba060045f2661de3c031f6fbcbc73f46000a9666f166ad349c5805d,DGA,bernoulli,drop_0.25,clue_search,19,361,4,0.25,90,90,comm_g19_r4_bernoulli_drop025_dga_topk025,C:\Users\lottj\Desktop\research\decentralized benchmark\topk_filter_study\results\sensitivity_suite\scenarios\clue_g19_n50.csv,273356.2228,03,284,10,274,83459.4219,293.87120387323944,423.3937,614.7488,871.9472,30.53137808428922,155,157.1525,1.0138870967741935,1.6906,0.2928,83459.1291,30.53137808428922,completed,,,,
9,dcta_parity_v1,custom,5789862b56c579a63f65129a7c7ce0c99a25e7c55fba998a5a9699fc4a7df60b,03f32103aba060045f2661de3c031f6fbcbc73f46000a9666f166ad349c5805d,DGA,bernoulli,drop_0.25,clue_search,19,361,4,0.25,90,90,comm_g19_r4_bernoulli_drop025_dga_topk025,C:\Users\lottj\Desktop\research\decentralized benchmark\topk_filter_study\results\sensitivity_suite\scenarios\clue_g19_n50.csv,101537.5107,00,100,7,93,23437.421,234.37420999999998,0.59905,636.4768,783.2907,23.08252471271191,40,42.0217,1.0505425000000002,1.87,0.2041,23437.2169,23.08252471271191,completed,,,,
9,dcta_parity_v1,custom,5789862b56c579a63f65129a7c7ce0c99a25e7c55fba998a5a9699fc4a7df60b,03f32103aba060045f2661de3c031f6fbcbc73f46000a9666f166ad349c5805d,DGA,bernoulli,drop_0.25,clue_search,19,361,4,0.25,90,90,comm_g19_r4_bernoulli_drop025_dga_topk025,C:\Users\lottj\Desktop\research\decentralized benchmark\topk_filter_study\results\sensitivity_suite\scenarios\clue_g19_n50.csv,101537.5107,01,83,7,76,23832.6571,287.1404469879518,458.6458,618.4548,814.2702,23.47177603202754,42,43.8361,1.0437166666666666,1.9826,0.2197,23832.4374,23.47177603202754,completed,,,,
9,dcta_parity_v1,custom,5789862b56c579a63f65129a7c7ce0c99a25e7c55fba998a5a9699fc4a7df60b,03f32103aba060045f2661de3c031f6fbcbc73f46000a9666f166ad349c5805d,DGA,bernoulli,drop_0.25,clue_search,19,361,4,0.25,90,90,comm_g19_r4_bernoulli_drop025_dga_topk025,C:\Users\lottj\Desktop\research\decentralized benchmark\topk_filter_study\results\sensitivity_suite\scenarios\clue_g19_n50.csv,101537.5107,02,103,7,96,32001.1694,310.69096504854366,521.4041,640.2873,900.5015,31.516598328424454,55,57.2514,1.0409345454545453,1.7488,0.2557,32000.9137,31.516598328424454,completed,,,,
9,dcta_parity_v1,custom,5789862b56c579a63f65129a7c7ce0c99a25e7c55fba998a5a9699fc4a7df60b,03f32103aba060045f2661de3c031f6fbcbc73f46000a9666f166ad349c5805d,DGA,bernoulli,drop_0.25,clue_search,19,361,4,0.25,90,90,comm_g19_r4_bernoulli_drop025_dga_topk025,C:\Users\lottj\Desktop\research\decentralized benchmark\topk_filter_study\results\sensitivity_suite\scenarios\clue_g19_n50.csv,101537.5107,03,80,5,75,21645.9994,270.5749925,0.5990500000000001,672.5655,806.817,21.31822934280385,37,38.5052,1.0406810810810811,1.8264,0.1528,21645.8466,21.31822934280385,completed,,,,
10,dcta_parity_v1,custom,5789862b56c579a63f65129a7c7ce0c99a25e7c55fba998a5a9699fc4a7df60b,03f32103aba060045f2661de3c031f6fbcbc73f46000a9666f166ad349c5805d,DGA,bernoulli,drop_0.25,clue_search,19,361,4,0.25,90,90,comm_g19_r4_bernoulli_drop025_dga_topk025,C:\Users\lottj\Desktop\research\decentralized benchmark\topk_filter_study\results\sensitivity_suite\scenarios\clue_g19_n50.csv,82461.9403,00,73,11,62,25125.2305,344.1812397260274,529.0407,759.3957,810.6212,30.468881048145796,44,48.8039,1.1091795454545454,1.5415,0.3478,25124.882700000002,30.468881048145796,completed,,,,
10,dcta_parity_v1,custom,5789862b56c579a63f65129a7c7ce0c99a25e7c55fba998a5a9699fc4a7df60b,03f32103aba060045f2661de3c031f6fbcbc73f46000a9666f166ad349c5805d,DGA,bernoulli,drop_0.25,clue_search,19,361,4,0.25,90,90,comm_g19_r4_bernoulli_drop025_dga_topk025,C:\Users\lottj\Desktop\research\decentralized benchmark\topk_filter_study\results\sensitivity_suite\scenarios\clue_g19_n50.csv,82461.9403,01,64,10,54,21419.6199,334.6815609375,535.4929500000001,711.5819,766.9928,25.975158748477813,36,42.0638,1.1684388888888888,1.5248,0.284,21419.3359,25.975158748477813,completed,,,,
10,dcta_parity_v1,custom,5789862b56c579a63f65129a7c7ce0c99a25e7c55fba998a5a9699fc4a7df60b,03f32103aba060045f2661de3c031f6fbcbc73f46000a9666f166ad349c5805d,DGA,bernoulli,drop_0.25,clue_search,19,361,4,0.25,90,90,comm_g19_r4_bernoulli_drop025_dga_topk025,C:\Users\lottj\Desktop\research\decentralized benchmark\topk_filter_study\results\sensitivity_suite\scenarios\clue_g19_n50.csv,82461.9403,02,75,11,64,16034.7617,213.79682266666666,0.568,668.8541,808.1919,19.445045364764475,28,30.372,1.0847142857142857,1.826,0.29810000000000003,16034.4636,19.445045364764475,completed,,,,
10,dcta_parity_v1,custom,5789862b56c579a63f65129a7c7ce0c99a25e7c55fba998a5a9699fc4a7df60b,03f32103aba060045f2661de3c031f6fbcbc73f46000a9666f166ad349c5805d,DGA,bernoulli,drop_0.25,clue_search,19,361,4,0.25,90,90,comm_g19_r4_bernoulli_drop025_dga_topk025,C:\Users\lottj\Desktop\research\decentralized benchmark\topk_filter_study\results\sensitivity_suite\scenarios\clue_g19_n50.csv,82461.9403,03,76,9,67,19393.0629,255.1718802631579,0.6026,709.6623,833.0809,23.51759227280758,33,37.5072,1.1365818181818181,1.7422,0.2507,19392.8122,23.51759227280758,completed,,,,
11,dcta_parity_v1,custom,5789862b56c579a63f65129a7c7ce0c99a25e7c55fba998a5a9699fc4a7df60b,03f32103aba060045f2661de3c031f6fbcbc73f46000a9666f166ad349c5805d,DGA,bernoulli,drop_0.25,clue_search,19,361,4,0.25,90,90,comm_g19_r4_bernoulli_drop025_dga_topk025,C:\Users\lottj\Desktop\research\decentralized benchmark\topk_filter_study\results\sensitivity_suite\scenarios\clue_g19_n50.csv,45343.4115,00,77,50,27,10001.0417,129.88365844155845,0.0243,780.6642,805.2418,22.05621802408934,17,11.8913,0.6994882352941176,1.0887,1.1705,9999.8712,22.05621802408934,completed,,,,
11,dcta_parity_v1,custom,5789862b56c579a63f65129a7c7ce0c99a25e7c55fba998a5a9699fc4a7df60b,03f32103aba060045f2661de3c031f6fbcbc73f46000a9666f166ad349c5805d,DGA,bernoulli,drop_0.25,clue_search,19,361,4,0.25,90,90,comm_g19_r4_bernoulli_drop025_dga_topk025,C:\Users\lottj\Desktop\research\decentralized benchmark\topk_filter_study\results\sensitivity_suite\scenarios\clue_g19_n50.csv,45343.4115,01,86,50,36,11156.1452,129.72261860465116,0.025750000000000002,783.724,811.0516,24.60367411922678,19,13.4949,0.7102578947368421,1.1866,1.2574,11154.8878,24.60367411922678,completed,,,,
11,dcta_parity_v1,custom,5789862b56c579a63f65129a7c7ce0c99a25e7c55fba998a5a9699fc4a7df60b,03f32103aba060045f2661de3c031f6fbcbc73f46000a9666f166ad349c5805d,DGA,bernoulli,drop_0.25,clue_search,19,361,4,0.25,90,90,comm_g19_r4_bernoulli_drop025_dga_topk025,C:\Users\lottj\Desktop\research\decentralized benchmark\topk_filter_study\results\sensitivity_suite\scenarios\clue_g19_n50.csv,45343.4115,02,86,51,35,10527.221,122.40954651162791,0.027549999999999998,645.5651,810.6671,23.216649677980225,18,12.6837,0.70465,1.1179,1.3265,10525.8945,23.216649677980225,completed,,,,
11,dcta_parity_v1,custom,5789862b56c579a63f65129a7c7ce0c99a25e7c55fba998a5a9699fc4a7df60b,03f32103aba060045f2661de3c031f6fbcbc73f46000a9666f166ad349c5805d,DGA,bernoulli,drop_0.25,clue_search,19,361,4,0.25,90,90,comm_g19_r4_bernoulli_drop025_dga_topk025,C:\Users\lottj\Desktop\research\decentralized benchmark\topk_filter_study\results\sensitivity_suite\scenarios\clue_g19_n50.csv,45343.4115,03,90,48,42,13252.1988,147.24665333333334,0.02615,746.1144,821.2992,29.226294100081113,22,17.4827,0.7946681818181819,1.0696,1.1661,13251.0327,29.226294100081113,completed,,,,
12,dcta_parity_v1,custom,5789862b56c579a63f65129a7c7ce0c99a25e7c55fba998a5a9699fc4a7df60b,03f32103aba060045f2661de3c031f6fbcbc73f46000a9666f166ad349c5805d,DGA,bernoulli,drop_0.25,clue_search,19,361,4,0.25,90,90,comm_g19_r4_bernoulli_drop025_dga_topk025,C:\Users\lottj\Desktop\research\decentralized benchmark\topk_filter_study\results\sensitivity_suite\scenarios\clue_g19_n50.csv,8191.6378,00,24,20,4,2254.0069,93.91695416666666,0.0241,732.6229,789.2078,27.51594925254141,3,4.1742,1.3914,1.5519,0.5246999999999999,2253.4822,27.51594925254141,completed,,,,
12,dcta_parity_v1,custom,5789862b56c579a63f65129a7c7ce0c99a25e7c55fba998a5a9699fc4a7df60b,03f32103aba060045f2661de3c031f6fbcbc73f46000a9666f166ad349c5805d,DGA,bernoulli,drop_0.25,clue_search,19,361,4,0.25,90,90,comm_g19_r4_bernoulli_drop025_dga_topk025,C:\Users\lottj\Desktop\research\decentralized benchmark\topk_filter_study\results\sensitivity_suite\scenarios\clue_g19_n50.csv,8191.6378,01,25,20,5,2165.1920999999998,86.60768399999999,0.0257,749.9653,754.6501,26.43173627623037,3,3.6824000000000003,1.2274666666666667,1.379,0.5534,2164.6387,26.43173627623037,completed,,,,
12,dcta_parity_v1,custom,5789862b56c579a63f65129a7c7ce0c99a25e7c55fba998a5a9699fc4a7df60b,03f32103aba060045f2661de3c031f6fbcbc73f46000a9666f166ad349c5805d,DGA,bernoulli,drop_0.25,clue_search,19,361,4,0.25,90,90,comm_g19_r4_bernoulli_drop025_dga_topk025,C:\Users\lottj\Desktop\research\decentralized benchmark\topk_filter_study\results\sensitivity_suite\scenarios\clue_g19_n50.csv,8191.6378,02,23,20,3,1486.7193,64.63996956521738,0.0253,712.779,772.8815,18.14923140278492,2,2.86,1.43,1.4598,0.6149,1486.1044,18.14923140278492,completed,,,,
12,dcta_parity_v1,custom,5789862b56c579a63f65129a7c7ce0c99a25e7c55fba998a5a9699fc4a7df60b,03f32103aba060045f2661de3c031f6fbcbc73f46000a9666f166ad349c5805d,DGA,bernoulli,drop_0.25,clue_search,19,361,4,0.25,90,90,comm_g19_r4_bernoulli_drop025_dga_topk025,C:\Users\lottj\Desktop\research\decentralized benchmark\topk_filter_study\results\sensitivity_suite\scenarios\clue_g19_n50.csv,8191.6378,03,21,18,3,2201.3256,104.82502857142858,0.023,746.747,789.8951,26.872838542739277,3,4.2865,1.4288333333333334,1.5267,0.4697,2200.8559,26.872838542739277,completed,,,,
13,dcta_parity_v1,custom,5789862b56c579a63f65129a7c7ce0c99a25e7c55fba998a5a9699fc4a7df60b,03f32103aba060045f2661de3c031f6fbcbc73f46000a9666f166ad349c5805d,DGA,bernoulli,drop_0.25,clue_search,19,361,4,0.25,90,90,comm_g19_r4_bernoulli_drop025_dga_topk025,C:\Users\lottj\Desktop\research\decentralized benchmark\topk_filter_study\results\sensitivity_suite\scenarios\clue_g19_n50.csv,15.6339,00,7,7,0,0.1991,0.02844285714285714,0.0212,0.0757,0.0757,1.2735146060803766,0,0.0,0.0,0.0,0.1991,0.0,1.2735146060803766,completed,,,,
13,dcta_parity_v1,custom,5789862b56c579a63f65129a7c7ce0c99a25e7c55fba998a5a9699fc4a7df60b,03f32103aba060045f2661de3c031f6fbcbc73f46000a9666f166ad349c5805d,DGA,bernoulli,drop_0.25,clue_search,19,361,4,0.25,90,90,comm_g19_r4_bernoulli_drop025_dga_topk025,C:\Users\lottj\Desktop\research\decentralized benchmark\topk_filter_study\results\sensitivity_suite\scenarios\clue_g19_n50.csv,15.6339,01,6,6,0,0.1968,0.0328,0.0247,0.0737,0.0737,1.2588029858192773,0,0.0,0.0,0.0,0.1968,0.0,1.2588029858192773,completed,,,,
13,dcta_parity_v1,custom,5789862b56c579a63f65129a7c7ce0c99a25e7c55fba998a5a9699fc4a7df60b,03f32103aba060045f2661de3c031f6fbcbc73f46000a9666f166ad349c5805d,DGA,bernoulli,drop_0.25,clue_search,19,361,4,0.25,90,90,comm_g19_r4_bernoulli_drop025_dga_topk025,C:\Users\lottj\Desktop\research\decentralized benchmark\topk_filter_study\results\sensitivity_suite\scenarios\clue_g19_n50.csv,15.6339,02,7,7,0,0.27149999999999996,0.03878571428571428,0.0224,0.1289,0.1289,1.7366108264732405,0,0.0,0.0,0.0,0.27149999999999996,0.0,1.7366108264732405,completed,,,,
13,dcta_parity_v1,custom,5789862b56c579a63f65129a7c7ce0c99a25e7c55fba998a5a9699fc4a7df60b,03f32103aba060045f2661de3c031f6fbcbc73f46000a9666f166ad349c5805d,DGA,bernoulli,drop_0.25,clue_search,19,361,4,0.25,90,90,comm_g19_r4_bernoulli_drop025_dga_topk025,C:\Users\lottj\Desktop\research\decentralized benchmark\topk_filter_study\results\sensitivity_suite\scenarios\clue_g19_n50.csv,15.6339,03,5,5,0,0.1527,0.03054,0.0205,0.0713,0.0713,0.9767236582042867,0,0.0,0.0,0.0,0.1527,0.0,0.9767236582042867,completed,,,,
14,dcta_parity_v1,custom,5789862b56c579a63f65129a7c7ce0c99a25e7c55fba998a5a9699fc4a7df60b,03f32103aba060045f2661de3c031f6fbcbc73f46000a9666f166ad349c5805d,DGA,bernoulli,drop_0.25,clue_search,19,361,4,0.25,90,90,comm_g19_r4_bernoulli_drop025_dga_topk025,C:\Users\lottj\Desktop\research\decentralized benchmark\topk_filter_study\results\sensitivity_suite\scenarios\clue_g19_n50.csv,100183.8822,00,93,7,86,29516.407,317.38072043010754,528.8198,636.2764,770.4401,29.462231201098334,51,56.3268,1.1044470588235293,1.7614,0.1898,29516.2172,29.462231201098334,completed,,,,
14,dcta_parity_v1,custom,5789862b56c579a63f65129a7c7ce0c99a25e7c55fba998a5a9699fc4a7df60b,03f32103aba060045f2661de3c031f6fbcbc73f46000a9666f166ad349c5805d,DGA,bernoulli,drop_0.25,clue_search,19,361,4,0.25,90,90,comm_g19_r4_bernoulli_drop025_dga_topk025,C:\Users\lottj\Desktop\research\decentralized benchmark\topk_filter_study\results\sensitivity_suite\scenarios\clue_g19_n50.csv,100183.8822,01,70,6,64,24085.1732,344.07390285714285,531.2728500000001,722.2129,765.4071,24.040966142555817,40,44.0725,1.1018124999999999,1.6359,0.2576,24084.9156,24.040966142555817,completed,,,,
14,dcta_parity_v1,custom,5789862b56c579a63f65129a7c7ce0c99a25e7c55fba998a5a9699fc4a7df60b,03f32103aba060045f2661de3c031f6fbcbc73f46000a9666f166ad349c5805d,DGA,bernoulli,drop_0.25,clue_search,19,361,4,0.25,90,90,comm_g19_r4_bernoulli_drop025_dga_topk025,C:\Users\lottj\Desktop\research\decentralized benchmark\topk_filter_study\results\sensitivity_suite\scenarios\clue_g19_n50.csv,100183.8822,02,79,7,72,24545.734,310.7054936708861,523.4016,703.9102,821.1373,24.500681607644868,42,47.9354,1.1413190476190476,1.8866,0.2146,24545.5194,24.500681607644868,completed,,,,
14,dcta_parity_v1,custom,5789862b56c579a63f65129a7c7ce0c99a25e7c55fba998a5a9699fc4a7df60b,03f32103aba060045f2661de3c031f6fbcbc73f46000a9666f166ad349c5805d,DGA,bernoulli,drop_0.25,clue_search,19,361,4,0.25,90,90,comm_g19_r4_bernoulli_drop025_dga_topk025,C:\Users\lottj\Desktop\research\decentralized benchmark\topk_filter_study\results\sensitivity_suite\scenarios\clue_g19_n50.csv,100183.8822,03,79,4,75,21530.3769,272.5364164556962,0.6567,719.8462,791.1439,21.49085903560643,36,42.0804,1.1688999999999998,1.6522,0.1312,21530.2457,21.49085903560643,completed,,,,
15,dcta_parity_v1,custom,5789862b56c579a63f65129a7c7ce0c99a25e7c55fba998a5a9699fc4a7df60b,03f32103aba060045f2661de3c031f6fbcbc73f46000a9666f166ad349c5805d,DGA,bernoulli,drop_0.25,clue_search,19,361,4,0.25,90,90,comm_g19_r4_bernoulli_drop025_dga_topk025,C:\Users\lottj\Desktop\research\decentralized benchmark\topk_filter_study\results\sensitivity_suite\scenarios\clue_g19_n50.csv,39892.0462,00,69,31,38,11070.6393,160.44404782608697,0.4773,617.7942,749.9504,27.75149523415523,19,21.246000000000002,1.1182105263157895,1.4552,0.8911,11069.7482,27.75149523415523,completed,,,,
15,dcta_parity_v1,custom,5789862b56c579a63f65129a7c7ce0c99a25e7c55fba998a5a9699fc4a7df60b,03f32103aba060045f2661de3c031f6fbcbc73f46000a9666f166ad349c5805d,DGA,bernoulli,drop_0.25,clue_search,19,361,4,0.25,90,90,comm_g19_r4_bernoulli_drop025_dga_topk025,C:\Users\lottj\Desktop\research\decentralized benchmark\topk_filter_study\results\sensitivity_suite\scenarios\clue_g19_n50.csv,39892.0462,01,57,31,26,8576.7468,150.46924210526316,0.0292,733.1235,772.1454,21.499891875689247,14,16.102800000000002,1.1502000000000001,1.4365,0.7605,8575.9863,21.499891875689247,completed,,,,
15,dcta_parity_v1,custom,5789862b56c579a63f65129a7c7ce0c99a25e7c55fba998a5a9699fc4a7df60b,03f32103aba060045f2661de3c031f6fbcbc73f46000a9666f166ad349c5805d,DGA,bernoulli,drop_0.25,clue_search,19,361,4,0.25,90,90,comm_g19_r4_bernoulli_drop025_dga_topk025,C:\Users\lottj\Desktop\research\decentralized benchmark\topk_filter_study\results\sensitivity_suite\scenarios\clue_g19_n50.csv,39892.0462,02,62,31,31,11511.3211,185.6664693548387,0.26084999999999997,631.255,748.2568,28.856181110108107,19,22.4238,1.1802,1.3121,0.7736,11510.5475,28.856181110108107,completed,,,,
15,dcta_parity_v1,custom,5789862b56c579a63f65129a7c7ce0c99a25e7c55fba998a5a9699fc4a7df60b,03f32103aba060045f2661de3c031f6fbcbc73f46000a9666f166ad349c5805d,DGA,bernoulli,drop_0.25,clue_search,19,361,4,0.25,90,90,comm_g19_r4_bernoulli_drop025_dga_topk025,C:\Users\lottj\Desktop\research\decentralized benchmark\topk_filter_study\results\sensitivity_suite\scenarios\clue_g19_n50.csv,39892.0462,03,57,29,28,8449.7787,148.2417315789474,0.0909,707.9168,746.371,21.18161263936369,14,15.6053,1.1146642857142857,1.3863,0.6621,8449.1166,21.18161263936369,completed,,,,
16,dcta_parity_v1,custom,5789862b56c579a63f65129a7c7ce0c99a25e7c55fba998a5a9699fc4a7df60b,03f32103aba060045f2661de3c031f6fbcbc73f46000a9666f166ad349c5805d,DGA,bernoulli,drop_0.25,clue_search,19,361,4,0.25,90,90,comm_g19_r4_bernoulli_drop025_dga_topk025,C:\Users\lottj\Desktop\research\decentralized benchmark\topk_filter_study\results\sensitivity_suite\scenarios\clue_g19_n50.csv,79495.1015,00,62,6,56,19064.5974,307.49350645161286,505.41735,722.7504,834.9661,23.982103350103902,32,33.1734,1.03666875,1.7167,0.1925,19064.4049,23.982103350103902,completed,,,,
16,dcta_parity_v1,custom,5789862b56c579a63f65129a7c7ce0c99a25e7c55fba998a5a9699fc4a7df60b,03f32103aba060045f2661de3c031f6fbcbc73f46000a9666f166ad349c5805d,DGA,bernoulli,drop_0.25,clue_search,19,361,4,0.25,90,90,comm_g19_r4_bernoulli_drop025_dga_topk025,C:\Users\lottj\Desktop\research\decentralized benchmark\topk_filter_study\results\sensitivity_suite\scenarios\clue_g19_n50.csv,79495.1015,01,74,6,68,22674.5989,306.41349864864867,491.6336,754.2416,848.5096,28.523265549890517,38,45.648,1.201263157894737,1.6897,0.2371,22674.3618,28.523265549890517,completed,,,,
16,dcta_parity_v1,custom,5789862b56c579a63f65129a7c7ce0c99a25e7c55fba998a5a9699fc4a7df60b,03f32103aba060045f2661de3c031f6fbcbc73f46000a9666f166ad349c5805d,DGA,bernoulli,drop_0.25,clue_search,19,361,4,0.25,90,90,comm_g19_r4_bernoulli_drop025_dga_topk025,C:\Users\lottj\Desktop\research\decentralized benchmark\topk_filter_study\results\sensitivity_suite\scenarios\clue_g19_n50.csv,79495.1015,02,62,7,55,16729.9834,269.8384419354839,0.6082000000000001,798.0014,821.0094,21.04530101140886,27,28.1723,1.0434185185185185,1.7297,0.2585,16729.7249,21.04530101140886,completed,,,,
16,dcta_parity_v1,custom,5789862b56c579a63f65129a7c7ce0c99a25e7c55fba998a5a9699fc4a7df60b,03f32103aba060045f2661de3c031f6fbcbc73f46000a9666f166ad349c5805d,DGA,bernoulli,drop_0.25,clue_search,19,361,4,0.25,90,90,comm_g19_r4_bernoulli_drop025_dga_topk025,C:\Users\lottj\Desktop\research\decentralized benchmark\topk_filter_study\results\sensitivity_suite\scenarios\clue_g19_n50.csv,79495.1015,03,62,4,58,20521.5124,330.992135483871,529.5821000000001,703.9482,808.0037,25.81481375931069,34,35.2111,1.0356205882352942,1.9621,0.1489,20521.3635,25.81481375931069,completed,,,,
17,dcta_parity_v1,custom,5789862b56c579a63f65129a7c7ce0c99a25e7c55fba998a5a9699fc4a7df60b,03f32103aba060045f2661de3c031f6fbcbc73f46000a9666f166ad349c5805d,DGA,bernoulli,drop_0.25,clue_search,19,361,4,0.25,90,90,comm_g19_r4_bernoulli_drop025_dga_topk025,C:\Users\lottj\Desktop\research\decentralized benchmark\topk_filter_study\results\sensitivity_suite\scenarios\clue_g19_n50.csv,3.1113,00,1,1,0,0.0763,0.0763,0.0763,0.0763,0.0763,2.4523511072542026,0,0.0,0.0,0.0,0.0763,0.0,2.4523511072542026,completed,,,,
17,dcta_parity_v1,custom,5789862b56c579a63f65129a7c7ce0c99a25e7c55fba998a5a9699fc4a7df60b,03f32103aba060045f2661de3c031f6fbcbc73f46000a9666f166ad349c5805d,DGA,bernoulli,drop_0.25,clue_search,19,361,4,0.25,90,90,comm_g19_r4_bernoulli_drop025_dga_topk025,C:\Users\lottj\Desktop\research\decentralized benchmark\topk_filter_study\results\sensitivity_suite\scenarios\clue_g19_n50.csv,3.1113,01,1,1,0,0.073,0.073,0.073,0.073,0.073,2.3462861183428148,0,0.0,0.0,0.0,0.073,0.0,2.3462861183428148,completed,,,,
17,dcta_parity_v1,custom,5789862b56c579a63f65129a7c7ce0c99a25e7c55fba998a5a9699fc4a7df60b,03f32103aba060045f2661de3c031f6fbcbc73f46000a9666f166ad349c5805d,DGA,bernoulli,drop_0.25,clue_search,19,361,4,0.25,90,90,comm_g19_r4_bernoulli_drop025_dga_topk025,C:\Users\lottj\Desktop\research\decentralized benchmark\topk_filter_study\results\sensitivity_suite\scenarios\clue_g19_n50.csv,3.1113,02,1,1,0,0.0669,0.0669,0.0669,0.0669,0.0669,2.1502265933854017,0,0.0,0.0,0.0,0.0669,0.0,2.1502265933854017,completed,,,,
17,dcta_parity_v1,custom,5789862b56c579a63f65129a7c7ce0c99a25e7c55fba998a5a9699fc4a7df60b,03f32103aba060045f2661de3c031f6fbcbc73f46000a9666f166ad349c5805d,DGA,bernoulli,drop_0.25,clue_search,19,361,4,0.25,90,90,comm_g19_r4_bernoulli_drop025_dga_topk025,C:\Users\lottj\Desktop\research\decentralized benchmark\topk_filter_study\results\sensitivity_suite\scenarios\clue_g19_n50.csv,3.1113,03,1,1,0,0.1502,0.1502,0.1502,0.1502,0.1502,4.827564040754669,0,0.0,0.0,0.0,0.1502,0.0,4.827564040754669,completed,,,,
18,dcta_parity_v1,custom,5789862b56c579a63f65129a7c7ce0c99a25e7c55fba998a5a9699fc4a7df60b,03f32103aba060045f2661de3c031f6fbcbc73f46000a9666f166ad349c5805d,DGA,bernoulli,drop_0.25,clue_search,19,361,4,0.25,90,90,comm_g19_r4_bernoulli_drop025_dga_topk025,C:\Users\lottj\Desktop\research\decentralized benchmark\topk_filter_study\results\sensitivity_suite\scenarios\clue_g19_n50.csv,13059.5088,00,74,67,7,3058.3934,41.32964054054054,0.020249999999999997,618.1949,893.9582,23.41890071700093,4,3.1406,0.78515,0.8301,1.3362,3057.0572,23.41890071700093,completed,,,,
18,dcta_parity_v1,custom,5789862b56c579a63f65129a7c7ce0c99a25e7c55fba998a5a9699fc4a7df60b,03f32103aba060045f2661de3c031f6fbcbc73f46000a9666f166ad349c5805d,DGA,bernoulli,drop_0.25,clue_search,19,361,4,0.25,90,90,comm_g19_r4_bernoulli_drop025_dga_topk025,C:\Users\lottj\Desktop\research\decentralized benchmark\topk_filter_study\results\sensitivity_suite\scenarios\clue_g19_n50.csv,13059.5088,01,64,58,6,3247.1209,50.7362640625,0.02185,736.6922,871.9908,24.86403546816401,4,3.387,0.84675,0.9967,1.2404,3245.8805,24.86403546816401,completed,,,,
18,dcta_parity_v1,custom,5789862b56c579a63f65129a7c7ce0c99a25e7c55fba998a5a9699fc4a7df60b,03f32103aba060045f2661de3c031f6fbcbc73f46000a9666f166ad349c5805d,DGA,bernoulli,drop_0.25,clue_search,19,361,4,0.25,90,90,comm_g19_r4_bernoulli_drop025_dga_topk025,C:\Users\lottj\Desktop\research\decentralized benchmark\topk_filter_study\results\sensitivity_suite\scenarios\clue_g19_n50.csv,13059.5088,02,61,57,4,2406.3496,39.44835409836065,0.0219,0.4519,839.0333,18.426034522829834,3,2.7372,0.9124,0.9421,1.2457,2405.1039,18.426034522829834,completed,,,,
18,dcta_parity_v1,custom,5789862b56c579a63f65129a7c7ce0c99a25e7c55fba998a5a9699fc4a7df60b,03f32103aba060045f2661de3c031f6fbcbc73f46000a9666f166ad349c5805d,DGA,bernoulli,drop_0.25,clue_search,19,361,4,0.25,90,90,comm_g19_r4_bernoulli_drop025_dga_topk025,C:\Users\lottj\Desktop\research\decentralized benchmark\topk_filter_study\results\sensitivity_suite\scenarios\clue_g19_n50.csv,13059.5088,03,74,64,10,4118.3877,55.65388783783784,0.0205,791.3038,908.5107,31.535548258905422,5,3.9918,0.79836,1.0633,1.2866,4117.1011,31.535548258905422,completed,,,,
19,dcta_parity_v1,custom,5789862b56c579a63f65129a7c7ce0c99a25e7c55fba998a5a9699fc4a7df60b,03f32103aba060045f2661de3c031f6fbcbc73f46000a9666f166ad349c5805d,DGA,bernoulli,drop_0.25,clue_search,19,361,4,0.25,90,90,comm_g19_r4_bernoulli_drop025_dga_topk025,C:\Users\lottj\Desktop\research\decentralized benchmark\topk_filter_study\results\sensitivity_suite\scenarios\clue_g19_n50.csv,17900.6896,00,29,20,9,5107.9379,176.1357896551724,0.0273,895.2668,911.1186,28.53486661206616,6,9.319700000000001,1.5532833333333336,1.748,0.5775,5107.3604,28.53486661206616,completed,,,,
19,dcta_parity_v1,custom,5789862b56c579a63f65129a7c7ce0c99a25e7c55fba998a5a9699fc4a7df60b,03f32103aba060045f2661de3c031f6fbcbc73f46000a9666f166ad349c5805d,DGA,bernoulli,drop_0.25,clue_search,19,361,4,0.25,90,90,comm_g19_r4_bernoulli_drop025_dga_topk025,C:\Users\lottj\Desktop\research\decentralized benchmark\topk_filter_study\results\sensitivity_suite\scenarios\clue_g19_n50.csv,17900.6896,01,30,20,10,3960.1003,132.00334333333333,0.0315,775.9028,882.1361,22.12261308636959,5,7.9,1.58,1.7844,0.6993,3959.401,22.12261308636959,completed,,,,
19,dcta_parity_v1,custom,5789862b56c579a63f65129a7c7ce0c99a25e7c55fba998a5a9699fc4a7df60b,03f32103aba060045f2661de3c031f6fbcbc73f46000a9666f166ad349c5805d,DGA,bernoulli,drop_0.25,clue_search,19,361,4,0.25,90,90,comm_g19_r4_bernoulli_drop025_dga_topk025,C:\Users\lottj\Desktop\research\decentralized benchmark\topk_filter_study\results\sensitivity_suite\scenarios\clue_g19_n50.csv,17900.6896,02,29,20,9,4829.8189,166.54547931034483,0.0299,879.153,910.2231,26.981189037544116,6,9.3387,1.55645,1.862,0.6247,4829.1942,26.981189037544116,completed,,,,
19,dcta_parity_v1,custom,5789862b56c579a63f65129a7c7ce0c99a25e7c55fba998a5a9699fc4a7df60b,03f32103aba060045f2661de3c031f6fbcbc73f46000a9666f166ad349c5805d,DGA,bernoulli,drop_0.25,clue_search,19,361,4,0.25,90,90,comm_g19_r4_bernoulli_drop025_dga_topk025,C:\Users\lottj\Desktop\research\decentralized benchmark\topk_filter_study\results\sensitivity_suite\scenarios\clue_g19_n50.csv,17900.6896,03,26,18,8,3808.2491999999997,146.47112307692308,0.027700000000000002,852.0429,855.4245,21.274315599550977,5,7.0537,1.41074,1.6712,0.5203,3807.7289,21.274315599550977,completed,,,,
20,dcta_parity_v1,custom,5789862b56c579a63f65129a7c7ce0c99a25e7c55fba998a5a9699fc4a7df60b,03f32103aba060045f2661de3c031f6fbcbc73f46000a9666f166ad349c5805d,DGA,bernoulli,drop_0.25,clue_search,19,361,4,0.25,90,90,comm_g19_r4_bernoulli_drop025_dga_topk025,C:\Users\lottj\Desktop\research\decentralized benchmark\topk_filter_study\results\sensitivity_suite\scenarios\clue_g19_n50.csv,15347.2055,00,10,2,8,3906.4595999999997,390.64595999999995,331.36605,867.6677,867.6677,25.453882141605515,5,8.596,1.7192,1.9393,0.1277,3906.3318999999997,25.453882141605515,completed,,,,
20,dcta_parity_v1,custom,5789862b56c579a63f65129a7c7ce0c99a25e7c55fba998a5a9699fc4a7df60b,03f32103aba060045f2661de3c031f6fbcbc73f46000a9666f166ad349c5805d,DGA,bernoulli,drop_0.25,clue_search,19,361,4,0.25,90,90,comm_g19_r4_bernoulli_drop025_dga_topk025,C:\Users\lottj\Desktop\research\decentralized benchmark\topk_filter_study\results\sensitivity_suite\scenarios\clue_g19_n50.csv,15347.2055,01,9,2,7,4061.3476,451.26084444444444,795.154,840.2511,840.2511,26.463108218626513,5,9.1216,1.8243200000000002,1.9968,0.11579999999999999,4061.2318,26.463108218626513,completed,,,,
20,dcta_parity_v1,custom,5789862b56c579a63f65129a7c7ce0c99a25e7c55fba998a5a9699fc4a7df60b,03f32103aba060045f2661de3c031f6fbcbc73f46000a9666f166ad349c5805d,DGA,bernoulli,drop_0.25,clue_search,19,361,4,0.25,90,90,comm_g19_r4_bernoulli_drop025_dga_topk025,C:\Users\lottj\Desktop\research\decentralized benchmark\topk_filter_study\results\sensitivity_suite\scenarios\clue_g19_n50.csv,15347.2055,02,10,2,8,3185.2401,318.52401,0.56305,835.2157,835.2157,20.754528242942992,4,7.0385,1.759625,1.9067,0.1708,3185.0693,20.754528242942992,completed,,,,
20,dcta_parity_v1,custom,5789862b56c579a63f65129a7c7ce0c99a25e7c55fba998a5a9699fc4a7df60b,03f32103aba060045f2661de3c031f6fbcbc73f46000a9666f166ad349c5805d,DGA,bernoulli,drop_0.25,clue_search,19,361,4,0.25,90,90,comm_g19_r4_bernoulli_drop025_dga_topk025,C:\Users\lottj\Desktop\research\decentralized benchmark\topk_filter_study\results\sensitivity_suite\scenarios\clue_g19_n50.csv,15347.2055,03,8,1,7,4071.2445000000002,508.90556250000003,727.7533,881.0272,881.0272,26.527594877126003,5,9.0535,1.8107,1.9254,0.0868,4071.1577,26.527594877126003,completed,,,,
21,dcta_parity_v1,custom,5789862b56c579a63f65129a7c7ce0c99a25e7c55fba998a5a9699fc4a7df60b,03f32103aba060045f2661de3c031f6fbcbc73f46000a9666f166ad349c5805d,DGA,bernoulli,drop_0.25,clue_search,19,361,4,0.25,90,90,comm_g19_r4_bernoulli_drop025_dga_topk025,C:\Users\lottj\Desktop\research\decentralized benchmark\topk_filter_study\results\sensitivity_suite\scenarios\clue_g19_n50.csv,6019.6563,00,40,38,2,1707.8592,42.69648,0.0281,0.0864,891.3449,28.37137396033724,2,3.1235,1.56175,1.7117,1.1174,1706.7418,28.37137396033724,completed,,,,
21,dcta_parity_v1,custom,5789862b56c579a63f65129a7c7ce0c99a25e7c55fba998a5a9699fc4a7df60b,03f32103aba060045f2661de3c031f6fbcbc73f46000a9666f166ad349c5805d,DGA,bernoulli,drop_0.25,clue_search,19,361,4,0.25,90,90,comm_g19_r4_bernoulli_drop025_dga_topk025,C:\Users\lottj\Desktop\research\decentralized benchmark\topk_filter_study\results\sensitivity_suite\scenarios\clue_g19_n50.csv,6019.6563,01,40,38,2,1630.9981,40.7749525,0.03125,0.0853,817.2442,27.094538603474753,2,2.8762,1.4381,1.4745,1.2697,1629.7284,27.094538603474753,completed,,,,
21,dcta_parity_v1,custom,5789862b56c579a63f65129a7c7ce0c99a25e7c55fba998a5a9699fc4a7df60b,03f32103aba060045f2661de3c031f6fbcbc73f46000a9666f166ad349c5805d,DGA,bernoulli,drop_0.25,clue_search,19,361,4,0.25,90,90,comm_g19_r4_bernoulli_drop025_dga_topk025,C:\Users\lottj\Desktop\research\decentralized benchmark\topk_filter_study\results\sensitivity_suite\scenarios\clue_g19_n50.csv,6019.6563,02,40,38,2,1690.2333,42.255832500000004,0.03155,0.142,895.1766,28.078568206626684,2,2.8144,1.4072,1.4368,1.2881,1688.9452,28.078568206626684,completed,,,,
21,dcta_parity_v1,custom,5789862b56c579a63f65129a7c7ce0c99a25e7c55fba998a5a9699fc4a7df60b,03f32103aba060045f2661de3c031f6fbcbc73f46000a9666f166ad349c5805d,DGA,bernoulli,drop_0.25,clue_search,19,361,4,0.25,90,90,comm_g19_r4_bernoulli_drop025_dga_topk025,C:\Users\lottj\Desktop\research\decentralized benchmark\topk_filter_study\results\sensitivity_suite\scenarios\clue_g19_n50.csv,6019.6563,03,39,36,3,871.0726999999999,22.335197435897435,0.0272,0.5793,868.8874,14.470472342415961,1,1.5912,1.5912,1.5912,1.0428,870.0299,14.470472342415961,completed,,,,
22,dcta_parity_v1,custom,5789862b56c579a63f65129a7c7ce0c99a25e7c55fba998a5a9699fc4a7df60b,03f32103aba060045f2661de3c031f6fbcbc73f46000a9666f166ad349c5805d,DGA,bernoulli,drop_0.25,clue_search,19,361,4,0.25,90,90,comm_g19_r4_bernoulli_drop025_dga_topk025,C:\Users\lottj\Desktop\research\decentralized benchmark\topk_filter_study\results\sensitivity_suite\scenarios\clue_g19_n50.csv,55175.6921,00,54,14,40,13894.704600000001,257.30934444444443,0.6388,804.9946,850.4411,25.18265575140833,22,30.6679,1.3939954545454545,1.9724,0.3927,13894.3119,25.18265575140833,completed,,,,
22,dcta_parity_v1,custom,5789862b56c579a63f65129a7c7ce0c99a25e7c55fba998a5a9699fc4a7df60b,03f32103aba060045f2661de3c031f6fbcbc73f46000a9666f166ad349c5805d,DGA,bernoulli,drop_0.25,clue_search,19,361,4,0.25,90,90,comm_g19_r4_bernoulli_drop025_dga_topk025,C:\Users\lottj\Desktop\research\decentralized benchmark\topk_filter_study\results\sensitivity_suite\scenarios\clue_g19_n50.csv,55175.6921,01,49,14,35,11225.2121,229.0859612244898,0.6109,817.1441,877.2904,20.344488075755372,17,22.936,1.3491764705882352,1.642,0.46,11224.7521,20.344488075755372,completed,,,,
22,dcta_parity_v1,custom,5789862b56c579a63f65129a7c7ce0c99a25e7c55fba998a5a9699fc4a7df60b,03f32103aba060045f2661de3c031f6fbcbc73f46000a9666f166ad349c5805d,DGA,bernoulli,drop_0.25,clue_search,19,361,4,0.25,90,90,comm_g19_r4_bernoulli_drop025_dga_topk025,C:\Users\lottj\Desktop\research\decentralized benchmark\topk_filter_study\results\sensitivity_suite\scenarios\clue_g19_n50.csv,55175.6921,02,57,14,43,17603.4058,308.8316807017544,0.6305,818.1069,871.3179,31.90427728227808,27,36.7484,1.3610518518518517,1.7828,0.5171,17602.8887,31.90427728227808,completed,,,,
22,dcta_parity_v1,custom,5789862b56c579a63f65129a7c7ce0c99a25e7c55fba998a5a9699fc4a7df60b,03f32103aba060045f2661de3c031f6fbcbc73f46000a9666f166ad349c5805d,DGA,bernoulli,drop_0.25,clue_search,19,361,4,0.25,90,90,comm_g19_r4_bernoulli_drop025_dga_topk025,C:\Users\lottj\Desktop\research\decentralized benchmark\topk_filter_study\results\sensitivity_suite\scenarios\clue_g19_n50.csv,55175.6921,03,48,12,36,12091.8398,251.91332916666667,0.61375,877.6737,902.1696,21.91515745391076,18,25.9198,1.4399888888888888,1.7505,0.3701,12091.4697,21.91515745391076,completed,,,,
23,dcta_parity_v1,custom,5789862b56c579a63f65129a7c7ce0c99a25e7c55fba998a5a9699fc4a7df60b,03f32103aba060045f2661de3c031f6fbcbc73f46000a9666f166ad349c5805d,DGA,bernoulli,drop_0.25,clue_search,19,361,4,0.25,90,90,comm_g19_r4_bernoulli_drop025_dga_topk025,C:\Users\lottj\Desktop\research\decentralized benchmark\topk_filter_study\results\sensitivity_suite\scenarios\clue_g19_n50.csv,3509.4653,00,36,35,1,822.8863,22.85795277777778,0.02375,0.1393,821.9503,23.447626052891877,1,1.4728,1.4728,1.4728,0.936,821.9503,23.447626052891877,completed,,,,
23,dcta_parity_v1,custom,5789862b56c579a63f65129a7c7ce0c99a25e7c55fba998a5a9699fc4a7df60b,03f32103aba060045f2661de3c031f6fbcbc73f46000a9666f166ad349c5805d,DGA,bernoulli,drop_0.25,clue_search,19,361,4,0.25,90,90,comm_g19_r4_bernoulli_drop025_dga_topk025,C:\Users\lottj\Desktop\research\decentralized benchmark\topk_filter_study\results\sensitivity_suite\scenarios\clue_g19_n50.csv,3509.4653,01,35,34,1,842.2346,24.063845714285716,0.027,0.0799,841.3089,23.998943656744522,1,1.4093,1.4093,1.4093,0.9257,841.3089,23.998943656744522,completed,,,,
23,dcta_parity_v1,custom,5789862b56c579a63f65129a7c7ce0c99a25e7c55fba998a5a9699fc4a7df60b,03f32103aba060045f2661de3c031f6fbcbc73f46000a9666f166ad349c5805d,DGA,bernoulli,drop_0.25,clue_search,19,361,4,0.25,90,90,comm_g19_r4_bernoulli_drop025_dga_topk025,C:\Users\lottj\Desktop\research\decentralized benchmark\topk_filter_study\results\sensitivity_suite\scenarios\clue_g19_n50.csv,3509.4653,02,36,35,1,898.6501,24.962502777777775,0.02725,0.0914,897.6809,25.60646774310605,1,1.3189,1.3189,1.3189,0.9692,897.6809,25.60646774310605,completed,,,,
23,dcta_parity_v1,custom,5789862b56c579a63f65129a7c7ce0c99a25e7c55fba998a5a9699fc4a7df60b,03f32103aba060045f2661de3c031f6fbcbc73f46000a9666f166ad349c5805d,DGA,bernoulli,drop_0.25,clue_search,19,361,4,0.25,90,90,comm_g19_r4_bernoulli_drop025_dga_topk025,C:\Users\lottj\Desktop\research\decentralized benchmark\topk_filter_study\results\sensitivity_suite\scenarios\clue_g19_n50.csv,3509.4653,03,34,33,1,853.5272000000001,25.103741176470592,0.02375,0.0894,852.6882,24.32071917052436,1,1.3978,1.3978,1.3978,0.839,852.6882,24.32071917052436,completed,,,,
24,dcta_parity_v1,custom,5789862b56c579a63f65129a7c7ce0c99a25e7c55fba998a5a9699fc4a7df60b,03f32103aba060045f2661de3c031f6fbcbc73f46000a9666f166ad349c5805d,DGA,bernoulli,drop_0.25,clue_search,19,361,4,0.25,90,90,comm_g19_r4_bernoulli_drop025_dga_topk025,C:\Users\lottj\Desktop\research\decentralized benchmark\topk_filter_study\results\sensitivity_suite\scenarios\clue_g19_n50.csv,33795.6842,00,29,9,20,10349.1714,356.8679793103448,0.59,843.5783,869.9829,30.622760405602317,14,20.1062,1.436157142857143,1.9457,0.2458,10348.9256,30.622760405602317,completed,,,,
24,dcta_parity_v1,custom,5789862b56c579a63f65129a7c7ce0c99a25e7c55fba998a5a9699fc4a7df60b,03f32103aba060045f2661de3c031f6fbcbc73f46000a9666f166ad349c5805d,DGA,bernoulli,drop_0.25,clue_search,19,361,4,0.25,90,90,comm_g19_r4_bernoulli_drop025_dga_topk025,C:\Users\lottj\Desktop\research\decentralized benchmark\topk_filter_study\results\sensitivity_suite\scenarios\clue_g19_n50.csv,33795.6842,01,26,9,17,5815.7774,223.68374615384616,0.50065,839.7157,851.9719,17.208639320875175,8,11.1196,1.38995,1.7576,0.3266,5815.4508,17.208639320875175,completed,,,,
24,dcta_parity_v1,custom,5789862b56c579a63f65129a7c7ce0c99a25e7c55fba998a5a9699fc4a7df60b,03f32103aba060045f2661de3c031f6fbcbc73f46000a9666f166ad349c5805d,DGA,bernoulli,drop_0.25,clue_search,19,361,4,0.25,90,90,comm_g19_r4_bernoulli_drop025_dga_topk025,C:\Users\lottj\Desktop\research\decentralized benchmark\topk_filter_study\results\sensitivity_suite\scenarios\clue_g19_n50.csv,33795.6842,02,27,9,18,7171.1374,265.59768148148146,0.5352,873.2501,882.4425,21.21909222953385,9,13.709,1.5232222222222223,1.7037,0.2915,7170.8459,21.21909222953385,completed,,,,
24,dcta_parity_v1,custom,5789862b56c579a63f65129a7c7ce0c99a25e7c55fba998a5a9699fc4a7df60b,03f32103aba060045f2661de3c031f6fbcbc73f46000a9666f166ad349c5805d,DGA,bernoulli,drop_0.25,clue_search,19,361,4,0.25,90,90,comm_g19_r4_bernoulli_drop025_dga_topk025,C:\Users\lottj\Desktop\research\decentralized benchmark\topk_filter_study\results\sensitivity_suite\scenarios\clue_g19_n50.csv,33795.6842,03,34,7,27,10205.3754,300.15810000000005,0.5865,882.4036,944.6603,30.197274124132097,14,21.3226,1.5230428571428571,1.888,0.2066,10205.1688,30.197274124132097,completed,,,,
25,dcta_parity_v1,custom,5789862b56c579a63f65129a7c7ce0c99a25e7c55fba998a5a9699fc4a7df60b,03f32103aba060045f2661de3c031f6fbcbc73f46000a9666f166ad349c5805d,DGA,bernoulli,drop_0.25,clue_search,19,361,4,0.25,90,90,comm_g19_r4_bernoulli_drop025_dga_topk025,C:\Users\lottj\Desktop\research\decentralized benchmark\topk_filter_study\results\sensitivity_suite\scenarios\clue_g19_n50.csv,156439.5827,00,150,6,144,46874.618,312.49745333333334,331.41695,656.6113,807.864,29.96340004939172,90,81.0073,0.9000811111111111,1.9129,0.1943,46874.4237,29.96340004939172,completed,,,,
25,dcta_parity_v1,custom,5789862b56c579a63f65129a7c7ce0c99a25e7c55fba998a5a9699fc4a7df60b,03f32103aba060045f2661de3c031f6fbcbc73f46000a9666f166ad349c5805d,DGA,bernoulli,drop_0.25,clue_search,19,361,4,0.25,90,90,comm_g19_r4_bernoulli_drop025_dga_topk025,C:\Users\lottj\Desktop\research\decentralized benchmark\topk_filter_study\results\sensitivity_suite\scenarios\clue_g19_n50.csv,156439.5827,01,137,6,131,32744.3588,239.00991824817518,0.6545,663.2,833.5348,20.930993444793945,64,61.8227,0.9659796875,1.7701,0.2104,32744.148400000002,20.930993444793945,completed,,,,
25,dcta_parity_v1,custom,5789862b56c579a63f65129a7c7ce0c99a25e7c55fba998a5a9699fc4a7df60b,03f32103aba060045f2661de3c031f6fbcbc73f46000a9666f166ad349c5805d,DGA,bernoulli,drop_0.25,clue_search,19,361,4,0.25,90,90,comm_g19_r4_bernoulli_drop025_dga_topk025,C:\Users\lottj\Desktop\research\decentralized benchmark\topk_filter_study\results\sensitivity_suite\scenarios\clue_g19_n50.csv,156439.5827,02,126,6,120,31698.539,251.57570634920634,170.57975,641.708,885.8918,20.262479899852096,64,59.3621,0.9275328125,1.925,0.2071,31698.3319,20.262479899852096,completed,,,,
25,dcta_parity_v1,custom,5789862b56c579a63f65129a7c7ce0c99a25e7c55fba998a5a9699fc4a7df60b,03f32103aba060045f2661de3c031f6fbcbc73f46000a9666f166ad349c5805d,DGA,bernoulli,drop_0.25,clue_search,19,361,4,0.25,90,90,comm_g19_r4_bernoulli_drop025_dga_topk025,C:\Users\lottj\Desktop\research\decentralized benchmark\topk_filter_study\results\sensitivity_suite\scenarios\clue_g19_n50.csv,156439.5827,03,125,3,122,44327.6162,354.62092959999995,492.8489,659.6473,800.324,28.335294325737166,81,80.291,0.9912469135802469,1.8601,0.1851,44327.4311,28.335294325737166,completed,,,,
26,dcta_parity_v1,custom,5789862b56c579a63f65129a7c7ce0c99a25e7c55fba998a5a9699fc4a7df60b,03f32103aba060045f2661de3c031f6fbcbc73f46000a9666f166ad349c5805d,DGA,bernoulli,drop_0.25,clue_search,19,361,4,0.25,90,90,comm_g19_r4_bernoulli_drop025_dga_topk025,C:\Users\lottj\Desktop\research\decentralized benchmark\topk_filter_study\results\sensitivity_suite\scenarios\clue_g19_n50.csv,10677.8931,00,60,54,6,3292.1695999999997,54.86949333333333,0.0245,793.6721,873.5408,30.831640372949604,4,4.2532,1.0633,1.2773,1.4591,3290.7105,30.831640372949604,completed,,,,
26,dcta_parity_v1,custom,5789862b56c579a63f65129a7c7ce0c99a25e7c55fba998a5a9699fc4a7df60b,03f32103aba060045f2661de3c031f6fbcbc73f46000a9666f166ad349c5805d,DGA,bernoulli,drop_0.25,clue_search,19,361,4,0.25,90,90,comm_g19_r4_bernoulli_drop025_dga_topk025,C:\Users\lottj\Desktop\research\decentralized benchmark\topk_filter_study\results\sensitivity_suite\scenarios\clue_g19_n50.csv,10677.8931,01,60,54,6,3046.3451,50.772418333333334,0.027200000000000002,740.8704,769.8952,28.529458681319824,4,3.9107,0.977675,1.0135,1.5393,3044.8058,28.529458681319824,completed,,,,
26,dcta_parity_v1,custom,5789862b56c579a63f65129a7c7ce0c99a25e7c55fba998a5a9699fc4a7df60b,03f32103aba060045f2661de3c031f6fbcbc73f46000a9666f166ad349c5805d,DGA,bernoulli,drop_0.25,clue_search,19,361,4,0.25,90,90,comm_g19_r4_bernoulli_drop025_dga_topk025,C:\Users\lottj\Desktop\research\decentralized benchmark\topk_filter_study\results\sensitivity_suite\scenarios\clue_g19_n50.csv,10677.8931,02,58,54,4,2471.463,42.61143103448276,0.0269,794.673,856.0857,23.14560538164594,3,3.1727,1.0575666666666665,1.1286,1.5156,2469.9474,23.14560538164594,completed,,,,
26,dcta_parity_v1,custom,5789862b56c579a63f65129a7c7ce0c99a25e7c55fba998a5a9699fc4a7df60b,03f32103aba060045f2661de3c031f6fbcbc73f46000a9666f166ad349c5805d,DGA,bernoulli,drop_0.25,clue_search,19,361,4,0.25,90,90,comm_g19_r4_bernoulli_drop025_dga_topk025,C:\Users\lottj\Desktop\research\decentralized benchmark\topk_filter_study\results\sensitivity_suite\scenarios\clue_g19_n50.csv,10677.8931,03,54,52,2,1681.7761,31.144001851851854,0.0246,0.0721,886.6219,15.750074328801814,2,2.1706,1.0853,1.1138,1.4016,1680.3745,15.750074328801814,completed,,,,
27,dcta_parity_v1,custom,5789862b56c579a63f65129a7c7ce0c99a25e7c55fba998a5a9699fc4a7df60b,03f32103aba060045f2661de3c031f6fbcbc73f46000a9666f166ad349c5805d,DGA,bernoulli,drop_0.25,clue_search,19,361,4,0.25,90,90,comm_g19_r4_bernoulli_drop025_dga_topk025,C:\Users\lottj\Desktop\research\decentralized benchmark\topk_filter_study\results\sensitivity_suite\scenarios\clue_g19_n50.csv,84537.0357,00,76,9,67,23500.6369,309.2189065789474,225.46984999999998,659.5055,945.7593,27.799220430909905,38,43.4098,1.1423631578947369,1.9877,0.2478,23500.3891,27.799220430909905,completed,,,,
27,dcta_parity_v1,custom,5789862b56c579a63f65129a7c7ce0c99a25e7c55fba998a5a9699fc4a7df60b,03f32103aba060045f2661de3c031f6fbcbc73f46000a9666f166ad349c5805d,DGA,bernoulli,drop_0.25,clue_search,19,361,4,0.25,90,90,comm_g19_r4_bernoulli_drop025_dga_topk025,C:\Users\lottj\Desktop\research\decentralized benchmark\topk_filter_study\results\sensitivity_suite\scenarios\clue_g19_n50.csv,84537.0357,01,71,9,62,21659.0304,305.0567661971831,0.7024,835.4081,885.0257,25.620759257353523,34,41.7531,1.2280323529411765,1.9402,0.3475,21658.6829,25.620759257353523,completed,,,,
27,dcta_parity_v1,custom,5789862b56c579a63f65129a7c7ce0c99a25e7c55fba998a5a9699fc4a7df60b,03f32103aba060045f2661de3c031f6fbcbc73f46000a9666f166ad349c5805d,DGA,bernoulli,drop_0.25,clue_search,19,361,4,0.25,90,90,comm_g19_r4_bernoulli_drop025_dga_topk025,C:\Users\lottj\Desktop\research\decentralized benchmark\topk_filter_study\results\sensitivity_suite\scenarios\clue_g19_n50.csv,84537.0357,02,74,10,64,23335.8897,315.3498608108108,231.814,837.1644,910.2666,27.60433874546183,37,41.681,1.1265135135135134,1.8275,0.2933,23335.5964,27.60433874546183,completed,,,,
27,dcta_parity_v1,custom,5789862b56c579a63f65129a7c7ce0c99a25e7c55fba998a5a9699fc4a7df60b,03f32103aba060045f2661de3c031f6fbcbc73f46000a9666f166ad349c5805d,DGA,bernoulli,drop_0.25,clue_search,19,361,4,0.25,90,90,comm_g19_r4_bernoulli_drop025_dga_topk025,C:\Users\lottj\Desktop\research\decentralized benchmark\topk_filter_study\results\sensitivity_suite\scenarios\clue_g19_n50.csv,84537.0357,03,59,7,52,15487.4052,262.498393220339,0.6459,864.5515,941.5836,18.32026054824158,23,28.4191,1.2356130434782608,1.9662,0.197,15487.208200000001,18.32026054824158,completed,,,,
28,dcta_parity_v1,custom,5789862b56c579a63f65129a7c7ce0c99a25e7c55fba998a5a9699fc4a7df60b,03f32103aba060045f2661de3c031f6fbcbc73f46000a9666f166ad349c5805d,DGA,bernoulli,drop_0.25,clue_search,19,361,4,0.25,90,90,comm_g19_r4_bernoulli_drop025_dga_topk025,C:\Users\lottj\Desktop\research\decentralized benchmark\topk_filter_study\results\sensitivity_suite\scenarios\clue_g19_n50.csv,26702.9906,00,61,17,44,7207.1994,118.15080983606558,0.0294,808.8861,868.1973,26.990233071497244,10,10.1566,1.01566,1.2683,0.4983,7206.7011,26.990233071497244,completed,,,,
28,dcta_parity_v1,custom,5789862b56c579a63f65129a7c7ce0c99a25e7c55fba998a5a9699fc4a7df60b,03f32103aba060045f2661de3c031f6fbcbc73f46000a9666f166ad349c5805d,DGA,bernoulli,drop_0.25,clue_search,19,361,4,0.25,90,90,comm_g19_r4_bernoulli_drop025_dga_topk025,C:\Users\lottj\Desktop\research\decentralized benchmark\topk_filter_study\results\sensitivity_suite\scenarios\clue_g19_n50.csv,26702.9906,01,61,17,44,7974.0686,130.72243606557376,0.0305,668.9333,886.1073,29.862080691441353,12,12.8289,1.069075,1.2761,0.6063,7973.4623,29.862080691441353,completed,,,,
28,dcta_parity_v1,custom,5789862b56c579a63f65129a7c7ce0c99a25e7c55fba998a5a9699fc4a7df60b,03f32103aba060045f2661de3c031f6fbcbc73f46000a9666f166ad349c5805d,DGA,bernoulli,drop_0.25,clue_search,19,361,4,0.25,90,90,comm_g19_r4_bernoulli_drop025_dga_topk025,C:\Users\lottj\Desktop\research\decentralized benchmark\topk_filter_study\results\sensitivity_suite\scenarios\clue_g19_n50.csv,26702.9906,02,31,18,13,5494.672,177.24748387096773,0.0347,845.8229,850.9397,20.57699110301151,7,8.9824,1.2832000000000001,1.626,0.6118,5494.0602,20.57699110301151,completed,,,,
28,dcta_parity_v1,custom,5789862b56c579a63f65129a7c7ce0c99a25e7c55fba998a5a9699fc4a7df60b,03f32103aba060045f2661de3c031f6fbcbc73f46000a9666f166ad349c5805d,DGA,bernoulli,drop_0.25,clue_search,19,361,4,0.25,90,90,comm_g19_r4_bernoulli_drop025_dga_topk025,C:\Users\lottj\Desktop\research\decentralized benchmark\topk_filter_study\results\sensitivity_suite\scenarios\clue_g19_n50.csv,26702.9906,03,53,15,38,5738.6557,108.27652264150944,0.0284,794.1122,862.0489,21.49068539162052,8,8.7563,1.0945375,1.4067,0.4434,5738.2123,21.49068539162052,completed,,,,
29,dcta_parity_v1,custom,5789862b56c579a63f65129a7c7ce0c99a25e7c55fba998a5a9699fc4a7df60b,03f32103aba060045f2661de3c031f6fbcbc73f46000a9666f166ad349c5805d,DGA,bernoulli,drop_0.25,clue_search,19,361,4,0.25,90,90,comm_g19_r4_bernoulli_drop025_dga_topk025,C:\Users\lottj\Desktop\research\decentralized benchmark\topk_filter_study\results\sensitivity_suite\scenarios\clue_g19_n50.csv,16431.7927,00,47,42,5,3323.3535,70.70964893617021,0.0252,848.2219,866.7847,20.225142567676137,4,5.0901,1.272525,1.454,1.0504,3322.3031,20.225142567676137,completed,,,,
29,dcta_parity_v1,custom,5789862b56c579a63f65129a7c7ce0c99a25e7c55fba998a5a9699fc4a7df60b,03f32103aba060045f2661de3c031f6fbcbc73f46000a9666f166ad349c5805d,DGA,bernoulli,drop_0.25,clue_search,19,361,4,0.25,90,90,comm_g19_r4_bernoulli_drop025_dga_topk025,C:\Users\lottj\Desktop\research\decentralized benchmark\topk_filter_study\results\sensitivity_suite\scenarios\clue_g19_n50.csv,16431.7927,01,48,42,6,3317.9279,69.12349791666666,0.02835,807.8292,855.2248,20.192123650634905,4,5.141,1.28525,1.3907,1.1744,3316.7535,20.192123650634905,completed,,,,
29,dcta_parity_v1,custom,5789862b56c579a63f65129a7c7ce0c99a25e7c55fba998a5a9699fc4a7df60b,03f32103aba060045f2661de3c031f6fbcbc73f46000a9666f166ad349c5805d,DGA,bernoulli,drop_0.25,clue_search,19,361,4,0.25,90,90,comm_g19_r4_bernoulli_drop025_dga_topk025,C:\Users\lottj\Desktop\research\decentralized benchmark\topk_filter_study\results\sensitivity_suite\scenarios\clue_g19_n50.csv,16431.7927,02,49,42,7,4918.4854,100.37725306122448,0.0288,832.0867,867.787,29.93273764949578,6,7.9573,1.3262166666666666,1.5088,1.2105,4917.2749,29.93273764949578,completed,,,,
29,dcta_parity_v1,custom,5789862b56c579a63f65129a7c7ce0c99a25e7c55fba998a5a9699fc4a7df60b,03f32103aba060045f2661de3c031f6fbcbc73f46000a9666f166ad349c5805d,DGA,bernoulli,drop_0.25,clue_search,19,361,4,0.25,90,90,comm_g19_r4_bernoulli_drop025_dga_topk025,C:\Users\lottj\Desktop\research\decentralized benchmark\topk_filter_study\results\sensitivity_suite\scenarios\clue_g19_n50.csv,16431.7927,03,49,39,10,4701.0291,95.9393693877551,0.0265,792.5355,842.7135,28.6093500923974,6,7.6151,1.2691833333333333,1.4212,1.0572,4699.9719,28.6093500923974,completed,,,,
30,dcta_parity_v1,custom,5789862b56c579a63f65129a7c7ce0c99a25e7c55fba998a5a9699fc4a7df60b,03f32103aba060045f2661de3c031f6fbcbc73f46000a9666f166ad349c5805d,DGA,bernoulli,drop_0.25,clue_search,19,361,4,0.25,90,90,comm_g19_r4_bernoulli_drop025_dga_topk025,C:\Users\lottj\Desktop\research\decentralized benchmark\topk_filter_study\results\sensitivity_suite\scenarios\clue_g19_n50.csv,45.3344,00,18,18,0,0.6058,0.03365555555555556,0.024300000000000002,0.1717,0.1717,1.336292087245006,0,0.0,0.0,0.0,0.6058,0.0,1.336292087245006,completed,,,,
30,dcta_parity_v1,custom,5789862b56c579a63f65129a7c7ce0c99a25e7c55fba998a5a9699fc4a7df60b,03f32103aba060045f2661de3c031f6fbcbc73f46000a9666f166ad349c5805d,DGA,bernoulli,drop_0.25,clue_search,19,361,4,0.25,90,90,comm_g19_r4_bernoulli_drop025_dga_topk025,C:\Users\lottj\Desktop\research\decentralized benchmark\topk_filter_study\results\sensitivity_suite\scenarios\clue_g19_n50.csv,45.3344,01,18,18,0,0.5655,0.03141666666666667,0.027200000000000002,0.0754,0.0754,1.247397120067763,0,0.0,0.0,0.0,0.5655,0.0,1.247397120067763,completed,,,,
30,dcta_parity_v1,custom,5789862b56c579a63f65129a7c7ce0c99a25e7c55fba998a5a9699fc4a7df60b,03f32103aba060045f2661de3c031f6fbcbc73f46000a9666f166ad349c5805d,DGA,bernoulli,drop_0.25,clue_search,19,361,4,0.25,90,90,comm_g19_r4_bernoulli_drop025_dga_topk025,C:\Users\lottj\Desktop\research\decentralized benchmark\topk_filter_study\results\sensitivity_suite\scenarios\clue_g19_n50.csv,45.3344,02,18,18,0,0.5421,0.030116666666666667,0.027450000000000002,0.0825,0.0825,1.1957806875132349,0,0.0,0.0,0.0,0.5421,0.0,1.1957806875132349,completed,,,,
30,dcta_parity_v1,custom,5789862b56c579a63f65129a7c7ce0c99a25e7c55fba998a5a9699fc4a7df60b,03f32103aba060045f2661de3c031f6fbcbc73f46000a9666f166ad349c5805d,DGA,bernoulli,drop_0.25,clue_search,19,361,4,0.25,90,90,comm_g19_r4_bernoulli_drop025_dga_topk025,C:\Users\lottj\Desktop\research\decentralized benchmark\topk_filter_study\results\sensitivity_suite\scenarios\clue_g19_n50.csv,45.3344,03,15,15,0,0.4424,0.029493333333333333,0.0257,0.0833,0.0833,0.9758593915437284,0,0.0,0.0,0.0,0.4424,0.0,0.9758593915437284,completed,,,,
31,dcta_parity_v1,custom,5789862b56c579a63f65129a7c7ce0c99a25e7c55fba998a5a9699fc4a7df60b,03f32103aba060045f2661de3c031f6fbcbc73f46000a9666f166ad349c5805d,DGA,bernoulli,drop_0.25,clue_search,19,361,4,0.25,90,90,comm_g19_r4_bernoulli_drop025_dga_topk025,C:\Users\lottj\Desktop\research\decentralized benchmark\topk_filter_study\results\sensitivity_suite\scenarios\clue_g19_n50.csv,96976.2278,00,81,4,77,26978.1103,333.0630901234568,464.8956,623.1571,823.1261,27.81930263944542,50,51.5702,1.031404,1.9954,0.1739,26977.9364,27.81930263944542,completed,,,,
31,dcta_parity_v1,custom,5789862b56c579a63f65129a7c7ce0c99a25e7c55fba998a5a9699fc4a7df60b,03f32103aba060045f2661de3c031f6fbcbc73f46000a9666f166ad349c5805d,DGA,bernoulli,drop_0.25,clue_search,19,361,4,0.25,90,90,comm_g19_r4_bernoulli_drop025_dga_topk025,C:\Users\lottj\Desktop\research\decentralized benchmark\topk_filter_study\results\sensitivity_suite\scenarios\clue_g19_n50.csv,96976.2278,01,81,4,77,26266.7136,324.2804148148148,473.9452,800.5919,860.1921,27.085724198482385,46,49.2811,1.0713282608695653,2.7146,0.2433,26266.4703,27.085724198482385,completed,,,,
31,dcta_parity_v1,custom,5789862b56c579a63f65129a7c7ce0c99a25e7c55fba998a5a9699fc4a7df60b,03f32103aba060045f2661de3c031f6fbcbc73f46000a9666f166ad349c5805d,DGA,bernoulli,drop_0.25,clue_search,19,361,4,0.25,90,90,comm_g19_r4_bernoulli_drop025_dga_topk025,C:\Users\lottj\Desktop\research\decentralized benchmark\topk_filter_study\results\sensitivity_suite\scenarios\clue_g19_n50.csv,96976.2278,02,82,4,78,21316.1879,259.9535109756098,0.649,602.9456,882.4624,21.98083838026952,38,41.7078,1.0975736842105264,1.7849,0.1956,21315.9923,21.98083838026952,completed,,,,
31,dcta_parity_v1,custom,5789862b56c579a63f65129a7c7ce0c99a25e7c55fba998a5a9699fc4a7df60b,03f32103aba060045f2661de3c031f6fbcbc73f46000a9666f166ad349c5805d,DGA,bernoulli,drop_0.25,clue_search,19,361,4,0.25,90,90,comm_g19_r4_bernoulli_drop025_dga_topk025,C:\Users\lottj\Desktop\research\decentralized benchmark\topk_filter_study\results\sensitivity_suite\scenarios\clue_g19_n50.csv,96976.2278,03,72,2,70,21903.943,304.22143055555557,431.59595,773.7054,841.8309,22.586920008039332,39,42.2319,1.082869230769231,2.035,0.11510000000000001,21903.8279,22.586920008039332,completed,,,,
32,dcta_parity_v1,custom,5789862b56c579a63f65129a7c7ce0c99a25e7c55fba998a5a9699fc4a7df60b,03f32103aba060045f2661de3c031f6fbcbc73f46000a9666f166ad349c5805d,DGA,bernoulli,drop_0.25,clue_search,19,361,4,0.25,90,90,comm_g19_r4_bernoulli_drop025_dga_topk025,C:\Users\lottj\Desktop\research\decentralized benchmark\topk_filter_study\results\sensitivity_suite\scenarios\clue_g19_n50.csv,46.9977,00,22,22,0,0.49069999999999997,0.022304545454545452,0.0196,0.0242,0.0716,1.0440936471359237,0,0.0,0.0,0.0,0.49069999999999997,0.0,1.0440936471359237,completed,,,,
32,dcta_parity_v1,custom,5789862b56c579a63f65129a7c7ce0c99a25e7c55fba998a5a9699fc4a7df60b,03f32103aba060045f2661de3c031f6fbcbc73f46000a9666f166ad349c5805d,DGA,bernoulli,drop_0.25,clue_search,19,361,4,0.25,90,90,comm_g19_r4_bernoulli_drop025_dga_topk025,C:\Users\lottj\Desktop\research\decentralized benchmark\topk_filter_study\results\sensitivity_suite\scenarios\clue_g19_n50.csv,46.9977,01,22,22,0,0.5662,0.025736363636363637,0.0218,0.0355,0.0891,1.2047398064160586,0,0.0,0.0,0.0,0.5662,0.0,1.2047398064160586,completed,,,,
32,dcta_parity_v1,custom,5789862b56c579a63f65129a7c7ce0c99a25e7c55fba998a5a9699fc4a7df60b,03f32103aba060045f2661de3c031f6fbcbc73f46000a9666f166ad349c5805d,DGA,bernoulli,drop_0.25,clue_search,19,361,4,0.25,90,90,comm_g19_r4_bernoulli_drop025_dga_topk025,C:\Users\lottj\Desktop\research\decentralized benchmark\topk_filter_study\results\sensitivity_suite\scenarios\clue_g19_n50.csv,46.9977,02,22,22,0,0.5602,0.025463636363636365,0.02195,0.0323,0.0759,1.1919732242216108,0,0.0,0.0,0.0,0.5602,0.0,1.1919732242216108,completed,,,,
32,dcta_parity_v1,custom,5789862b56c579a63f65129a7c7ce0c99a25e7c55fba998a5a9699fc4a7df60b,03f32103aba060045f2661de3c031f6fbcbc73f46000a9666f166ad349c5805d,DGA,bernoulli,drop_0.25,clue_search,19,361,4,0.25,90,90,comm_g19_r4_bernoulli_drop025_dga_topk025,C:\Users\lottj\Desktop\research\decentralized benchmark\topk_filter_study\results\sensitivity_suite\scenarios\clue_g19_n50.csv,46.9977,03,20,20,0,1.2570000000000001,0.06285,0.01975,0.0382,0.8607,2.674598969736817,0,0.0,0.0,0.0,1.2570000000000001,0.0,2.674598969736817,completed,,,,
33,dcta_parity_v1,custom,5789862b56c579a63f65129a7c7ce0c99a25e7c55fba998a5a9699fc4a7df60b,03f32103aba060045f2661de3c031f6fbcbc73f46000a9666f166ad349c5805d,DGA,bernoulli,drop_0.25,clue_search,19,361,4,0.25,90,90,comm_g19_r4_bernoulli_drop025_dga_topk025,C:\Users\lottj\Desktop\research\decentralized benchmark\topk_filter_study\results\sensitivity_suite\scenarios\clue_g19_n50.csv,7.1306,00,3,3,0,0.1119,0.0373,0.024,0.0683,0.0683,1.5692929066277732,0,0.0,0.0,0.0,0.1119,0.0,1.5692929066277732,completed,,,,
33,dcta_parity_v1,custom,5789862b56c579a63f65129a7c7ce0c99a25e7c55fba998a5a9699fc4a7df60b,03f32103aba060045f2661de3c031f6fbcbc73f46000a9666f166ad349c5805d,DGA,bernoulli,drop_0.25,clue_search,19,361,4,0.25,90,90,comm_g19_r4_bernoulli_drop025_dga_topk025,C:\Users\lottj\Desktop\research\decentralized benchmark\topk_filter_study\results\sensitivity_suite\scenarios\clue_g19_n50.csv,7.1306,01,2,2,0,0.0907,0.04535,0.04535,0.068,0.068,1.2719827223515552,0,0.0,0.0,0.0,0.0907,0.0,1.2719827223515552,completed,,,,
33,dcta_parity_v1,custom,5789862b56c579a63f65129a7c7ce0c99a25e7c55fba998a5a9699fc4a7df60b,03f32103aba060045f2661de3c031f6fbcbc73f46000a9666f166ad349c5805d,DGA,bernoulli,drop_0.25,clue_search,19,361,4,0.25,90,90,comm_g19_r4_bernoulli_drop025_dga_topk025,C:\Users\lottj\Desktop\research\decentralized benchmark\topk_filter_study\results\sensitivity_suite\scenarios\clue_g19_n50.csv,7.1306,02,3,3,0,0.1971,0.0657,0.0329,0.1421,0.1421,2.7641432698510644,0,0.0,0.0,0.0,0.1971,0.0,2.7641432698510644,completed,,,,
33,dcta_parity_v1,custom,5789862b56c579a63f65129a7c7ce0c99a25e7c55fba998a5a9699fc4a7df60b,03f32103aba060045f2661de3c031f6fbcbc73f46000a9666f166ad349c5805d,DGA,bernoulli,drop_0.25,clue_search,19,361,4,0.25,90,90,comm_g19_r4_bernoulli_drop025_dga_topk025,C:\Users\lottj\Desktop\research\decentralized benchmark\topk_filter_study\results\sensitivity_suite\scenarios\clue_g19_n50.csv,7.1306,03,1,1,0,0.0693,0.0693,0.0693,0.0693,0.0693,0.9718677250161276,0,0.0,0.0,0.0,0.0693,0.0,0.9718677250161276,completed,,,,
34,dcta_parity_v1,custom,5789862b56c579a63f65129a7c7ce0c99a25e7c55fba998a5a9699fc4a7df60b,03f32103aba060045f2661de3c031f6fbcbc73f46000a9666f166ad349c5805d,DGA,bernoulli,drop_0.25,clue_search,19,361,4,0.25,90,90,comm_g19_r4_bernoulli_drop025_dga_topk025,C:\Users\lottj\Desktop\research\decentralized benchmark\topk_filter_study\results\sensitivity_suite\scenarios\clue_g19_n50.csv,68693.0487,00,84,26,58,18293.9426,217.78503095238094,0.5528,583.204,810.2281,26.631432068031067,33,31.241,0.9466969696969697,1.3848,0.5843,18293.3583,26.631432068031067,completed,,,,
34,dcta_parity_v1,custom,5789862b56c579a63f65129a7c7ce0c99a25e7c55fba998a5a9699fc4a7df60b,03f32103aba060045f2661de3c031f6fbcbc73f46000a9666f166ad349c5805d,DGA,bernoulli,drop_0.25,clue_search,19,361,4,0.25,90,90,comm_g19_r4_bernoulli_drop025_dga_topk025,C:\Users\lottj\Desktop\research\decentralized benchmark\topk_filter_study\results\sensitivity_suite\scenarios\clue_g19_n50.csv,68693.0487,01,77,25,52,14198.0296,184.38999480519482,0.5393,731.8537,803.5476,20.668801092242102,24,23.4965,0.9790208333333333,1.5715,0.5877,14197.4419,20.668801092242102,completed,,,,
34,dcta_parity_v1,custom,5789862b56c579a63f65129a7c7ce0c99a25e7c55fba998a5a9699fc4a7df60b,03f32103aba060045f2661de3c031f6fbcbc73f46000a9666f166ad349c5805d,DGA,bernoulli,drop_0.25,clue_search,19,361,4,0.25,90,90,comm_g19_r4_bernoulli_drop025_dga_topk025,C:\Users\lottj\Desktop\research\decentralized benchmark\topk_filter_study\results\sensitivity_suite\scenarios\clue_g19_n50.csv,68693.0487,02,82,26,56,16726.0747,203.97652073170732,0.5441,716.6432,808.8109,24.349006219023735,29,27.4232,0.9456275862068966,1.4329,0.9612999999999999,16725.1134,24.349006219023735,completed,,,,
34,dcta_parity_v1,custom,5789862b56c579a63f65129a7c7ce0c99a25e7c55fba998a5a9699fc4a7df60b,03f32103aba060045f2661de3c031f6fbcbc73f46000a9666f166ad349c5805d,DGA,bernoulli,drop_0.25,clue_search,19,361,4,0.25,90,90,comm_g19_r4_bernoulli_drop025_dga_topk025,C:\Users\lottj\Desktop\research\decentralized benchmark\topk_filter_study\results\sensitivity_suite\scenarios\clue_g19_n50.csv,68693.0487,03,85,24,61,19025.1274,223.82502823529413,0.5494,608.4232,778.4701,27.69585534496739,34,33.9285,0.9978970588235294,1.5354,0.6255,19024.5019,27.69585534496739,completed,,,,
35,dcta_parity_v1,custom,5789862b56c579a63f65129a7c7ce0c99a25e7c55fba998a5a9699fc4a7df60b,03f32103aba060045f2661de3c031f6fbcbc73f46000a9666f166ad349c5805d,DGA,bernoulli,drop_0.25,clue_search,19,361,4,0.25,90,90,comm_g19_r4_bernoulli_drop025_dga_topk025,C:\Users\lottj\Desktop\research\decentralized benchmark\topk_filter_study\results\sensitivity_suite\scenarios\clue_g19_n50.csv,62825.8146,00,47,9,38,12047.8574,256.3373914893617,0.5919,707.4508,722.9978,19.176603561301057,20,23.8139,1.190695,1.4832,0.2318,12047.6256,19.176603561301057,completed,,,,
35,dcta_parity_v1,custom,5789862b56c579a63f65129a7c7ce0c99a25e7c55fba998a5a9699fc4a7df60b,03f32103aba060045f2661de3c031f6fbcbc73f46000a9666f166ad349c5805d,DGA,bernoulli,drop_0.25,clue_search,19,361,4,0.25,90,90,comm_g19_r4_bernoulli_drop025_dga_topk025,C:\Users\lottj\Desktop\research\decentralized benchmark\topk_filter_study\results\sensitivity_suite\scenarios\clue_g19_n50.csv,62825.8146,01,51,9,42,15219.2773,298.4172019607843,447.5594,755.9721,773.3216,24.22456023355724,26,32.812400000000004,1.2620153846153848,1.7096,0.2424,15219.0349,24.22456023355724,completed,,,,
35,dcta_parity_v1,custom,5789862b56c579a63f65129a7c7ce0c99a25e7c55fba998a5a9699fc4a7df60b,03f32103aba060045f2661de3c031f6fbcbc73f46000a9666f166ad349c5805d,DGA,bernoulli,drop_0.25,clue_search,19,361,4,0.25,90,90,comm_g19_r4_bernoulli_drop025_dga_topk025,C:\Users\lottj\Desktop\research\decentralized benchmark\topk_filter_study\results\sensitivity_suite\scenarios\clue_g19_n50.csv,62825.8146,02,66,9,57,19661.3415,297.8991136363636,455.4662,658.4781,768.0695,31.295004490081055,34,39.730199999999996,1.168535294117647,1.8501,0.2642,19661.0773,31.295004490081055,completed,,,,
35,dcta_parity_v1,custom,5789862b56c579a63f65129a7c7ce0c99a25e7c55fba998a5a9699fc4a7df60b,03f32103aba060045f2661de3c031f6fbcbc73f46000a9666f166ad349c5805d,DGA,bernoulli,drop_0.25,clue_search,19,361,4,0.25,90,90,comm_g19_r4_bernoulli_drop025_dga_topk025,C:\Users\lottj\Desktop\research\decentralized benchmark\topk_filter_study\results\sensitivity_suite\scenarios\clue_g19_n50.csv,62825.8146,03,53,7,46,15464.4698,291.7824490566038,454.5042,697.3135,789.8325,24.614833724734545,27,32.3135,1.1967962962962961,1.6179,0.2635,15464.2063,24.614833724734545,completed,,,,
36,dcta_parity_v1,custom,5789862b56c579a63f65129a7c7ce0c99a25e7c55fba998a5a9699fc4a7df60b,03f32103aba060045f2661de3c031f6fbcbc73f46000a9666f166ad349c5805d,DGA,bernoulli,drop_0.25,clue_search,19,361,4,0.25,90,90,comm_g19_r4_bernoulli_drop025_dga_topk025,C:\Users\lottj\Desktop\research\decentralized benchmark\topk_filter_study\results\sensitivity_suite\scenarios\clue_g19_n50.csv,20.2396,00,7,7,0,0.2572,0.03674285714285714,0.0283,0.082,0.082,1.2707761022945117,0,0.0,0.0,0.0,0.2572,0.0,1.2707761022945117,completed,,,,
36,dcta_parity_v1,custom,5789862b56c579a63f65129a7c7ce0c99a25e7c55fba998a5a9699fc4a7df60b,03f32103aba060045f2661de3c031f6fbcbc73f46000a9666f166ad349c5805d,DGA,bernoulli,drop_0.25,clue_search,19,361,4,0.25,90,90,comm_g19_r4_bernoulli_drop025_dga_topk025,C:\Users\lottj\Desktop\research\decentralized benchmark\topk_filter_study\results\sensitivity_suite\scenarios\clue_g19_n50.csv,20.2396,01,6,6,0,0.2726,0.04543333333333333,0.037500000000000006,0.0888,0.0888,1.3468645625407618,0,0.0,0.0,0.0,0.2726,0.0,1.3468645625407618,completed,,,,
36,dcta_parity_v1,custom,5789862b56c579a63f65129a7c7ce0c99a25e7c55fba998a5a9699fc4a7df60b,03f32103aba060045f2661de3c031f6fbcbc73f46000a9666f166ad349c5805d,DGA,bernoulli,drop_0.25,clue_search,19,361,4,0.25,90,90,comm_g19_r4_bernoulli_drop025_dga_topk025,C:\Users\lottj\Desktop\research\decentralized benchmark\topk_filter_study\results\sensitivity_suite\scenarios\clue_g19_n50.csv,20.2396,02,7,7,0,0.2816,0.04022857142857143,0.0351,0.0852,0.0852,1.3913318445028557,0,0.0,0.0,0.0,0.2816,0.0,1.3913318445028557,completed,,,,
36,dcta_parity_v1,custom,5789862b56c579a63f65129a7c7ce0c99a25e7c55fba998a5a9699fc4a7df60b,03f32103aba060045f2661de3c031f6fbcbc73f46000a9666f166ad349c5805d,DGA,bernoulli,drop_0.25,clue_search,19,361,4,0.25,90,90,comm_g19_r4_bernoulli_drop025_dga_topk025,C:\Users\lottj\Desktop\research\decentralized benchmark\topk_filter_study\results\sensitivity_suite\scenarios\clue_g19_n50.csv,20.2396,03,5,5,0,0.2512,0.05023999999999999,0.0264,0.146,0.146,1.2411312476531156,0,0.0,0.0,0.0,0.2512,0.0,1.2411312476531156,completed,,,,
37,dcta_parity_v1,custom,5789862b56c579a63f65129a7c7ce0c99a25e7c55fba998a5a9699fc4a7df60b,03f32103aba060045f2661de3c031f6fbcbc73f46000a9666f166ad349c5805d,DGA,bernoulli,drop_0.25,clue_search,19,361,4,0.25,90,90,comm_g19_r4_bernoulli_drop025_dga_topk025,C:\Users\lottj\Desktop\research\decentralized benchmark\topk_filter_study\results\sensitivity_suite\scenarios\clue_g19_n50.csv,125881.3301,00,110,1,109,29396.0453,267.23677545454547,0.616,689.8331,814.4465,23.35218834806386,54,59.2545,1.0973055555555555,1.7413,0.0642,29395.9811,23.35218834806386,completed,,,,
37,dcta_parity_v1,custom,5789862b56c579a63f65129a7c7ce0c99a25e7c55fba998a5a9699fc4a7df60b,03f32103aba060045f2661de3c031f6fbcbc73f46000a9666f166ad349c5805d,DGA,bernoulli,drop_0.25,clue_search,19,361,4,0.25,90,90,comm_g19_r4_bernoulli_drop025_dga_topk025,C:\Users\lottj\Desktop\research\decentralized benchmark\topk_filter_study\results\sensitivity_suite\scenarios\clue_g19_n50.csv,125881.3301,01,95,1,94,29673.343,312.35097894736845,462.1047,720.4307,813.1955,23.572473357588077,54,55.7874,1.0331,1.7609,0.1259,29673.2171,23.572473357588077,completed,,,,
37,dcta_parity_v1,custom,5789862b56c579a63f65129a7c7ce0c99a25e7c55fba998a5a9699fc4a7df60b,03f32103aba060045f2661de3c031f6fbcbc73f46000a9666f166ad349c5805d,DGA,bernoulli,drop_0.25,clue_search,19,361,4,0.25,90,90,comm_g19_r4_bernoulli_drop025_dga_topk025,C:\Users\lottj\Desktop\research\decentralized benchmark\topk_filter_study\results\sensitivity_suite\scenarios\clue_g19_n50.csv,125881.3301,02,114,1,113,36106.9978,316.72805087719297,467.95095000000003,587.6485,840.8835,28.683362156498216,68,73.0425,1.074154411764706,1.8978,0.0669,36106.9309,28.683362156498216,completed,,,,
37,dcta_parity_v1,custom,5789862b56c579a63f65129a7c7ce0c99a25e7c55fba998a5a9699fc4a7df60b,03f32103aba060045f2661de3c031f6fbcbc73f46000a9666f166ad349c5805d,DGA,bernoulli,drop_0.25,clue_search,19,361,4,0.25,90,90,comm_g19_r4_bernoulli_drop025_dga_topk025,C:\Users\lottj\Desktop\research\decentralized benchmark\topk_filter_study\results\sensitivity_suite\scenarios\clue_g19_n50.csv,125881.3301,03,103,1,102,30050.6515,291.75389805825245,426.7205,611.8405,765.0626,23.872206844436572,56,58.4565,1.0438660714285715,1.6537,0.075,30050.5765,23.872206844436572,completed,,,,
38,dcta_parity_v1,custom,5789862b56c579a63f65129a7c7ce0c99a25e7c55fba998a5a9699fc4a7df60b,03f32103aba060045f2661de3c031f6fbcbc73f46000a9666f166ad349c5805d,DGA,bernoulli,drop_0.25,clue_search,19,361,4,0.25,90,90,comm_g19_r4_bernoulli_drop025_dga_topk025,C:\Users\lottj\Desktop\research\decentralized benchmark\topk_filter_study\results\sensitivity_suite\scenarios\clue_g19_n50.csv,17518.5062,00,62,42,20,6336.2123,102.19697258064517,0.02375,533.1206,793.7683,36.16867915370547,11,11.4179,1.037990909090909,1.2723,1.0607,6335.1516,36.16867915370547,completed,,,,
38,dcta_parity_v1,custom,5789862b56c579a63f65129a7c7ce0c99a25e7c55fba998a5a9699fc4a7df60b,03f32103aba060045f2661de3c031f6fbcbc73f46000a9666f166ad349c5805d,DGA,bernoulli,drop_0.25,clue_search,19,361,4,0.25,90,90,comm_g19_r4_bernoulli_drop025_dga_topk025,C:\Users\lottj\Desktop\research\decentralized benchmark\topk_filter_study\results\sensitivity_suite\scenarios\clue_g19_n50.csv,17518.5062,01,51,42,9,3473.8723,68.1151431372549,0.0259,707.1006,846.0927,19.829728975407733,5,4.9672,0.99344,1.302,1.1376,3472.7347,19.829728975407733,completed,,,,
38,dcta_parity_v1,custom,5789862b56c579a63f65129a7c7ce0c99a25e7c55fba998a5a9699fc4a7df60b,03f32103aba060045f2661de3c031f6fbcbc73f46000a9666f166ad349c5805d,DGA,bernoulli,drop_0.25,clue_search,19,361,4,0.25,90,90,comm_g19_r4_bernoulli_drop025_dga_topk025,C:\Users\lottj\Desktop\research\decentralized benchmark\topk_filter_study\results\sensitivity_suite\scenarios\clue_g19_n50.csv,17518.5062,02,47,43,4,2914.7891,62.01678936170212,0.0259,732.0748,746.3487,16.638342714403354,4,4.3856,1.0964,1.1552,1.162,2913.6270999999997,16.638342714403354,completed,,,,
38,dcta_parity_v1,custom,5789862b56c579a63f65129a7c7ce0c99a25e7c55fba998a5a9699fc4a7df60b,03f32103aba060045f2661de3c031f6fbcbc73f46000a9666f166ad349c5805d,DGA,bernoulli,drop_0.25,clue_search,19,361,4,0.25,90,90,comm_g19_r4_bernoulli_drop025_dga_topk025,C:\Users\lottj\Desktop\research\decentralized benchmark\topk_filter_study\results\sensitivity_suite\scenarios\clue_g19_n50.csv,17518.5062,03,53,40,13,4554.8295,85.94017924528302,0.0241,550.8493,769.5787,26.000102109162707,8,7.9607,0.9950875,1.1938,0.9827,4553.8468,26.000102109162707,completed,,,,
40,dcta_parity_v1,custom,5789862b56c579a63f65129a7c7ce0c99a25e7c55fba998a5a9699fc4a7df60b,03f32103aba060045f2661de3c031f6fbcbc73f46000a9666f166ad349c5805d,DGA,bernoulli,drop_0.25,clue_search,19,361,4,0.25,90,90,comm_g19_r4_bernoulli_drop025_dga_topk025,C:\Users\lottj\Desktop\research\decentralized benchmark\topk_filter_study\results\sensitivity_suite\scenarios\clue_g19_n50.csv,30330.9617,00,45,2,43,3206.4016,71.25336888888889,0.0242,652.6926,706.1867,10.571381256269234,5,5.1855,1.0371000000000001,1.3024,0.0962,3206.3053999999997,10.571381256269234,completed,,,,
40,dcta_parity_v1,custom,5789862b56c579a63f65129a7c7ce0c99a25e7c55fba998a5a9699fc4a7df60b,03f32103aba060045f2661de3c031f6fbcbc73f46000a9666f166ad349c5805d,DGA,bernoulli,drop_0.25,clue_search,19,361,4,0.25,90,90,comm_g19_r4_bernoulli_drop025_dga_topk025,C:\Users\lottj\Desktop\research\decentralized benchmark\topk_filter_study\results\sensitivity_suite\scenarios\clue_g19_n50.csv,30330.9617,01,29,2,27,9266.39,319.5306896551724,498.919,707.0113,745.2522,30.55092710759646,15,17.4561,1.16374,1.698,0.0866,9266.3034,30.55092710759646,completed,,,,
40,dcta_parity_v1,custom,5789862b56c579a63f65129a7c7ce0c99a25e7c55fba998a5a9699fc4a7df60b,03f32103aba060045f2661de3c031f6fbcbc73f46000a9666f166ad349c5805d,DGA,bernoulli,drop_0.25,clue_search,19,361,4,0.25,90,90,comm_g19_r4_bernoulli_drop025_dga_topk025,C:\Users\lottj\Desktop\research\decentralized benchmark\topk_filter_study\results\sensitivity_suite\scenarios\clue_g19_n50.csv,30330.9617,02,25,2,23,9331.4704,373.258816,508.3585,711.4654,734.1566,30.765494652944025,16,18.5103,1.15689375,1.6453,0.1576,9331.3128,30.765494652944025,completed,,,,
40,dcta_parity_v1,custom,5789862b56c579a63f65129a7c7ce0c99a25e7c55fba998a5a9699fc4a7df60b,03f32103aba060045f2661de3c031f6fbcbc73f46000a9666f166ad349c5805d,DGA,bernoulli,drop_0.25,clue_search,19,361,4,0.25,90,90,comm_g19_r4_bernoulli_drop025_dga_topk025,C:\Users\lottj\Desktop\research\decentralized benchmark\topk_filter_study\results\sensitivity_suite\scenarios\clue_g19_n50.csv,30330.9617,03,20,1,19,8218.249600000001,410.9124800000001,614.0286,717.4244,737.1681,27.095249010848214,13,16.3765,1.2597307692307693,1.7199,0.067,8218.1826,27.095249010848214,completed,,,,
41,dcta_parity_v1,custom,5789862b56c579a63f65129a7c7ce0c99a25e7c55fba998a5a9699fc4a7df60b,03f32103aba060045f2661de3c031f6fbcbc73f46000a9666f166ad349c5805d,DGA,bernoulli,drop_0.25,clue_search,19,361,4,0.25,90,90,comm_g19_r4_bernoulli_drop025_dga_topk025,C:\Users\lottj\Desktop\research\decentralized benchmark\topk_filter_study\results\sensitivity_suite\scenarios\clue_g19_n50.csv,75430.8272,00,84,7,77,21298.8766,253.55805476190477,0.57735,609.3394,704.0086,28.23630257099978,40,45.2158,1.130395,1.4964,0.1811,21298.6955,28.23630257099978,completed,,,,
41,dcta_parity_v1,custom,5789862b56c579a63f65129a7c7ce0c99a25e7c55fba998a5a9699fc4a7df60b,03f32103aba060045f2661de3c031f6fbcbc73f46000a9666f166ad349c5805d,DGA,bernoulli,drop_0.25,clue_search,19,361,4,0.25,90,90,comm_g19_r4_bernoulli_drop025_dga_topk025,C:\Users\lottj\Desktop\research\decentralized benchmark\topk_filter_study\results\sensitivity_suite\scenarios\clue_g19_n50.csv,75430.8272,01,51,7,44,12466.997,244.45092156862745,0.5588,676.0555,700.5586,16.527721440657885,23,24.8839,1.081908695652174,1.4862,0.2485,12466.7485,16.527721440657885,completed,,,,
41,dcta_parity_v1,custom,5789862b56c579a63f65129a7c7ce0c99a25e7c55fba998a5a9699fc4a7df60b,03f32103aba060045f2661de3c031f6fbcbc73f46000a9666f166ad349c5805d,DGA,bernoulli,drop_0.25,clue_search,19,361,4,0.25,90,90,comm_g19_r4_bernoulli_drop025_dga_topk025,C:\Users\lottj\Desktop\research\decentralized benchmark\topk_filter_study\results\sensitivity_suite\scenarios\clue_g19_n50.csv,75430.8272,02,63,7,56,17973.9013,285.30002063492066,465.6158,558.4795,644.0384,23.82832320311609,35,36.8855,1.0538714285714286,1.5087,0.1975,17973.7038,23.82832320311609,completed,,,,
41,dcta_parity_v1,custom,5789862b56c579a63f65129a7c7ce0c99a25e7c55fba998a5a9699fc4a7df60b,03f32103aba060045f2661de3c031f6fbcbc73f46000a9666f166ad349c5805d,DGA,bernoulli,drop_0.25,clue_search,19,361,4,0.25,90,90,comm_g19_r4_bernoulli_drop025_dga_topk025,C:\Users\lottj\Desktop\research\decentralized benchmark\topk_filter_study\results\sensitivity_suite\scenarios\clue_g19_n50.csv,75430.8272,03,68,4,64,23221.5052,341.49272352941176,490.17595,679.1963,691.1151,30.785165776360465,44,47.405,1.0773863636363636,1.6196,0.1393,23221.3659,30.785165776360465,completed,,,,
42,dcta_parity_v1,custom,5789862b56c579a63f65129a7c7ce0c99a25e7c55fba998a5a9699fc4a7df60b,03f32103aba060045f2661de3c031f6fbcbc73f46000a9666f166ad349c5805d,DGA,bernoulli,drop_0.25,clue_search,19,361,4,0.25,90,90,comm_g19_r4_bernoulli_drop025_dga_topk025,C:\Users\lottj\Desktop\research\decentralized benchmark\topk_filter_study\results\sensitivity_suite\scenarios\clue_g19_n50.csv,21532.894,00,28,9,19,6072.9535,216.89119642857142,0.53095,635.6524,657.6265,28.20314584746481,11,14.5588,1.3235272727272727,1.5114,0.2392,6072.7143,28.20314584746481,completed,,,,
42,dcta_parity_v1,custom,5789862b56c579a63f65129a7c7ce0c99a25e7c55fba998a5a9699fc4a7df60b,03f32103aba060045f2661de3c031f6fbcbc73f46000a9666f166ad349c5805d,DGA,bernoulli,drop_0.25,clue_search,19,361,4,0.25,90,90,comm_g19_r4_bernoulli_drop025_dga_topk025,C:\Users\lottj\Desktop\research\decentralized benchmark\topk_filter_study\results\sensitivity_suite\scenarios\clue_g19_n50.csv,21532.894,01,20,8,12,3905.0335,195.251675,0.36425,692.9587,776.1227,18.13520049836311,6,7.8826,1.3137666666666667,1.6209,0.241,3904.7925,18.13520049836311,completed,,,,
42,dcta_parity_v1,custom,5789862b56c579a63f65129a7c7ce0c99a25e7c55fba998a5a9699fc4a7df60b,03f32103aba060045f2661de3c031f6fbcbc73f46000a9666f166ad349c5805d,DGA,bernoulli,drop_0.25,clue_search,19,361,4,0.25,90,90,comm_g19_r4_bernoulli_drop025_dga_topk025,C:\Users\lottj\Desktop\research\decentralized benchmark\topk_filter_study\results\sensitivity_suite\scenarios\clue_g19_n50.csv,21532.894,02,29,9,20,6547.0912,225.76176551724137,0.4941,684.4359,695.0507,30.405068635920465,11,14.544,1.3221818181818181,1.6051,0.2843,6546.8069,30.405068635920465,completed,,,,
42,dcta_parity_v1,custom,5789862b56c579a63f65129a7c7ce0c99a25e7c55fba998a5a9699fc4a7df60b,03f32103aba060045f2661de3c031f6fbcbc73f46000a9666f166ad349c5805d,DGA,bernoulli,drop_0.25,clue_search,19,361,4,0.25,90,90,comm_g19_r4_bernoulli_drop025_dga_topk025,C:\Users\lottj\Desktop\research\decentralized benchmark\topk_filter_study\results\sensitivity_suite\scenarios\clue_g19_n50.csv,21532.894,03,20,6,14,4776.4975,238.82487500000002,0.5257000000000001,689.8081,697.35,22.18232950944727,8,9.9514,1.243925,1.584,0.2369,4776.2606000000005,22.18232950944727,completed,,,,
43,dcta_parity_v1,custom,5789862b56c579a63f65129a7c7ce0c99a25e7c55fba998a5a9699fc4a7df60b,03f32103aba060045f2661de3c031f6fbcbc73f46000a9666f166ad349c5805d,DGA,bernoulli,drop_0.25,clue_search,19,361,4,0.25,90,90,comm_g19_r4_bernoulli_drop025_dga_topk025,C:\Users\lottj\Desktop\research\decentralized benchmark\topk_filter_study\results\sensitivity_suite\scenarios\clue_g19_n50.csv,9287.6533,00,13,7,6,2854.841,219.60315384615384,0.0709,736.1351,736.1351,30.738022919094103,4,6.0225,1.505625,1.6131,0.21380000000000002,2854.6272,30.738022919094103,completed,,,,
43,dcta_parity_v1,custom,5789862b56c579a63f65129a7c7ce0c99a25e7c55fba998a5a9699fc4a7df60b,03f32103aba060045f2661de3c031f6fbcbc73f46000a9666f166ad349c5805d,DGA,bernoulli,drop_0.25,clue_search,19,361,4,0.25,90,90,comm_g19_r4_bernoulli_drop025_dga_topk025,C:\Users\lottj\Desktop\research\decentralized benchmark\topk_filter_study\results\sensitivity_suite\scenarios\clue_g19_n50.csv,9287.6533,01,12,7,5,2912.4416,242.70346666666669,0.05,763.5325,763.5325,31.35820756789016,4,6.2323,1.558075,1.5834,0.2177,2912.2239,31.35820756789016,completed,,,,
43,dcta_parity_v1,custom,5789862b56c579a63f65129a7c7ce0c99a25e7c55fba998a5a9699fc4a7df60b,03f32103aba060045f2661de3c031f6fbcbc73f46000a9666f166ad349c5805d,DGA,bernoulli,drop_0.25,clue_search,19,361,4,0.25,90,90,comm_g19_r4_bernoulli_drop025_dga_topk025,C:\Users\lottj\Desktop\research\decentralized benchmark\topk_filter_study\results\sensitivity_suite\scenarios\clue_g19_n50.csv,9287.6533,02,9,7,2,1429.4523000000002,158.82803333333334,0.0267,721.9968,721.9968,15.390887814470853,2,3.048,1.524,1.5652,0.2138,1429.2385,15.390887814470853,completed,,,,
43,dcta_parity_v1,custom,5789862b56c579a63f65129a7c7ce0c99a25e7c55fba998a5a9699fc4a7df60b,03f32103aba060045f2661de3c031f6fbcbc73f46000a9666f166ad349c5805d,DGA,bernoulli,drop_0.25,clue_search,19,361,4,0.25,90,90,comm_g19_r4_bernoulli_drop025_dga_topk025,C:\Users\lottj\Desktop\research\decentralized benchmark\topk_filter_study\results\sensitivity_suite\scenarios\clue_g19_n50.csv,9287.6533,03,8,5,3,2018.7507,252.3438375,0.0751,729.7145,729.7145,21.73585333983128,3,4.813000000000001,1.6043333333333336,1.6444,0.2144,2018.5363,21.73585333983128,completed,,,,
44,dcta_parity_v1,custom,5789862b56c579a63f65129a7c7ce0c99a25e7c55fba998a5a9699fc4a7df60b,03f32103aba060045f2661de3c031f6fbcbc73f46000a9666f166ad349c5805d,DGA,bernoulli,drop_0.25,clue_search,19,361,4,0.25,90,90,comm_g19_r4_bernoulli_drop025_dga_topk025,C:\Users\lottj\Desktop\research\decentralized benchmark\topk_filter_study\results\sensitivity_suite\scenarios\clue_g19_n50.csv,41837.7834,00,39,3,36,12173.7215,312.1467051282051,497.9745,606.8016,725.4648,29.097434210627895,23,28.3205,1.2313260869565217,1.5685,0.16920000000000002,12173.5523,29.097434210627895,completed,,,,
44,dcta_parity_v1,custom,5789862b56c579a63f65129a7c7ce0c99a25e7c55fba998a5a9699fc4a7df60b,03f32103aba060045f2661de3c031f6fbcbc73f46000a9666f166ad349c5805d,DGA,bernoulli,drop_0.25,clue_search,19,361,4,0.25,90,90,comm_g19_r4_bernoulli_drop025_dga_topk025,C:\Users\lottj\Desktop\research\decentralized benchmark\topk_filter_study\results\sensitivity_suite\scenarios\clue_g19_n50.csv,41837.7834,01,38,2,36,10166.9699,267.5518394736842,0.5696000000000001,709.9357,714.6392,24.30092866726778,18,23.025199999999998,1.2791777777777777,1.7219,0.0863,10166.8836,24.30092866726778,completed,,,,
44,dcta_parity_v1,custom,5789862b56c579a63f65129a7c7ce0c99a25e7c55fba998a5a9699fc4a7df60b,03f32103aba060045f2661de3c031f6fbcbc73f46000a9666f166ad349c5805d,DGA,bernoulli,drop_0.25,clue_search,19,361,4,0.25,90,90,comm_g19_r4_bernoulli_drop025_dga_topk025,C:\Users\lottj\Desktop\research\decentralized benchmark\topk_filter_study\results\sensitivity_suite\scenarios\clue_g19_n50.csv,41837.7834,02,35,3,32,9533.3597,272.3817057142857,0.6075,725.2278,729.6604,22.786483712232233,17,21.649,1.2734705882352941,1.5994,0.1174,9533.2423,22.786483712232233,completed,,,,
44,dcta_parity_v1,custom,5789862b56c579a63f65129a7c7ce0c99a25e7c55fba998a5a9699fc4a7df60b,03f32103aba060045f2661de3c031f6fbcbc73f46000a9666f166ad349c5805d,DGA,bernoulli,drop_0.25,clue_search,19,361,4,0.25,90,90,comm_g19_r4_bernoulli_drop025_dga_topk025,C:\Users\lottj\Desktop\research\decentralized benchmark\topk_filter_study\results\sensitivity_suite\scenarios\clue_g19_n50.csv,41837.7834,03,35,1,34,9665.6604,276.16172571428575,0.5817,719.3428,731.8102,23.102706727049025,17,21.4109,1.259464705882353,1.5964,0.0778,9665.5826,23.102706727049025,completed,,,,
45,dcta_parity_v1,custom,5789862b56c579a63f65129a7c7ce0c99a25e7c55fba998a5a9699fc4a7df60b,03f32103aba060045f2661de3c031f6fbcbc73f46000a9666f166ad349c5805d,DGA,bernoulli,drop_0.25,clue_search,19,361,4,0.25,90,90,comm_g19_r4_bernoulli_drop025_dga_topk025,C:\Users\lottj\Desktop\research\decentralized benchmark\topk_filter_study\results\sensitivity_suite\scenarios\clue_g19_n50.csv,3817.2542,00,41,40,1,718.1759000000001,17.51648536585366,0.0256,0.0397,717.0878,18.8139396113573,1,1.227,1.227,1.227,1.0881,717.0878,18.8139396113573,completed,,,,
45,dcta_parity_v1,custom,5789862b56c579a63f65129a7c7ce0c99a25e7c55fba998a5a9699fc4a7df60b,03f32103aba060045f2661de3c031f6fbcbc73f46000a9666f166ad349c5805d,DGA,bernoulli,drop_0.25,clue_search,19,361,4,0.25,90,90,comm_g19_r4_bernoulli_drop025_dga_topk025,C:\Users\lottj\Desktop\research\decentralized benchmark\topk_filter_study\results\sensitivity_suite\scenarios\clue_g19_n50.csv,3817.2542,01,41,39,2,1514.6565,36.94284146341464,0.0265,0.1076,779.3997,39.67921497080283,2,2.4534000000000002,1.2267000000000001,1.227,1.131,1513.5255000000002,39.67921497080283,completed,,,,
45,dcta_parity_v1,custom,5789862b56c579a63f65129a7c7ce0c99a25e7c55fba998a5a9699fc4a7df60b,03f32103aba060045f2661de3c031f6fbcbc73f46000a9666f166ad349c5805d,DGA,bernoulli,drop_0.25,clue_search,19,361,4,0.25,90,90,comm_g19_r4_bernoulli_drop025_dga_topk025,C:\Users\lottj\Desktop\research\decentralized benchmark\topk_filter_study\results\sensitivity_suite\scenarios\clue_g19_n50.csv,3817.2542,02,41,40,1,745.5569,18.184314634146343,0.0277,0.0374,744.3753,19.531235305209698,1,1.3767,1.3767,1.3767,1.1816,744.3753,19.531235305209698,completed,,,,
45,dcta_parity_v1,custom,5789862b56c579a63f65129a7c7ce0c99a25e7c55fba998a5a9699fc4a7df60b,03f32103aba060045f2661de3c031f6fbcbc73f46000a9666f166ad349c5805d,DGA,bernoulli,drop_0.25,clue_search,19,361,4,0.25,90,90,comm_g19_r4_bernoulli_drop025_dga_topk025,C:\Users\lottj\Desktop\research\decentralized benchmark\topk_filter_study\results\sensitivity_suite\scenarios\clue_g19_n50.csv,3817.2542,03,39,38,1,727.0021,18.64107948717949,0.0246,0.0869,725.9769,19.045158166307083,1,1.2454,1.2454,1.2454,1.0252000000000001,725.9769,19.045158166307083,completed,,,,
46,dcta_parity_v1,custom,5789862b56c579a63f65129a7c7ce0c99a25e7c55fba998a5a9699fc4a7df60b,03f32103aba060045f2661de3c031f6fbcbc73f46000a9666f166ad349c5805d,DGA,bernoulli,drop_0.25,clue_search,19,361,4,0.25,90,90,comm_g19_r4_bernoulli_drop025_dga_topk025,C:\Users\lottj\Desktop\research\decentralized benchmark\topk_filter_study\results\sensitivity_suite\scenarios\clue_g19_n50.csv,67595.4297,00,63,9,54,15087.6077,239.4858365079365,0.5454,629.5931,719.4576,22.320455342855823,28,30.7172,1.097042857142857,2.0513,0.2229,15087.3848,22.320455342855823,completed,,,,
46,dcta_parity_v1,custom,5789862b56c579a63f65129a7c7ce0c99a25e7c55fba998a5a9699fc4a7df60b,03f32103aba060045f2661de3c031f6fbcbc73f46000a9666f166ad349c5805d,DGA,bernoulli,drop_0.25,clue_search,19,361,4,0.25,90,90,comm_g19_r4_bernoulli_drop025_dga_topk025,C:\Users\lottj\Desktop\research\decentralized benchmark\topk_filter_study\results\sensitivity_suite\scenarios\clue_g19_n50.csv,67595.4297,01,72,9,63,20195.477600000002,280.4927444444445,425.29769999999996,678.6824,750.2356,29.876986786874443,38,40.531,1.0666052631578946,1.6543,0.2956,20195.182,29.876986786874443,completed,,,,
46,dcta_parity_v1,custom,5789862b56c579a63f65129a7c7ce0c99a25e7c55fba998a5a9699fc4a7df60b,03f32103aba060045f2661de3c031f6fbcbc73f46000a9666f166ad349c5805d,DGA,bernoulli,drop_0.25,clue_search,19,361,4,0.25,90,90,comm_g19_r4_bernoulli_drop025_dga_topk025,C:\Users\lottj\Desktop\research\decentralized benchmark\topk_filter_study\results\sensitivity_suite\scenarios\clue_g19_n50.csv,67595.4297,02,70,9,61,20551.5201,293.5931442857143,495.4882,651.0684,747.5339,30.40371248649671,38,41.5328,1.0929684210526316,1.623,0.2529,20551.2672,30.40371248649671,completed,,,,
46,dcta_parity_v1,custom,5789862b56c579a63f65129a7c7ce0c99a25e7c55fba998a5a9699fc4a7df60b,03f32103aba060045f2661de3c031f6fbcbc73f46000a9666f166ad349c5805d,DGA,bernoulli,drop_0.25,clue_search,19,361,4,0.25,90,90,comm_g19_r4_bernoulli_drop025_dga_topk025,C:\Users\lottj\Desktop\research\decentralized benchmark\topk_filter_study\results\sensitivity_suite\scenarios\clue_g19_n50.csv,67595.4297,03,52,7,45,11341.3095,218.10210576923075,0.5464,718.1189,777.7553,16.77821940083029,20,23.2641,1.163205,1.7051,0.1905,11341.119,16.77821940083029,completed,,,,
47,dcta_parity_v1,custom,5789862b56c579a63f65129a7c7ce0c99a25e7c55fba998a5a9699fc4a7df60b,03f32103aba060045f2661de3c031f6fbcbc73f46000a9666f166ad349c5805d,DGA,bernoulli,drop_0.25,clue_search,19,361,4,0.25,90,90,comm_g19_r4_bernoulli_drop025_dga_topk025,C:\Users\lottj\Desktop\research\decentralized benchmark\topk_filter_study\results\sensitivity_suite\scenarios\clue_g19_n50.csv,14936.5865,00,15,5,10,3413.0519999999997,227.53679999999997,0.4447,731.7143,731.7143,22.850281086645865,5,7.1082,1.42164,1.616,0.1379,3412.9141,22.850281086645865,completed,,,,
47,dcta_parity_v1,custom,5789862b56c579a63f65129a7c7ce0c99a25e7c55fba998a5a9699fc4a7df60b,03f32103aba060045f2661de3c031f6fbcbc73f46000a9666f166ad349c5805d,DGA,bernoulli,drop_0.25,clue_search,19,361,4,0.25,90,90,comm_g19_r4_bernoulli_drop025_dga_topk025,C:\Users\lottj\Desktop\research\decentralized benchmark\topk_filter_study\results\sensitivity_suite\scenarios\clue_g19_n50.csv,14936.5865,01,12,4,8,3127.2795,260.606625,0.4147,753.1139,753.1139,20.937042744003126,5,6.7872,1.35744,1.6117,0.1593,3127.1202,20.937042744003126,completed,,,,
47,dcta_parity_v1,custom,5789862b56c579a63f65129a7c7ce0c99a25e7c55fba998a5a9699fc4a7df60b,03f32103aba060045f2661de3c031f6fbcbc73f46000a9666f166ad349c5805d,DGA,bernoulli,drop_0.25,clue_search,19,361,4,0.25,90,90,comm_g19_r4_bernoulli_drop025_dga_topk025,C:\Users\lottj\Desktop\research\decentralized benchmark\topk_filter_study\results\sensitivity_suite\scenarios\clue_g19_n50.csv,14936.5865,02,15,5,10,2623.9545,174.9303,0.4218,780.8032,780.8032,17.56729691887768,4,6.0046,1.50115,1.8114,0.2377,2623.7167999999997,17.56729691887768,completed,,,,
47,dcta_parity_v1,custom,5789862b56c579a63f65129a7c7ce0c99a25e7c55fba998a5a9699fc4a7df60b,03f32103aba060045f2661de3c031f6fbcbc73f46000a9666f166ad349c5805d,DGA,bernoulli,drop_0.25,clue_search,19,361,4,0.25,90,90,comm_g19_r4_bernoulli_drop025_dga_topk025,C:\Users\lottj\Desktop\research\decentralized benchmark\topk_filter_study\results\sensitivity_suite\scenarios\clue_g19_n50.csv,14936.5865,03,17,2,15,5583.8736,328.4631529411765,571.7359,680.9582,680.9582,37.383866789108744,9,12.4264,1.380711111111111,1.458,0.0906,5583.783,37.383866789108744,completed,,,,
48,dcta_parity_v1,custom,5789862b56c579a63f65129a7c7ce0c99a25e7c55fba998a5a9699fc4a7df60b,03f32103aba060045f2661de3c031f6fbcbc73f46000a9666f166ad349c5805d,DGA,bernoulli,drop_0.25,clue_search,19,361,4,0.25,90,90,comm_g19_r4_bernoulli_drop025_dga_topk025,C:\Users\lottj\Desktop\research\decentralized benchmark\topk_filter_study\results\sensitivity_suite\scenarios\clue_g19_n50.csv,23969.4955,00,22,3,19,4861.0855,220.95843181818182,0.51715,708.2513,733.1868,20.28029959996446,8,11.4451,1.4306375,1.5912,0.1097,4860.9758,20.28029959996446,completed,,,,
48,dcta_parity_v1,custom,5789862b56c579a63f65129a7c7ce0c99a25e7c55fba998a5a9699fc4a7df60b,03f32103aba060045f2661de3c031f6fbcbc73f46000a9666f166ad349c5805d,DGA,bernoulli,drop_0.25,clue_search,19,361,4,0.25,90,90,comm_g19_r4_bernoulli_drop025_dga_topk025,C:\Users\lottj\Desktop\research\decentralized benchmark\topk_filter_study\results\sensitivity_suite\scenarios\clue_g19_n50.csv,23969.4955,01,22,2,20,5741.6738,260.9851727272727,0.54415,668.1672,682.8974,23.954086976924483,10,14.0319,1.40319,1.5693,0.08410000000000001,5741.5896999999995,23.954086976924483,completed,,,,
48,dcta_parity_v1,custom,5789862b56c579a63f65129a7c7ce0c99a25e7c55fba998a5a9699fc4a7df60b,03f32103aba060045f2661de3c031f6fbcbc73f46000a9666f166ad349c5805d,DGA,bernoulli,drop_0.25,clue_search,19,361,4,0.25,90,90,comm_g19_r4_bernoulli_drop025_dga_topk025,C:\Users\lottj\Desktop\research\decentralized benchmark\topk_filter_study\results\sensitivity_suite\scenarios\clue_g19_n50.csv,23969.4955,02,14,2,12,6076.9223999999995,434.0658857142857,590.4058,663.8725,663.8725,25.352733852909,10,14.174,1.4174,1.6239,0.09759999999999999,6076.824799999999,25.352733852909,completed,,,,
48,dcta_parity_v1,custom,5789862b56c579a63f65129a7c7ce0c99a25e7c55fba998a5a9699fc4a7df60b,03f32103aba060045f2661de3c031f6fbcbc73f46000a9666f166ad349c5805d,DGA,bernoulli,drop_0.25,clue_search,19,361,4,0.25,90,90,comm_g19_r4_bernoulli_drop025_dga_topk025,C:\Users\lottj\Desktop\research\decentralized benchmark\topk_filter_study\results\sensitivity_suite\scenarios\clue_g19_n50.csv,23969.4955,03,20,1,19,7112.5584,355.62792,508.2727,698.6256,727.6059,29.6733754784284,12,17.5609,1.4634083333333334,1.7118,0.1222,7112.4362,29.6733754784284,completed,,,,
49,dcta_parity_v1,custom,5789862b56c579a63f65129a7c7ce0c99a25e7c55fba998a5a9699fc4a7df60b,03f32103aba060045f2661de3c031f6fbcbc73f46000a9666f166ad349c5805d,DGA,bernoulli,drop_0.25,clue_search,19,361,4,0.25,90,90,comm_g19_r4_bernoulli_drop025_dga_topk025,C:\Users\lottj\Desktop\research\decentralized benchmark\topk_filter_study\results\sensitivity_suite\scenarios\clue_g19_n50.csv,12681.1964,00,34,25,9,3062.9443,90.08659705882353,0.021400000000000002,686.3071,767.8411,24.15343318868557,5,4.9051,0.98102,1.4754,0.5784,3062.3659,24.15343318868557,completed,,,,
49,dcta_parity_v1,custom,5789862b56c579a63f65129a7c7ce0c99a25e7c55fba998a5a9699fc4a7df60b,03f32103aba060045f2661de3c031f6fbcbc73f46000a9666f166ad349c5805d,DGA,bernoulli,drop_0.25,clue_search,19,361,4,0.25,90,90,comm_g19_r4_bernoulli_drop025_dga_topk025,C:\Users\lottj\Desktop\research\decentralized benchmark\topk_filter_study\results\sensitivity_suite\scenarios\clue_g19_n50.csv,12681.1964,01,35,25,10,4004.11,114.40314285714287,0.0244,638.8661,704.3218,31.57517535175151,7,7.6811,1.0973,1.3178,0.6974,4003.4126,31.57517535175151,completed,,,,
49,dcta_parity_v1,custom,5789862b56c579a63f65129a7c7ce0c99a25e7c55fba998a5a9699fc4a7df60b,03f32103aba060045f2661de3c031f6fbcbc73f46000a9666f166ad349c5805d,DGA,bernoulli,drop_0.25,clue_search,19,361,4,0.25,90,90,comm_g19_r4_bernoulli_drop025_dga_topk025,C:\Users\lottj\Desktop\research\decentralized benchmark\topk_filter_study\results\sensitivity_suite\scenarios\clue_g19_n50.csv,12681.1964,02,34,26,8,2663.1171,78.32697352941176,0.024149999999999998,700.832,797.9689,21.000519320085605,4,4.513,1.12825,1.3505,0.6682,2662.4489,21.000519320085605,completed,,,,
49,dcta_parity_v1,custom,5789862b56c579a63f65129a7c7ce0c99a25e7c55fba998a5a9699fc4a7df60b,03f32103aba060045f2661de3c031f6fbcbc73f46000a9666f166ad349c5805d,DGA,bernoulli,drop_0.25,clue_search,19,361,4,0.25,90,90,comm_g19_r4_bernoulli_drop025_dga_topk025,C:\Users\lottj\Desktop\research\decentralized benchmark\topk_filter_study\results\sensitivity_suite\scenarios\clue_g19_n50.csv,12681.1964,03,31,24,7,2713.7996,87.54192258064515,0.0221,725.1262,777.5996,21.40018586889798,4,5.0198,1.25495,1.5054,0.5801,2713.2195,21.40018586889798,completed,,,,
39,dcta_parity_v1,custom,5789862b56c579a63f65129a7c7ce0c99a25e7c55fba998a5a9699fc4a7df60b,03f32103aba060045f2661de3c031f6fbcbc73f46000a9666f166ad349c5805d,DGA,bernoulli,drop_0.25,clue_search,19,361,4,0.25,90,,comm_g19_r4_bernoulli_drop025_dga_topk025,C:\Users\lottj\Desktop\research\decentralized benchmark\topk_filter_study\results\sensitivity_suite\scenarios\clue_g19_n50.csv,,00,,,,,,,,,,,,,,,,,failed,90.25,90.25,RuntimeError,Debug safety cap reached in trial 39. This usually means the allocator is stuck or returning no reachable goals.
39,dcta_parity_v1,custom,5789862b56c579a63f65129a7c7ce0c99a25e7c55fba998a5a9699fc4a7df60b,03f32103aba060045f2661de3c031f6fbcbc73f46000a9666f166ad349c5805d,DGA,bernoulli,drop_0.25,clue_search,19,361,4,0.25,90,,comm_g19_r4_bernoulli_drop025_dga_topk025,C:\Users\lottj\Desktop\research\decentralized benchmark\topk_filter_study\results\sensitivity_suite\scenarios\clue_g19_n50.csv,,01,,,,,,,,,,,,,,,,,failed,90.25,90.25,RuntimeError,Debug safety cap reached in trial 39. This usually means the allocator is stuck or returning no reachable goals.
39,dcta_parity_v1,custom,5789862b56c579a63f65129a7c7ce0c99a25e7c55fba998a5a9699fc4a7df60b,03f32103aba060045f2661de3c031f6fbcbc73f46000a9666f166ad349c5805d,DGA,bernoulli,drop_0.25,clue_search,19,361,4,0.25,90,,comm_g19_r4_bernoulli_drop025_dga_topk025,C:\Users\lottj\Desktop\research\decentralized benchmark\topk_filter_study\results\sensitivity_suite\scenarios\clue_g19_n50.csv,,02,,,,,,,,,,,,,,,,,failed,90.25,90.25,RuntimeError,Debug safety cap reached in trial 39. This usually means the allocator is stuck or returning no reachable goals.
39,dcta_parity_v1,custom,5789862b56c579a63f65129a7c7ce0c99a25e7c55fba998a5a9699fc4a7df60b,03f32103aba060045f2661de3c031f6fbcbc73f46000a9666f166ad349c5805d,DGA,bernoulli,drop_0.25,clue_search,19,361,4,0.25,90,,comm_g19_r4_bernoulli_drop025_dga_topk025,C:\Users\lottj\Desktop\research\decentralized benchmark\topk_filter_study\results\sensitivity_suite\scenarios\clue_g19_n50.csv,,03,,,,,,,,,,,,,,,,,failed,90.25,90.25,RuntimeError,Debug safety cap reached in trial 39. This usually means the allocator is stuck or returning no reachable goals.
